timestamp_utc,close,tick_volume
1659312000,1762.20,106
1659312060,1761.95,72
1659312120,1761.14,126
1659312180,1761.20,92
1659312240,1761.18,162
1659312300,1761.60,140
1659312360,1761.82,74
1659312420,1761.92,96
1659312480,1761.79,84
1659312540,1761.72,62
1659312600,1761.81,98
1659312660,1761.91,38
1659312720,1762.32,48
1659312780,1762.34,98
1659312840,1762.48,104
1659312900,1762.78,72
1659312960,1762.89,78
1659313020,1762.90,120
1659313080,1762.82,60
1659313140,1763.02,54
1659313200,1763.32,100
1659313260,1763.52,78
1659313320,1763.92,106
1659313380,1763.92,112
1659313440,1763.82,86
1659313500,1763.58,68
1659313560,1763.60,64
1659313620,1763.70,48
1659313680,1763.51,56
1659313740,1763.50,74
1659313800,1763.12,84
1659313860,1762.92,118
1659313920,1762.91,80
1659313980,1762.82,70
1659314040,1762.51,70
1659314100,1761.96,98
1659314160,1762.27,66
1659314220,1762.20,130
1659314280,1762.13,114
1659314340,1762.40,90
1659314400,1762.34,120
1659314460,1762.48,100
1659314520,1762.48,70
1659314580,1762.60,78
1659314640,1762.48,74
1659314700,1762.50,88
1659314760,1762.32,80
1659314820,1762.44,52
1659314880,1762.70,156
1659314940,1763.25,98
1659315000,1763.42,112
1659315060,1763.85,92
1659315120,1764.14,113
1659315180,1763.88,90
1659315240,1762.86,112
1659315300,1762.74,104
1659315360,1762.61,63
1659315420,1762.61,110
1659315480,1762.74,51
1659315540,1762.71,75
1659315600,1761.78,254
1659315660,1761.52,224
1659315720,1761.36,140
1659315780,1762.59,152
1659315840,1762.48,148
1659315900,1762.88,158
1659315960,1762.82,208
1659316020,1762.26,144
1659316080,1762.68,132
1659316140,1762.26,178
1659316200,1763.05,204
1659316260,1762.98,174
1659316320,1762.68,132
1659316380,1762.28,278
1659316440,1761.90,166
1659316500,1762.23,279
1659316560,1762.32,228
1659316620,1762.49,174
1659316680,1762.88,192
1659316740,1763.12,173
1659316800,1763.34,165
1659316860,1763.34,208
1659316920,1763.70,146
1659316980,1763.81,106
1659317040,1764.16,170
1659317100,1764.14,102
1659317160,1764.64,178
1659317220,1764.55,147
1659317280,1764.46,130
1659317340,1764.60,130
1659317400,1764.05,144
1659317460,1764.65,120
1659317520,1764.98,204
1659317580,1765.21,180
1659317640,1765.73,186
1659317700,1765.35,210
1659317760,1765.08,172
1659317820,1764.79,149
1659317880,1764.78,134
1659317940,1764.50,140
1659318000,1764.10,110
1659318060,1763.80,151
1659318120,1763.66,143
1659318180,1763.70,106
1659318240,1763.48,78
1659318300,1763.52,80
1659318360,1763.87,106
1659318420,1763.78,156
1659318480,1763.72,142
1659318540,1763.51,110
1659318600,1763.60,122
1659318660,1763.78,111
1659318720,1763.58,128
1659318780,1763.50,140
1659318840,1763.36,136
1659318900,1763.30,118
1659318960,1763.28,138
1659319020,1763.46,100
1659319080,1763.56,90
1659319140,1763.57,110
1659319200,1763.90,130
1659319260,1764.08,68
1659319320,1764.09,92
1659319380,1763.90,75
1659319440,1763.55,74
1659319500,1763.52,82
1659319560,1763.52,90
1659319620,1763.90,114
1659319680,1763.84,82
1659319740,1764.12,72
1659319800,1763.97,112
1659319860,1764.02,70
1659319920,1764.16,70
1659319980,1763.76,72
1659320040,1763.81,70
1659320100,1764.05,70
1659320160,1764.28,58
1659320220,1764.87,84
1659320280,1764.94,68
1659320340,1764.74,70
1659320400,1764.37,72
1659320460,1764.81,42
1659320520,1764.83,36
1659320580,1764.84,32
1659320640,1764.76,48
1659320700,1764.83,107
1659320760,1765.03,75
1659320820,1764.75,74
1659320880,1764.40,74
1659320940,1764.80,44
1659321000,1764.80,122
1659321060,1764.76,132
1659321120,1764.54,84
1659321180,1764.92,122
1659321240,1764.54,93
1659321300,1764.29,94
1659321360,1764.46,112
1659321420,1764.48,88
1659321480,1764.58,74
1659321540,1764.26,108
1659321600,1764.26,86
1659321660,1764.26,62
1659321720,1764.16,58
1659321780,1764.24,84
1659321840,1763.90,96
1659321900,1763.84,178
1659321960,1763.94,122
1659322020,1763.87,100
1659322080,1763.77,96
1659322140,1763.62,94
1659322200,1763.70,100
1659322260,1763.70,130
1659322320,1763.80,110
1659322380,1763.74,76
1659322440,1763.82,60
1659322500,1764.48,82
1659322560,1764.82,116
1659322620,1764.62,174
1659322680,1764.46,196
1659322740,1764.62,138
1659322800,1764.54,122
1659322860,1764.94,154
1659322920,1764.90,98
1659322980,1764.12,110
1659323040,1764.14,98
1659323100,1764.26,98
1659323160,1764.29,64
1659323220,1764.11,68
1659323280,1764.22,46
1659323340,1764.26,24
1659323400,1764.19,36
1659323460,1764.07,55
1659323520,1764.10,50
1659323580,1763.48,150
1659323640,1763.34,113
1659323700,1763.25,171
1659323760,1762.59,160
1659323820,1762.42,218
1659323880,1762.22,128
1659323940,1762.16,166
1659324000,1762.24,140
1659324060,1762.22,136
1659324120,1762.08,102
1659324180,1762.18,62
1659324240,1762.58,86
1659324300,1761.99,82
1659324360,1762.20,88
1659324420,1761.96,88
1659324480,1762.12,58
1659324540,1762.10,92
1659324600,1762.00,84
1659324660,1761.86,52
1659324720,1762.26,62
1659324780,1762.14,92
1659324840,1762.02,61
1659324900,1762.14,81
1659324960,1761.96,90
1659325020,1761.83,74
1659325080,1761.76,50
1659325140,1761.65,44
1659325200,1761.78,98
1659325260,1761.72,42
1659325320,1761.96,62
1659325380,1761.96,42
1659325440,1762.04,50
1659325500,1761.82,66
1659325560,1761.74,60
1659325620,1761.83,40
1659325680,1761.62,40
1659325740,1761.58,58
1659325800,1761.54,74
1659325860,1761.96,82
1659325920,1761.94,38
1659325980,1761.84,26
1659326040,1761.90,48
1659326100,1761.90,44
1659326160,1761.81,36
1659326220,1761.91,66
1659326280,1761.83,32
1659326340,1762.14,38
1659326400,1761.88,68
1659326460,1761.71,73
1659326520,1761.70,12
1659326580,1761.56,62
1659326640,1761.77,68
1659326700,1761.58,100
1659326760,1761.42,52
1659326820,1761.62,68
1659326880,1761.48,68
1659326940,1761.66,54
1659327000,1761.68,26
1659327060,1761.66,32
1659327120,1761.60,22
1659327180,1761.38,57
1659327240,1761.34,58
1659327300,1761.56,38
1659327360,1761.47,56
1659327420,1761.52,36
1659327480,1761.76,60
1659327540,1762.23,110
1659327600,1762.00,76
1659327660,1762.24,82
1659327720,1762.39,86
1659327780,1762.33,62
1659327840,1762.21,32
1659327900,1762.17,58
1659327960,1761.78,74
1659328020,1761.77,78
1659328080,1761.65,66
1659328140,1761.52,50
1659328200,1761.78,64
1659328260,1762.01,52
1659328320,1762.18,102
1659328380,1762.15,29
1659328440,1762.24,34
1659328500,1762.08,64
1659328560,1761.94,36
1659328620,1761.70,48
1659328680,1761.32,62
1659328740,1761.52,54
1659328800,1761.32,32
1659328860,1761.29,52
1659328920,1761.28,44
1659328980,1760.12,128
1659329040,1760.02,78
1659329100,1760.29,136
1659329160,1760.34,58
1659329220,1760.20,42
1659329280,1760.04,38
1659329340,1759.94,84
1659329400,1760.03,56
1659329460,1760.18,73
1659329520,1760.04,38
1659329580,1759.99,44
1659329640,1760.18,100
1659329700,1759.87,54
1659329760,1759.98,34
1659329820,1760.08,34
1659329880,1760.16,36
1659329940,1760.36,46
1659330000,1760.32,45
1659330060,1760.26,78
1659330120,1760.06,58
1659330180,1760.12,66
1659330240,1760.02,70
1659330300,1760.14,54
1659330360,1760.32,48
1659330420,1760.16,38
1659330480,1759.89,42
1659330540,1759.88,76
1659330600,1759.92,68
1659330660,1759.80,34
1659330720,1759.96,72
1659330780,1759.88,34
1659330840,1760.10,50
1659330900,1760.32,110
1659330960,1760.32,80
1659331020,1760.56,82
1659331080,1760.73,82
1659331140,1760.70,72
1659331200,1760.78,26
1659331260,1760.60,60
1659331320,1760.60,44
1659331380,1760.78,42
1659331440,1760.82,74
1659331500,1760.97,66
1659331560,1760.82,54
1659331620,1760.87,54
1659331680,1760.92,48
1659331740,1760.82,46
1659331800,1760.32,178
1659331860,1760.84,128
1659331920,1760.51,88
1659331980,1760.48,108
1659332040,1760.51,125
1659332100,1760.80,90
1659332160,1760.64,66
1659332220,1760.60,46
1659332280,1760.85,80
1659332340,1760.94,52
1659332400,1760.96,68
1659332460,1760.92,50
1659332520,1760.50,106
1659332580,1760.48,107
1659332640,1760.54,48
1659332700,1760.55,70
1659332760,1760.12,114
1659332820,1760.04,101
1659332880,1760.02,94
1659332940,1760.08,70
1659333000,1759.14,126
1659333060,1758.76,188
1659333120,1759.26,139
1659333180,1758.75,108
1659333240,1758.92,126
1659333300,1758.70,80
1659333360,1759.06,104
1659333420,1758.80,114
1659333480,1758.96,131
1659333540,1759.08,96
1659333600,1759.52,184
1659333660,1759.39,144
1659333720,1759.82,156
1659333780,1759.78,134
1659333840,1760.06,116
1659333900,1759.92,122
1659333960,1759.96,114
1659334020,1760.52,140
1659334080,1760.65,110
1659334140,1760.67,139
1659334200,1760.74,94
1659334260,1761.08,106
1659334320,1760.36,110
1659334380,1760.91,80
1659334440,1761.12,104
1659334500,1761.32,100
1659334560,1761.38,102
1659334620,1761.73,124
1659334680,1762.14,115
1659334740,1762.10,164
1659334800,1762.50,165
1659334860,1762.72,170
1659334920,1762.24,102
1659334980,1762.52,100
1659335040,1762.14,158
1659335100,1762.34,132
1659335160,1762.28,92
1659335220,1762.10,76
1659335280,1762.18,140
1659335340,1762.70,162
1659335400,1761.92,147
1659335460,1761.80,164
1659335520,1761.96,118
1659335580,1762.26,94
1659335640,1762.68,178
1659335700,1762.68,132
1659335760,1762.24,124
1659335820,1762.11,100
1659335880,1762.26,86
1659335940,1762.89,100
1659336000,1762.54,92
1659336060,1762.48,92
1659336120,1762.60,119
1659336180,1762.87,133
1659336240,1764.04,179
1659336300,1764.56,188
1659336360,1764.14,162
1659336420,1764.29,195
1659336480,1764.40,154
1659336540,1764.34,112
1659336600,1763.62,125
1659336660,1763.68,151
1659336720,1763.56,139
1659336780,1763.24,142
1659336840,1763.74,110
1659336900,1763.78,106
1659336960,1763.52,135
1659337020,1763.22,119
1659337080,1763.36,146
1659337140,1763.18,170
1659337200,1763.26,197
1659337260,1763.80,173
1659337320,1763.94,200
1659337380,1764.52,154
1659337440,1764.55,154
1659337500,1763.96,187
1659337560,1764.10,150
1659337620,1764.39,132
1659337680,1764.73,143
1659337740,1765.56,175
1659337800,1765.34,178
1659337860,1765.93,192
1659337920,1765.76,149
1659337980,1766.28,165
1659338040,1766.42,180
1659338100,1766.76,240
1659338160,1766.87,188
1659338220,1767.41,216
1659338280,1767.09,166
1659338340,1766.49,171
1659338400,1766.30,139
1659338460,1765.95,140
1659338520,1765.80,143
1659338580,1765.40,188
1659338640,1765.50,102
1659338700,1766.24,147
1659338760,1766.40,122
1659338820,1766.70,137
1659338880,1766.36,143
1659338940,1766.28,140
1659339000,1766.44,166
1659339060,1766.01,133
1659339120,1765.05,187
1659339180,1765.04,188
1659339240,1764.89,120
1659339300,1764.46,118
1659339360,1764.65,141
1659339420,1764.22,120
1659339480,1764.47,164
1659339540,1764.92,165
1659339600,1765.08,120
1659339660,1765.19,138
1659339720,1764.74,142
1659339780,1764.41,146
1659339840,1765.09,131
1659339900,1764.49,164
1659339960,1764.12,112
1659340020,1764.11,105
1659340080,1764.17,123
1659340140,1764.38,168
1659340200,1764.68,145
1659340260,1764.62,136
1659340320,1764.04,218
1659340380,1763.48,123
1659340440,1763.64,143
1659340500,1763.82,145
1659340560,1763.94,117
1659340620,1764.28,130
1659340680,1764.76,116
1659340740,1764.44,137
1659340800,1763.96,180
1659340860,1762.68,200
1659340920,1762.90,203
1659340980,1762.85,184
1659341040,1763.12,136
1659341100,1763.30,161
1659341160,1763.12,170
1659341220,1763.06,178
1659341280,1763.69,150
1659341340,1763.85,129
1659341400,1763.76,136
1659341460,1764.25,120
1659341520,1764.38,123
1659341580,1764.38,155
1659341640,1764.98,150
1659341700,1765.31,170
1659341760,1765.07,138
1659341820,1764.67,96
1659341880,1764.98,140
1659341940,1764.93,176
1659342000,1765.04,118
1659342060,1764.80,157
1659342120,1764.94,113
1659342180,1764.62,81
1659342240,1763.86,152
1659342300,1763.96,117
1659342360,1764.15,93
1659342420,1764.35,91
1659342480,1764.98,115
1659342540,1765.17,115
1659342600,1765.94,149
1659342660,1766.40,115
1659342720,1766.64,126
1659342780,1766.92,190
1659342840,1766.24,173
1659342900,1766.48,158
1659342960,1766.52,162
1659343020,1766.49,184
1659343080,1766.48,176
1659343140,1766.06,180
1659343200,1766.72,147
1659343260,1766.94,216
1659343320,1766.56,141
1659343380,1766.42,106
1659343440,1766.31,99
1659343500,1766.01,130
1659343560,1765.78,126
1659343620,1765.38,123
1659343680,1766.28,146
1659343740,1766.46,143
1659343800,1765.71,150
1659343860,1766.26,154
1659343920,1766.22,120
1659343980,1766.36,122
1659344040,1766.07,119
1659344100,1765.85,138
1659344160,1765.76,103
1659344220,1765.02,157
1659344280,1765.48,136
1659344340,1765.49,128
1659344400,1765.36,117
1659344460,1765.70,166
1659344520,1766.42,169
1659344580,1766.66,123
1659344640,1766.58,127
1659344700,1766.53,139
1659344760,1765.86,143
1659344820,1766.49,119
1659344880,1766.81,143
1659344940,1766.72,152
1659345000,1766.02,131
1659345060,1765.96,157
1659345120,1765.26,133
1659345180,1765.17,146
1659345240,1765.01,167
1659345300,1765.00,145
1659345360,1765.22,133
1659345420,1765.44,149
1659345480,1765.70,117
1659345540,1766.10,116
1659345600,1765.88,152
1659345660,1765.87,128
1659345720,1765.87,147
1659345780,1765.92,105
1659345840,1765.97,90
1659345900,1766.14,96
1659345960,1765.83,103
1659346020,1765.87,102
1659346080,1765.86,124
1659346140,1765.88,82
1659346200,1766.29,147
1659346260,1766.84,223
1659346320,1766.81,147
1659346380,1766.39,167
1659346440,1766.66,128
1659346500,1766.89,134
1659346560,1766.75,118
1659346620,1769.01,141
1659346680,1768.20,230
1659346740,1769.46,188
1659346800,1769.39,192
1659346860,1769.62,174
1659346920,1770.64,182
1659346980,1770.30,188
1659347040,1771.00,171
1659347100,1770.68,224
1659347160,1770.34,192
1659347220,1770.44,238
1659347280,1770.42,195
1659347340,1770.70,149
1659347400,1770.62,157
1659347460,1770.68,146
1659347520,1770.61,166
1659347580,1771.28,164
1659347640,1771.68,160
1659347700,1771.76,114
1659347760,1772.14,148
1659347820,1772.87,171
1659347880,1773.52,255
1659347940,1773.50,206
1659348000,1773.34,189
1659348060,1773.42,131
1659348120,1773.65,170
1659348180,1773.83,208
1659348240,1773.55,166
1659348300,1772.80,208
1659348360,1772.76,144
1659348420,1773.43,117
1659348480,1773.28,123
1659348540,1773.76,123
1659348600,1773.96,144
1659348660,1773.67,175
1659348720,1773.36,174
1659348780,1773.20,148
1659348840,1772.62,155
1659348900,1773.23,174
1659348960,1772.66,125
1659349020,1773.40,168
1659349080,1773.58,144
1659349140,1773.28,148
1659349200,1773.42,140
1659349260,1773.58,132
1659349320,1773.54,122
1659349380,1773.60,145
1659349440,1773.78,114
1659349500,1774.49,161
1659349560,1774.57,206
1659349620,1773.56,137
1659349680,1773.65,188
1659349740,1773.67,152
1659349800,1773.49,150
1659349860,1773.98,164
1659349920,1773.65,155
1659349980,1773.53,182
1659350040,1773.34,134
1659350100,1773.10,168
1659350160,1773.06,138
1659350220,1772.54,150
1659350280,1772.60,142
1659350340,1772.62,128
1659350400,1772.21,152
1659350460,1772.08,116
1659350520,1772.44,95
1659350580,1772.53,115
1659350640,1772.24,101
1659350700,1772.66,106
1659350760,1772.68,86
1659350820,1772.30,130
1659350880,1772.23,90
1659350940,1771.90,157
1659351000,1772.06,150
1659351060,1771.92,114
1659351120,1772.29,124
1659351180,1772.04,128
1659351240,1771.46,174
1659351300,1771.06,152
1659351360,1771.60,142
1659351420,1771.84,152
1659351480,1771.92,142
1659351540,1771.35,165
1659351600,1771.68,156
1659351660,1771.95,105
1659351720,1771.92,125
1659351780,1771.35,134
1659351840,1771.74,149
1659351900,1771.62,130
1659351960,1771.57,110
1659352020,1771.44,124
1659352080,1771.72,110
1659352140,1772.41,165
1659352200,1772.65,146
1659352260,1772.70,134
1659352320,1772.64,113
1659352380,1773.16,112
1659352440,1773.06,171
1659352500,1772.38,168
1659352560,1771.98,144
1659352620,1772.96,189
1659352680,1773.00,125
1659352740,1772.71,146
1659352800,1772.33,131
1659352860,1772.06,159
1659352920,1772.20,139
1659352980,1772.04,170
1659353040,1772.02,133
1659353100,1772.00,125
1659353160,1772.42,158
1659353220,1772.02,132
1659353280,1772.21,124
1659353340,1772.60,120
1659353400,1772.23,116
1659353460,1772.14,98
1659353520,1772.14,84
1659353580,1772.06,116
1659353640,1772.02,114
1659353700,1772.88,168
1659353760,1773.08,138
1659353820,1772.94,145
1659353880,1773.28,119
1659353940,1772.95,128
1659354000,1773.37,125
1659354060,1773.20,160
1659354120,1773.06,150
1659354180,1772.56,165
1659354240,1772.20,171
1659354300,1772.72,161
1659354360,1772.98,160
1659354420,1772.85,139
1659354480,1772.45,161
1659354540,1772.27,171
1659354600,1772.06,138
1659354660,1772.26,117
1659354720,1772.22,128
1659354780,1772.12,132
1659354840,1772.34,145
1659354900,1772.25,165
1659354960,1773.00,158
1659355020,1772.98,151
1659355080,1772.90,109
1659355140,1772.65,132
1659355200,1771.94,195
1659355260,1772.27,176
1659355320,1772.66,168
1659355380,1772.52,170
1659355440,1772.84,188
1659355500,1771.66,208
1659355560,1771.41,165
1659355620,1770.79,217
1659355680,1770.62,183
1659355740,1770.32,171
1659355800,1771.60,188
1659355860,1771.88,172
1659355920,1772.04,151
1659355980,1773.12,203
1659356040,1773.05,234
1659356100,1772.94,140
1659356160,1773.02,183
1659356220,1772.62,134
1659356280,1773.64,186
1659356340,1774.42,215
1659356400,1774.96,308
1659356460,1774.28,270
1659356520,1774.01,216
1659356580,1773.18,242
1659356640,1772.44,275
1659356700,1773.08,203
1659356760,1773.12,238
1659356820,1772.42,222
1659356880,1772.12,294
1659356940,1772.41,195
1659357000,1771.02,194
1659357060,1770.12,210
1659357120,1769.54,240
1659357180,1769.02,197
1659357240,1768.36,248
1659357300,1767.67,204
1659357360,1768.47,234
1659357420,1768.48,209
1659357480,1768.51,201
1659357540,1768.79,208
1659357600,1768.14,213
1659357660,1766.37,256
1659357720,1766.07,260
1659357780,1766.10,209
1659357840,1766.35,248
1659357900,1766.85,194
1659357960,1766.28,202
1659358020,1766.72,194
1659358080,1766.68,155
1659358140,1767.56,256
1659358200,1768.32,270
1659358260,1768.06,258
1659358320,1767.12,228
1659358380,1767.62,231
1659358440,1768.00,212
1659358500,1768.63,189
1659358560,1769.14,176
1659358620,1769.30,230
1659358680,1770.20,260
1659358740,1769.43,237
1659358800,1769.50,337
1659358860,1770.30,308
1659358920,1771.26,329
1659358980,1770.58,322
1659359040,1769.74,326
1659359100,1770.42,257
1659359160,1770.40,276
1659359220,1771.62,236
1659359280,1771.58,324
1659359340,1772.40,272
1659359400,1771.91,235
1659359460,1772.37,216
1659359520,1773.16,248
1659359580,1772.47,276
1659359640,1772.77,287
1659359700,1772.99,250
1659359760,1773.46,225
1659359820,1773.82,240
1659359880,1773.57,215
1659359940,1773.62,236
1659360000,1774.06,232
1659360060,1772.94,231
1659360120,1772.43,229
1659360180,1772.27,218
1659360240,1771.40,208
1659360300,1771.65,201
1659360360,1771.46,201
1659360420,1770.87,219
1659360480,1770.53,214
1659360540,1770.46,204
1659360600,1769.99,299
1659360660,1769.18,282
1659360720,1769.33,317
1659360780,1769.41,300
1659360840,1770.20,327
1659360900,1769.82,312
1659360960,1769.14,314
1659361020,1769.57,215
1659361080,1769.26,270
1659361140,1771.71,326
1659361200,1771.18,323
1659361260,1771.10,275
1659361320,1771.99,310
1659361380,1772.02,221
1659361440,1771.64,238
1659361500,1772.42,346
1659361560,1772.96,330
1659361620,1773.18,300
1659361680,1773.97,301
1659361740,1773.92,274
1659361800,1773.11,294
1659361860,1772.40,248
1659361920,1772.50,235
1659361980,1772.24,190
1659362040,1772.20,310
1659362100,1771.98,298
1659362160,1773.17,268
1659362220,1772.61,279
1659362280,1772.91,188
1659362340,1773.54,213
1659362400,1772.09,443
1659362460,1770.74,413
1659362520,1768.50,417
1659362580,1769.07,406
1659362640,1770.06,354
1659362700,1770.93,342
1659362760,1770.44,339
1659362820,1769.19,315
1659362880,1769.39,345
1659362940,1770.28,315
1659363000,1770.87,303
1659363060,1772.06,283
1659363120,1771.75,306
1659363180,1772.22,272
1659363240,1772.65,334
1659363300,1772.14,318
1659363360,1771.30,265
1659363420,1770.92,281
1659363480,1771.50,306
1659363540,1771.04,274
1659363600,1769.82,314
1659363660,1769.78,290
1659363720,1769.39,265
1659363780,1769.13,288
1659363840,1768.82,265
1659363900,1767.88,308
1659363960,1767.50,291
1659364020,1767.08,321
1659364080,1766.49,298
1659364140,1767.62,264
1659364200,1767.48,300
1659364260,1767.94,289
1659364320,1767.79,277
1659364380,1767.33,260
1659364440,1767.80,247
1659364500,1768.14,301
1659364560,1767.40,288
1659364620,1766.96,265
1659364680,1767.86,279
1659364740,1768.70,232
1659364800,1767.70,247
1659364860,1767.90,230
1659364920,1768.60,250
1659364980,1767.81,234
1659365040,1768.70,248
1659365100,1769.34,233
1659365160,1769.86,224
1659365220,1769.71,282
1659365280,1770.42,241
1659365340,1770.56,254
1659365400,1769.82,221
1659365460,1770.09,224
1659365520,1770.78,257
1659365580,1770.23,226
1659365640,1769.49,198
1659365700,1769.48,217
1659365760,1768.23,259
1659365820,1768.46,262
1659365880,1767.48,244
1659365940,1768.24,281
1659366000,1767.37,256
1659366060,1767.11,239
1659366120,1766.69,259
1659366180,1766.35,190
1659366240,1766.42,236
1659366300,1766.44,211
1659366360,1765.02,295
1659366420,1765.92,249
1659366480,1764.94,252
1659366540,1764.88,265
1659366600,1765.20,214
1659366660,1765.52,216
1659366720,1765.80,204
1659366780,1766.81,253
1659366840,1767.06,231
1659366900,1766.97,260
1659366960,1766.32,243
1659367020,1767.05,223
1659367080,1766.35,226
1659367140,1765.86,229
1659367200,1765.63,220
1659367260,1765.09,235
1659367320,1766.60,234
1659367380,1766.88,197
1659367440,1767.26,206
1659367500,1766.86,233
1659367560,1767.24,195
1659367620,1767.94,228
1659367680,1768.04,220
1659367740,1767.52,197
1659367800,1768.22,277
1659367860,1768.54,199
1659367920,1768.64,203
1659367980,1768.50,193
1659368040,1768.64,210
1659368100,1768.69,184
1659368160,1768.72,207
1659368220,1768.36,192
1659368280,1768.74,177
1659368340,1768.32,195
1659368400,1768.69,173
1659368460,1769.04,178
1659368520,1768.94,179
1659368580,1769.21,178
1659368640,1769.50,178
1659368700,1769.42,187
1659368760,1769.42,196
1659368820,1769.36,160
1659368880,1769.39,186
1659368940,1769.12,162
1659369000,1769.12,174
1659369060,1768.52,239
1659369120,1768.27,178
1659369180,1768.32,146
1659369240,1767.78,174
1659369300,1768.16,216
1659369360,1768.18,168
1659369420,1768.15,199
1659369480,1768.27,161
1659369540,1768.91,200
1659369600,1769.22,195
1659369660,1769.54,163
1659369720,1769.64,168
1659369780,1769.40,185
1659369840,1769.42,146
1659369900,1769.40,176
1659369960,1769.14,156
1659370020,1769.55,171
1659370080,1769.36,159
1659370140,1769.16,142
1659370200,1769.18,140
1659370260,1769.07,167
1659370320,1768.48,156
1659370380,1768.37,135
1659370440,1768.66,120
1659370500,1768.40,160
1659370560,1768.41,128
1659370620,1768.48,134
1659370680,1768.84,132
1659370740,1768.84,148
1659370800,1769.84,177
1659370860,1770.22,197
1659370920,1770.36,207
1659370980,1770.76,191
1659371040,1770.79,182
1659371100,1770.58,181
1659371160,1770.63,171
1659371220,1770.48,149
1659371280,1770.46,160
1659371340,1770.66,166
1659371400,1770.42,148
1659371460,1770.72,153
1659371520,1770.92,155
1659371580,1771.80,186
1659371640,1771.64,153
1659371700,1771.50,134
1659371760,1771.50,160
1659371820,1771.66,169
1659371880,1772.13,156
1659371940,1772.18,158
1659372000,1771.88,161
1659372060,1771.79,168
1659372120,1771.78,146
1659372180,1771.89,174
1659372240,1771.58,142
1659372300,1772.00,204
1659372360,1772.16,137
1659372420,1772.42,131
1659372480,1772.66,131
1659372540,1772.58,154
1659372600,1772.34,128
1659372660,1772.80,159
1659372720,1772.47,134
1659372780,1772.50,141
1659372840,1772.45,118
1659372900,1772.90,161
1659372960,1772.88,150
1659373020,1773.20,132
1659373080,1773.23,126
1659373140,1773.03,151
1659373200,1772.84,142
1659373260,1772.08,189
1659373320,1771.55,164
1659373380,1771.08,201
1659373440,1771.14,142
1659373500,1771.09,166
1659373560,1771.00,150
1659373620,1771.07,152
1659373680,1771.14,104
1659373740,1770.50,186
1659373800,1770.30,162
1659373860,1770.09,102
1659373920,1769.98,77
1659373980,1769.82,123
1659374040,1770.06,132
1659374100,1770.16,99
1659374160,1769.86,112
1659374220,1769.86,143
1659374280,1769.50,124
1659374340,1769.84,135
1659374400,1769.86,136
1659374460,1770.12,106
1659374520,1770.33,102
1659374580,1770.33,135
1659374640,1770.36,162
1659374700,1770.35,129
1659374760,1770.72,114
1659374820,1770.96,79
1659374880,1771.39,162
1659374940,1770.73,192
1659375000,1770.47,142
1659375060,1770.64,109
1659375120,1770.36,87
1659375180,1770.18,92
1659375240,1769.83,82
1659375300,1769.97,99
1659375360,1770.28,105
1659375420,1770.13,108
1659375480,1770.06,96
1659375540,1770.55,101
1659375600,1770.47,115
1659375660,1770.85,122
1659375720,1770.59,84
1659375780,1770.46,112
1659375840,1770.40,82
1659375900,1770.10,140
1659375960,1770.13,139
1659376020,1769.62,134
1659376080,1769.66,107
1659376140,1769.97,112
1659376200,1769.52,139
1659376260,1769.68,100
1659376320,1769.90,85
1659376380,1769.76,106
1659376440,1769.73,136
1659376500,1769.28,140
1659376560,1769.19,123
1659376620,1768.83,169
1659376680,1769.01,152
1659376740,1769.06,143
1659376800,1769.64,139
1659376860,1769.15,113
1659376920,1769.14,123
1659376980,1768.74,124
1659377040,1768.90,109
1659377100,1768.51,114
1659377160,1769.05,144
1659377220,1769.28,114
1659377280,1768.92,117
1659377340,1769.13,120
1659377400,1769.16,138
1659377460,1769.36,95
1659377520,1769.32,119
1659377580,1769.14,86
1659377640,1769.14,116
1659377700,1769.32,126
1659377760,1769.20,92
1659377820,1768.66,157
1659377880,1768.24,102
1659377940,1768.16,103
1659378000,1768.05,98
1659378060,1768.51,119
1659378120,1768.37,111
1659378180,1768.13,92
1659378240,1768.20,88
1659378300,1768.14,102
1659378360,1768.04,114
1659378420,1768.06,147
1659378480,1768.48,117
1659378540,1768.70,110
1659378600,1768.83,90
1659378660,1768.44,101
1659378720,1768.76,102
1659378780,1768.46,62
1659378840,1768.94,98
1659378900,1768.72,62
1659378960,1767.99,118
1659379020,1767.96,83
1659379080,1768.00,76
1659379140,1768.02,86
1659379200,1768.05,116
1659379260,1767.55,106
1659379320,1767.52,106
1659379380,1767.20,72
1659379440,1767.16,96
1659379500,1766.96,136
1659379560,1766.76,118
1659379620,1767.12,140
1659379680,1767.46,90
1659379740,1767.66,112
1659379800,1767.82,106
1659379860,1767.54,116
1659379920,1767.61,98
1659379980,1767.87,134
1659380040,1768.18,178
1659380100,1768.38,126
1659380160,1768.38,132
1659380220,1768.81,130
1659380280,1768.94,134
1659380340,1769.28,172
1659380400,1768.78,179
1659380460,1769.12,149
1659380520,1769.10,131
1659380580,1768.87,92
1659380640,1768.92,134
1659380700,1768.86,106
1659380760,1769.10,69
1659380820,1769.36,94
1659380880,1769.78,80
1659380940,1769.52,88
1659381000,1769.46,69
1659381060,1769.62,95
1659381120,1769.93,91
1659381180,1770.04,95
1659381240,1770.40,92
1659381300,1770.30,132
1659381360,1770.30,94
1659381420,1770.80,93
1659381480,1770.72,88
1659381540,1770.66,67
1659381600,1770.56,86
1659381660,1770.60,74
1659381720,1770.26,88
1659381780,1770.30,106
1659381840,1770.36,94
1659381900,1770.38,74
1659381960,1770.76,96
1659382020,1771.13,120
1659382080,1771.13,110
1659382140,1771.09,90
1659382200,1771.02,88
1659382260,1770.92,82
1659382320,1770.88,95
1659382380,1771.00,66
1659382440,1771.34,41
1659382500,1771.30,80
1659382560,1771.41,100
1659382620,1771.44,72
1659382680,1771.22,98
1659382740,1770.84,92
1659382800,1770.77,100
1659382860,1771.02,64
1659382920,1770.87,86
1659382980,1770.50,137
1659383040,1770.32,141
1659383100,1770.64,120
1659383160,1770.80,116
1659383220,1770.90,98
1659383280,1770.66,88
1659383340,1770.76,62
1659383400,1771.12,119
1659383460,1771.34,102
1659383520,1771.36,76
1659383580,1771.37,76
1659383640,1771.14,108
1659383700,1771.17,124
1659383760,1771.32,58
1659383820,1771.16,103
1659383880,1771.25,166
1659383940,1770.96,162
1659384000,1771.36,154
1659384060,1771.36,106
1659384120,1771.96,59
1659384180,1772.14,41
1659384240,1772.01,50
1659384300,1772.03,67
1659384360,1771.89,58
1659384420,1771.40,98
1659384480,1771.49,48
1659384540,1771.57,30
1659384600,1771.48,42
1659384660,1771.26,24
1659384720,1771.20,32
1659384780,1771.34,26
1659384840,1771.56,58
1659384900,1771.54,64
1659384960,1771.66,67
1659385020,1771.46,54
1659385080,1771.45,17
1659385140,1771.57,43
1659385200,1771.56,42
1659385260,1771.60,30
1659385320,1771.58,36
1659385380,1771.58,6
1659385440,1771.62,18
1659385500,1771.66,40
1659385560,1771.68,46
1659385620,1771.76,32
1659385680,1771.80,46
1659385740,1771.92,46
1659385800,1771.94,48
1659385860,1771.97,60
1659385920,1772.04,36
1659385980,1772.02,14
1659386040,1771.92,28
1659386100,1771.99,28
1659386160,1771.97,58
1659386220,1771.90,30
1659386280,1772.04,38
1659386340,1772.12,17
1659386400,1772.10,6
1659386460,1772.20,29
1659386520,1772.22,6
1659386580,1772.20,48
1659386640,1772.14,28
1659386700,1772.24,68
1659386760,1772.32,36
1659386820,1772.41,34
1659386880,1772.38,62
1659386940,1772.51,62
1659387000,1772.28,70
1659387060,1772.10,60
1659387120,1772.06,72
1659387180,1772.11,102
1659387240,1772.08,88
1659387300,1771.92,65
1659387360,1771.94,42
1659391320,1771.71,29
1659391380,1771.76,29
1659391440,1771.73,41
1659391500,1771.80,26
1659391560,1771.56,32
1659391620,1771.44,23
1659391680,1771.45,8
1659391740,1771.43,30
1659391800,1771.14,22
1659391860,1771.10,24
1659391920,1771.44,36
1659391980,1771.56,37
1659392040,1771.68,34
1659392100,1771.54,24
1659392160,1771.68,33
1659392220,1771.85,30
1659392280,1771.76,16
1659392340,1771.82,32
1659392400,1771.76,20
1659392460,1771.76,6
1659392520,1771.50,21
1659392580,1771.44,10
1659392640,1771.47,27
1659392700,1771.48,4
1659392760,1771.68,25
1659392820,1771.92,37
1659392880,1771.88,18
1659392940,1771.80,19
1659393000,1771.80,30
1659393060,1771.78,14
1659393120,1771.98,44
1659393180,1771.97,28
1659393240,1771.73,18
1659393300,1771.65,8
1659393360,1771.64,42
1659393420,1771.56,10
1659393480,1771.68,18
1659393540,1771.86,44
1659393600,1771.65,30
1659393660,1771.54,24
1659393720,1771.54,30
1659393780,1771.56,28
1659393840,1771.43,18
1659393900,1771.22,28
1659393960,1771.55,52
1659394020,1771.48,28
1659394080,1771.50,10
1659394140,1771.62,20
1659394200,1771.80,20
1659394260,1771.90,50
1659394320,1772.20,34
1659394380,1772.11,20
1659394440,1772.12,10
1659394500,1771.93,26
1659394560,1771.90,8
1659394620,1771.92,2
1659394680,1771.82,28
1659394740,1771.72,16
1659394800,1771.62,46
1659394860,1771.53,24
1659394920,1771.30,48
1659394980,1771.51,24
1659395040,1771.50,10
1659395100,1771.64,42
1659395160,1771.74,36
1659395220,1772.04,40
1659395280,1772.14,32
1659395340,1772.16,36
1659395400,1772.28,38
1659395460,1772.35,44
1659395520,1772.26,18
1659395580,1772.18,26
1659395640,1772.10,14
1659395700,1771.87,20
1659395760,1771.69,36
1659395820,1771.71,34
1659395880,1771.63,36
1659395940,1771.60,34
1659396000,1771.53,22
1659396060,1771.60,28
1659396120,1771.94,30
1659396180,1771.98,18
1659396240,1772.02,12
1659396300,1771.98,22
1659396360,1772.06,20
1659396420,1771.96,26
1659396480,1772.03,22
1659396540,1772.04,2
1659396600,1772.06,34
1659396660,1772.23,44
1659396720,1772.14,24
1659396780,1772.18,10
1659396840,1772.13,18
1659396900,1772.20,6
1659396960,1772.12,14
1659397020,1772.10,14
1659397140,1771.96,8
1659397200,1771.98,20
1659397260,1771.70,28
1659397320,1771.79,8
1659397380,1771.90,22
1659397440,1771.97,4
1659397500,1772.06,36
1659397560,1772.06,30
1659397620,1771.76,30
1659397680,1771.71,30
1659397740,1771.72,36
1659397800,1771.66,42
1659397860,1771.62,40
1659397920,1771.73,42
1659397980,1771.79,34
1659398040,1771.84,22
1659398100,1771.81,30
1659398160,1771.82,22
1659398220,1772.08,32
1659398280,1772.03,52
1659398340,1772.28,100
1659398400,1772.00,140
1659398460,1771.94,62
1659398520,1771.86,116
1659398580,1772.08,84
1659398640,1771.73,100
1659398700,1771.63,108
1659398760,1771.36,80
1659398820,1771.12,82
1659398880,1770.97,82
1659398940,1771.00,62
1659399000,1771.16,80
1659399060,1771.34,114
1659399120,1771.60,120
1659399180,1771.92,110
1659399240,1771.82,100
1659399300,1771.97,156
1659399360,1772.22,122
1659399420,1772.70,140
1659399480,1773.35,224
1659399540,1773.60,116
1659399600,1773.72,118
1659399660,1774.38,100
1659399720,1774.09,132
1659399780,1774.92,118
1659399840,1775.41,110
1659399900,1775.22,144
1659399960,1775.00,151
1659400020,1775.21,125
1659400080,1774.30,151
1659400140,1774.62,164
1659400200,1774.23,174
1659400260,1774.66,146
1659400320,1774.84,140
1659400380,1774.74,102
1659400440,1774.69,106
1659400500,1775.24,142
1659400560,1775.22,170
1659400620,1775.40,124
1659400680,1776.87,232
1659400740,1777.93,276
1659400800,1778.73,232
1659400860,1778.41,234
1659400920,1779.01,132
1659400980,1778.96,132
1659401040,1778.70,116
1659401100,1778.86,106
1659401160,1778.62,160
1659401220,1778.69,164
1659401280,1778.69,140
1659401340,1778.70,136
1659401400,1778.90,144
1659401460,1778.61,110
1659401520,1778.70,117
1659401580,1778.80,132
1659401640,1778.50,156
1659401700,1778.84,145
1659401760,1778.48,121
1659401820,1778.58,94
1659401880,1779.44,168
1659401940,1780.30,213
1659402000,1779.08,304
1659402060,1778.98,290
1659402120,1779.13,203
1659402180,1779.10,182
1659402240,1778.86,183
1659402300,1778.98,166
1659402360,1778.90,143
1659402420,1779.26,180
1659402480,1779.31,199
1659402540,1779.55,158
1659402600,1779.56,164
1659402660,1779.24,161
1659402720,1779.15,191
1659402780,1778.76,204
1659402840,1778.26,199
1659402900,1777.80,304
1659402960,1777.76,249
1659403020,1777.11,250
1659403080,1776.98,318
1659403140,1777.13,146
1659403200,1777.80,150
1659403260,1777.87,142
1659403320,1778.13,134
1659403380,1778.16,132
1659403440,1778.63,122
1659403500,1777.76,124
1659403560,1777.54,100
1659403620,1777.34,90
1659403680,1777.31,126
1659403740,1777.52,94
1659403800,1777.86,120
1659403860,1777.96,182
1659403920,1778.90,270
1659403980,1779.09,170
1659404040,1778.89,162
1659404100,1778.62,148
1659404160,1778.60,174
1659404220,1778.72,112
1659404280,1778.32,178
1659404340,1777.30,175
1659404400,1777.42,129
1659404460,1777.06,132
1659404520,1776.89,134
1659404580,1776.60,165
1659404640,1776.64,144
1659404700,1776.55,154
1659404760,1776.45,139
1659404820,1776.08,84
1659404880,1776.20,120
1659404940,1776.95,177
1659405000,1776.86,153
1659405060,1776.63,90
1659405120,1776.78,137
1659405180,1776.84,64
1659405240,1776.92,147
1659405300,1776.99,140
1659405360,1776.76,102
1659405420,1777.50,108
1659405480,1777.42,106
1659405540,1777.55,106
1659405600,1778.22,154
1659405660,1778.42,146
1659405720,1778.67,110
1659405780,1778.26,96
1659405840,1778.18,153
1659405900,1777.89,131
1659405960,1777.77,92
1659406020,1778.06,114
1659406080,1778.26,94
1659406140,1778.07,110
1659406200,1777.64,134
1659406260,1777.22,154
1659406320,1777.03,86
1659406380,1777.17,102
1659406440,1777.28,90
1659406500,1777.03,46
1659406560,1777.13,54
1659406620,1777.23,81
1659406680,1777.46,94
1659406740,1777.39,62
1659406800,1777.88,103
1659406860,1777.82,134
1659406920,1777.77,78
1659406980,1777.58,100
1659407040,1777.08,142
1659407100,1776.83,110
1659407160,1776.60,124
1659407220,1776.64,78
1659407280,1776.63,74
1659407340,1776.56,82
1659407400,1777.06,147
1659407460,1777.54,141
1659407520,1777.26,115
1659407580,1776.80,126
1659407640,1776.78,126
1659407700,1776.68,118
1659407760,1776.74,122
1659407820,1776.68,120
1659407880,1776.70,69
1659407940,1776.24,122
1659408000,1776.82,114
1659408060,1776.50,156
1659408120,1776.34,124
1659408180,1776.11,136
1659408240,1775.79,116
1659408300,1775.33,133
1659408360,1775.10,120
1659408420,1775.35,142
1659408480,1774.84,137
1659408540,1774.64,122
1659408600,1774.15,124
1659408660,1774.22,96
1659408720,1774.40,156
1659408780,1774.21,86
1659408840,1774.43,75
1659408900,1774.65,92
1659408960,1775.54,118
1659409020,1775.62,109
1659409080,1775.91,116
1659409140,1775.66,126
1659409200,1775.37,110
1659409260,1775.19,98
1659409320,1775.06,124
1659409380,1775.17,114
1659409440,1774.73,104
1659409500,1774.96,118
1659409560,1775.16,94
1659409620,1775.41,84
1659409680,1775.21,64
1659409740,1775.30,74
1659409800,1774.94,106
1659409860,1774.96,62
1659409920,1774.10,158
1659409980,1774.05,149
1659410040,1774.06,138
1659410100,1774.72,158
1659410160,1774.86,128
1659410220,1774.87,99
1659410280,1774.76,82
1659410340,1774.72,78
1659410400,1774.41,56
1659410460,1774.14,117
1659410520,1774.30,76
1659410580,1773.64,124
1659410640,1773.35,196
1659410700,1773.84,161
1659410760,1773.88,146
1659410820,1774.38,168
1659410880,1774.52,154
1659410940,1774.03,101
1659411000,1774.39,98
1659411060,1773.98,128
1659411120,1774.17,80
1659411180,1774.30,80
1659411240,1774.28,70
1659411300,1774.24,72
1659411360,1774.18,97
1659411420,1774.60,73
1659411480,1774.39,86
1659411540,1774.09,108
1659411600,1774.54,114
1659411660,1774.55,74
1659411720,1774.54,50
1659411780,1774.54,48
1659411840,1774.94,84
1659411900,1774.58,52
1659411960,1774.54,38
1659412020,1774.67,84
1659412080,1774.75,67
1659412140,1774.74,63
1659412200,1774.76,71
1659412260,1774.88,52
1659412320,1774.84,64
1659412380,1774.98,52
1659412440,1774.80,40
1659412500,1774.86,30
1659412560,1774.90,38
1659412620,1774.95,40
1659412680,1774.54,66
1659412740,1774.72,66
1659412800,1774.48,50
1659412860,1774.40,64
1659412920,1774.72,48
1659412980,1774.72,48
1659413040,1774.42,94
1659413100,1774.37,78
1659413160,1774.42,73
1659413220,1774.11,96
1659413280,1774.09,56
1659413340,1773.94,36
1659413400,1773.82,66
1659413460,1773.88,78
1659413520,1773.75,81
1659413580,1773.09,108
1659413640,1773.46,66
1659413700,1773.42,86
1659413760,1773.92,74
1659413820,1774.04,76
1659413880,1774.18,46
1659413940,1774.31,40
1659414000,1774.15,72
1659414060,1774.02,38
1659414120,1774.15,38
1659414180,1773.88,48
1659414240,1773.77,104
1659414300,1773.80,66
1659414360,1773.87,56
1659414420,1773.78,46
1659414480,1773.49,67
1659414540,1774.11,99
1659414600,1773.75,180
1659414660,1773.61,200
1659414720,1773.56,139
1659414780,1773.83,93
1659414840,1773.75,86
1659414900,1773.96,68
1659414960,1774.15,64
1659415020,1773.96,92
1659415080,1773.90,70
1659415140,1774.00,72
1659415200,1774.34,96
1659415260,1774.07,34
1659415320,1773.85,42
1659415380,1773.78,56
1659415440,1773.52,40
1659415500,1773.34,42
1659415560,1773.67,92
1659415620,1773.65,95
1659415680,1773.76,114
1659415740,1773.82,128
1659415800,1773.53,90
1659415860,1773.53,76
1659415920,1773.03,57
1659415980,1773.27,84
1659416040,1773.08,66
1659416100,1772.81,82
1659416160,1773.00,66
1659416220,1773.02,55
1659416280,1773.10,39
1659416340,1772.92,53
1659416400,1772.99,104
1659416460,1772.96,128
1659416520,1773.09,118
1659416580,1772.81,86
1659416640,1772.70,102
1659416700,1772.71,116
1659416760,1773.27,142
1659416820,1773.42,121
1659416880,1773.38,54
1659416940,1773.50,108
1659417000,1773.22,76
1659417060,1773.28,54
1659417120,1773.27,92
1659417180,1773.32,78
1659417240,1773.22,70
1659417300,1773.01,46
1659417360,1773.34,96
1659417420,1773.26,122
1659417480,1773.56,126
1659417540,1773.45,128
1659417600,1773.42,116
1659417660,1773.32,86
1659417720,1773.77,68
1659417780,1773.92,104
1659417840,1773.96,74
1659417900,1773.84,86
1659417960,1774.02,84
1659418020,1774.48,108
1659418080,1774.50,142
1659418140,1774.51,84
1659418200,1774.40,176
1659418260,1774.12,138
1659418320,1773.51,166
1659418380,1774.17,172
1659418440,1773.18,160
1659418500,1773.22,124
1659418560,1773.60,107
1659418620,1773.37,96
1659418680,1773.72,74
1659418740,1773.26,88
1659418800,1773.22,60
1659418860,1772.92,88
1659418920,1772.85,75
1659418980,1772.69,76
1659419040,1772.49,126
1659419100,1771.88,166
1659419160,1771.90,119
1659419220,1771.47,122
1659419280,1771.82,126
1659419340,1771.69,128
1659419400,1771.72,119
1659419460,1772.22,138
1659419520,1772.27,82
1659419580,1772.06,66
1659419640,1771.99,75
1659419700,1772.06,100
1659419760,1772.06,100
1659419820,1772.38,108
1659419880,1772.34,82
1659419940,1772.48,120
1659420000,1772.42,164
1659420060,1772.05,176
1659420120,1772.07,124
1659420180,1772.08,120
1659420240,1772.03,126
1659420300,1772.19,112
1659420360,1772.02,148
1659420420,1772.00,167
1659420480,1772.78,182
1659420540,1772.98,174
1659420600,1772.97,172
1659420660,1772.80,118
1659420720,1773.18,136
1659420780,1773.05,132
1659420840,1773.48,144
1659420900,1773.00,162
1659420960,1773.66,160
1659421020,1773.78,160
1659421080,1773.84,106
1659421140,1774.11,109
1659421200,1773.64,208
1659421260,1773.46,136
1659421320,1772.94,171
1659421380,1773.46,138
1659421440,1773.87,174
1659421500,1773.66,178
1659421560,1774.65,204
1659421620,1774.56,203
1659421680,1774.24,192
1659421740,1774.10,150
1659421800,1773.66,170
1659421860,1773.68,170
1659421920,1773.59,144
1659421980,1772.84,153
1659422040,1773.24,153
1659422100,1773.63,100
1659422160,1774.41,173
1659422220,1774.32,108
1659422280,1774.90,140
1659422340,1775.12,184
1659422400,1775.38,127
1659422460,1775.64,167
1659422520,1776.10,149
1659422580,1775.78,169
1659422640,1775.70,150
1659422700,1775.21,172
1659422760,1775.62,141
1659422820,1775.66,125
1659422880,1775.67,128
1659422940,1775.40,111
1659423000,1775.00,114
1659423060,1775.06,121
1659423120,1775.08,95
1659423180,1775.34,142
1659423240,1774.88,147
1659423300,1774.41,166
1659423360,1774.35,136
1659423420,1774.84,170
1659423480,1774.55,134
1659423540,1774.53,156
1659423600,1774.56,228
1659423660,1774.32,220
1659423720,1774.44,170
1659423780,1774.54,177
1659423840,1773.94,190
1659423900,1773.40,198
1659423960,1773.14,200
1659424020,1773.28,219
1659424080,1773.73,212
1659424140,1773.75,214
1659424200,1772.99,185
1659424260,1773.27,185
1659424320,1773.16,183
1659424380,1773.21,138
1659424440,1773.47,139
1659424500,1772.82,189
1659424560,1772.73,183
1659424620,1772.52,158
1659424680,1773.08,153
1659424740,1772.68,199
1659424800,1772.10,192
1659424860,1771.64,189
1659424920,1772.06,174
1659424980,1772.00,144
1659425040,1772.15,146
1659425100,1772.06,162
1659425160,1771.20,155
1659425220,1771.24,121
1659425280,1771.92,120
1659425340,1772.50,115
1659425400,1772.35,156
1659425460,1772.20,196
1659425520,1772.62,204
1659425580,1772.17,176
1659425640,1771.50,186
1659425700,1770.77,166
1659425760,1770.07,273
1659425820,1769.44,258
1659425880,1769.68,244
1659425940,1770.56,202
1659426000,1771.24,187
1659426060,1771.38,132
1659426120,1772.10,174
1659426180,1771.44,179
1659426240,1771.68,179
1659426300,1771.94,174
1659426360,1771.65,166
1659426420,1771.42,150
1659426480,1771.66,180
1659426540,1771.78,151
1659426600,1772.14,154
1659426660,1771.86,134
1659426720,1772.53,138
1659426780,1772.36,161
1659426840,1772.47,120
1659426900,1772.56,101
1659426960,1772.75,101
1659427020,1772.84,140
1659427080,1772.83,122
1659427140,1772.19,144
1659427200,1772.68,159
1659427260,1771.85,133
1659427320,1771.50,190
1659427380,1771.57,179
1659427440,1771.34,167
1659427500,1771.08,144
1659427560,1771.52,172
1659427620,1771.09,145
1659427680,1771.25,139
1659427740,1771.07,133
1659427800,1770.73,159
1659427860,1770.72,77
1659427920,1770.95,107
1659427980,1771.17,157
1659428040,1771.14,145
1659428100,1770.54,123
1659428160,1770.83,112
1659428220,1772.12,138
1659428280,1772.84,176
1659428340,1773.13,188
1659428400,1772.75,155
1659428460,1772.44,193
1659428520,1772.42,186
1659428580,1772.50,136
1659428640,1771.89,138
1659428700,1771.47,130
1659428760,1770.96,151
1659428820,1771.64,156
1659428880,1771.83,124
1659428940,1771.04,178
1659429000,1771.00,202
1659429060,1771.50,173
1659429120,1771.07,177
1659429180,1771.17,126
1659429240,1771.07,133
1659429300,1771.35,134
1659429360,1771.34,150
1659429420,1771.46,145
1659429480,1771.49,118
1659429540,1771.26,160
1659429600,1770.98,108
1659429660,1770.93,134
1659429720,1771.64,151
1659429780,1771.68,148
1659429840,1771.69,132
1659429900,1772.06,139
1659429960,1772.12,141
1659430020,1772.29,168
1659430080,1772.46,106
1659430140,1772.76,136
1659430200,1772.89,134
1659430260,1773.12,170
1659430320,1773.84,134
1659430380,1774.01,189
1659430440,1773.60,154
1659430500,1773.54,147
1659430560,1773.38,142
1659430620,1773.52,118
1659430680,1773.48,123
1659430740,1773.40,136
1659430800,1773.22,127
1659430860,1773.11,131
1659430920,1773.62,138
1659430980,1774.48,149
1659431040,1774.36,188
1659431100,1774.54,140
1659431160,1773.79,146
1659431220,1773.93,126
1659431280,1773.91,136
1659431340,1773.70,132
1659431400,1773.80,116
1659431460,1773.68,134
1659431520,1773.40,86
1659431580,1773.58,118
1659431640,1773.56,123
1659431700,1773.28,103
1659431760,1773.93,143
1659431820,1774.08,128
1659431880,1773.78,62
1659431940,1773.84,118
1659432000,1773.50,108
1659432060,1773.55,89
1659432120,1773.50,171
1659432180,1773.30,130
1659432240,1773.28,112
1659432300,1773.61,133
1659432360,1773.40,140
1659432420,1773.22,93
1659432480,1773.28,108
1659432540,1773.40,117
1659432600,1772.62,140
1659432660,1773.34,147
1659432720,1773.39,72
1659432780,1773.92,141
1659432840,1774.12,168
1659432900,1774.00,132
1659432960,1774.14,109
1659433020,1774.19,143
1659433080,1774.47,99
1659433140,1774.18,131
1659433200,1774.32,93
1659433260,1774.50,100
1659433320,1774.27,88
1659433380,1774.49,128
1659433440,1774.62,75
1659433500,1774.45,94
1659433560,1774.74,134
1659433620,1774.81,131
1659433680,1775.02,91
1659433740,1774.95,62
1659433800,1774.82,109
1659433860,1774.94,142
1659433920,1774.77,130
1659433980,1774.37,129
1659434040,1774.60,176
1659434100,1774.26,113
1659434160,1773.88,141
1659434220,1773.86,143
1659434280,1774.14,127
1659434340,1774.64,116
1659434400,1775.90,206
1659434460,1775.54,155
1659434520,1774.24,161
1659434580,1774.60,126
1659434640,1774.60,118
1659434700,1774.68,98
1659434760,1774.46,117
1659434820,1774.36,146
1659434880,1773.82,161
1659434940,1773.67,127
1659435000,1773.47,110
1659435060,1773.66,46
1659435120,1773.60,89
1659435180,1773.74,69
1659435240,1774.20,120
1659435300,1774.48,103
1659435360,1775.11,136
1659435420,1776.03,181
1659435480,1776.41,169
1659435540,1776.22,110
1659435600,1775.83,156
1659435660,1775.38,111
1659435720,1775.30,143
1659435780,1775.24,114
1659435840,1775.24,93
1659435900,1775.36,120
1659435960,1775.29,122
1659436020,1775.40,137
1659436080,1775.60,100
1659436140,1775.62,71
1659436200,1775.17,103
1659436260,1775.25,72
1659436320,1775.06,125
1659436380,1774.92,84
1659436440,1775.02,88
1659436500,1775.46,121
1659436560,1775.27,93
1659436620,1775.24,94
1659436680,1775.30,93
1659436740,1775.55,125
1659436800,1775.18,117
1659436860,1775.40,113
1659436920,1775.16,82
1659436980,1775.05,115
1659437040,1775.08,152
1659437100,1774.86,135
1659437160,1774.36,98
1659437220,1774.08,122
1659437280,1773.62,104
1659437340,1773.92,146
1659437400,1774.25,126
1659437460,1774.27,124
1659437520,1774.18,96
1659437580,1774.40,134
1659437640,1774.24,186
1659437700,1774.16,137
1659437760,1774.16,155
1659437820,1773.91,175
1659437880,1773.88,160
1659437940,1773.71,117
1659438000,1774.05,144
1659438060,1774.84,138
1659438120,1776.02,134
1659438180,1775.46,188
1659438240,1775.74,162
1659438300,1775.42,177
1659438360,1775.84,145
1659438420,1776.40,135
1659438480,1776.52,157
1659438540,1776.64,126
1659438600,1776.62,106
1659438660,1776.66,78
1659438720,1776.74,102
1659438780,1777.32,176
1659438840,1776.90,122
1659438900,1777.28,140
1659438960,1777.24,189
1659439020,1777.78,135
1659439080,1778.11,223
1659439140,1778.03,160
1659439200,1778.18,153
1659439260,1779.08,191
1659439320,1779.52,151
1659439380,1779.02,224
1659439440,1779.04,164
1659439500,1778.72,149
1659439560,1778.72,171
1659439620,1778.37,136
1659439680,1778.12,136
1659439740,1779.60,161
1659439800,1778.92,176
1659439860,1779.22,171
1659439920,1779.43,112
1659439980,1778.82,128
1659440040,1778.01,137
1659440100,1778.42,137
1659440160,1778.08,187
1659440220,1778.19,61
1659440280,1778.27,114
1659440340,1778.41,104
1659440400,1778.84,98
1659440460,1779.16,135
1659440520,1779.10,136
1659440580,1779.02,133
1659440640,1779.15,145
1659440700,1779.04,153
1659440760,1779.74,165
1659440820,1779.49,126
1659440880,1778.90,148
1659440940,1779.35,156
1659441000,1778.79,190
1659441060,1779.58,135
1659441120,1779.38,142
1659441180,1779.39,146
1659441240,1778.74,125
1659441300,1778.89,127
1659441360,1778.90,155
1659441420,1778.55,207
1659441480,1778.59,141
1659441540,1778.62,145
1659441600,1778.89,210
1659441660,1778.70,226
1659441720,1779.42,192
1659441780,1779.19,155
1659441840,1779.08,201
1659441900,1778.86,167
1659441960,1779.19,142
1659442020,1778.79,118
1659442080,1778.84,157
1659442140,1778.50,115
1659442200,1779.52,213
1659442260,1779.12,146
1659442320,1778.70,158
1659442380,1778.62,153
1659442440,1779.18,166
1659442500,1780.06,236
1659442560,1781.12,232
1659442620,1780.89,249
1659442680,1779.46,246
1659442740,1778.06,190
1659442800,1781.25,286
1659442860,1782.12,282
1659442920,1782.10,337
1659442980,1784.14,298
1659443040,1785.11,315
1659443100,1784.46,346
1659443160,1784.24,265
1659443220,1784.86,278
1659443280,1784.98,294
1659443340,1785.18,292
1659443400,1786.49,310
1659443460,1787.75,326
1659443520,1787.28,306
1659443580,1787.62,266
1659443640,1787.56,249
1659443700,1786.56,273
1659443760,1786.92,259
1659443820,1786.34,214
1659443880,1786.02,204
1659443940,1786.88,225
1659444000,1786.17,236
1659444060,1785.92,218
1659444120,1785.61,217
1659444180,1785.79,185
1659444240,1785.41,205
1659444300,1786.41,215
1659444360,1785.70,195
1659444420,1784.98,196
1659444480,1785.36,244
1659444540,1784.86,186
1659444600,1785.85,201
1659444660,1786.27,212
1659444720,1785.40,220
1659444780,1785.34,168
1659444840,1785.66,186
1659444900,1785.15,149
1659444960,1784.79,197
1659445020,1784.70,172
1659445080,1784.76,206
1659445140,1785.04,214
1659445200,1784.12,344
1659445260,1783.28,312
1659445320,1783.15,295
1659445380,1782.53,273
1659445440,1782.28,220
1659445500,1784.18,265
1659445560,1784.88,236
1659445620,1785.22,255
1659445680,1785.30,229
1659445740,1784.70,319
1659445800,1784.72,330
1659445860,1783.34,350
1659445920,1782.74,267
1659445980,1783.61,240
1659446040,1784.02,256
1659446100,1785.16,250
1659446160,1784.43,212
1659446220,1784.11,260
1659446280,1783.64,234
1659446340,1782.78,264
1659446400,1782.79,274
1659446460,1780.03,300
1659446520,1777.04,396
1659446580,1778.10,374
1659446640,1776.83,358
1659446700,1776.52,337
1659446760,1776.74,326
1659446820,1778.86,335
1659446880,1778.83,311
1659446940,1778.06,287
1659447000,1779.73,369
1659447060,1781.14,341
1659447120,1779.86,346
1659447180,1781.48,326
1659447240,1780.86,331
1659447300,1781.95,350
1659447360,1782.45,352
1659447420,1781.81,340
1659447480,1781.68,347
1659447540,1782.05,304
1659447600,1780.59,302
1659447660,1780.45,287
1659447720,1781.50,316
1659447780,1780.02,309
1659447840,1780.06,280
1659447900,1778.66,368
1659447960,1779.51,328
1659448020,1775.66,410
1659448080,1775.69,382
1659448140,1776.15,393
1659448200,1776.58,399
1659448260,1777.45,371
1659448320,1777.38,357
1659448380,1777.83,320
1659448440,1779.92,354
1659448500,1779.72,331
1659448560,1779.22,330
1659448620,1779.51,283
1659448680,1779.94,312
1659448740,1780.45,322
1659448800,1781.08,340
1659448860,1781.19,330
1659448920,1781.28,349
1659448980,1781.88,329
1659449040,1780.76,336
1659449100,1780.68,343
1659449160,1781.24,327
1659449220,1780.80,334
1659449280,1781.28,307
1659449340,1781.46,322
1659449400,1781.98,391
1659449460,1784.38,394
1659449520,1784.64,390
1659449580,1783.66,340
1659449640,1783.22,301
1659449700,1784.78,340
1659449760,1784.68,322
1659449820,1784.71,295
1659449880,1785.75,276
1659449940,1785.88,330
1659450000,1785.00,308
1659450060,1784.09,328
1659450120,1783.85,329
1659450180,1784.84,309
1659450240,1785.48,339
1659450300,1785.23,283
1659450360,1785.08,308
1659450420,1784.62,288
1659450480,1784.97,289
1659450540,1785.59,293
1659450600,1785.24,289
1659450660,1784.42,264
1659450720,1783.40,314
1659450780,1783.64,314
1659450840,1782.22,310
1659450900,1781.30,322
1659450960,1781.92,285
1659451020,1780.92,280
1659451080,1780.42,289
1659451140,1779.60,341
1659451200,1778.01,368
1659451260,1778.64,335
1659451320,1779.71,353
1659451380,1779.76,334
1659451440,1780.34,338
1659451500,1779.73,299
1659451560,1779.42,308
1659451620,1780.59,271
1659451680,1780.66,320
1659451740,1780.20,266
1659451800,1779.38,273
1659451860,1777.74,362
1659451920,1778.90,322
1659451980,1779.75,310
1659452040,1779.99,256
1659452100,1779.48,312
1659452160,1777.64,355
1659452220,1777.08,309
1659452280,1775.96,339
1659452340,1776.86,316
1659452400,1778.00,347
1659452460,1777.13,338
1659452520,1776.37,288
1659452580,1776.04,274
1659452640,1776.82,288
1659452700,1775.93,290
1659452760,1776.28,316
1659452820,1776.76,276
1659452880,1776.74,253
1659452940,1778.55,274
1659453000,1777.26,238
1659453060,1777.80,212
1659453120,1777.10,254
1659453180,1777.24,215
1659453240,1776.90,218
1659453300,1778.15,298
1659453360,1778.48,250
1659453420,1779.26,274
1659453480,1779.16,250
1659453540,1778.78,214
1659453600,1777.64,200
1659453660,1778.52,220
1659453720,1778.16,222
1659453780,1777.92,218
1659453840,1778.44,232
1659453900,1779.30,210
1659453960,1779.12,258
1659454020,1779.83,263
1659454080,1779.88,251
1659454140,1779.54,238
1659454200,1779.99,290
1659454260,1779.57,247
1659454320,1779.56,186
1659454380,1780.03,214
1659454440,1780.70,254
1659454500,1781.31,224
1659454560,1781.38,253
1659454620,1781.33,232
1659454680,1781.77,175
1659454740,1781.53,208
1659454800,1780.68,260
1659454860,1780.65,215
1659454920,1781.14,232
1659454980,1780.98,178
1659455040,1780.66,193
1659455100,1780.44,235
1659455160,1780.64,234
1659455220,1780.60,197
1659455280,1780.60,161
1659455340,1780.70,182
1659455400,1780.24,212
1659455460,1779.20,217
1659455520,1779.09,234
1659455580,1778.78,191
1659455640,1778.46,221
1659455700,1778.20,213
1659455760,1777.46,273
1659455820,1777.92,249
1659455880,1777.60,272
1659455940,1778.01,295
1659456000,1777.94,326
1659456060,1777.20,248
1659456120,1777.41,201
1659456180,1777.14,180
1659456240,1777.42,184
1659456300,1776.76,158
1659456360,1776.00,222
1659456420,1776.14,223
1659456480,1775.52,274
1659456540,1775.56,214
1659456600,1775.50,246
1659456660,1775.93,210
1659456720,1776.28,213
1659456780,1776.06,238
1659456840,1775.30,200
1659456900,1775.62,204
1659456960,1774.96,208
1659457020,1775.55,215
1659457080,1775.96,210
1659457140,1776.56,160
1659457200,1776.64,253
1659457260,1776.96,202
1659457320,1777.03,260
1659457380,1776.90,173
1659457440,1776.90,206
1659457500,1775.90,170
1659457560,1776.04,173
1659457620,1776.10,192
1659457680,1776.07,166
1659457740,1776.36,181
1659457800,1775.58,180
1659457860,1775.08,159
1659457920,1775.18,192
1659457980,1773.96,248
1659458040,1773.58,236
1659458100,1773.78,173
1659458160,1774.70,188
1659458220,1774.94,181
1659458280,1774.66,190
1659458340,1774.61,174
1659458400,1774.91,168
1659458460,1774.73,210
1659458520,1774.81,214
1659458580,1775.48,174
1659458640,1775.78,156
1659458700,1775.65,184
1659458760,1775.36,134
1659458820,1776.21,131
1659458880,1776.36,130
1659458940,1775.74,113
1659459000,1775.38,134
1659459060,1775.52,123
1659459120,1775.93,128
1659459180,1775.90,144
1659459240,1776.30,138
1659459300,1776.14,164
1659459360,1775.77,172
1659459420,1776.16,113
1659459480,1776.17,86
1659459540,1776.22,118
1659459600,1776.68,116
1659459660,1776.55,142
1659459720,1776.47,121
1659459780,1777.00,139
1659459840,1777.02,148
1659459900,1776.60,171
1659459960,1776.13,160
1659460020,1776.76,160
1659460080,1776.85,160
1659460140,1776.64,160
1659460200,1776.67,153
1659460260,1776.91,80
1659460320,1776.13,109
1659460380,1776.14,132
1659460440,1775.78,136
1659460500,1775.60,143
1659460560,1775.26,164
1659460620,1775.63,139
1659460680,1775.88,131
1659460740,1775.35,120
1659460800,1775.07,126
1659460860,1775.37,99
1659460920,1775.35,90
1659460980,1775.34,144
1659461040,1775.16,212
1659461100,1773.88,220
1659461160,1773.53,192
1659461220,1773.66,211
1659461280,1773.00,226
1659461340,1773.80,305
1659461400,1773.10,256
1659461460,1772.76,187
1659461520,1772.58,191
1659461580,1772.98,189
1659461640,1772.60,204
1659461700,1771.92,226
1659461760,1771.90,246
1659461820,1772.66,210
1659461880,1772.00,170
1659461940,1771.66,172
1659462000,1772.14,179
1659462060,1771.50,253
1659462120,1771.24,188
1659462180,1772.26,203
1659462240,1772.68,240
1659462300,1771.95,200
1659462360,1771.96,182
1659462420,1772.13,160
1659462480,1771.52,187
1659462540,1772.42,209
1659462600,1771.74,213
1659462660,1771.86,200
1659462720,1771.63,226
1659462780,1771.30,170
1659462840,1771.47,166
1659462900,1770.66,243
1659462960,1771.28,178
1659463020,1771.70,182
1659463080,1771.91,170
1659463140,1770.34,175
1659463200,1768.57,269
1659463260,1768.67,232
1659463320,1768.17,200
1659463380,1768.04,224
1659463440,1767.66,172
1659463500,1768.78,224
1659463560,1768.10,230
1659463620,1768.69,180
1659463680,1768.87,162
1659463740,1768.98,174
1659463800,1767.94,178
1659463860,1767.20,190
1659463920,1768.56,206
1659463980,1768.14,178
1659464040,1768.02,172
1659464100,1767.30,184
1659464160,1767.09,232
1659464220,1767.16,195
1659464280,1767.19,186
1659464340,1766.85,204
1659464400,1766.79,180
1659464460,1766.84,172
1659464520,1767.02,162
1659464580,1767.76,164
1659464640,1767.35,162
1659464700,1767.38,170
1659464760,1767.59,178
1659464820,1767.19,125
1659464880,1767.32,151
1659464940,1768.33,175
1659465000,1767.58,158
1659465060,1767.62,171
1659465120,1767.92,170
1659465180,1767.92,166
1659465240,1767.75,138
1659465300,1767.34,148
1659465360,1767.76,130
1659465420,1767.93,131
1659465480,1767.28,138
1659465540,1767.18,94
1659465600,1767.06,118
1659465660,1766.99,135
1659465720,1766.64,151
1659465780,1766.94,107
1659465840,1766.98,132
1659465900,1766.72,123
1659465960,1766.58,104
1659466020,1767.46,130
1659466080,1766.69,127
1659466140,1767.24,208
1659466200,1766.90,116
1659466260,1766.60,136
1659466320,1766.58,138
1659466380,1766.34,105
1659466440,1766.24,112
1659466500,1765.50,144
1659466560,1765.86,162
1659466620,1765.84,164
1659466680,1766.01,172
1659466740,1766.36,162
1659466800,1766.61,178
1659466860,1766.92,147
1659466920,1766.84,165
1659466980,1767.08,142
1659467040,1767.19,131
1659467100,1767.43,103
1659467160,1767.16,86
1659467220,1767.09,137
1659467280,1766.60,109
1659467340,1765.91,77
1659467400,1765.73,145
1659467460,1765.32,148
1659467520,1765.50,159
1659467580,1765.45,180
1659467640,1765.46,108
1659467700,1766.07,169
1659467760,1765.42,159
1659467820,1765.30,141
1659467880,1765.24,135
1659467940,1765.26,156
1659468000,1765.10,132
1659468060,1764.86,175
1659468120,1765.53,132
1659468180,1765.04,148
1659468240,1764.93,136
1659468300,1764.64,153
1659468360,1764.46,175
1659468420,1764.10,163
1659468480,1764.02,177
1659468540,1763.63,144
1659468600,1763.10,234
1659468660,1762.92,153
1659468720,1762.56,186
1659468780,1762.38,177
1659468840,1762.21,190
1659468900,1762.42,164
1659468960,1763.20,165
1659469020,1763.45,165
1659469080,1763.70,172
1659469140,1763.32,176
1659469200,1763.38,150
1659469260,1762.82,170
1659469320,1762.46,164
1659469380,1762.48,206
1659469440,1762.33,150
1659469500,1762.38,132
1659469560,1762.01,152
1659469620,1761.94,202
1659469680,1762.40,172
1659469740,1762.08,132
1659469800,1762.40,162
1659469860,1762.44,196
1659469920,1762.46,124
1659469980,1762.44,152
1659470040,1762.01,202
1659470100,1761.87,148
1659470160,1761.66,182
1659470220,1760.96,236
1659470280,1761.10,270
1659470340,1760.63,270
1659470400,1761.60,185
1659470460,1762.43,138
1659470520,1762.03,50
1659470580,1761.46,102
1659470640,1761.42,60
1659470700,1760.81,70
1659470760,1761.01,70
1659470820,1761.07,58
1659470880,1761.75,84
1659470940,1761.71,94
1659471000,1762.08,114
1659471060,1762.25,48
1659471120,1762.46,84
1659471180,1762.59,46
1659471240,1762.90,82
1659471300,1762.96,112
1659471360,1762.96,80
1659471420,1762.74,104
1659471480,1762.12,46
1659471540,1762.08,34
1659471600,1762.12,48
1659471660,1762.48,98
1659471720,1762.80,78
1659471780,1763.04,74
1659471840,1762.80,80
1659471900,1762.44,68
1659471960,1762.66,84
1659472020,1762.89,80
1659472080,1762.78,24
1659472140,1763.28,36
1659472200,1763.37,50
1659472260,1763.05,54
1659472320,1762.50,64
1659472380,1762.44,78
1659472440,1762.42,96
1659472500,1762.12,62
1659472560,1762.12,58
1659472620,1762.32,42
1659472680,1762.81,74
1659472740,1763.09,96
1659472800,1763.08,58
1659472860,1763.08,106
1659472920,1763.33,87
1659472980,1763.48,82
1659473040,1763.50,54
1659473100,1763.69,78
1659473160,1763.58,64
1659473220,1763.18,82
1659473280,1762.94,70
1659473340,1761.60,136
1659473400,1762.18,82
1659473460,1761.99,146
1659473520,1762.13,85
1659473580,1761.64,74
1659473640,1761.47,38
1659473700,1760.85,71
1659473760,1760.88,59
1659477720,1761.28,44
1659477780,1761.38,42
1659477840,1761.91,40
1659477900,1761.94,41
1659477960,1761.78,39
1659478020,1761.50,44
1659478080,1760.74,77
1659478140,1760.52,29
1659478200,1760.52,63
1659478260,1759.88,59
1659478320,1759.83,43
1659478380,1759.94,14
1659478440,1760.70,36
1659478500,1760.16,84
1659478560,1760.44,52
1659478620,1760.06,36
1659478680,1760.05,24
1659478740,1760.13,13
1659478800,1760.07,25
1659478860,1760.09,13
1659478920,1759.50,36
1659478980,1759.39,55
1659479040,1758.34,75
1659479100,1756.15,224
1659479160,1756.98,104
1659479220,1757.34,43
1659479280,1757.96,35
1659479340,1758.00,24
1659479400,1758.36,36
1659479460,1758.19,38
1659479520,1758.24,48
1659479580,1758.34,36
1659479640,1758.32,24
1659479700,1758.74,40
1659479760,1758.78,42
1659479820,1759.06,48
1659479880,1758.98,20
1659479940,1759.42,34
1659480000,1759.33,46
1659480060,1759.18,24
1659480120,1759.50,30
1659480180,1759.82,20
1659480240,1760.27,28
1659480300,1759.86,54
1659480360,1759.71,34
1659480420,1759.82,40
1659480480,1759.90,50
1659480540,1759.93,46
1659480600,1759.98,26
1659480660,1760.02,30
1659480720,1759.73,30
1659480780,1759.56,32
1659480840,1759.61,54
1659480900,1759.72,40
1659480960,1759.97,28
1659481020,1759.84,44
1659481080,1759.74,18
1659481140,1759.76,12
1659481200,1759.24,58
1659481260,1759.74,46
1659481320,1759.81,40
1659481380,1759.43,36
1659481440,1759.34,36
1659481500,1759.24,58
1659481560,1759.03,68
1659481620,1758.52,54
1659481680,1758.34,36
1659481740,1758.48,86
1659481800,1758.70,76
1659481860,1758.56,84
1659481920,1758.40,32
1659481980,1758.38,74
1659482040,1758.15,74
1659482100,1757.29,44
1659482160,1757.44,56
1659482220,1757.66,66
1659482280,1758.08,66
1659482340,1758.45,66
1659482400,1758.68,94
1659482460,1758.68,22
1659482520,1758.72,42
1659482580,1758.64,38
1659482640,1758.70,106
1659482700,1758.26,94
1659482760,1758.24,86
1659482820,1757.90,74
1659482880,1757.74,90
1659482940,1757.64,38
1659483000,1757.74,36
1659483060,1757.82,28
1659483120,1758.50,44
1659483180,1758.39,32
1659483240,1758.22,58
1659483300,1757.97,58
1659483360,1758.04,54
1659483420,1757.74,58
1659483480,1757.43,96
1659483540,1757.19,72
1659483600,1756.98,70
1659483660,1757.28,42
1659483720,1757.67,88
1659483780,1757.48,66
1659483840,1756.78,74
1659483900,1756.38,80
1659483960,1756.28,52
1659484020,1756.28,72
1659484080,1756.76,60
1659484140,1756.58,30
1659484200,1756.48,28
1659484260,1756.25,38
1659484320,1755.16,80
1659484380,1755.16,133
1659484440,1755.99,87
1659484500,1756.30,65
1659484560,1756.72,68
1659484620,1756.28,71
1659484680,1756.64,52
1659484740,1756.70,8
1659484800,1756.84,135
1659484860,1756.85,78
1659484920,1757.28,84
1659484980,1757.54,52
1659485040,1757.34,62
1659485100,1757.51,92
1659485160,1757.96,68
1659485220,1758.22,112
1659485280,1758.47,88
1659485340,1759.07,134
1659485400,1759.62,102
1659485460,1758.79,156
1659485520,1758.05,126
1659485580,1758.24,136
1659485640,1758.30,98
1659485700,1758.32,112
1659485760,1758.42,94
1659485820,1758.71,102
1659485880,1758.49,113
1659485940,1757.47,132
1659486000,1757.30,153
1659486060,1756.42,162
1659486120,1756.60,218
1659486180,1756.51,144
1659486240,1756.78,138
1659486300,1756.51,164
1659486360,1756.36,158
1659486420,1756.10,100
1659486480,1756.05,124
1659486540,1756.50,114
1659486600,1756.73,134
1659486660,1756.98,94
1659486720,1756.41,134
1659486780,1756.34,92
1659486840,1756.39,104
1659486900,1756.72,124
1659486960,1757.03,94
1659487020,1757.39,92
1659487080,1757.42,92
1659487140,1757.15,100
1659487200,1756.89,126
1659487260,1756.59,116
1659487320,1756.69,140
1659487380,1756.84,142
1659487440,1756.68,122
1659487500,1756.72,72
1659487560,1756.36,80
1659487620,1756.81,102
1659487680,1757.30,101
1659487740,1757.33,122
1659487800,1756.83,103
1659487860,1756.86,78
1659487920,1756.91,97
1659487980,1756.58,87
1659488040,1756.55,126
1659488100,1756.58,128
1659488160,1756.98,95
1659488220,1756.76,63
1659488280,1756.66,94
1659488340,1756.75,60
1659488400,1757.11,294
1659488460,1755.94,266
1659488520,1756.40,212
1659488580,1757.18,194
1659488640,1757.90,154
1659488700,1757.88,230
1659488760,1758.65,168
1659488820,1758.70,230
1659488880,1759.19,128
1659488940,1759.32,162
1659489000,1759.44,166
1659489060,1760.94,198
1659489120,1760.40,182
1659489180,1760.96,178
1659489240,1760.98,246
1659489300,1760.58,226
1659489360,1760.66,200
1659489420,1761.11,168
1659489480,1760.97,184
1659489540,1762.73,240
1659489600,1762.56,151
1659489660,1762.16,124
1659489720,1762.32,100
1659489780,1762.16,138
1659489840,1761.98,112
1659489900,1763.04,178
1659489960,1761.92,167
1659490020,1763.30,157
1659490080,1763.18,206
1659490140,1763.38,176
1659490200,1762.36,164
1659490260,1761.88,180
1659490320,1761.38,136
1659490380,1761.63,156
1659490440,1761.56,137
1659490500,1761.62,148
1659490560,1762.28,154
1659490620,1761.86,139
1659490680,1762.04,106
1659490740,1761.42,136
1659490800,1761.35,126
1659490860,1761.49,132
1659490920,1762.26,179
1659490980,1762.20,214
1659491040,1762.65,168
1659491100,1762.76,160
1659491160,1763.54,210
1659491220,1763.66,190
1659491280,1762.74,148
1659491340,1763.16,164
1659491400,1763.04,180
1659491460,1763.68,180
1659491520,1763.35,138
1659491580,1763.54,134
1659491640,1763.74,118
1659491700,1763.84,132
1659491760,1764.14,150
1659491820,1764.08,140
1659491880,1764.84,148
1659491940,1764.78,166
1659492000,1764.84,142
1659492060,1765.28,135
1659492120,1765.33,109
1659492180,1765.16,114
1659492240,1765.65,112
1659492300,1765.96,90
1659492360,1766.06,78
1659492420,1765.95,84
1659492480,1765.68,110
1659492540,1766.10,136
1659492600,1766.52,170
1659492660,1766.65,192
1659492720,1766.56,149
1659492780,1766.62,128
1659492840,1766.05,98
1659492900,1766.40,112
1659492960,1765.88,172
1659493020,1765.08,150
1659493080,1765.52,90
1659493140,1765.41,70
1659493200,1765.76,95
1659493260,1765.85,62
1659493320,1765.72,74
1659493380,1765.45,96
1659493440,1765.22,87
1659493500,1765.20,132
1659493560,1764.80,88
1659493620,1764.76,104
1659493680,1765.22,136
1659493740,1765.24,119
1659493800,1765.36,174
1659493860,1765.10,130
1659493920,1764.56,104
1659493980,1764.44,96
1659494040,1764.46,88
1659494100,1764.58,96
1659494160,1764.75,90
1659494220,1764.88,116
1659494280,1764.88,78
1659494340,1764.91,96
1659494400,1764.88,88
1659494460,1765.24,62
1659494520,1765.41,122
1659494580,1765.11,82
1659494640,1765.40,89
1659494700,1765.39,116
1659494760,1765.05,143
1659494820,1764.60,139
1659494880,1764.54,108
1659494940,1764.42,130
1659495000,1764.28,114
1659495060,1763.98,121
1659495120,1763.77,124
1659495180,1764.27,136
1659495240,1764.53,164
1659495300,1764.60,120
1659495360,1764.34,110
1659495420,1764.70,94
1659495480,1764.93,118
1659495540,1765.38,122
1659495600,1765.76,132
1659495660,1765.73,97
1659495720,1765.78,54
1659495780,1766.16,68
1659495840,1766.60,137
1659495900,1766.84,134
1659495960,1766.91,53
1659496020,1766.95,48
1659496080,1766.68,70
1659496140,1766.56,118
1659496200,1766.66,106
1659496260,1766.63,84
1659496320,1766.92,89
1659496380,1766.90,72
1659496440,1767.50,112
1659496500,1767.65,166
1659496560,1768.04,91
1659496620,1767.97,101
1659496680,1767.89,85
1659496740,1767.65,94
1659496800,1767.79,96
1659496860,1767.80,128
1659496920,1767.84,77
1659496980,1767.97,89
1659497040,1767.94,118
1659497100,1768.09,111
1659497160,1768.15,118
1659497220,1768.45,124
1659497280,1768.10,112
1659497340,1768.00,142
1659497400,1767.98,136
1659497460,1768.12,115
1659497520,1768.16,70
1659497580,1768.33,84
1659497640,1767.98,84
1659497700,1767.32,48
1659497760,1767.46,60
1659497820,1767.56,30
1659497880,1767.80,80
1659497940,1767.79,66
1659498000,1767.90,45
1659498060,1768.34,72
1659498120,1767.94,44
1659498180,1767.67,100
1659498240,1767.52,48
1659498300,1767.70,50
1659498360,1767.86,34
1659498420,1767.76,42
1659498480,1768.20,121
1659498540,1768.24,56
1659498600,1768.04,69
1659498660,1767.74,63
1659498720,1767.87,34
1659498780,1768.07,50
1659498840,1768.26,122
1659498900,1768.64,94
1659498960,1768.70,201
1659499020,1768.66,100
1659499080,1768.76,93
1659499140,1768.92,77
1659499200,1769.34,141
1659499260,1769.18,94
1659499320,1769.67,136
1659499380,1769.25,169
1659499440,1769.22,116
1659499500,1768.24,169
1659499560,1768.46,194
1659499620,1769.04,118
1659499680,1768.98,112
1659499740,1768.74,96
1659499800,1768.11,117
1659499860,1768.60,86
1659499920,1769.10,123
1659499980,1768.78,128
1659500040,1769.34,97
1659500100,1768.93,79
1659500160,1768.54,80
1659500220,1769.02,94
1659500280,1769.03,32
1659500340,1768.96,68
1659500400,1769.36,84
1659500460,1769.04,90
1659500520,1769.14,74
1659500580,1769.04,103
1659500640,1769.14,59
1659500700,1769.47,53
1659500760,1769.64,62
1659500820,1769.38,96
1659500880,1769.20,92
1659500940,1769.43,68
1659501000,1769.07,76
1659501060,1768.99,96
1659501120,1768.79,85
1659501180,1768.72,73
1659501240,1768.55,88
1659501300,1768.01,103
1659501360,1768.56,96
1659501420,1768.94,79
1659501480,1768.92,58
1659501540,1769.06,50
1659501600,1768.93,64
1659501660,1769.52,74
1659501720,1769.50,78
1659501780,1769.38,68
1659501840,1769.37,87
1659501900,1769.22,66
1659501960,1769.32,93
1659502020,1769.07,103
1659502080,1769.03,70
1659502140,1768.84,71
1659502200,1768.88,62
1659502260,1768.32,94
1659502320,1768.53,57
1659502380,1769.02,40
1659502440,1768.97,59
1659502500,1769.18,47
1659502560,1769.56,121
1659502620,1769.14,65
1659502680,1769.08,48
1659502740,1768.88,56
1659502800,1769.09,104
1659502860,1768.62,79
1659502920,1768.48,126
1659502980,1768.27,104
1659503040,1768.36,60
1659503100,1768.50,80
1659503160,1768.34,64
1659503220,1768.41,36
1659503280,1768.62,58
1659503340,1768.37,70
1659503400,1768.45,110
1659503460,1768.08,139
1659503520,1767.82,95
1659503580,1768.12,85
1659503640,1768.04,92
1659503700,1767.94,82
1659503760,1767.76,53
1659503820,1767.53,57
1659503880,1767.43,72
1659503940,1767.32,72
1659504000,1767.47,84
1659504060,1767.28,49
1659504120,1767.48,72
1659504180,1767.59,63
1659504240,1767.73,62
1659504300,1767.71,71
1659504360,1767.74,60
1659504420,1767.94,77
1659504480,1767.80,63
1659504540,1767.75,67
1659504600,1767.38,154
1659504660,1768.41,142
1659504720,1768.96,141
1659504780,1768.88,168
1659504840,1769.00,126
1659504900,1769.15,102
1659504960,1769.83,98
1659505020,1768.88,168
1659505080,1769.54,180
1659505140,1769.26,121
1659505200,1769.16,130
1659505260,1769.32,126
1659505320,1769.61,149
1659505380,1769.50,112
1659505440,1769.54,70
1659505500,1769.64,116
1659505560,1769.81,142
1659505620,1770.38,108
1659505680,1770.14,152
1659505740,1769.64,115
1659505800,1769.24,126
1659505860,1768.98,110
1659505920,1769.30,117
1659505980,1769.67,72
1659506040,1769.72,100
1659506100,1769.90,83
1659506160,1769.79,92
1659506220,1769.98,106
1659506280,1769.53,128
1659506340,1769.60,114
1659506400,1768.81,166
1659506460,1768.96,203
1659506520,1768.14,182
1659506580,1767.76,152
1659506640,1767.92,148
1659506700,1767.36,192
1659506760,1767.62,152
1659506820,1768.24,136
1659506880,1767.92,115
1659506940,1768.52,134
1659507000,1768.18,157
1659507060,1768.56,99
1659507120,1768.26,119
1659507180,1768.10,96
1659507240,1767.76,144
1659507300,1768.08,160
1659507360,1767.96,84
1659507420,1767.99,106
1659507480,1768.33,91
1659507540,1768.53,57
1659507600,1768.80,101
1659507660,1768.86,164
1659507720,1768.82,118
1659507780,1768.89,168
1659507840,1768.58,119
1659507900,1768.72,112
1659507960,1769.04,131
1659508020,1768.90,160
1659508080,1768.68,133
1659508140,1768.81,108
1659508200,1768.45,127
1659508260,1768.32,129
1659508320,1767.79,136
1659508380,1768.18,151
1659508440,1767.55,156
1659508500,1767.65,100
1659508560,1768.00,100
1659508620,1768.54,121
1659508680,1768.06,114
1659508740,1767.96,96
1659508800,1768.06,126
1659508860,1767.54,110
1659508920,1767.24,172
1659508980,1767.19,140
1659509040,1767.28,113
1659509100,1767.93,127
1659509160,1768.35,147
1659509220,1768.07,151
1659509280,1768.59,142
1659509340,1768.39,119
1659509400,1768.45,124
1659509460,1768.39,106
1659509520,1768.02,128
1659509580,1767.74,91
1659509640,1767.96,115
1659509700,1768.10,126
1659509760,1767.82,116
1659509820,1767.84,84
1659509880,1768.15,155
1659509940,1767.82,130
1659510000,1768.88,200
1659510060,1769.55,164
1659510120,1768.26,149
1659510180,1768.15,140
1659510240,1767.65,125
1659510300,1767.58,145
1659510360,1766.28,207
1659510420,1765.46,249
1659510480,1765.54,186
1659510540,1766.82,191
1659510600,1766.76,164
1659510660,1767.02,138
1659510720,1767.05,126
1659510780,1767.34,142
1659510840,1767.19,146
1659510900,1767.50,154
1659510960,1766.98,176
1659511020,1766.92,112
1659511080,1766.97,96
1659511140,1766.22,167
1659511200,1767.04,209
1659511260,1766.25,230
1659511320,1766.64,178
1659511380,1767.08,200
1659511440,1767.28,180
1659511500,1767.26,220
1659511560,1767.08,208
1659511620,1767.52,200
1659511680,1767.22,141
1659511740,1766.25,157
1659511800,1766.24,188
1659511860,1766.00,187
1659511920,1766.65,160
1659511980,1767.10,134
1659512040,1767.00,160
1659512100,1766.70,178
1659512160,1766.50,166
1659512220,1766.33,105
1659512280,1766.13,109
1659512340,1766.82,152
1659512400,1767.02,135
1659512460,1767.76,149
1659512520,1768.00,159
1659512580,1768.07,178
1659512640,1767.90,158
1659512700,1767.69,236
1659512760,1768.29,142
1659512820,1767.88,117
1659512880,1767.86,115
1659512940,1767.79,104
1659513000,1767.80,149
1659513060,1766.54,104
1659513120,1766.16,94
1659513180,1766.44,90
1659513240,1766.93,118
1659513300,1766.20,172
1659513360,1766.10,153
1659513420,1766.25,142
1659513480,1766.30,130
1659513540,1766.16,134
1659513600,1766.96,178
1659513660,1767.77,128
1659513720,1767.53,103
1659513780,1767.93,123
1659513840,1767.84,110
1659513900,1767.68,146
1659513960,1767.55,114
1659514020,1767.71,132
1659514080,1768.19,142
1659514140,1768.07,176
1659514200,1768.28,153
1659514260,1767.12,170
1659514320,1767.18,180
1659514380,1767.73,128
1659514440,1767.45,142
1659514500,1767.46,168
1659514560,1766.93,148
1659514620,1767.02,102
1659514680,1767.08,136
1659514740,1767.44,154
1659514800,1767.38,120
1659514860,1767.26,123
1659514920,1766.91,106
1659514980,1767.18,130
1659515040,1767.18,140
1659515100,1767.18,120
1659515160,1767.20,131
1659515220,1767.38,136
1659515280,1767.23,96
1659515340,1767.11,139
1659515400,1767.00,128
1659515460,1766.28,164
1659515520,1766.51,148
1659515580,1765.64,142
1659515640,1765.64,137
1659515700,1765.74,110
1659515760,1765.82,112
1659515820,1765.44,118
1659515880,1764.76,148
1659515940,1764.80,136
1659516000,1764.70,154
1659516060,1764.49,173
1659516120,1764.24,150
1659516180,1764.58,151
1659516240,1764.97,90
1659516300,1764.72,91
1659516360,1764.83,112
1659516420,1764.65,116
1659516480,1764.57,124
1659516540,1765.16,96
1659516600,1765.41,114
1659516660,1765.76,135
1659516720,1765.52,138
1659516780,1765.40,126
1659516840,1765.82,117
1659516900,1765.64,128
1659516960,1765.32,108
1659517020,1765.26,98
1659517080,1765.38,74
1659517140,1765.14,60
1659517200,1765.04,129
1659517260,1765.56,152
1659517320,1765.60,130
1659517380,1765.68,72
1659517440,1765.40,112
1659517500,1765.38,84
1659517560,1765.49,134
1659517620,1765.66,86
1659517680,1765.95,89
1659517740,1765.79,122
1659517800,1765.66,135
1659517860,1765.70,170
1659517920,1766.59,129
1659517980,1766.26,126
1659518040,1766.60,114
1659518100,1766.24,124
1659518160,1766.44,103
1659518220,1766.61,97
1659518280,1766.01,120
1659518340,1765.81,93
1659518400,1766.13,124
1659518460,1766.28,116
1659518520,1766.63,74
1659518580,1766.66,103
1659518640,1766.65,64
1659518700,1765.62,139
1659518760,1766.40,112
1659518820,1766.46,100
1659518880,1766.50,100
1659518940,1766.46,102
1659519000,1766.10,121
1659519060,1766.31,107
1659519120,1766.28,94
1659519180,1766.34,76
1659519240,1766.18,102
1659519300,1766.04,106
1659519360,1765.28,127
1659519420,1765.16,137
1659519480,1765.57,146
1659519540,1766.71,137
1659519600,1766.01,126
1659519660,1765.90,100
1659519720,1765.85,174
1659519780,1765.70,114
1659519840,1766.09,136
1659519900,1765.98,109
1659519960,1766.02,80
1659520020,1765.90,87
1659520080,1765.68,118
1659520140,1765.67,94
1659520200,1765.95,92
1659520260,1765.76,73
1659520320,1765.53,73
1659520380,1765.44,71
1659520440,1765.00,103
1659520500,1765.05,79
1659520560,1765.85,125
1659520620,1765.72,88
1659520680,1765.84,89
1659520740,1765.81,77
1659520800,1766.30,89
1659520860,1766.06,113
1659520920,1766.24,120
1659520980,1765.86,122
1659521040,1765.57,136
1659521100,1765.52,85
1659521160,1765.14,108
1659521220,1765.01,88
1659521280,1764.81,111
1659521340,1764.92,155
1659521400,1765.05,124
1659521460,1764.82,110
1659521520,1764.95,87
1659521580,1765.07,91
1659521640,1764.49,94
1659521700,1764.64,158
1659521760,1764.76,159
1659521820,1763.62,149
1659521880,1763.47,190
1659521940,1762.86,229
1659522000,1762.64,237
1659522060,1763.06,188
1659522120,1762.23,173
1659522180,1761.60,183
1659522240,1761.10,170
1659522300,1760.94,184
1659522360,1760.54,247
1659522420,1761.46,209
1659522480,1761.56,134
1659522540,1761.22,190
1659522600,1761.67,167
1659522660,1761.90,146
1659522720,1762.11,139
1659522780,1762.31,106
1659522840,1762.48,102
1659522900,1762.48,120
1659522960,1762.53,92
1659523020,1762.22,136
1659523080,1761.86,105
1659523140,1761.57,119
1659523200,1761.55,118
1659523260,1761.25,126
1659523320,1761.66,138
1659523380,1761.45,97
1659523440,1760.92,145
1659523500,1761.63,118
1659523560,1762.08,135
1659523620,1761.96,103
1659523680,1762.00,82
1659523740,1761.47,132
1659523800,1761.65,148
1659523860,1761.83,124
1659523920,1762.28,115
1659523980,1762.58,117
1659524040,1762.61,138
1659524100,1762.53,124
1659524160,1762.71,127
1659524220,1762.90,140
1659524280,1763.38,143
1659524340,1763.32,87
1659524400,1763.56,98
1659524460,1763.77,136
1659524520,1765.12,181
1659524580,1764.16,160
1659524640,1764.72,171
1659524700,1764.32,136
1659524760,1764.14,115
1659524820,1763.98,150
1659524880,1764.25,85
1659524940,1764.38,144
1659525000,1764.57,114
1659525060,1764.49,102
1659525120,1764.37,95
1659525180,1764.57,60
1659525240,1764.63,91
1659525300,1765.61,161
1659525360,1765.61,126
1659525420,1766.11,111
1659525480,1766.02,72
1659525540,1765.99,119
1659525600,1766.08,134
1659525660,1766.10,94
1659525720,1765.96,90
1659525780,1765.90,115
1659525840,1766.00,84
1659525900,1765.80,94
1659525960,1765.86,58
1659526020,1766.73,128
1659526080,1767.03,175
1659526140,1766.78,231
1659526200,1767.12,171
1659526260,1766.34,126
1659526320,1765.88,168
1659526380,1765.61,136
1659526440,1765.88,180
1659526500,1765.70,93
1659526560,1765.34,127
1659526620,1764.62,126
1659526680,1765.32,161
1659526740,1765.42,180
1659526800,1765.10,172
1659526860,1764.99,160
1659526920,1764.98,242
1659526980,1764.64,144
1659527040,1764.92,150
1659527100,1764.32,140
1659527160,1764.59,133
1659527220,1764.09,128
1659527280,1765.04,152
1659527340,1764.77,95
1659527400,1764.78,128
1659527460,1764.74,145
1659527520,1764.65,132
1659527580,1764.92,94
1659527640,1764.90,93
1659527700,1765.38,150
1659527760,1765.64,118
1659527820,1765.60,122
1659527880,1765.60,110
1659527940,1765.50,128
1659528000,1765.28,210
1659528060,1765.66,157
1659528120,1765.40,130
1659528180,1765.10,159
1659528240,1765.08,170
1659528300,1764.70,155
1659528360,1763.82,140
1659528420,1764.42,209
1659528480,1764.59,183
1659528540,1765.06,130
1659528600,1765.11,118
1659528660,1765.44,148
1659528720,1764.83,124
1659528780,1764.64,158
1659528840,1764.58,223
1659528900,1764.14,232
1659528960,1764.28,160
1659529020,1764.92,214
1659529080,1765.10,170
1659529140,1765.75,225
1659529200,1767.18,356
1659529260,1767.64,236
1659529320,1767.23,199
1659529380,1767.50,259
1659529440,1767.25,259
1659529500,1768.60,258
1659529560,1769.12,210
1659529620,1768.99,216
1659529680,1768.87,170
1659529740,1768.40,264
1659529800,1769.28,252
1659529860,1769.67,260
1659529920,1769.78,239
1659529980,1771.22,257
1659530040,1770.14,254
1659530100,1770.26,258
1659530160,1769.82,225
1659530220,1770.01,218
1659530280,1769.82,195
1659530340,1769.76,186
1659530400,1770.18,211
1659530460,1771.10,218
1659530520,1771.26,218
1659530580,1771.31,228
1659530640,1771.02,200
1659530700,1771.08,172
1659530760,1771.06,188
1659530820,1771.47,188
1659530880,1771.10,193
1659530940,1771.07,142
1659531000,1770.94,209
1659531060,1770.74,199
1659531120,1771.64,175
1659531180,1771.54,208
1659531240,1770.89,186
1659531300,1771.85,182
1659531360,1772.11,192
1659531420,1771.78,214
1659531480,1771.82,184
1659531540,1771.94,157
1659531600,1771.96,294
1659531660,1772.73,254
1659531720,1771.59,232
1659531780,1771.22,266
1659531840,1771.46,204
1659531900,1772.11,230
1659531960,1771.68,186
1659532020,1770.82,190
1659532080,1770.91,189
1659532140,1770.40,193
1659532200,1770.25,202
1659532260,1770.18,212
1659532320,1770.56,170
1659532380,1770.44,198
1659532440,1769.58,187
1659532500,1769.52,243
1659532560,1769.14,226
1659532620,1769.64,232
1659532680,1770.08,191
1659532740,1769.68,148
1659532800,1769.21,172
1659532860,1769.78,184
1659532920,1769.91,189
1659532980,1769.34,143
1659533040,1769.53,131
1659533100,1768.64,208
1659533160,1768.81,158
1659533220,1768.40,198
1659533280,1768.12,178
1659533340,1768.69,182
1659533400,1768.11,293
1659533460,1767.68,276
1659533520,1768.08,306
1659533580,1769.16,295
1659533640,1768.78,282
1659533700,1767.99,264
1659533760,1767.61,262
1659533820,1767.59,250
1659533880,1767.81,257
1659533940,1767.62,318
1659534000,1767.12,335
1659534060,1767.24,298
1659534120,1767.40,230
1659534180,1765.83,256
1659534240,1766.38,278
1659534300,1765.15,320
1659534360,1764.97,255
1659534420,1765.88,246
1659534480,1767.25,239
1659534540,1767.41,244
1659534600,1768.58,303
1659534660,1768.25,313
1659534720,1766.73,233
1659534780,1767.47,248
1659534840,1766.90,217
1659534900,1766.31,261
1659534960,1765.66,265
1659535020,1766.60,269
1659535080,1765.73,209
1659535140,1766.82,193
1659535200,1761.06,447
1659535260,1761.57,420
1659535320,1760.03,420
1659535380,1761.96,407
1659535440,1761.90,357
1659535500,1760.53,404
1659535560,1761.90,328
1659535620,1761.53,320
1659535680,1761.76,336
1659535740,1759.77,342
1659535800,1760.26,372
1659535860,1759.67,361
1659535920,1759.87,344
1659535980,1758.82,355
1659536040,1758.49,334
1659536100,1758.78,345
1659536160,1757.46,362
1659536220,1756.89,398
1659536280,1756.40,369
1659536340,1756.82,384
1659536400,1757.59,338
1659536460,1758.05,349
1659536520,1758.27,332
1659536580,1757.17,295
1659536640,1757.73,315
1659536700,1757.42,313
1659536760,1757.13,287
1659536820,1757.68,245
1659536880,1758.90,319
1659536940,1759.52,290
1659537000,1759.08,344
1659537060,1758.32,290
1659537120,1757.38,281
1659537180,1758.02,283
1659537240,1758.49,265
1659537300,1757.28,291
1659537360,1758.26,332
1659537420,1759.24,326
1659537480,1759.64,302
1659537540,1759.48,341
1659537600,1758.42,302
1659537660,1758.04,319
1659537720,1756.81,316
1659537780,1757.08,307
1659537840,1757.29,291
1659537900,1757.18,281
1659537960,1757.32,235
1659538020,1756.68,262
1659538080,1757.32,261
1659538140,1757.45,265
1659538200,1755.94,316
1659538260,1756.66,285
1659538320,1756.59,270
1659538380,1754.88,281
1659538440,1756.62,245
1659538500,1756.65,202
1659538560,1757.28,281
1659538620,1757.18,250
1659538680,1757.84,262
1659538740,1757.42,269
1659538800,1757.71,264
1659538860,1758.64,283
1659538920,1758.08,283
1659538980,1758.27,245
1659539040,1758.33,245
1659539100,1757.64,218
1659539160,1757.00,203
1659539220,1756.84,210
1659539280,1757.58,224
1659539340,1757.12,192
1659539400,1757.72,173
1659539460,1756.84,178
1659539520,1757.26,206
1659539580,1757.66,219
1659539640,1758.14,229
1659539700,1757.70,202
1659539760,1757.64,199
1659539820,1757.70,159
1659539880,1758.02,179
1659539940,1758.20,187
1659540000,1757.50,222
1659540060,1758.32,209
1659540120,1758.86,234
1659540180,1758.94,239
1659540240,1758.28,199
1659540300,1758.80,158
1659540360,1759.15,204
1659540420,1759.72,198
1659540480,1758.93,192
1659540540,1758.39,206
1659540600,1758.18,232
1659540660,1757.88,167
1659540720,1757.68,181
1659540780,1757.68,135
1659540840,1757.33,168
1659540900,1758.24,149
1659540960,1758.13,160
1659541020,1758.27,128
1659541080,1757.46,155
1659541140,1757.64,136
1659541200,1757.99,150
1659541260,1757.97,149
1659541320,1757.96,130
1659541380,1757.66,128
1659541440,1757.69,115
1659541500,1758.14,183
1659541560,1757.34,223
1659541620,1757.92,193
1659541680,1758.16,189
1659541740,1757.85,163
1659541800,1757.78,165
1659541860,1757.76,149
1659541920,1757.81,157
1659541980,1757.65,140
1659542040,1757.78,131
1659542100,1757.84,194
1659542160,1757.84,131
1659542220,1757.79,117
1659542280,1758.21,123
1659542340,1758.51,149
1659542400,1757.71,162
1659542460,1757.46,168
1659542520,1757.90,133
1659542580,1758.02,88
1659542640,1758.80,186
1659542700,1759.69,268
1659542760,1759.58,205
1659542820,1759.28,183
1659542880,1759.31,154
1659542940,1759.20,165
1659543000,1759.75,192
1659543060,1759.42,153
1659543120,1760.00,174
1659543180,1759.71,172
1659543240,1760.04,178
1659543300,1760.13,162
1659543360,1760.75,160
1659543420,1760.62,146
1659543480,1760.58,84
1659543540,1760.34,104
1659543600,1760.13,140
1659543660,1760.78,136
1659543720,1761.16,164
1659543780,1761.05,169
1659543840,1760.92,175
1659543900,1760.27,159
1659543960,1760.40,130
1659544020,1760.19,143
1659544080,1760.01,185
1659544140,1759.56,150
1659544200,1759.39,172
1659544260,1759.56,124
1659544320,1759.25,106
1659544380,1759.54,154
1659544440,1759.34,164
1659544500,1759.09,144
1659544560,1758.79,122
1659544620,1759.30,171
1659544680,1759.21,135
1659544740,1758.79,138
1659544800,1759.02,134
1659544860,1759.04,155
1659544920,1759.48,163
1659544980,1759.81,117
1659545040,1759.78,165
1659545100,1759.46,141
1659545160,1759.28,96
1659545220,1758.70,148
1659545280,1758.66,85
1659545340,1758.42,136
1659545400,1758.34,152
1659545460,1758.48,126
1659545520,1758.59,140
1659545580,1758.68,123
1659545640,1758.48,108
1659545700,1758.84,145
1659545760,1758.70,105
1659545820,1758.90,108
1659545880,1758.70,112
1659545940,1759.42,138
1659546000,1759.50,134
1659546060,1759.70,126
1659546120,1759.76,140
1659546180,1760.02,141
1659546240,1760.00,127
1659546300,1760.05,134
1659546360,1760.04,134
1659546420,1760.00,104
1659546480,1760.02,110
1659546540,1759.96,117
1659546600,1760.10,109
1659546660,1759.94,95
1659546720,1759.70,99
1659546780,1759.93,81
1659546840,1759.62,124
1659546900,1759.25,141
1659546960,1759.06,113
1659547020,1759.58,132
1659547080,1759.62,128
1659547140,1759.54,110
1659547200,1759.76,102
1659547260,1759.79,142
1659547320,1760.07,98
1659547380,1759.73,140
1659547440,1759.56,173
1659547500,1759.52,151
1659547560,1759.42,80
1659547620,1759.46,115
1659547680,1759.13,184
1659547740,1760.64,322
1659547800,1760.92,214
1659547860,1760.69,148
1659547920,1761.04,169
1659547980,1760.90,148
1659548040,1760.56,140
1659548100,1760.91,113
1659548160,1760.99,98
1659548220,1761.00,81
1659548280,1761.24,75
1659548340,1761.50,75
1659548400,1761.15,81
1659548460,1761.15,83
1659548520,1761.03,103
1659548580,1760.93,72
1659548640,1761.00,83
1659548700,1761.20,81
1659548760,1761.30,101
1659548820,1761.56,99
1659548880,1761.40,103
1659548940,1761.59,113
1659549000,1762.00,111
1659549060,1762.20,91
1659549120,1762.26,73
1659549180,1762.07,88
1659549240,1762.16,91
1659549300,1761.91,94
1659549360,1761.88,64
1659549420,1761.87,95
1659549480,1761.84,122
1659549540,1761.93,106
1659549600,1761.40,126
1659549660,1761.84,92
1659549720,1762.26,92
1659549780,1762.44,94
1659549840,1762.32,74
1659549900,1762.47,85
1659549960,1762.42,81
1659550020,1762.16,88
1659550080,1761.84,82
1659550140,1761.69,65
1659550200,1761.85,71
1659550260,1762.27,69
1659550320,1762.53,69
1659550380,1762.40,71
1659550440,1762.32,82
1659550500,1762.71,78
1659550560,1762.16,95
1659550620,1762.25,85
1659550680,1762.30,65
1659550740,1762.20,88
1659550800,1762.41,108
1659550860,1762.36,56
1659550920,1762.31,80
1659550980,1762.47,114
1659551040,1762.58,102
1659551100,1762.58,92
1659551160,1762.60,114
1659551220,1762.66,91
1659551280,1762.63,97
1659551340,1762.58,131
1659551400,1762.94,106
1659551460,1762.84,111
1659551520,1763.52,90
1659551580,1763.29,98
1659551640,1763.27,78
1659551700,1763.29,91
1659551760,1762.25,113
1659551820,1762.02,112
1659551880,1762.03,126
1659551940,1761.28,106
1659552000,1761.00,118
1659552060,1760.30,85
1659552120,1760.38,87
1659552180,1760.84,102
1659552240,1760.72,71
1659552300,1760.63,95
1659552360,1761.04,79
1659552420,1761.59,156
1659552480,1761.82,90
1659552540,1761.62,69
1659552600,1761.88,101
1659552660,1761.86,80
1659552720,1761.91,107
1659552780,1762.29,120
1659552840,1762.43,90
1659552900,1762.46,118
1659552960,1762.48,82
1659553020,1762.18,102
1659553080,1762.31,122
1659553140,1762.48,145
1659553200,1762.30,119
1659553260,1762.86,102
1659553320,1763.18,110
1659553380,1763.38,148
1659553440,1763.76,124
1659553500,1763.89,93
1659553560,1763.71,117
1659553620,1763.84,99
1659553680,1763.66,112
1659553740,1763.98,102
1659553800,1764.04,103
1659553860,1764.03,101
1659553920,1764.11,110
1659553980,1764.10,117
1659554040,1764.43,131
1659554100,1764.55,111
1659554160,1764.92,122
1659554220,1764.63,150
1659554280,1764.64,120
1659554340,1764.72,92
1659554400,1765.04,99
1659554460,1765.08,84
1659554520,1765.00,80
1659554580,1764.97,62
1659554640,1765.30,100
1659554700,1765.12,73
1659554760,1765.48,85
1659554820,1765.14,89
1659554880,1765.46,90
1659554940,1765.54,81
1659555000,1765.47,94
1659555060,1765.12,92
1659555120,1765.28,55
1659555180,1765.24,84
1659555240,1765.06,62
1659555300,1765.28,116
1659555360,1765.44,95
1659555420,1764.94,131
1659555480,1764.92,106
1659555540,1765.48,79
1659555600,1765.62,80
1659555660,1765.39,103
1659555720,1766.07,120
1659555780,1765.76,104
1659555840,1766.00,135
1659555900,1765.70,106
1659555960,1765.82,86
1659556020,1765.66,94
1659556080,1765.37,92
1659556140,1765.44,73
1659556200,1765.40,83
1659556260,1765.74,76
1659556320,1765.84,68
1659556380,1766.04,62
1659556440,1765.91,86
1659556500,1765.90,111
1659556560,1765.96,70
1659556620,1766.08,84
1659556680,1765.44,172
1659556740,1765.24,188
1659556800,1765.68,138
1659556860,1765.60,124
1659556920,1765.68,68
1659556980,1765.44,98
1659557040,1765.46,58
1659557100,1765.53,40
1659557160,1765.66,70
1659557220,1765.29,90
1659557280,1765.34,66
1659557340,1765.30,48
1659557400,1765.22,34
1659557460,1764.91,66
1659557520,1765.20,74
1659557580,1765.01,46
1659557640,1764.98,30
1659557700,1765.18,33
1659557760,1765.18,28
1659557820,1765.13,25
1659557880,1765.36,41
1659557940,1765.46,34
1659558000,1765.17,52
1659558060,1765.12,32
1659558120,1765.28,30
1659558180,1765.22,52
1659558240,1765.28,48
1659558300,1765.16,52
1659558360,1765.15,26
1659558420,1765.32,44
1659558480,1765.16,30
1659558540,1764.98,48
1659558600,1765.12,46
1659558660,1765.16,24
1659558720,1765.27,44
1659558780,1765.37,58
1659558840,1765.26,30
1659558900,1765.16,28
1659558960,1764.96,44
1659559020,1764.80,26
1659559080,1764.88,20
1659559140,1765.12,24
1659559200,1765.12,12
1659559260,1765.02,36
1659559320,1765.06,26
1659559380,1764.92,30
1659559440,1765.02,14
1659559500,1764.92,20
1659559560,1764.82,66
1659559620,1764.91,28
1659559680,1764.82,36
1659559740,1765.32,86
1659559800,1765.23,58
1659559860,1765.48,26
1659559920,1765.85,28
1659559980,1765.78,56
1659560040,1765.97,50
1659560100,1765.75,41
1659560160,1765.71,30
1659564120,1765.31,34
1659564180,1765.59,22
1659564240,1765.53,30
1659564300,1765.49,20
1659564360,1765.45,3
1659564420,1765.38,23
1659564480,1764.62,21
1659564540,1764.44,29
1659564600,1764.59,24
1659564660,1764.11,29
1659564720,1764.11,28
1659564780,1764.04,27
1659564840,1764.13,14
1659564900,1764.26,17
1659564960,1764.25,22
1659565020,1764.64,42
1659565080,1763.88,40
1659565140,1764.00,51
1659565200,1764.16,16
1659565260,1764.04,6
1659565380,1764.38,18
1659565440,1764.41,2
1659565500,1764.11,19
1659565560,1763.98,42
1659565620,1764.18,17
1659565680,1764.18,8
1659565740,1763.98,6
1659565800,1764.12,18
1659565860,1764.15,10
1659565920,1764.17,2
1659565980,1764.04,18
1659566040,1763.92,22
1659566100,1763.67,26
1659566160,1764.09,42
1659566220,1764.23,20
1659566280,1763.96,20
1659566340,1764.12,28
1659566400,1764.24,24
1659566460,1764.16,12
1659566520,1763.77,20
1659566580,1763.54,24
1659566640,1763.87,46
1659566700,1763.84,8
1659566760,1763.86,4
1659566820,1763.70,22
1659566880,1763.70,18
1659566940,1763.48,22
1659567000,1763.70,16
1659567060,1763.50,18
1659567120,1763.47,28
1659567180,1763.50,14
1659567240,1763.50,12
1659567300,1763.36,8
1659567360,1763.27,16
1659567420,1763.27,8
1659567480,1763.51,20
1659567540,1763.36,24
1659567600,1764.64,120
1659567660,1764.54,18
1659567720,1764.22,36
1659567780,1764.26,46
1659567840,1764.23,40
1659567900,1764.50,40
1659567960,1764.30,46
1659568020,1764.34,36
1659568080,1764.32,40
1659568140,1764.28,20
1659568200,1764.23,14
1659568260,1764.24,34
1659568320,1764.32,32
1659568380,1764.27,26
1659568440,1764.25,14
1659568500,1764.18,20
1659568560,1764.16,44
1659568620,1764.36,38
1659568680,1764.35,22
1659568740,1764.24,52
1659568800,1764.14,32
1659568860,1764.20,38
1659568920,1764.04,34
1659568980,1763.96,36
1659569040,1764.04,48
1659569100,1763.99,30
1659569160,1764.04,44
1659569220,1764.10,36
1659569280,1764.07,22
1659569340,1764.20,26
1659569400,1764.32,24
1659569460,1764.36,22
1659569520,1764.30,28
1659569580,1764.44,28
1659569640,1764.30,14
1659569700,1764.35,16
1659569760,1764.48,24
1659569820,1764.50,18
1659569880,1764.46,36
1659569940,1764.32,18
1659570000,1764.54,24
1659570060,1764.42,20
1659570120,1764.46,16
1659570180,1764.31,12
1659570240,1764.22,20
1659570300,1764.09,30
1659570360,1764.10,50
1659570420,1763.97,18
1659570480,1763.92,40
1659570540,1763.88,8
1659570600,1763.71,28
1659570660,1763.61,36
1659570720,1763.73,20
1659570780,1763.89,26
1659570840,1763.94,34
1659570900,1763.90,14
1659570960,1763.78,22
1659571020,1763.75,22
1659571080,1763.74,36
1659571140,1763.66,56
1659571200,1763.94,90
1659571260,1763.50,88
1659571320,1763.53,62
1659571380,1764.32,114
1659571440,1764.45,92
1659571500,1764.58,96
1659571560,1764.12,76
1659571620,1763.62,104
1659571680,1763.66,92
1659571740,1763.91,114
1659571800,1763.80,86
1659571860,1763.92,86
1659571920,1764.22,46
1659571980,1764.42,64
1659572040,1764.43,40
1659572100,1764.37,92
1659572160,1764.72,54
1659572220,1764.51,54
1659572280,1764.63,44
1659572340,1764.88,54
1659572400,1764.87,52
1659572460,1764.85,46
1659572520,1764.81,30
1659572580,1764.66,48
1659572640,1764.64,32
1659572700,1764.36,54
1659572760,1764.50,26
1659572820,1764.43,8
1659572880,1764.50,16
1659572940,1764.65,28
1659573000,1764.88,64
1659573060,1765.12,54
1659573120,1765.74,78
1659573180,1765.84,86
1659573240,1766.06,48
1659573300,1766.06,30
1659573360,1766.36,30
1659573420,1766.42,56
1659573480,1766.26,36
1659573540,1765.94,48
1659573600,1766.37,58
1659573660,1766.52,30
1659573720,1766.50,44
1659573780,1766.68,26
1659573840,1766.22,32
1659573900,1766.04,50
1659573960,1765.74,56
1659574020,1765.82,40
1659574080,1766.10,28
1659574140,1766.30,94
1659574200,1766.74,84
1659574260,1767.09,110
1659574320,1767.32,82
1659574380,1767.40,70
1659574440,1767.38,94
1659574500,1767.38,106
1659574560,1767.31,96
1659574620,1767.19,72
1659574680,1767.48,68
1659574740,1767.46,56
1659574800,1766.54,231
1659574860,1766.54,210
1659574920,1766.32,132
1659574980,1766.45,124
1659575040,1767.19,118
1659575100,1766.98,118
1659575160,1767.28,134
1659575220,1767.15,120
1659575280,1766.62,140
1659575340,1767.11,98
1659575400,1766.88,132
1659575460,1767.26,128
1659575520,1767.40,140
1659575580,1766.92,128
1659575640,1766.90,90
1659575700,1767.56,162
1659575760,1768.28,172
1659575820,1768.42,111
1659575880,1768.31,100
1659575940,1768.74,128
1659576000,1768.29,121
1659576060,1768.10,99
1659576120,1768.10,98
1659576180,1768.10,66
1659576240,1767.94,88
1659576300,1767.76,104
1659576360,1767.88,106
1659576420,1767.82,74
1659576480,1768.36,67
1659576540,1768.68,86
1659576600,1768.74,110
1659576660,1768.89,60
1659576720,1769.06,114
1659576780,1769.01,104
1659576840,1769.28,100
1659576900,1769.58,178
1659576960,1769.47,106
1659577020,1768.96,98
1659577080,1768.64,115
1659577140,1768.24,150
1659577200,1768.34,126
1659577260,1768.15,120
1659577320,1768.78,120
1659577380,1768.86,190
1659577440,1769.03,169
1659577500,1768.98,122
1659577560,1768.48,108
1659577620,1768.20,76
1659577680,1768.16,74
1659577740,1768.05,84
1659577800,1767.63,76
1659577860,1768.05,74
1659577920,1768.06,68
1659577980,1767.76,55
1659578040,1767.38,82
1659578100,1767.67,67
1659578160,1767.88,102
1659578220,1767.78,75
1659578280,1767.80,60
1659578340,1768.18,104
1659578400,1768.64,87
1659578460,1768.66,43
1659578520,1768.30,56
1659578580,1768.59,134
1659578640,1768.50,68
1659578700,1768.39,54
1659578760,1768.32,98
1659578820,1767.70,145
1659578880,1767.74,80
1659578940,1767.10,100
1659579000,1767.10,134
1659579060,1767.24,58
1659579120,1767.32,54
1659579180,1767.28,85
1659579240,1767.20,86
1659579300,1767.28,56
1659579360,1767.15,68
1659579420,1767.14,35
1659579480,1767.12,60
1659579540,1767.46,40
1659579600,1767.31,26
1659579660,1767.46,17
1659579720,1767.56,31
1659579780,1767.66,35
1659579840,1767.76,23
1659579900,1767.46,35
1659579960,1767.40,32
1659580020,1767.48,24
1659580080,1767.75,54
1659580140,1767.87,44
1659580200,1768.18,60
1659580260,1768.32,79
1659580320,1768.40,110
1659580380,1767.88,110
1659580440,1767.80,68
1659580500,1767.84,58
1659580560,1767.52,96
1659580620,1767.42,86
1659580680,1767.41,84
1659580740,1767.54,110
1659580800,1767.92,122
1659580860,1768.21,108
1659580920,1768.02,108
1659580980,1768.04,88
1659581040,1768.46,37
1659581100,1768.41,54
1659581160,1768.61,57
1659581220,1768.70,67
1659581280,1768.54,63
1659581340,1768.96,74
1659581400,1768.88,46
1659581460,1768.60,50
1659581520,1768.52,22
1659581580,1768.56,42
1659581640,1768.14,54
1659581700,1768.28,96
1659581760,1768.58,94
1659581820,1769.05,72
1659581880,1769.30,47
1659581940,1769.30,37
1659582000,1769.75,70
1659582060,1769.74,46
1659582120,1769.89,102
1659582180,1770.05,70
1659582240,1769.98,68
1659582300,1771.12,132
1659582360,1771.42,100
1659582420,1770.80,104
1659582480,1770.96,123
1659582540,1771.30,110
1659582600,1771.10,92
1659582660,1770.99,90
1659582720,1770.96,94
1659582780,1771.11,72
1659582840,1770.80,56
1659582900,1771.04,86
1659582960,1770.74,62
1659583020,1771.04,98
1659583080,1771.11,68
1659583140,1771.05,42
1659583200,1770.24,68
1659583260,1770.10,160
1659583320,1770.20,63
1659583380,1770.18,76
1659583440,1770.28,30
1659583500,1770.04,76
1659583560,1770.34,78
1659583620,1770.72,74
1659583680,1770.44,74
1659583740,1770.34,96
1659583800,1770.28,58
1659583860,1770.34,44
1659583920,1770.03,88
1659583980,1770.05,44
1659584040,1770.14,50
1659584100,1770.24,14
1659584160,1770.23,14
1659584220,1770.40,42
1659584280,1770.48,50
1659584340,1770.40,36
1659584400,1770.46,18
1659584460,1770.40,40
1659584520,1770.36,60
1659584580,1770.42,86
1659584640,1770.56,34
1659584700,1770.58,40
1659584760,1770.70,56
1659584820,1770.44,52
1659584880,1770.69,74
1659584940,1770.54,50
1659585000,1770.48,60
1659585060,1770.64,34
1659585120,1770.74,60
1659585180,1770.42,32
1659585240,1770.54,52
1659585300,1770.74,46
1659585360,1770.64,40
1659585420,1770.78,24
1659585480,1770.72,28
1659585540,1770.75,60
1659585600,1771.18,76
1659585660,1771.08,59
1659585720,1771.51,52
1659585780,1771.74,98
1659585840,1771.86,66
1659585900,1771.66,74
1659585960,1771.80,72
1659586020,1771.83,68
1659586080,1771.96,84
1659586140,1771.45,68
1659586200,1771.71,76
1659586260,1771.72,32
1659586320,1771.66,94
1659586380,1771.66,52
1659586440,1771.72,52
1659586500,1771.34,70
1659586560,1771.18,62
1659586620,1770.98,60
1659586680,1770.98,68
1659586740,1771.14,56
1659586800,1771.38,64
1659586860,1771.11,30
1659586920,1771.22,40
1659586980,1770.58,106
1659587040,1770.80,68
1659587100,1770.86,58
1659587160,1770.94,44
1659587220,1770.94,52
1659587280,1771.10,30
1659587340,1770.90,48
1659587400,1770.72,36
1659587460,1770.33,65
1659587520,1770.71,60
1659587580,1770.47,31
1659587640,1770.56,24
1659587700,1770.46,34
1659587760,1770.34,49
1659587820,1770.72,37
1659587880,1770.63,20
1659587940,1770.76,32
1659588000,1770.90,48
1659588060,1770.63,48
1659588120,1770.71,68
1659588180,1771.02,42
1659588240,1770.96,24
1659588300,1771.22,36
1659588360,1770.94,46
1659588420,1770.84,20
1659588480,1770.84,30
1659588540,1771.22,48
1659588600,1771.08,40
1659588660,1771.38,52
1659588720,1771.18,40
1659588780,1771.31,46
1659588840,1771.28,40
1659588900,1771.14,38
1659588960,1771.12,34
1659589020,1771.06,48
1659589080,1771.07,38
1659589140,1770.98,40
1659589200,1771.20,44
1659589260,1771.42,46
1659589320,1771.39,34
1659589380,1771.39,70
1659589440,1771.10,62
1659589500,1771.06,38
1659589560,1771.30,40
1659589620,1771.22,46
1659589680,1771.22,28
1659589740,1771.44,44
1659589800,1771.45,44
1659589860,1771.26,90
1659589920,1770.70,84
1659589980,1770.76,56
1659590040,1771.16,60
1659590100,1771.26,32
1659590160,1771.28,30
1659590220,1771.26,32
1659590280,1771.53,44
1659590340,1771.52,50
1659590400,1771.48,48
1659590460,1771.62,18
1659590520,1771.91,46
1659590580,1772.86,124
1659590640,1773.23,112
1659590700,1773.52,142
1659590760,1773.32,126
1659590820,1773.12,122
1659590880,1773.34,80
1659590940,1773.40,78
1659591000,1773.38,262
1659591060,1773.80,192
1659591120,1774.25,190
1659591180,1774.00,180
1659591240,1774.25,130
1659591300,1773.93,164
1659591360,1772.95,158
1659591420,1772.30,186
1659591480,1772.48,120
1659591540,1772.32,106
1659591600,1772.40,72
1659591660,1772.77,72
1659591720,1772.74,89
1659591780,1772.56,84
1659591840,1772.69,102
1659591900,1772.30,98
1659591960,1772.68,64
1659592020,1772.59,62
1659592080,1772.64,56
1659592140,1772.74,66
1659592200,1772.72,84
1659592260,1772.41,74
1659592320,1772.42,34
1659592380,1772.30,38
1659592440,1772.08,58
1659592500,1772.20,50
1659592560,1771.84,72
1659592620,1771.61,100
1659592680,1769.93,192
1659592740,1769.90,180
1659592800,1769.98,220
1659592860,1770.21,134
1659592920,1770.01,128
1659592980,1770.19,132
1659593040,1770.33,114
1659593100,1770.70,116
1659593160,1770.60,94
1659593220,1770.74,81
1659593280,1770.26,60
1659593340,1770.08,134
1659593400,1770.16,115
1659593460,1769.84,140
1659593520,1769.58,130
1659593580,1769.68,98
1659593640,1769.58,113
1659593700,1769.53,126
1659593760,1769.43,108
1659593820,1769.43,71
1659593880,1769.60,83
1659593940,1769.42,84
1659594000,1769.79,94
1659594060,1769.82,74
1659594120,1770.20,86
1659594180,1770.24,76
1659594240,1770.34,82
1659594300,1769.96,88
1659594360,1770.34,88
1659594420,1770.24,50
1659594480,1770.12,70
1659594540,1769.56,96
1659594600,1769.72,116
1659594660,1770.26,109
1659594720,1770.65,87
1659594780,1770.59,106
1659594840,1770.69,136
1659594900,1770.44,105
1659594960,1770.19,98
1659595020,1770.27,89
1659595080,1770.46,80
1659595140,1770.35,97
1659595200,1770.37,103
1659595260,1770.35,77
1659595320,1770.64,97
1659595380,1771.17,107
1659595440,1771.26,118
1659595500,1771.67,125
1659595560,1771.60,107
1659595620,1772.04,96
1659595680,1772.62,118
1659595740,1771.96,111
1659595800,1772.04,105
1659595860,1771.89,111
1659595920,1772.39,103
1659595980,1772.17,92
1659596040,1772.25,68
1659596100,1772.11,64
1659596160,1771.70,116
1659596220,1771.41,130
1659596280,1771.65,168
1659596340,1771.74,169
1659596400,1772.20,260
1659596460,1771.50,153
1659596520,1771.68,175
1659596580,1771.68,213
1659596640,1771.76,152
1659596700,1771.44,150
1659596760,1772.42,186
1659596820,1772.30,141
1659596880,1772.69,125
1659596940,1772.73,118
1659597000,1772.68,124
1659597060,1772.93,154
1659597120,1772.90,140
1659597180,1773.22,139
1659597240,1773.24,115
1659597300,1773.48,146
1659597360,1773.00,137
1659597420,1773.40,160
1659597480,1773.56,161
1659597540,1773.30,133
1659597600,1773.32,203
1659597660,1773.76,168
1659597720,1773.89,164
1659597780,1773.50,152
1659597840,1773.46,161
1659597900,1774.08,132
1659597960,1773.91,143
1659598020,1774.26,143
1659598080,1773.94,121
1659598140,1773.91,88
1659598200,1774.18,108
1659598260,1774.28,141
1659598320,1774.05,137
1659598380,1774.06,92
1659598440,1773.75,128
1659598500,1773.97,107
1659598560,1774.18,101
1659598620,1774.40,141
1659598680,1774.55,130
1659598740,1774.55,123
1659598800,1774.50,114
1659598860,1774.71,66
1659598920,1774.78,90
1659598980,1774.58,86
1659599040,1774.17,98
1659599100,1774.64,132
1659599160,1774.74,94
1659599220,1774.46,144
1659599280,1774.55,113
1659599340,1774.15,93
1659599400,1773.95,140
1659599460,1773.66,154
1659599520,1773.37,89
1659599580,1773.44,96
1659599640,1772.88,127
1659599700,1773.05,124
1659599760,1773.24,128
1659599820,1773.12,127
1659599880,1773.00,105
1659599940,1773.06,112
1659600000,1773.22,133
1659600060,1773.68,137
1659600120,1773.58,138
1659600180,1773.50,99
1659600240,1773.40,122
1659600300,1773.96,185
1659600360,1774.18,126
1659600420,1774.23,85
1659600480,1774.06,114
1659600540,1774.22,93
1659600600,1774.26,120
1659600660,1774.25,110
1659600720,1774.56,88
1659600780,1774.41,96
1659600840,1774.59,112
1659600900,1774.67,98
1659600960,1774.06,73
1659601020,1774.75,90
1659601080,1774.92,98
1659601140,1775.21,100
1659601200,1775.02,124
1659601260,1774.98,167
1659601320,1774.71,108
1659601380,1774.40,118
1659601440,1774.29,118
1659601500,1774.28,108
1659601560,1774.02,126
1659601620,1773.84,98
1659601680,1773.93,91
1659601740,1773.62,72
1659601800,1773.58,96
1659601860,1773.22,108
1659601920,1773.13,135
1659601980,1773.01,104
1659602040,1773.60,108
1659602100,1773.49,110
1659602160,1773.84,85
1659602220,1773.48,129
1659602280,1773.31,72
1659602340,1773.52,127
1659602400,1773.59,155
1659602460,1773.61,127
1659602520,1773.70,108
1659602580,1773.40,144
1659602640,1773.68,118
1659602700,1774.22,116
1659602760,1774.24,119
1659602820,1774.43,95
1659602880,1774.20,87
1659602940,1774.60,89
1659603000,1775.08,94
1659603060,1775.26,109
1659603120,1775.58,119
1659603180,1775.44,128
1659603240,1775.69,166
1659603300,1775.66,175
1659603360,1776.85,186
1659603420,1776.40,171
1659603480,1776.24,136
1659603540,1776.36,134
1659603600,1776.47,118
1659603660,1776.94,128
1659603720,1777.70,203
1659603780,1777.44,157
1659603840,1776.99,154
1659603900,1777.74,127
1659603960,1777.66,91
1659604020,1777.03,113
1659604080,1778.42,115
1659604140,1778.72,180
1659604200,1778.44,140
1659604260,1778.32,106
1659604320,1778.44,142
1659604380,1778.24,150
1659604440,1778.08,125
1659604500,1778.32,149
1659604560,1778.36,126
1659604620,1777.77,106
1659604680,1777.62,102
1659604740,1777.36,88
1659604800,1777.56,111
1659604860,1777.77,98
1659604920,1777.85,90
1659604980,1778.00,141
1659605040,1778.06,107
1659605100,1778.14,115
1659605160,1778.18,117
1659605220,1778.05,120
1659605280,1777.90,104
1659605340,1777.73,131
1659605400,1777.76,120
1659605460,1777.79,104
1659605520,1777.63,67
1659605580,1778.08,133
1659605640,1778.14,100
1659605700,1778.33,79
1659605760,1778.75,126
1659605820,1778.99,92
1659605880,1778.80,203
1659605940,1778.50,94
1659606000,1778.64,106
1659606060,1779.15,118
1659606120,1778.68,110
1659606180,1778.89,79
1659606240,1779.01,97
1659606300,1778.76,90
1659606360,1778.77,59
1659606420,1778.88,91
1659606480,1779.22,98
1659606540,1779.22,131
1659606600,1779.42,125
1659606660,1779.40,187
1659606720,1779.84,126
1659606780,1779.93,148
1659606840,1779.64,140
1659606900,1779.93,129
1659606960,1779.73,78
1659607020,1779.61,119
1659607080,1779.62,126
1659607140,1779.76,86
1659607200,1780.24,117
1659607260,1780.40,144
1659607320,1780.80,115
1659607380,1780.62,139
1659607440,1780.41,102
1659607500,1780.54,114
1659607560,1780.01,110
1659607620,1779.86,107
1659607680,1779.68,76
1659607740,1779.36,118
1659607800,1779.99,199
1659607860,1779.20,111
1659607920,1779.22,102
1659607980,1778.97,81
1659608040,1779.17,112
1659608100,1779.48,102
1659608160,1779.09,88
1659608220,1779.14,73
1659608280,1778.76,68
1659608340,1778.79,38
1659608400,1778.59,84
1659608460,1778.59,80
1659608520,1778.77,103
1659608580,1778.57,79
1659608640,1778.58,86
1659608700,1778.80,62
1659608760,1778.74,52
1659608820,1778.72,68
1659608880,1779.52,110
1659608940,1779.57,112
1659609000,1778.94,109
1659609060,1779.05,121
1659609120,1779.30,99
1659609180,1779.72,134
1659609240,1780.05,131
1659609300,1780.19,121
1659609360,1780.14,115
1659609420,1780.23,120
1659609480,1780.78,141
1659609540,1779.89,193
1659609600,1780.18,146
1659609660,1779.92,89
1659609720,1780.38,103
1659609780,1780.07,139
1659609840,1780.48,146
1659609900,1781.19,133
1659609960,1781.49,111
1659610020,1781.86,128
1659610080,1781.77,161
1659610140,1782.11,150
1659610200,1782.66,192
1659610260,1781.94,180
1659610320,1782.00,139
1659610380,1781.86,100
1659610440,1782.18,81
1659610500,1782.20,115
1659610560,1781.89,123
1659610620,1781.92,103
1659610680,1781.47,92
1659610740,1781.61,98
1659610800,1782.24,220
1659610860,1782.00,254
1659610920,1782.00,200
1659610980,1782.04,191
1659611040,1781.51,175
1659611100,1782.02,198
1659611160,1782.11,195
1659611220,1782.36,183
1659611280,1782.80,187
1659611340,1783.27,239
1659611400,1782.78,188
1659611460,1781.64,167
1659611520,1781.06,176
1659611580,1780.92,161
1659611640,1780.68,176
1659611700,1780.78,173
1659611760,1780.78,135
1659611820,1781.56,165
1659611880,1782.03,153
1659611940,1782.82,185
1659612000,1782.59,177
1659612060,1782.67,125
1659612120,1782.56,146
1659612180,1782.86,116
1659612240,1782.57,122
1659612300,1782.01,159
1659612360,1781.56,147
1659612420,1781.84,147
1659612480,1781.56,136
1659612540,1781.66,162
1659612600,1782.39,180
1659612660,1782.42,170
1659612720,1782.68,176
1659612780,1782.02,136
1659612840,1782.48,151
1659612900,1782.36,160
1659612960,1782.34,124
1659613020,1782.36,122
1659613080,1782.30,150
1659613140,1782.78,164
1659613200,1783.42,171
1659613260,1783.53,199
1659613320,1782.94,149
1659613380,1782.94,182
1659613440,1782.70,182
1659613500,1783.26,222
1659613560,1783.48,209
1659613620,1784.20,224
1659613680,1782.73,231
1659613740,1783.28,202
1659613800,1783.86,229
1659613860,1783.60,190
1659613920,1783.20,181
1659613980,1783.58,138
1659614040,1783.80,179
1659614100,1783.73,232
1659614160,1785.09,264
1659614220,1786.00,276
1659614280,1785.54,285
1659614340,1785.67,182
1659614400,1786.33,290
1659614460,1786.64,217
1659614520,1786.34,267
1659614580,1785.64,166
1659614640,1786.88,226
1659614700,1787.32,286
1659614760,1787.40,218
1659614820,1786.94,220
1659614880,1787.33,188
1659614940,1786.92,232
1659615000,1786.74,234
1659615060,1786.98,279
1659615120,1787.28,213
1659615180,1787.69,267
1659615240,1787.94,261
1659615300,1787.60,264
1659615360,1787.36,238
1659615420,1786.92,243
1659615480,1787.20,189
1659615540,1787.70,176
1659615600,1787.04,225
1659615660,1786.29,258
1659615720,1786.22,265
1659615780,1786.05,216
1659615840,1786.96,213
1659615900,1786.18,188
1659615960,1785.14,201
1659616020,1785.24,197
1659616080,1784.62,171
1659616140,1785.20,197
1659616200,1784.82,290
1659616260,1782.84,354
1659616320,1783.80,270
1659616380,1784.22,245
1659616440,1783.76,251
1659616500,1783.12,232
1659616560,1782.98,234
1659616620,1782.40,209
1659616680,1782.87,201
1659616740,1783.30,283
1659616800,1783.32,281
1659616860,1782.88,273
1659616920,1783.58,238
1659616980,1783.63,197
1659617040,1783.90,200
1659617100,1782.46,213
1659617160,1782.34,272
1659617220,1781.15,280
1659617280,1783.16,268
1659617340,1784.38,202
1659617400,1784.16,231
1659617460,1783.86,198
1659617520,1783.94,213
1659617580,1784.05,200
1659617640,1784.06,190
1659617700,1783.58,198
1659617760,1782.70,192
1659617820,1782.25,210
1659617880,1781.99,215
1659617940,1780.71,243
1659618000,1779.48,371
1659618060,1779.36,369
1659618120,1778.72,306
1659618180,1779.90,294
1659618240,1779.48,262
1659618300,1779.46,262
1659618360,1778.91,230
1659618420,1779.38,251
1659618480,1778.94,237
1659618540,1779.86,214
1659618600,1779.07,208
1659618660,1779.14,224
1659618720,1779.33,200
1659618780,1777.27,259
1659618840,1777.60,258
1659618900,1777.64,243
1659618960,1777.29,234
1659619020,1776.90,188
1659619080,1776.64,246
1659619140,1776.48,227
1659619200,1776.37,256
1659619260,1776.74,245
1659619320,1776.32,238
1659619380,1775.74,267
1659619440,1775.66,260
1659619500,1775.88,227
1659619560,1776.01,249
1659619620,1776.18,240
1659619680,1776.15,212
1659619740,1776.80,207
1659619800,1777.08,349
1659619860,1775.88,347
1659619920,1776.40,293
1659619980,1775.18,351
1659620040,1775.73,343
1659620100,1776.08,334
1659620160,1776.26,305
1659620220,1776.80,251
1659620280,1776.75,291
1659620340,1777.23,294
1659620400,1777.16,316
1659620460,1776.72,274
1659620520,1776.82,297
1659620580,1776.58,236
1659620640,1777.88,292
1659620700,1777.70,329
1659620760,1778.40,327
1659620820,1779.32,293
1659620880,1779.98,287
1659620940,1780.99,287
1659621000,1780.39,304
1659621060,1781.09,266
1659621120,1780.60,236
1659621180,1780.99,279
1659621240,1781.20,240
1659621300,1781.82,285
1659621360,1781.92,270
1659621420,1782.21,289
1659621480,1783.14,273
1659621540,1783.49,330
1659621600,1782.32,353
1659621660,1782.89,323
1659621720,1783.44,226
1659621780,1783.21,273
1659621840,1783.73,294
1659621900,1784.84,335
1659621960,1784.28,307
1659622020,1783.94,275
1659622080,1785.40,287
1659622140,1785.58,328
1659622200,1786.14,280
1659622260,1785.75,311
1659622320,1785.91,292
1659622380,1785.82,274
1659622440,1785.87,238
1659622500,1786.41,308
1659622560,1786.54,315
1659622620,1786.38,299
1659622680,1786.24,259
1659622740,1785.13,241
1659622800,1784.88,239
1659622860,1785.13,226
1659622920,1785.42,213
1659622980,1784.52,186
1659623040,1784.68,262
1659623100,1784.32,239
1659623160,1785.30,237
1659623220,1785.87,225
1659623280,1785.74,223
1659623340,1785.19,273
1659623400,1785.74,252
1659623460,1785.77,285
1659623520,1785.04,258
1659623580,1784.96,237
1659623640,1785.47,246
1659623700,1786.20,242
1659623760,1786.37,258
1659623820,1786.68,255
1659623880,1787.55,284
1659623940,1786.84,207
1659624000,1786.98,220
1659624060,1786.00,234
1659624120,1785.81,263
1659624180,1785.72,207
1659624240,1784.29,262
1659624300,1784.48,253
1659624360,1784.90,230
1659624420,1785.39,221
1659624480,1784.99,226
1659624540,1783.91,233
1659624600,1783.55,240
1659624660,1783.70,186
1659624720,1783.06,209
1659624780,1783.79,211
1659624840,1784.05,186
1659624900,1784.74,240
1659624960,1785.24,229
1659625020,1785.48,174
1659625080,1785.43,228
1659625140,1785.83,223
1659625200,1785.98,232
1659625260,1785.80,199
1659625320,1786.00,241
1659625380,1786.47,205
1659625440,1786.98,171
1659625500,1787.26,219
1659625560,1786.80,189
1659625620,1786.67,210
1659625680,1786.27,215
1659625740,1786.02,157
1659625800,1785.83,190
1659625860,1785.31,180
1659625920,1786.42,177
1659625980,1786.26,169
1659626040,1786.11,124
1659626100,1785.32,150
1659626160,1785.41,139
1659626220,1786.13,203
1659626280,1786.74,217
1659626340,1787.26,211
1659626400,1787.58,230
1659626460,1789.15,239
1659626520,1789.59,286
1659626580,1789.54,305
1659626640,1788.11,288
1659626700,1788.22,198
1659626760,1787.90,203
1659626820,1787.78,171
1659626880,1787.40,207
1659626940,1786.88,213
1659627000,1786.74,198
1659627060,1786.98,242
1659627120,1787.91,191
1659627180,1787.54,210
1659627240,1788.08,177
1659627300,1788.10,176
1659627360,1788.31,191
1659627420,1788.06,146
1659627480,1787.46,172
1659627540,1787.52,165
1659627600,1787.60,172
1659627660,1787.46,156
1659627720,1788.08,187
1659627780,1787.60,232
1659627840,1787.24,202
1659627900,1787.47,196
1659627960,1787.46,156
1659628020,1787.64,137
1659628080,1787.83,162
1659628140,1787.76,134
1659628200,1787.53,148
1659628260,1787.92,161
1659628320,1787.83,156
1659628380,1787.78,129
1659628440,1787.92,157
1659628500,1788.38,179
1659628560,1788.44,179
1659628620,1788.26,136
1659628680,1788.00,133
1659628740,1787.78,125
1659628800,1787.78,122
1659628860,1787.64,100
1659628920,1787.20,132
1659628980,1787.93,126
1659629040,1788.11,117
1659629100,1788.42,145
1659629160,1788.86,111
1659629220,1788.92,115
1659629280,1789.27,133
1659629340,1789.69,131
1659629400,1789.46,199
1659629460,1789.62,175
1659629520,1789.37,144
1659629580,1789.44,160
1659629640,1789.69,141
1659629700,1789.11,141
1659629760,1788.74,131
1659629820,1789.74,166
1659629880,1789.60,175
1659629940,1790.38,228
1659630000,1791.14,200
1659630060,1790.78,185
1659630120,1790.28,171
1659630180,1790.56,143
1659630240,1790.24,129
1659630300,1790.39,149
1659630360,1790.74,143
1659630420,1790.59,106
1659630480,1790.26,125
1659630540,1789.92,140
1659630600,1789.68,141
1659630660,1790.46,124
1659630720,1790.54,152
1659630780,1790.30,162
1659630840,1790.43,118
1659630900,1790.54,165
1659630960,1790.26,130
1659631020,1790.42,130
1659631080,1790.44,95
1659631140,1789.93,143
1659631200,1789.85,128
1659631260,1789.92,99
1659631320,1789.93,115
1659631380,1789.99,121
1659631440,1789.95,117
1659631500,1789.71,90
1659631560,1789.40,141
1659631620,1789.80,164
1659631680,1789.52,142
1659631740,1789.60,98
1659631800,1789.81,140
1659631860,1789.72,138
1659631920,1789.92,141
1659631980,1789.76,132
1659632040,1790.10,128
1659632100,1790.13,147
1659632160,1790.14,119
1659632220,1790.48,144
1659632280,1790.45,162
1659632340,1790.54,188
1659632400,1790.82,195
1659632460,1790.86,120
1659632520,1791.02,127
1659632580,1790.94,58
1659632640,1790.64,102
1659632700,1790.30,145
1659632760,1790.30,142
1659632820,1790.53,124
1659632880,1790.92,124
1659632940,1791.04,112
1659633000,1790.85,111
1659633060,1790.64,80
1659633120,1791.07,123
1659633180,1791.24,113
1659633240,1790.94,90
1659633300,1791.16,120
1659633360,1791.52,128
1659633420,1790.85,130
1659633480,1790.72,115
1659633540,1790.64,99
1659633600,1790.54,116
1659633660,1790.64,144
1659633720,1790.37,115
1659633780,1790.72,100
1659633840,1790.04,134
1659633900,1790.04,182
1659633960,1790.12,160
1659634020,1791.10,159
1659634080,1790.73,156
1659634140,1789.66,241
1659634200,1789.56,157
1659634260,1789.58,131
1659634320,1789.70,85
1659634380,1789.90,102
1659634440,1789.57,80
1659634500,1789.99,84
1659634560,1790.60,99
1659634620,1790.67,102
1659634680,1790.39,97
1659634740,1790.39,60
1659634800,1790.35,62
1659634860,1790.66,40
1659634920,1790.53,65
1659634980,1790.65,88
1659635040,1790.73,68
1659635100,1790.80,103
1659635160,1790.70,57
1659635220,1791.09,91
1659635280,1791.29,75
1659635340,1792.18,100
1659635400,1791.86,131
1659635460,1792.00,108
1659635520,1792.14,113
1659635580,1792.10,112
1659635640,1792.42,164
1659635700,1792.64,119
1659635760,1791.88,110
1659635820,1792.01,75
1659635880,1791.99,99
1659635940,1791.87,92
1659636000,1791.86,130
1659636060,1791.74,86
1659636120,1791.52,157
1659636180,1791.61,144
1659636240,1792.00,110
1659636300,1791.88,94
1659636360,1791.88,116
1659636420,1792.26,68
1659636480,1792.20,73
1659636540,1793.57,168
1659636600,1793.68,120
1659636660,1793.67,126
1659636720,1793.73,132
1659636780,1793.52,130
1659636840,1793.70,106
1659636900,1792.97,142
1659636960,1792.98,100
1659637020,1792.90,90
1659637080,1793.26,92
1659637140,1793.80,120
1659637200,1794.38,148
1659637260,1794.40,124
1659637320,1794.33,86
1659637380,1794.02,96
1659637440,1794.07,88
1659637500,1794.04,83
1659637560,1794.16,112
1659637620,1793.80,162
1659637680,1793.57,145
1659637740,1793.55,97
1659637800,1794.06,128
1659637860,1793.85,93
1659637920,1793.65,78
1659637980,1793.83,88
1659638040,1794.10,98
1659638100,1794.22,99
1659638160,1793.34,115
1659638220,1793.26,116
1659638280,1793.38,79
1659638340,1793.56,111
1659638400,1793.22,86
1659638460,1792.89,94
1659638520,1793.27,112
1659638580,1792.92,150
1659638640,1793.32,104
1659638700,1793.07,120
1659638760,1793.44,104
1659638820,1793.88,108
1659638880,1793.78,98
1659638940,1793.87,86
1659639000,1794.46,111
1659639060,1794.46,116
1659639120,1794.67,84
1659639180,1794.49,176
1659639240,1794.39,134
1659639300,1794.26,115
1659639360,1794.40,157
1659639420,1794.52,122
1659639480,1794.88,139
1659639540,1794.69,145
1659639600,1794.86,106
1659639660,1794.49,116
1659639720,1794.39,114
1659639780,1794.60,84
1659639840,1794.46,112
1659639900,1794.05,127
1659639960,1793.79,111
1659640020,1793.60,81
1659640080,1793.58,83
1659640140,1793.90,93
1659640200,1793.27,81
1659640260,1793.05,81
1659640320,1793.16,60
1659640380,1793.77,44
1659640440,1793.35,56
1659640500,1793.27,51
1659640560,1793.38,48
1659640620,1793.72,64
1659640680,1793.16,96
1659640740,1793.52,72
1659640800,1793.32,76
1659640860,1793.30,53
1659640920,1793.32,74
1659640980,1792.79,82
1659641040,1792.82,72
1659641100,1792.51,47
1659641160,1792.50,43
1659641220,1792.60,60
1659641280,1792.55,44
1659641340,1792.84,66
1659641400,1792.81,75
1659641460,1792.62,65
1659641520,1792.49,89
1659641580,1792.64,64
1659641640,1792.43,80
1659641700,1792.30,93
1659641760,1792.08,94
1659641820,1792.26,105
1659641880,1792.17,90
1659641940,1792.02,73
1659642000,1792.10,90
1659642060,1792.21,59
1659642120,1792.34,56
1659642180,1792.49,46
1659642240,1792.48,73
1659642300,1792.34,78
1659642360,1792.37,58
1659642420,1792.88,176
1659642480,1793.14,102
1659642540,1793.49,114
1659642600,1793.60,70
1659642660,1793.94,99
1659642720,1794.20,96
1659642780,1794.18,118
1659642840,1794.27,112
1659642900,1794.20,113
1659642960,1793.90,134
1659643020,1793.66,90
1659643080,1793.72,89
1659643140,1793.63,196
1659643200,1793.18,122
1659643260,1793.32,118
1659643320,1793.48,58
1659643380,1793.40,62
1659643440,1793.38,50
1659643500,1793.12,66
1659643560,1792.98,36
1659643620,1793.00,34
1659643680,1793.14,54
1659643740,1793.50,46
1659643800,1793.53,68
1659643860,1793.18,65
1659643920,1793.08,32
1659643980,1792.78,24
1659644040,1792.73,50
1659644100,1792.53,41
1659644160,1792.30,46
1659644220,1792.28,37
1659644280,1791.95,46
1659644340,1791.70,98
1659644400,1791.57,112
1659644460,1791.19,114
1659644520,1790.90,92
1659644580,1791.47,84
1659644640,1791.57,92
1659644700,1791.33,60
1659644760,1791.56,86
1659644820,1791.59,45
1659644880,1791.38,52
1659644940,1791.38,38
1659645000,1791.50,68
1659645060,1791.20,84
1659645120,1791.48,80
1659645180,1791.51,82
1659645240,1791.30,60
1659645300,1791.27,60
1659645360,1791.56,74
1659645420,1791.73,46
1659645480,1791.66,54
1659645540,1791.46,30
1659645600,1791.46,28
1659645660,1791.52,52
1659645720,1791.56,76
1659645780,1791.66,38
1659645840,1791.56,30
1659645900,1791.24,75
1659645960,1791.24,24
1659646020,1791.05,27
1659646080,1791.20,69
1659646140,1790.82,58
1659646200,1791.02,52
1659646260,1790.98,44
1659646320,1790.90,44
1659646380,1791.10,42
1659646440,1791.14,62
1659646500,1790.82,51
1659646560,1790.76,39
1659650520,1790.93,52
1659650580,1790.76,41
1659650640,1790.73,24
1659650700,1790.45,41
1659650760,1790.70,42
1659650820,1790.68,18
1659650880,1790.52,22
1659650940,1790.39,58
1659651000,1790.00,74
1659651060,1790.26,62
1659651120,1790.16,28
1659651180,1790.18,24
1659651240,1790.21,18
1659651300,1790.52,34
1659651360,1790.15,24
1659651420,1790.04,16
1659651480,1790.04,32
1659651540,1789.83,54
1659651600,1789.94,60
1659651660,1789.95,24
1659651720,1789.94,16
1659651780,1790.13,16
1659651840,1790.13,11
1659651900,1790.13,16
1659651960,1790.21,20
1659652020,1790.22,14
1659652080,1790.12,20
1659652140,1790.12,46
1659652200,1790.26,28
1659652260,1790.36,22
1659652320,1790.48,22
1659652380,1790.48,8
1659652440,1790.48,30
1659652500,1790.16,56
1659652560,1790.06,36
1659652620,1790.20,25
1659652680,1790.34,14
1659652740,1790.41,14
1659652800,1790.50,18
1659652860,1790.50,12
1659653040,1790.26,22
1659653100,1790.42,22
1659653160,1790.36,6
1659653220,1790.43,16
1659653280,1790.44,14
1659653340,1790.57,7
1659653400,1790.76,46
1659653460,1790.80,20
1659653520,1790.89,6
1659653580,1790.80,14
1659653640,1790.81,6
1659653700,1790.60,18
1659653760,1790.61,2
1659653820,1790.65,6
1659653880,1790.71,6
1659653940,1791.06,32
1659654000,1791.54,34
1659654060,1791.54,4
1659654120,1791.65,18
1659654180,1791.54,14
1659654240,1791.64,12
1659654300,1791.70,8
1659654360,1791.68,20
1659654420,1792.04,30
1659654480,1792.44,52
1659654540,1792.51,42
1659654600,1792.32,40
1659654660,1792.32,10
1659654720,1792.41,40
1659654780,1792.40,28
1659654840,1792.42,20
1659654900,1792.69,58
1659654960,1792.70,14
1659655020,1792.90,38
1659655080,1792.76,28
1659655140,1792.73,32
1659655200,1792.86,32
1659655260,1792.93,80
1659655320,1793.06,66
1659655380,1793.32,52
1659655440,1792.82,50
1659655500,1792.96,56
1659655560,1792.94,34
1659655620,1792.88,40
1659655680,1792.89,40
1659655740,1792.94,42
1659655800,1792.96,26
1659655860,1792.71,34
1659655920,1792.68,68
1659655980,1792.78,32
1659656040,1792.80,14
1659656100,1792.82,18
1659656160,1792.57,48
1659656220,1792.12,56
1659656280,1792.60,56
1659656340,1792.50,22
1659656400,1792.72,20
1659656460,1792.71,28
1659656520,1792.81,30
1659656580,1792.82,36
1659656640,1792.91,38
1659656700,1792.62,52
1659656760,1792.66,58
1659656820,1792.64,20
1659656880,1792.62,14
1659656940,1792.44,36
1659657000,1792.38,42
1659657060,1792.49,16
1659657120,1792.82,40
1659657180,1793.02,70
1659657240,1793.55,48
1659657300,1793.39,62
1659657360,1793.48,60
1659657420,1793.18,30
1659657480,1793.22,48
1659657540,1793.38,36
1659657600,1793.08,124
1659657660,1793.32,118
1659657720,1792.60,92
1659657780,1792.47,64
1659657840,1792.44,60
1659657900,1791.94,64
1659657960,1792.16,106
1659658020,1792.16,64
1659658080,1792.01,96
1659658140,1792.32,76
1659658200,1792.48,64
1659658260,1793.32,95
1659658320,1792.73,106
1659658380,1792.74,96
1659658440,1792.78,74
1659658500,1793.25,66
1659658560,1793.31,90
1659658620,1793.20,64
1659658680,1793.52,52
1659658740,1793.48,48
1659658800,1793.72,20
1659658860,1793.48,60
1659658920,1793.32,78
1659658980,1793.33,72
1659659040,1793.15,50
1659659100,1793.56,40
1659659160,1793.48,84
1659659220,1793.46,56
1659659280,1793.26,60
1659659340,1793.12,58
1659659400,1793.28,70
1659659460,1793.49,54
1659659520,1793.60,46
1659659580,1794.02,92
1659659640,1793.82,82
1659659700,1793.93,74
1659659760,1794.20,58
1659659820,1794.27,72
1659659880,1793.88,96
1659659940,1793.55,66
1659660000,1794.10,80
1659660060,1794.11,72
1659660120,1794.20,76
1659660180,1794.26,101
1659660240,1794.20,96
1659660300,1794.27,84
1659660360,1794.52,64
1659660420,1794.40,82
1659660480,1794.32,86
1659660540,1794.24,78
1659660600,1794.74,112
1659660660,1794.82,143
1659660720,1794.62,125
1659660780,1794.28,142
1659660840,1794.36,125
1659660900,1794.22,144
1659660960,1794.14,110
1659661020,1793.96,89
1659661080,1794.23,90
1659661140,1794.05,113
1659661200,1794.58,227
1659661260,1794.20,190
1659661320,1793.80,128
1659661380,1794.08,138
1659661440,1793.12,106
1659661500,1793.50,154
1659661560,1793.27,128
1659661620,1792.37,170
1659661680,1791.91,190
1659661740,1791.88,122
1659661800,1791.89,172
1659661860,1791.80,165
1659661920,1792.04,82
1659661980,1792.03,114
1659662040,1791.62,110
1659662100,1792.20,150
1659662160,1792.22,167
1659662220,1792.12,115
1659662280,1791.85,120
1659662340,1791.82,140
1659662400,1791.71,118
1659662460,1791.35,144
1659662520,1790.86,132
1659662580,1790.99,134
1659662640,1791.17,104
1659662700,1791.74,132
1659662760,1791.50,128
1659662820,1791.09,102
1659662880,1791.25,109
1659662940,1790.56,114
1659663000,1790.98,152
1659663060,1791.16,162
1659663120,1791.16,66
1659663180,1790.88,121
1659663240,1791.23,117
1659663300,1791.85,93
1659663360,1791.64,98
1659663420,1791.30,92
1659663480,1790.83,120
1659663540,1791.14,140
1659663600,1790.98,108
1659663660,1790.82,142
1659663720,1790.59,166
1659663780,1790.36,138
1659663840,1789.83,168
1659663900,1789.34,196
1659663960,1789.21,188
1659664020,1789.62,147
1659664080,1789.90,146
1659664140,1790.00,106
1659664200,1789.96,142
1659664260,1789.92,82
1659664320,1790.23,90
1659664380,1790.50,118
1659664440,1789.94,94
1659664500,1790.10,128
1659664560,1789.94,110
1659664620,1789.48,98
1659664680,1789.59,99
1659664740,1790.16,114
1659664800,1789.52,148
1659664860,1789.32,98
1659664920,1789.45,156
1659664980,1789.48,122
1659665040,1789.52,92
1659665100,1789.50,92
1659665160,1789.84,148
1659665220,1790.46,120
1659665280,1790.10,128
1659665340,1789.94,122
1659665400,1789.98,118
1659665460,1790.12,82
1659665520,1789.84,110
1659665580,1790.02,110
1659665640,1790.00,104
1659665700,1790.44,78
1659665760,1790.18,114
1659665820,1789.82,40
1659665880,1789.88,68
1659665940,1789.68,63
1659666000,1789.65,111
1659666060,1789.75,88
1659666120,1789.74,74
1659666180,1789.67,74
1659666240,1789.42,60
1659666300,1789.12,108
1659666360,1788.91,66
1659666420,1789.00,76
1659666480,1789.12,78
1659666540,1789.20,34
1659666600,1789.46,106
1659666660,1789.44,56
1659666720,1789.65,26
1659666780,1790.14,78
1659666840,1789.81,94
1659666900,1789.64,80
1659666960,1790.02,86
1659667020,1790.02,94
1659667080,1789.83,76
1659667140,1789.68,80
1659667200,1789.84,68
1659667260,1790.24,94
1659667320,1790.24,52
1659667380,1790.12,84
1659667440,1790.08,84
1659667500,1790.06,94
1659667560,1790.23,42
1659667620,1791.06,188
1659667680,1790.67,124
1659667740,1790.80,104
1659667800,1790.48,138
1659667860,1791.03,94
1659667920,1791.04,72
1659667980,1791.14,86
1659668040,1790.97,94
1659668100,1791.09,86
1659668160,1791.32,96
1659668220,1791.28,126
1659668280,1791.16,91
1659668340,1791.07,90
1659668400,1791.10,90
1659668460,1791.34,88
1659668520,1791.44,76
1659668580,1791.56,80
1659668640,1791.68,90
1659668700,1791.42,82
1659668760,1791.66,82
1659668820,1791.48,72
1659668880,1791.64,69
1659668940,1791.64,82
1659669000,1791.73,50
1659669060,1791.84,74
1659669120,1791.76,62
1659669180,1791.84,96
1659669240,1792.12,52
1659669300,1792.09,84
1659669360,1791.94,68
1659669420,1791.97,84
1659669480,1792.02,58
1659669540,1791.88,56
1659669600,1791.73,66
1659669660,1791.86,84
1659669720,1792.18,86
1659669780,1792.20,74
1659669840,1791.90,74
1659669900,1791.95,66
1659669960,1791.82,86
1659670020,1791.84,60
1659670080,1792.41,93
1659670140,1792.97,136
1659670200,1792.80,128
1659670260,1792.10,108
1659670320,1792.13,58
1659670380,1791.96,70
1659670440,1792.28,42
1659670500,1792.32,32
1659670560,1792.32,30
1659670620,1792.34,46
1659670680,1792.34,26
1659670740,1792.28,16
1659670800,1792.22,48
1659670860,1792.00,50
1659670920,1792.08,30
1659670980,1792.05,38
1659671040,1792.26,58
1659671100,1792.48,24
1659671160,1792.44,28
1659671220,1792.34,34
1659671280,1792.50,58
1659671340,1792.66,50
1659671400,1792.82,30
1659671460,1792.87,46
1659671520,1792.48,66
1659671580,1792.37,42
1659671640,1792.20,54
1659671700,1792.34,38
1659671760,1792.47,44
1659671820,1792.53,40
1659671880,1792.25,28
1659671940,1792.20,62
1659672000,1792.16,68
1659672060,1792.30,68
1659672120,1792.11,42
1659672180,1792.14,76
1659672240,1792.08,54
1659672300,1791.92,60
1659672360,1791.70,48
1659672420,1791.55,66
1659672480,1791.68,57
1659672540,1791.70,31
1659672600,1791.81,52
1659672660,1791.92,27
1659672720,1791.89,21
1659672780,1791.99,9
1659672840,1792.22,9
1659672900,1792.10,21
1659672960,1792.11,8
1659673020,1791.99,26
1659673080,1791.99,9
1659673140,1791.97,5
1659673200,1791.69,36
1659673260,1791.43,35
1659673320,1791.44,12
1659673380,1791.13,20
1659673440,1791.25,60
1659673500,1791.38,40
1659673560,1791.39,40
1659673620,1791.40,40
1659673680,1791.28,30
1659673740,1791.38,50
1659673800,1791.54,56
1659673860,1791.68,74
1659673920,1791.86,38
1659673980,1791.94,30
1659674040,1792.02,42
1659674100,1791.88,40
1659674160,1791.78,54
1659674220,1791.31,56
1659674280,1791.60,62
1659674340,1791.42,60
1659674400,1791.38,38
1659674460,1791.46,40
1659674520,1791.64,46
1659674580,1791.58,24
1659674640,1791.74,54
1659674700,1791.78,54
1659674760,1792.02,80
1659674820,1792.18,56
1659674880,1792.02,64
1659674940,1792.36,60
1659675000,1792.51,82
1659675060,1792.38,52
1659675120,1792.55,24
1659675180,1792.81,40
1659675240,1792.78,58
1659675300,1792.12,78
1659675360,1791.66,82
1659675420,1791.56,96
1659675480,1791.77,52
1659675540,1791.84,58
1659675600,1792.30,118
1659675660,1791.70,52
1659675720,1791.62,52
1659675780,1791.36,64
1659675840,1791.22,46
1659675900,1791.20,54
1659675960,1791.12,46
1659676020,1791.29,58
1659676080,1791.13,40
1659676140,1791.09,44
1659676200,1791.36,38
1659676260,1791.58,63
1659676320,1791.42,50
1659676380,1790.54,98
1659676440,1790.17,114
1659676500,1790.27,111
1659676560,1790.28,114
1659676620,1790.76,86
1659676680,1790.68,26
1659676740,1790.76,38
1659676800,1791.18,78
1659676860,1791.36,40
1659676920,1791.26,60
1659676980,1790.92,34
1659677040,1791.40,60
1659677100,1791.20,60
1659677160,1791.25,48
1659677220,1791.12,36
1659677280,1791.08,58
1659677340,1790.96,58
1659677400,1790.76,176
1659677460,1790.94,124
1659677520,1790.92,123
1659677580,1791.11,112
1659677640,1790.65,124
1659677700,1790.96,76
1659677760,1791.00,70
1659677820,1791.06,64
1659677880,1791.35,90
1659677940,1791.23,96
1659678000,1791.62,110
1659678060,1791.64,96
1659678120,1792.16,118
1659678180,1792.20,122
1659678240,1792.42,104
1659678300,1792.37,100
1659678360,1792.53,84
1659678420,1792.63,94
1659678480,1792.60,70
1659678540,1792.18,74
1659678600,1792.30,70
1659678660,1792.32,64
1659678720,1791.78,116
1659678780,1791.53,84
1659678840,1791.76,110
1659678900,1791.36,92
1659678960,1791.19,82
1659679020,1791.08,98
1659679080,1791.01,80
1659679140,1791.38,104
1659679200,1791.45,124
1659679260,1791.23,146
1659679320,1791.00,104
1659679380,1791.14,110
1659679440,1792.02,108
1659679500,1791.84,92
1659679560,1792.14,113
1659679620,1791.92,121
1659679680,1791.44,99
1659679740,1791.54,102
1659679800,1791.04,152
1659679860,1790.86,92
1659679920,1790.66,112
1659679980,1790.26,130
1659680040,1789.91,156
1659680100,1790.00,135
1659680160,1789.89,130
1659680220,1789.18,110
1659680280,1789.56,100
1659680340,1789.31,93
1659680400,1789.24,104
1659680460,1788.86,155
1659680520,1789.00,119
1659680580,1788.99,118
1659680640,1789.48,151
1659680700,1789.31,148
1659680760,1789.32,90
1659680820,1789.80,93
1659680880,1789.86,102
1659680940,1789.47,98
1659681000,1789.01,116
1659681060,1789.13,110
1659681120,1788.82,100
1659681180,1788.97,123
1659681240,1788.78,90
1659681300,1788.84,124
1659681360,1789.14,108
1659681420,1789.08,155
1659681480,1789.29,94
1659681540,1789.40,117
1659681600,1789.44,112
1659681660,1789.68,74
1659681720,1789.60,92
1659681780,1789.56,51
1659681840,1789.58,94
1659681900,1789.73,141
1659681960,1789.90,94
1659682020,1789.38,89
1659682080,1789.15,88
1659682140,1789.00,131
1659682200,1789.48,103
1659682260,1789.85,135
1659682320,1790.04,110
1659682380,1790.22,128
1659682440,1790.21,134
1659682500,1789.96,157
1659682560,1790.11,104
1659682620,1790.34,108
1659682680,1790.76,94
1659682740,1790.84,163
1659682800,1790.75,202
1659682860,1790.40,159
1659682920,1790.47,100
1659682980,1790.45,124
1659683040,1790.58,80
1659683100,1791.42,159
1659683160,1791.95,242
1659683220,1791.94,194
1659683280,1791.96,183
1659683340,1791.87,166
1659683400,1791.92,126
1659683460,1791.39,131
1659683520,1791.12,145
1659683580,1791.05,108
1659683640,1790.86,120
1659683700,1790.76,168
1659683760,1790.80,140
1659683820,1791.01,138
1659683880,1790.93,118
1659683940,1791.17,98
1659684000,1791.17,154
1659684060,1790.82,106
1659684120,1790.69,78
1659684180,1791.25,112
1659684240,1791.21,87
1659684300,1791.49,134
1659684360,1791.45,162
1659684420,1791.09,122
1659684480,1791.25,132
1659684540,1792.01,128
1659684600,1791.86,152
1659684660,1791.64,131
1659684720,1791.81,132
1659684780,1792.30,118
1659684840,1792.05,143
1659684900,1792.07,177
1659684960,1792.31,96
1659685020,1791.14,172
1659685080,1790.75,200
1659685140,1790.16,157
1659685200,1789.79,272
1659685260,1789.81,198
1659685320,1790.21,161
1659685380,1789.90,151
1659685440,1789.71,130
1659685500,1789.74,184
1659685560,1789.24,114
1659685620,1789.39,217
1659685680,1789.46,172
1659685740,1789.57,165
1659685800,1789.46,169
1659685860,1789.74,153
1659685920,1789.82,89
1659685980,1789.54,116
1659686040,1789.72,149
1659686100,1789.84,121
1659686160,1790.13,118
1659686220,1790.81,136
1659686280,1790.42,106
1659686340,1790.50,130
1659686400,1790.18,143
1659686460,1790.59,151
1659686520,1790.20,137
1659686580,1790.20,132
1659686640,1789.94,140
1659686700,1789.90,113
1659686760,1789.56,119
1659686820,1788.72,128
1659686880,1788.74,155
1659686940,1788.55,147
1659687000,1787.62,160
1659687060,1787.63,174
1659687120,1787.51,149
1659687180,1787.68,119
1659687240,1787.78,138
1659687300,1787.49,139
1659687360,1787.02,181
1659687420,1786.82,163
1659687480,1786.75,184
1659687540,1786.95,150
1659687600,1786.28,175
1659687660,1786.16,165
1659687720,1786.37,137
1659687780,1786.58,103
1659687840,1786.50,163
1659687900,1786.24,134
1659687960,1785.99,188
1659688020,1786.08,107
1659688080,1786.54,134
1659688140,1785.88,116
1659688200,1786.40,163
1659688260,1786.06,168
1659688320,1785.76,161
1659688380,1786.12,141
1659688440,1786.66,139
1659688500,1787.10,180
1659688560,1787.06,153
1659688620,1786.97,108
1659688680,1786.78,93
1659688740,1786.99,115
1659688800,1786.60,109
1659688860,1786.63,120
1659688920,1786.77,90
1659688980,1787.64,120
1659689040,1787.52,122
1659689100,1788.06,204
1659689160,1788.13,155
1659689220,1787.71,140
1659689280,1787.34,141
1659689340,1787.04,140
1659689400,1787.35,121
1659689460,1787.03,115
1659689520,1786.78,128
1659689580,1787.18,175
1659689640,1787.00,112
1659689700,1786.76,72
1659689760,1786.49,122
1659689820,1786.56,101
1659689880,1787.30,115
1659689940,1787.36,123
1659690000,1787.96,159
1659690060,1787.30,134
1659690120,1787.29,154
1659690180,1787.00,129
1659690240,1787.06,105
1659690300,1787.06,124
1659690360,1786.92,163
1659690420,1787.15,122
1659690480,1787.02,133
1659690540,1786.94,77
1659690600,1787.52,120
1659690660,1787.49,81
1659690720,1787.31,86
1659690780,1787.03,96
1659690840,1787.12,107
1659690900,1787.24,135
1659690960,1787.14,76
1659691020,1786.90,91
1659691080,1786.81,146
1659691140,1786.39,105
1659691200,1787.01,119
1659691260,1787.20,106
1659691320,1787.20,77
1659691380,1786.98,76
1659691440,1787.21,63
1659691500,1787.24,101
1659691560,1787.22,110
1659691620,1786.80,108
1659691680,1786.63,97
1659691740,1786.54,93
1659691800,1786.13,101
1659691860,1786.22,137
1659691920,1786.80,124
1659691980,1786.66,119
1659692040,1786.53,113
1659692100,1785.91,117
1659692160,1786.20,132
1659692220,1786.18,74
1659692280,1786.18,91
1659692340,1785.84,153
1659692400,1786.62,117
1659692460,1786.73,125
1659692520,1787.00,110
1659692580,1786.87,130
1659692640,1786.65,74
1659692700,1786.62,118
1659692760,1786.98,113
1659692820,1786.62,138
1659692880,1786.42,66
1659692940,1786.75,108
1659693000,1786.74,115
1659693060,1786.41,85
1659693120,1786.24,120
1659693180,1785.66,91
1659693240,1785.74,147
1659693300,1785.92,117
1659693360,1785.96,89
1659693420,1786.37,114
1659693480,1786.42,88
1659693540,1786.60,43
1659693600,1786.66,123
1659693660,1786.74,117
1659693720,1786.78,126
1659693780,1786.80,77
1659693840,1786.76,79
1659693900,1786.30,86
1659693960,1786.80,76
1659694020,1786.76,92
1659694080,1786.18,95
1659694140,1786.17,64
1659694200,1785.30,160
1659694260,1785.67,128
1659694320,1785.62,142
1659694380,1785.49,136
1659694440,1785.41,92
1659694500,1785.84,146
1659694560,1786.58,91
1659694620,1786.80,83
1659694680,1786.43,80
1659694740,1786.73,115
1659694800,1786.51,112
1659694860,1786.54,90
1659694920,1786.45,102
1659694980,1786.42,128
1659695040,1785.78,57
1659695100,1785.52,99
1659695160,1786.32,114
1659695220,1786.22,92
1659695280,1786.40,114
1659695340,1786.62,108
1659695400,1786.63,119
1659695460,1786.52,114
1659695520,1786.31,83
1659695580,1786.37,73
1659695640,1786.45,71
1659695700,1786.62,86
1659695760,1786.47,86
1659695820,1785.67,103
1659695880,1785.75,118
1659695940,1785.81,114
1659696000,1785.20,140
1659696060,1785.32,122
1659696120,1784.94,137
1659696180,1784.70,123
1659696240,1784.97,115
1659696300,1784.89,131
1659696360,1784.38,108
1659696420,1784.21,110
1659696480,1784.66,117
1659696540,1785.20,117
1659696600,1784.92,101
1659696660,1785.06,125
1659696720,1784.99,78
1659696780,1784.68,81
1659696840,1784.27,104
1659696900,1784.20,111
1659696960,1784.24,118
1659697020,1783.96,108
1659697080,1785.30,137
1659697140,1785.22,128
1659697200,1786.06,193
1659697260,1786.10,178
1659697320,1785.99,125
1659697380,1785.76,125
1659697440,1785.76,111
1659697500,1785.40,123
1659697560,1785.58,159
1659697620,1784.64,138
1659697680,1784.80,114
1659697740,1784.66,94
1659697800,1785.20,79
1659697860,1784.67,83
1659697920,1785.06,115
1659697980,1785.44,115
1659698040,1785.29,142
1659698100,1785.28,108
1659698160,1784.79,100
1659698220,1784.28,110
1659698280,1784.07,121
1659698340,1784.22,124
1659698400,1784.46,142
1659698460,1784.50,100
1659698520,1784.78,130
1659698580,1784.66,92
1659698640,1784.94,88
1659698700,1785.90,124
1659698760,1785.76,128
1659698820,1786.00,126
1659698880,1786.04,79
1659698940,1786.47,147
1659699000,1786.91,126
1659699060,1787.26,142
1659699120,1787.28,105
1659699180,1787.29,124
1659699240,1787.24,124
1659699300,1787.30,147
1659699360,1787.48,159
1659699420,1787.46,102
1659699480,1787.10,92
1659699540,1787.49,108
1659699600,1787.64,108
1659699660,1787.75,140
1659699720,1787.62,106
1659699780,1787.90,83
1659699840,1787.84,130
1659699900,1786.84,157
1659699960,1787.00,151
1659700020,1787.13,144
1659700080,1787.31,116
1659700140,1787.10,118
1659700200,1787.40,138
1659700260,1787.38,98
1659700320,1787.29,126
1659700380,1788.15,163
1659700440,1787.92,143
1659700500,1787.54,147
1659700560,1787.46,100
1659700620,1787.56,134
1659700680,1787.56,144
1659700740,1787.88,140
1659700800,1788.22,152
1659700860,1787.34,130
1659700920,1787.81,160
1659700980,1787.97,140
1659701040,1788.11,142
1659701100,1788.17,146
1659701160,1787.87,140
1659701220,1788.35,152
1659701280,1787.72,126
1659701340,1788.46,150
1659701400,1788.06,182
1659701460,1788.15,104
1659701520,1787.64,150
1659701580,1788.00,116
1659701640,1788.47,166
1659701700,1788.10,155
1659701760,1788.11,173
1659701820,1787.48,174
1659701880,1787.35,124
1659701940,1787.33,188
1659702000,1788.06,226
1659702060,1788.20,224
1659702120,1788.76,226
1659702180,1788.64,250
1659702240,1787.11,218
1659702300,1788.18,254
1659702360,1788.85,230
1659702420,1788.95,154
1659702480,1788.54,118
1659702540,1788.66,170
1659702600,1778.90,456
1659702660,1778.06,463
1659702720,1774.63,443
1659702780,1774.29,451
1659702840,1777.60,446
1659702900,1777.72,402
1659702960,1776.57,409
1659703020,1775.34,383
1659703080,1775.01,376
1659703140,1775.61,374
1659703200,1775.32,407
1659703260,1776.20,381
1659703320,1775.52,396
1659703380,1775.52,418
1659703440,1773.72,391
1659703500,1773.12,404
1659703560,1772.12,362
1659703620,1773.36,411
1659703680,1771.40,380
1659703740,1771.28,380
1659703800,1771.59,370
1659703860,1772.10,361
1659703920,1771.18,381
1659703980,1771.08,322
1659704040,1770.21,352
1659704100,1769.76,375
1659704160,1767.82,414
1659704220,1769.90,386
1659704280,1768.92,383
1659704340,1769.11,414
1659704400,1769.63,453
1659704460,1768.91,375
1659704520,1766.86,399
1659704580,1766.76,352
1659704640,1767.98,378
1659704700,1767.28,346
1659704760,1766.98,375
1659704820,1766.92,333
1659704880,1768.78,378
1659704940,1766.89,378
1659705000,1766.04,385
1659705060,1765.98,340
1659705120,1765.69,337
1659705180,1766.18,338
1659705240,1766.58,352
1659705300,1767.08,336
1659705360,1767.78,327
1659705420,1768.05,282
1659705480,1767.73,383
1659705540,1768.04,404
1659705600,1768.03,366
1659705660,1767.70,330
1659705720,1767.12,299
1659705780,1767.83,319
1659705840,1768.96,332
1659705900,1769.41,370
1659705960,1769.18,334
1659706020,1769.64,304
1659706080,1770.53,315
1659706140,1770.46,322
1659706200,1769.84,378
1659706260,1770.82,343
1659706320,1773.46,372
1659706380,1771.80,364
1659706440,1772.45,287
1659706500,1771.54,370
1659706560,1771.42,321
1659706620,1771.60,314
1659706680,1770.46,306
1659706740,1770.42,311
1659706800,1770.54,334
1659706860,1769.60,353
1659706920,1770.29,338
1659706980,1771.52,308
1659707040,1772.00,339
1659707100,1771.24,399
1659707160,1770.36,337
1659707220,1771.06,309
1659707280,1769.86,324
1659707340,1770.28,343
1659707400,1771.41,369
1659707460,1771.97,346
1659707520,1772.22,340
1659707580,1773.09,332
1659707640,1773.63,331
1659707700,1773.32,339
1659707760,1773.02,296
1659707820,1774.24,320
1659707880,1774.12,331
1659707940,1775.00,307
1659708000,1773.25,334
1659708060,1773.76,362
1659708120,1775.81,359
1659708180,1775.86,361
1659708240,1775.07,323
1659708300,1774.44,333
1659708360,1775.44,320
1659708420,1775.38,320
1659708480,1775.83,331
1659708540,1776.47,331
1659708600,1775.76,339
1659708660,1777.62,352
1659708720,1776.41,339
1659708780,1777.98,320
1659708840,1778.12,330
1659708900,1777.97,381
1659708960,1777.80,360
1659709020,1776.67,331
1659709080,1776.28,360
1659709140,1776.99,340
1659709200,1777.56,318
1659709260,1778.30,276
1659709320,1777.72,318
1659709380,1777.41,272
1659709440,1776.38,239
1659709500,1775.72,357
1659709560,1775.77,276
1659709620,1776.26,255
1659709680,1776.84,283
1659709740,1777.06,251
1659709800,1777.53,311
1659709860,1778.01,301
1659709920,1776.84,267
1659709980,1776.53,251
1659710040,1776.74,321
1659710100,1778.07,269
1659710160,1777.90,244
1659710220,1777.16,205
1659710280,1777.14,230
1659710340,1776.61,195
1659710400,1775.92,238
1659710460,1777.16,250
1659710520,1776.50,256
1659710580,1775.88,240
1659710640,1775.71,249
1659710700,1775.56,257
1659710760,1776.42,221
1659710820,1776.54,268
1659710880,1775.84,227
1659710940,1775.88,196
1659711000,1776.66,222
1659711060,1776.62,258
1659711120,1776.82,232
1659711180,1777.16,244
1659711240,1776.61,240
1659711300,1776.22,280
1659711360,1777.58,219
1659711420,1777.84,190
1659711480,1777.78,269
1659711540,1777.92,220
1659711600,1777.77,236
1659711660,1776.36,209
1659711720,1775.83,242
1659711780,1775.61,256
1659711840,1775.97,222
1659711900,1775.79,230
1659711960,1775.46,203
1659712020,1775.54,208
1659712080,1775.76,224
1659712140,1775.99,206
1659712200,1776.44,196
1659712260,1776.19,227
1659712320,1775.84,197
1659712380,1775.74,218
1659712440,1776.25,164
1659712500,1776.65,217
1659712560,1776.64,178
1659712620,1776.74,186
1659712680,1776.56,200
1659712740,1776.69,173
1659712800,1776.94,202
1659712860,1776.48,165
1659712920,1776.10,208
1659712980,1775.84,230
1659713040,1776.11,240
1659713100,1775.55,255
1659713160,1774.74,257
1659713220,1774.60,238
1659713280,1774.86,260
1659713340,1774.57,270
1659713400,1775.45,244
1659713460,1775.02,242
1659713520,1776.20,247
1659713580,1776.22,233
1659713640,1775.88,202
1659713700,1775.41,230
1659713760,1775.86,202
1659713820,1775.77,194
1659713880,1775.24,214
1659713940,1775.03,211
1659714000,1775.19,204
1659714060,1775.28,208
1659714120,1775.03,178
1659714180,1775.48,194
1659714240,1774.79,176
1659714300,1775.08,162
1659714360,1774.72,164
1659714420,1774.14,158
1659714480,1773.36,178
1659714540,1773.34,188
1659714600,1773.13,174
1659714660,1773.30,203
1659714720,1773.34,200
1659714780,1773.58,216
1659714840,1772.98,192
1659714900,1773.39,212
1659714960,1772.82,216
1659715020,1773.36,155
1659715080,1773.74,188
1659715140,1773.76,195
1659715200,1772.94,200
1659715260,1773.14,170
1659715320,1773.42,168
1659715380,1773.88,192
1659715440,1773.56,176
1659715500,1774.00,224
1659715560,1773.51,182
1659715620,1772.87,190
1659715680,1772.59,165
1659715740,1772.33,178
1659715800,1772.80,202
1659715860,1773.42,146
1659715920,1773.20,188
1659715980,1773.28,148
1659716040,1773.13,138
1659716100,1772.92,150
1659716160,1773.08,156
1659716220,1773.12,150
1659716280,1772.37,191
1659716340,1772.00,163
1659716400,1772.14,169
1659716460,1772.08,172
1659716520,1771.74,166
1659716580,1772.07,126
1659716640,1771.89,102
1659716700,1772.22,120
1659716760,1772.46,92
1659716820,1772.70,140
1659716880,1772.76,146
1659716940,1772.64,159
1659717000,1772.83,150
1659717060,1772.62,145
1659717120,1772.52,126
1659717180,1772.85,110
1659717240,1772.46,109
1659717300,1772.64,107
1659717360,1772.22,120
1659717420,1772.54,133
1659717480,1772.42,151
1659717540,1772.28,104
1659717600,1773.07,140
1659717660,1773.24,133
1659717720,1773.48,124
1659717780,1773.36,98
1659717840,1773.60,148
1659717900,1773.78,189
1659717960,1773.74,154
1659718020,1774.27,192
1659718080,1774.46,192
1659718140,1774.52,172
1659718200,1774.76,175
1659718260,1775.14,126
1659718320,1774.75,235
1659718380,1774.18,194
1659718440,1774.36,134
1659718500,1774.34,140
1659718560,1774.42,144
1659718620,1774.68,144
1659718680,1774.54,156
1659718740,1774.36,152
1659718800,1774.20,138
1659718860,1773.60,136
1659718920,1773.92,145
1659718980,1773.74,136
1659719040,1774.48,132
1659719100,1774.69,146
1659719160,1775.20,148
1659719220,1775.00,142
1659719280,1774.88,129
1659719340,1774.68,143
1659719400,1774.78,161
1659719460,1775.16,149
1659719520,1775.22,127
1659719580,1775.11,136
1659719640,1775.10,117
1659719700,1775.16,150
1659719760,1774.76,154
1659719820,1774.74,155
1659719880,1774.62,144
1659719940,1774.64,183
1659720000,1774.38,164
1659720060,1774.49,148
1659720120,1774.72,163
1659720180,1774.88,110
1659720240,1774.94,164
1659720300,1775.04,176
1659720360,1775.36,144
1659720420,1774.74,127
1659720480,1774.90,148
1659720540,1775.32,208
1659720600,1775.54,146
1659720660,1774.90,139
1659720720,1774.90,158
1659720780,1774.73,132
1659720840,1774.52,146
1659720900,1774.60,134
1659720960,1774.80,136
1659721020,1775.03,132
1659721080,1775.08,132
1659721140,1775.48,134
1659721200,1775.64,105
1659721260,1775.40,145
1659721320,1775.61,130
1659721380,1775.58,124
1659721440,1775.41,136
1659721500,1775.64,92
1659721560,1775.92,138
1659721620,1775.96,126
1659721680,1775.99,156
1659721740,1775.74,104
1659721800,1775.98,151
1659721860,1775.80,115
1659721920,1775.69,128
1659721980,1775.77,102
1659722040,1775.48,78
1659722100,1775.03,132
1659722160,1774.98,110
1659722220,1775.22,86
1659722280,1775.19,104
1659722340,1775.08,86
1659722400,1774.96,178
1659722460,1775.16,114
1659722520,1775.64,114
1659722580,1775.68,120
1659722640,1775.69,58
1659722700,1775.27,112
1659722760,1774.94,130
1659722820,1774.68,106
1659722880,1774.30,102
1659722940,1774.17,89
1659723000,1774.08,96
1659723060,1773.88,116
1659723120,1773.78,104
1659723180,1773.87,106
1659723240,1774.00,100
1659723300,1774.06,106
1659723360,1774.35,94
1659723420,1774.29,124
1659723480,1774.26,88
1659723540,1774.26,120
1659723600,1774.10,112
1659723660,1773.78,100
1659723720,1773.82,104
1659723780,1773.97,108
1659723840,1774.20,118
1659723900,1774.13,112
1659723960,1773.88,60
1659724020,1773.88,64
1659724080,1773.95,106
1659724140,1773.76,129
1659724200,1773.54,112
1659724260,1773.68,78
1659724320,1774.38,106
1659724380,1774.32,68
1659724440,1774.33,82
1659724500,1774.26,99
1659724560,1774.34,50
1659724620,1774.53,110
1659724680,1774.42,74
1659724740,1774.42,90
1659724800,1774.58,92
1659724860,1774.90,100
1659724920,1774.69,74
1659724980,1774.52,104
1659725040,1774.76,80
1659725100,1774.73,100
1659725160,1774.68,110
1659725220,1774.22,60
1659725280,1774.34,68
1659725340,1774.04,97
1659725400,1773.86,80
1659725460,1773.34,119
1659725520,1773.55,114
1659725580,1773.38,66
1659725640,1773.20,30
1659725700,1772.80,119
1659725760,1772.60,103
1659725820,1772.81,127
1659725880,1772.88,138
1659725940,1772.70,134
1659726000,1772.82,252
1659726060,1772.18,173
1659726120,1772.52,138
1659726180,1772.58,104
1659726240,1772.62,130
1659726300,1772.63,90
1659726360,1772.02,114
1659726420,1772.07,84
1659726480,1772.46,90
1659726540,1772.88,88
1659726600,1773.45,102
1659726660,1773.53,106
1659726720,1773.52,113
1659726780,1773.55,95
1659726840,1773.81,98
1659726900,1774.04,104
1659726960,1773.95,94
1659727020,1773.98,111
1659727080,1774.36,102
1659727140,1774.26,146
1659727200,1773.43,112
1659727260,1773.82,112
1659727320,1774.16,90
1659727380,1774.22,112
1659727440,1774.71,82
1659727500,1774.87,82
1659727560,1774.78,110
1659727620,1774.82,72
1659727680,1775.00,96
1659727740,1774.97,88
1659727800,1775.01,88
1659727860,1775.30,72
1659727920,1774.92,102
1659727980,1775.02,50
1659728040,1774.96,30
1659728100,1775.27,86
1659728160,1775.20,84
1659728220,1774.93,78
1659728280,1774.78,74
1659728340,1774.54,108
1659728400,1774.94,118
1659728460,1775.00,64
1659728520,1775.24,117
1659728580,1774.80,109
1659728640,1775.18,97
1659728700,1775.28,108
1659728760,1774.80,120
1659728820,1774.61,78
1659728880,1774.18,83
1659728940,1774.15,72
1659729000,1774.61,128
1659729060,1774.83,74
1659729120,1774.92,104
1659729180,1775.10,78
1659729240,1775.23,92
1659729300,1774.98,136
1659729360,1774.96,106
1659729420,1775.22,140
1659729480,1774.07,190
1659729540,1773.60,226
1659729600,1773.24,158
1659729660,1773.72,92
1659729720,1773.84,52
1659729780,1773.96,46
1659729840,1773.93,26
1659729900,1774.04,16
1659729960,1773.86,20
1659730020,1773.85,16
1659730080,1773.76,20
1659730140,1773.88,30
1659730200,1773.98,20
1659730260,1774.18,26
1659730320,1774.36,26
1659730380,1774.76,54
1659730440,1774.78,30
1659730500,1774.86,2
1659730560,1775.12,67
1659730620,1774.71,40
1659730680,1774.56,55
1659730740,1774.34,42
1659730800,1774.29,22
1659730860,1774.18,20
1659730920,1774.43,36
1659730980,1774.47,28
1659731040,1774.56,14
1659731100,1774.63,34
1659731160,1774.68,6
1659731220,1774.77,6
1659731280,1774.73,20
1659731340,1774.67,20
1659731400,1774.71,26
1659731460,1774.82,10
1659731520,1774.84,14
1659731580,1774.84,12
1659731640,1774.89,16
1659731700,1774.82,28
1659731760,1774.50,28
1659731820,1774.40,22
1659731880,1774.42,28
1659731940,1774.56,52
1659732000,1774.60,20
1659732060,1774.78,28
1659732120,1774.80,26
1659732180,1774.76,20
1659732240,1774.71,28
1659732300,1774.76,32
1659732360,1774.88,28
1659732420,1774.86,36
1659732480,1774.67,24
1659732540,1774.06,104
1659732600,1774.16,50
1659732660,1774.15,22
1659732720,1774.75,48
1659732780,1775.08,66
1659732840,1775.45,72
1659732900,1775.38,48
1659732960,1775.56,27
1659909720,1771.02,126
1659909780,1771.60,114
1659909840,1773.49,85
1659909900,1774.09,99
1659909960,1774.74,94
1659910020,1774.70,57
1659910080,1774.68,20
1659910140,1773.94,34
1659910200,1773.20,77
1659910260,1773.53,62
1659910320,1774.29,62
1659910380,1773.49,37
1659910440,1773.65,35
1659910500,1773.49,31
1659910560,1773.44,42
1659910620,1773.52,16
1659910680,1773.50,20
1659910740,1773.94,20
1659910800,1774.11,32
1659910860,1774.34,36
1659910920,1773.96,52
1659910980,1773.96,30
1659911040,1774.07,22
1659911100,1774.02,52
1659911160,1774.32,40
1659911220,1774.12,56
1659911280,1774.33,30
1659911340,1774.48,26
1659911400,1774.66,18
1659911460,1774.88,30
1659911520,1775.02,48
1659911580,1774.66,32
1659911640,1774.36,32
1659911700,1774.01,36
1659911760,1773.75,18
1659911820,1773.97,18
1659911880,1774.22,18
1659911940,1774.02,30
1659912000,1774.39,38
1659912060,1774.29,34
1659912120,1773.97,38
1659912180,1774.14,28
1659912240,1774.01,24
1659912300,1774.07,26
1659912360,1774.02,50
1659912420,1774.59,38
1659912480,1774.61,14
1659912540,1774.65,20
1659912600,1774.49,36
1659912660,1774.22,50
1659912720,1774.51,38
1659912780,1774.22,24
1659912840,1774.08,10
1659912900,1774.02,22
1659912960,1773.82,20
1659913020,1773.68,24
1659913080,1773.86,30
1659913140,1773.87,16
1659913200,1774.24,30
1659913260,1774.47,24
1659913320,1773.93,22
1659913380,1773.98,14
1659913440,1774.37,28
1659913500,1774.64,44
1659913560,1774.64,34
1659913620,1774.64,12
1659913680,1774.85,26
1659913740,1774.86,54
1659913800,1774.88,36
1659913860,1774.86,42
1659913920,1774.78,24
1659913980,1774.75,18
1659914040,1774.67,24
1659914100,1774.48,40
1659914160,1774.55,16
1659914220,1774.27,18
1659914280,1774.09,36
1659914340,1774.41,26
1659914400,1774.46,10
1659914460,1774.30,14
1659914520,1774.11,20
1659914580,1774.10,30
1659914640,1774.36,10
1659914700,1774.50,36
1659914760,1774.42,18
1659914820,1774.50,12
1659914880,1774.59,20
1659914940,1774.88,21
1659915000,1774.70,8
1659915060,1774.66,4
1659915120,1774.51,42
1659915180,1774.60,4
1659915240,1774.75,24
1659915300,1774.52,50
1659915360,1774.53,10
1659915420,1774.61,24
1659915480,1774.30,64
1659915540,1774.12,16
1659915600,1774.43,36
1659915660,1774.64,22
1659915720,1774.62,8
1659915780,1774.92,44
1659915840,1775.02,22
1659915900,1774.92,48
1659915960,1775.02,20
1659916020,1774.98,30
1659916080,1774.71,18
1659916140,1774.70,34
1659916200,1775.02,34
1659916260,1774.90,30
1659916320,1774.82,12
1659916380,1774.56,36
1659916440,1774.58,20
1659916500,1774.60,32
1659916560,1774.58,36
1659916620,1774.25,64
1659916680,1774.44,52
1659916740,1774.63,64
1659916800,1773.69,152
1659916860,1773.71,112
1659916920,1773.12,136
1659916980,1773.02,106
1659917040,1773.04,106
1659917100,1773.15,82
1659917160,1773.04,52
1659917220,1773.18,88
1659917280,1773.39,84
1659917340,1773.00,86
1659917400,1772.88,74
1659917460,1772.38,88
1659917520,1772.18,124
1659917580,1772.69,70
1659917640,1772.44,62
1659917700,1772.61,66
1659917760,1772.64,82
1659917820,1772.80,142
1659917880,1772.48,86
1659917940,1772.68,82
1659918000,1772.30,116
1659918060,1772.10,66
1659918120,1772.17,67
1659918180,1772.08,40
1659918240,1772.06,60
1659918300,1771.86,62
1659918360,1771.96,68
1659918420,1771.39,76
1659918480,1771.50,120
1659918540,1771.88,82
1659918600,1772.12,36
1659918660,1772.14,34
1659918720,1772.31,48
1659918780,1772.61,58
1659918840,1772.46,80
1659918900,1772.81,60
1659918960,1773.32,72
1659919020,1773.48,90
1659919080,1774.12,100
1659919140,1773.86,92
1659919200,1774.08,110
1659919260,1774.46,116
1659919320,1774.38,92
1659919380,1774.00,110
1659919440,1774.50,80
1659919500,1774.42,76
1659919560,1774.38,74
1659919620,1774.22,92
1659919680,1774.39,107
1659919740,1774.40,45
1659919800,1773.88,84
1659919860,1773.81,75
1659919920,1773.84,131
1659919980,1773.90,111
1659920040,1774.40,88
1659920100,1774.02,106
1659920160,1774.02,78
1659920220,1774.15,64
1659920280,1773.82,46
1659920340,1774.27,34
1659920400,1774.96,216
1659920460,1775.05,134
1659920520,1775.27,108
1659920580,1775.08,44
1659920640,1775.12,52
1659920700,1774.86,78
1659920760,1774.12,70
1659920820,1774.68,48
1659920880,1774.96,86
1659920940,1775.07,54
1659921000,1774.96,62
1659921060,1774.77,76
1659921120,1774.44,94
1659921180,1774.28,56
1659921240,1774.34,62
1659921300,1774.88,104
1659921360,1774.70,152
1659921420,1774.29,156
1659921480,1774.02,83
1659921540,1774.59,66
1659921600,1774.43,106
1659921660,1773.78,100
1659921720,1773.88,66
1659921780,1774.06,70
1659921840,1773.88,56
1659921900,1773.78,42
1659921960,1773.58,52
1659922020,1773.95,74
1659922080,1774.18,76
1659922140,1773.94,98
1659922200,1773.90,104
1659922260,1773.64,132
1659922320,1774.04,132
1659922380,1774.59,108
1659922440,1774.83,100
1659922500,1774.96,86
1659922560,1775.04,84
1659922620,1775.22,62
1659922680,1775.32,94
1659922740,1774.78,114
1659922800,1774.54,124
1659922860,1773.95,80
1659922920,1774.24,124
1659922980,1774.59,118
1659923040,1774.85,98
1659923100,1775.12,120
1659923160,1775.12,116
1659923220,1775.14,90
1659923280,1775.24,122
1659923340,1774.80,90
1659923400,1774.92,90
1659923460,1774.70,56
1659923520,1774.33,100
1659923580,1774.24,90
1659923640,1774.09,90
1659923700,1774.52,102
1659923760,1774.80,60
1659923820,1774.55,94
1659923880,1774.79,30
1659923940,1775.00,48
1659924000,1774.56,124
1659924060,1774.60,70
1659924120,1774.32,86
1659924180,1774.30,74
1659924240,1774.25,40
1659924300,1774.52,52
1659924360,1774.28,46
1659924420,1774.18,48
1659924480,1774.35,48
1659924540,1774.46,30
1659924600,1774.22,64
1659924660,1774.46,58
1659924720,1774.80,66
1659924780,1774.77,8
1659924840,1774.94,40
1659924900,1775.02,50
1659924960,1774.96,48
1659925020,1774.60,80
1659925080,1774.84,70
1659925140,1774.70,56
1659925200,1774.72,66
1659925260,1774.84,68
1659925320,1774.84,34
1659925380,1774.82,86
1659925440,1774.90,60
1659925500,1775.04,62
1659925560,1775.02,40
1659925620,1774.83,42
1659925680,1774.86,40
1659925740,1775.08,70
1659925800,1774.72,120
1659925860,1774.22,134
1659925920,1774.04,66
1659925980,1774.58,90
1659926040,1774.62,90
1659926100,1774.79,108
1659926160,1774.95,118
1659926220,1775.09,94
1659926280,1775.20,70
1659926340,1774.96,68
1659926400,1774.81,102
1659926460,1774.79,90
1659926520,1774.22,110
1659926580,1774.10,80
1659926640,1774.52,66
1659926700,1774.56,42
1659926760,1774.82,52
1659926820,1774.78,84
1659926880,1774.68,48
1659926940,1774.71,68
1659927000,1774.50,92
1659927060,1774.25,80
1659927120,1774.20,72
1659927180,1774.33,102
1659927240,1774.18,90
1659927300,1773.90,64
1659927360,1773.72,78
1659927420,1773.72,84
1659927480,1773.59,98
1659927540,1773.66,90
1659927600,1773.40,102
1659927660,1773.27,84
1659927720,1772.66,116
1659927780,1772.68,132
1659927840,1772.71,102
1659927900,1772.66,84
1659927960,1772.48,48
1659928020,1772.46,100
1659928080,1772.74,62
1659928140,1772.77,100
1659928200,1772.68,82
1659928260,1772.68,74
1659928320,1772.52,78
1659928380,1772.52,58
1659928440,1772.44,76
1659928500,1772.32,68
1659928560,1772.42,126
1659928620,1772.38,60
1659928680,1772.16,100
1659928740,1772.35,92
1659928800,1772.61,106
1659928860,1772.54,78
1659928920,1772.50,82
1659928980,1772.14,104
1659929040,1772.17,84
1659929100,1772.06,72
1659929160,1771.98,78
1659929220,1772.04,62
1659929280,1772.48,56
1659929340,1772.46,70
1659929400,1772.64,60
1659929460,1772.84,44
1659929520,1773.00,46
1659929580,1772.95,50
1659929640,1772.94,48
1659929700,1772.84,34
1659929760,1772.76,58
1659929820,1772.86,60
1659929880,1773.06,56
1659929940,1773.01,105
1659930000,1773.12,51
1659930060,1773.14,73
1659930120,1773.16,54
1659930180,1773.04,62
1659930240,1773.01,68
1659930300,1773.04,66
1659930360,1772.99,88
1659930420,1772.98,52
1659930480,1773.24,64
1659930540,1773.35,26
1659930600,1773.24,50
1659930660,1773.10,60
1659930720,1773.16,68
1659930780,1773.20,36
1659930840,1773.24,22
1659930900,1773.10,24
1659930960,1773.24,38
1659931020,1773.42,38
1659931080,1773.36,50
1659931140,1773.42,52
1659931200,1773.44,40
1659931260,1773.20,42
1659931320,1773.59,70
1659931380,1773.67,20
1659931440,1773.39,26
1659931500,1773.34,36
1659931560,1773.18,48
1659931620,1773.08,24
1659931680,1772.86,30
1659931740,1772.78,28
1659931800,1772.61,32
1659931860,1772.47,66
1659931920,1772.76,38
1659931980,1772.82,74
1659932040,1772.88,42
1659932100,1773.14,30
1659932160,1773.24,12
1659932220,1773.24,6
1659932280,1773.20,24
1659932340,1773.32,22
1659932400,1773.20,54
1659932460,1773.10,46
1659932520,1772.76,34
1659932580,1772.78,42
1659932640,1772.72,36
1659932700,1772.73,50
1659932760,1772.58,52
1659932820,1772.56,48
1659932880,1772.24,70
1659932940,1772.12,46
1659933000,1772.00,54
1659933060,1772.19,50
1659933120,1772.43,54
1659933180,1772.54,32
1659933240,1772.38,34
1659933300,1772.20,32
1659933360,1772.26,44
1659933420,1772.08,24
1659933480,1772.13,48
1659933540,1772.18,28
1659933600,1772.61,32
1659933660,1772.66,22
1659933720,1772.67,30
1659933780,1772.60,30
1659933840,1772.45,18
1659933900,1772.45,28
1659933960,1772.39,12
1659934020,1772.51,26
1659934080,1772.67,30
1659934140,1772.42,20
1659934200,1772.40,16
1659934260,1772.04,18
1659934320,1771.92,76
1659934380,1771.98,48
1659934440,1771.98,52
1659934500,1772.09,60
1659934560,1772.00,40
1659934620,1771.84,30
1659934680,1771.80,58
1659934740,1772.02,54
1659934800,1771.58,96
1659934860,1771.96,78
1659934920,1771.76,54
1659934980,1772.09,46
1659935040,1771.96,52
1659935100,1772.03,42
1659935160,1771.94,30
1659935220,1771.42,84
1659935280,1771.64,54
1659935340,1771.98,58
1659935400,1772.30,74
1659935460,1772.13,50
1659935520,1772.38,66
1659935580,1772.32,70
1659935640,1772.16,44
1659935700,1772.61,52
1659935760,1772.64,70
1659935820,1772.30,66
1659935880,1772.17,50
1659935940,1772.36,50
1659936000,1772.42,38
1659936060,1772.72,38
1659936120,1772.66,26
1659936180,1772.98,50
1659936240,1773.03,60
1659936300,1772.86,46
1659936360,1773.11,48
1659936420,1773.12,46
1659936480,1772.54,46
1659936540,1772.93,60
1659936600,1772.80,150
1659936660,1772.70,72
1659936720,1772.80,52
1659936780,1772.99,122
1659936840,1773.30,74
1659936900,1773.40,110
1659936960,1773.46,100
1659937020,1773.20,65
1659937080,1773.58,69
1659937140,1773.55,101
1659937200,1773.94,140
1659937260,1773.78,68
1659937320,1773.88,79
1659937380,1773.62,42
1659937440,1773.79,90
1659937500,1773.94,96
1659937560,1773.90,70
1659937620,1773.94,52
1659937680,1774.14,68
1659937740,1774.31,118
1659937800,1774.66,114
1659937860,1774.59,102
1659937920,1774.58,84
1659937980,1774.74,44
1659938040,1774.62,70
1659938100,1775.30,134
1659938160,1775.60,86
1659938220,1775.50,160
1659938280,1775.50,166
1659938340,1775.12,112
1659938400,1774.96,182
1659938460,1774.20,134
1659938520,1774.35,110
1659938580,1774.34,86
1659938640,1774.26,122
1659938700,1774.10,118
1659938760,1773.88,170
1659938820,1773.60,164
1659938880,1773.73,136
1659938940,1774.06,138
1659939000,1773.90,116
1659939060,1773.68,110
1659939120,1773.85,100
1659939180,1773.74,98
1659939240,1773.71,128
1659939300,1774.04,120
1659939360,1774.10,132
1659939420,1774.35,118
1659939480,1774.14,126
1659939540,1774.36,88
1659939600,1774.41,134
1659939660,1774.89,106
1659939720,1774.71,104
1659939780,1774.78,90
1659939840,1774.80,116
1659939900,1774.93,112
1659939960,1774.86,114
1659940020,1774.66,80
1659940080,1774.54,120
1659940140,1774.54,58
1659940200,1774.46,124
1659940260,1774.43,86
1659940320,1774.16,92
1659940380,1774.66,98
1659940440,1774.88,102
1659940500,1774.76,114
1659940560,1774.94,134
1659940620,1774.40,116
1659940680,1774.55,160
1659940740,1774.41,136
1659940800,1774.68,142
1659940860,1774.34,136
1659940920,1774.60,144
1659940980,1774.72,138
1659941040,1774.86,166
1659941100,1774.94,98
1659941160,1775.03,98
1659941220,1774.82,131
1659941280,1774.62,106
1659941340,1774.68,106
1659941400,1774.92,124
1659941460,1775.16,130
1659941520,1774.90,148
1659941580,1774.77,110
1659941640,1774.76,123
1659941700,1774.87,108
1659941760,1774.93,117
1659941820,1774.71,131
1659941880,1774.61,126
1659941940,1774.86,123
1659942000,1775.68,196
1659942060,1775.51,164
1659942120,1775.42,174
1659942180,1775.19,158
1659942240,1774.57,167
1659942300,1775.20,174
1659942360,1775.06,183
1659942420,1775.24,130
1659942480,1775.96,166
1659942540,1775.69,148
1659942600,1776.26,176
1659942660,1776.14,171
1659942720,1776.42,93
1659942780,1776.34,121
1659942840,1776.05,151
1659942900,1776.61,160
1659942960,1776.33,120
1659943020,1776.80,155
1659943080,1776.63,136
1659943140,1776.36,120
1659943200,1776.50,122
1659943260,1776.62,154
1659943320,1776.44,116
1659943380,1777.04,126
1659943440,1777.45,170
1659943500,1778.08,188
1659943560,1777.98,188
1659943620,1777.58,197
1659943680,1777.66,107
1659943740,1777.64,186
1659943800,1777.48,109
1659943860,1778.04,129
1659943920,1777.92,142
1659943980,1778.20,134
1659944040,1778.32,152
1659944100,1777.82,150
1659944160,1778.05,119
1659944220,1778.02,140
1659944280,1777.54,136
1659944340,1777.47,145
1659944400,1777.04,181
1659944460,1777.05,186
1659944520,1777.98,155
1659944580,1778.12,152
1659944640,1778.52,144
1659944700,1778.76,131
1659944760,1778.20,152
1659944820,1778.50,130
1659944880,1778.60,155
1659944940,1778.75,198
1659945000,1779.00,200
1659945060,1778.93,150
1659945120,1778.80,147
1659945180,1778.74,127
1659945240,1778.52,134
1659945300,1778.45,123
1659945360,1778.34,91
1659945420,1778.02,132
1659945480,1778.17,157
1659945540,1777.75,150
1659945600,1777.35,184
1659945660,1777.19,184
1659945720,1776.41,182
1659945780,1776.26,138
1659945840,1776.00,166
1659945900,1776.84,182
1659945960,1776.63,131
1659946020,1776.63,138
1659946080,1777.21,122
1659946140,1777.10,96
1659946200,1775.84,147
1659946260,1776.44,141
1659946320,1776.34,112
1659946380,1776.44,131
1659946440,1776.01,120
1659946500,1775.82,180
1659946560,1775.38,167
1659946620,1775.39,178
1659946680,1775.36,147
1659946740,1774.99,153
1659946800,1775.19,139
1659946860,1775.32,120
1659946920,1774.68,111
1659946980,1774.79,154
1659947040,1774.48,155
1659947100,1773.62,140
1659947160,1773.51,143
1659947220,1773.21,144
1659947280,1773.66,132
1659947340,1773.40,139
1659947400,1773.85,100
1659947460,1773.35,87
1659947520,1773.37,92
1659947580,1773.19,96
1659947640,1773.16,111
1659947700,1773.48,133
1659947760,1773.90,122
1659947820,1773.20,142
1659947880,1772.77,141
1659947940,1772.72,134
1659948000,1773.00,92
1659948060,1772.78,112
1659948120,1773.28,126
1659948180,1773.30,99
1659948240,1773.68,118
1659948300,1773.74,132
1659948360,1773.75,110
1659948420,1773.33,98
1659948480,1773.46,68
1659948540,1773.40,86
1659948600,1773.36,84
1659948660,1773.16,64
1659948720,1773.22,68
1659948780,1773.72,102
1659948840,1773.49,116
1659948900,1773.58,72
1659948960,1773.73,92
1659949020,1774.12,142
1659949080,1773.98,100
1659949140,1774.04,96
1659949200,1773.82,108
1659949260,1773.94,106
1659949320,1773.36,136
1659949380,1773.03,154
1659949440,1773.38,104
1659949500,1773.63,100
1659949560,1773.79,120
1659949620,1773.81,108
1659949680,1773.88,92
1659949740,1774.10,98
1659949800,1773.84,132
1659949860,1773.82,95
1659949920,1774.01,80
1659949980,1774.70,117
1659950040,1774.63,118
1659950100,1774.70,90
1659950160,1775.24,100
1659950220,1774.84,150
1659950280,1774.36,154
1659950340,1774.60,110
1659950400,1774.56,126
1659950460,1774.52,90
1659950520,1774.72,175
1659950580,1774.82,90
1659950640,1774.96,72
1659950700,1775.16,108
1659950760,1775.42,144
1659950820,1775.59,132
1659950880,1775.88,118
1659950940,1775.91,147
1659951000,1776.14,126
1659951060,1776.33,136
1659951120,1776.42,103
1659951180,1776.68,132
1659951240,1776.71,92
1659951300,1776.88,86
1659951360,1776.35,110
1659951420,1776.47,131
1659951480,1776.48,122
1659951540,1776.61,90
1659951600,1776.75,91
1659951660,1776.44,83
1659951720,1776.18,120
1659951780,1776.39,70
1659951840,1776.19,57
1659951900,1776.57,115
1659951960,1776.81,88
1659952020,1776.81,101
1659952080,1776.96,115
1659952140,1776.94,74
1659952200,1777.13,71
1659952260,1777.10,81
1659952320,1777.48,86
1659952380,1777.39,72
1659952440,1777.40,109
1659952500,1777.47,90
1659952560,1777.14,92
1659952620,1777.22,90
1659952680,1777.30,61
1659952740,1777.67,99
1659952800,1778.10,140
1659952860,1778.05,124
1659952920,1777.99,80
1659952980,1778.00,125
1659953040,1778.22,141
1659953100,1777.94,128
1659953160,1777.64,112
1659953220,1778.28,118
1659953280,1778.56,114
1659953340,1778.18,112
1659953400,1778.05,117
1659953460,1777.88,125
1659953520,1777.66,144
1659953580,1777.56,104
1659953640,1777.84,91
1659953700,1777.56,123
1659953760,1777.76,100
1659953820,1778.14,166
1659953880,1778.08,142
1659953940,1777.92,120
1659954000,1777.86,120
1659954060,1777.14,97
1659954120,1776.84,115
1659954180,1776.47,129
1659954240,1776.49,90
1659954300,1776.85,104
1659954360,1777.07,112
1659954420,1777.01,120
1659954480,1777.06,81
1659954540,1777.04,72
1659954600,1776.88,103
1659954660,1777.02,90
1659954720,1777.38,84
1659954780,1777.66,112
1659954840,1778.39,172
1659954900,1778.41,96
1659954960,1778.22,109
1659955020,1778.51,116
1659955080,1778.65,80
1659955140,1778.72,116
1659955200,1778.68,159
1659955260,1778.67,149
1659955320,1779.06,189
1659955380,1778.98,179
1659955440,1778.90,170
1659955500,1778.88,109
1659955560,1779.18,108
1659955620,1779.38,100
1659955680,1779.40,115
1659955740,1779.66,132
1659955800,1779.70,120
1659955860,1779.94,136
1659955920,1779.53,138
1659955980,1779.85,121
1659956040,1779.56,100
1659956100,1779.68,108
1659956160,1779.78,140
1659956220,1779.76,130
1659956280,1779.82,122
1659956340,1779.98,174
1659956400,1780.18,183
1659956460,1780.26,170
1659956520,1780.07,146
1659956580,1780.46,122
1659956640,1780.76,181
1659956700,1781.38,196
1659956760,1781.57,164
1659956820,1781.82,191
1659956880,1782.14,176
1659956940,1782.62,166
1659957000,1783.06,196
1659957060,1782.80,134
1659957120,1782.32,146
1659957180,1782.37,186
1659957240,1782.36,162
1659957300,1782.42,180
1659957360,1782.52,132
1659957420,1782.87,124
1659957480,1782.78,94
1659957540,1782.70,122
1659957600,1782.38,168
1659957660,1782.15,136
1659957720,1782.12,114
1659957780,1781.93,103
1659957840,1782.17,131
1659957900,1782.00,134
1659957960,1782.08,125
1659958020,1782.42,158
1659958080,1782.17,96
1659958140,1782.11,110
1659958200,1782.87,133
1659958260,1782.34,104
1659958320,1782.34,132
1659958380,1782.28,125
1659958440,1782.26,84
1659958500,1781.75,157
1659958560,1781.90,112
1659958620,1781.72,189
1659958680,1781.65,128
1659958740,1781.66,129
1659958800,1782.18,98
1659958860,1781.86,114
1659958920,1781.78,96
1659958980,1781.71,90
1659959040,1782.35,143
1659959100,1782.46,117
1659959160,1782.26,130
1659959220,1782.36,72
1659959280,1782.52,110
1659959340,1782.16,150
1659959400,1782.17,140
1659959460,1782.44,142
1659959520,1782.04,126
1659959580,1782.20,112
1659959640,1782.09,126
1659959700,1782.22,92
1659959760,1782.56,149
1659959820,1782.68,126
1659959880,1782.58,146
1659959940,1782.90,130
1659960000,1783.64,269
1659960060,1784.16,238
1659960120,1784.56,193
1659960180,1784.22,190
1659960240,1784.21,178
1659960300,1783.45,194
1659960360,1783.70,180
1659960420,1783.88,132
1659960480,1783.60,130
1659960540,1783.78,94
1659960600,1784.10,114
1659960660,1784.08,113
1659960720,1783.96,79
1659960780,1783.24,78
1659960840,1782.91,140
1659960900,1782.10,167
1659960960,1782.41,103
1659961020,1782.94,143
1659961080,1782.20,135
1659961140,1782.09,128
1659961200,1784.14,260
1659961260,1784.06,267
1659961320,1785.61,279
1659961380,1785.10,251
1659961440,1785.14,272
1659961500,1786.04,315
1659961560,1785.84,265
1659961620,1785.75,222
1659961680,1786.29,214
1659961740,1785.55,232
1659961800,1785.34,201
1659961860,1784.36,182
1659961920,1783.61,244
1659961980,1783.62,190
1659962040,1783.82,141
1659962100,1783.50,157
1659962160,1782.66,209
1659962220,1781.98,204
1659962280,1781.58,186
1659962340,1782.03,201
1659962400,1782.40,144
1659962460,1782.26,99
1659962520,1782.53,94
1659962580,1782.30,98
1659962640,1781.46,104
1659962700,1782.18,141
1659962760,1781.98,119
1659962820,1782.27,111
1659962880,1782.38,148
1659962940,1782.74,111
1659963000,1782.80,139
1659963060,1782.98,142
1659963120,1782.67,121
1659963180,1782.58,143
1659963240,1782.72,153
1659963300,1782.58,131
1659963360,1781.63,176
1659963420,1782.02,149
1659963480,1781.84,119
1659963540,1781.90,167
1659963600,1781.84,279
1659963660,1781.62,261
1659963720,1782.37,303
1659963780,1781.96,228
1659963840,1782.74,218
1659963900,1782.81,255
1659963960,1782.38,217
1659964020,1782.38,206
1659964080,1782.68,208
1659964140,1782.80,196
1659964200,1782.74,166
1659964260,1782.30,190
1659964320,1781.68,216
1659964380,1781.52,178
1659964440,1781.27,212
1659964500,1781.60,210
1659964560,1781.62,200
1659964620,1782.12,220
1659964680,1782.55,188
1659964740,1782.20,218
1659964800,1782.82,206
1659964860,1782.88,212
1659964920,1782.32,176
1659964980,1782.39,223
1659965040,1782.59,200
1659965100,1782.54,202
1659965160,1782.25,186
1659965220,1782.33,192
1659965280,1781.74,194
1659965340,1781.84,212
1659965400,1781.69,287
1659965460,1781.01,256
1659965520,1781.58,278
1659965580,1781.39,254
1659965640,1781.68,294
1659965700,1782.78,251
1659965760,1782.82,221
1659965820,1782.34,272
1659965880,1781.96,242
1659965940,1781.29,264
1659966000,1781.32,286
1659966060,1781.58,270
1659966120,1780.77,266
1659966180,1781.52,233
1659966240,1782.04,259
1659966300,1783.87,273
1659966360,1782.93,256
1659966420,1782.61,238
1659966480,1782.98,222
1659966540,1783.66,249
1659966600,1784.02,268
1659966660,1783.68,259
1659966720,1783.02,239
1659966780,1783.46,223
1659966840,1783.87,199
1659966900,1783.64,201
1659966960,1783.92,197
1659967020,1784.10,180
1659967080,1784.24,227
1659967140,1784.74,241
1659967200,1785.07,282
1659967260,1784.41,219
1659967320,1783.72,243
1659967380,1783.24,219
1659967440,1783.82,205
1659967500,1784.53,240
1659967560,1784.50,237
1659967620,1784.02,226
1659967680,1784.68,176
1659967740,1784.62,171
1659967800,1784.24,158
1659967860,1784.56,156
1659967920,1785.42,219
1659967980,1785.06,199
1659968040,1785.28,186
1659968100,1785.40,198
1659968160,1785.89,207
1659968220,1785.72,188
1659968280,1785.99,154
1659968340,1785.66,205
1659968400,1785.70,147
1659968460,1785.47,189
1659968520,1785.20,202
1659968580,1785.12,201
1659968640,1786.14,199
1659968700,1785.84,205
1659968760,1785.88,189
1659968820,1785.95,228
1659968880,1785.64,156
1659968940,1785.92,188
1659969000,1786.02,215
1659969060,1786.22,173
1659969120,1785.92,143
1659969180,1786.56,191
1659969240,1787.35,272
1659969300,1788.28,281
1659969360,1789.22,333
1659969420,1789.32,324
1659969480,1788.76,289
1659969540,1788.88,254
1659969600,1789.45,216
1659969660,1789.11,216
1659969720,1789.20,234
1659969780,1789.24,186
1659969840,1789.44,232
1659969900,1789.50,235
1659969960,1788.74,197
1659970020,1788.55,225
1659970080,1788.28,199
1659970140,1787.90,215
1659970200,1787.63,237
1659970260,1787.46,217
1659970320,1788.10,238
1659970380,1788.06,177
1659970440,1787.72,201
1659970500,1787.54,205
1659970560,1787.24,205
1659970620,1786.76,264
1659970680,1786.70,170
1659970740,1787.50,190
1659970800,1787.52,225
1659970860,1787.46,221
1659970920,1788.09,224
1659970980,1787.89,220
1659971040,1787.95,182
1659971100,1787.20,157
1659971160,1787.00,161
1659971220,1786.49,212
1659971280,1786.48,168
1659971340,1786.17,130
1659971400,1786.47,126
1659971460,1786.63,65
1659971520,1786.86,162
1659971580,1786.82,124
1659971640,1787.40,125
1659971700,1787.50,140
1659971760,1786.94,178
1659971820,1787.56,145
1659971880,1787.36,132
1659971940,1787.30,125
1659972000,1787.74,177
1659972060,1787.55,163
1659972120,1787.70,130
1659972180,1787.86,186
1659972240,1787.92,171
1659972300,1788.00,165
1659972360,1788.70,144
1659972420,1789.36,188
1659972480,1789.36,156
1659972540,1789.24,167
1659972600,1789.19,177
1659972660,1789.26,160
1659972720,1789.50,107
1659972780,1789.76,147
1659972840,1789.49,183
1659972900,1789.48,121
1659972960,1788.80,155
1659973020,1788.88,187
1659973080,1789.19,153
1659973140,1788.86,146
1659973200,1788.93,247
1659973260,1789.05,185
1659973320,1789.01,151
1659973380,1789.37,193
1659973440,1789.51,175
1659973500,1789.55,183
1659973560,1789.33,176
1659973620,1789.77,209
1659973680,1789.48,170
1659973740,1788.68,185
1659973800,1788.97,170
1659973860,1788.47,173
1659973920,1788.49,122
1659973980,1788.46,91
1659974040,1788.40,78
1659974100,1788.27,134
1659974160,1787.64,114
1659974220,1787.59,125
1659974280,1787.28,133
1659974340,1787.19,136
1659974400,1787.32,131
1659974460,1787.60,154
1659974520,1787.71,123
1659974580,1787.54,97
1659974640,1787.06,128
1659974700,1786.31,174
1659974760,1786.14,120
1659974820,1786.28,137
1659974880,1786.36,131
1659974940,1785.80,113
1659975000,1786.36,164
1659975060,1786.44,102
1659975120,1786.76,90
1659975180,1786.94,112
1659975240,1787.34,138
1659975300,1787.47,116
1659975360,1787.68,112
1659975420,1787.86,144
1659975480,1787.52,150
1659975540,1787.69,160
1659975600,1787.90,150
1659975660,1788.07,138
1659975720,1788.00,162
1659975780,1787.92,152
1659975840,1787.70,135
1659975900,1787.74,137
1659975960,1787.96,129
1659976020,1787.46,106
1659976080,1787.22,103
1659976140,1787.52,130
1659976200,1787.84,152
1659976260,1787.50,144
1659976320,1788.07,126
1659976380,1788.04,74
1659976440,1788.02,120
1659976500,1787.70,92
1659976560,1787.53,111
1659976620,1787.70,123
1659976680,1787.39,126
1659976740,1786.76,140
1659976800,1787.44,154
1659976860,1787.34,112
1659976920,1787.30,124
1659976980,1787.46,110
1659977040,1787.55,106
1659977100,1787.73,106
1659977160,1787.56,106
1659977220,1787.88,114
1659977280,1787.95,84
1659977340,1787.84,96
1659977400,1787.89,119
1659977460,1787.86,142
1659977520,1787.52,145
1659977580,1787.70,123
1659977640,1787.78,141
1659977700,1787.88,142
1659977760,1787.56,113
1659977820,1787.48,155
1659977880,1787.44,130
1659977940,1787.67,125
1659978000,1787.48,126
1659978060,1787.30,120
1659978120,1787.40,94
1659978180,1787.17,114
1659978240,1787.66,116
1659978300,1787.60,136
1659978360,1787.75,136
1659978420,1787.92,104
1659978480,1787.92,96
1659978540,1788.17,104
1659978600,1787.92,100
1659978660,1788.00,92
1659978720,1788.04,94
1659978780,1788.26,98
1659978840,1788.46,132
1659978900,1788.30,110
1659978960,1788.34,80
1659979020,1788.25,72
1659979080,1788.23,100
1659979140,1788.19,110
1659979200,1787.94,114
1659979260,1787.75,107
1659979320,1787.93,52
1659979380,1788.17,152
1659979440,1788.42,140
1659979500,1788.35,113
1659979560,1788.57,102
1659979620,1788.77,100
1659979680,1788.56,104
1659979740,1788.92,174
1659979800,1788.94,155
1659979860,1789.04,106
1659979920,1788.74,106
1659979980,1789.04,83
1659980040,1789.10,78
1659980100,1789.01,99
1659980160,1788.73,78
1659980220,1789.05,94
1659980280,1788.64,100
1659980340,1788.20,94
1659980400,1788.13,108
1659980460,1787.92,122
1659980520,1788.09,78
1659980580,1788.13,107
1659980640,1788.20,103
1659980700,1788.34,86
1659980760,1788.20,84
1659980820,1788.02,106
1659980880,1787.84,106
1659980940,1787.80,72
1659981000,1787.69,97
1659981060,1787.66,72
1659981120,1787.63,86
1659981180,1787.53,74
1659981240,1787.68,101
1659981300,1787.55,85
1659981360,1787.56,73
1659981420,1787.56,88
1659981480,1787.75,95
1659981540,1787.65,100
1659981600,1787.78,116
1659981660,1787.98,94
1659981720,1788.16,108
1659981780,1787.58,72
1659981840,1787.20,104
1659981900,1786.94,117
1659981960,1786.95,100
1659982020,1787.32,132
1659982080,1787.22,115
1659982140,1787.50,90
1659982200,1787.30,80
1659982260,1787.18,88
1659982320,1787.44,109
1659982380,1787.58,60
1659982440,1787.72,104
1659982500,1787.60,106
1659982560,1787.50,124
1659982620,1787.04,132
1659982680,1787.34,106
1659982740,1787.54,96
1659982800,1787.64,116
1659982860,1787.70,83
1659982920,1787.62,80
1659982980,1787.78,86
1659983040,1787.72,36
1659983100,1787.52,95
1659983160,1787.78,68
1659983220,1787.85,58
1659983280,1788.16,107
1659983340,1788.00,89
1659983400,1788.31,118
1659983460,1788.26,94
1659983520,1788.18,82
1659983580,1788.28,98
1659983640,1788.49,111
1659983700,1788.18,80
1659983760,1788.40,80
1659983820,1788.80,95
1659983880,1789.02,87
1659983940,1789.33,95
1659984000,1789.10,88
1659984060,1789.28,98
1659984120,1789.32,46
1659984180,1788.88,78
1659984240,1788.58,64
1659984300,1788.47,85
1659984360,1788.50,97
1659984420,1787.90,114
1659984480,1787.96,78
1659984540,1787.80,84
1659984600,1787.76,70
1659984660,1787.68,82
1659984720,1787.66,60
1659984780,1787.46,68
1659984840,1787.13,71
1659984900,1787.58,108
1659984960,1787.68,71
1659985020,1787.72,65
1659985080,1787.67,120
1659985140,1787.38,144
1659985200,1787.81,118
1659985260,1787.38,96
1659985320,1787.32,106
1659985380,1787.22,62
1659985440,1787.18,96
1659985500,1787.15,64
1659985560,1787.37,55
1659985620,1787.33,47
1659985680,1787.60,50
1659985740,1787.90,73
1659985800,1787.77,72
1659985860,1787.50,122
1659985920,1787.94,71
1659985980,1788.36,35
1659986040,1788.32,47
1659986100,1788.08,80
1659986160,1788.19,74
1659986220,1788.16,60
1659986280,1788.02,90
1659986340,1788.21,48
1659986400,1788.16,40
1659986460,1788.18,72
1659986520,1788.32,39
1659986580,1788.26,66
1659986640,1788.20,86
1659986700,1788.14,70
1659986760,1788.09,74
1659986820,1787.52,78
1659986880,1787.63,68
1659986940,1787.52,66
1659987000,1787.60,80
1659987060,1787.78,86
1659987120,1787.39,76
1659987180,1787.38,98
1659987240,1787.28,124
1659987300,1787.58,78
1659987360,1787.22,48
1659987420,1787.54,78
1659987480,1787.60,64
1659987540,1787.70,64
1659987600,1787.56,94
1659987660,1787.62,50
1659987720,1787.46,80
1659987780,1787.38,82
1659987840,1787.52,100
1659987900,1787.84,62
1659987960,1787.71,52
1659988020,1788.02,66
1659988080,1788.01,80
1659988140,1788.12,60
1659988200,1788.12,84
1659988260,1788.12,68
1659988320,1788.16,62
1659988380,1788.20,72
1659988440,1788.27,62
1659988500,1788.40,74
1659988560,1788.74,82
1659988620,1788.55,92
1659988680,1788.74,116
1659988740,1788.54,124
1659988800,1789.00,138
1659988860,1788.96,100
1659988920,1788.98,52
1659988980,1788.70,82
1659989040,1788.56,78
1659989100,1788.88,34
1659989160,1788.98,58
1659989220,1789.08,62
1659989280,1789.31,42
1659989340,1789.35,28
1659989400,1789.28,66
1659989460,1789.18,44
1659989520,1789.47,72
1659989580,1789.42,68
1659989640,1789.60,82
1659989700,1789.58,44
1659989760,1789.30,24
1659989820,1789.19,34
1659989880,1788.90,64
1659989940,1788.90,54
1659990000,1788.82,36
1659990060,1788.66,26
1659990120,1788.50,24
1659990180,1788.84,38
1659990240,1788.90,18
1659990300,1788.84,14
1659990360,1788.82,8
1659990420,1788.82,18
1659990480,1788.90,10
1659990540,1788.71,68
1659990600,1788.72,52
1659990660,1788.30,26
1659990720,1788.43,26
1659990780,1788.44,16
1659990900,1788.58,26
1659990960,1788.68,24
1659991020,1788.66,26
1659991080,1788.74,16
1659991140,1788.65,12
1659991200,1788.66,16
1659991260,1788.66,16
1659991320,1788.73,18
1659991380,1788.76,8
1659991440,1788.84,34
1659991500,1788.66,64
1659991560,1788.74,8
1659991620,1788.64,28
1659991680,1788.44,28
1659991740,1788.50,18
1659991800,1788.74,54
1659991860,1789.03,46
1659991920,1789.30,24
1659991980,1789.54,44
1659992040,1789.58,38
1659992100,1789.33,60
1659992160,1789.35,34
1659996120,1788.85,41
1659996180,1788.72,47
1659996240,1788.60,16
1659996300,1788.56,20
1659996360,1788.30,19
1659996420,1788.30,6
1659996480,1788.40,10
1659996540,1788.38,6
1659996600,1788.40,10
1659996660,1788.42,16
1659996720,1788.32,20
1659996780,1788.58,18
1659996840,1788.42,20
1659996900,1788.30,18
1659996960,1788.38,8
1659997020,1788.40,12
1659997140,1788.52,12
1659997200,1788.82,18
1659997260,1788.76,16
1659997320,1788.66,6
1659997380,1788.60,10
1659997440,1788.57,12
1659997500,1788.68,8
1659997560,1788.70,12
1659997620,1788.58,8
1659997680,1788.62,4
1659997740,1788.62,10
1659997800,1788.75,14
1659997860,1788.76,12
1659997920,1788.82,30
1659997980,1788.82,8
1659998040,1788.82,6
1659998100,1788.80,6
1659998160,1788.89,12
1659998220,1788.78,10
1659998280,1788.79,2
1659998340,1788.70,2
1659998400,1788.64,12
1659998460,1788.60,14
1659998520,1788.71,14
1659998580,1788.61,18
1659998640,1788.42,20
1659998700,1788.42,14
1659998760,1788.40,10
1659998820,1788.32,12
1659998880,1788.50,6
1659998940,1788.46,16
1659999000,1788.42,6
1659999060,1788.38,12
1659999120,1788.39,8
1659999180,1788.28,10
1659999240,1788.30,10
1659999300,1788.26,12
1659999360,1788.26,6
1659999420,1788.30,10
1659999480,1788.30,4
1659999540,1788.30,4
1659999600,1788.30,14
1659999660,1788.40,2
1659999720,1788.42,8
1659999780,1788.10,34
1659999840,1788.10,16
1659999900,1788.03,16
1659999960,1788.18,34
1660000020,1788.28,34
1660000080,1788.35,22
1660000140,1788.57,30
1660000200,1788.77,30
1660000260,1788.96,32
1660000320,1789.10,30
1660000380,1789.01,28
1660000440,1788.88,28
1660000500,1788.98,54
1660000560,1789.08,32
1660000620,1789.08,26
1660000680,1789.04,38
1660000740,1788.75,24
1660000800,1788.84,22
1660000860,1788.92,16
1660000920,1788.84,18
1660000980,1788.90,26
1660001040,1788.93,24
1660001100,1788.96,20
1660001160,1788.96,22
1660001220,1788.95,10
1660001340,1788.78,14
1660001400,1789.05,26
1660001460,1789.33,34
1660001520,1789.54,40
1660001580,1789.64,36
1660001640,1790.00,68
1660001700,1790.54,84
1660001760,1790.08,110
1660001820,1789.88,54
1660001880,1789.86,18
1660001940,1790.04,16
1660002000,1790.01,42
1660002060,1789.98,42
1660002120,1789.89,16
1660002180,1789.82,30
1660002240,1789.90,18
1660002300,1789.59,50
1660002360,1789.24,28
1660002420,1789.19,30
1660002480,1789.20,68
1660002540,1789.28,46
1660002600,1789.18,76
1660002660,1789.08,18
1660002720,1789.18,32
1660002780,1788.92,34
1660002840,1788.94,26
1660002900,1789.12,52
1660002960,1789.28,24
1660003020,1789.16,20
1660003080,1789.29,25
1660003140,1789.26,50
1660003200,1789.00,100
1660003260,1788.54,76
1660003320,1788.55,70
1660003380,1788.52,66
1660003440,1788.42,70
1660003500,1788.36,72
1660003560,1788.14,48
1660003620,1788.24,78
1660003680,1788.48,72
1660003740,1788.53,94
1660003800,1788.80,42
1660003860,1788.90,62
1660003920,1789.42,38
1660003980,1789.68,40
1660004040,1789.91,84
1660004100,1789.82,64
1660004160,1789.82,84
1660004220,1789.52,88
1660004280,1789.40,28
1660004340,1789.49,70
1660004400,1789.34,28
1660004460,1789.26,86
1660004520,1789.28,62
1660004580,1789.58,50
1660004640,1789.38,60
1660004700,1789.77,88
1660004760,1789.81,56
1660004820,1789.48,38
1660004880,1789.42,80
1660004940,1789.29,56
1660005000,1789.39,110
1660005060,1789.14,104
1660005120,1788.86,70
1660005180,1789.03,74
1660005240,1789.25,54
1660005300,1789.44,44
1660005360,1789.44,40
1660005420,1789.18,80
1660005480,1789.24,52
1660005540,1788.95,66
1660005600,1789.18,70
1660005660,1789.26,62
1660005720,1789.27,38
1660005780,1789.40,40
1660005840,1789.08,78
1660005900,1788.98,58
1660005960,1789.08,62
1660006020,1789.04,30
1660006080,1789.32,72
1660006140,1789.40,62
1660006200,1789.40,60
1660006260,1789.33,44
1660006320,1789.44,54
1660006380,1789.44,66
1660006440,1789.51,114
1660006500,1789.06,116
1660006560,1789.10,80
1660006620,1789.25,56
1660006680,1789.38,50
1660006740,1789.08,74
1660006800,1790.07,154
1660006860,1789.47,114
1660006920,1788.58,166
1660006980,1788.17,154
1660007040,1788.20,134
1660007100,1787.81,106
1660007160,1787.58,116
1660007220,1787.10,168
1660007280,1787.16,74
1660007340,1787.17,106
1660007400,1787.32,122
1660007460,1787.04,102
1660007520,1787.40,86
1660007580,1787.92,56
1660007640,1787.68,122
1660007700,1787.92,82
1660007760,1787.48,62
1660007820,1786.92,124
1660007880,1785.98,138
1660007940,1786.04,200
1660008000,1785.66,160
1660008060,1786.04,108
1660008120,1786.16,106
1660008180,1786.24,90
1660008240,1786.36,86
1660008300,1786.16,92
1660008360,1786.24,96
1660008420,1786.36,72
1660008480,1786.14,128
1660008540,1786.38,126
1660008600,1786.14,130
1660008660,1786.18,128
1660008720,1786.16,122
1660008780,1786.48,124
1660008840,1786.40,136
1660008900,1786.02,125
1660008960,1785.80,70
1660009020,1785.50,80
1660009080,1786.18,112
1660009140,1786.08,92
1660009200,1785.90,108
1660009260,1785.62,92
1660009320,1785.16,157
1660009380,1785.25,112
1660009440,1785.12,108
1660009500,1785.00,60
1660009560,1784.62,110
1660009620,1784.72,97
1660009680,1784.79,80
1660009740,1784.80,92
1660009800,1784.87,122
1660009860,1784.86,110
1660009920,1785.08,84
1660009980,1785.08,62
1660010040,1785.02,50
1660010100,1785.00,70
1660010160,1784.82,56
1660010220,1784.07,114
1660010280,1784.11,96
1660010340,1783.87,98
1660010400,1783.99,144
1660010460,1784.12,92
1660010520,1783.90,118
1660010580,1783.58,132
1660010640,1783.75,104
1660010700,1783.79,102
1660010760,1783.92,96
1660010820,1784.12,90
1660010880,1783.95,98
1660010940,1783.76,76
1660011000,1783.68,74
1660011060,1783.51,70
1660011120,1783.53,82
1660011180,1783.40,92
1660011240,1783.48,114
1660011300,1783.72,88
1660011360,1783.80,44
1660011420,1783.76,62
1660011480,1784.04,74
1660011540,1784.02,56
1660011600,1783.93,28
1660011660,1784.00,34
1660011720,1784.05,60
1660011780,1784.22,48
1660011840,1784.50,66
1660011900,1784.48,84
1660011960,1784.46,47
1660012020,1784.24,68
1660012080,1784.22,74
1660012140,1784.56,64
1660012200,1784.81,116
1660012260,1784.84,94
1660012320,1784.76,66
1660012380,1784.74,82
1660012440,1784.58,46
1660012500,1784.69,62
1660012560,1784.76,60
1660012620,1784.51,38
1660012680,1784.26,54
1660012740,1784.70,90
1660012800,1784.72,90
1660012860,1784.84,76
1660012920,1784.70,26
1660012980,1784.86,62
1660013040,1784.90,52
1660013100,1785.04,72
1660013160,1785.04,88
1660013220,1785.12,86
1660013280,1785.28,72
1660013340,1785.34,80
1660013400,1785.16,98
1660013460,1785.04,62
1660013520,1785.02,44
1660013580,1784.80,58
1660013640,1784.66,30
1660013700,1784.54,56
1660013760,1784.74,38
1660013820,1785.26,34
1660013880,1785.15,70
1660013940,1785.34,78
1660014000,1785.36,92
1660014060,1785.59,94
1660014120,1785.60,60
1660014180,1785.36,68
1660014240,1785.43,62
1660014300,1785.62,60
1660014360,1785.68,58
1660014420,1785.56,50
1660014480,1785.47,50
1660014540,1785.54,28
1660014600,1785.49,36
1660014660,1785.84,38
1660014720,1785.86,48
1660014780,1786.04,88
1660014840,1785.98,86
1660014900,1786.16,114
1660014960,1786.59,78
1660015020,1787.16,126
1660015080,1787.42,192
1660015140,1787.10,130
1660015200,1786.53,106
1660015260,1786.36,88
1660015320,1786.37,70
1660015380,1786.53,88
1660015440,1786.54,74
1660015500,1786.52,74
1660015560,1786.12,66
1660015620,1786.47,52
1660015680,1786.40,78
1660015740,1786.28,82
1660015800,1786.30,50
1660015860,1786.38,44
1660015920,1785.99,64
1660015980,1785.92,52
1660016040,1786.02,52
1660016100,1786.12,58
1660016160,1786.31,20
1660016220,1786.26,20
1660016280,1786.32,52
1660016340,1786.20,24
1660016400,1786.19,14
1660016460,1786.04,38
1660016520,1785.95,14
1660016580,1785.85,16
1660016640,1786.10,36
1660016700,1785.98,26
1660016760,1786.27,52
1660016820,1786.07,49
1660016880,1786.10,8
1660016940,1786.18,30
1660017000,1786.16,36
1660017060,1786.14,40
1660017120,1786.18,16
1660017180,1786.16,42
1660017240,1786.12,48
1660017300,1786.08,20
1660017360,1786.10,18
1660017420,1785.91,30
1660017480,1785.72,24
1660017540,1785.76,18
1660017600,1785.84,18
1660017660,1785.72,40
1660017720,1785.88,28
1660017780,1785.97,30
1660017840,1785.74,36
1660017900,1785.54,42
1660017960,1785.69,56
1660018020,1785.40,38
1660018080,1785.47,34
1660018140,1785.46,18
1660018200,1785.50,28
1660018260,1785.41,30
1660018320,1785.45,38
1660018380,1785.62,42
1660018440,1785.58,50
1660018500,1785.64,34
1660018560,1785.93,56
1660018620,1786.01,36
1660018680,1786.00,18
1660018740,1785.93,28
1660018800,1785.85,56
1660018860,1785.54,34
1660018920,1785.52,24
1660018980,1785.88,30
1660019040,1785.88,38
1660019100,1785.95,42
1660019160,1786.08,28
1660019220,1786.05,40
1660019280,1785.85,18
1660019340,1786.18,40
1660019400,1786.48,64
1660019460,1786.33,46
1660019520,1786.50,36
1660019580,1786.32,16
1660019640,1786.47,24
1660019700,1786.22,64
1660019760,1786.32,26
1660019820,1786.20,20
1660019880,1786.13,30
1660019940,1786.03,30
1660020000,1785.88,56
1660020060,1785.82,54
1660020120,1785.68,42
1660020180,1785.62,34
1660020240,1785.66,56
1660020300,1785.66,40
1660020360,1785.65,42
1660020420,1785.76,44
1660020480,1785.86,18
1660020540,1786.01,28
1660020600,1785.94,26
1660020660,1785.80,60
1660020720,1785.84,10
1660020780,1785.84,12
1660020840,1785.84,14
1660020900,1785.91,20
1660020960,1786.02,28
1660021020,1786.12,26
1660021080,1786.18,22
1660021140,1786.22,70
1660021200,1786.30,30
1660021260,1786.38,34
1660021320,1786.20,30
1660021380,1786.12,36
1660021440,1785.73,36
1660021500,1785.72,14
1660021560,1785.62,28
1660021620,1785.54,24
1660021680,1785.56,10
1660021740,1785.74,52
1660021800,1785.96,56
1660021860,1786.10,26
1660021920,1785.96,52
1660021980,1785.92,18
1660022040,1785.92,36
1660022100,1785.74,62
1660022160,1785.83,26
1660022220,1786.02,50
1660022280,1785.81,58
1660022340,1785.72,30
1660022400,1785.70,32
1660022460,1785.61,18
1660022520,1785.80,24
1660022580,1785.80,32
1660022640,1785.76,14
1660022700,1785.69,16
1660022760,1785.68,12
1660022820,1785.68,10
1660022880,1785.78,40
1660022940,1785.76,40
1660023000,1786.16,122
1660023060,1786.25,44
1660023120,1786.45,72
1660023180,1786.56,80
1660023240,1786.44,64
1660023300,1786.70,98
1660023360,1786.70,69
1660023420,1786.62,51
1660023480,1786.09,64
1660023540,1786.12,66
1660023600,1786.34,58
1660023660,1786.60,58
1660023720,1786.52,36
1660023780,1786.54,82
1660023840,1787.02,100
1660023900,1787.02,70
1660023960,1787.05,90
1660024020,1787.01,48
1660024080,1787.64,124
1660024140,1787.42,72
1660024200,1787.37,64
1660024260,1787.58,62
1660024320,1788.00,58
1660024380,1788.23,106
1660024440,1788.18,50
1660024500,1788.41,90
1660024560,1788.70,104
1660024620,1788.60,74
1660024680,1788.72,36
1660024740,1788.66,66
1660024800,1788.88,128
1660024860,1788.62,138
1660024920,1788.39,142
1660024980,1788.48,118
1660025040,1787.68,120
1660025100,1787.92,76
1660025160,1788.24,86
1660025220,1787.54,76
1660025280,1787.70,84
1660025340,1787.44,126
1660025400,1787.54,100
1660025460,1787.76,74
1660025520,1787.33,84
1660025580,1787.44,66
1660025640,1787.05,108
1660025700,1787.14,116
1660025760,1786.58,68
1660025820,1786.48,84
1660025880,1786.40,94
1660025940,1786.29,86
1660026000,1785.96,72
1660026060,1785.00,187
1660026120,1784.61,168
1660026180,1784.72,176
1660026240,1784.74,140
1660026300,1785.08,128
1660026360,1785.18,128
1660026420,1785.32,96
1660026480,1785.22,70
1660026540,1785.32,106
1660026600,1785.40,134
1660026660,1785.23,114
1660026720,1785.38,92
1660026780,1785.32,90
1660026840,1785.12,138
1660026900,1785.12,104
1660026960,1784.84,106
1660027020,1785.56,128
1660027080,1785.62,110
1660027140,1786.22,123
1660027200,1785.86,120
1660027260,1785.56,85
1660027320,1785.64,92
1660027380,1785.98,114
1660027440,1785.60,109
1660027500,1785.70,81
1660027560,1785.91,110
1660027620,1785.80,78
1660027680,1785.55,102
1660027740,1785.62,91
1660027800,1785.78,98
1660027860,1786.48,92
1660027920,1786.47,90
1660027980,1786.22,112
1660028040,1786.04,89
1660028100,1785.93,88
1660028160,1785.66,112
1660028220,1785.18,164
1660028280,1785.38,146
1660028340,1785.70,154
1660028400,1786.24,194
1660028460,1785.84,174
1660028520,1786.44,116
1660028580,1785.84,169
1660028640,1785.79,119
1660028700,1785.94,110
1660028760,1786.04,135
1660028820,1786.06,166
1660028880,1786.36,148
1660028940,1786.16,143
1660029000,1785.98,145
1660029060,1785.42,144
1660029120,1785.11,136
1660029180,1785.22,115
1660029240,1785.40,82
1660029300,1785.50,130
1660029360,1785.50,126
1660029420,1785.48,132
1660029480,1785.28,113
1660029540,1784.95,120
1660029600,1784.92,100
1660029660,1784.78,132
1660029720,1784.94,131
1660029780,1784.92,146
1660029840,1784.28,116
1660029900,1784.30,120
1660029960,1784.04,129
1660030020,1783.72,144
1660030080,1783.84,130
1660030140,1784.10,128
1660030200,1784.64,130
1660030260,1784.66,130
1660030320,1784.46,138
1660030380,1785.24,149
1660030440,1785.40,162
1660030500,1784.90,134
1660030560,1784.56,125
1660030620,1784.53,132
1660030680,1785.06,150
1660030740,1784.78,118
1660030800,1784.99,134
1660030860,1785.12,140
1660030920,1784.94,96
1660030980,1784.94,109
1660031040,1784.71,143
1660031100,1784.84,88
1660031160,1784.77,114
1660031220,1784.65,98
1660031280,1784.76,52
1660031340,1784.43,97
1660031400,1784.54,136
1660031460,1784.26,84
1660031520,1784.26,109
1660031580,1784.58,128
1660031640,1784.88,132
1660031700,1785.08,95
1660031760,1786.39,167
1660031820,1787.64,215
1660031880,1787.34,211
1660031940,1787.13,127
1660032000,1786.89,215
1660032060,1786.78,182
1660032120,1787.73,174
1660032180,1789.78,212
1660032240,1789.48,211
1660032300,1790.56,171
1660032360,1789.62,261
1660032420,1789.42,182
1660032480,1788.68,202
1660032540,1789.31,216
1660032600,1789.16,151
1660032660,1790.10,185
1660032720,1790.34,185
1660032780,1790.34,190
1660032840,1790.64,177
1660032900,1790.76,178
1660032960,1791.08,147
1660033020,1791.51,166
1660033080,1791.22,169
1660033140,1792.00,140
1660033200,1792.55,184
1660033260,1792.23,161
1660033320,1791.42,200
1660033380,1791.36,189
1660033440,1792.10,165
1660033500,1793.19,142
1660033560,1793.14,106
1660033620,1791.98,101
1660033680,1792.06,148
1660033740,1791.68,126
1660033800,1792.30,110
1660033860,1792.67,126
1660033920,1792.81,147
1660033980,1792.48,112
1660034040,1792.76,112
1660034100,1792.92,113
1660034160,1792.68,135
1660034220,1792.68,107
1660034280,1792.21,130
1660034340,1791.86,129
1660034400,1792.38,110
1660034460,1792.50,128
1660034520,1792.88,108
1660034580,1793.29,117
1660034640,1793.17,148
1660034700,1792.36,148
1660034760,1791.74,132
1660034820,1791.51,142
1660034880,1791.72,163
1660034940,1791.75,126
1660035000,1791.73,118
1660035060,1791.38,112
1660035120,1791.70,102
1660035180,1791.58,119
1660035240,1791.41,90
1660035300,1791.52,136
1660035360,1791.16,120
1660035420,1790.75,150
1660035480,1790.70,141
1660035540,1790.40,106
1660035600,1790.59,162
1660035660,1791.04,138
1660035720,1791.04,160
1660035780,1791.15,122
1660035840,1791.98,138
1660035900,1791.13,157
1660035960,1791.52,88
1660036020,1791.34,118
1660036080,1791.40,122
1660036140,1791.19,137
1660036200,1790.90,89
1660036260,1790.99,120
1660036320,1790.94,124
1660036380,1791.00,154
1660036440,1791.26,145
1660036500,1791.85,132
1660036560,1791.54,120
1660036620,1791.92,102
1660036680,1791.56,124
1660036740,1791.04,134
1660036800,1791.16,100
1660036860,1791.06,125
1660036920,1791.15,110
1660036980,1791.96,152
1660037040,1791.82,110
1660037100,1791.95,146
1660037160,1791.86,101
1660037220,1791.34,134
1660037280,1791.22,134
1660037340,1790.54,116
1660037400,1790.04,168
1660037460,1789.98,157
1660037520,1789.48,210
1660037580,1788.96,109
1660037640,1789.62,90
1660037700,1788.66,116
1660037760,1788.62,142
1660037820,1788.64,106
1660037880,1788.69,82
1660037940,1788.42,92
1660038000,1788.37,127
1660038060,1788.78,127
1660038120,1788.84,104
1660038180,1788.88,104
1660038240,1789.04,116
1660038300,1789.60,134
1660038360,1789.67,103
1660038420,1789.68,82
1660038480,1790.10,88
1660038540,1789.92,78
1660038600,1789.88,66
1660038660,1789.85,80
1660038720,1790.14,50
1660038780,1790.19,102
1660038840,1790.64,162
1660038900,1790.52,102
1660038960,1790.58,125
1660039020,1790.22,116
1660039080,1790.21,146
1660039140,1791.06,118
1660039200,1791.40,141
1660039260,1791.09,98
1660039320,1791.64,112
1660039380,1791.94,110
1660039440,1792.00,80
1660039500,1792.12,112
1660039560,1791.68,140
1660039620,1791.57,132
1660039680,1791.79,115
1660039740,1791.74,87
1660039800,1791.91,119
1660039860,1791.70,95
1660039920,1792.09,103
1660039980,1792.15,72
1660040040,1792.72,119
1660040100,1793.14,126
1660040160,1792.70,136
1660040220,1792.54,106
1660040280,1792.10,128
1660040340,1792.78,133
1660040400,1792.46,92
1660040460,1792.79,56
1660040520,1792.70,84
1660040580,1792.83,99
1660040640,1793.14,74
1660040700,1793.18,132
1660040760,1793.05,135
1660040820,1793.12,160
1660040880,1793.10,136
1660040940,1792.24,108
1660041000,1792.14,96
1660041060,1791.58,86
1660041120,1790.82,187
1660041180,1790.75,130
1660041240,1790.52,136
1660041300,1790.46,96
1660041360,1790.49,104
1660041420,1791.32,150
1660041480,1791.32,114
1660041540,1791.60,106
1660041600,1791.76,138
1660041660,1792.36,157
1660041720,1792.86,163
1660041780,1794.27,175
1660041840,1794.43,206
1660041900,1793.97,144
1660041960,1793.46,101
1660042020,1793.20,131
1660042080,1793.25,116
1660042140,1793.02,134
1660042200,1793.40,127
1660042260,1793.80,144
1660042320,1792.12,145
1660042380,1791.54,150
1660042440,1791.56,124
1660042500,1791.28,122
1660042560,1791.10,127
1660042620,1791.50,158
1660042680,1791.40,120
1660042740,1791.09,112
1660042800,1791.56,166
1660042860,1791.74,142
1660042920,1791.34,128
1660042980,1791.46,112
1660043040,1791.54,134
1660043100,1791.39,156
1660043160,1791.38,150
1660043220,1791.48,126
1660043280,1791.96,136
1660043340,1792.28,129
1660043400,1791.94,92
1660043460,1791.57,122
1660043520,1791.72,121
1660043580,1791.55,108
1660043640,1791.12,136
1660043700,1790.76,158
1660043760,1790.79,118
1660043820,1790.78,102
1660043880,1790.50,136
1660043940,1790.80,89
1660044000,1790.83,121
1660044060,1790.80,100
1660044120,1790.76,78
1660044180,1790.90,88
1660044240,1790.98,88
1660044300,1791.32,80
1660044360,1791.68,101
1660044420,1791.36,100
1660044480,1791.57,84
1660044540,1791.58,91
1660044600,1791.58,77
1660044660,1792.26,108
1660044720,1792.66,143
1660044780,1792.17,109
1660044840,1791.94,120
1660044900,1791.76,116
1660044960,1791.58,108
1660045020,1791.74,97
1660045080,1791.27,111
1660045140,1791.36,90
1660045200,1791.36,111
1660045260,1791.76,92
1660045320,1791.64,108
1660045380,1791.36,113
1660045440,1791.83,95
1660045500,1791.41,88
1660045560,1791.16,122
1660045620,1790.92,94
1660045680,1791.23,101
1660045740,1790.96,121
1660045800,1790.73,101
1660045860,1790.81,126
1660045920,1790.52,96
1660045980,1790.93,122
1660046040,1790.74,139
1660046100,1790.80,125
1660046160,1790.65,138
1660046220,1790.16,108
1660046280,1789.96,157
1660046340,1789.48,199
1660046400,1790.11,208
1660046460,1790.52,194
1660046520,1789.52,184
1660046580,1790.04,198
1660046640,1790.10,130
1660046700,1790.46,132
1660046760,1789.80,132
1660046820,1790.07,186
1660046880,1790.70,160
1660046940,1790.28,104
1660047000,1790.34,102
1660047060,1789.66,186
1660047120,1789.82,142
1660047180,1789.64,160
1660047240,1790.12,123
1660047300,1789.66,161
1660047360,1789.41,146
1660047420,1788.56,189
1660047480,1788.78,230
1660047540,1789.00,154
1660047600,1791.16,276
1660047660,1791.52,212
1660047720,1791.68,239
1660047780,1791.42,154
1660047840,1791.77,218
1660047900,1791.32,184
1660047960,1791.32,187
1660048020,1791.18,203
1660048080,1790.86,154
1660048140,1791.28,158
1660048200,1791.84,224
1660048260,1791.02,249
1660048320,1790.46,264
1660048380,1790.88,236
1660048440,1790.56,226
1660048500,1791.04,212
1660048560,1791.89,182
1660048620,1792.58,200
1660048680,1792.27,208
1660048740,1793.04,214
1660048800,1793.10,212
1660048860,1792.67,181
1660048920,1792.40,208
1660048980,1792.62,168
1660049040,1792.67,110
1660049100,1793.07,148
1660049160,1793.65,203
1660049220,1793.69,194
1660049280,1792.77,212
1660049340,1792.98,161
1660049400,1793.00,140
1660049460,1792.84,187
1660049520,1792.74,174
1660049580,1793.17,158
1660049640,1793.47,154
1660049700,1793.76,181
1660049760,1793.94,160
1660049820,1793.82,188
1660049880,1793.92,164
1660049940,1793.88,184
1660050000,1793.00,290
1660050060,1794.13,244
1660050120,1793.73,262
1660050180,1793.66,174
1660050240,1794.12,209
1660050300,1797.46,358
1660050360,1797.56,305
1660050420,1797.58,270
1660050480,1797.66,195
1660050540,1798.00,223
1660050600,1796.55,213
1660050660,1795.61,272
1660050720,1795.70,237
1660050780,1796.14,243
1660050840,1796.40,172
1660050900,1796.38,206
1660050960,1796.44,155
1660051020,1796.61,146
1660051080,1796.66,135
1660051140,1796.33,149
1660051200,1796.96,185
1660051260,1796.52,171
1660051320,1797.50,178
1660051380,1797.72,220
1660051440,1797.54,212
1660051500,1797.32,170
1660051560,1797.78,153
1660051620,1797.80,166
1660051680,1797.74,174
1660051740,1797.19,187
1660051800,1797.38,261
1660051860,1797.53,265
1660051920,1799.52,277
1660051980,1799.02,332
1660052040,1799.26,286
1660052100,1797.64,258
1660052160,1797.34,261
1660052220,1796.12,287
1660052280,1796.77,264
1660052340,1796.44,236
1660052400,1796.91,266
1660052460,1797.00,230
1660052520,1797.00,210
1660052580,1797.10,251
1660052640,1797.75,213
1660052700,1798.01,244
1660052760,1798.04,256
1660052820,1798.82,306
1660052880,1798.72,304
1660052940,1798.59,250
1660053000,1798.62,266
1660053060,1798.58,236
1660053120,1798.12,234
1660053180,1797.98,219
1660053240,1797.47,229
1660053300,1798.05,227
1660053360,1797.44,206
1660053420,1797.70,245
1660053480,1798.16,198
1660053540,1797.70,192
1660053600,1796.53,288
1660053660,1796.18,247
1660053720,1795.99,252
1660053780,1797.32,226
1660053840,1796.18,212
1660053900,1794.89,292
1660053960,1794.83,301
1660054020,1794.96,287
1660054080,1794.80,219
1660054140,1794.92,212
1660054200,1795.20,282
1660054260,1796.18,243
1660054320,1796.48,214
1660054380,1796.17,218
1660054440,1795.84,195
1660054500,1795.85,181
1660054560,1796.73,240
1660054620,1795.90,190
1660054680,1797.04,222
1660054740,1796.52,190
1660054800,1797.06,227
1660054860,1797.44,180
1660054920,1797.16,186
1660054980,1797.06,200
1660055040,1797.08,190
1660055100,1796.73,204
1660055160,1796.26,210
1660055220,1796.30,196
1660055280,1795.60,204
1660055340,1795.56,214
1660055400,1795.38,208
1660055460,1795.76,218
1660055520,1796.39,194
1660055580,1795.87,194
1660055640,1795.16,208
1660055700,1794.36,246
1660055760,1793.88,244
1660055820,1793.62,211
1660055880,1793.93,220
1660055940,1794.65,208
1660056000,1794.88,168
1660056060,1795.20,208
1660056120,1795.17,176
1660056180,1795.43,204
1660056240,1795.82,183
1660056300,1795.73,234
1660056360,1795.19,196
1660056420,1795.06,196
1660056480,1794.88,198
1660056540,1794.78,180
1660056600,1794.04,275
1660056660,1794.02,214
1660056720,1794.44,234
1660056780,1794.32,249
1660056840,1793.52,240
1660056900,1793.33,241
1660056960,1792.46,281
1660057020,1792.18,289
1660057080,1792.02,230
1660057140,1791.04,300
1660057200,1791.00,300
1660057260,1791.50,287
1660057320,1792.11,226
1660057380,1791.97,200
1660057440,1792.41,197
1660057500,1791.88,188
1660057560,1791.90,176
1660057620,1792.02,204
1660057680,1791.11,196
1660057740,1790.70,218
1660057800,1791.24,214
1660057860,1791.78,224
1660057920,1791.39,186
1660057980,1792.68,204
1660058040,1792.64,225
1660058100,1792.34,199
1660058160,1792.33,177
1660058220,1792.57,160
1660058280,1792.36,152
1660058340,1791.81,150
1660058400,1793.02,183
1660058460,1792.94,146
1660058520,1793.11,171
1660058580,1793.06,123
1660058640,1792.99,111
1660058700,1792.96,130
1660058760,1793.11,150
1660058820,1792.81,194
1660058880,1792.70,137
1660058940,1792.47,144
1660059000,1793.10,181
1660059060,1792.96,154
1660059120,1793.66,152
1660059180,1793.08,200
1660059240,1792.92,181
1660059300,1793.14,171
1660059360,1793.16,157
1660059420,1793.41,127
1660059480,1793.46,141
1660059540,1793.36,124
1660059600,1793.48,118
1660059660,1793.90,128
1660059720,1793.71,126
1660059780,1794.39,146
1660059840,1794.60,149
1660059900,1794.47,188
1660059960,1794.80,94
1660060020,1794.93,159
1660060080,1795.24,124
1660060140,1795.36,141
1660060200,1795.08,149
1660060260,1795.14,145
1660060320,1795.18,116
1660060380,1795.12,102
1660060440,1795.36,110
1660060500,1795.68,118
1660060560,1795.57,149
1660060620,1795.84,138
1660060680,1795.81,118
1660060740,1796.17,156
1660060800,1795.80,178
1660060860,1796.40,138
1660060920,1796.82,166
1660060980,1797.25,167
1660061040,1797.64,171
1660061100,1797.71,136
1660061160,1798.02,161
1660061220,1798.16,134
1660061280,1797.98,156
1660061340,1797.46,127
1660061400,1797.26,195
1660061460,1796.91,131
1660061520,1795.98,207
1660061580,1796.66,162
1660061640,1796.06,136
1660061700,1795.96,103
1660061760,1796.12,95
1660061820,1796.34,90
1660061880,1796.60,111
1660061940,1796.57,160
1660062000,1796.86,122
1660062060,1796.39,116
1660062120,1796.75,132
1660062180,1796.62,129
1660062240,1796.47,116
1660062300,1797.20,110
1660062360,1796.84,124
1660062420,1796.86,86
1660062480,1797.16,128
1660062540,1796.94,130
1660062600,1796.76,95
1660062660,1796.76,95
1660062720,1796.06,123
1660062780,1796.36,83
1660062840,1795.86,94
1660062900,1796.00,92
1660062960,1795.90,66
1660063020,1795.88,59
1660063080,1795.57,69
1660063140,1795.66,62
1660063200,1795.72,91
1660063260,1795.86,93
1660063320,1795.50,104
1660063380,1795.27,119
1660063440,1795.40,97
1660063500,1795.27,86
1660063560,1795.01,102
1660063620,1795.30,80
1660063680,1795.10,81
1660063740,1795.07,112
1660063800,1795.23,94
1660063860,1795.56,141
1660063920,1795.44,110
1660063980,1795.72,107
1660064040,1795.69,92
1660064100,1795.74,119
1660064160,1795.76,154
1660064220,1795.36,153
1660064280,1795.37,122
1660064340,1795.24,160
1660064400,1795.18,139
1660064460,1795.58,158
1660064520,1796.04,160
1660064580,1796.16,126
1660064640,1796.08,91
1660064700,1796.06,128
1660064760,1796.03,103
1660064820,1796.06,98
1660064880,1796.02,112
1660064940,1796.22,60
1660065000,1796.39,68
1660065060,1796.34,104
1660065120,1796.48,98
1660065180,1796.30,119
1660065240,1796.50,120
1660065300,1796.30,79
1660065360,1796.18,117
1660065420,1796.21,96
1660065480,1795.98,78
1660065540,1795.50,112
1660065600,1795.53,100
1660065660,1795.50,70
1660065720,1795.45,64
1660065780,1795.49,104
1660065840,1795.87,146
1660065900,1795.70,105
1660065960,1795.79,68
1660066020,1795.84,104
1660066080,1795.87,150
1660066140,1795.62,201
1660066200,1795.46,139
1660066260,1795.30,112
1660066320,1795.36,86
1660066380,1795.38,80
1660066440,1795.26,96
1660066500,1795.28,68
1660066560,1795.20,82
1660066620,1795.29,104
1660066680,1795.22,56
1660066740,1794.62,114
1660066800,1794.58,122
1660066860,1794.68,92
1660066920,1794.24,129
1660066980,1794.46,81
1660067040,1794.76,64
1660067100,1794.22,138
1660067160,1794.02,80
1660067220,1794.04,42
1660067280,1793.89,104
1660067340,1794.00,84
1660067400,1793.85,88
1660067460,1794.10,92
1660067520,1794.24,128
1660067580,1794.18,70
1660067640,1794.28,89
1660067700,1794.34,79
1660067760,1794.32,69
1660067820,1794.54,82
1660067880,1794.55,64
1660067940,1794.36,90
1660068000,1794.75,140
1660068060,1794.76,70
1660068120,1795.12,125
1660068180,1795.26,70
1660068240,1795.26,102
1660068300,1795.25,66
1660068360,1795.22,84
1660068420,1795.05,60
1660068480,1794.97,72
1660068540,1794.84,60
1660068600,1795.02,92
1660068660,1794.94,64
1660068720,1794.84,68
1660068780,1794.88,68
1660068840,1794.78,54
1660068900,1794.58,107
1660068960,1794.57,77
1660069020,1794.51,95
1660069080,1794.17,81
1660069140,1793.96,100
1660069200,1793.91,74
1660069260,1793.69,80
1660069320,1793.88,68
1660069380,1793.76,60
1660069440,1793.74,80
1660069500,1793.74,92
1660069560,1793.95,78
1660069620,1793.75,68
1660069680,1793.77,77
1660069740,1793.84,99
1660069800,1793.94,72
1660069860,1794.12,52
1660069920,1794.04,51
1660069980,1794.02,71
1660070040,1794.21,58
1660070100,1794.19,92
1660070160,1794.44,71
1660070220,1794.45,79
1660070280,1794.52,58
1660070340,1794.58,56
1660070400,1793.90,70
1660070460,1793.68,74
1660070520,1794.02,90
1660070580,1793.73,50
1660070640,1793.64,66
1660070700,1793.46,92
1660070760,1793.48,58
1660070820,1793.40,42
1660070880,1793.74,54
1660070940,1793.90,74
1660071000,1793.86,94
1660071060,1793.96,76
1660071120,1794.02,58
1660071180,1793.78,62
1660071240,1793.94,56
1660071300,1794.04,66
1660071360,1794.22,44
1660071420,1794.44,56
1660071480,1794.38,62
1660071540,1794.48,120
1660071600,1794.72,61
1660071660,1794.54,56
1660071720,1794.66,92
1660071780,1794.84,84
1660071840,1794.78,58
1660071900,1794.73,54
1660071960,1794.44,64
1660072020,1794.40,82
1660072080,1794.50,32
1660072140,1794.58,36
1660072200,1794.58,56
1660072260,1794.63,54
1660072320,1794.74,46
1660072380,1794.74,60
1660072440,1794.80,34
1660072500,1795.28,110
1660072560,1795.22,66
1660072620,1795.34,66
1660072680,1795.24,60
1660072740,1795.22,64
1660072800,1795.33,68
1660072860,1795.38,70
1660072920,1795.12,80
1660072980,1795.32,62
1660073040,1795.41,40
1660073100,1795.38,48
1660073160,1795.48,44
1660073220,1795.60,22
1660073280,1795.38,30
1660073340,1795.48,74
1660073400,1795.64,85
1660073460,1795.91,84
1660073520,1795.99,58
1660073580,1795.88,64
1660073640,1795.97,74
1660073700,1795.88,64
1660073760,1795.86,66
1660073820,1795.66,72
1660073880,1795.52,56
1660073940,1795.71,54
1660074000,1795.60,64
1660074060,1795.52,86
1660074120,1795.40,62
1660074180,1795.26,58
1660074240,1794.78,89
1660074300,1794.81,103
1660074360,1795.10,88
1660074420,1794.88,74
1660074480,1794.84,32
1660074540,1794.80,68
1660074600,1794.86,64
1660074660,1794.77,72
1660074720,1794.70,56
1660074780,1794.84,68
1660074840,1794.78,40
1660074900,1794.58,84
1660074960,1794.70,58
1660075020,1794.78,44
1660075080,1794.26,140
1660075140,1794.06,182
1660075200,1794.26,140
1660075260,1794.35,98
1660075320,1794.56,48
1660075380,1794.44,60
1660075440,1794.44,55
1660075500,1794.44,50
1660075560,1794.35,20
1660075620,1794.62,40
1660075680,1794.68,33
1660075740,1794.68,46
1660075800,1794.68,25
1660075860,1794.61,40
1660075920,1794.58,36
1660075980,1794.58,56
1660076040,1794.56,34
1660076100,1794.58,46
1660076160,1794.71,44
1660076220,1794.78,36
1660076280,1794.78,28
1660076340,1794.76,46
1660076400,1794.69,36
1660076460,1794.87,32
1660076520,1794.88,14
1660076580,1794.85,16
1660076640,1794.76,8
1660076700,1794.87,20
1660076760,1794.88,34
1660076820,1795.00,36
1660076880,1794.97,17
1660076940,1794.90,46
1660077000,1794.72,85
1660077060,1794.76,20
1660077120,1794.72,32
1660077180,1794.70,41
1660077240,1794.68,26
1660077300,1794.74,50
1660077360,1794.64,28
1660077420,1794.58,20
1660077480,1794.54,16
1660077540,1794.60,44
1660077600,1794.46,40
1660077660,1794.41,51
1660077720,1794.46,28
1660077780,1794.48,15
1660077840,1794.40,31
1660077900,1794.09,53
1660077960,1794.00,20
1660078020,1793.88,32
1660078080,1793.75,50
1660078140,1793.78,72
1660078200,1794.18,78
1660078260,1794.15,64
1660078320,1794.08,50
1660078380,1794.27,40
1660078440,1794.25,10
1660078500,1794.42,15
1660078560,1794.63,25
1660082520,1794.52,22
1660082580,1794.38,48
1660082640,1794.12,53
1660082700,1794.08,31
1660082760,1794.16,6
1660082820,1794.16,8
1660082880,1794.08,32
1660082940,1793.98,18
1660083000,1793.98,20
1660083060,1793.89,12
1660083120,1793.98,8
1660083180,1794.21,10
1660083300,1794.13,9
1660083360,1794.14,8
1660083420,1794.36,18
1660083480,1794.28,4
1660083540,1794.27,22
1660083600,1794.31,11
1660083660,1794.34,6
1660083720,1794.36,3
1660083780,1794.43,7
1660083840,1794.45,2
1660083900,1794.38,20
1660083960,1794.33,5
1660084020,1794.35,9
1660084080,1794.34,6
1660084140,1794.43,10
1660084200,1794.50,22
1660084260,1794.44,8
1660084320,1794.50,6
1660084380,1794.48,8
1660084440,1794.34,22
1660084500,1794.16,6
1660084560,1794.30,20
1660084620,1794.17,20
1660084680,1794.06,14
1660084740,1794.21,4
1660084800,1794.22,20
1660084860,1794.30,8
1660084920,1794.32,10
1660084980,1794.26,4
1660085040,1794.22,12
1660085100,1794.32,12
1660085160,1794.22,12
1660085220,1794.12,24
1660085280,1794.06,16
1660085340,1794.05,14
1660085400,1794.05,14
1660085460,1793.97,6
1660085520,1793.86,14
1660085580,1793.85,2
1660085640,1793.85,14
1660085700,1793.86,12
1660085760,1793.76,8
1660085820,1793.77,2
1660085880,1793.76,6
1660085940,1793.76,6
1660086000,1793.67,71
1660086060,1793.56,26
1660086120,1793.55,40
1660086180,1793.71,36
1660086240,1793.74,50
1660086300,1793.72,20
1660086360,1793.63,30
1660086420,1793.54,20
1660086480,1793.54,26
1660086540,1793.54,16
1660086600,1793.55,26
1660086660,1793.44,42
1660086720,1793.53,30
1660086780,1793.54,10
1660086840,1793.52,6
1660086900,1793.52,12
1660086960,1793.54,8
1660087020,1793.53,26
1660087080,1793.47,20
1660087140,1793.55,40
1660087200,1793.57,16
1660087260,1793.84,22
1660087320,1793.80,26
1660087380,1793.92,14
1660087440,1793.82,32
1660087500,1793.90,14
1660087560,1793.91,2
1660087620,1793.90,34
1660087680,1794.10,8
1660087740,1794.04,20
1660087800,1794.00,32
1660087860,1793.98,34
1660087920,1793.98,14
1660087980,1794.03,34
1660088040,1794.10,60
1660088100,1794.11,22
1660088160,1794.09,34
1660088220,1794.28,24
1660088280,1794.22,24
1660088340,1793.88,44
1660088400,1794.10,30
1660088460,1794.12,10
1660088520,1793.94,28
1660088580,1794.04,8
1660088640,1793.92,26
1660088700,1794.32,52
1660088760,1794.14,16
1660088820,1794.06,26
1660088880,1794.28,26
1660088940,1794.40,24
1660089000,1794.28,4
1660089060,1794.26,16
1660089120,1794.37,18
1660089180,1794.40,20
1660089240,1794.40,12
1660089300,1794.25,54
1660089360,1794.10,68
1660089420,1794.19,50
1660089480,1794.16,44
1660089540,1794.22,32
1660089600,1794.09,68
1660089660,1794.07,56
1660089720,1793.70,56
1660089780,1793.36,68
1660089840,1793.48,42
1660089900,1793.26,54
1660089960,1793.18,50
1660090020,1793.16,28
1660090080,1793.21,18
1660090140,1793.28,32
1660090200,1793.48,42
1660090260,1793.60,40
1660090320,1793.66,38
1660090380,1793.72,28
1660090440,1793.64,40
1660090500,1793.67,62
1660090560,1793.62,52
1660090620,1793.68,22
1660090680,1793.81,44
1660090740,1793.78,46
1660090800,1793.52,48
1660090860,1793.49,46
1660090920,1793.34,56
1660090980,1793.01,80
1660091040,1792.98,72
1660091100,1792.72,54
1660091160,1792.80,68
1660091220,1792.82,62
1660091280,1792.88,12
1660091340,1792.75,40
1660091400,1792.35,94
1660091460,1792.16,80
1660091520,1792.00,72
1660091580,1792.02,96
1660091640,1792.32,96
1660091700,1792.36,34
1660091760,1792.24,48
1660091820,1792.30,26
1660091880,1792.59,42
1660091940,1792.51,36
1660092000,1792.72,44
1660092060,1792.72,40
1660092120,1792.91,44
1660092180,1792.64,52
1660092240,1792.50,28
1660092300,1792.63,20
1660092360,1792.60,30
1660092420,1792.53,38
1660092480,1792.54,26
1660092540,1792.56,30
1660092600,1792.58,52
1660092660,1792.67,52
1660092720,1792.64,80
1660092780,1792.74,42
1660092840,1792.94,138
1660092900,1792.91,96
1660092960,1792.80,64
1660093020,1793.02,40
1660093080,1792.74,66
1660093140,1792.82,52
1660093200,1792.20,140
1660093260,1793.12,84
1660093320,1792.92,106
1660093380,1792.87,116
1660093440,1793.04,102
1660093500,1792.86,114
1660093560,1792.70,96
1660093620,1792.44,120
1660093680,1792.66,74
1660093740,1792.35,70
1660093800,1792.41,58
1660093860,1792.84,76
1660093920,1792.81,86
1660093980,1792.44,92
1660094040,1792.37,84
1660094100,1792.34,70
1660094160,1792.23,54
1660094220,1791.91,96
1660094280,1791.98,68
1660094340,1791.68,48
1660094400,1791.64,42
1660094460,1791.86,84
1660094520,1791.98,64
1660094580,1791.92,54
1660094640,1791.92,72
1660094700,1792.01,66
1660094760,1791.76,72
1660094820,1791.90,72
1660094880,1792.04,80
1660094940,1791.73,104
1660095000,1791.86,76
1660095060,1791.31,132
1660095120,1791.15,124
1660095180,1791.33,100
1660095240,1791.58,96
1660095300,1791.72,76
1660095360,1791.28,66
1660095420,1791.35,68
1660095480,1791.35,68
1660095540,1791.59,74
1660095600,1791.21,54
1660095660,1791.62,52
1660095720,1791.84,46
1660095780,1792.16,62
1660095840,1792.50,90
1660095900,1792.60,106
1660095960,1792.86,60
1660096020,1792.84,112
1660096080,1792.88,114
1660096140,1792.74,52
1660096200,1792.49,101
1660096260,1792.28,44
1660096320,1792.14,66
1660096380,1792.20,34
1660096440,1792.14,64
1660096500,1792.32,58
1660096560,1792.41,64
1660096620,1792.76,82
1660096680,1792.88,66
1660096740,1793.00,68
1660096800,1793.02,76
1660096860,1793.30,70
1660096920,1793.50,94
1660096980,1793.56,96
1660097040,1793.65,92
1660097100,1793.57,72
1660097160,1793.34,114
1660097220,1793.56,170
1660097280,1793.63,64
1660097340,1793.54,79
1660097400,1793.76,60
1660097460,1793.70,78
1660097520,1793.82,86
1660097580,1794.01,98
1660097640,1794.02,36
1660097700,1793.83,46
1660097760,1793.74,50
1660097820,1794.08,61
1660097880,1794.38,59
1660097940,1794.37,56
1660098000,1794.38,38
1660098060,1794.45,60
1660098120,1794.54,32
1660098180,1794.68,54
1660098240,1794.32,46
1660098300,1794.08,34
1660098360,1794.04,54
1660098420,1794.12,24
1660098480,1793.92,48
1660098540,1793.96,40
1660098600,1793.68,80
1660098660,1793.64,48
1660098720,1794.04,74
1660098780,1794.00,92
1660098840,1793.92,56
1660098900,1793.74,72
1660098960,1793.64,88
1660099020,1793.76,56
1660099080,1793.66,60
1660099140,1793.94,56
1660099200,1794.04,84
1660099260,1794.18,82
1660099320,1794.20,72
1660099380,1794.32,82
1660099440,1794.16,84
1660099500,1793.90,74
1660099560,1793.68,68
1660099620,1793.62,56
1660099680,1793.66,20
1660099740,1793.64,54
1660099800,1794.00,86
1660099860,1794.22,58
1660099920,1793.63,98
1660099980,1794.05,70
1660100040,1793.76,66
1660100100,1793.88,92
1660100160,1794.13,78
1660100220,1794.08,96
1660100280,1793.88,64
1660100340,1793.85,60
1660100400,1793.74,66
1660100460,1793.76,66
1660100520,1793.84,64
1660100580,1793.96,60
1660100640,1793.72,74
1660100700,1793.82,82
1660100760,1793.83,68
1660100820,1793.90,46
1660100880,1794.02,24
1660100940,1794.02,50
1660101000,1794.02,78
1660101060,1793.60,70
1660101120,1793.58,80
1660101180,1793.56,44
1660101240,1793.59,40
1660101300,1793.68,56
1660101360,1793.80,46
1660101420,1793.56,43
1660101480,1793.56,46
1660101540,1793.49,44
1660101600,1793.48,62
1660101660,1793.34,38
1660101720,1793.11,84
1660101780,1792.97,76
1660101840,1792.95,72
1660101900,1792.89,76
1660101960,1792.71,78
1660102020,1792.68,53
1660102080,1792.54,46
1660102140,1792.60,76
1660102200,1792.35,67
1660102260,1792.06,81
1660102320,1791.89,45
1660102380,1791.94,28
1660102440,1791.81,48
1660102500,1791.82,47
1660102560,1791.72,64
1660102620,1791.82,68
1660102680,1791.98,62
1660102740,1792.14,62
1660102800,1791.96,64
1660102860,1791.58,56
1660102920,1791.90,63
1660102980,1791.98,42
1660103040,1791.78,32
1660103100,1791.55,56
1660103160,1791.32,46
1660103220,1791.12,78
1660103280,1791.20,48
1660103340,1791.04,66
1660103400,1791.16,30
1660103460,1791.16,42
1660103520,1791.08,60
1660103580,1791.18,36
1660103640,1791.38,40
1660103700,1791.36,34
1660103760,1791.40,26
1660103820,1791.41,26
1660103880,1791.23,50
1660103940,1791.34,58
1660104000,1791.20,40
1660104060,1791.14,14
1660104120,1791.01,38
1660104180,1791.27,46
1660104240,1791.46,42
1660104300,1791.34,40
1660104360,1791.30,12
1660104420,1791.13,22
1660104480,1791.17,34
1660104540,1791.08,40
1660104600,1791.20,46
1660104660,1791.13,28
1660104720,1791.00,10
1660104840,1791.02,20
1660104900,1791.14,30
1660104960,1791.20,26
1660105020,1791.12,16
1660105080,1791.16,8
1660105140,1791.28,36
1660105200,1791.16,30
1660105260,1791.00,26
1660105320,1790.44,54
1660105380,1790.47,33
1660105440,1790.68,30
1660105500,1790.76,24
1660105560,1790.90,20
1660105620,1790.77,16
1660105680,1790.84,18
1660105740,1790.94,24
1660105800,1790.82,58
1660105860,1790.79,12
1660105920,1790.50,48
1660105980,1790.64,50
1660106040,1790.42,12
1660106100,1790.20,46
1660106160,1790.46,42
1660106220,1790.58,36
1660106280,1790.28,32
1660106340,1790.02,46
1660106400,1790.28,67
1660106460,1790.20,68
1660106520,1790.15,72
1660106580,1790.20,20
1660106640,1790.38,56
1660106700,1790.27,33
1660106760,1790.17,22
1660106820,1790.26,24
1660106880,1790.26,16
1660106940,1790.16,18
1660107000,1790.06,36
1660107060,1790.26,17
1660107120,1790.45,14
1660107180,1790.45,32
1660107240,1790.36,34
1660107300,1790.26,56
1660107360,1790.26,50
1660107420,1790.36,44
1660107480,1790.44,28
1660107540,1790.47,52
1660107600,1790.29,62
1660107660,1790.06,66
1660107720,1790.17,84
1660107780,1789.78,60
1660107840,1789.84,48
1660107900,1790.00,82
1660107960,1789.89,44
1660108020,1789.92,34
1660108080,1789.86,74
1660108140,1789.72,56
1660108200,1789.62,44
1660108260,1789.56,78
1660108320,1789.61,76
1660108380,1789.66,54
1660108440,1789.48,28
1660108500,1789.52,76
1660108560,1788.88,118
1660108620,1788.38,96
1660108680,1788.64,48
1660108740,1788.82,34
1660108800,1788.74,52
1660108860,1789.00,52
1660108920,1788.94,46
1660108980,1788.90,32
1660109040,1788.84,26
1660109100,1788.70,40
1660109160,1788.64,35
1660109220,1788.72,38
1660109280,1788.90,68
1660109340,1788.84,82
1660109400,1789.48,196
1660109460,1789.64,110
1660109520,1789.46,70
1660109580,1789.84,92
1660109640,1789.82,66
1660109700,1789.93,66
1660109760,1790.24,84
1660109820,1790.21,78
1660109880,1790.16,76
1660109940,1790.28,76
1660110000,1790.00,92
1660110060,1790.12,50
1660110120,1790.13,58
1660110180,1790.18,81
1660110240,1790.25,74
1660110300,1789.86,114
1660110360,1789.41,116
1660110420,1789.46,88
1660110480,1789.75,68
1660110540,1789.84,86
1660110600,1789.30,92
1660110660,1789.43,68
1660110720,1789.58,58
1660110780,1789.84,32
1660110840,1789.58,26
1660110900,1789.36,50
1660110960,1789.18,82
1660111020,1789.12,64
1660111080,1788.56,60
1660111140,1788.40,80
1660111200,1788.38,194
1660111260,1788.42,126
1660111320,1788.46,134
1660111380,1789.04,102
1660111440,1788.96,104
1660111500,1788.98,90
1660111560,1789.15,66
1660111620,1789.04,116
1660111680,1789.23,100
1660111740,1789.02,60
1660111800,1788.95,70
1660111860,1789.28,54
1660111920,1789.00,94
1660111980,1789.46,86
1660112040,1789.26,80
1660112100,1788.88,78
1660112160,1788.84,76
1660112220,1788.44,92
1660112280,1787.72,116
1660112340,1788.24,162
1660112400,1788.02,106
1660112460,1788.22,110
1660112520,1788.08,94
1660112580,1788.08,56
1660112640,1788.18,76
1660112700,1788.34,94
1660112760,1788.12,64
1660112820,1788.07,88
1660112880,1787.95,74
1660112940,1788.08,123
1660113000,1787.70,167
1660113060,1787.94,127
1660113120,1787.82,126
1660113180,1787.75,168
1660113240,1788.10,94
1660113300,1788.19,102
1660113360,1788.18,147
1660113420,1788.16,104
1660113480,1788.24,56
1660113540,1788.24,111
1660113600,1788.52,97
1660113660,1788.20,94
1660113720,1788.32,122
1660113780,1788.66,102
1660113840,1788.89,112
1660113900,1789.04,97
1660113960,1788.80,140
1660114020,1788.74,170
1660114080,1788.68,138
1660114140,1788.97,112
1660114200,1789.31,91
1660114260,1789.32,111
1660114320,1789.28,116
1660114380,1789.05,91
1660114440,1789.03,54
1660114500,1788.92,88
1660114560,1788.87,94
1660114620,1788.94,94
1660114680,1788.96,129
1660114740,1789.00,122
1660114800,1789.81,184
1660114860,1789.98,150
1660114920,1790.41,166
1660114980,1791.42,175
1660115040,1790.82,178
1660115100,1790.91,146
1660115160,1790.70,106
1660115220,1790.52,149
1660115280,1790.63,138
1660115340,1790.80,160
1660115400,1790.23,134
1660115460,1790.50,118
1660115520,1790.18,128
1660115580,1790.20,114
1660115640,1789.63,144
1660115700,1789.82,133
1660115760,1790.20,118
1660115820,1790.04,108
1660115880,1789.70,160
1660115940,1789.72,100
1660116000,1789.60,96
1660116060,1789.72,112
1660116120,1788.82,159
1660116180,1789.07,113
1660116240,1788.80,154
1660116300,1788.78,96
1660116360,1788.88,138
1660116420,1789.79,116
1660116480,1790.00,168
1660116540,1790.10,160
1660116600,1790.13,156
1660116660,1790.60,136
1660116720,1790.82,138
1660116780,1790.32,134
1660116840,1790.40,120
1660116900,1790.34,120
1660116960,1790.26,96
1660117020,1790.54,126
1660117080,1790.82,105
1660117140,1790.91,104
1660117200,1790.94,120
1660117260,1791.24,114
1660117320,1791.63,199
1660117380,1791.39,171
1660117440,1791.29,130
1660117500,1791.22,154
1660117560,1791.53,158
1660117620,1791.35,150
1660117680,1791.54,100
1660117740,1791.34,104
1660117800,1791.30,125
1660117860,1791.34,132
1660117920,1791.11,82
1660117980,1791.30,104
1660118040,1791.18,100
1660118100,1791.38,126
1660118160,1791.21,134
1660118220,1791.22,68
1660118280,1791.12,108
1660118340,1790.45,136
1660118400,1790.66,150
1660118460,1791.04,132
1660118520,1790.79,132
1660118580,1790.54,176
1660118640,1790.21,164
1660118700,1790.41,126
1660118760,1790.18,110
1660118820,1789.76,114
1660118880,1789.88,82
1660118940,1789.84,98
1660119000,1789.84,106
1660119060,1789.52,138
1660119120,1789.70,148
1660119180,1789.18,146
1660119240,1789.25,113
1660119300,1789.04,126
1660119360,1789.14,131
1660119420,1788.90,158
1660119480,1788.74,102
1660119540,1788.78,134
1660119600,1789.03,122
1660119660,1789.38,129
1660119720,1789.29,114
1660119780,1789.23,128
1660119840,1788.67,146
1660119900,1789.92,164
1660119960,1789.83,178
1660120020,1789.61,160
1660120080,1789.31,160
1660120140,1789.46,158
1660120200,1789.23,144
1660120260,1790.19,158
1660120320,1790.02,97
1660120380,1790.52,110
1660120440,1790.66,122
1660120500,1791.21,160
1660120560,1791.50,136
1660120620,1792.24,150
1660120680,1791.54,161
1660120740,1791.54,124
1660120800,1792.27,154
1660120860,1792.22,126
1660120920,1792.69,152
1660120980,1792.34,156
1660121040,1792.04,165
1660121100,1792.27,132
1660121160,1792.11,88
1660121220,1791.85,140
1660121280,1791.86,80
1660121340,1791.84,96
1660121400,1791.75,96
1660121460,1792.54,126
1660121520,1792.85,118
1660121580,1792.75,98
1660121640,1792.64,93
1660121700,1792.66,107
1660121760,1792.38,114
1660121820,1792.65,110
1660121880,1792.62,114
1660121940,1792.42,128
1660122000,1792.38,122
1660122060,1792.47,148
1660122120,1792.18,134
1660122180,1792.10,122
1660122240,1791.96,74
1660122300,1792.31,112
1660122360,1792.01,81
1660122420,1791.88,81
1660122480,1791.98,105
1660122540,1792.11,87
1660122600,1792.06,87
1660122660,1792.24,66
1660122720,1792.36,90
1660122780,1792.52,66
1660122840,1792.72,100
1660122900,1793.18,136
1660122960,1793.10,109
1660123020,1793.05,69
1660123080,1793.14,72
1660123140,1793.14,83
1660123200,1793.06,60
1660123260,1793.30,89
1660123320,1793.63,73
1660123380,1793.26,151
1660123440,1793.25,64
1660123500,1793.24,106
1660123560,1793.35,122
1660123620,1793.54,154
1660123680,1793.77,106
1660123740,1794.12,186
1660123800,1793.70,161
1660123860,1793.63,135
1660123920,1793.74,94
1660123980,1793.74,129
1660124040,1793.70,96
1660124100,1794.01,83
1660124160,1793.88,94
1660124220,1793.84,105
1660124280,1793.69,96
1660124340,1793.62,113
1660124400,1793.64,94
1660124460,1793.41,80
1660124520,1793.34,76
1660124580,1793.48,83
1660124640,1793.68,95
1660124700,1793.74,120
1660124760,1794.06,92
1660124820,1793.90,100
1660124880,1793.84,123
1660124940,1794.34,122
1660125000,1794.63,105
1660125060,1794.71,104
1660125120,1795.05,67
1660125180,1794.90,84
1660125240,1794.12,126
1660125300,1794.31,111
1660125360,1794.12,73
1660125420,1794.17,84
1660125480,1794.15,92
1660125540,1794.21,65
1660125600,1794.10,91
1660125660,1794.04,83
1660125720,1794.33,101
1660125780,1794.46,72
1660125840,1794.42,27
1660125900,1794.53,53
1660125960,1794.50,87
1660126020,1794.86,77
1660126080,1794.44,83
1660126140,1794.77,107
1660126200,1795.10,95
1660126260,1794.80,115
1660126320,1794.75,94
1660126380,1794.46,98
1660126440,1794.38,79
1660126500,1794.27,85
1660126560,1794.10,123
1660126620,1794.16,88
1660126680,1793.97,108
1660126740,1794.18,142
1660126800,1794.23,84
1660126860,1793.97,70
1660126920,1793.76,106
1660126980,1793.68,82
1660127040,1793.66,65
1660127100,1793.85,93
1660127160,1793.79,68
1660127220,1793.94,68
1660127280,1794.22,48
1660127340,1793.90,100
1660127400,1793.77,111
1660127460,1793.40,114
1660127520,1793.17,135
1660127580,1793.07,96
1660127640,1793.28,107
1660127700,1793.51,118
1660127760,1793.34,86
1660127820,1792.92,98
1660127880,1792.62,95
1660127940,1791.56,214
1660128000,1791.46,142
1660128060,1791.71,145
1660128120,1791.61,110
1660128180,1791.30,100
1660128240,1790.58,104
1660128300,1790.80,136
1660128360,1790.86,124
1660128420,1790.59,112
1660128480,1790.82,100
1660128540,1790.86,139
1660128600,1790.97,124
1660128660,1790.96,138
1660128720,1791.04,130
1660128780,1791.34,120
1660128840,1790.98,103
1660128900,1791.14,107
1660128960,1790.96,67
1660129020,1790.90,87
1660129080,1791.09,102
1660129140,1790.92,99
1660129200,1790.26,174
1660129260,1790.34,113
1660129320,1790.27,151
1660129380,1790.11,104
1660129440,1789.96,119
1660129500,1790.50,157
1660129560,1790.46,126
1660129620,1790.44,107
1660129680,1790.76,109
1660129740,1790.75,82
1660129800,1790.48,90
1660129860,1789.93,138
1660129920,1790.02,99
1660129980,1790.54,68
1660130040,1790.34,89
1660130100,1790.40,96
1660130160,1790.47,65
1660130220,1790.02,85
1660130280,1789.80,122
1660130340,1789.71,94
1660130400,1789.91,139
1660130460,1789.36,133
1660130520,1789.70,79
1660130580,1790.02,138
1660130640,1790.04,110
1660130700,1790.27,68
1660130760,1790.24,104
1660130820,1790.31,128
1660130880,1790.58,135
1660130940,1790.50,128
1660131000,1790.54,116
1660131060,1789.47,145
1660131120,1789.51,120
1660131180,1790.14,117
1660131240,1790.27,132
1660131300,1790.61,99
1660131360,1790.30,95
1660131420,1790.24,150
1660131480,1790.83,124
1660131540,1790.62,90
1660131600,1790.74,94
1660131660,1790.66,93
1660131720,1790.71,83
1660131780,1790.90,128
1660131840,1791.10,79
1660131900,1790.91,118
1660131960,1791.20,97
1660132020,1791.16,58
1660132080,1791.79,101
1660132140,1791.89,155
1660132200,1791.48,130
1660132260,1791.51,120
1660132320,1791.81,98
1660132380,1792.37,154
1660132440,1792.47,120
1660132500,1792.32,155
1660132560,1792.52,113
1660132620,1793.00,150
1660132680,1792.50,164
1660132740,1792.40,176
1660132800,1792.28,168
1660132860,1792.34,154
1660132920,1792.74,124
1660132980,1792.02,129
1660133040,1792.66,137
1660133100,1793.17,183
1660133160,1793.04,124
1660133220,1792.74,164
1660133280,1793.28,152
1660133340,1792.80,203
1660133400,1793.06,168
1660133460,1792.68,118
1660133520,1792.56,107
1660133580,1792.52,90
1660133640,1792.80,168
1660133700,1792.62,134
1660133760,1792.48,107
1660133820,1791.37,220
1660133880,1791.50,179
1660133940,1791.08,226
1660134000,1792.04,232
1660134060,1791.91,181
1660134120,1791.12,213
1660134180,1790.99,174
1660134240,1790.90,198
1660134300,1791.16,197
1660134360,1790.66,179
1660134420,1791.82,162
1660134480,1792.87,141
1660134540,1790.05,194
1660134600,1804.93,426
1660134660,1805.13,470
1660134720,1805.41,472
1660134780,1805.38,452
1660134840,1802.02,448
1660134900,1802.04,392
1660134960,1803.58,410
1660135020,1805.56,386
1660135080,1806.12,383
1660135140,1806.54,369
1660135200,1806.70,359
1660135260,1805.77,345
1660135320,1804.62,368
1660135380,1806.48,326
1660135440,1806.34,326
1660135500,1804.96,330
1660135560,1804.88,326
1660135620,1805.16,316
1660135680,1804.06,342
1660135740,1803.58,342
1660135800,1803.18,354
1660135860,1802.04,358
1660135920,1802.10,367
1660135980,1800.74,359
1660136040,1800.68,331
1660136100,1799.92,330
1660136160,1799.76,326
1660136220,1799.86,378
1660136280,1798.56,339
1660136340,1797.40,296
1660136400,1796.36,418
1660136460,1797.07,366
1660136520,1795.40,394
1660136580,1795.62,343
1660136640,1795.76,320
1660136700,1795.24,334
1660136760,1794.74,319
1660136820,1794.44,333
1660136880,1794.18,338
1660136940,1793.78,364
1660137000,1795.08,382
1660137060,1796.58,394
1660137120,1795.54,348
1660137180,1796.83,323
1660137240,1796.78,330
1660137300,1797.55,342
1660137360,1797.95,293
1660137420,1799.24,349
1660137480,1799.28,324
1660137540,1798.94,245
1660137600,1799.16,296
1660137660,1799.08,285
1660137720,1797.77,287
1660137780,1797.17,263
1660137840,1797.26,222
1660137900,1796.31,295
1660137960,1796.24,248
1660138020,1796.06,264
1660138080,1796.70,285
1660138140,1796.44,251
1660138200,1794.70,359
1660138260,1794.36,345
1660138320,1792.98,379
1660138380,1795.36,371
1660138440,1794.60,341
1660138500,1794.32,348
1660138560,1793.10,340
1660138620,1792.90,335
1660138680,1792.74,338
1660138740,1792.00,351
1660138800,1793.05,354
1660138860,1792.98,295
1660138920,1793.74,260
1660138980,1794.70,294
1660139040,1794.92,338
1660139100,1795.76,333
1660139160,1796.73,337
1660139220,1796.80,305
1660139280,1796.50,312
1660139340,1796.38,289
1660139400,1796.13,290
1660139460,1796.62,296
1660139520,1797.64,257
1660139580,1797.17,312
1660139640,1796.63,291
1660139700,1797.30,236
1660139760,1796.42,251
1660139820,1796.21,274
1660139880,1795.94,275
1660139940,1795.81,319
1660140000,1796.34,334
1660140060,1797.48,342
1660140120,1797.68,327
1660140180,1798.33,320
1660140240,1796.85,330
1660140300,1796.43,295
1660140360,1797.27,320
1660140420,1797.06,294
1660140480,1797.12,272
1660140540,1796.56,268
1660140600,1797.00,294
1660140660,1798.34,275
1660140720,1797.12,242
1660140780,1796.86,236
1660140840,1796.03,304
1660140900,1797.12,277
1660140960,1796.81,245
1660141020,1797.38,266
1660141080,1797.40,248
1660141140,1797.26,266
1660141200,1796.43,295
1660141260,1797.50,262
1660141320,1798.01,250
1660141380,1797.91,208
1660141440,1797.24,211
1660141500,1797.14,195
1660141560,1798.10,189
1660141620,1798.54,210
1660141680,1798.39,237
1660141740,1798.26,250
1660141800,1798.21,303
1660141860,1798.74,241
1660141920,1799.54,270
1660141980,1799.37,245
1660142040,1799.82,249
1660142100,1799.73,232
1660142160,1800.51,251
1660142220,1800.14,280
1660142280,1799.64,262
1660142340,1800.62,213
1660142400,1800.99,236
1660142460,1800.76,203
1660142520,1800.91,218
1660142580,1800.82,239
1660142640,1801.01,232
1660142700,1801.74,270
1660142760,1801.33,292
1660142820,1801.42,226
1660142880,1800.29,269
1660142940,1800.37,268
1660143000,1800.45,261
1660143060,1799.86,210
1660143120,1800.58,230
1660143180,1800.81,242
1660143240,1800.99,240
1660143300,1801.07,286
1660143360,1801.73,258
1660143420,1801.81,278
1660143480,1801.99,271
1660143540,1802.03,232
1660143600,1801.51,247
1660143660,1801.18,239
1660143720,1800.83,254
1660143780,1801.43,182
1660143840,1802.18,218
1660143900,1802.14,258
1660143960,1802.16,242
1660144020,1801.90,178
1660144080,1802.04,160
1660144140,1802.00,182
1660144200,1801.42,210
1660144260,1800.89,177
1660144320,1799.56,288
1660144380,1798.90,290
1660144440,1799.45,241
1660144500,1799.40,237
1660144560,1798.22,242
1660144620,1798.54,222
1660144680,1798.01,214
1660144740,1798.47,220
1660144800,1798.86,198
1660144860,1799.00,209
1660144920,1799.23,207
1660144980,1800.06,156
1660145040,1800.17,213
1660145100,1798.92,248
1660145160,1798.85,231
1660145220,1799.08,197
1660145280,1799.04,188
1660145340,1799.55,173
1660145400,1799.06,159
1660145460,1798.80,186
1660145520,1798.46,191
1660145580,1798.10,182
1660145640,1798.26,237
1660145700,1797.42,188
1660145760,1797.84,187
1660145820,1798.16,209
1660145880,1797.63,188
1660145940,1797.80,214
1660146000,1797.53,182
1660146060,1797.51,182
1660146120,1797.39,172
1660146180,1797.76,172
1660146240,1798.09,188
1660146300,1798.13,212
1660146360,1798.04,172
1660146420,1798.42,156
1660146480,1798.21,181
1660146540,1798.44,196
1660146600,1798.82,178
1660146660,1798.75,214
1660146720,1798.36,197
1660146780,1798.56,184
1660146840,1798.66,187
1660146900,1798.24,161
1660146960,1798.40,183
1660147020,1798.08,170
1660147080,1797.98,158
1660147140,1798.08,148
1660147200,1797.68,184
1660147260,1797.50,204
1660147320,1797.60,184
1660147380,1797.38,181
1660147440,1797.26,156
1660147500,1797.32,134
1660147560,1797.44,116
1660147620,1798.18,148
1660147680,1797.78,158
1660147740,1797.71,128
1660147800,1797.53,136
1660147860,1797.27,122
1660147920,1797.34,134
1660147980,1797.31,120
1660148040,1797.58,126
1660148100,1797.56,114
1660148160,1797.49,120
1660148220,1797.58,156
1660148280,1797.50,148
1660148340,1797.63,145
1660148400,1797.56,97
1660148460,1797.17,114
1660148520,1796.73,115
1660148580,1797.31,167
1660148640,1797.74,178
1660148700,1798.08,173
1660148760,1798.42,112
1660148820,1798.09,116
1660148880,1798.03,108
1660148940,1798.61,132
1660149000,1798.86,170
1660149060,1799.01,148
1660149120,1798.95,128
1660149180,1799.22,122
1660149240,1799.40,158
1660149300,1799.86,194
1660149360,1799.54,150
1660149420,1799.64,128
1660149480,1799.97,138
1660149540,1800.04,98
1660149600,1799.96,116
1660149660,1799.49,144
1660149720,1799.67,144
1660149780,1799.40,145
1660149840,1799.50,98
1660149900,1799.38,144
1660149960,1799.18,136
1660150020,1798.80,156
1660150080,1798.57,151
1660150140,1798.20,165
1660150200,1798.28,176
1660150260,1798.16,122
1660150320,1797.75,182
1660150380,1798.16,132
1660150440,1798.17,129
1660150500,1798.10,130
1660150560,1798.19,159
1660150620,1798.11,144
1660150680,1798.02,144
1660150740,1798.22,153
1660150800,1797.86,144
1660150860,1797.76,172
1660150920,1797.64,261
1660150980,1797.58,182
1660151040,1797.46,144
1660151100,1797.48,154
1660151160,1797.72,150
1660151220,1797.25,168
1660151280,1797.35,141
1660151340,1797.28,148
1660151400,1797.66,101
1660151460,1798.02,137
1660151520,1797.67,124
1660151580,1797.69,110
1660151640,1797.58,130
1660151700,1797.28,145
1660151760,1797.12,102
1660151820,1797.50,97
1660151880,1797.70,86
1660151940,1798.10,115
1660152000,1797.50,82
1660152060,1797.59,79
1660152120,1797.56,101
1660152180,1797.72,81
1660152240,1798.06,179
1660152300,1797.94,104
1660152360,1797.82,94
1660152420,1797.40,116
1660152480,1797.40,122
1660152540,1797.64,242
1660152600,1797.52,152
1660152660,1797.50,92
1660152720,1796.88,114
1660152780,1796.96,132
1660152840,1797.15,88
1660152900,1797.00,103
1660152960,1796.96,57
1660153020,1797.04,133
1660153080,1797.10,97
1660153140,1797.80,124
1660153200,1796.90,115
1660153260,1796.70,144
1660153320,1796.82,107
1660153380,1797.02,116
1660153440,1796.88,94
1660153500,1797.21,137
1660153560,1797.02,96
1660153620,1796.88,110
1660153680,1796.54,117
1660153740,1796.55,119
1660153800,1796.76,145
1660153860,1796.56,104
1660153920,1796.40,118
1660153980,1796.10,115
1660154040,1796.02,138
1660154100,1795.47,163
1660154160,1795.60,140
1660154220,1795.12,142
1660154280,1794.93,106
1660154340,1794.74,110
1660154400,1795.00,110
1660154460,1794.95,128
1660154520,1794.46,164
1660154580,1794.32,149
1660154640,1794.26,129
1660154700,1794.86,184
1660154760,1794.25,191
1660154820,1794.57,108
1660154880,1794.14,156
1660154940,1794.05,106
1660155000,1794.02,155
1660155060,1794.02,149
1660155120,1794.17,136
1660155180,1794.02,85
1660155240,1793.94,116
1660155300,1794.01,144
1660155360,1794.01,156
1660155420,1793.46,170
1660155480,1793.29,177
1660155540,1793.36,146
1660155600,1793.32,140
1660155660,1792.60,174
1660155720,1792.41,171
1660155780,1792.12,135
1660155840,1791.62,186
1660155900,1791.51,186
1660155960,1790.43,230
1660156020,1790.43,169
1660156080,1789.92,217
1660156140,1789.90,229
1660156200,1790.32,240
1660156260,1789.57,209
1660156320,1789.42,206
1660156380,1789.88,204
1660156440,1789.82,132
1660156500,1790.37,132
1660156560,1791.04,178
1660156620,1791.32,157
1660156680,1792.00,163
1660156740,1791.30,149
1660156800,1791.30,142
1660156860,1791.92,149
1660156920,1791.94,173
1660156980,1792.04,147
1660157040,1791.46,142
1660157100,1791.43,134
1660157160,1790.94,94
1660157220,1790.86,120
1660157280,1790.69,112
1660157340,1790.17,100
1660157400,1790.55,146
1660157460,1791.07,106
1660157520,1790.70,118
1660157580,1790.34,144
1660157640,1789.96,134
1660157700,1789.73,128
1660157760,1789.40,147
1660157820,1789.74,172
1660157880,1789.48,188
1660157940,1789.69,168
1660158000,1789.22,175
1660158060,1789.22,132
1660158120,1789.56,148
1660158180,1789.72,162
1660158240,1789.52,154
1660158300,1789.50,110
1660158360,1789.18,120
1660158420,1789.26,127
1660158480,1789.74,102
1660158540,1790.34,152
1660158600,1789.78,164
1660158660,1789.16,118
1660158720,1788.79,122
1660158780,1788.46,114
1660158840,1788.34,142
1660158900,1788.58,86
1660158960,1788.80,136
1660159020,1788.76,76
1660159080,1788.68,120
1660159140,1789.00,128
1660159200,1789.02,94
1660159260,1789.66,86
1660159320,1789.60,136
1660159380,1789.54,90
1660159440,1789.30,124
1660159500,1789.33,96
1660159560,1789.50,72
1660159620,1789.62,76
1660159680,1789.80,90
1660159740,1789.52,64
1660159800,1789.92,70
1660159860,1789.60,104
1660159920,1789.43,107
1660159980,1789.36,94
1660160040,1789.14,95
1660160100,1789.68,108
1660160160,1790.02,58
1660160220,1790.04,93
1660160280,1789.98,83
1660160340,1789.31,88
1660160400,1788.90,124
1660160460,1789.00,82
1660160520,1789.17,90
1660160580,1789.84,71
1660160640,1789.84,130
1660160700,1789.88,80
1660160760,1789.68,86
1660160820,1790.08,98
1660160880,1789.63,94
1660160940,1789.74,47
1660161000,1789.99,36
1660161060,1790.02,56
1660161120,1789.98,135
1660161180,1790.28,75
1660161240,1790.50,91
1660161300,1790.27,86
1660161360,1790.46,90
1660161420,1790.57,66
1660161480,1790.26,99
1660161540,1790.36,137
1660161600,1790.49,128
1660161660,1790.60,70
1660161720,1790.65,66
1660161780,1790.82,58
1660161840,1790.78,32
1660161900,1790.92,36
1660161960,1791.00,24
1660162020,1791.02,44
1660162080,1791.16,40
1660162140,1791.19,30
1660162200,1791.34,62
1660162260,1791.80,66
1660162320,1791.42,86
1660162380,1791.38,42
1660162440,1791.20,26
1660162500,1791.19,28
1660162560,1791.19,52
1660162620,1791.29,36
1660162680,1791.33,26
1660162740,1791.34,20
1660162800,1791.40,36
1660162860,1791.44,32
1660162920,1791.32,38
1660162980,1791.35,26
1660163040,1791.36,38
1660163100,1791.34,34
1660163160,1791.30,46
1660163220,1791.28,26
1660163280,1791.32,30
1660163340,1791.72,42
1660163400,1791.95,58
1660163460,1791.90,30
1660163520,1791.88,26
1660163580,1791.98,28
1660163640,1791.90,22
1660163700,1791.80,38
1660163760,1791.88,38
1660163820,1791.87,2
1660163880,1791.50,32
1660163940,1791.18,48
1660164000,1791.06,16
1660164060,1791.14,42
1660164120,1791.24,22
1660164180,1791.29,12
1660164240,1791.29,6
1660164300,1791.31,47
1660164360,1791.74,35
1660164420,1791.74,43
1660164480,1791.93,30
1660164540,1791.97,54
1660164600,1791.90,50
1660164660,1792.06,46
1660164720,1792.09,40
1660164780,1792.04,54
1660164840,1792.10,50
1660164900,1792.05,41
1660164960,1792.10,43
1660168920,1792.15,57
1660168980,1792.68,59
1660169040,1792.71,65
1660169100,1792.06,75
1660169160,1792.23,44
1660169220,1792.23,43
1660169280,1792.41,15
1660169340,1792.21,34
1660169400,1791.99,26
1660169460,1791.73,36
1660169520,1791.65,21
1660169580,1791.64,33
1660169640,1791.64,12
1660169700,1791.80,13
1660169760,1791.89,24
1660169820,1791.72,29
1660169880,1791.82,18
1660169940,1791.73,17
1660170000,1791.72,14
1660170060,1791.72,7
1660170120,1791.82,19
1660170180,1791.83,18
1660170240,1791.74,14
1660170300,1792.04,17
1660170360,1791.94,25
1660170420,1791.85,20
1660170480,1791.66,25
1660170540,1791.56,19
1660170600,1791.60,20
1660170660,1791.42,34
1660170720,1791.46,36
1660170780,1791.47,28
1660170840,1791.47,18
1660170900,1791.40,26
1660170960,1791.24,40
1660171020,1791.35,22
1660171080,1791.32,14
1660171140,1791.36,20
1660171200,1791.32,22
1660171260,1791.33,28
1660171320,1791.44,36
1660171380,1791.36,22
1660171440,1791.22,20
1660171500,1791.24,6
1660171560,1791.05,18
1660171620,1791.02,12
1660171680,1791.02,4
1660171740,1791.03,18
1660171800,1791.22,22
1660171860,1791.26,18
1660171920,1791.22,6
1660171980,1791.15,2
1660172040,1791.14,14
1660172100,1791.22,20
1660172160,1791.24,14
1660172220,1791.24,10
1660172340,1791.22,14
1660172400,1790.60,84
1660172460,1790.42,18
1660172520,1790.49,30
1660172580,1790.54,6
1660172640,1790.62,44
1660172700,1790.68,22
1660172760,1790.74,44
1660172820,1790.58,34
1660172880,1790.76,16
1660172940,1790.96,30
1660173000,1791.18,28
1660173060,1791.41,38
1660173120,1791.44,40
1660173180,1791.40,24
1660173240,1791.41,22
1660173300,1791.50,8
1660173360,1791.22,20
1660173420,1791.32,14
1660173480,1791.30,18
1660173540,1791.24,36
1660173600,1791.21,32
1660173660,1791.14,28
1660173720,1791.11,12
1660173780,1791.11,14
1660173840,1790.93,16
1660173900,1790.81,14
1660173960,1791.06,10
1660174020,1791.60,52
1660174080,1791.63,26
1660174140,1791.58,6
1660174200,1791.52,24
1660174260,1791.46,18
1660174320,1791.56,12
1660174380,1791.27,16
1660174440,1791.15,26
1660174500,1791.30,20
1660174560,1791.36,8
1660174620,1791.18,14
1660174680,1791.17,6
1660174740,1791.16,4
1660174800,1791.31,8
1660174860,1791.36,26
1660174920,1791.26,12
1660174980,1791.36,4
1660175040,1791.37,10
1660175100,1791.46,28
1660175160,1791.52,10
1660175220,1791.55,16
1660175280,1791.44,6
1660175340,1791.56,2
1660175400,1791.86,28
1660175460,1791.66,26
1660175520,1791.72,36
1660175580,1791.72,14
1660175640,1791.65,18
1660175700,1791.42,20
1660175760,1791.54,48
1660175820,1791.61,30
1660175880,1791.62,22
1660175940,1791.75,36
1660176000,1792.25,82
1660176060,1792.24,68
1660176120,1792.38,96
1660176180,1792.48,54
1660176240,1792.40,28
1660176300,1792.48,32
1660176360,1792.40,52
1660176420,1792.20,60
1660176480,1791.88,60
1660176540,1791.88,44
1660176600,1791.66,38
1660176660,1791.52,60
1660176720,1790.81,77
1660176780,1790.60,88
1660176840,1790.30,131
1660176900,1790.44,90
1660176960,1790.82,96
1660177020,1790.79,36
1660177080,1790.83,52
1660177140,1790.58,54
1660177200,1790.14,46
1660177260,1790.04,28
1660177320,1790.07,32
1660177380,1790.27,42
1660177440,1790.22,54
1660177500,1789.99,24
1660177560,1790.18,16
1660177620,1790.46,42
1660177680,1790.62,38
1660177740,1790.85,26
1660177800,1790.66,48
1660177860,1790.46,32
1660177920,1790.56,40
1660177980,1790.28,70
1660178040,1790.34,66
1660178100,1789.78,58
1660178160,1789.78,56
1660178220,1789.76,34
1660178280,1790.00,64
1660178340,1790.22,54
1660178400,1790.24,68
1660178460,1790.58,40
1660178520,1790.69,60
1660178580,1790.42,70
1660178640,1790.80,48
1660178700,1790.73,30
1660178760,1791.19,26
1660178820,1791.00,30
1660178880,1790.98,24
1660178940,1791.08,16
1660179000,1790.82,52
1660179060,1790.78,32
1660179120,1790.95,78
1660179180,1790.48,40
1660179240,1790.51,38
1660179300,1790.78,44
1660179360,1790.69,18
1660179420,1790.70,38
1660179480,1790.58,30
1660179540,1790.55,22
1660179600,1789.85,116
1660179660,1789.98,106
1660179720,1789.50,80
1660179780,1789.13,92
1660179840,1789.11,90
1660179900,1789.61,102
1660179960,1789.78,48
1660180020,1789.34,66
1660180080,1789.61,62
1660180140,1790.06,74
1660180200,1790.26,86
1660180260,1790.37,74
1660180320,1790.28,46
1660180380,1789.88,50
1660180440,1789.97,40
1660180500,1789.50,70
1660180560,1789.76,38
1660180620,1789.08,96
1660180680,1788.98,68
1660180740,1788.78,106
1660180800,1788.58,122
1660180860,1788.63,94
1660180920,1788.30,113
1660180980,1788.37,100
1660181040,1788.56,65
1660181100,1788.90,84
1660181160,1788.70,94
1660181220,1788.63,81
1660181280,1788.60,72
1660181340,1788.84,88
1660181400,1788.55,85
1660181460,1787.96,124
1660181520,1787.90,113
1660181580,1787.88,174
1660181640,1787.56,113
1660181700,1787.42,124
1660181760,1787.88,87
1660181820,1787.66,94
1660181880,1788.17,102
1660181940,1788.08,95
1660182000,1787.54,79
1660182060,1787.94,59
1660182120,1788.34,125
1660182180,1787.92,69
1660182240,1787.68,76
1660182300,1787.86,70
1660182360,1788.00,101
1660182420,1788.00,66
1660182480,1787.95,52
1660182540,1788.20,51
1660182600,1788.24,79
1660182660,1788.22,75
1660182720,1788.51,62
1660182780,1788.28,94
1660182840,1788.68,85
1660182900,1788.44,92
1660182960,1788.27,76
1660183020,1788.00,100
1660183080,1788.04,90
1660183140,1788.16,105
1660183200,1787.89,111
1660183260,1787.38,76
1660183320,1786.86,110
1660183380,1786.55,92
1660183440,1785.86,120
1660183500,1785.11,158
1660183560,1786.01,146
1660183620,1785.84,101
1660183680,1786.14,42
1660183740,1786.35,96
1660183800,1786.50,88
1660183860,1786.64,92
1660183920,1786.76,80
1660183980,1787.14,118
1660184040,1787.07,60
1660184100,1787.16,84
1660184160,1787.20,62
1660184220,1786.99,66
1660184280,1787.24,50
1660184340,1787.38,60
1660184400,1787.30,54
1660184460,1787.22,38
1660184520,1787.20,54
1660184580,1787.51,76
1660184640,1787.51,68
1660184700,1787.52,54
1660184760,1787.48,28
1660184820,1787.29,34
1660184880,1787.33,46
1660184940,1787.36,56
1660185000,1786.96,114
1660185060,1786.83,116
1660185120,1786.86,78
1660185180,1786.92,108
1660185240,1786.86,96
1660185300,1786.66,58
1660185360,1786.41,94
1660185420,1786.32,86
1660185480,1786.22,82
1660185540,1786.08,88
1660185600,1785.70,108
1660185660,1785.76,96
1660185720,1785.24,98
1660185780,1784.94,78
1660185840,1785.00,132
1660185900,1784.90,106
1660185960,1785.11,138
1660186020,1784.98,70
1660186080,1785.09,162
1660186140,1784.60,88
1660186200,1784.94,73
1660186260,1784.88,96
1660186320,1785.13,76
1660186380,1785.30,71
1660186440,1785.48,82
1660186500,1785.42,88
1660186560,1785.14,98
1660186620,1785.28,54
1660186680,1785.23,82
1660186740,1785.38,74
1660186800,1785.68,78
1660186860,1785.88,96
1660186920,1785.69,62
1660186980,1785.82,64
1660187040,1785.64,58
1660187100,1785.64,42
1660187160,1785.32,56
1660187220,1785.39,40
1660187280,1785.48,70
1660187340,1785.38,80
1660187400,1785.36,42
1660187460,1785.42,44
1660187520,1785.34,47
1660187580,1785.48,73
1660187640,1785.86,68
1660187700,1785.94,76
1660187760,1785.82,82
1660187820,1785.59,86
1660187880,1786.06,96
1660187940,1786.18,52
1660188000,1786.40,24
1660188060,1786.30,34
1660188120,1786.31,45
1660188180,1786.28,26
1660188240,1786.38,48
1660188300,1786.54,38
1660188360,1786.48,60
1660188420,1786.65,48
1660188480,1786.80,64
1660188540,1787.06,39
1660188600,1786.82,92
1660188660,1787.50,154
1660188720,1786.88,86
1660188780,1787.10,40
1660188840,1787.06,56
1660188900,1787.11,62
1660188960,1786.85,38
1660189020,1786.78,44
1660189080,1786.79,46
1660189140,1786.76,30
1660189200,1786.73,34
1660189260,1787.00,44
1660189320,1786.90,40
1660189380,1786.75,46
1660189440,1786.70,48
1660189500,1786.56,20
1660189560,1786.88,52
1660189620,1786.62,40
1660189680,1786.80,34
1660189740,1786.70,32
1660189800,1786.36,22
1660189860,1786.33,34
1660189920,1786.36,36
1660189980,1786.27,52
1660190040,1785.96,46
1660190100,1786.06,42
1660190160,1786.04,26
1660190220,1786.12,36
1660190280,1786.20,38
1660190340,1785.85,84
1660190400,1785.78,86
1660190460,1786.06,120
1660190520,1786.28,22
1660190580,1786.23,42
1660190640,1786.64,72
1660190700,1786.82,66
1660190760,1787.08,78
1660190820,1787.05,44
1660190880,1787.14,48
1660190940,1786.76,60
1660191000,1786.98,58
1660191060,1787.00,42
1660191120,1786.74,46
1660191180,1786.92,30
1660191240,1786.97,40
1660191300,1786.78,48
1660191360,1786.70,34
1660191420,1786.65,46
1660191480,1786.59,14
1660191540,1786.60,24
1660191600,1786.58,34
1660191660,1786.57,48
1660191720,1786.04,64
1660191780,1786.04,34
1660191840,1786.08,46
1660191900,1786.22,42
1660191960,1786.23,30
1660192020,1786.00,40
1660192080,1785.82,86
1660192140,1785.72,34
1660192200,1785.60,46
1660192260,1785.44,38
1660192320,1785.82,60
1660192380,1785.60,36
1660192440,1785.29,40
1660192500,1785.37,46
1660192560,1785.45,36
1660192620,1785.57,18
1660192680,1785.46,32
1660192740,1785.24,44
1660192800,1785.05,50
1660192860,1784.90,46
1660192920,1785.06,78
1660192980,1785.05,46
1660193040,1785.04,38
1660193100,1784.60,112
1660193160,1784.92,97
1660193220,1784.78,36
1660193280,1784.62,46
1660193340,1784.76,60
1660193400,1784.77,26
1660193460,1785.01,36
1660193520,1785.28,49
1660193580,1785.32,48
1660193640,1785.48,58
1660193700,1785.45,73
1660193760,1785.60,68
1660193820,1785.80,70
1660193880,1785.70,92
1660193940,1785.34,82
1660194000,1785.12,94
1660194060,1784.90,92
1660194120,1785.23,80
1660194180,1784.80,94
1660194240,1785.36,84
1660194300,1785.66,86
1660194360,1785.79,40
1660194420,1785.62,44
1660194480,1785.67,50
1660194540,1785.84,46
1660194600,1785.36,58
1660194660,1785.15,38
1660194720,1785.16,70
1660194780,1785.24,52
1660194840,1784.88,52
1660194900,1784.84,40
1660194960,1784.70,56
1660195020,1784.40,78
1660195080,1784.76,79
1660195140,1784.61,58
1660195200,1784.50,48
1660195260,1784.47,46
1660195320,1784.66,64
1660195380,1784.66,42
1660195440,1784.82,50
1660195500,1784.25,74
1660195560,1784.24,160
1660195620,1783.88,126
1660195680,1784.38,84
1660195740,1784.38,80
1660195800,1784.92,178
1660195860,1785.17,92
1660195920,1785.30,48
1660195980,1785.26,78
1660196040,1785.40,48
1660196100,1785.34,58
1660196160,1785.86,78
1660196220,1786.30,121
1660196280,1786.04,130
1660196340,1786.29,96
1660196400,1786.52,74
1660196460,1786.23,118
1660196520,1786.40,72
1660196580,1786.24,80
1660196640,1786.25,68
1660196700,1786.12,94
1660196760,1786.18,70
1660196820,1786.14,48
1660196880,1786.28,70
1660196940,1786.06,46
1660197000,1786.18,52
1660197060,1786.26,62
1660197120,1786.54,56
1660197180,1786.46,92
1660197240,1786.38,74
1660197300,1786.30,72
1660197360,1786.24,66
1660197420,1786.52,56
1660197480,1786.46,24
1660197540,1786.46,48
1660197600,1786.58,174
1660197660,1786.43,108
1660197720,1785.54,94
1660197780,1785.81,124
1660197840,1785.94,112
1660197900,1786.12,108
1660197960,1785.96,92
1660198020,1786.56,86
1660198080,1786.27,86
1660198140,1786.57,84
1660198200,1786.16,136
1660198260,1785.46,146
1660198320,1785.16,114
1660198380,1785.41,102
1660198440,1785.86,78
1660198500,1785.96,94
1660198560,1785.78,116
1660198620,1785.80,132
1660198680,1786.29,98
1660198740,1786.92,141
1660198800,1787.08,153
1660198860,1786.94,128
1660198920,1787.28,143
1660198980,1787.20,131
1660199040,1787.58,110
1660199100,1787.38,144
1660199160,1787.24,112
1660199220,1786.98,88
1660199280,1786.48,128
1660199340,1786.54,134
1660199400,1786.80,134
1660199460,1786.76,154
1660199520,1786.50,150
1660199580,1786.41,147
1660199640,1785.97,152
1660199700,1785.42,221
1660199760,1785.17,139
1660199820,1784.72,146
1660199880,1784.84,165
1660199940,1784.82,174
1660200000,1784.47,142
1660200060,1784.18,170
1660200120,1784.32,169
1660200180,1784.54,118
1660200240,1784.88,144
1660200300,1784.89,134
1660200360,1785.27,170
1660200420,1785.12,153
1660200480,1785.24,122
1660200540,1785.43,126
1660200600,1785.98,133
1660200660,1786.18,147
1660200720,1786.35,133
1660200780,1786.29,141
1660200840,1786.34,106
1660200900,1786.26,95
1660200960,1786.76,94
1660201020,1787.26,171
1660201080,1786.91,192
1660201140,1786.52,154
1660201200,1787.12,194
1660201260,1786.72,188
1660201320,1786.74,157
1660201380,1786.02,155
1660201440,1785.78,137
1660201500,1785.70,182
1660201560,1785.91,131
1660201620,1786.02,133
1660201680,1786.15,141
1660201740,1785.99,124
1660201800,1786.71,160
1660201860,1787.14,138
1660201920,1786.95,138
1660201980,1786.48,124
1660202040,1786.78,134
1660202100,1786.08,156
1660202160,1786.22,178
1660202220,1786.20,127
1660202280,1786.94,142
1660202340,1787.12,124
1660202400,1787.34,168
1660202460,1788.04,206
1660202520,1787.32,126
1660202580,1787.22,142
1660202640,1786.94,127
1660202700,1786.54,144
1660202760,1786.38,128
1660202820,1786.88,130
1660202880,1787.01,160
1660202940,1787.12,124
1660203000,1786.94,130
1660203060,1787.18,132
1660203120,1787.33,130
1660203180,1787.69,118
1660203240,1787.88,144
1660203300,1787.61,148
1660203360,1787.47,149
1660203420,1787.58,150
1660203480,1787.18,118
1660203540,1787.29,128
1660203600,1787.38,118
1660203660,1786.97,102
1660203720,1787.22,124
1660203780,1787.36,108
1660203840,1787.32,139
1660203900,1787.72,130
1660203960,1787.60,135
1660204020,1786.94,132
1660204080,1786.68,138
1660204140,1787.10,119
1660204200,1786.88,150
1660204260,1786.65,156
1660204320,1787.31,194
1660204380,1787.20,146
1660204440,1787.41,130
1660204500,1787.64,112
1660204560,1787.23,146
1660204620,1787.33,114
1660204680,1787.64,135
1660204740,1788.06,131
1660204800,1787.56,170
1660204860,1787.10,127
1660204920,1786.67,166
1660204980,1786.71,174
1660205040,1786.80,128
1660205100,1786.38,143
1660205160,1786.86,115
1660205220,1786.67,114
1660205280,1786.10,127
1660205340,1786.75,168
1660205400,1786.54,140
1660205460,1786.49,127
1660205520,1786.86,113
1660205580,1786.78,162
1660205640,1787.06,128
1660205700,1787.42,138
1660205760,1787.24,140
1660205820,1787.53,136
1660205880,1787.32,118
1660205940,1787.03,122
1660206000,1787.14,133
1660206060,1787.36,150
1660206120,1787.69,131
1660206180,1787.84,132
1660206240,1787.77,135
1660206300,1787.30,130
1660206360,1787.46,100
1660206420,1787.17,125
1660206480,1786.99,164
1660206540,1786.63,163
1660206600,1786.10,148
1660206660,1786.22,159
1660206720,1785.88,146
1660206780,1785.74,164
1660206840,1786.33,162
1660206900,1786.36,136
1660206960,1786.58,154
1660207020,1786.78,118
1660207080,1787.00,122
1660207140,1787.05,94
1660207200,1787.21,90
1660207260,1787.18,140
1660207320,1787.16,130
1660207380,1786.94,110
1660207440,1787.18,102
1660207500,1786.98,106
1660207560,1786.82,124
1660207620,1787.04,82
1660207680,1786.79,110
1660207740,1787.09,82
1660207800,1787.08,106
1660207860,1787.41,106
1660207920,1787.58,112
1660207980,1787.70,118
1660208040,1787.84,119
1660208100,1788.70,144
1660208160,1789.09,122
1660208220,1789.47,160
1660208280,1789.74,157
1660208340,1789.66,120
1660208400,1789.96,184
1660208460,1790.09,136
1660208520,1789.68,116
1660208580,1790.06,149
1660208640,1789.58,257
1660208700,1789.99,186
1660208760,1789.88,140
1660208820,1790.12,148
1660208880,1789.88,116
1660208940,1789.35,109
1660209000,1789.56,133
1660209060,1789.64,105
1660209120,1789.52,93
1660209180,1789.65,116
1660209240,1789.54,90
1660209300,1789.00,134
1660209360,1789.60,112
1660209420,1789.52,136
1660209480,1789.73,111
1660209540,1789.74,96
1660209600,1789.73,98
1660209660,1789.66,126
1660209720,1789.60,106
1660209780,1789.90,104
1660209840,1789.91,92
1660209900,1789.93,112
1660209960,1789.55,98
1660210020,1789.41,119
1660210080,1789.80,192
1660210140,1789.39,134
1660210200,1789.65,116
1660210260,1789.56,131
1660210320,1789.78,159
1660210380,1789.72,142
1660210440,1789.72,134
1660210500,1789.50,123
1660210560,1789.17,93
1660210620,1789.15,114
1660210680,1788.85,80
1660210740,1788.84,80
1660210800,1788.33,106
1660210860,1788.04,130
1660210920,1787.96,118
1660210980,1787.95,79
1660211040,1788.34,79
1660211100,1788.52,102
1660211160,1788.66,73
1660211220,1788.96,86
1660211280,1789.17,65
1660211340,1789.25,85
1660211400,1789.04,66
1660211460,1789.18,81
1660211520,1789.14,90
1660211580,1789.36,75
1660211640,1789.60,36
1660211700,1789.73,57
1660211760,1789.83,38
1660211820,1789.92,89
1660211880,1790.07,111
1660211940,1790.29,96
1660212000,1790.36,100
1660212060,1790.19,44
1660212120,1789.94,75
1660212180,1789.61,88
1660212240,1789.52,77
1660212300,1789.64,99
1660212360,1789.72,92
1660212420,1789.71,88
1660212480,1789.47,81
1660212540,1789.64,56
1660212600,1790.31,67
1660212660,1790.35,45
1660212720,1790.64,100
1660212780,1790.81,90
1660212840,1791.09,128
1660212900,1791.32,120
1660212960,1790.88,110
1660213020,1791.00,124
1660213080,1791.09,65
1660213140,1790.92,91
1660213200,1790.86,97
1660213260,1791.22,92
1660213320,1791.14,72
1660213380,1791.40,101
1660213440,1790.96,98
1660213500,1790.76,78
1660213560,1790.56,98
1660213620,1790.62,72
1660213680,1790.72,88
1660213740,1790.72,52
1660213800,1790.76,102
1660213860,1791.44,98
1660213920,1791.52,84
1660213980,1791.58,98
1660214040,1791.56,100
1660214100,1791.51,78
1660214160,1791.33,86
1660214220,1791.31,77
1660214280,1790.96,136
1660214340,1790.96,98
1660214400,1790.69,84
1660214460,1791.23,92
1660214520,1790.98,95
1660214580,1790.69,107
1660214640,1790.39,136
1660214700,1790.27,112
1660214760,1790.51,130
1660214820,1790.52,90
1660214880,1790.36,60
1660214940,1790.50,88
1660215000,1790.42,67
1660215060,1790.26,76
1660215120,1790.39,95
1660215180,1790.18,68
1660215240,1790.21,114
1660215300,1790.47,101
1660215360,1790.53,132
1660215420,1790.59,114
1660215480,1790.64,112
1660215540,1790.92,104
1660215600,1790.95,124
1660215660,1791.22,92
1660215720,1791.20,112
1660215780,1791.44,84
1660215840,1791.34,86
1660215900,1791.18,88
1660215960,1791.02,104
1660216020,1791.33,87
1660216080,1791.18,111
1660216140,1791.98,131
1660216200,1791.24,136
1660216260,1791.08,70
1660216320,1791.22,99
1660216380,1790.85,100
1660216440,1790.94,92
1660216500,1791.10,96
1660216560,1791.32,100
1660216620,1791.40,98
1660216680,1791.30,108
1660216740,1791.56,90
1660216800,1791.51,128
1660216860,1791.34,128
1660216920,1791.42,88
1660216980,1791.08,94
1660217040,1790.80,92
1660217100,1790.94,130
1660217160,1790.96,84
1660217220,1791.02,141
1660217280,1791.38,149
1660217340,1791.72,126
1660217400,1792.00,122
1660217460,1791.77,123
1660217520,1792.20,125
1660217580,1792.55,173
1660217640,1793.10,204
1660217700,1793.22,160
1660217760,1793.99,142
1660217820,1793.71,117
1660217880,1793.48,109
1660217940,1793.77,168
1660218000,1793.86,202
1660218060,1793.43,160
1660218120,1793.91,206
1660218180,1794.02,166
1660218240,1794.18,158
1660218300,1794.32,174
1660218360,1794.50,121
1660218420,1794.60,146
1660218480,1794.38,177
1660218540,1794.25,108
1660218600,1794.32,150
1660218660,1794.30,152
1660218720,1794.50,119
1660218780,1794.63,138
1660218840,1794.40,204
1660218900,1794.43,200
1660218960,1794.12,162
1660219020,1794.55,163
1660219080,1794.46,123
1660219140,1794.92,116
1660219200,1794.95,179
1660219260,1796.12,207
1660219320,1795.99,223
1660219380,1796.04,252
1660219440,1796.30,193
1660219500,1796.02,157
1660219560,1796.36,197
1660219620,1795.82,209
1660219680,1795.74,146
1660219740,1795.59,137
1660219800,1796.61,114
1660219860,1796.42,127
1660219920,1795.82,185
1660219980,1797.22,202
1660220040,1797.16,196
1660220100,1796.78,163
1660220160,1796.66,178
1660220220,1796.90,228
1660220280,1796.21,157
1660220340,1796.76,221
1660220400,1797.23,206
1660220460,1796.73,214
1660220520,1797.29,171
1660220580,1796.86,202
1660220640,1796.80,184
1660220700,1797.94,209
1660220760,1797.78,203
1660220820,1798.10,142
1660220880,1797.48,134
1660220940,1797.34,158
1660221000,1797.28,386
1660221060,1795.70,361
1660221120,1796.61,357
1660221180,1796.29,309
1660221240,1794.08,330
1660221300,1793.10,354
1660221360,1792.83,313
1660221420,1793.56,308
1660221480,1794.77,262
1660221540,1793.88,334
1660221600,1794.74,256
1660221660,1794.46,278
1660221720,1794.66,287
1660221780,1795.28,300
1660221840,1795.78,264
1660221900,1796.50,298
1660221960,1795.98,264
1660222020,1796.82,296
1660222080,1795.76,274
1660222140,1797.04,356
1660222200,1796.74,268
1660222260,1797.54,238
1660222320,1797.76,193
1660222380,1797.29,237
1660222440,1797.25,349
1660222500,1797.97,230
1660222560,1797.86,254
1660222620,1796.84,300
1660222680,1796.62,231
1660222740,1796.82,272
1660222800,1795.87,332
1660222860,1795.82,284
1660222920,1795.08,252
1660222980,1795.07,276
1660223040,1796.00,223
1660223100,1795.61,219
1660223160,1796.13,232
1660223220,1795.83,239
1660223280,1796.07,224
1660223340,1795.28,224
1660223400,1794.93,251
1660223460,1795.07,234
1660223520,1794.66,228
1660223580,1794.72,184
1660223640,1795.18,240
1660223700,1793.93,217
1660223760,1793.44,226
1660223820,1793.14,228
1660223880,1793.64,256
1660223940,1793.10,226
1660224000,1793.22,231
1660224060,1793.28,194
1660224120,1793.40,217
1660224180,1793.90,214
1660224240,1793.74,230
1660224300,1793.29,202
1660224360,1792.40,242
1660224420,1793.04,242
1660224480,1793.90,295
1660224540,1794.00,290
1660224600,1792.50,291
1660224660,1791.65,230
1660224720,1791.34,267
1660224780,1791.53,292
1660224840,1792.00,245
1660224900,1793.61,256
1660224960,1792.99,274
1660225020,1793.58,226
1660225080,1793.96,250
1660225140,1794.58,244
1660225200,1795.30,296
1660225260,1795.21,280
1660225320,1795.85,232
1660225380,1796.23,273
1660225440,1796.24,297
1660225500,1796.50,224
1660225560,1797.18,292
1660225620,1796.95,292
1660225680,1796.62,218
1660225740,1796.98,235
1660225800,1797.50,250
1660225860,1798.53,201
1660225920,1798.64,291
1660225980,1798.36,276
1660226040,1798.11,274
1660226100,1798.77,260
1660226160,1797.66,218
1660226220,1796.56,271
1660226280,1796.81,270
1660226340,1797.08,256
1660226400,1797.08,317
1660226460,1797.00,305
1660226520,1797.06,257
1660226580,1797.90,230
1660226640,1797.92,216
1660226700,1797.59,234
1660226760,1797.28,238
1660226820,1796.64,235
1660226880,1796.60,249
1660226940,1796.42,272
1660227000,1796.36,242
1660227060,1796.49,233
1660227120,1795.18,297
1660227180,1795.12,269
1660227240,1795.40,279
1660227300,1795.90,284
1660227360,1796.24,220
1660227420,1795.99,216
1660227480,1796.11,239
1660227540,1795.99,220
1660227600,1796.72,210
1660227660,1796.38,244
1660227720,1796.41,198
1660227780,1796.82,202
1660227840,1796.00,242
1660227900,1795.35,222
1660227960,1795.23,234
1660228020,1794.82,260
1660228080,1794.68,272
1660228140,1794.80,255
1660228200,1795.16,258
1660228260,1794.22,255
1660228320,1793.94,207
1660228380,1793.42,228
1660228440,1793.20,253
1660228500,1792.69,278
1660228560,1793.14,280
1660228620,1793.06,215
1660228680,1792.54,260
1660228740,1792.41,265
1660228800,1791.86,263
1660228860,1791.68,300
1660228920,1792.11,296
1660228980,1792.59,240
1660229040,1792.62,268
1660229100,1793.60,257
1660229160,1793.82,212
1660229220,1793.62,246
1660229280,1793.78,247
1660229340,1793.12,248
1660229400,1793.10,268
1660229460,1793.58,302
1660229520,1793.82,227
1660229580,1792.97,263
1660229640,1792.92,242
1660229700,1793.60,265
1660229760,1793.35,246
1660229820,1792.82,243
1660229880,1792.60,192
1660229940,1792.58,193
1660230000,1792.59,260
1660230060,1792.93,218
1660230120,1793.68,204
1660230180,1793.64,244
1660230240,1792.82,206
1660230300,1791.91,214
1660230360,1791.88,269
1660230420,1791.37,286
1660230480,1789.95,301
1660230540,1789.70,284
1660230600,1788.93,325
1660230660,1788.40,248
1660230720,1788.64,288
1660230780,1788.16,290
1660230840,1788.08,266
1660230900,1787.68,284
1660230960,1788.33,308
1660231020,1787.34,222
1660231080,1787.16,294
1660231140,1787.39,279
1660231200,1787.06,315
1660231260,1787.16,265
1660231320,1787.98,296
1660231380,1786.75,250
1660231440,1787.24,258
1660231500,1786.64,223
1660231560,1787.34,262
1660231620,1787.09,249
1660231680,1787.42,239
1660231740,1788.04,243
1660231800,1788.24,255
1660231860,1788.52,269
1660231920,1788.43,230
1660231980,1788.42,178
1660232040,1789.08,228
1660232100,1789.54,188
1660232160,1789.26,215
1660232220,1789.50,237
1660232280,1789.27,156
1660232340,1790.52,230
1660232400,1790.54,244
1660232460,1790.42,196
1660232520,1790.42,174
1660232580,1790.56,192
1660232640,1790.68,160
1660232700,1790.82,144
1660232760,1790.61,207
1660232820,1790.57,200
1660232880,1791.08,193
1660232940,1791.44,191
1660233000,1790.92,182
1660233060,1790.57,213
1660233120,1790.74,185
1660233180,1790.63,174
1660233240,1790.65,192
1660233300,1790.68,162
1660233360,1790.58,202
1660233420,1791.06,188
1660233480,1790.50,184
1660233540,1790.44,122
1660233600,1790.66,142
1660233660,1791.15,168
1660233720,1790.87,170
1660233780,1790.69,142
1660233840,1790.86,138
1660233900,1790.39,144
1660233960,1790.16,164
1660234020,1790.28,221
1660234080,1790.42,138
1660234140,1790.53,171
1660234200,1790.63,154
1660234260,1790.55,133
1660234320,1790.83,170
1660234380,1791.17,162
1660234440,1791.06,155
1660234500,1790.88,175
1660234560,1790.81,174
1660234620,1791.10,140
1660234680,1791.34,136
1660234740,1790.92,140
1660234800,1790.64,147
1660234860,1790.08,120
1660234920,1790.02,126
1660234980,1790.30,156
1660235040,1790.34,87
1660235100,1790.16,138
1660235160,1789.81,168
1660235220,1789.84,131
1660235280,1789.93,162
1660235340,1790.01,149
1660235400,1789.68,141
1660235460,1789.53,118
1660235520,1789.72,135
1660235580,1789.84,121
1660235640,1789.44,137
1660235700,1789.01,139
1660235760,1789.21,111
1660235820,1789.52,115
1660235880,1789.41,118
1660235940,1789.00,101
1660236000,1789.42,135
1660236060,1789.42,93
1660236120,1789.22,93
1660236180,1789.40,118
1660236240,1789.52,110
1660236300,1789.26,154
1660236360,1789.52,120
1660236420,1789.20,158
1660236480,1789.33,146
1660236540,1789.00,104
1660236600,1789.18,137
1660236660,1788.86,141
1660236720,1788.86,115
1660236780,1788.63,117
1660236840,1788.94,118
1660236900,1789.08,114
1660236960,1789.37,134
1660237020,1788.98,96
1660237080,1788.89,122
1660237140,1788.93,158
1660237200,1788.79,175
1660237260,1789.11,176
1660237320,1788.70,256
1660237380,1788.86,136
1660237440,1789.23,132
1660237500,1788.98,152
1660237560,1789.22,124
1660237620,1789.22,134
1660237680,1789.45,116
1660237740,1789.11,110
1660237800,1789.08,147
1660237860,1789.26,130
1660237920,1789.70,198
1660237980,1790.15,156
1660238040,1790.08,144
1660238100,1790.30,126
1660238160,1790.57,127
1660238220,1790.54,135
1660238280,1790.76,90
1660238340,1790.96,130
1660238400,1791.12,134
1660238460,1791.09,114
1660238520,1791.20,118
1660238580,1791.24,120
1660238640,1791.50,147
1660238700,1791.52,118
1660238760,1791.50,122
1660238820,1791.52,122
1660238880,1791.86,136
1660238940,1791.42,251
1660239000,1790.84,200
1660239060,1791.06,140
1660239120,1790.82,107
1660239180,1790.56,123
1660239240,1790.46,102
1660239300,1790.48,96
1660239360,1790.26,162
1660239420,1790.61,148
1660239480,1790.07,128
1660239540,1790.24,122
1660239600,1790.12,118
1660239660,1790.46,82
1660239720,1790.57,69
1660239780,1790.60,88
1660239840,1790.56,90
1660239900,1790.02,112
1660239960,1789.88,112
1660240020,1789.68,142
1660240080,1789.72,130
1660240140,1789.64,115
1660240200,1789.68,114
1660240260,1789.74,120
1660240320,1789.62,52
1660240380,1789.40,94
1660240440,1789.51,74
1660240500,1789.35,110
1660240560,1789.45,112
1660240620,1789.44,150
1660240680,1789.46,107
1660240740,1789.33,141
1660240800,1789.12,112
1660240860,1789.28,82
1660240920,1789.18,90
1660240980,1789.02,96
1660241040,1788.82,105
1660241100,1788.65,106
1660241160,1788.56,114
1660241220,1788.54,76
1660241280,1788.22,145
1660241340,1788.46,108
1660241400,1788.70,131
1660241460,1788.82,112
1660241520,1788.94,97
1660241580,1788.40,110
1660241640,1788.12,134
1660241700,1787.98,119
1660241760,1787.94,107
1660241820,1787.90,116
1660241880,1788.04,118
1660241940,1788.30,126
1660242000,1787.98,116
1660242060,1787.76,116
1660242120,1787.52,87
1660242180,1787.88,92
1660242240,1788.18,100
1660242300,1787.76,109
1660242360,1787.90,100
1660242420,1788.02,118
1660242480,1788.00,76
1660242540,1787.87,156
1660242600,1787.56,126
1660242660,1787.40,93
1660242720,1787.32,128
1660242780,1787.49,84
1660242840,1787.98,108
1660242900,1788.00,121
1660242960,1788.20,109
1660243020,1787.86,108
1660243080,1787.41,107
1660243140,1787.63,90
1660243200,1787.51,118
1660243260,1788.19,139
1660243320,1787.71,135
1660243380,1788.08,107
1660243440,1788.28,97
1660243500,1787.97,140
1660243560,1787.54,109
1660243620,1787.78,117
1660243680,1787.78,124
1660243740,1787.72,68
1660243800,1787.88,123
1660243860,1787.93,75
1660243920,1787.21,71
1660243980,1787.20,111
1660244040,1787.51,102
1660244100,1787.36,126
1660244160,1787.34,104
1660244220,1787.31,94
1660244280,1787.81,98
1660244340,1788.13,162
1660244400,1788.22,155
1660244460,1788.02,110
1660244520,1787.86,139
1660244580,1787.79,112
1660244640,1787.92,168
1660244700,1788.02,112
1660244760,1787.98,66
1660244820,1787.72,80
1660244880,1787.80,100
1660244940,1787.69,109
1660245000,1787.72,96
1660245060,1787.47,92
1660245120,1787.18,133
1660245180,1787.16,125
1660245240,1787.25,112
1660245300,1787.59,98
1660245360,1787.20,80
1660245420,1787.38,80
1660245480,1787.29,104
1660245540,1787.20,90
1660245600,1787.34,58
1660245660,1787.36,74
1660245720,1787.58,68
1660245780,1787.50,72
1660245840,1787.44,78
1660245900,1787.58,82
1660245960,1787.38,101
1660246020,1787.76,42
1660246080,1787.86,66
1660246140,1788.27,92
1660246200,1788.29,114
1660246260,1788.43,32
1660246320,1788.33,107
1660246380,1788.26,54
1660246440,1788.28,79
1660246500,1788.04,96
1660246560,1787.75,58
1660246620,1787.24,87
1660246680,1787.02,84
1660246740,1786.98,80
1660246800,1787.14,100
1660246860,1787.12,67
1660246920,1787.08,42
1660246980,1787.01,77
1660247040,1786.89,88
1660247100,1786.76,93
1660247160,1786.38,92
1660247220,1786.26,91
1660247280,1786.26,91
1660247340,1786.01,108
1660247400,1785.65,105
1660247460,1785.60,122
1660247520,1785.68,108
1660247580,1785.66,90
1660247640,1785.49,96
1660247700,1785.68,132
1660247760,1785.44,124
1660247820,1785.62,129
1660247880,1785.57,195
1660247940,1785.64,238
1660248000,1786.00,198
1660248060,1785.81,97
1660248120,1785.80,102
1660248180,1786.12,64
1660248240,1786.76,106
1660248300,1786.90,86
1660248360,1786.76,72
1660248420,1786.74,30
1660248480,1786.72,46
1660248540,1786.84,50
1660248600,1786.82,48
1660248660,1786.73,86
1660248720,1786.84,74
1660248780,1786.83,48
1660248840,1786.88,50
1660248900,1786.81,64
1660248960,1786.97,38
1660249020,1787.08,48
1660249080,1786.84,42
1660249140,1787.44,48
1660249200,1787.75,31
1660249260,1787.96,36
1660249320,1787.96,24
1660249380,1787.97,22
1660249440,1787.91,24
1660249500,1787.96,28
1660249560,1787.96,26
1660249620,1787.96,24
1660249680,1788.05,22
1660249740,1787.94,34
1660249800,1788.00,44
1660249860,1788.10,36
1660249920,1788.09,50
1660249980,1788.61,86
1660250040,1789.21,70
1660250100,1789.11,51
1660250160,1789.14,32
1660250220,1789.10,20
1660250280,1789.11,10
1660250340,1789.30,33
1660250400,1789.24,56
1660250460,1789.32,46
1660250520,1789.37,52
1660250580,1789.36,40
1660250640,1789.27,54
1660250700,1789.19,49
1660250760,1789.36,54
1660250820,1789.28,24
1660250880,1789.22,32
1660250940,1789.21,64
1660251000,1789.01,52
1660251060,1789.19,54
1660251120,1789.50,76
1660251180,1789.56,34
1660251240,1789.74,28
1660251300,1789.95,54
1660251360,1789.45,41
1660255320,1789.84,10
1660255380,1789.73,26
1660255440,1789.86,16
1660255500,1789.88,24
1660255560,1789.70,22
1660255620,1789.50,32
1660255680,1789.46,68
1660255740,1789.47,29
1660255800,1789.33,30
1660255860,1789.01,28
1660255920,1789.05,26
1660255980,1789.01,18
1660256040,1789.18,18
1660256100,1789.06,26
1660256160,1788.86,8
1660256220,1788.87,38
1660256280,1788.67,18
1660256340,1788.57,20
1660256400,1788.58,22
1660256460,1788.72,20
1660256520,1788.66,20
1660256580,1788.68,14
1660256640,1788.70,2
1660256700,1788.80,30
1660256760,1788.87,39
1660256820,1788.76,41
1660256880,1788.83,21
1660256940,1788.78,44
1660257000,1788.81,14
1660257060,1788.74,44
1660257120,1788.72,34
1660257180,1788.72,38
1660257240,1788.74,38
1660257300,1788.74,22
1660257360,1788.72,16
1660257420,1788.59,28
1660257480,1788.06,38
1660257540,1787.98,34
1660257600,1788.03,26
1660257660,1788.14,18
1660257720,1788.24,38
1660257780,1788.17,8
1660257840,1788.30,28
1660257900,1788.31,20
1660257960,1788.31,24
1660258020,1788.41,28
1660258080,1788.40,24
1660258140,1788.54,28
1660258200,1788.42,30
1660258260,1788.46,18
1660258320,1788.20,24
1660258380,1788.02,30
1660258440,1788.12,10
1660258500,1788.12,32
1660258560,1788.02,22
1660258620,1787.94,18
1660258680,1787.84,12
1660258740,1787.86,22
1660258800,1787.94,6
1660258860,1788.02,10
1660258920,1787.95,4
1660258980,1787.92,26
1660259040,1787.88,6
1660259100,1787.94,20
1660259160,1787.84,20
1660259220,1787.48,36
1660259280,1787.36,20
1660259340,1787.56,16
1660259400,1787.45,10
1660259460,1787.34,28
1660259520,1787.45,12
1660259580,1787.54,4
1660259640,1787.44,24
1660259700,1787.41,40
1660259760,1787.42,24
1660259820,1787.32,20
1660259880,1787.32,10
1660259940,1787.28,6
1660260060,1787.38,2
1660260120,1787.36,38
1660260180,1787.44,32
1660260240,1787.44,4
1660260300,1787.57,6
1660260360,1787.60,22
1660260420,1787.67,16
1660260480,1787.51,4
1660260540,1787.53,16
1660260600,1787.68,22
1660260660,1787.61,24
1660260720,1787.60,14
1660260780,1787.61,10
1660260840,1787.54,35
1660260900,1787.43,14
1660260960,1787.46,26
1660261080,1787.45,36
1660261140,1787.52,40
1660261200,1787.54,8
1660261260,1787.77,39
1660261320,1787.64,8
1660261380,1787.51,50
1660261440,1787.70,20
1660261500,1787.88,48
1660261560,1787.62,24
1660261620,1787.74,46
1660261680,1787.78,80
1660261740,1788.01,40
1660261800,1787.96,20
1660261860,1788.42,52
1660261920,1788.75,66
1660261980,1789.40,84
1660262040,1789.38,80
1660262100,1789.44,82
1660262160,1789.39,42
1660262220,1789.38,28
1660262280,1789.14,50
1660262340,1789.01,36
1660262400,1789.24,134
1660262460,1789.28,138
1660262520,1788.54,100
1660262580,1788.67,64
1660262640,1788.82,54
1660262700,1788.32,73
1660262760,1788.11,64
1660262820,1788.26,63
1660262880,1788.20,88
1660262940,1788.20,72
1660263000,1788.00,78
1660263060,1787.80,44
1660263120,1787.50,52
1660263180,1787.66,86
1660263240,1787.56,62
1660263300,1787.64,67
1660263360,1787.92,42
1660263420,1787.66,50
1660263480,1787.90,46
1660263540,1787.83,65
1660263600,1787.82,44
1660263660,1787.88,48
1660263720,1787.72,24
1660263780,1787.44,54
1660263840,1787.40,23
1660263900,1787.16,50
1660263960,1787.14,54
1660264020,1787.34,44
1660264080,1787.64,52
1660264140,1787.16,78
1660264200,1787.04,84
1660264260,1786.82,46
1660264320,1786.97,44
1660264380,1787.09,62
1660264440,1787.08,56
1660264500,1786.86,70
1660264560,1787.16,98
1660264620,1786.95,52
1660264680,1787.00,62
1660264740,1787.16,50
1660264800,1787.06,18
1660264860,1787.28,38
1660264920,1787.16,74
1660264980,1787.20,72
1660265040,1787.24,42
1660265100,1787.22,56
1660265160,1787.24,58
1660265220,1787.29,22
1660265280,1787.29,40
1660265340,1787.28,18
1660265400,1787.58,28
1660265460,1787.69,68
1660265520,1787.70,92
1660265580,1787.84,70
1660265640,1787.94,96
1660265700,1788.00,102
1660265760,1787.99,52
1660265820,1787.98,70
1660265880,1788.13,40
1660265940,1788.40,102
1660266000,1787.41,170
1660266060,1788.09,148
1660266120,1788.46,104
1660266180,1788.49,136
1660266240,1788.80,122
1660266300,1788.09,136
1660266360,1788.60,140
1660266420,1788.46,100
1660266480,1787.94,98
1660266540,1787.54,126
1660266600,1787.85,86
1660266660,1787.57,106
1660266720,1787.68,60
1660266780,1787.59,74
1660266840,1787.42,86
1660266900,1787.50,64
1660266960,1787.77,76
1660267020,1787.60,42
1660267080,1787.35,54
1660267140,1787.14,92
1660267200,1787.00,78
1660267260,1786.86,104
1660267320,1786.84,80
1660267380,1787.20,70
1660267440,1787.12,36
1660267500,1787.11,58
1660267560,1787.46,58
1660267620,1787.56,80
1660267680,1788.10,60
1660267740,1788.04,92
1660267800,1787.96,90
1660267860,1787.64,140
1660267920,1787.89,54
1660267980,1787.96,58
1660268040,1787.96,62
1660268100,1788.15,90
1660268160,1787.96,90
1660268220,1788.06,82
1660268280,1788.46,80
1660268340,1789.15,70
1660268400,1789.04,84
1660268460,1788.91,50
1660268520,1788.82,41
1660268580,1788.46,57
1660268640,1788.32,60
1660268700,1787.84,82
1660268760,1788.28,84
1660268820,1787.98,36
1660268880,1788.00,86
1660268940,1787.64,70
1660269000,1787.64,74
1660269060,1787.42,88
1660269120,1787.34,60
1660269180,1787.28,88
1660269240,1787.32,52
1660269300,1787.32,60
1660269360,1787.56,68
1660269420,1787.13,62
1660269480,1787.06,80
1660269540,1787.25,66
1660269600,1787.56,98
1660269660,1787.78,68
1660269720,1787.85,82
1660269780,1787.58,26
1660269840,1787.58,40
1660269900,1787.40,36
1660269960,1787.50,32
1660270020,1787.70,15
1660270080,1788.12,49
1660270140,1787.90,51
1660270200,1787.62,33
1660270260,1787.72,46
1660270320,1787.40,86
1660270380,1787.75,42
1660270440,1787.64,60
1660270500,1787.91,42
1660270560,1787.84,53
1660270620,1788.09,59
1660270680,1788.24,55
1660270740,1788.40,40
1660270800,1788.45,52
1660270860,1788.42,46
1660270920,1788.32,62
1660270980,1788.18,62
1660271040,1787.72,76
1660271100,1787.58,77
1660271160,1786.72,106
1660271220,1786.54,192
1660271280,1786.40,126
1660271340,1786.68,88
1660271400,1787.01,148
1660271460,1787.40,100
1660271520,1787.18,70
1660271580,1787.28,92
1660271640,1787.18,92
1660271700,1787.24,90
1660271760,1787.38,68
1660271820,1787.49,70
1660271880,1787.32,94
1660271940,1787.40,50
1660272000,1787.58,72
1660272060,1787.64,64
1660272120,1787.74,72
1660272180,1787.68,46
1660272240,1787.84,64
1660272300,1787.86,64
1660272360,1788.30,102
1660272420,1788.61,120
1660272480,1788.38,70
1660272540,1788.38,44
1660272600,1788.82,100
1660272660,1788.79,89
1660272720,1788.74,38
1660272780,1788.54,62
1660272840,1788.84,64
1660272900,1789.06,98
1660272960,1789.16,56
1660273020,1789.08,96
1660273080,1788.82,72
1660273140,1788.94,50
1660273200,1789.10,52
1660273260,1789.13,46
1660273320,1789.12,67
1660273380,1789.01,44
1660273440,1788.91,41
1660273500,1788.91,24
1660273560,1789.20,54
1660273620,1789.14,33
1660273680,1789.10,42
1660273740,1788.88,46
1660273800,1789.34,76
1660273860,1789.32,28
1660273920,1789.24,43
1660273980,1789.34,42
1660274040,1789.42,36
1660274100,1789.61,88
1660274160,1789.70,33
1660274220,1789.74,84
1660274280,1789.93,86
1660274340,1790.19,104
1660274400,1790.49,84
1660274460,1790.42,74
1660274520,1790.26,40
1660274580,1789.85,79
1660274640,1790.00,56
1660274700,1790.20,38
1660274760,1790.26,88
1660274820,1790.32,104
1660274880,1790.32,62
1660274940,1790.46,50
1660275000,1790.34,44
1660275060,1790.83,58
1660275120,1790.62,74
1660275180,1790.82,85
1660275240,1790.52,44
1660275300,1790.52,42
1660275360,1790.62,54
1660275420,1790.68,40
1660275480,1790.63,26
1660275540,1790.66,28
1660275600,1790.78,42
1660275660,1790.94,38
1660275720,1791.36,58
1660275780,1791.40,66
1660275840,1791.25,60
1660275900,1791.11,50
1660275960,1791.18,48
1660276020,1790.97,28
1660276080,1790.88,28
1660276140,1790.98,28
1660276200,1790.89,76
1660276260,1790.97,44
1660276320,1791.00,48
1660276380,1791.14,38
1660276440,1791.15,76
1660276500,1791.10,62
1660276560,1791.00,54
1660276620,1791.02,72
1660276680,1790.92,48
1660276740,1791.10,48
1660276800,1791.30,54
1660276860,1791.31,26
1660276920,1791.15,32
1660276980,1791.08,26
1660277040,1791.34,30
1660277100,1791.18,34
1660277160,1791.13,38
1660277220,1791.39,36
1660277280,1791.46,56
1660277340,1791.66,74
1660277400,1791.70,72
1660277460,1791.38,36
1660277520,1791.47,54
1660277580,1791.45,30
1660277640,1791.61,40
1660277700,1791.60,24
1660277760,1791.64,40
1660277820,1791.80,50
1660277880,1792.08,42
1660277940,1792.32,36
1660278000,1792.43,90
1660278060,1792.32,64
1660278120,1791.98,48
1660278180,1792.00,32
1660278240,1791.93,62
1660278300,1792.06,52
1660278360,1792.15,47
1660278420,1791.97,32
1660278480,1792.06,22
1660278540,1792.12,72
1660278600,1791.90,40
1660278660,1792.08,46
1660278720,1791.89,70
1660278780,1791.73,56
1660278840,1791.79,62
1660278900,1791.88,30
1660278960,1791.80,36
1660279020,1791.80,50
1660279080,1791.63,34
1660279140,1791.54,24
1660279200,1791.44,26
1660279260,1791.12,58
1660279320,1791.32,38
1660279380,1791.16,42
1660279440,1791.12,66
1660279500,1791.26,30
1660279560,1791.00,52
1660279620,1790.90,46
1660279680,1790.65,55
1660279740,1790.68,25
1660279800,1790.70,22
1660279860,1790.72,52
1660279920,1790.80,26
1660279980,1790.52,46
1660280040,1790.53,14
1660280100,1790.54,48
1660280160,1790.70,44
1660280220,1790.62,42
1660280280,1790.82,74
1660280340,1790.70,48
1660280400,1790.50,26
1660280460,1790.92,56
1660280520,1791.16,66
1660280580,1790.92,58
1660280640,1790.62,36
1660280700,1790.56,28
1660280760,1790.48,46
1660280820,1790.38,48
1660280880,1790.54,72
1660280940,1790.57,72
1660281000,1790.68,32
1660281060,1790.90,72
1660281120,1790.48,32
1660281180,1790.28,36
1660281240,1790.41,49
1660281300,1790.50,50
1660281360,1790.40,10
1660281420,1790.70,38
1660281480,1790.38,57
1660281540,1790.63,60
1660281600,1790.92,56
1660281660,1791.11,60
1660281720,1791.19,38
1660281780,1791.24,26
1660281840,1791.63,60
1660281900,1792.07,62
1660281960,1791.84,44
1660282020,1791.48,38
1660282080,1791.33,30
1660282140,1791.06,68
1660282200,1791.36,114
1660282260,1791.52,116
1660282320,1791.42,58
1660282380,1791.94,50
1660282440,1791.82,40
1660282500,1792.05,106
1660282560,1792.38,140
1660282620,1792.44,92
1660282680,1791.98,58
1660282740,1791.96,56
1660282800,1791.88,64
1660282860,1791.82,58
1660282920,1791.68,66
1660282980,1791.16,68
1660283040,1791.46,44
1660283100,1791.60,72
1660283160,1791.21,50
1660283220,1791.12,80
1660283280,1791.34,54
1660283340,1791.50,52
1660283400,1791.52,54
1660283460,1791.27,66
1660283520,1791.22,36
1660283580,1790.96,92
1660283640,1790.84,84
1660283700,1790.84,90
1660283760,1791.04,60
1660283820,1790.78,104
1660283880,1790.58,32
1660283940,1790.59,94
1660284000,1790.84,170
1660284060,1791.26,158
1660284120,1791.30,124
1660284180,1791.36,134
1660284240,1791.60,124
1660284300,1791.66,162
1660284360,1791.66,76
1660284420,1791.66,102
1660284480,1791.72,118
1660284540,1792.14,98
1660284600,1792.22,78
1660284660,1791.94,116
1660284720,1791.68,78
1660284780,1791.70,106
1660284840,1791.49,60
1660284900,1791.26,118
1660284960,1791.06,98
1660285020,1791.44,102
1660285080,1791.64,68
1660285140,1791.78,70
1660285200,1791.91,94
1660285260,1791.66,70
1660285320,1791.48,42
1660285380,1791.26,38
1660285440,1791.26,58
1660285500,1791.32,58
1660285560,1790.87,84
1660285620,1790.74,92
1660285680,1791.03,68
1660285740,1790.52,122
1660285800,1790.68,112
1660285860,1790.92,82
1660285920,1791.13,102
1660285980,1791.03,156
1660286040,1790.76,84
1660286100,1790.82,110
1660286160,1790.76,124
1660286220,1791.36,114
1660286280,1791.06,100
1660286340,1791.10,92
1660286400,1791.28,90
1660286460,1791.24,90
1660286520,1791.90,94
1660286580,1792.10,105
1660286640,1791.90,49
1660286700,1791.98,114
1660286760,1792.10,84
1660286820,1792.14,76
1660286880,1792.10,80
1660286940,1792.02,66
1660287000,1791.92,104
1660287060,1791.79,78
1660287120,1791.93,82
1660287180,1792.30,96
1660287240,1792.58,114
1660287300,1792.67,110
1660287360,1792.82,90
1660287420,1792.83,94
1660287480,1793.37,146
1660287540,1793.26,160
1660287600,1792.81,216
1660287660,1793.06,166
1660287720,1793.08,126
1660287780,1793.26,150
1660287840,1793.41,112
1660287900,1792.47,176
1660287960,1792.43,114
1660288020,1792.34,141
1660288080,1792.46,136
1660288140,1792.68,84
1660288200,1793.06,100
1660288260,1793.26,154
1660288320,1794.00,127
1660288380,1793.98,144
1660288440,1793.86,94
1660288500,1793.94,132
1660288560,1794.00,102
1660288620,1793.54,116
1660288680,1793.76,103
1660288740,1793.80,83
1660288800,1793.58,97
1660288860,1793.12,153
1660288920,1792.79,140
1660288980,1792.74,116
1660289040,1792.54,108
1660289100,1792.79,122
1660289160,1792.83,122
1660289220,1793.16,114
1660289280,1792.96,118
1660289340,1792.24,138
1660289400,1791.94,116
1660289460,1791.47,145
1660289520,1790.98,190
1660289580,1790.68,144
1660289640,1790.44,150
1660289700,1790.24,172
1660289760,1789.66,219
1660289820,1789.00,189
1660289880,1789.64,185
1660289940,1789.62,111
1660290000,1789.10,188
1660290060,1788.93,160
1660290120,1788.27,171
1660290180,1788.15,166
1660290240,1788.18,139
1660290300,1787.94,184
1660290360,1788.42,140
1660290420,1788.46,153
1660290480,1788.32,120
1660290540,1787.99,128
1660290600,1787.83,134
1660290660,1788.40,180
1660290720,1788.33,136
1660290780,1787.84,100
1660290840,1787.99,126
1660290900,1787.66,159
1660290960,1787.81,143
1660291020,1788.41,169
1660291080,1788.82,165
1660291140,1788.81,104
1660291200,1788.34,142
1660291260,1788.56,186
1660291320,1788.94,152
1660291380,1788.90,142
1660291440,1788.66,149
1660291500,1788.38,120
1660291560,1788.24,130
1660291620,1788.71,154
1660291680,1788.75,132
1660291740,1788.97,127
1660291800,1788.90,116
1660291860,1788.67,91
1660291920,1788.98,119
1660291980,1789.49,105
1660292040,1789.52,111
1660292100,1789.13,109
1660292160,1788.88,119
1660292220,1788.76,132
1660292280,1788.72,142
1660292340,1788.70,149
1660292400,1788.68,93
1660292460,1788.54,114
1660292520,1788.52,117
1660292580,1788.40,124
1660292640,1788.37,137
1660292700,1788.44,87
1660292760,1788.24,125
1660292820,1788.08,99
1660292880,1787.98,102
1660292940,1787.94,137
1660293000,1787.95,97
1660293060,1787.99,139
1660293120,1787.86,129
1660293180,1787.20,151
1660293240,1786.96,163
1660293300,1787.04,132
1660293360,1787.11,136
1660293420,1787.25,149
1660293480,1787.18,126
1660293540,1787.32,118
1660293600,1787.24,130
1660293660,1787.84,129
1660293720,1787.58,132
1660293780,1787.09,90
1660293840,1786.77,89
1660293900,1786.48,129
1660293960,1786.56,99
1660294020,1786.30,165
1660294080,1787.08,127
1660294140,1787.68,180
1660294200,1787.34,156
1660294260,1787.26,107
1660294320,1787.41,105
1660294380,1786.98,131
1660294440,1787.13,135
1660294500,1787.21,102
1660294560,1787.12,64
1660294620,1787.22,102
1660294680,1787.20,118
1660294740,1787.38,130
1660294800,1787.13,140
1660294860,1787.00,115
1660294920,1786.88,112
1660294980,1787.26,156
1660295040,1786.78,108
1660295100,1786.62,126
1660295160,1786.68,128
1660295220,1786.62,99
1660295280,1786.73,126
1660295340,1787.00,54
1660295400,1787.22,91
1660295460,1787.16,113
1660295520,1787.00,95
1660295580,1786.99,88
1660295640,1786.80,107
1660295700,1786.82,111
1660295760,1786.64,119
1660295820,1786.28,89
1660295880,1786.59,108
1660295940,1786.48,92
1660296000,1787.38,148
1660296060,1787.26,102
1660296120,1787.42,88
1660296180,1787.72,131
1660296240,1787.95,108
1660296300,1787.97,112
1660296360,1788.02,87
1660296420,1788.16,111
1660296480,1788.30,136
1660296540,1788.55,136
1660296600,1788.24,130
1660296660,1787.66,114
1660296720,1787.38,106
1660296780,1787.38,88
1660296840,1787.35,72
1660296900,1787.44,91
1660296960,1787.31,88
1660297020,1787.26,122
1660297080,1787.16,66
1660297140,1787.66,130
1660297200,1787.34,91
1660297260,1787.66,68
1660297320,1787.43,90
1660297380,1787.00,95
1660297440,1786.94,93
1660297500,1787.29,91
1660297560,1787.19,106
1660297620,1786.90,74
1660297680,1787.28,115
1660297740,1787.30,81
1660297800,1787.38,112
1660297860,1787.44,115
1660297920,1787.28,95
1660297980,1787.14,97
1660298040,1787.69,131
1660298100,1787.72,92
1660298160,1787.42,94
1660298220,1787.46,68
1660298280,1787.44,106
1660298340,1787.48,95
1660298400,1787.52,193
1660298460,1787.52,144
1660298520,1787.66,112
1660298580,1787.64,80
1660298640,1787.49,160
1660298700,1787.04,146
1660298760,1787.11,124
1660298820,1787.09,127
1660298880,1786.57,95
1660298940,1786.44,119
1660299000,1786.18,129
1660299060,1786.68,130
1660299120,1786.23,104
1660299180,1786.25,118
1660299240,1786.22,170
1660299300,1786.40,151
1660299360,1786.66,142
1660299420,1786.70,159
1660299480,1786.52,130
1660299540,1787.00,108
1660299600,1786.70,120
1660299660,1787.22,112
1660299720,1787.57,128
1660299780,1787.23,102
1660299840,1787.44,92
1660299900,1787.82,106
1660299960,1787.88,98
1660300020,1788.02,77
1660300080,1788.37,91
1660300140,1788.37,106
1660300200,1788.02,101
1660300260,1787.73,119
1660300320,1787.70,133
1660300380,1787.80,108
1660300440,1787.56,102
1660300500,1786.87,174
1660300560,1786.65,142
1660300620,1786.72,137
1660300680,1786.78,129
1660300740,1786.87,98
1660300800,1787.00,81
1660300860,1787.03,115
1660300920,1787.10,110
1660300980,1786.95,143
1660301040,1786.58,118
1660301100,1786.32,131
1660301160,1786.05,126
1660301220,1786.24,128
1660301280,1786.40,126
1660301340,1786.41,147
1660301400,1786.68,119
1660301460,1786.88,136
1660301520,1786.66,121
1660301580,1787.53,127
1660301640,1787.09,140
1660301700,1787.20,84
1660301760,1787.18,102
1660301820,1786.82,158
1660301880,1787.80,157
1660301940,1788.09,110
1660302000,1787.58,162
1660302060,1788.30,173
1660302120,1787.74,146
1660302180,1787.68,104
1660302240,1787.76,134
1660302300,1787.70,148
1660302360,1787.53,112
1660302420,1788.43,151
1660302480,1788.14,143
1660302540,1788.64,141
1660302600,1788.44,133
1660302660,1788.92,142
1660302720,1789.33,137
1660302780,1789.30,190
1660302840,1789.17,143
1660302900,1789.22,159
1660302960,1789.42,126
1660303020,1789.59,144
1660303080,1788.56,140
1660303140,1788.38,159
1660303200,1787.38,192
1660303260,1786.76,183
1660303320,1785.78,203
1660303380,1786.43,208
1660303440,1787.04,176
1660303500,1787.00,180
1660303560,1787.24,140
1660303620,1787.12,166
1660303680,1786.89,150
1660303740,1786.96,150
1660303800,1787.00,144
1660303860,1787.49,117
1660303920,1787.43,169
1660303980,1786.88,160
1660304040,1786.84,128
1660304100,1786.90,166
1660304160,1786.94,134
1660304220,1786.92,119
1660304280,1786.55,150
1660304340,1785.86,147
1660304400,1785.50,169
1660304460,1785.75,156
1660304520,1785.51,155
1660304580,1785.22,140
1660304640,1785.04,140
1660304700,1784.94,133
1660304760,1785.18,96
1660304820,1785.68,159
1660304880,1786.20,160
1660304940,1786.36,144
1660305000,1785.76,167
1660305060,1785.57,172
1660305120,1785.87,106
1660305180,1786.33,138
1660305240,1786.48,132
1660305300,1786.48,106
1660305360,1786.72,131
1660305420,1786.19,165
1660305480,1785.90,144
1660305540,1785.36,134
1660305600,1785.20,181
1660305660,1786.40,190
1660305720,1786.89,158
1660305780,1786.14,143
1660305840,1786.38,164
1660305900,1785.36,160
1660305960,1785.62,164
1660306020,1786.54,183
1660306080,1786.68,149
1660306140,1786.78,144
1660306200,1787.98,226
1660306260,1788.86,202
1660306320,1788.93,197
1660306380,1788.53,201
1660306440,1788.79,170
1660306500,1788.59,176
1660306560,1788.46,192
1660306620,1788.45,182
1660306680,1789.46,236
1660306740,1789.65,177
1660306800,1789.94,242
1660306860,1791.61,280
1660306920,1791.93,265
1660306980,1791.35,231
1660307040,1791.37,186
1660307100,1790.34,219
1660307160,1790.08,169
1660307220,1790.28,155
1660307280,1789.86,121
1660307340,1790.64,161
1660307400,1791.30,217
1660307460,1791.74,227
1660307520,1790.80,247
1660307580,1790.64,178
1660307640,1790.42,208
1660307700,1790.00,163
1660307760,1790.55,168
1660307820,1791.09,184
1660307880,1791.56,183
1660307940,1791.79,238
1660308000,1791.51,237
1660308060,1791.56,268
1660308120,1791.56,169
1660308180,1791.39,223
1660308240,1790.82,259
1660308300,1791.22,213
1660308360,1791.66,178
1660308420,1791.40,209
1660308480,1791.74,186
1660308540,1791.79,216
1660308600,1791.74,234
1660308660,1792.17,211
1660308720,1792.62,215
1660308780,1792.52,220
1660308840,1792.99,211
1660308900,1793.06,230
1660308960,1793.90,222
1660309020,1793.50,235
1660309080,1793.61,218
1660309140,1793.44,180
1660309200,1793.94,325
1660309260,1794.16,256
1660309320,1794.84,246
1660309380,1794.61,239
1660309440,1794.66,248
1660309500,1794.84,268
1660309560,1794.88,247
1660309620,1795.10,200
1660309680,1793.79,194
1660309740,1793.67,191
1660309800,1793.13,251
1660309860,1792.92,244
1660309920,1793.06,240
1660309980,1793.64,232
1660310040,1793.76,182
1660310100,1793.18,197
1660310160,1793.60,172
1660310220,1794.06,208
1660310280,1794.34,184
1660310340,1794.44,188
1660310400,1794.98,202
1660310460,1794.68,212
1660310520,1794.83,185
1660310580,1794.96,206
1660310640,1795.19,209
1660310700,1794.84,244
1660310760,1794.61,193
1660310820,1794.63,193
1660310880,1793.75,225
1660310940,1794.26,219
1660311000,1795.02,258
1660311060,1794.40,315
1660311120,1795.76,293
1660311180,1795.67,233
1660311240,1795.46,272
1660311300,1794.58,285
1660311360,1795.83,291
1660311420,1795.59,217
1660311480,1795.62,231
1660311540,1795.48,284
1660311600,1796.50,261
1660311660,1796.08,302
1660311720,1795.74,231
1660311780,1795.67,188
1660311840,1795.34,220
1660311900,1796.06,260
1660311960,1796.64,252
1660312020,1796.20,224
1660312080,1796.66,268
1660312140,1796.02,216
1660312200,1797.24,255
1660312260,1797.72,289
1660312320,1797.48,287
1660312380,1797.56,252
1660312440,1797.40,229
1660312500,1797.20,278
1660312560,1797.84,251
1660312620,1797.75,236
1660312680,1798.36,239
1660312740,1797.86,172
1660312800,1794.65,418
1660312860,1794.56,369
1660312920,1793.98,409
1660312980,1793.69,345
1660313040,1792.40,375
1660313100,1791.63,346
1660313160,1793.63,321
1660313220,1795.14,350
1660313280,1794.62,322
1660313340,1793.56,300
1660313400,1794.24,325
1660313460,1794.62,256
1660313520,1795.09,297
1660313580,1794.84,293
1660313640,1794.38,307
1660313700,1793.32,270
1660313760,1792.92,266
1660313820,1792.74,267
1660313880,1792.48,220
1660313940,1793.01,247
1660314000,1792.84,286
1660314060,1792.68,242
1660314120,1792.71,246
1660314180,1792.40,270
1660314240,1793.00,296
1660314300,1792.62,284
1660314360,1792.06,298
1660314420,1792.36,293
1660314480,1791.76,284
1660314540,1791.92,231
1660314600,1791.89,277
1660314660,1792.72,270
1660314720,1793.91,313
1660314780,1793.64,285
1660314840,1793.98,274
1660314900,1793.32,276
1660314960,1792.72,286
1660315020,1792.30,253
1660315080,1791.54,250
1660315140,1790.44,289
1660315200,1792.30,301
1660315260,1792.20,258
1660315320,1791.90,257
1660315380,1792.29,241
1660315440,1792.45,243
1660315500,1792.16,258
1660315560,1791.78,241
1660315620,1791.85,237
1660315680,1791.81,243
1660315740,1792.71,228
1660315800,1791.92,245
1660315860,1791.75,225
1660315920,1792.76,252
1660315980,1792.40,224
1660316040,1792.26,252
1660316100,1792.66,237
1660316160,1793.42,233
1660316220,1792.35,255
1660316280,1792.83,234
1660316340,1793.17,222
1660316400,1793.50,234
1660316460,1792.82,224
1660316520,1793.38,222
1660316580,1793.40,240
1660316640,1793.94,268
1660316700,1793.87,212
1660316760,1793.92,177
1660316820,1793.82,176
1660316880,1793.33,182
1660316940,1793.35,198
1660317000,1794.69,212
1660317060,1794.58,165
1660317120,1794.87,188
1660317180,1794.58,150
1660317240,1794.46,188
1660317300,1795.56,219
1660317360,1795.60,254
1660317420,1795.54,214
1660317480,1795.23,223
1660317540,1795.46,211
1660317600,1795.84,184
1660317660,1795.24,212
1660317720,1795.34,153
1660317780,1794.87,162
1660317840,1794.22,218
1660317900,1794.06,162
1660317960,1794.66,137
1660318020,1794.14,186
1660318080,1794.54,195
1660318140,1795.42,215
1660318200,1795.94,217
1660318260,1796.12,197
1660318320,1796.25,179
1660318380,1796.32,144
1660318440,1796.20,147
1660318500,1796.64,184
1660318560,1797.18,229
1660318620,1797.46,212
1660318680,1797.51,178
1660318740,1796.96,158
1660318800,1796.65,209
1660318860,1797.00,186
1660318920,1797.12,169
1660318980,1797.24,128
1660319040,1796.84,159
1660319100,1797.08,152
1660319160,1797.41,172
1660319220,1797.30,134
1660319280,1796.81,125
1660319340,1796.56,182
1660319400,1796.40,157
1660319460,1796.05,153
1660319520,1795.70,186
1660319580,1795.67,125
1660319640,1795.53,139
1660319700,1796.05,182
1660319760,1795.75,130
1660319820,1795.44,168
1660319880,1795.38,122
1660319940,1794.94,151
1660320000,1795.23,170
1660320060,1795.32,126
1660320120,1795.35,154
1660320180,1796.02,72
1660320240,1796.12,120
1660320300,1795.54,131
1660320360,1796.04,130
1660320420,1795.98,126
1660320480,1796.00,116
1660320540,1795.97,86
1660320600,1796.10,104
1660320660,1796.08,97
1660320720,1796.52,153
1660320780,1796.74,119
1660320840,1796.47,111
1660320900,1797.00,107
1660320960,1796.88,139
1660321020,1797.10,154
1660321080,1797.16,125
1660321140,1797.22,116
1660321200,1797.04,110
1660321260,1797.08,117
1660321320,1797.11,124
1660321380,1797.01,139
1660321440,1797.00,96
1660321500,1797.18,98
1660321560,1797.09,116
1660321620,1797.12,102
1660321680,1796.88,120
1660321740,1797.24,97
1660321800,1797.46,112
1660321860,1797.68,146
1660321920,1797.66,96
1660321980,1797.66,113
1660322040,1797.64,112
1660322100,1797.64,142
1660322160,1797.49,113
1660322220,1797.98,73
1660322280,1798.14,153
1660322340,1798.12,108
1660322400,1798.32,183
1660322460,1798.11,90
1660322520,1798.19,104
1660322580,1798.06,108
1660322640,1798.12,166
1660322700,1797.81,149
1660322760,1797.74,96
1660322820,1797.38,98
1660322880,1797.38,110
1660322940,1797.54,110
1660323000,1797.58,96
1660323060,1797.85,68
1660323120,1797.66,106
1660323180,1797.68,102
1660323240,1797.18,130
1660323300,1797.32,135
1660323360,1797.26,108
1660323420,1797.02,135
1660323480,1796.96,114
1660323540,1797.22,113
1660323600,1797.43,132
1660323660,1797.74,127
1660323720,1797.67,80
1660323780,1798.25,168
1660323840,1799.40,177
1660323900,1799.72,238
1660323960,1800.23,175
1660324020,1801.23,202
1660324080,1801.02,205
1660324140,1801.10,197
1660324200,1801.12,220
1660324260,1800.62,150
1660324320,1801.21,202
1660324380,1801.30,205
1660324440,1801.55,175
1660324500,1801.75,271
1660324560,1800.75,266
1660324620,1800.52,210
1660324680,1800.11,194
1660324740,1800.37,156
1660324800,1799.97,121
1660324860,1800.03,108
1660324920,1799.38,172
1660324980,1799.61,148
1660325040,1799.74,154
1660325100,1799.48,172
1660325160,1799.33,154
1660325220,1799.05,155
1660325280,1799.15,128
1660325340,1799.20,247
1660325400,1798.97,148
1660325460,1798.66,154
1660325520,1798.36,113
1660325580,1798.65,130
1660325640,1798.88,121
1660325700,1799.13,112
1660325760,1799.58,143
1660325820,1799.28,122
1660325880,1798.80,116
1660325940,1798.96,106
1660326000,1798.88,79
1660326060,1798.73,92
1660326120,1799.07,85
1660326180,1799.25,72
1660326240,1799.25,66
1660326300,1799.19,64
1660326360,1799.20,70
1660326420,1799.31,100
1660326480,1799.51,56
1660326540,1799.52,124
1660326600,1800.00,88
1660326660,1799.89,80
1660326720,1799.82,66
1660326780,1799.58,82
1660326840,1799.40,56
1660326900,1799.38,95
1660326960,1799.41,84
1660327020,1799.46,96
1660327080,1799.12,69
1660327140,1798.99,109
1660327200,1798.70,112
1660327260,1798.37,119
1660327320,1798.44,68
1660327380,1798.48,67
1660327440,1798.58,62
1660327500,1798.90,81
1660327560,1799.12,108
1660327620,1799.40,92
1660327680,1799.26,42
1660327740,1799.10,108
1660327800,1799.37,115
1660327860,1799.28,77
1660327920,1799.50,116
1660327980,1799.84,90
1660328040,1800.06,85
1660328100,1800.08,55
1660328160,1799.88,71
1660328220,1800.00,83
1660328280,1800.36,97
1660328340,1800.44,72
1660328400,1800.70,100
1660328460,1800.97,55
1660328520,1800.29,67
1660328580,1800.76,60
1660328640,1800.59,49
1660328700,1801.08,68
1660328760,1801.32,71
1660328820,1801.37,78
1660328880,1801.16,98
1660328940,1801.30,61
1660329000,1801.46,63
1660329060,1801.30,69
1660329120,1801.38,67
1660329180,1801.19,67
1660329240,1801.21,28
1660329300,1801.19,41
1660329360,1801.50,62
1660329420,1801.51,40
1660329480,1801.41,34
1660329540,1801.59,39
1660329600,1801.85,49
1660329660,1801.52,52
1660329720,1801.42,88
1660329780,1801.58,76
1660329840,1801.70,52
1660329900,1801.72,46
1660329960,1801.48,64
1660330020,1801.24,98
1660330080,1801.20,68
1660330140,1801.12,86
1660330200,1801.18,70
1660330260,1800.68,96
1660330320,1800.89,112
1660330380,1800.77,54
1660330440,1801.00,72
1660330500,1801.25,81
1660330560,1801.07,76
1660330620,1801.12,94
1660330680,1801.05,52
1660330740,1801.32,118
1660330800,1800.62,186
1660330860,1799.88,140
1660330920,1799.84,80
1660330980,1799.95,76
1660331040,1799.78,95
1660331100,1800.12,115
1660331160,1800.72,76
1660331220,1800.66,54
1660331280,1800.68,66
1660331340,1800.62,58
1660331400,1800.86,87
1660331460,1800.40,53
1660331520,1800.50,65
1660331580,1800.86,108
1660331640,1800.87,82
1660331700,1800.89,86
1660331760,1800.66,60
1660331820,1800.88,56
1660331880,1801.13,98
1660331940,1801.12,76
1660332000,1800.79,74
1660332060,1800.78,64
1660332120,1800.64,86
1660332180,1800.56,88
1660332240,1800.58,48
1660332300,1800.54,36
1660332360,1800.62,48
1660332420,1800.85,94
1660332480,1801.15,84
1660332540,1801.14,64
1660332600,1801.25,94
1660332660,1801.04,62
1660332720,1801.16,46
1660332780,1801.46,88
1660332840,1801.64,86
1660332900,1801.62,72
1660332960,1802.02,91
1660333020,1801.94,62
1660333080,1801.46,86
1660333140,1801.36,82
1660333200,1801.79,76
1660333260,1801.90,102
1660333320,1801.96,54
1660333380,1802.02,106
1660333440,1801.98,74
1660333500,1801.62,84
1660333560,1801.61,30
1660333620,1801.51,28
1660333680,1802.03,68
1660333740,1801.89,69
1660333800,1802.06,131
1660333860,1801.77,137
1660333920,1801.90,42
1660333980,1801.88,53
1660334040,1802.06,82
1660334100,1801.97,119
1660334160,1802.08,90
1660334220,1801.80,102
1660334280,1801.60,89
1660334340,1801.48,142
1660334400,1800.90,126
1660334460,1800.76,118
1660334520,1800.86,70
1660334580,1800.88,53
1660334640,1800.88,78
1660334700,1800.96,58
1660334760,1800.58,76
1660334820,1800.57,66
1660334880,1800.56,52
1660334940,1800.71,40
1660335000,1800.64,22
1660335060,1800.68,48
1660335120,1800.60,42
1660335180,1800.70,29
1660335240,1800.58,42
1660335300,1800.38,56
1660335360,1800.42,12
1660335420,1800.42,8
1660335480,1800.42,22
1660335540,1800.44,28
1660335600,1800.55,42
1660335660,1800.38,36
1660335720,1800.39,10
1660335780,1800.31,30
1660335840,1800.45,35
1660335900,1800.45,20
1660335960,1800.46,20
1660336020,1800.48,29
1660336080,1800.32,40
1660336140,1800.46,41
1660336200,1800.51,38
1660336260,1800.50,10
1660336320,1800.52,10
1660336380,1800.54,2
1660336440,1800.54,12
1660336500,1800.53,44
1660336560,1800.50,30
1660336620,1800.70,18
1660336680,1800.69,14
1660336740,1800.67,10
1660336800,1800.72,30
1660336860,1800.84,18
1660336920,1800.84,10
1660336980,1800.94,4
1660337040,1800.93,22
1660337100,1800.66,54
1660337160,1800.57,34
1660337220,1800.64,20
1660337280,1800.83,38
1660337340,1801.13,78
1660337400,1801.18,54
1660337460,1801.34,36
1660337520,1801.48,48
1660337580,1801.82,62
1660337640,1801.91,50
1660337700,1801.52,109
1660337760,1801.62,27
1660514520,1802.16,54
1660514580,1802.06,60
1660514640,1801.70,68
1660514700,1801.69,98
1660514760,1801.04,36
1660514820,1800.82,68
1660514880,1800.48,19
1660514940,1800.68,42
1660515000,1800.30,52
1660515060,1801.11,28
1660515120,1801.60,48
1660515180,1801.52,52
1660515240,1801.15,28
1660515300,1800.58,112
1660515360,1800.40,42
1660515420,1800.36,28
1660515480,1800.36,8
1660515540,1800.60,24
1660515600,1800.62,30
1660515660,1800.73,22
1660515720,1800.41,34
1660515780,1800.38,22
1660515840,1800.66,22
1660515900,1800.78,24
1660515960,1800.78,26
1660516020,1800.68,12
1660516080,1800.68,14
1660516140,1800.68,14
1660516200,1800.40,24
1660516260,1800.48,8
1660516320,1800.66,44
1660516380,1800.58,30
1660516440,1800.48,30
1660516500,1800.40,40
1660516560,1800.44,18
1660516620,1800.40,50
1660516680,1800.36,20
1660516740,1800.56,20
1660516800,1800.64,14
1660516860,1800.46,24
1660516920,1800.34,36
1660516980,1800.26,8
1660517040,1800.36,24
1660517100,1800.24,6
1660517160,1800.19,18
1660517220,1800.30,12
1660517280,1800.15,24
1660517340,1800.10,18
1660517400,1800.09,36
1660517460,1800.04,10
1660517520,1800.00,14
1660517580,1799.78,22
1660517640,1799.90,16
1660517700,1799.94,16
1660517760,1799.91,14
1660517820,1799.92,8
1660517880,1800.10,12
1660517940,1800.30,32
1660518000,1800.04,30
1660518060,1799.91,22
1660518120,1799.79,34
1660518180,1799.69,10
1660518240,1799.81,18
1660518300,1799.89,14
1660518360,1799.91,26
1660518420,1799.72,10
1660518480,1799.73,8
1660518540,1799.80,18
1660518600,1799.80,18
1660518660,1799.72,6
1660518720,1799.81,18
1660518780,1799.74,12
1660518840,1799.82,6
1660518900,1799.86,18
1660518960,1800.02,22
1660519020,1800.05,18
1660519080,1800.06,20
1660519140,1800.24,22
1660519200,1800.52,36
1660519260,1800.44,22
1660519320,1799.60,55
1660519380,1799.69,70
1660519440,1799.72,44
1660519500,1799.79,14
1660519560,1799.84,34
1660519620,1799.84,30
1660519680,1799.68,14
1660519740,1799.86,30
1660519800,1800.08,24
1660519860,1800.04,30
1660519920,1800.32,24
1660519980,1800.23,32
1660520040,1800.02,14
1660520100,1799.94,18
1660520160,1799.86,10
1660520340,1799.88,8
1660520400,1799.90,24
1660520460,1799.92,10
1660520520,1799.88,18
1660520580,1799.82,24
1660520640,1799.79,34
1660520700,1799.58,50
1660520760,1799.56,30
1660520820,1799.72,32
1660520880,1799.63,48
1660520940,1799.66,32
1660521000,1799.93,24
1660521060,1799.78,20
1660521120,1799.78,30
1660521180,1799.96,14
1660521240,1799.44,28
1660521300,1799.52,24
1660521360,1799.46,38
1660521420,1799.14,30
1660521480,1799.13,22
1660521540,1799.16,48
1660521600,1799.06,80
1660521660,1798.96,68
1660521720,1799.36,42
1660521780,1799.13,52
1660521840,1798.88,70
1660521900,1798.90,62
1660521960,1798.88,30
1660522020,1799.15,54
1660522080,1799.26,66
1660522140,1799.28,48
1660522200,1799.21,34
1660522260,1799.30,62
1660522320,1799.16,72
1660522380,1798.96,90
1660522440,1798.98,64
1660522500,1799.13,54
1660522560,1799.22,44
1660522620,1799.34,40
1660522680,1799.02,60
1660522740,1799.29,50
1660522800,1799.24,84
1660522860,1799.00,78
1660522920,1799.10,60
1660522980,1799.18,48
1660523040,1799.08,68
1660523100,1799.22,80
1660523160,1799.40,62
1660523220,1799.54,70
1660523280,1799.42,60
1660523340,1799.70,66
1660523400,1799.54,72
1660523460,1800.00,80
1660523520,1800.18,56
1660523580,1800.52,68
1660523640,1800.44,82
1660523700,1800.16,44
1660523760,1799.96,38
1660523820,1800.08,72
1660523880,1800.16,38
1660523940,1800.20,52
1660524000,1799.78,68
1660524060,1799.80,48
1660524120,1800.02,34
1660524180,1799.62,62
1660524240,1799.62,22
1660524300,1799.55,38
1660524360,1799.48,49
1660524420,1799.26,44
1660524480,1799.14,44
1660524540,1799.32,60
1660524600,1799.92,74
1660524660,1800.14,84
1660524720,1800.22,78
1660524780,1800.38,84
1660524840,1800.84,127
1660524900,1801.46,138
1660524960,1801.44,82
1660525020,1801.54,62
1660525080,1801.14,60
1660525140,1801.20,96
1660525200,1801.28,250
1660525260,1800.38,156
1660525320,1800.14,148
1660525380,1800.02,126
1660525440,1800.04,111
1660525500,1799.31,124
1660525560,1799.02,89
1660525620,1799.03,134
1660525680,1798.74,114
1660525740,1799.27,132
1660525800,1799.18,131
1660525860,1798.74,77
1660525920,1798.62,82
1660525980,1798.57,62
1660526040,1798.39,63
1660526100,1798.47,80
1660526160,1798.63,72
1660526220,1798.70,56
1660526280,1799.20,78
1660526340,1799.04,38
1660526400,1798.64,90
1660526460,1798.25,108
1660526520,1797.66,150
1660526580,1797.78,108
1660526640,1797.90,126
1660526700,1797.49,57
1660526760,1797.42,75
1660526820,1797.14,92
1660526880,1797.20,98
1660526940,1797.16,72
1660527000,1797.44,72
1660527060,1797.10,90
1660527120,1797.54,88
1660527180,1797.34,96
1660527240,1797.18,90
1660527300,1797.34,76
1660527360,1797.04,58
1660527420,1797.14,68
1660527480,1797.15,62
1660527540,1796.96,92
1660527600,1797.24,90
1660527660,1797.58,100
1660527720,1797.52,110
1660527780,1797.99,88
1660527840,1798.06,132
1660527900,1797.78,126
1660527960,1798.32,108
1660528020,1798.62,94
1660528080,1798.38,98
1660528140,1798.22,64
1660528200,1798.32,106
1660528260,1798.06,76
1660528320,1798.18,54
1660528380,1798.35,46
1660528440,1798.46,74
1660528500,1798.21,50
1660528560,1797.82,78
1660528620,1797.76,80
1660528680,1797.24,100
1660528740,1797.38,56
1660528800,1796.99,126
1660528860,1796.80,100
1660528920,1796.68,138
1660528980,1797.04,86
1660529040,1796.54,116
1660529100,1796.27,116
1660529160,1796.74,84
1660529220,1797.02,146
1660529280,1796.98,104
1660529340,1796.38,98
1660529400,1796.40,88
1660529460,1796.52,94
1660529520,1796.36,82
1660529580,1796.14,74
1660529640,1796.26,110
1660529700,1796.32,74
1660529760,1796.02,60
1660529820,1796.14,54
1660529880,1795.76,74
1660529940,1795.76,58
1660530000,1795.80,72
1660530060,1795.80,58
1660530120,1795.74,56
1660530180,1795.99,54
1660530240,1796.00,50
1660530300,1795.70,88
1660530360,1795.75,44
1660530420,1795.70,44
1660530480,1795.62,68
1660530540,1795.62,34
1660530600,1795.61,50
1660530660,1795.42,96
1660530720,1795.42,76
1660530780,1795.47,106
1660530840,1795.01,97
1660530900,1794.83,93
1660530960,1795.98,144
1660531020,1796.08,156
1660531080,1796.24,80
1660531140,1795.70,106
1660531200,1795.72,120
1660531260,1796.10,92
1660531320,1795.88,70
1660531380,1795.91,56
1660531440,1795.86,68
1660531500,1795.78,38
1660531560,1795.55,62
1660531620,1795.58,58
1660531680,1795.50,26
1660531740,1795.44,44
1660531800,1795.13,50
1660531860,1795.22,94
1660531920,1795.85,104
1660531980,1795.72,60
1660532040,1795.76,76
1660532100,1796.06,80
1660532160,1796.40,120
1660532220,1796.36,80
1660532280,1796.39,68
1660532340,1796.36,66
1660532400,1796.30,52
1660532460,1796.41,26
1660532520,1796.31,34
1660532580,1796.31,44
1660532640,1796.26,34
1660532700,1795.88,70
1660532760,1795.89,54
1660532820,1796.06,76
1660532880,1796.24,70
1660532940,1796.62,66
1660533000,1796.41,68
1660533060,1796.76,70
1660533120,1796.59,72
1660533180,1796.60,30
1660533240,1796.40,18
1660533300,1796.06,62
1660533360,1795.84,94
1660533420,1795.90,46
1660533480,1795.70,48
1660533540,1795.59,34
1660533600,1795.48,24
1660533660,1795.32,36
1660533720,1795.38,60
1660533780,1795.34,68
1660533840,1795.40,42
1660533900,1795.24,82
1660533960,1795.56,102
1660534020,1795.54,72
1660534080,1795.76,62
1660534140,1795.94,82
1660534200,1796.00,56
1660534260,1795.82,50
1660534320,1795.68,24
1660534380,1795.68,32
1660534440,1795.54,40
1660534500,1795.49,14
1660534560,1795.60,28
1660534620,1795.54,22
1660534680,1795.41,22
1660534740,1795.44,16
1660534800,1794.79,86
1660534860,1794.28,85
1660534920,1794.28,148
1660534980,1794.06,85
1660535040,1794.80,82
1660535100,1794.84,78
1660535160,1795.04,46
1660535220,1795.04,64
1660535280,1794.98,32
1660535340,1794.90,40
1660535400,1795.08,36
1660535460,1795.10,18
1660535520,1795.00,12
1660535580,1795.30,24
1660535640,1795.38,36
1660535700,1795.22,30
1660535760,1795.43,38
1660535820,1795.54,12
1660535880,1795.50,22
1660535940,1795.43,34
1660536000,1795.45,24
1660536060,1795.38,32
1660536120,1794.97,30
1660536180,1794.86,46
1660536240,1794.78,22
1660536300,1794.70,52
1660536360,1794.74,36
1660536420,1794.80,40
1660536480,1794.73,32
1660536540,1794.84,12
1660536600,1794.55,38
1660536660,1794.63,40
1660536720,1794.35,42
1660536780,1794.22,46
1660536840,1794.31,32
1660536900,1794.43,28
1660536960,1794.22,20
1660537020,1794.32,12
1660537080,1794.28,30
1660537140,1794.38,22
1660537200,1794.20,26
1660537260,1794.16,14
1660537320,1794.23,18
1660537380,1794.14,30
1660537440,1794.34,38
1660537500,1794.26,22
1660537560,1794.50,16
1660537620,1794.36,36
1660537680,1794.22,18
1660537740,1793.88,22
1660537800,1794.51,44
1660537860,1794.52,26
1660537920,1794.31,41
1660537980,1794.20,43
1660538040,1794.38,60
1660538100,1794.10,36
1660538160,1794.26,48
1660538220,1794.26,54
1660538280,1794.31,36
1660538340,1794.44,40
1660538400,1794.06,40
1660538460,1793.90,32
1660538520,1793.96,48
1660538580,1793.82,42
1660538640,1793.91,44
1660538700,1794.06,34
1660538760,1793.92,8
1660538820,1793.79,8
1660538880,1793.78,14
1660538940,1793.82,12
1660539000,1793.70,24
1660539060,1793.70,12
1660539120,1793.88,16
1660539180,1793.88,10
1660539240,1794.14,14
1660539300,1794.56,34
1660539360,1794.41,25
1660539420,1794.40,16
1660539480,1794.56,36
1660539540,1794.54,20
1660539600,1794.60,22
1660539660,1794.48,54
1660539720,1794.40,86
1660539780,1794.32,38
1660539840,1794.36,34
1660539900,1794.34,74
1660539960,1794.40,40
1660540020,1794.24,42
1660540080,1793.94,52
1660540140,1793.92,42
1660540200,1793.70,74
1660540260,1793.90,80
1660540320,1793.92,72
1660540380,1793.91,50
1660540440,1793.98,46
1660540500,1793.95,46
1660540560,1794.08,36
1660540620,1794.12,60
1660540680,1794.09,14
1660540740,1793.94,20
1660540800,1793.76,56
1660540860,1793.46,74
1660540920,1793.42,32
1660540980,1792.96,66
1660541040,1792.34,114
1660541100,1792.81,111
1660541160,1793.15,61
1660541220,1793.02,69
1660541280,1792.98,56
1660541340,1792.88,33
1660541400,1792.82,135
1660541460,1792.84,48
1660541520,1792.86,82
1660541580,1792.74,26
1660541640,1792.54,92
1660541700,1793.06,72
1660541760,1792.66,64
1660541820,1792.78,58
1660541880,1792.96,26
1660541940,1793.16,38
1660542000,1793.18,32
1660542060,1793.18,46
1660542120,1793.02,40
1660542180,1793.10,40
1660542240,1793.12,36
1660542300,1793.38,102
1660542360,1793.62,76
1660542420,1793.38,68
1660542480,1793.52,20
1660542540,1793.46,44
1660542600,1793.36,36
1660542660,1792.72,48
1660542720,1792.74,36
1660542780,1792.68,86
1660542840,1792.64,62
1660542900,1792.38,84
1660542960,1792.64,96
1660543020,1792.94,90
1660543080,1792.65,70
1660543140,1792.38,78
1660543200,1792.28,140
1660543260,1792.43,110
1660543320,1792.52,116
1660543380,1792.76,106
1660543440,1793.00,94
1660543500,1792.98,126
1660543560,1792.75,60
1660543620,1792.84,100
1660543680,1792.74,74
1660543740,1792.61,90
1660543800,1792.05,106
1660543860,1792.27,80
1660543920,1791.98,112
1660543980,1791.74,102
1660544040,1792.01,80
1660544100,1792.23,122
1660544160,1792.19,96
1660544220,1792.18,56
1660544280,1792.42,74
1660544340,1792.58,56
1660544400,1792.36,66
1660544460,1792.60,78
1660544520,1792.70,80
1660544580,1792.26,84
1660544640,1791.84,76
1660544700,1792.30,140
1660544760,1792.29,100
1660544820,1791.88,90
1660544880,1791.75,88
1660544940,1791.92,136
1660545000,1792.18,224
1660545060,1791.76,144
1660545120,1791.88,136
1660545180,1791.96,72
1660545240,1791.92,120
1660545300,1791.94,134
1660545360,1792.12,128
1660545420,1791.98,122
1660545480,1791.76,125
1660545540,1791.74,113
1660545600,1792.02,81
1660545660,1792.02,98
1660545720,1791.84,96
1660545780,1792.18,71
1660545840,1791.93,71
1660545900,1791.88,77
1660545960,1792.03,83
1660546020,1792.04,73
1660546080,1792.12,50
1660546140,1792.12,76
1660546200,1791.96,70
1660546260,1792.18,86
1660546320,1792.06,96
1660546380,1791.81,66
1660546440,1792.02,53
1660546500,1792.28,76
1660546560,1792.06,90
1660546620,1791.64,110
1660546680,1791.64,96
1660546740,1791.68,90
1660546800,1791.12,162
1660546860,1791.22,94
1660546920,1791.80,136
1660546980,1791.80,152
1660547040,1791.82,106
1660547100,1790.98,118
1660547160,1790.78,134
1660547220,1790.30,159
1660547280,1790.10,164
1660547340,1789.86,188
1660547400,1790.00,162
1660547460,1790.14,168
1660547520,1789.86,90
1660547580,1789.66,114
1660547640,1789.72,130
1660547700,1788.87,176
1660547760,1787.94,172
1660547820,1788.18,122
1660547880,1788.75,138
1660547940,1788.60,141
1660548000,1788.56,162
1660548060,1788.12,112
1660548120,1787.68,148
1660548180,1788.22,144
1660548240,1788.75,146
1660548300,1788.96,128
1660548360,1788.96,102
1660548420,1789.08,104
1660548480,1789.76,157
1660548540,1789.12,108
1660548600,1789.44,122
1660548660,1789.42,113
1660548720,1788.88,132
1660548780,1789.28,112
1660548840,1789.19,90
1660548900,1789.33,122
1660548960,1789.00,105
1660549020,1788.52,122
1660549080,1788.10,149
1660549140,1788.44,125
1660549200,1788.24,146
1660549260,1788.30,128
1660549320,1788.32,116
1660549380,1787.80,104
1660549440,1788.14,89
1660549500,1787.72,119
1660549560,1788.10,101
1660549620,1787.76,119
1660549680,1787.38,168
1660549740,1787.60,146
1660549800,1786.72,185
1660549860,1786.40,122
1660549920,1786.30,154
1660549980,1786.36,132
1660550040,1786.75,126
1660550100,1787.00,132
1660550160,1787.39,154
1660550220,1787.08,148
1660550280,1787.00,128
1660550340,1786.96,87
1660550400,1787.16,166
1660550460,1787.62,152
1660550520,1787.10,126
1660550580,1786.96,100
1660550640,1787.16,115
1660550700,1787.27,136
1660550760,1787.98,180
1660550820,1787.94,153
1660550880,1787.44,131
1660550940,1787.34,94
1660551000,1787.38,108
1660551060,1787.46,120
1660551120,1787.58,122
1660551180,1787.31,86
1660551240,1787.78,132
1660551300,1787.80,167
1660551360,1787.72,93
1660551420,1787.42,90
1660551480,1786.96,140
1660551540,1786.94,132
1660551600,1786.66,154
1660551660,1786.32,113
1660551720,1786.32,94
1660551780,1786.33,105
1660551840,1786.30,106
1660551900,1786.28,145
1660551960,1786.06,134
1660552020,1786.18,90
1660552080,1786.28,92
1660552140,1786.54,164
1660552200,1786.37,140
1660552260,1786.84,164
1660552320,1787.08,164
1660552380,1786.64,127
1660552440,1786.69,126
1660552500,1787.04,102
1660552560,1787.24,108
1660552620,1786.38,153
1660552680,1786.39,106
1660552740,1786.34,92
1660552800,1786.23,132
1660552860,1786.12,130
1660552920,1786.47,182
1660552980,1786.48,118
1660553040,1786.32,122
1660553100,1785.99,150
1660553160,1785.62,172
1660553220,1784.90,224
1660553280,1784.18,238
1660553340,1784.32,219
1660553400,1784.01,188
1660553460,1783.14,229
1660553520,1782.55,279
1660553580,1783.82,242
1660553640,1784.34,210
1660553700,1784.20,175
1660553760,1783.56,213
1660553820,1782.98,165
1660553880,1782.96,176
1660553940,1783.56,110
1660554000,1783.61,149
1660554060,1783.52,130
1660554120,1783.60,117
1660554180,1783.56,107
1660554240,1783.26,148
1660554300,1783.82,122
1660554360,1783.74,132
1660554420,1783.80,122
1660554480,1783.76,111
1660554540,1783.96,94
1660554600,1783.82,119
1660554660,1783.55,138
1660554720,1784.02,133
1660554780,1783.95,142
1660554840,1784.18,128
1660554900,1784.20,168
1660554960,1783.34,147
1660555020,1783.82,172
1660555080,1783.94,159
1660555140,1783.72,198
1660555200,1783.20,137
1660555260,1782.92,169
1660555320,1782.58,184
1660555380,1782.52,134
1660555440,1782.66,132
1660555500,1782.38,133
1660555560,1782.31,104
1660555620,1782.08,135
1660555680,1782.08,221
1660555740,1782.60,180
1660555800,1782.06,159
1660555860,1781.60,128
1660555920,1780.56,190
1660555980,1781.33,202
1660556040,1781.48,163
1660556100,1781.22,149
1660556160,1780.92,180
1660556220,1781.22,142
1660556280,1781.26,109
1660556340,1781.55,81
1660556400,1781.47,130
1660556460,1781.31,132
1660556520,1780.90,148
1660556580,1780.65,110
1660556640,1780.46,133
1660556700,1780.01,161
1660556760,1780.35,114
1660556820,1780.02,130
1660556880,1779.87,160
1660556940,1779.81,147
1660557000,1779.87,91
1660557060,1780.50,173
1660557120,1780.58,140
1660557180,1779.78,137
1660557240,1779.33,174
1660557300,1778.06,208
1660557360,1777.80,159
1660557420,1778.72,168
1660557480,1779.64,146
1660557540,1779.57,103
1660557600,1780.10,187
1660557660,1780.26,227
1660557720,1780.22,172
1660557780,1780.25,166
1660557840,1780.80,170
1660557900,1780.78,160
1660557960,1780.10,144
1660558020,1779.20,148
1660558080,1778.60,125
1660558140,1778.46,131
1660558200,1777.62,175
1660558260,1777.08,183
1660558320,1776.04,229
1660558380,1777.40,181
1660558440,1777.31,148
1660558500,1777.31,146
1660558560,1777.62,125
1660558620,1777.26,126
1660558680,1777.00,119
1660558740,1776.84,108
1660558800,1775.98,154
1660558860,1776.17,191
1660558920,1775.34,225
1660558980,1775.08,158
1660559040,1775.76,180
1660559100,1776.51,228
1660559160,1776.58,166
1660559220,1776.00,135
1660559280,1775.60,164
1660559340,1775.44,147
1660559400,1775.78,180
1660559460,1775.92,166
1660559520,1776.10,155
1660559580,1776.14,69
1660559640,1776.14,98
1660559700,1776.34,93
1660559760,1776.32,111
1660559820,1776.04,104
1660559880,1776.27,121
1660559940,1776.44,71
1660560000,1776.46,82
1660560060,1776.45,94
1660560120,1776.16,101
1660560180,1776.40,124
1660560240,1776.52,128
1660560300,1776.40,143
1660560360,1776.92,115
1660560420,1777.18,142
1660560480,1776.88,131
1660560540,1777.18,145
1660560600,1778.39,177
1660560660,1778.40,150
1660560720,1778.21,80
1660560780,1778.20,113
1660560840,1778.12,94
1660560900,1778.02,87
1660560960,1778.38,131
1660561020,1778.46,126
1660561080,1778.38,92
1660561140,1778.38,88
1660561200,1777.12,176
1660561260,1777.70,160
1660561320,1777.84,138
1660561380,1778.02,170
1660561440,1777.92,114
1660561500,1778.04,136
1660561560,1777.68,120
1660561620,1778.01,103
1660561680,1777.72,133
1660561740,1777.84,114
1660561800,1777.32,168
1660561860,1777.30,118
1660561920,1777.18,112
1660561980,1776.82,118
1660562040,1777.32,136
1660562100,1777.78,116
1660562160,1777.22,144
1660562220,1776.88,154
1660562280,1776.52,142
1660562340,1775.66,150
1660562400,1776.34,144
1660562460,1776.36,114
1660562520,1776.58,114
1660562580,1776.50,94
1660562640,1776.04,98
1660562700,1776.12,121
1660562760,1775.67,124
1660562820,1775.38,170
1660562880,1775.22,137
1660562940,1775.86,145
1660563000,1774.84,142
1660563060,1774.57,162
1660563120,1774.65,133
1660563180,1773.96,186
1660563240,1773.84,124
1660563300,1774.11,222
1660563360,1773.56,189
1660563420,1773.41,180
1660563480,1773.41,142
1660563540,1774.38,142
1660563600,1774.35,118
1660563660,1774.45,129
1660563720,1774.16,150
1660563780,1773.80,146
1660563840,1773.14,145
1660563900,1774.00,190
1660563960,1774.79,178
1660564020,1775.50,201
1660564080,1775.58,155
1660564140,1774.72,195
1660564200,1774.72,158
1660564260,1774.64,192
1660564320,1774.62,137
1660564380,1774.06,182
1660564440,1775.44,179
1660564500,1775.81,173
1660564560,1775.42,170
1660564620,1775.62,166
1660564680,1775.72,142
1660564740,1775.12,164
1660564800,1774.74,196
1660564860,1774.62,194
1660564920,1773.82,234
1660564980,1774.75,176
1660565040,1774.95,128
1660565100,1774.91,156
1660565160,1773.96,166
1660565220,1774.39,130
1660565280,1774.45,172
1660565340,1773.88,161
1660565400,1774.54,170
1660565460,1774.77,146
1660565520,1774.41,118
1660565580,1775.06,140
1660565640,1775.62,179
1660565700,1775.08,221
1660565760,1773.80,178
1660565820,1773.60,194
1660565880,1774.18,185
1660565940,1775.49,259
1660566000,1777.84,299
1660566060,1778.20,299
1660566120,1779.88,309
1660566180,1781.30,291
1660566240,1782.54,345
1660566300,1784.20,362
1660566360,1783.26,310
1660566420,1783.02,213
1660566480,1783.99,246
1660566540,1783.74,329
1660566600,1785.56,410
1660566660,1783.58,314
1660566720,1783.42,294
1660566780,1782.56,252
1660566840,1782.00,296
1660566900,1781.06,284
1660566960,1782.20,246
1660567020,1781.18,222
1660567080,1781.32,247
1660567140,1780.88,208
1660567200,1780.74,254
1660567260,1780.74,260
1660567320,1780.46,227
1660567380,1780.40,205
1660567440,1780.34,210
1660567500,1779.76,209
1660567560,1777.79,262
1660567620,1776.54,318
1660567680,1776.27,309
1660567740,1776.38,256
1660567800,1776.42,286
1660567860,1776.38,242
1660567920,1777.42,272
1660567980,1777.88,196
1660568040,1778.34,184
1660568100,1779.54,272
1660568160,1780.46,261
1660568220,1781.16,252
1660568280,1781.06,242
1660568340,1780.00,244
1660568400,1779.14,335
1660568460,1778.25,286
1660568520,1777.92,300
1660568580,1777.94,228
1660568640,1777.78,244
1660568700,1778.06,277
1660568760,1778.62,245
1660568820,1778.74,233
1660568880,1779.30,232
1660568940,1779.56,224
1660569000,1779.62,222
1660569060,1779.62,204
1660569120,1779.84,186
1660569180,1780.76,184
1660569240,1781.09,246
1660569300,1780.72,220
1660569360,1781.36,182
1660569420,1781.46,208
1660569480,1781.04,218
1660569540,1779.94,178
1660569600,1779.78,180
1660569660,1780.50,192
1660569720,1781.74,238
1660569780,1781.79,225
1660569840,1781.66,160
1660569900,1782.66,243
1660569960,1782.16,176
1660570020,1782.00,172
1660570080,1781.42,222
1660570140,1781.62,256
1660570200,1781.14,324
1660570260,1781.22,268
1660570320,1781.10,252
1660570380,1780.82,210
1660570440,1780.20,232
1660570500,1780.40,263
1660570560,1779.62,251
1660570620,1779.44,225
1660570680,1779.68,224
1660570740,1778.92,248
1660570800,1778.70,276
1660570860,1778.74,222
1660570920,1778.24,232
1660570980,1778.34,250
1660571040,1777.29,229
1660571100,1777.10,312
1660571160,1777.48,234
1660571220,1778.14,218
1660571280,1777.96,215
1660571340,1777.60,252
1660571400,1778.32,240
1660571460,1777.39,226
1660571520,1777.68,252
1660571580,1776.80,255
1660571640,1777.01,182
1660571700,1776.66,246
1660571760,1776.69,218
1660571820,1776.19,226
1660571880,1777.12,238
1660571940,1777.86,223
1660572000,1776.26,265
1660572060,1777.74,253
1660572120,1777.60,227
1660572180,1777.82,201
1660572240,1778.14,182
1660572300,1777.62,180
1660572360,1777.02,194
1660572420,1777.38,183
1660572480,1777.24,184
1660572540,1777.71,196
1660572600,1777.30,178
1660572660,1777.72,166
1660572720,1777.36,164
1660572780,1776.69,189
1660572840,1776.16,194
1660572900,1777.19,185
1660572960,1776.72,211
1660573020,1777.22,175
1660573080,1776.79,184
1660573140,1776.92,172
1660573200,1777.20,207
1660573260,1776.78,200
1660573320,1777.21,166
1660573380,1776.53,141
1660573440,1776.33,195
1660573500,1776.50,187
1660573560,1776.61,161
1660573620,1776.06,162
1660573680,1776.32,160
1660573740,1776.70,195
1660573800,1777.20,170
1660573860,1777.54,210
1660573920,1777.34,241
1660573980,1777.34,195
1660574040,1777.19,191
1660574100,1777.14,164
1660574160,1776.81,180
1660574220,1775.88,172
1660574280,1775.96,204
1660574340,1776.36,180
1660574400,1776.76,176
1660574460,1776.20,136
1660574520,1777.19,169
1660574580,1777.53,183
1660574640,1777.50,171
1660574700,1778.46,222
1660574760,1778.62,185
1660574820,1779.09,173
1660574880,1778.80,158
1660574940,1778.78,209
1660575000,1778.99,170
1660575060,1778.75,193
1660575120,1778.60,170
1660575180,1778.46,163
1660575240,1778.24,156
1660575300,1778.12,154
1660575360,1778.42,170
1660575420,1778.60,172
1660575480,1779.08,188
1660575540,1779.08,192
1660575600,1779.48,221
1660575660,1779.86,217
1660575720,1779.48,155
1660575780,1779.02,193
1660575840,1778.76,160
1660575900,1779.13,142
1660575960,1778.28,153
1660576020,1778.09,128
1660576080,1777.88,139
1660576140,1777.97,172
1660576200,1778.66,138
1660576260,1778.63,140
1660576320,1778.87,127
1660576380,1779.04,117
1660576440,1778.66,186
1660576500,1778.50,146
1660576560,1779.13,146
1660576620,1779.12,168
1660576680,1779.32,153
1660576740,1779.52,131
1660576800,1779.32,163
1660576860,1779.25,138
1660576920,1779.30,161
1660576980,1778.87,134
1660577040,1778.66,148
1660577100,1779.18,158
1660577160,1779.49,168
1660577220,1779.70,128
1660577280,1779.89,184
1660577340,1779.66,201
1660577400,1779.54,195
1660577460,1780.22,154
1660577520,1780.40,113
1660577580,1780.72,176
1660577640,1780.69,160
1660577700,1780.98,164
1660577760,1780.76,154
1660577820,1780.76,154
1660577880,1781.00,170
1660577940,1781.22,173
1660578000,1780.64,146
1660578060,1780.29,138
1660578120,1779.83,148
1660578180,1779.88,136
1660578240,1779.53,130
1660578300,1779.60,116
1660578360,1779.70,138
1660578420,1779.80,126
1660578480,1779.99,128
1660578540,1779.84,128
1660578600,1780.24,149
1660578660,1780.16,156
1660578720,1780.27,132
1660578780,1780.34,136
1660578840,1780.31,145
1660578900,1780.62,150
1660578960,1780.68,182
1660579020,1780.60,131
1660579080,1780.54,105
1660579140,1780.81,104
1660579200,1780.09,182
1660579260,1780.17,170
1660579320,1780.60,148
1660579380,1780.62,128
1660579440,1780.30,108
1660579500,1780.24,116
1660579560,1780.00,130
1660579620,1780.13,94
1660579680,1779.58,98
1660579740,1779.28,128
1660579800,1779.60,176
1660579860,1779.73,164
1660579920,1779.84,130
1660579980,1779.92,114
1660580040,1780.02,118
1660580100,1780.22,114
1660580160,1780.12,124
1660580220,1779.94,114
1660580280,1779.62,96
1660580340,1779.19,146
1660580400,1779.24,138
1660580460,1779.62,146
1660580520,1779.47,136
1660580580,1779.81,110
1660580640,1779.88,116
1660580700,1779.84,152
1660580760,1779.64,121
1660580820,1779.42,96
1660580880,1779.54,105
1660580940,1779.68,78
1660581000,1779.86,138
1660581060,1780.04,99
1660581120,1779.84,88
1660581180,1780.06,96
1660581240,1780.54,132
1660581300,1780.41,144
1660581360,1780.35,138
1660581420,1780.58,84
1660581480,1780.46,132
1660581540,1780.46,58
1660581600,1780.54,86
1660581660,1780.70,76
1660581720,1780.80,106
1660581780,1781.24,111
1660581840,1781.27,84
1660581900,1781.30,124
1660581960,1781.45,112
1660582020,1781.54,105
1660582080,1781.48,145
1660582140,1781.18,126
1660582200,1781.06,107
1660582260,1781.64,100
1660582320,1781.98,110
1660582380,1781.92,109
1660582440,1782.11,118
1660582500,1782.32,125
1660582560,1782.37,97
1660582620,1782.34,122
1660582680,1782.88,181
1660582740,1782.75,134
1660582800,1782.94,112
1660582860,1783.49,140
1660582920,1783.67,156
1660582980,1783.38,178
1660583040,1783.43,84
1660583100,1783.40,110
1660583160,1783.59,127
1660583220,1784.00,119
1660583280,1783.80,130
1660583340,1783.76,93
1660583400,1783.86,80
1660583460,1783.82,95
1660583520,1783.81,116
1660583580,1783.94,161
1660583640,1783.96,134
1660583700,1783.70,164
1660583760,1783.48,136
1660583820,1783.64,114
1660583880,1783.24,84
1660583940,1782.84,150
1660584000,1783.06,146
1660584060,1782.47,114
1660584120,1782.26,98
1660584180,1782.18,120
1660584240,1781.90,120
1660584300,1782.11,165
1660584360,1782.08,96
1660584420,1782.20,96
1660584480,1782.82,161
1660584540,1782.66,253
1660584600,1782.67,137
1660584660,1782.00,126
1660584720,1781.59,112
1660584780,1781.54,118
1660584840,1781.66,80
1660584900,1781.70,91
1660584960,1781.97,80
1660585020,1781.93,86
1660585080,1781.41,107
1660585140,1781.30,66
1660585200,1780.92,87
1660585260,1780.91,131
1660585320,1781.22,94
1660585380,1781.04,90
1660585440,1781.34,80
1660585500,1781.18,59
1660585560,1781.34,135
1660585620,1781.53,110
1660585680,1781.31,101
1660585740,1780.84,93
1660585800,1780.86,139
1660585860,1780.74,74
1660585920,1780.54,86
1660585980,1780.80,82
1660586040,1781.12,118
1660586100,1780.98,122
1660586160,1781.04,84
1660586220,1780.64,74
1660586280,1780.44,58
1660586340,1780.18,94
1660586400,1780.20,92
1660586460,1779.96,104
1660586520,1779.84,62
1660586580,1779.24,60
1660586640,1778.88,94
1660586700,1778.86,116
1660586760,1779.06,106
1660586820,1779.00,84
1660586880,1778.54,112
1660586940,1777.81,128
1660587000,1778.01,104
1660587060,1778.54,88
1660587120,1778.38,72
1660587180,1778.40,86
1660587240,1778.42,68
1660587300,1778.16,91
1660587360,1777.84,78
1660587420,1777.84,128
1660587480,1777.85,72
1660587540,1777.86,68
1660587600,1777.82,64
1660587660,1777.76,68
1660587720,1777.90,74
1660587780,1778.48,82
1660587840,1778.33,60
1660587900,1778.53,84
1660587960,1778.54,68
1660588020,1778.74,92
1660588080,1778.88,102
1660588140,1779.06,86
1660588200,1779.05,86
1660588260,1779.11,54
1660588320,1779.14,33
1660588380,1778.77,99
1660588440,1778.18,80
1660588500,1777.94,68
1660588560,1777.86,72
1660588620,1777.84,73
1660588680,1777.67,44
1660588740,1777.83,75
1660588800,1777.81,100
1660588860,1777.80,110
1660588920,1777.78,60
1660588980,1777.81,93
1660589040,1778.01,71
1660589100,1778.00,102
1660589160,1778.34,82
1660589220,1778.88,100
1660589280,1779.03,48
1660589340,1778.60,78
1660589400,1778.20,105
1660589460,1778.08,45
1660589520,1778.23,52
1660589580,1778.36,92
1660589640,1777.96,51
1660589700,1778.54,86
1660589760,1778.18,102
1660589820,1778.34,68
1660589880,1778.74,99
1660589940,1778.73,148
1660590000,1779.30,120
1660590060,1779.29,58
1660590120,1779.36,60
1660590180,1779.54,42
1660590240,1779.58,34
1660590300,1779.46,56
1660590360,1779.14,62
1660590420,1779.30,62
1660590480,1779.00,68
1660590540,1778.83,62
1660590600,1778.80,34
1660590660,1779.04,68
1660590720,1779.14,56
1660590780,1779.20,72
1660590840,1779.26,82
1660590900,1779.50,62
1660590960,1779.28,54
1660591020,1779.26,62
1660591080,1779.49,84
1660591140,1779.08,58
1660591200,1778.86,72
1660591260,1779.29,84
1660591320,1779.80,78
1660591380,1780.04,115
1660591440,1780.30,124
1660591500,1780.40,56
1660591560,1780.32,68
1660591620,1780.40,56
1660591680,1780.40,62
1660591740,1780.48,46
1660591800,1780.77,78
1660591860,1780.60,48
1660591920,1780.70,54
1660591980,1780.62,82
1660592040,1780.77,76
1660592100,1780.78,60
1660592160,1780.70,76
1660592220,1780.46,66
1660592280,1780.17,102
1660592340,1780.37,62
1660592400,1780.20,56
1660592460,1780.22,50
1660592520,1780.01,74
1660592580,1779.97,76
1660592640,1779.86,88
1660592700,1779.82,104
1660592760,1779.68,94
1660592820,1779.34,96
1660592880,1779.16,90
1660592940,1779.34,76
1660593000,1778.88,138
1660593060,1779.00,84
1660593120,1778.76,108
1660593180,1779.23,92
1660593240,1779.17,94
1660593300,1779.33,104
1660593360,1779.22,114
1660593420,1779.11,63
1660593480,1778.77,120
1660593540,1778.99,152
1660593600,1779.34,150
1660593660,1779.64,106
1660593720,1779.88,74
1660593780,1779.94,38
1660593840,1780.32,82
1660593900,1780.36,46
1660593960,1780.21,66
1660594020,1779.90,66
1660594080,1779.69,40
1660594140,1779.72,44
1660594200,1779.98,54
1660594260,1779.70,30
1660594320,1779.92,52
1660594380,1779.79,36
1660594440,1779.72,60
1660594500,1779.69,16
1660594560,1779.52,32
1660594620,1779.30,32
1660594680,1779.31,34
1660594740,1779.42,16
1660594800,1779.43,42
1660594860,1779.50,14
1660594920,1779.34,16
1660594980,1779.30,10
1660595040,1779.14,12
1660595100,1779.24,20
1660595160,1779.22,14
1660595220,1779.22,12
1660595280,1779.13,8
1660595340,1779.20,20
1660595400,1779.20,36
1660595460,1779.00,16
1660595520,1779.08,30
1660595580,1779.08,20
1660595640,1778.94,20
1660595700,1778.88,20
1660595760,1778.89,40
1660595820,1779.00,28
1660595880,1779.04,16
1660595940,1779.08,32
1660596000,1779.08,56
1660596060,1778.96,22
1660596120,1779.04,14
1660596180,1779.06,30
1660596240,1778.98,16
1660596300,1778.94,32
1660596360,1778.94,30
1660596420,1779.04,26
1660596480,1779.20,28
1660596540,1778.96,56
1660596600,1779.00,32
1660596660,1778.96,28
1660596720,1778.84,44
1660596780,1778.64,66
1660596840,1778.80,54
1660596900,1779.16,69
1660596960,1779.16,39
1660600920,1779.67,52
1660600980,1779.43,35
1660601040,1779.38,39
1660601100,1779.13,35
1660601160,1778.90,18
1660601220,1778.95,27
1660601280,1779.09,20
1660601340,1779.10,14
1660601400,1779.09,22
1660601460,1779.00,12
1660601520,1778.88,10
1660601580,1779.04,29
1660601640,1778.88,19
1660601700,1779.15,39
1660601760,1779.22,27
1660601820,1779.46,33
1660601880,1779.43,67
1660601940,1779.21,15
1660602000,1779.14,22
1660602060,1779.36,13
1660602120,1779.17,7
1660602180,1779.27,14
1660602240,1779.37,23
1660602300,1779.20,29
1660602360,1779.10,35
1660602420,1779.02,34
1660602480,1779.20,16
1660602540,1779.20,34
1660602600,1779.16,52
1660602660,1779.06,40
1660602720,1779.00,46
1660602780,1779.20,42
1660602840,1779.15,40
1660602900,1779.26,54
1660602960,1779.16,78
1660603020,1779.04,62
1660603080,1779.14,64
1660603140,1778.92,64
1660603200,1778.92,42
1660603260,1778.95,30
1660603320,1778.81,58
1660603380,1778.83,30
1660603440,1778.92,26
1660603500,1778.90,30
1660603560,1778.76,34
1660603620,1778.72,10
1660603680,1778.74,28
1660603740,1778.76,30
1660603800,1778.88,6
1660603860,1778.92,20
1660603980,1778.88,20
1660604040,1778.91,30
1660604100,1778.68,18
1660604160,1778.62,18
1660604220,1778.72,8
1660604280,1778.69,12
1660604340,1778.52,10
1660604400,1778.62,32
1660604460,1778.56,18
1660604520,1778.76,18
1660604580,1778.51,40
1660604640,1778.54,22
1660604700,1778.68,32
1660604760,1779.26,82
1660604820,1779.20,38
1660604880,1779.26,72
1660604940,1779.27,36
1660605000,1779.27,28
1660605060,1779.03,28
1660605120,1779.08,18
1660605180,1778.91,24
1660605240,1779.10,34
1660605300,1779.39,34
1660605360,1779.40,24
1660605420,1778.90,26
1660605480,1778.92,56
1660605540,1778.82,12
1660605600,1778.68,58
1660605660,1778.72,40
1660605720,1778.70,68
1660605780,1778.68,42
1660605840,1778.68,54
1660605900,1778.71,14
1660605960,1778.83,32
1660606020,1778.92,18
1660606080,1779.10,10
1660606140,1779.39,26
1660606200,1779.42,28
1660606260,1779.28,34
1660606320,1779.15,24
1660606380,1779.34,28
1660606440,1779.24,30
1660606500,1779.24,26
1660606560,1779.18,16
1660606620,1779.11,22
1660606680,1779.48,16
1660606740,1779.47,58
1660606800,1779.38,12
1660606860,1778.95,30
1660606920,1778.51,40
1660606980,1778.22,98
1660607040,1778.17,98
1660607100,1778.44,90
1660607160,1778.24,56
1660607220,1778.42,26
1660607280,1778.51,24
1660607340,1778.50,22
1660607400,1778.62,36
1660607460,1778.64,28
1660607520,1778.48,46
1660607580,1778.64,60
1660607640,1778.64,22
1660607700,1778.60,22
1660607760,1778.60,16
1660607820,1778.44,24
1660607880,1778.44,8
1660607940,1778.56,18
1660608000,1778.47,60
1660608060,1778.46,42
1660608120,1777.98,52
1660608180,1777.98,34
1660608240,1778.20,64
1660608300,1777.88,56
1660608360,1778.04,54
1660608420,1778.04,42
1660608480,1778.40,50
1660608540,1778.37,60
1660608600,1778.63,48
1660608660,1778.48,28
1660608720,1778.54,50
1660608780,1778.56,42
1660608840,1778.72,28
1660608900,1778.66,56
1660608960,1778.80,38
1660609020,1778.81,58
1660609080,1778.70,54
1660609140,1778.76,40
1660609200,1778.60,62
1660609260,1778.44,50
1660609320,1778.56,28
1660609380,1778.28,51
1660609440,1778.80,52
1660609500,1778.80,40
1660609560,1778.50,52
1660609620,1778.30,40
1660609680,1778.42,24
1660609740,1778.32,36
1660609800,1778.55,66
1660609860,1779.02,41
1660609920,1779.36,43
1660609980,1779.22,72
1660610040,1779.27,34
1660610100,1779.40,58
1660610160,1779.56,77
1660610220,1779.26,78
1660610280,1778.70,80
1660610340,1778.94,78
1660610400,1778.89,62
1660610460,1778.91,74
1660610520,1779.00,70
1660610580,1778.93,36
1660610640,1778.86,66
1660610700,1778.78,76
1660610760,1778.58,64
1660610820,1778.66,38
1660610880,1778.57,50
1660610940,1778.58,70
1660611000,1779.00,76
1660611060,1778.73,60
1660611120,1778.50,68
1660611180,1778.02,90
1660611240,1778.00,118
1660611300,1777.82,118
1660611360,1777.80,94
1660611420,1777.73,80
1660611480,1777.86,46
1660611540,1777.74,44
1660611600,1777.49,158
1660611660,1778.32,186
1660611720,1778.32,108
1660611780,1777.94,124
1660611840,1777.72,98
1660611900,1777.42,100
1660611960,1777.32,124
1660612020,1777.37,86
1660612080,1777.41,155
1660612140,1777.52,110
1660612200,1777.24,134
1660612260,1777.29,106
1660612320,1777.26,102
1660612380,1777.44,116
1660612440,1777.70,67
1660612500,1777.68,110
1660612560,1777.26,142
1660612620,1777.54,134
1660612680,1777.45,78
1660612740,1777.30,74
1660612800,1777.00,116
1660612860,1777.14,104
1660612920,1777.06,88
1660612980,1777.03,76
1660613040,1777.04,88
1660613100,1777.16,72
1660613160,1777.08,78
1660613220,1777.12,60
1660613280,1777.16,80
1660613340,1777.20,50
1660613400,1777.38,86
1660613460,1778.16,150
1660613520,1778.03,100
1660613580,1778.30,100
1660613640,1778.59,128
1660613700,1778.52,140
1660613760,1778.98,172
1660613820,1779.48,108
1660613880,1778.94,164
1660613940,1779.55,104
1660614000,1779.67,102
1660614060,1780.08,137
1660614120,1780.40,142
1660614180,1780.34,136
1660614240,1779.92,116
1660614300,1779.79,94
1660614360,1779.66,67
1660614420,1779.26,47
1660614480,1778.96,72
1660614540,1778.74,66
1660614600,1778.92,82
1660614660,1778.45,98
1660614720,1778.73,78
1660614780,1778.76,82
1660614840,1778.60,70
1660614900,1778.78,86
1660614960,1779.11,58
1660615020,1779.45,76
1660615080,1779.47,78
1660615140,1779.54,84
1660615200,1780.02,118
1660615260,1780.28,94
1660615320,1780.56,55
1660615380,1780.92,118
1660615440,1780.82,60
1660615500,1780.98,54
1660615560,1781.62,120
1660615620,1782.04,124
1660615680,1781.78,78
1660615740,1781.70,68
1660615800,1782.20,86
1660615860,1782.32,82
1660615920,1782.24,116
1660615980,1782.44,112
1660616040,1782.30,110
1660616100,1782.34,86
1660616160,1782.42,80
1660616220,1782.30,88
1660616280,1781.91,72
1660616340,1781.68,68
1660616400,1781.78,44
1660616460,1781.72,76
1660616520,1782.50,80
1660616580,1782.51,102
1660616640,1782.22,70
1660616700,1782.13,79
1660616760,1781.78,53
1660616820,1781.42,62
1660616880,1781.34,61
1660616940,1781.47,44
1660617000,1781.80,130
1660617060,1781.56,96
1660617120,1781.57,108
1660617180,1781.52,94
1660617240,1781.34,72
1660617300,1781.42,54
1660617360,1781.37,50
1660617420,1781.38,52
1660617480,1781.46,36
1660617540,1781.66,42
1660617600,1781.54,34
1660617660,1781.34,60
1660617720,1781.36,40
1660617780,1781.37,66
1660617840,1781.67,62
1660617900,1781.74,66
1660617960,1781.52,70
1660618020,1781.32,60
1660618080,1781.10,92
1660618140,1781.14,64
1660618200,1781.40,74
1660618260,1781.23,70
1660618320,1781.16,62
1660618380,1781.45,68
1660618440,1781.56,68
1660618500,1781.86,100
1660618560,1781.68,78
1660618620,1782.00,90
1660618680,1782.32,50
1660618740,1782.56,34
1660618800,1782.22,124
1660618860,1782.22,62
1660618920,1782.77,90
1660618980,1783.08,70
1660619040,1782.62,50
1660619100,1782.54,100
1660619160,1782.58,50
1660619220,1782.36,68
1660619280,1782.24,80
1660619340,1782.13,66
1660619400,1782.02,52
1660619460,1782.04,76
1660619520,1782.15,48
1660619580,1782.33,58
1660619640,1782.08,62
1660619700,1782.19,56
1660619760,1782.26,80
1660619820,1782.42,50
1660619880,1782.04,40
1660619940,1782.02,56
1660620000,1782.04,48
1660620060,1781.81,62
1660620120,1781.96,64
1660620180,1781.78,40
1660620240,1781.89,20
1660620300,1781.82,32
1660620360,1781.87,28
1660620420,1782.08,28
1660620480,1782.04,42
1660620540,1782.00,22
1660620600,1782.16,44
1660620660,1782.14,40
1660620720,1782.24,48
1660620780,1782.31,36
1660620840,1782.57,42
1660620900,1782.53,58
1660620960,1782.46,38
1660621020,1782.03,40
1660621080,1782.00,24
1660621140,1782.02,40
1660621200,1782.10,16
1660621260,1782.18,42
1660621320,1782.13,42
1660621380,1782.11,42
1660621440,1782.05,50
1660621500,1782.08,32
1660621560,1782.08,52
1660621620,1781.94,16
1660621680,1781.67,44
1660621740,1781.72,18
1660621800,1781.59,32
1660621860,1781.62,26
1660621920,1781.88,44
1660621980,1781.74,14
1660622040,1781.72,32
1660622100,1781.65,16
1660622160,1781.60,13
1660622220,1781.62,22
1660622280,1781.48,16
1660622340,1781.32,30
1660622400,1781.54,40
1660622460,1781.49,26
1660622520,1781.40,26
1660622580,1781.45,46
1660622640,1781.38,26
1660622700,1781.30,14
1660622760,1781.29,28
1660622820,1781.50,32
1660622880,1781.41,26
1660622940,1781.42,24
1660623000,1781.50,44
1660623060,1781.28,22
1660623120,1781.29,24
1660623180,1781.31,28
1660623240,1781.22,22
1660623300,1781.25,40
1660623360,1781.28,22
1660623420,1781.12,38
1660623480,1781.14,56
1660623540,1781.02,34
1660623600,1780.94,24
1660623660,1780.87,54
1660623720,1781.07,48
1660623780,1781.17,14
1660623840,1781.02,12
1660623900,1781.04,10
1660623960,1781.02,12
1660624020,1781.08,26
1660624080,1781.10,34
1660624140,1781.19,22
1660624200,1781.24,28
1660624260,1780.85,22
1660624320,1780.78,14
1660624380,1780.87,22
1660624440,1780.86,24
1660624500,1781.15,30
1660624560,1781.16,22
1660624620,1781.14,22
1660624680,1781.22,18
1660624740,1781.52,44
1660624800,1781.61,40
1660624860,1781.56,20
1660624920,1781.44,32
1660624980,1781.63,28
1660625040,1781.70,44
1660625100,1781.58,58
1660625160,1781.64,22
1660625220,1781.75,34
1660625280,1781.90,46
1660625340,1781.82,44
1660625400,1781.94,28
1660625460,1782.02,24
1660625520,1781.94,32
1660625580,1781.92,22
1660625640,1781.96,46
1660625700,1782.10,36
1660625760,1781.96,50
1660625820,1782.02,24
1660625880,1782.07,28
1660625940,1782.06,30
1660626000,1781.94,16
1660626060,1781.84,16
1660626120,1781.84,42
1660626180,1781.71,8
1660626240,1781.25,50
1660626300,1781.17,22
1660626360,1781.04,73
1660626420,1781.13,31
1660626480,1781.44,31
1660626540,1781.41,46
1660626600,1781.28,42
1660626660,1780.98,26
1660626720,1780.86,36
1660626780,1780.95,42
1660626840,1780.84,40
1660626900,1780.61,48
1660626960,1780.70,48
1660627020,1780.62,42
1660627080,1780.57,20
1660627140,1780.60,33
1660627200,1780.81,48
1660627260,1781.00,55
1660627320,1781.22,20
1660627380,1781.03,14
1660627440,1781.01,26
1660627500,1781.07,25
1660627560,1780.95,26
1660627620,1781.36,25
1660627680,1781.02,14
1660627740,1780.93,14
1660627800,1780.94,132
1660627860,1781.12,82
1660627920,1781.29,70
1660627980,1781.23,76
1660628040,1781.16,84
1660628100,1781.12,74
1660628160,1780.82,50
1660628220,1780.65,80
1660628280,1780.70,58
1660628340,1780.98,60
1660628400,1780.98,34
1660628460,1780.98,40
1660628520,1781.09,34
1660628580,1781.18,48
1660628640,1780.99,36
1660628700,1781.20,30
1660628760,1781.16,40
1660628820,1781.49,42
1660628880,1781.58,64
1660628940,1782.01,56
1660629000,1782.03,38
1660629060,1782.01,38
1660629120,1782.05,42
1660629180,1782.20,62
1660629240,1782.14,52
1660629300,1781.86,52
1660629360,1781.56,40
1660629420,1781.64,24
1660629480,1781.66,30
1660629540,1781.66,52
1660629600,1781.56,122
1660629660,1780.96,104
1660629720,1780.83,76
1660629780,1781.10,70
1660629840,1781.60,78
1660629900,1781.56,72
1660629960,1781.45,68
1660630020,1781.66,56
1660630080,1781.80,76
1660630140,1782.06,104
1660630200,1781.88,111
1660630260,1781.68,80
1660630320,1781.66,56
1660630380,1781.98,82
1660630440,1781.76,82
1660630500,1781.44,98
1660630560,1781.25,106
1660630620,1781.24,80
1660630680,1781.17,54
1660630740,1781.26,84
1660630800,1780.86,90
1660630860,1780.82,62
1660630920,1780.76,74
1660630980,1780.36,120
1660631040,1779.97,80
1660631100,1779.91,131
1660631160,1779.68,96
1660631220,1780.28,120
1660631280,1780.48,127
1660631340,1780.32,82
1660631400,1780.54,112
1660631460,1780.34,82
1660631520,1780.18,114
1660631580,1780.12,83
1660631640,1780.04,134
1660631700,1780.14,94
1660631760,1780.10,76
1660631820,1780.40,116
1660631880,1780.42,90
1660631940,1780.54,86
1660632000,1780.48,66
1660632060,1780.32,80
1660632120,1780.22,120
1660632180,1780.50,120
1660632240,1780.24,96
1660632300,1779.88,122
1660632360,1780.61,138
1660632420,1780.66,123
1660632480,1779.96,76
1660632540,1779.92,104
1660632600,1780.18,105
1660632660,1780.08,132
1660632720,1780.27,138
1660632780,1780.24,98
1660632840,1780.12,66
1660632900,1780.28,94
1660632960,1781.05,158
1660633020,1780.96,106
1660633080,1780.70,118
1660633140,1780.56,120
1660633200,1780.44,154
1660633260,1780.16,148
1660633320,1779.64,122
1660633380,1779.64,120
1660633440,1779.24,194
1660633500,1779.34,150
1660633560,1779.40,146
1660633620,1778.85,164
1660633680,1778.90,160
1660633740,1778.68,160
1660633800,1778.44,146
1660633860,1778.51,130
1660633920,1778.64,130
1660633980,1778.94,110
1660634040,1779.23,160
1660634100,1778.42,134
1660634160,1778.92,116
1660634220,1778.32,120
1660634280,1778.72,84
1660634340,1778.18,110
1660634400,1778.78,128
1660634460,1778.68,118
1660634520,1777.82,156
1660634580,1777.72,130
1660634640,1778.20,152
1660634700,1777.78,106
1660634760,1777.37,127
1660634820,1777.80,120
1660634880,1777.81,132
1660634940,1777.77,104
1660635000,1777.70,135
1660635060,1778.22,164
1660635120,1777.96,138
1660635180,1777.80,108
1660635240,1777.77,102
1660635300,1777.54,98
1660635360,1777.78,130
1660635420,1777.42,116
1660635480,1777.72,107
1660635540,1777.76,142
1660635600,1777.68,141
1660635660,1777.06,128
1660635720,1777.22,116
1660635780,1777.22,86
1660635840,1777.00,96
1660635900,1777.14,96
1660635960,1778.18,150
1660636020,1778.64,117
1660636080,1778.45,130
1660636140,1778.80,139
1660636200,1778.54,93
1660636260,1777.86,106
1660636320,1777.86,110
1660636380,1777.96,114
1660636440,1778.04,95
1660636500,1778.10,133
1660636560,1778.19,80
1660636620,1777.52,115
1660636680,1776.84,170
1660636740,1776.02,139
1660636800,1775.09,163
1660636860,1775.38,125
1660636920,1774.53,170
1660636980,1775.00,158
1660637040,1775.04,134
1660637100,1775.05,121
1660637160,1775.66,117
1660637220,1775.88,121
1660637280,1775.66,86
1660637340,1775.11,130
1660637400,1774.54,132
1660637460,1774.88,171
1660637520,1774.24,171
1660637580,1774.80,160
1660637640,1774.92,103
1660637700,1774.70,146
1660637760,1774.75,123
1660637820,1774.62,134
1660637880,1774.40,102
1660637940,1774.46,118
1660638000,1774.30,100
1660638060,1774.42,112
1660638120,1774.53,109
1660638180,1774.74,109
1660638240,1775.68,165
1660638300,1775.90,195
1660638360,1776.18,144
1660638420,1776.01,125
1660638480,1775.40,110
1660638540,1775.18,149
1660638600,1776.14,148
1660638660,1776.04,139
1660638720,1775.24,172
1660638780,1774.36,138
1660638840,1774.74,117
1660638900,1774.68,144
1660638960,1774.82,153
1660639020,1775.13,98
1660639080,1775.62,104
1660639140,1776.22,142
1660639200,1776.90,154
1660639260,1776.80,113
1660639320,1775.94,110
1660639380,1775.84,104
1660639440,1775.41,108
1660639500,1775.10,102
1660639560,1775.56,90
1660639620,1775.46,124
1660639680,1775.47,119
1660639740,1775.50,107
1660639800,1775.28,103
1660639860,1775.18,78
1660639920,1774.82,85
1660639980,1775.04,118
1660640040,1775.18,90
1660640100,1775.08,160
1660640160,1775.48,81
1660640220,1774.88,104
1660640280,1775.06,136
1660640340,1775.50,132
1660640400,1775.66,169
1660640460,1775.56,146
1660640520,1776.32,141
1660640580,1776.44,118
1660640640,1776.28,90
1660640700,1776.14,120
1660640760,1775.62,84
1660640820,1775.26,120
1660640880,1775.25,114
1660640940,1775.28,110
1660641000,1775.22,126
1660641060,1775.48,134
1660641120,1775.30,92
1660641180,1775.36,121
1660641240,1775.36,109
1660641300,1775.46,118
1660641360,1776.14,94
1660641420,1777.01,137
1660641480,1776.73,136
1660641540,1776.82,70
1660641600,1776.78,122
1660641660,1776.97,89
1660641720,1776.77,64
1660641780,1776.36,129
1660641840,1776.34,88
1660641900,1776.08,92
1660641960,1776.21,138
1660642020,1776.31,94
1660642080,1776.26,103
1660642140,1775.27,129
1660642200,1775.90,173
1660642260,1775.65,140
1660642320,1775.54,122
1660642380,1775.61,107
1660642440,1775.52,96
1660642500,1775.53,106
1660642560,1775.69,116
1660642620,1775.50,108
1660642680,1775.88,133
1660642740,1776.06,75
1660642800,1776.06,96
1660642860,1775.82,98
1660642920,1775.62,98
1660642980,1775.80,96
1660643040,1775.82,110
1660643100,1775.56,84
1660643160,1775.57,97
1660643220,1775.74,94
1660643280,1776.39,108
1660643340,1775.98,100
1660643400,1776.09,92
1660643460,1776.04,70
1660643520,1775.90,108
1660643580,1776.22,77
1660643640,1776.42,62
1660643700,1776.36,72
1660643760,1776.26,94
1660643820,1776.30,54
1660643880,1776.14,64
1660643940,1775.76,100
1660644000,1775.90,140
1660644060,1775.66,110
1660644120,1775.84,85
1660644180,1776.39,118
1660644240,1776.12,106
1660644300,1775.86,105
1660644360,1776.25,95
1660644420,1776.20,78
1660644480,1776.22,78
1660644540,1777.18,106
1660644600,1777.02,126
1660644660,1777.32,90
1660644720,1776.72,89
1660644780,1776.63,53
1660644840,1776.68,78
1660644900,1776.32,124
1660644960,1776.10,70
1660645020,1776.02,72
1660645080,1775.56,108
1660645140,1775.54,68
1660645200,1775.26,75
1660645260,1775.17,75
1660645320,1775.44,86
1660645380,1775.60,75
1660645440,1775.54,96
1660645500,1775.22,78
1660645560,1774.80,86
1660645620,1774.34,93
1660645680,1774.56,138
1660645740,1774.44,80
1660645800,1774.26,116
1660645860,1774.46,115
1660645920,1774.42,119
1660645980,1774.78,107
1660646040,1775.02,68
1660646100,1774.58,56
1660646160,1774.90,102
1660646220,1774.72,109
1660646280,1775.14,98
1660646340,1775.07,74
1660646400,1775.14,64
1660646460,1775.81,89
1660646520,1775.76,103
1660646580,1775.84,98
1660646640,1775.92,92
1660646700,1775.74,87
1660646760,1775.74,80
1660646820,1775.66,100
1660646880,1776.00,104
1660646940,1776.16,81
1660647000,1776.66,82
1660647060,1776.98,123
1660647120,1777.32,90
1660647180,1777.22,115
1660647240,1777.46,108
1660647300,1777.28,124
1660647360,1777.52,109
1660647420,1777.64,148
1660647480,1777.79,122
1660647540,1777.67,111
1660647600,1777.48,160
1660647660,1776.82,122
1660647720,1776.74,144
1660647780,1776.45,146
1660647840,1776.56,134
1660647900,1776.44,144
1660647960,1775.82,130
1660648020,1775.86,100
1660648080,1776.00,133
1660648140,1776.12,96
1660648200,1775.94,92
1660648260,1775.90,76
1660648320,1775.80,94
1660648380,1775.76,86
1660648440,1775.58,116
1660648500,1775.68,100
1660648560,1775.86,80
1660648620,1775.74,72
1660648680,1775.85,119
1660648740,1776.28,81
1660648800,1776.48,77
1660648860,1777.00,116
1660648920,1776.61,98
1660648980,1776.84,84
1660649040,1776.78,73
1660649100,1776.64,111
1660649160,1777.10,89
1660649220,1777.02,76
1660649280,1777.12,42
1660649340,1777.10,108
1660649400,1776.70,129
1660649460,1776.73,164
1660649520,1776.83,105
1660649580,1777.12,121
1660649640,1777.06,111
1660649700,1776.81,112
1660649760,1776.84,107
1660649820,1776.42,143
1660649880,1776.44,112
1660649940,1776.68,68
1660650000,1776.02,142
1660650060,1776.30,137
1660650120,1775.98,118
1660650180,1776.02,96
1660650240,1775.76,115
1660650300,1775.54,120
1660650360,1775.54,82
1660650420,1775.69,127
1660650480,1775.64,110
1660650540,1775.67,82
1660650600,1775.70,85
1660650660,1775.60,68
1660650720,1775.50,102
1660650780,1775.52,90
1660650840,1776.20,99
1660650900,1775.92,104
1660650960,1775.94,106
1660651020,1776.02,82
1660651080,1776.02,88
1660651140,1776.02,92
1660651200,1775.96,138
1660651260,1775.76,106
1660651320,1775.54,128
1660651380,1776.32,152
1660651440,1776.32,92
1660651500,1776.40,148
1660651560,1776.54,98
1660651620,1776.49,114
1660651680,1776.59,134
1660651740,1776.96,92
1660651800,1777.08,138
1660651860,1777.68,138
1660651920,1778.15,120
1660651980,1778.26,140
1660652040,1778.00,159
1660652100,1778.08,126
1660652160,1778.47,94
1660652220,1778.37,98
1660652280,1778.42,142
1660652340,1777.53,116
1660652400,1777.54,189
1660652460,1777.18,150
1660652520,1776.62,117
1660652580,1775.84,149
1660652640,1774.72,257
1660652700,1775.24,234
1660652760,1776.42,205
1660652820,1776.28,160
1660652880,1775.98,162
1660652940,1776.34,143
1660653000,1775.25,260
1660653060,1773.94,236
1660653120,1771.70,359
1660653180,1774.94,332
1660653240,1774.30,314
1660653300,1775.47,250
1660653360,1775.46,219
1660653420,1775.46,184
1660653480,1774.32,257
1660653540,1773.90,251
1660653600,1773.94,196
1660653660,1775.24,235
1660653720,1775.00,218
1660653780,1775.64,228
1660653840,1775.23,242
1660653900,1775.70,195
1660653960,1774.98,179
1660654020,1774.62,133
1660654080,1773.82,204
1660654140,1773.86,213
1660654200,1772.53,233
1660654260,1773.58,209
1660654320,1773.58,227
1660654380,1773.85,156
1660654440,1773.00,178
1660654500,1772.88,175
1660654560,1773.08,157
1660654620,1773.35,138
1660654680,1772.86,148
1660654740,1771.81,208
1660654800,1773.86,316
1660654860,1774.16,261
1660654920,1774.62,269
1660654980,1774.77,198
1660655040,1774.54,280
1660655100,1775.32,254
1660655160,1775.03,222
1660655220,1775.22,198
1660655280,1775.10,150
1660655340,1774.77,178
1660655400,1774.34,208
1660655460,1774.44,163
1660655520,1774.72,177
1660655580,1774.74,224
1660655640,1774.76,161
1660655700,1775.40,210
1660655760,1776.32,295
1660655820,1775.90,219
1660655880,1775.62,157
1660655940,1776.12,176
1660656000,1775.80,199
1660656060,1775.55,162
1660656120,1775.36,168
1660656180,1776.05,169
1660656240,1775.12,200
1660656300,1775.30,209
1660656360,1774.98,187
1660656420,1775.50,155
1660656480,1774.88,152
1660656540,1774.50,146
1660656600,1775.14,214
1660656660,1774.98,263
1660656720,1775.50,260
1660656780,1775.00,263
1660656840,1777.29,265
1660656900,1776.13,258
1660656960,1776.27,264
1660657020,1776.62,224
1660657080,1776.18,244
1660657140,1776.82,232
1660657200,1777.26,289
1660657260,1776.73,272
1660657320,1777.18,268
1660657380,1776.40,265
1660657440,1775.59,254
1660657500,1774.74,322
1660657560,1775.28,268
1660657620,1775.28,218
1660657680,1775.05,224
1660657740,1775.22,246
1660657800,1775.36,226
1660657860,1775.18,228
1660657920,1775.32,221
1660657980,1774.72,234
1660658040,1775.10,236
1660658100,1774.50,244
1660658160,1774.42,199
1660658220,1774.76,240
1660658280,1775.22,237
1660658340,1775.74,276
1660658400,1776.52,284
1660658460,1775.42,305
1660658520,1774.65,270
1660658580,1774.65,270
1660658640,1774.80,228
1660658700,1775.28,197
1660658760,1776.74,250
1660658820,1776.14,238
1660658880,1775.40,255
1660658940,1774.78,270
1660659000,1774.24,246
1660659060,1774.58,239
1660659120,1774.73,184
1660659180,1774.58,189
1660659240,1774.80,198
1660659300,1775.99,192
1660659360,1775.50,212
1660659420,1776.22,184
1660659480,1776.22,166
1660659540,1776.44,184
1660659600,1776.34,217
1660659660,1777.41,236
1660659720,1776.78,209
1660659780,1777.69,221
1660659840,1776.90,204
1660659900,1776.52,212
1660659960,1776.96,186
1660660020,1776.51,198
1660660080,1776.28,188
1660660140,1777.04,209
1660660200,1777.60,237
1660660260,1777.90,234
1660660320,1776.62,198
1660660380,1776.41,165
1660660440,1776.42,169
1660660500,1777.09,195
1660660560,1777.22,164
1660660620,1777.34,182
1660660680,1777.34,158
1660660740,1776.76,242
1660660800,1777.26,168
1660660860,1777.90,140
1660660920,1777.92,180
1660660980,1777.94,164
1660661040,1777.46,237
1660661100,1777.44,239
1660661160,1777.81,172
1660661220,1777.62,165
1660661280,1778.40,166
1660661340,1778.29,184
1660661400,1778.18,205
1660661460,1777.82,202
1660661520,1777.44,197
1660661580,1777.34,196
1660661640,1777.31,178
1660661700,1776.90,179
1660661760,1776.30,187
1660661820,1776.52,193
1660661880,1776.48,177
1660661940,1775.91,173
1660662000,1776.58,192
1660662060,1777.02,214
1660662120,1776.68,168
1660662180,1777.28,177
1660662240,1777.42,190
1660662300,1777.44,176
1660662360,1776.94,152
1660662420,1777.40,158
1660662480,1777.30,126
1660662540,1776.84,214
1660662600,1776.36,230
1660662660,1776.20,188
1660662720,1776.88,162
1660662780,1777.26,168
1660662840,1777.28,156
1660662900,1776.99,190
1660662960,1776.40,142
1660663020,1776.57,122
1660663080,1776.40,145
1660663140,1775.69,168
1660663200,1775.20,214
1660663260,1775.35,178
1660663320,1775.11,150
1660663380,1774.98,169
1660663440,1774.84,160
1660663500,1774.70,171
1660663560,1774.76,149
1660663620,1775.48,205
1660663680,1774.82,146
1660663740,1774.80,159
1660663800,1774.62,173
1660663860,1774.86,148
1660663920,1774.98,164
1660663980,1774.94,136
1660664040,1774.70,154
1660664100,1774.88,140
1660664160,1775.00,122
1660664220,1775.06,108
1660664280,1774.96,121
1660664340,1774.76,106
1660664400,1774.93,110
1660664460,1774.68,142
1660664520,1775.03,118
1660664580,1774.99,120
1660664640,1774.76,102
1660664700,1774.74,131
1660664760,1774.36,163
1660664820,1774.06,135
1660664880,1774.38,116
1660664940,1774.67,123
1660665000,1774.66,140
1660665060,1774.57,139
1660665120,1774.35,120
1660665180,1773.84,164
1660665240,1773.91,156
1660665300,1774.30,147
1660665360,1774.80,156
1660665420,1774.46,115
1660665480,1774.24,118
1660665540,1774.36,123
1660665600,1774.25,143
1660665660,1773.61,143
1660665720,1773.45,136
1660665780,1773.15,146
1660665840,1773.00,128
1660665900,1773.80,102
1660665960,1773.32,112
1660666020,1773.10,100
1660666080,1773.06,98
1660666140,1773.10,112
1660666200,1773.26,122
1660666260,1773.42,100
1660666320,1773.48,74
1660666380,1773.46,88
1660666440,1773.58,84
1660666500,1773.68,70
1660666560,1773.61,62
1660666620,1773.56,110
1660666680,1773.80,90
1660666740,1773.96,88
1660666800,1774.58,150
1660666860,1774.90,98
1660666920,1774.84,88
1660666980,1775.50,127
1660667040,1775.54,82
1660667100,1775.76,97
1660667160,1775.82,97
1660667220,1775.98,93
1660667280,1775.98,74
1660667340,1776.02,104
1660667400,1775.49,95
1660667460,1775.73,96
1660667520,1775.50,89
1660667580,1775.31,62
1660667640,1775.40,68
1660667700,1775.68,90
1660667760,1775.68,94
1660667820,1775.82,63
1660667880,1776.06,106
1660667940,1776.02,88
1660668000,1776.38,68
1660668060,1776.28,76
1660668120,1776.76,86
1660668180,1776.76,86
1660668240,1776.88,122
1660668300,1776.84,111
1660668360,1776.45,76
1660668420,1776.77,112
1660668480,1776.61,104
1660668540,1776.16,72
1660668600,1776.43,87
1660668660,1776.43,80
1660668720,1776.36,75
1660668780,1776.59,74
1660668840,1776.46,77
1660668900,1776.44,80
1660668960,1776.44,72
1660669020,1776.34,59
1660669080,1776.35,86
1660669140,1776.28,113
1660669200,1776.22,105
1660669260,1776.30,102
1660669320,1776.20,54
1660669380,1776.23,102
1660669440,1776.41,50
1660669500,1776.48,83
1660669560,1776.30,32
1660669620,1776.86,37
1660669680,1776.66,58
1660669740,1776.60,58
1660669800,1776.38,68
1660669860,1776.12,62
1660669920,1776.12,62
1660669980,1775.69,107
1660670040,1775.62,114
1660670100,1775.99,113
1660670160,1775.68,106
1660670220,1775.55,77
1660670280,1775.42,85
1660670340,1775.56,70
1660670400,1775.57,106
1660670460,1775.39,72
1660670520,1775.52,90
1660670580,1775.32,114
1660670640,1775.63,142
1660670700,1775.69,102
1660670760,1775.22,87
1660670820,1775.12,83
1660670880,1774.92,98
1660670940,1774.96,198
1660671000,1774.76,104
1660671060,1774.78,112
1660671120,1774.75,104
1660671180,1774.22,106
1660671240,1774.22,72
1660671300,1774.02,106
1660671360,1774.44,91
1660671420,1774.99,107
1660671480,1775.07,92
1660671540,1774.88,67
1660671600,1774.98,77
1660671660,1775.08,66
1660671720,1775.60,62
1660671780,1775.38,50
1660671840,1775.47,52
1660671900,1775.76,69
1660671960,1776.10,59
1660672020,1776.27,76
1660672080,1776.52,97
1660672140,1776.88,92
1660672200,1776.60,86
1660672260,1776.49,88
1660672320,1776.82,127
1660672380,1776.92,77
1660672440,1776.67,60
1660672500,1776.49,84
1660672560,1776.55,61
1660672620,1776.50,53
1660672680,1776.63,49
1660672740,1776.38,89
1660672800,1776.14,70
1660672860,1776.00,80
1660672920,1776.10,114
1660672980,1775.98,96
1660673040,1775.98,54
1660673100,1776.10,75
1660673160,1776.51,98
1660673220,1776.49,88
1660673280,1776.38,77
1660673340,1776.38,63
1660673400,1776.62,92
1660673460,1776.66,67
1660673520,1776.59,90
1660673580,1776.82,84
1660673640,1776.84,98
1660673700,1776.86,96
1660673760,1777.02,76
1660673820,1777.11,90
1660673880,1777.02,70
1660673940,1776.60,61
1660674000,1776.45,77
1660674060,1776.58,70
1660674120,1776.70,57
1660674180,1776.82,61
1660674240,1776.46,72
1660674300,1776.32,52
1660674360,1776.28,88
1660674420,1776.66,62
1660674480,1776.63,86
1660674540,1776.48,76
1660674600,1776.46,64
1660674660,1776.67,64
1660674720,1776.96,78
1660674780,1776.98,62
1660674840,1776.58,88
1660674900,1776.10,102
1660674960,1776.15,72
1660675020,1775.96,102
1660675080,1775.70,93
1660675140,1775.98,102
1660675200,1775.70,65
1660675260,1775.50,120
1660675320,1775.86,80
1660675380,1775.74,68
1660675440,1775.52,84
1660675500,1775.42,84
1660675560,1775.20,112
1660675620,1775.20,128
1660675680,1775.10,107
1660675740,1775.02,123
1660675800,1775.20,90
1660675860,1775.24,80
1660675920,1775.45,98
1660675980,1775.86,82
1660676040,1775.78,76
1660676100,1776.31,94
1660676160,1776.86,100
1660676220,1776.91,38
1660676280,1776.88,124
1660676340,1777.08,140
1660676400,1776.42,120
1660676460,1776.82,88
1660676520,1776.58,82
1660676580,1776.50,78
1660676640,1776.68,60
1660676700,1776.86,86
1660676760,1777.06,68
1660676820,1777.02,74
1660676880,1777.04,60
1660676940,1777.10,66
1660677000,1777.00,80
1660677060,1777.00,66
1660677120,1776.88,88
1660677180,1776.86,86
1660677240,1777.00,79
1660677300,1776.58,117
1660677360,1777.16,102
1660677420,1777.20,82
1660677480,1777.16,64
1660677540,1777.12,66
1660677600,1777.12,100
1660677660,1777.12,74
1660677720,1777.12,86
1660677780,1776.72,110
1660677840,1776.66,58
1660677900,1776.50,54
1660677960,1776.68,60
1660678020,1776.88,66
1660678080,1776.76,70
1660678140,1776.50,48
1660678200,1776.48,51
1660678260,1776.80,117
1660678320,1776.90,98
1660678380,1777.10,73
1660678440,1777.20,57
1660678500,1777.34,91
1660678560,1777.40,46
1660678620,1777.53,28
1660678680,1777.26,74
1660678740,1777.16,44
1660678800,1777.38,82
1660678860,1777.01,92
1660678920,1776.95,28
1660678980,1776.96,66
1660679040,1776.82,59
1660679100,1776.88,51
1660679160,1776.68,62
1660679220,1776.56,48
1660679280,1776.48,52
1660679340,1776.62,48
1660679400,1776.55,44
1660679460,1776.58,70
1660679520,1776.46,50
1660679580,1776.27,55
1660679640,1776.20,82
1660679700,1776.16,92
1660679760,1775.96,46
1660679820,1775.94,82
1660679880,1775.86,110
1660679940,1775.88,166
1660680000,1775.58,144
1660680060,1775.56,46
1660680120,1775.68,34
1660680180,1775.87,96
1660680240,1775.78,52
1660680300,1775.70,36
1660680360,1775.60,30
1660680420,1775.57,48
1660680480,1775.62,40
1660680540,1775.72,10
1660680600,1775.70,34
1660680660,1775.70,28
1660680720,1775.69,18
1660680780,1775.69,22
1660680840,1775.90,34
1660680900,1775.92,30
1660680960,1775.92,12
1660681020,1775.93,10
1660681080,1775.92,6
1660681200,1775.90,12
1660681260,1775.83,24
1660681320,1775.82,10
1660681500,1775.92,8
1660681560,1775.81,20
1660681620,1775.72,14
1660681680,1775.62,16
1660681740,1775.76,34
1660681800,1775.58,22
1660681860,1775.54,42
1660681920,1775.42,40
1660681980,1775.34,36
1660682040,1775.32,30
1660682100,1775.40,50
1660682160,1775.19,72
1660682220,1775.22,30
1660682280,1775.38,22
1660682340,1775.38,52
1660682400,1775.44,48
1660682460,1775.54,18
1660682520,1775.45,14
1660682580,1775.24,24
1660682640,1775.48,40
1660682700,1775.42,64
1660682760,1775.44,52
1660682820,1775.38,14
1660682880,1775.40,24
1660682940,1775.18,80
1660683000,1775.16,60
1660683060,1775.43,44
1660683120,1775.55,48
1660683180,1775.68,66
1660683240,1775.93,62
1660683300,1775.76,38
1660683360,1775.76,28
1660687320,1775.73,36
1660687380,1775.90,22
1660687440,1775.77,15
1660687500,1775.63,24
1660687560,1775.56,14
1660687620,1775.48,16
1660687680,1775.54,24
1660687740,1775.41,14
1660687800,1775.33,20
1660687860,1775.28,12
1660687920,1775.43,12
1660687980,1775.40,6
1660688040,1775.34,6
1660688100,1775.36,10
1660688160,1775.30,18
1660688220,1775.30,16
1660688280,1775.43,16
1660688340,1775.14,57
1660688400,1775.31,38
1660688460,1775.30,33
1660688520,1775.52,31
1660688580,1775.40,76
1660688640,1775.51,14
1660688700,1775.61,8
1660688760,1775.61,22
1660688820,1775.51,20
1660688880,1775.52,19
1660688940,1775.42,12
1660689000,1775.72,32
1660689060,1775.63,30
1660689120,1775.62,20
1660689180,1775.52,4
1660689240,1775.51,12
1660689300,1775.59,14
1660689360,1775.58,6
1660689420,1775.50,14
1660689480,1775.54,18
1660689540,1775.62,12
1660689600,1775.42,16
1660689660,1775.33,18
1660689720,1775.41,30
1660689780,1775.32,16
1660689840,1775.32,8
1660689900,1775.23,10
1660689960,1775.31,12
1660690020,1775.40,10
1660690080,1775.24,10
1660690140,1775.14,28
1660690200,1775.30,44
1660690260,1775.30,16
1660690320,1775.32,16
1660690380,1775.24,18
1660690440,1775.26,8
1660690500,1775.24,4
1660690560,1775.22,20
1660690620,1775.12,24
1660690680,1775.20,8
1660690740,1775.36,18
1660690800,1775.26,34
1660690860,1775.28,10
1660690920,1775.32,22
1660690980,1775.42,36
1660691040,1775.58,12
1660691100,1775.58,26
1660691160,1775.76,36
1660691220,1775.88,34
1660691280,1775.78,24
1660691340,1776.10,12
1660691400,1776.12,12
1660691460,1776.08,32
1660691520,1775.86,8
1660691580,1775.92,14
1660691640,1776.01,12
1660691700,1775.86,6
1660691760,1775.85,6
1660691880,1775.84,8
1660691940,1775.79,8
1660692000,1775.76,18
1660692060,1775.74,18
1660692120,1775.70,10
1660692180,1775.70,6
1660692240,1775.71,22
1660692300,1775.74,14
1660692360,1775.66,30
1660692420,1775.67,22
1660692480,1775.66,10
1660692540,1775.60,14
1660692600,1775.56,10
1660692660,1775.51,12
1660692720,1775.50,14
1660692780,1775.52,6
1660692840,1775.66,28
1660692900,1775.68,2
1660692960,1775.70,12
1660693020,1775.72,6
1660693080,1775.72,12
1660693140,1775.77,18
1660693200,1775.74,4
1660693260,1775.93,14
1660693320,1775.86,14
1660693380,1775.96,28
1660693440,1776.06,18
1660693500,1775.74,52
1660693560,1775.72,14
1660693620,1776.02,24
1660693680,1775.98,22
1660693740,1775.99,18
1660693800,1775.98,6
1660693860,1775.96,18
1660693920,1775.88,14
1660693980,1775.76,16
1660694040,1775.76,20
1660694100,1775.93,24
1660694160,1775.97,16
1660694220,1775.92,24
1660694280,1775.78,42
1660694340,1775.66,54
1660694400,1775.34,66
1660694460,1774.94,60
1660694520,1775.16,78
1660694580,1774.86,76
1660694640,1774.82,28
1660694700,1774.14,58
1660694760,1774.47,96
1660694820,1774.42,32
1660694880,1774.58,36
1660694940,1774.88,42
1660695000,1774.67,50
1660695060,1774.59,44
1660695120,1774.79,42
1660695180,1774.94,40
1660695240,1775.14,46
1660695300,1775.06,70
1660695360,1775.45,60
1660695420,1775.33,58
1660695480,1775.42,32
1660695540,1775.44,30
1660695600,1775.38,54
1660695660,1775.13,44
1660695720,1775.05,20
1660695780,1775.00,60
1660695840,1774.97,52
1660695900,1774.96,50
1660695960,1774.74,50
1660696020,1774.45,52
1660696080,1774.70,66
1660696140,1774.50,50
1660696200,1774.39,42
1660696260,1774.32,46
1660696320,1774.22,56
1660696380,1774.02,36
1660696440,1774.14,48
1660696500,1774.23,42
1660696560,1774.37,41
1660696620,1774.52,50
1660696680,1774.52,70
1660696740,1774.46,46
1660696800,1774.31,32
1660696860,1774.60,34
1660696920,1774.51,44
1660696980,1774.54,66
1660697040,1774.23,38
1660697100,1774.00,38
1660697160,1774.02,12
1660697220,1774.31,54
1660697280,1774.52,40
1660697340,1774.42,38
1660697400,1774.40,62
1660697460,1774.56,70
1660697520,1774.74,96
1660697580,1774.83,70
1660697640,1774.54,68
1660697700,1774.72,100
1660697760,1774.64,90
1660697820,1774.70,54
1660697880,1774.83,54
1660697940,1774.78,56
1660698000,1774.39,128
1660698060,1774.94,122
1660698120,1774.93,112
1660698180,1774.82,128
1660698240,1774.94,106
1660698300,1774.70,84
1660698360,1774.58,68
1660698420,1774.48,62
1660698480,1774.52,43
1660698540,1774.48,62
1660698600,1774.64,58
1660698660,1774.90,92
1660698720,1774.86,37
1660698780,1774.79,64
1660698840,1775.18,92
1660698900,1776.18,143
1660698960,1776.23,117
1660699020,1775.90,93
1660699080,1775.85,58
1660699140,1775.90,60
1660699200,1775.50,58
1660699260,1775.28,90
1660699320,1775.40,90
1660699380,1775.50,70
1660699440,1775.64,98
1660699500,1775.64,72
1660699560,1775.39,52
1660699620,1775.74,60
1660699680,1775.66,74
1660699740,1775.50,78
1660699800,1775.34,176
1660699860,1775.44,122
1660699920,1775.28,93
1660699980,1775.48,82
1660700040,1775.36,112
1660700100,1774.83,102
1660700160,1774.69,104
1660700220,1774.38,96
1660700280,1774.71,86
1660700340,1774.70,170
1660700400,1774.58,60
1660700460,1775.26,96
1660700520,1774.70,90
1660700580,1774.99,108
1660700640,1775.01,58
1660700700,1774.76,76
1660700760,1774.50,84
1660700820,1774.36,82
1660700880,1774.60,98
1660700940,1774.60,40
1660701000,1774.39,36
1660701060,1774.58,64
1660701120,1774.86,42
1660701180,1775.04,82
1660701240,1774.98,62
1660701300,1774.50,66
1660701360,1774.80,56
1660701420,1775.06,82
1660701480,1775.06,30
1660701540,1774.91,122
1660701600,1775.28,230
1660701660,1775.12,124
1660701720,1775.18,100
1660701780,1775.60,154
1660701840,1775.50,86
1660701900,1775.94,96
1660701960,1775.94,102
1660702020,1775.72,76
1660702080,1775.64,105
1660702140,1775.82,98
1660702200,1775.82,104
1660702260,1775.81,80
1660702320,1775.84,80
1660702380,1776.12,134
1660702440,1776.30,82
1660702500,1776.45,42
1660702560,1776.06,54
1660702620,1776.18,74
1660702680,1776.18,19
1660702740,1776.52,48
1660702800,1776.44,32
1660702860,1776.31,36
1660702920,1776.48,46
1660702980,1776.28,68
1660703040,1776.52,54
1660703100,1776.50,56
1660703160,1776.38,80
1660703220,1776.33,46
1660703280,1776.10,22
1660703340,1776.14,34
1660703400,1776.58,128
1660703460,1776.42,108
1660703520,1776.62,74
1660703580,1776.82,76
1660703640,1776.88,70
1660703700,1776.67,24
1660703760,1776.82,54
1660703820,1776.24,70
1660703880,1776.10,54
1660703940,1776.08,27
1660704000,1776.17,78
1660704060,1776.02,79
1660704120,1775.98,90
1660704180,1775.92,58
1660704240,1775.64,94
1660704300,1775.53,43
1660704360,1775.94,45
1660704420,1776.21,30
1660704480,1776.01,31
1660704540,1776.07,45
1660704600,1776.03,51
1660704660,1776.20,38
1660704720,1776.23,51
1660704780,1776.40,44
1660704840,1776.82,92
1660704900,1776.52,34
1660704960,1776.64,36
1660705020,1776.54,32
1660705080,1776.26,64
1660705140,1776.29,72
1660705200,1776.22,42
1660705260,1776.32,28
1660705320,1776.56,28
1660705380,1776.50,18
1660705440,1776.32,34
1660705500,1776.21,56
1660705560,1776.32,62
1660705620,1776.14,38
1660705680,1776.15,32
1660705740,1776.29,32
1660705800,1776.34,34
1660705860,1776.26,36
1660705920,1776.10,46
1660705980,1776.10,60
1660706040,1775.80,92
1660706100,1776.01,46
1660706160,1775.93,26
1660706220,1775.98,20
1660706280,1775.61,54
1660706340,1775.58,54
1660706400,1775.72,78
1660706460,1775.73,26
1660706520,1775.52,34
1660706580,1775.39,56
1660706640,1775.29,74
1660706700,1775.06,82
1660706760,1775.16,72
1660706820,1774.94,54
1660706880,1774.92,28
1660706940,1774.92,76
1660707000,1775.02,36
1660707060,1774.90,36
1660707120,1775.08,34
1660707180,1775.40,30
1660707240,1775.19,16
1660707300,1775.23,36
1660707360,1775.23,38
1660707420,1775.26,26
1660707480,1775.54,42
1660707540,1775.51,32
1660707600,1775.15,38
1660707660,1775.10,14
1660707720,1775.20,40
1660707780,1775.54,54
1660707840,1775.56,52
1660707900,1775.64,14
1660707960,1775.74,36
1660708020,1775.65,6
1660708080,1775.46,20
1660708140,1775.58,26
1660708200,1775.66,14
1660708260,1775.93,32
1660708320,1775.87,18
1660708380,1775.90,28
1660708440,1776.04,28
1660708500,1775.90,36
1660708560,1775.78,22
1660708620,1775.96,20
1660708680,1775.90,34
1660708740,1775.87,22
1660708800,1776.12,62
1660708860,1776.10,36
1660708920,1775.91,22
1660708980,1775.76,28
1660709040,1775.88,34
1660709100,1775.69,46
1660709160,1775.72,22
1660709220,1775.56,10
1660709280,1775.48,30
1660709340,1775.61,22
1660709400,1776.00,44
1660709460,1776.20,26
1660709520,1776.16,46
1660709580,1776.19,40
1660709640,1776.39,64
1660709700,1776.34,31
1660709760,1776.37,28
1660709820,1776.26,28
1660709880,1776.40,32
1660709940,1776.47,30
1660710000,1776.57,30
1660710060,1776.30,32
1660710120,1776.54,30
1660710180,1776.67,6
1660710240,1776.87,48
1660710300,1777.20,64
1660710360,1777.23,46
1660710420,1777.60,86
1660710480,1777.76,64
1660710540,1777.80,52
1660710600,1778.06,68
1660710660,1777.94,60
1660710720,1778.12,68
1660710780,1778.36,44
1660710840,1778.36,28
1660710900,1778.59,38
1660710960,1778.32,56
1660711020,1778.60,42
1660711080,1778.58,60
1660711140,1778.67,77
1660711200,1778.79,46
1660711260,1778.78,70
1660711320,1778.70,38
1660711380,1778.62,42
1660711440,1778.66,38
1660711500,1778.68,52
1660711560,1778.70,54
1660711620,1778.61,48
1660711680,1778.58,30
1660711740,1778.64,44
1660711800,1778.68,80
1660711860,1778.78,58
1660711920,1778.82,42
1660711980,1778.88,28
1660712040,1778.92,46
1660712100,1778.92,82
1660712160,1778.88,62
1660712220,1778.93,50
1660712280,1778.87,44
1660712340,1778.68,70
1660712400,1778.64,86
1660712460,1779.06,81
1660712520,1779.04,66
1660712580,1778.96,70
1660712640,1778.96,52
1660712700,1778.86,68
1660712760,1778.74,40
1660712820,1778.90,60
1660712880,1778.70,64
1660712940,1778.69,40
1660713000,1778.78,28
1660713060,1778.66,72
1660713120,1778.68,16
1660713180,1778.74,42
1660713240,1778.72,42
1660713300,1778.52,34
1660713360,1778.66,36
1660713420,1778.76,56
1660713480,1778.65,41
1660713540,1778.48,35
1660713600,1778.14,36
1660713660,1778.16,48
1660713720,1778.42,64
1660713780,1778.42,104
1660713840,1778.78,69
1660713900,1779.22,44
1660713960,1779.03,40
1660714020,1779.06,46
1660714080,1779.15,52
1660714140,1779.07,32
1660714200,1779.86,184
1660714260,1779.76,130
1660714320,1780.20,110
1660714380,1780.32,120
1660714440,1780.54,102
1660714500,1780.66,140
1660714560,1781.10,116
1660714620,1781.28,132
1660714680,1781.50,92
1660714740,1781.30,108
1660714800,1781.12,86
1660714860,1781.26,110
1660714920,1781.31,100
1660714980,1781.12,96
1660715040,1781.15,98
1660715100,1780.89,126
1660715160,1780.81,52
1660715220,1781.00,68
1660715280,1780.90,62
1660715340,1781.46,100
1660715400,1781.24,82
1660715460,1780.84,76
1660715520,1781.28,40
1660715580,1781.44,49
1660715640,1781.40,32
1660715700,1781.49,104
1660715760,1781.18,67
1660715820,1781.25,76
1660715880,1781.46,82
1660715940,1781.66,141
1660716000,1782.10,233
1660716060,1782.00,116
1660716120,1782.08,136
1660716180,1781.51,94
1660716240,1781.22,110
1660716300,1781.00,130
1660716360,1780.80,110
1660716420,1780.60,140
1660716480,1780.96,124
1660716540,1780.86,124
1660716600,1780.08,138
1660716660,1780.46,154
1660716720,1780.33,110
1660716780,1780.14,97
1660716840,1779.32,132
1660716900,1779.02,177
1660716960,1778.64,138
1660717020,1777.97,140
1660717080,1778.26,157
1660717140,1778.38,116
1660717200,1778.25,134
1660717260,1778.25,130
1660717320,1778.24,72
1660717380,1778.36,72
1660717440,1778.17,83
1660717500,1778.50,102
1660717560,1778.45,115
1660717620,1778.25,98
1660717680,1778.40,104
1660717740,1778.26,94
1660717800,1778.18,120
1660717860,1778.04,145
1660717920,1777.52,133
1660717980,1777.61,84
1660718040,1777.76,97
1660718100,1777.72,141
1660718160,1778.16,93
1660718220,1777.86,92
1660718280,1777.79,97
1660718340,1777.66,117
1660718400,1778.06,148
1660718460,1777.60,105
1660718520,1777.66,97
1660718580,1777.61,113
1660718640,1777.78,125
1660718700,1777.78,94
1660718760,1777.78,104
1660718820,1777.40,102
1660718880,1777.32,96
1660718940,1777.15,115
1660719000,1776.92,96
1660719060,1776.98,109
1660719120,1777.24,107
1660719180,1777.46,126
1660719240,1777.55,108
1660719300,1777.40,152
1660719360,1776.92,126
1660719420,1776.78,194
1660719480,1777.11,158
1660719540,1776.80,109
1660719600,1776.90,187
1660719660,1776.92,140
1660719720,1776.72,191
1660719780,1776.63,170
1660719840,1776.52,140
1660719900,1776.64,137
1660719960,1776.74,124
1660720020,1776.64,144
1660720080,1777.02,134
1660720140,1776.80,116
1660720200,1776.11,118
1660720260,1776.31,137
1660720320,1776.10,128
1660720380,1776.14,117
1660720440,1776.34,149
1660720500,1776.28,151
1660720560,1775.29,150
1660720620,1775.48,164
1660720680,1775.32,128
1660720740,1774.90,176
1660720800,1774.86,218
1660720860,1775.40,150
1660720920,1774.70,201
1660720980,1774.50,166
1660721040,1774.40,156
1660721100,1774.36,191
1660721160,1774.12,195
1660721220,1775.18,185
1660721280,1775.38,202
1660721340,1775.56,194
1660721400,1775.58,188
1660721460,1775.68,160
1660721520,1775.16,176
1660721580,1775.10,130
1660721640,1775.18,170
1660721700,1775.16,146
1660721760,1775.38,130
1660721820,1775.62,114
1660721880,1775.23,115
1660721940,1775.18,161
1660722000,1775.56,173
1660722060,1775.22,156
1660722120,1774.56,176
1660722180,1774.22,200
1660722240,1774.26,165
1660722300,1774.26,139
1660722360,1774.00,147
1660722420,1773.95,160
1660722480,1774.38,156
1660722540,1774.32,162
1660722600,1774.10,133
1660722660,1774.28,128
1660722720,1774.27,134
1660722780,1773.82,120
1660722840,1773.71,158
1660722900,1773.68,156
1660722960,1773.91,188
1660723020,1773.84,170
1660723080,1773.68,174
1660723140,1773.57,194
1660723200,1773.21,220
1660723260,1773.10,182
1660723320,1772.92,172
1660723380,1772.98,175
1660723440,1772.35,171
1660723500,1772.44,169
1660723560,1772.54,140
1660723620,1772.15,192
1660723680,1772.68,160
1660723740,1772.52,176
1660723800,1772.51,131
1660723860,1772.36,118
1660723920,1772.26,125
1660723980,1772.88,137
1660724040,1772.67,148
1660724100,1772.90,150
1660724160,1772.77,177
1660724220,1772.26,168
1660724280,1772.66,173
1660724340,1772.93,82
1660724400,1773.36,149
1660724460,1773.26,176
1660724520,1773.04,140
1660724580,1773.66,158
1660724640,1773.89,144
1660724700,1773.78,144
1660724760,1773.69,116
1660724820,1773.88,130
1660724880,1773.77,151
1660724940,1773.68,107
1660725000,1774.10,124
1660725060,1775.02,194
1660725120,1775.44,150
1660725180,1775.16,146
1660725240,1775.14,102
1660725300,1774.84,120
1660725360,1774.80,107
1660725420,1774.49,102
1660725480,1775.54,186
1660725540,1776.30,182
1660725600,1776.49,174
1660725660,1776.78,173
1660725720,1776.32,115
1660725780,1776.36,122
1660725840,1776.96,156
1660725900,1776.37,159
1660725960,1776.12,151
1660726020,1776.04,114
1660726080,1775.84,104
1660726140,1775.68,116
1660726200,1775.86,138
1660726260,1775.60,117
1660726320,1775.16,184
1660726380,1775.18,145
1660726440,1775.14,131
1660726500,1775.08,122
1660726560,1775.22,116
1660726620,1774.86,118
1660726680,1774.66,124
1660726740,1775.16,127
1660726800,1775.06,152
1660726860,1774.66,100
1660726920,1774.26,154
1660726980,1774.45,112
1660727040,1773.86,154
1660727100,1774.00,102
1660727160,1773.86,93
1660727220,1774.03,139
1660727280,1774.00,109
1660727340,1773.68,143
1660727400,1773.90,129
1660727460,1774.37,116
1660727520,1774.36,140
1660727580,1774.58,107
1660727640,1774.86,115
1660727700,1774.44,119
1660727760,1774.38,113
1660727820,1774.21,97
1660727880,1774.32,79
1660727940,1774.53,93
1660728000,1774.76,74
1660728060,1774.45,113
1660728120,1774.41,106
1660728180,1774.35,121
1660728240,1774.20,140
1660728300,1773.96,99
1660728360,1773.84,106
1660728420,1773.70,104
1660728480,1773.69,98
1660728540,1773.78,109
1660728600,1773.52,116
1660728660,1773.71,124
1660728720,1773.90,166
1660728780,1773.58,113
1660728840,1773.81,133
1660728900,1773.56,127
1660728960,1773.40,130
1660729020,1773.50,114
1660729080,1773.51,114
1660729140,1773.48,107
1660729200,1773.66,95
1660729260,1773.76,67
1660729320,1773.62,99
1660729380,1773.77,86
1660729440,1774.04,105
1660729500,1773.72,105
1660729560,1773.26,126
1660729620,1773.04,104
1660729680,1772.86,127
1660729740,1772.88,103
1660729800,1773.06,112
1660729860,1773.25,99
1660729920,1773.28,70
1660729980,1773.07,71
1660730040,1773.22,65
1660730100,1773.31,95
1660730160,1773.38,63
1660730220,1773.62,90
1660730280,1773.86,111
1660730340,1773.56,108
1660730400,1773.70,118
1660730460,1773.40,115
1660730520,1773.52,103
1660730580,1773.86,116
1660730640,1773.80,108
1660730700,1773.80,106
1660730760,1773.78,100
1660730820,1773.74,74
1660730880,1773.71,94
1660730940,1773.66,104
1660731000,1773.89,79
1660731060,1774.23,115
1660731120,1774.52,94
1660731180,1774.15,86
1660731240,1774.22,72
1660731300,1774.05,109
1660731360,1774.18,95
1660731420,1774.27,92
1660731480,1773.76,110
1660731540,1773.19,93
1660731600,1773.00,95
1660731660,1773.01,99
1660731720,1772.89,145
1660731780,1772.83,113
1660731840,1772.68,105
1660731900,1772.64,105
1660731960,1772.72,96
1660732020,1772.32,78
1660732080,1771.89,168
1660732140,1771.92,172
1660732200,1772.56,190
1660732260,1773.08,121
1660732320,1772.98,116
1660732380,1773.03,83
1660732440,1772.86,88
1660732500,1773.08,98
1660732560,1772.93,92
1660732620,1773.32,102
1660732680,1773.04,117
1660732740,1773.26,101
1660732800,1773.04,133
1660732860,1772.94,132
1660732920,1772.67,124
1660732980,1772.82,129
1660733040,1772.50,97
1660733100,1772.81,100
1660733160,1772.48,95
1660733220,1772.34,98
1660733280,1772.04,104
1660733340,1772.08,92
1660733400,1771.86,100
1660733460,1772.48,118
1660733520,1772.49,90
1660733580,1772.10,103
1660733640,1772.25,96
1660733700,1772.20,98
1660733760,1771.92,106
1660733820,1771.80,102
1660733880,1771.86,103
1660733940,1772.18,122
1660734000,1772.42,146
1660734060,1772.42,128
1660734120,1772.24,135
1660734180,1772.40,80
1660734240,1771.94,124
1660734300,1771.84,102
1660734360,1771.52,135
1660734420,1771.49,130
1660734480,1771.32,131
1660734540,1771.28,129
1660734600,1771.03,158
1660734660,1771.28,128
1660734720,1770.90,128
1660734780,1770.90,102
1660734840,1771.36,84
1660734900,1770.97,134
1660734960,1769.93,156
1660735020,1769.60,186
1660735080,1768.32,252
1660735140,1768.07,238
1660735200,1768.94,198
1660735260,1768.53,183
1660735320,1768.02,186
1660735380,1767.94,197
1660735440,1768.67,146
1660735500,1767.81,181
1660735560,1767.86,199
1660735620,1767.96,154
1660735680,1768.06,140
1660735740,1768.20,142
1660735800,1768.41,194
1660735860,1768.79,196
1660735920,1769.62,188
1660735980,1769.70,185
1660736040,1769.35,207
1660736100,1769.10,177
1660736160,1768.76,174
1660736220,1768.82,132
1660736280,1768.86,178
1660736340,1769.14,187
1660736400,1769.22,165
1660736460,1769.06,153
1660736520,1769.17,139
1660736580,1768.54,173
1660736640,1768.18,165
1660736700,1767.90,177
1660736760,1768.14,143
1660736820,1768.04,137
1660736880,1768.05,217
1660736940,1768.34,169
1660737000,1768.44,218
1660737060,1768.72,203
1660737120,1769.21,152
1660737180,1769.17,168
1660737240,1769.22,157
1660737300,1769.30,168
1660737360,1769.21,158
1660737420,1769.32,125
1660737480,1769.08,172
1660737540,1769.32,142
1660737600,1770.02,224
1660737660,1769.68,181
1660737720,1769.89,153
1660737780,1769.93,179
1660737840,1769.67,173
1660737900,1769.28,187
1660737960,1769.66,178
1660738020,1769.94,154
1660738080,1770.12,160
1660738140,1770.55,152
1660738200,1770.68,185
1660738260,1770.50,212
1660738320,1769.86,210
1660738380,1769.18,190
1660738440,1769.24,157
1660738500,1769.08,169
1660738560,1768.98,169
1660738620,1768.20,191
1660738680,1768.14,183
1660738740,1767.52,230
1660738800,1767.67,334
1660738860,1766.12,314
1660738920,1766.06,309
1660738980,1766.23,258
1660739040,1766.16,268
1660739100,1766.36,254
1660739160,1766.12,200
1660739220,1766.28,214
1660739280,1767.72,235
1660739340,1768.30,249
1660739400,1768.86,452
1660739460,1769.62,376
1660739520,1767.68,418
1660739580,1767.80,349
1660739640,1765.81,404
1660739700,1767.32,396
1660739760,1768.51,304
1660739820,1769.18,333
1660739880,1769.65,274
1660739940,1770.66,360
1660740000,1770.25,344
1660740060,1771.13,313
1660740120,1772.12,330
1660740180,1771.80,276
1660740240,1771.54,305
1660740300,1771.46,309
1660740360,1771.08,304
1660740420,1771.38,246
1660740480,1771.23,232
1660740540,1771.98,307
1660740600,1771.91,276
1660740660,1771.85,280
1660740720,1771.58,245
1660740780,1770.80,306
1660740840,1770.68,284
1660740900,1771.96,256
1660740960,1771.80,289
1660741020,1772.37,226
1660741080,1772.15,333
1660741140,1771.60,332
1660741200,1770.50,355
1660741260,1770.26,330
1660741320,1769.56,257
1660741380,1769.84,286
1660741440,1769.88,273
1660741500,1769.57,261
1660741560,1770.49,282
1660741620,1770.13,219
1660741680,1771.24,318
1660741740,1770.05,270
1660741800,1769.42,298
1660741860,1769.03,269
1660741920,1769.72,271
1660741980,1770.48,231
1660742040,1769.66,244
1660742100,1770.14,245
1660742160,1770.39,234
1660742220,1770.89,257
1660742280,1770.99,224
1660742340,1771.00,218
1660742400,1771.36,255
1660742460,1770.97,229
1660742520,1771.20,180
1660742580,1772.08,197
1660742640,1772.20,192
1660742700,1772.34,265
1660742760,1773.14,264
1660742820,1772.48,244
1660742880,1772.32,237
1660742940,1773.40,241
1660743000,1772.12,347
1660743060,1771.16,304
1660743120,1771.76,304
1660743180,1770.34,300
1660743240,1769.52,288
1660743300,1769.66,291
1660743360,1768.52,321
1660743420,1766.74,317
1660743480,1767.08,311
1660743540,1766.06,314
1660743600,1765.64,369
1660743660,1767.26,343
1660743720,1767.18,310
1660743780,1768.50,321
1660743840,1769.34,318
1660743900,1768.71,334
1660743960,1769.07,283
1660744020,1768.99,260
1660744080,1768.78,206
1660744140,1768.31,238
1660744200,1767.74,298
1660744260,1767.92,266
1660744320,1767.78,268
1660744380,1768.38,272
1660744440,1767.61,242
1660744500,1767.85,283
1660744560,1767.40,249
1660744620,1767.86,302
1660744680,1768.06,287
1660744740,1767.74,227
1660744800,1766.58,329
1660744860,1766.65,301
1660744920,1767.45,286
1660744980,1767.64,271
1660745040,1767.98,279
1660745100,1768.57,274
1660745160,1768.64,312
1660745220,1769.36,301
1660745280,1769.68,251
1660745340,1769.23,240
1660745400,1768.39,248
1660745460,1768.47,250
1660745520,1767.62,216
1660745580,1767.91,248
1660745640,1768.52,236
1660745700,1767.88,228
1660745760,1768.16,222
1660745820,1767.92,209
1660745880,1768.02,203
1660745940,1768.36,253
1660746000,1768.42,199
1660746060,1768.64,177
1660746120,1769.03,196
1660746180,1768.92,194
1660746240,1769.00,223
1660746300,1768.28,229
1660746360,1768.16,216
1660746420,1768.00,198
1660746480,1768.24,182
1660746540,1768.32,205
1660746600,1768.52,287
1660746660,1768.22,211
1660746720,1767.84,206
1660746780,1767.91,220
1660746840,1767.54,206
1660746900,1767.60,211
1660746960,1767.24,205
1660747020,1767.12,226
1660747080,1766.93,217
1660747140,1767.25,214
1660747200,1766.89,204
1660747260,1766.60,205
1660747320,1766.62,207
1660747380,1766.62,222
1660747440,1766.64,219
1660747500,1766.16,188
1660747560,1765.98,245
1660747620,1766.38,231
1660747680,1766.50,205
1660747740,1766.84,203
1660747800,1767.00,216
1660747860,1766.68,235
1660747920,1766.40,213
1660747980,1766.02,188
1660748040,1766.06,263
1660748100,1766.04,266
1660748160,1765.65,223
1660748220,1765.76,222
1660748280,1765.76,253
1660748340,1766.16,261
1660748400,1766.24,232
1660748460,1766.47,225
1660748520,1766.18,157
1660748580,1765.52,202
1660748640,1765.18,245
1660748700,1764.90,229
1660748760,1763.79,260
1660748820,1764.10,293
1660748880,1763.88,251
1660748940,1764.14,222
1660749000,1763.67,227
1660749060,1763.36,259
1660749120,1763.26,238
1660749180,1762.89,246
1660749240,1762.76,227
1660749300,1762.40,245
1660749360,1762.34,195
1660749420,1763.40,252
1660749480,1763.62,246
1660749540,1763.71,209
1660749600,1763.34,227
1660749660,1763.34,174
1660749720,1762.84,197
1660749780,1762.83,158
1660749840,1763.13,163
1660749900,1762.84,136
1660749960,1762.68,165
1660750020,1763.18,175
1660750080,1763.32,143
1660750140,1762.88,174
1660750200,1763.54,212
1660750260,1763.73,161
1660750320,1763.93,206
1660750380,1764.04,184
1660750440,1764.06,210
1660750500,1763.94,151
1660750560,1763.34,211
1660750620,1763.60,182
1660750680,1762.94,150
1660750740,1762.77,108
1660750800,1762.20,140
1660750860,1762.42,153
1660750920,1762.39,185
1660750980,1762.14,188
1660751040,1761.97,184
1660751100,1762.09,192
1660751160,1761.69,204
1660751220,1761.63,162
1660751280,1761.46,112
1660751340,1761.60,148
1660751400,1761.81,193
1660751460,1762.30,137
1660751520,1762.09,200
1660751580,1761.94,140
1660751640,1762.08,133
1660751700,1762.22,153
1660751760,1762.10,184
1660751820,1762.44,125
1660751880,1762.54,152
1660751940,1762.17,145
1660752000,1761.64,210
1660752060,1761.60,179
1660752120,1761.69,141
1660752180,1761.78,156
1660752240,1761.40,160
1660752300,1760.40,275
1660752360,1761.18,171
1660752420,1762.07,146
1660752480,1761.69,127
1660752540,1761.50,128
1660752600,1761.50,134
1660752660,1761.96,130
1660752720,1762.20,147
1660752780,1761.68,153
1660752840,1761.57,182
1660752900,1761.26,145
1660752960,1761.14,145
1660753020,1761.13,159
1660753080,1761.32,122
1660753140,1760.98,138
1660753200,1761.05,139
1660753260,1761.57,150
1660753320,1761.08,114
1660753380,1760.79,147
1660753440,1760.57,143
1660753500,1760.40,128
1660753560,1760.54,144
1660753620,1760.48,129
1660753680,1760.69,140
1660753740,1760.70,131
1660753800,1760.60,156
1660753860,1760.70,161
1660753920,1760.58,137
1660753980,1760.37,132
1660754040,1760.26,126
1660754100,1760.68,153
1660754160,1760.66,148
1660754220,1760.50,141
1660754280,1759.86,167
1660754340,1760.71,236
1660754400,1761.12,143
1660754460,1761.45,151
1660754520,1761.60,188
1660754580,1761.38,141
1660754640,1761.59,134
1660754700,1761.72,102
1660754760,1761.73,166
1660754820,1762.16,172
1660754880,1762.46,138
1660754940,1762.28,153
1660755000,1762.58,136
1660755060,1763.20,177
1660755120,1762.90,145
1660755180,1763.11,137
1660755240,1763.01,148
1660755300,1762.64,131
1660755360,1762.41,119
1660755420,1762.33,112
1660755480,1762.44,142
1660755540,1762.54,145
1660755600,1762.56,142
1660755660,1762.56,173
1660755720,1761.56,298
1660755780,1762.54,250
1660755840,1762.68,201
1660755900,1762.61,204
1660755960,1762.03,188
1660756020,1761.68,139
1660756080,1761.50,171
1660756140,1761.48,149
1660756200,1761.71,118
1660756260,1761.88,137
1660756320,1761.24,134
1660756380,1761.33,137
1660756440,1761.61,140
1660756500,1761.46,132
1660756560,1761.83,94
1660756620,1762.02,138
1660756680,1762.07,105
1660756740,1762.46,118
1660756800,1762.32,130
1660756860,1762.71,102
1660756920,1762.71,101
1660756980,1762.94,91
1660757040,1763.24,136
1660757100,1763.35,157
1660757160,1763.65,153
1660757220,1763.76,138
1660757280,1763.56,169
1660757340,1762.56,245
1660757400,1762.83,160
1660757460,1763.35,130
1660757520,1762.66,163
1660757580,1762.58,136
1660757640,1762.80,125
1660757700,1762.76,104
1660757760,1762.91,116
1660757820,1763.01,111
1660757880,1762.78,107
1660757940,1762.88,99
1660758000,1763.04,74
1660758060,1762.90,88
1660758120,1762.28,104
1660758180,1762.24,113
1660758240,1762.06,109
1660758300,1761.94,93
1660758360,1761.86,88
1660758420,1761.72,113
1660758480,1761.53,136
1660758540,1761.46,106
1660758600,1761.36,85
1660758660,1761.92,138
1660758720,1762.02,126
1660758780,1762.20,110
1660758840,1761.74,144
1660758900,1761.48,77
1660758960,1761.26,86
1660759020,1761.24,93
1660759080,1761.40,110
1660759140,1761.70,126
1660759200,1763.14,386
1660759260,1764.35,443
1660759320,1765.74,396
1660759380,1767.08,399
1660759440,1765.46,402
1660759500,1764.38,376
1660759560,1763.92,284
1660759620,1764.40,364
1660759680,1765.62,341
1660759740,1765.56,331
1660759800,1764.92,304
1660759860,1765.78,275
1660759920,1766.84,299
1660759980,1767.10,295
1660760040,1767.98,281
1660760100,1768.14,299
1660760160,1766.19,286
1660760220,1766.24,278
1660760280,1766.15,252
1660760340,1766.36,245
1660760400,1766.12,249
1660760460,1765.86,278
1660760520,1765.58,210
1660760580,1765.66,213
1660760640,1766.16,226
1660760700,1766.92,198
1660760760,1767.22,235
1660760820,1767.56,191
1660760880,1767.96,226
1660760940,1768.01,176
1660761000,1767.62,222
1660761060,1767.90,185
1660761120,1768.47,162
1660761180,1768.65,206
1660761240,1768.07,278
1660761300,1769.08,234
1660761360,1769.26,196
1660761420,1769.80,255
1660761480,1770.22,195
1660761540,1770.20,223
1660761600,1769.26,198
1660761660,1768.79,181
1660761720,1769.42,188
1660761780,1769.39,172
1660761840,1769.05,143
1660761900,1769.28,149
1660761960,1768.82,144
1660762020,1768.67,161
1660762080,1768.65,116
1660762140,1769.06,131
1660762200,1768.02,157
1660762260,1767.34,180
1660762320,1767.58,160
1660762380,1767.60,115
1660762440,1767.66,157
1660762500,1767.81,171
1660762560,1768.02,141
1660762620,1767.46,160
1660762680,1767.21,203
1660762740,1766.64,187
1660762800,1766.72,174
1660762860,1767.00,200
1660762920,1767.16,160
1660762980,1767.04,138
1660763040,1767.42,132
1660763100,1767.52,150
1660763160,1767.50,118
1660763220,1767.50,95
1660763280,1767.83,105
1660763340,1767.52,120
1660763400,1767.29,121
1660763460,1767.10,164
1660763520,1766.94,161
1660763580,1766.10,133
1660763640,1766.54,147
1660763700,1766.02,156
1660763760,1766.12,142
1660763820,1766.12,123
1660763880,1766.16,109
1660763940,1765.52,145
1660764000,1765.92,135
1660764060,1766.00,125
1660764120,1766.12,118
1660764180,1766.32,126
1660764240,1766.26,79
1660764300,1766.02,135
1660764360,1765.76,107
1660764420,1765.56,106
1660764480,1765.94,99
1660764540,1765.86,94
1660764600,1766.06,121
1660764660,1766.24,73
1660764720,1766.30,105
1660764780,1766.30,65
1660764840,1766.18,111
1660764900,1766.26,69
1660764960,1766.57,92
1660765020,1766.72,100
1660765080,1766.52,84
1660765140,1766.10,88
1660765200,1766.56,75
1660765260,1766.58,101
1660765320,1766.80,73
1660765380,1766.88,111
1660765440,1766.52,76
1660765500,1766.31,105
1660765560,1765.82,103
1660765620,1765.62,95
1660765680,1765.15,89
1660765740,1764.82,72
1660765800,1765.11,92
1660765860,1764.80,83
1660765920,1765.23,76
1660765980,1765.10,44
1660766040,1764.96,82
1660766100,1764.80,164
1660766160,1764.69,142
1660766220,1764.44,78
1660766280,1764.28,127
1660766340,1764.54,239
1660766400,1764.36,152
1660766460,1764.70,125
1660766520,1764.84,76
1660766580,1764.70,41
1660766640,1764.67,49
1660766700,1764.68,72
1660766760,1764.62,87
1660766820,1764.64,46
1660766880,1764.68,42
1660766940,1764.72,58
1660767000,1764.76,44
1660767060,1764.90,65
1660767120,1764.82,61
1660767180,1765.00,66
1660767240,1765.00,64
1660767300,1765.20,18
1660767360,1765.30,39
1660767420,1764.82,61
1660767480,1764.78,33
1660767540,1764.73,56
1660767600,1764.62,62
1660767660,1764.52,71
1660767720,1764.52,60
1660767780,1764.33,55
1660767840,1764.02,63
1660767900,1764.10,33
1660767960,1763.80,51
1660768020,1763.75,54
1660768080,1763.58,72
1660768140,1763.59,63
1660768200,1763.39,77
1660768260,1763.68,55
1660768320,1763.69,47
1660768380,1763.69,25
1660768440,1763.69,34
1660768500,1763.41,52
1660768560,1763.45,56
1660768620,1762.64,73
1660768680,1762.78,27
1660768740,1762.79,25
1660768800,1762.70,40
1660768860,1763.03,39
1660768920,1763.07,37
1660768980,1762.97,51
1660769040,1762.92,46
1660769100,1762.93,89
1660769160,1763.12,14
1660769220,1763.12,2
1660769280,1762.92,35
1660769340,1762.48,37
1660769400,1762.62,58
1660769460,1762.52,84
1660769520,1762.54,65
1660769580,1762.34,49
1660769640,1762.37,57
1660769700,1762.41,52
1660769760,1762.32,38
1660773720,1762.44,36
1660773780,1762.61,23
1660773840,1762.50,47
1660773900,1762.62,35
1660773960,1762.58,27
1660774020,1762.54,10
1660774080,1762.76,10
1660774140,1762.71,22
1660774200,1762.93,30
1660774260,1762.98,23
1660774320,1762.99,10
1660774380,1763.01,47
1660774440,1762.82,44
1660774500,1762.75,67
1660774560,1762.82,17
1660774620,1762.75,49
1660774680,1762.93,22
1660774740,1762.81,22
1660774800,1762.76,23
1660774860,1763.03,12
1660774920,1763.10,20
1660774980,1763.20,19
1660775040,1763.21,10
1660775100,1763.11,14
1660775160,1763.30,36
1660775220,1763.39,28
1660775280,1763.39,13
1660775340,1763.48,14
1660775400,1763.68,49
1660775460,1763.69,15
1660775520,1763.66,27
1660775640,1763.68,40
1660775700,1763.64,39
1660775760,1763.86,42
1660775820,1763.78,22
1660775880,1763.70,20
1660775940,1763.86,7
1660776000,1763.62,34
1660776060,1763.71,34
1660776120,1763.68,50
1660776180,1763.71,22
1660776240,1763.46,60
1660776300,1763.62,63
1660776360,1763.80,33
1660776420,1763.76,21
1660776480,1763.66,50
1660776540,1763.44,37
1660776600,1763.34,31
1660776660,1763.23,35
1660776720,1763.00,40
1660776780,1762.82,31
1660776840,1762.78,31
1660776900,1762.64,29
1660776960,1762.61,36
1660777020,1762.64,22
1660777080,1762.38,32
1660777140,1762.32,18
1660777200,1763.34,97
1660777260,1763.31,41
1660777320,1763.14,33
1660777380,1763.20,43
1660777440,1763.40,61
1660777500,1763.31,19
1660777560,1763.20,16
1660777620,1763.24,22
1660777680,1763.24,18
1660777740,1763.16,24
1660777800,1763.42,37
1660777860,1763.34,30
1660777920,1763.06,53
1660777980,1763.32,40
1660778040,1763.18,48
1660778100,1763.29,23
1660778160,1763.07,56
1660778220,1763.04,38
1660778280,1762.97,25
1660778340,1763.26,46
1660778400,1763.35,23
1660778460,1763.53,32
1660778520,1763.35,41
1660778580,1763.38,44
1660778640,1763.63,38
1660778700,1763.74,32
1660778760,1763.90,28
1660778820,1763.86,44
1660778880,1763.84,28
1660778940,1763.93,22
1660779000,1763.80,40
1660779060,1763.78,27
1660779120,1763.98,32
1660779180,1763.96,31
1660779240,1763.94,11
1660779300,1763.90,31
1660779360,1763.92,42
1660779420,1763.88,36
1660779480,1763.85,42
1660779540,1763.96,19
1660779600,1764.14,83
1660779660,1764.22,37
1660779720,1764.11,24
1660779780,1764.28,38
1660779840,1764.32,34
1660779900,1764.18,109
1660779960,1764.33,43
1660780020,1764.67,41
1660780080,1764.70,31
1660780140,1764.72,25
1660780200,1764.76,54
1660780260,1764.83,25
1660780320,1764.69,21
1660780380,1764.96,19
1660780440,1765.02,11
1660780500,1764.97,15
1660780560,1765.00,66
1660780620,1764.96,39
1660780740,1764.95,27
1660780800,1764.64,93
1660780860,1765.06,45
1660780920,1765.26,41
1660780980,1765.57,63
1660781040,1765.56,18
1660781100,1765.54,40
1660781160,1765.56,4
1660781220,1765.48,62
1660781280,1765.66,20
1660781340,1765.78,40
1660781400,1765.77,50
1660781460,1765.44,56
1660781520,1765.51,45
1660781580,1764.88,65
1660781640,1764.94,105
1660781700,1765.12,101
1660781760,1765.04,65
1660781820,1765.12,101
1660781880,1765.04,63
1660781940,1765.44,42
1660782000,1765.22,62
1660782060,1765.09,36
1660782120,1765.16,25
1660782180,1764.96,36
1660782240,1764.95,23
1660782300,1764.92,54
1660782360,1764.67,53
1660782420,1764.90,40
1660782480,1765.02,50
1660782540,1765.18,44
1660782600,1764.96,37
1660782660,1765.16,58
1660782720,1765.38,83
1660782780,1765.36,24
1660782840,1765.87,58
1660782900,1765.70,75
1660782960,1765.59,49
1660783020,1765.71,50
1660783080,1765.82,60
1660783140,1765.90,22
1660783200,1766.04,82
1660783260,1766.20,47
1660783320,1766.18,50
1660783380,1766.10,72
1660783440,1765.84,35
1660783500,1765.98,84
1660783560,1766.02,46
1660783620,1766.04,28
1660783680,1766.01,32
1660783740,1765.92,20
1660783800,1766.32,83
1660783860,1766.30,71
1660783920,1766.08,70
1660783980,1766.28,46
1660784040,1766.18,46
1660784100,1765.54,143
1660784160,1765.57,99
1660784220,1765.66,62
1660784280,1765.67,68
1660784340,1765.44,48
1660784400,1765.81,253
1660784460,1765.87,100
1660784520,1766.60,102
1660784580,1766.69,57
1660784640,1766.75,104
1660784700,1766.34,118
1660784760,1766.27,92
1660784820,1766.28,77
1660784880,1766.06,114
1660784940,1766.17,72
1660785000,1766.12,66
1660785060,1765.80,86
1660785120,1765.74,91
1660785180,1766.13,97
1660785240,1766.10,53
1660785300,1766.66,118
1660785360,1766.52,86
1660785420,1766.65,58
1660785480,1766.74,73
1660785540,1767.08,100
1660785600,1767.11,56
1660785660,1766.76,76
1660785720,1766.74,59
1660785780,1766.86,65
1660785840,1766.88,133
1660785900,1766.92,66
1660785960,1767.11,89
1660786020,1766.98,44
1660786080,1767.06,31
1660786140,1767.06,77
1660786200,1766.08,185
1660786260,1766.20,149
1660786320,1766.46,103
1660786380,1766.56,154
1660786440,1767.00,129
1660786500,1767.34,128
1660786560,1767.26,92
1660786620,1767.02,69
1660786680,1766.40,105
1660786740,1766.66,91
1660786800,1766.49,106
1660786860,1766.76,80
1660786920,1766.75,74
1660786980,1766.37,59
1660787040,1766.57,65
1660787100,1766.74,83
1660787160,1766.56,34
1660787220,1766.37,62
1660787280,1766.52,50
1660787340,1766.49,83
1660787400,1766.36,55
1660787460,1766.10,82
1660787520,1765.80,101
1660787580,1765.55,148
1660787640,1765.46,110
1660787700,1765.38,54
1660787760,1765.48,37
1660787820,1765.30,102
1660787880,1765.70,110
1660787940,1765.83,43
1660788000,1765.46,87
1660788060,1765.26,115
1660788120,1765.18,75
1660788180,1765.45,76
1660788240,1765.10,72
1660788300,1764.91,108
1660788360,1764.93,107
1660788420,1765.00,73
1660788480,1765.16,133
1660788540,1765.32,90
1660788600,1765.50,43
1660788660,1765.46,81
1660788720,1765.10,89
1660788780,1765.26,68
1660788840,1765.00,87
1660788900,1765.08,62
1660788960,1764.90,41
1660789020,1764.82,51
1660789080,1764.80,54
1660789140,1764.81,70
1660789200,1764.80,40
1660789260,1764.40,59
1660789320,1764.31,52
1660789380,1764.36,32
1660789440,1764.36,48
1660789500,1764.24,52
1660789560,1764.06,80
1660789620,1764.10,102
1660789680,1764.34,49
1660789740,1764.34,57
1660789800,1764.10,135
1660789860,1764.43,107
1660789920,1764.83,150
1660789980,1765.76,149
1660790040,1765.16,189
1660790100,1765.08,104
1660790160,1764.88,65
1660790220,1764.89,61
1660790280,1765.10,64
1660790340,1765.16,73
1660790400,1765.47,63
1660790460,1765.56,32
1660790520,1765.56,70
1660790580,1765.56,55
1660790640,1765.35,92
1660790700,1765.24,52
1660790760,1765.32,42
1660790820,1765.26,69
1660790880,1765.37,58
1660790940,1765.40,70
1660791000,1765.76,88
1660791060,1765.70,104
1660791120,1765.84,77
1660791180,1765.60,64
1660791240,1765.36,105
1660791300,1765.36,57
1660791360,1765.32,73
1660791420,1765.24,89
1660791480,1765.46,73
1660791540,1765.35,80
1660791600,1765.46,66
1660791660,1765.38,67
1660791720,1765.33,44
1660791780,1765.07,50
1660791840,1764.88,65
1660791900,1764.83,48
1660791960,1764.75,53
1660792020,1764.87,33
1660792080,1764.99,60
1660792140,1765.01,38
1660792200,1764.97,46
1660792260,1765.00,19
1660792320,1765.05,38
1660792380,1765.01,42
1660792440,1765.07,29
1660792500,1765.22,43
1660792560,1765.02,36
1660792620,1764.97,47
1660792680,1765.08,44
1660792740,1765.08,38
1660792800,1764.99,33
1660792860,1764.90,29
1660792920,1764.78,51
1660792980,1764.70,89
1660793040,1764.60,54
1660793100,1764.62,22
1660793160,1764.47,38
1660793220,1764.56,52
1660793280,1764.64,27
1660793340,1764.57,54
1660793400,1764.48,30
1660793460,1764.46,20
1660793520,1764.34,25
1660793580,1764.25,26
1660793640,1764.24,25
1660793700,1764.41,33
1660793760,1764.08,61
1660793820,1764.08,48
1660793880,1764.04,46
1660793940,1763.62,94
1660794000,1763.30,108
1660794060,1763.34,92
1660794120,1763.10,91
1660794180,1762.76,84
1660794240,1762.86,121
1660794300,1762.96,68
1660794360,1762.74,65
1660794420,1762.76,96
1660794480,1762.72,71
1660794540,1762.80,64
1660794600,1762.76,71
1660794660,1762.65,70
1660794720,1762.74,65
1660794780,1762.66,50
1660794840,1762.70,52
1660794900,1762.78,59
1660794960,1762.68,65
1660795020,1762.60,87
1660795080,1762.24,89
1660795140,1762.39,158
1660795200,1762.26,182
1660795260,1762.44,89
1660795320,1762.74,66
1660795380,1762.80,64
1660795440,1762.84,54
1660795500,1762.65,31
1660795560,1762.74,30
1660795620,1762.74,63
1660795680,1762.94,53
1660795740,1762.93,38
1660795800,1762.98,55
1660795860,1763.16,58
1660795920,1762.99,64
1660795980,1762.88,40
1660796040,1762.76,43
1660796100,1762.72,21
1660796160,1762.68,19
1660796220,1762.34,36
1660796280,1762.28,39
1660796340,1762.31,14
1660796400,1762.44,70
1660796460,1762.37,31
1660796520,1762.31,16
1660796580,1762.30,21
1660796640,1762.42,60
1660796700,1762.20,50
1660796760,1762.21,38
1660796820,1762.42,40
1660796880,1762.22,57
1660796940,1762.09,47
1660797000,1762.12,47
1660797060,1761.78,50
1660797120,1762.05,73
1660797180,1762.01,64
1660797240,1762.34,78
1660797300,1762.19,42
1660797360,1762.24,20
1660797420,1762.54,61
1660797480,1762.58,33
1660797540,1762.84,50
1660797600,1762.92,39
1660797660,1762.64,36
1660797720,1762.64,49
1660797780,1762.64,18
1660797840,1762.75,39
1660797900,1762.76,34
1660797960,1762.92,57
1660798020,1763.10,64
1660798080,1763.04,62
1660798140,1763.15,43
1660798200,1763.14,57
1660798260,1763.21,43
1660798320,1763.12,47
1660798380,1763.18,25
1660798440,1763.23,53
1660798500,1763.28,32
1660798560,1763.31,69
1660798620,1763.26,51
1660798680,1763.26,58
1660798740,1763.32,30
1660798800,1763.20,63
1660798860,1763.30,44
1660798920,1763.22,42
1660798980,1763.17,53
1660799040,1763.14,64
1660799100,1762.99,56
1660799160,1762.96,53
1660799220,1763.06,26
1660799280,1763.07,61
1660799340,1763.44,54
1660799400,1763.34,63
1660799460,1763.52,84
1660799520,1764.16,58
1660799580,1764.20,62
1660799640,1764.08,55
1660799700,1764.18,42
1660799760,1764.14,64
1660799820,1764.11,26
1660799880,1764.21,62
1660799940,1764.25,60
1660800000,1764.48,40
1660800060,1764.38,40
1660800120,1764.24,35
1660800180,1764.28,46
1660800240,1764.30,52
1660800300,1764.40,48
1660800360,1764.32,42
1660800420,1764.49,43
1660800480,1764.56,47
1660800540,1764.68,55
1660800600,1764.38,190
1660800660,1764.33,145
1660800720,1764.44,99
1660800780,1764.54,66
1660800840,1765.01,91
1660800900,1764.81,42
1660800960,1764.33,90
1660801020,1764.26,67
1660801080,1764.77,88
1660801140,1764.76,131
1660801200,1765.10,170
1660801260,1765.34,106
1660801320,1765.04,124
1660801380,1764.54,123
1660801440,1764.70,98
1660801500,1764.39,120
1660801560,1764.28,86
1660801620,1763.72,121
1660801680,1764.16,111
1660801740,1763.96,136
1660801800,1764.12,91
1660801860,1763.90,99
1660801920,1763.76,101
1660801980,1764.06,96
1660802040,1763.80,94
1660802100,1763.80,57
1660802160,1763.58,54
1660802220,1763.54,62
1660802280,1763.35,111
1660802340,1763.29,109
1660802400,1763.10,178
1660802460,1763.02,156
1660802520,1762.78,101
1660802580,1762.56,116
1660802640,1762.52,127
1660802700,1762.82,134
1660802760,1763.10,162
1660802820,1763.13,165
1660802880,1763.00,142
1660802940,1763.44,93
1660803000,1763.17,99
1660803060,1763.38,105
1660803120,1763.24,84
1660803180,1763.16,96
1660803240,1763.30,105
1660803300,1763.12,135
1660803360,1763.04,114
1660803420,1762.93,109
1660803480,1762.80,124
1660803540,1762.96,85
1660803600,1762.96,88
1660803660,1763.36,128
1660803720,1763.14,87
1660803780,1763.18,88
1660803840,1763.12,81
1660803900,1763.05,107
1660803960,1762.74,91
1660804020,1762.65,59
1660804080,1762.69,62
1660804140,1762.52,79
1660804200,1762.40,134
1660804260,1762.34,152
1660804320,1762.36,103
1660804380,1762.32,105
1660804440,1762.23,107
1660804500,1761.91,162
1660804560,1761.95,122
1660804620,1762.21,103
1660804680,1762.50,93
1660804740,1762.02,109
1660804800,1762.11,69
1660804860,1761.87,123
1660804920,1761.68,77
1660804980,1761.90,136
1660805040,1762.06,111
1660805100,1761.58,117
1660805160,1761.06,120
1660805220,1761.47,167
1660805280,1761.36,124
1660805340,1761.60,121
1660805400,1761.50,94
1660805460,1761.18,135
1660805520,1761.58,188
1660805580,1761.92,141
1660805640,1761.94,116
1660805700,1761.58,114
1660805760,1761.30,204
1660805820,1761.84,164
1660805880,1761.66,148
1660805940,1761.46,185
1660806000,1761.72,262
1660806060,1761.78,167
1660806120,1761.84,105
1660806180,1761.61,170
1660806240,1761.55,154
1660806300,1761.64,168
1660806360,1761.58,160
1660806420,1762.50,175
1660806480,1762.12,186
1660806540,1762.64,181
1660806600,1763.04,169
1660806660,1762.38,163
1660806720,1762.34,166
1660806780,1762.29,161
1660806840,1761.79,133
1660806900,1761.52,152
1660806960,1762.14,128
1660807020,1762.26,116
1660807080,1762.16,179
1660807140,1762.38,197
1660807200,1762.48,180
1660807260,1762.48,133
1660807320,1762.20,129
1660807380,1762.34,157
1660807440,1762.18,182
1660807500,1762.28,194
1660807560,1762.18,139
1660807620,1762.26,138
1660807680,1762.38,147
1660807740,1762.41,154
1660807800,1762.54,118
1660807860,1762.61,127
1660807920,1763.10,138
1660807980,1763.37,118
1660808040,1763.04,136
1660808100,1762.36,112
1660808160,1762.10,163
1660808220,1761.98,170
1660808280,1761.64,153
1660808340,1762.28,183
1660808400,1762.24,143
1660808460,1762.36,163
1660808520,1762.65,223
1660808580,1762.08,146
1660808640,1762.60,110
1660808700,1762.75,185
1660808760,1762.74,103
1660808820,1762.26,92
1660808880,1761.84,158
1660808940,1761.69,133
1660809000,1761.88,131
1660809060,1762.04,128
1660809120,1762.18,113
1660809180,1762.17,119
1660809240,1762.25,121
1660809300,1762.01,146
1660809360,1761.84,101
1660809420,1762.26,144
1660809480,1762.82,136
1660809540,1762.76,171
1660809600,1762.84,170
1660809660,1763.25,154
1660809720,1763.06,133
1660809780,1763.49,128
1660809840,1763.58,190
1660809900,1762.88,131
1660809960,1762.86,135
1660810020,1763.61,159
1660810080,1764.14,162
1660810140,1764.55,190
1660810200,1764.72,162
1660810260,1764.21,155
1660810320,1763.99,152
1660810380,1763.88,113
1660810440,1763.78,82
1660810500,1763.86,126
1660810560,1763.83,125
1660810620,1763.74,153
1660810680,1763.69,121
1660810740,1763.60,125
1660810800,1763.46,125
1660810860,1763.16,158
1660810920,1763.22,104
1660810980,1763.28,112
1660811040,1763.06,111
1660811100,1763.74,123
1660811160,1763.35,53
1660811220,1763.26,119
1660811280,1763.02,147
1660811340,1763.26,127
1660811400,1763.33,128
1660811460,1763.37,146
1660811520,1762.95,123
1660811580,1763.22,111
1660811640,1763.16,111
1660811700,1762.66,126
1660811760,1762.92,117
1660811820,1762.94,141
1660811880,1763.22,151
1660811940,1763.64,169
1660812000,1763.73,150
1660812060,1763.54,81
1660812120,1763.60,93
1660812180,1763.46,103
1660812240,1764.41,197
1660812300,1764.84,298
1660812360,1765.12,282
1660812420,1765.40,207
1660812480,1765.08,201
1660812540,1765.28,200
1660812600,1765.46,211
1660812660,1765.74,176
1660812720,1765.80,122
1660812780,1765.88,173
1660812840,1765.84,164
1660812900,1765.34,165
1660812960,1765.78,140
1660813020,1765.62,125
1660813080,1766.04,136
1660813140,1766.19,128
1660813200,1766.22,168
1660813260,1766.36,163
1660813320,1766.30,137
1660813380,1766.47,164
1660813440,1766.54,108
1660813500,1766.56,128
1660813560,1766.58,153
1660813620,1766.99,160
1660813680,1766.73,145
1660813740,1766.51,110
1660813800,1766.36,123
1660813860,1766.30,152
1660813920,1766.24,121
1660813980,1766.19,139
1660814040,1765.72,119
1660814100,1765.96,149
1660814160,1765.78,109
1660814220,1766.10,106
1660814280,1766.14,112
1660814340,1765.78,126
1660814400,1765.57,136
1660814460,1765.56,106
1660814520,1765.69,118
1660814580,1765.82,87
1660814640,1765.73,108
1660814700,1765.60,129
1660814760,1765.78,94
1660814820,1766.02,91
1660814880,1765.74,94
1660814940,1765.57,115
1660815000,1766.12,154
1660815060,1765.97,103
1660815120,1766.30,126
1660815180,1766.36,107
1660815240,1766.53,145
1660815300,1766.34,132
1660815360,1766.28,111
1660815420,1766.38,91
1660815480,1766.34,92
1660815540,1766.33,79
1660815600,1766.47,85
1660815660,1766.34,126
1660815720,1766.55,82
1660815780,1766.66,104
1660815840,1767.22,168
1660815900,1767.24,127
1660815960,1766.98,113
1660816020,1767.16,108
1660816080,1767.18,115
1660816140,1767.06,101
1660816200,1767.34,126
1660816260,1767.36,116
1660816320,1767.20,98
1660816380,1767.55,99
1660816440,1767.66,120
1660816500,1768.64,199
1660816560,1768.75,175
1660816620,1768.89,153
1660816680,1768.77,175
1660816740,1768.94,134
1660816800,1769.56,183
1660816860,1769.37,155
1660816920,1769.18,155
1660816980,1769.38,164
1660817040,1769.34,139
1660817100,1769.35,176
1660817160,1770.01,138
1660817220,1769.86,209
1660817280,1769.94,173
1660817340,1770.42,130
1660817400,1770.57,143
1660817460,1770.48,121
1660817520,1770.49,104
1660817580,1770.17,152
1660817640,1770.19,127
1660817700,1770.41,162
1660817760,1769.65,211
1660817820,1770.06,148
1660817880,1770.16,129
1660817940,1769.97,128
1660818000,1769.93,119
1660818060,1769.76,85
1660818120,1769.97,98
1660818180,1769.66,115
1660818240,1769.82,85
1660818300,1770.04,123
1660818360,1769.46,115
1660818420,1769.72,113
1660818480,1769.75,143
1660818540,1769.73,85
1660818600,1769.76,87
1660818660,1769.54,148
1660818720,1769.63,124
1660818780,1770.32,191
1660818840,1770.40,136
1660818900,1769.90,164
1660818960,1770.28,129
1660819020,1770.00,105
1660819080,1769.96,91
1660819140,1769.57,110
1660819200,1769.18,136
1660819260,1769.27,101
1660819320,1768.96,150
1660819380,1769.04,105
1660819440,1768.78,86
1660819500,1768.58,103
1660819560,1768.72,90
1660819620,1768.50,98
1660819680,1768.60,113
1660819740,1768.73,91
1660819800,1769.20,97
1660819860,1769.23,106
1660819920,1769.29,89
1660819980,1769.29,87
1660820040,1769.36,85
1660820100,1769.08,87
1660820160,1769.52,86
1660820220,1769.64,66
1660820280,1769.80,95
1660820340,1769.99,111
1660820400,1769.98,149
1660820460,1769.92,97
1660820520,1769.86,132
1660820580,1770.15,105
1660820640,1770.26,158
1660820700,1770.14,115
1660820760,1770.48,116
1660820820,1770.00,123
1660820880,1770.00,96
1660820940,1769.56,84
1660821000,1769.84,113
1660821060,1769.72,108
1660821120,1769.96,123
1660821180,1770.12,130
1660821240,1770.48,139
1660821300,1770.73,149
1660821360,1770.55,163
1660821420,1770.41,168
1660821480,1770.24,133
1660821540,1770.12,114
1660821600,1769.76,111
1660821660,1770.22,146
1660821720,1770.28,146
1660821780,1770.09,125
1660821840,1769.87,108
1660821900,1770.08,136
1660821960,1770.12,126
1660822020,1770.20,101
1660822080,1770.63,110
1660822140,1770.94,131
1660822200,1771.80,203
1660822260,1771.15,182
1660822320,1771.84,134
1660822380,1771.44,160
1660822440,1771.30,138
1660822500,1771.70,152
1660822560,1771.51,138
1660822620,1772.00,161
1660822680,1772.31,169
1660822740,1772.26,153
1660822800,1771.74,144
1660822860,1771.14,180
1660822920,1771.02,173
1660822980,1770.89,144
1660823040,1771.10,164
1660823100,1770.98,191
1660823160,1770.88,130
1660823220,1770.70,111
1660823280,1770.78,126
1660823340,1771.11,121
1660823400,1771.16,174
1660823460,1771.32,227
1660823520,1770.86,158
1660823580,1771.12,132
1660823640,1770.96,97
1660823700,1770.88,118
1660823760,1770.80,160
1660823820,1770.65,84
1660823880,1770.56,111
1660823940,1770.50,132
1660824000,1770.50,162
1660824060,1770.40,156
1660824120,1770.78,193
1660824180,1770.26,183
1660824240,1770.65,209
1660824300,1771.02,243
1660824360,1771.08,218
1660824420,1770.75,209
1660824480,1770.27,160
1660824540,1769.79,199
1660824600,1769.47,201
1660824660,1769.64,194
1660824720,1769.02,168
1660824780,1768.87,191
1660824840,1769.33,222
1660824900,1769.57,192
1660824960,1769.67,155
1660825020,1769.76,128
1660825080,1769.60,131
1660825140,1768.86,180
1660825200,1769.58,356
1660825260,1768.60,261
1660825320,1769.04,253
1660825380,1769.22,205
1660825440,1769.88,260
1660825500,1770.10,276
1660825560,1771.20,280
1660825620,1771.90,217
1660825680,1771.58,113
1660825740,1771.10,168
1660825800,1767.92,407
1660825860,1767.85,370
1660825920,1767.38,404
1660825980,1767.72,359
1660826040,1769.04,347
1660826100,1769.72,401
1660826160,1769.86,324
1660826220,1769.07,274
1660826280,1767.84,280
1660826340,1767.60,240
1660826400,1768.06,281
1660826460,1767.86,301
1660826520,1766.94,364
1660826580,1767.23,301
1660826640,1767.82,279
1660826700,1767.88,255
1660826760,1767.73,213
1660826820,1767.64,227
1660826880,1767.28,202
1660826940,1767.16,230
1660827000,1767.18,210
1660827060,1767.61,207
1660827120,1768.30,242
1660827180,1767.49,215
1660827240,1767.04,201
1660827300,1767.40,185
1660827360,1767.12,226
1660827420,1767.20,212
1660827480,1767.18,204
1660827540,1767.34,180
1660827600,1767.29,302
1660827660,1766.80,252
1660827720,1766.54,225
1660827780,1766.48,277
1660827840,1766.45,199
1660827900,1766.56,256
1660827960,1765.58,259
1660828020,1764.52,271
1660828080,1763.98,314
1660828140,1763.72,253
1660828200,1763.18,265
1660828260,1764.62,261
1660828320,1765.01,301
1660828380,1764.66,245
1660828440,1764.30,197
1660828500,1765.07,340
1660828560,1764.17,268
1660828620,1764.15,227
1660828680,1764.52,256
1660828740,1764.92,233
1660828800,1765.12,256
1660828860,1765.30,207
1660828920,1765.31,180
1660828980,1764.77,212
1660829040,1765.08,219
1660829100,1765.77,200
1660829160,1766.28,158
1660829220,1766.65,290
1660829280,1766.76,190
1660829340,1766.95,210
1660829400,1767.68,273
1660829460,1767.58,350
1660829520,1768.10,319
1660829580,1767.72,277
1660829640,1768.00,274
1660829700,1768.36,288
1660829760,1768.60,346
1660829820,1769.67,330
1660829880,1769.64,297
1660829940,1769.06,286
1660830000,1768.96,377
1660830060,1769.02,324
1660830120,1768.22,280
1660830180,1767.82,274
1660830240,1768.10,258
1660830300,1766.37,276
1660830360,1765.86,315
1660830420,1765.86,327
1660830480,1765.53,214
1660830540,1765.02,261
1660830600,1765.39,241
1660830660,1765.96,229
1660830720,1765.27,256
1660830780,1765.79,194
1660830840,1765.97,234
1660830900,1764.66,227
1660830960,1765.28,244
1660831020,1765.34,209
1660831080,1765.65,207
1660831140,1765.76,249
1660831200,1766.04,382
1660831260,1765.70,289
1660831320,1764.70,314
1660831380,1764.90,287
1660831440,1765.05,250
1660831500,1764.56,259
1660831560,1764.12,291
1660831620,1764.22,275
1660831680,1763.92,286
1660831740,1763.93,280
1660831800,1764.32,265
1660831860,1764.91,229
1660831920,1764.88,216
1660831980,1764.88,225
1660832040,1765.90,278
1660832100,1765.64,282
1660832160,1765.89,211
1660832220,1766.39,186
1660832280,1765.80,173
1660832340,1765.02,207
1660832400,1764.38,236
1660832460,1764.64,270
1660832520,1764.72,182
1660832580,1764.00,186
1660832640,1764.56,224
1660832700,1764.16,214
1660832760,1764.54,202
1660832820,1764.17,195
1660832880,1763.98,167
1660832940,1764.08,215
1660833000,1764.37,232
1660833060,1764.06,228
1660833120,1763.80,214
1660833180,1763.31,255
1660833240,1764.33,271
1660833300,1763.58,213
1660833360,1763.54,210
1660833420,1763.60,169
1660833480,1764.12,189
1660833540,1764.40,213
1660833600,1764.74,198
1660833660,1764.54,199
1660833720,1764.17,159
1660833780,1763.86,197
1660833840,1763.91,201
1660833900,1763.40,206
1660833960,1762.72,210
1660834020,1763.25,235
1660834080,1763.15,233
1660834140,1763.24,243
1660834200,1763.30,193
1660834260,1762.86,178
1660834320,1762.86,207
1660834380,1762.47,213
1660834440,1762.35,194
1660834500,1762.38,216
1660834560,1762.08,207
1660834620,1762.22,187
1660834680,1762.23,200
1660834740,1762.30,245
1660834800,1761.99,242
1660834860,1762.88,246
1660834920,1762.69,234
1660834980,1762.38,186
1660835040,1762.06,209
1660835100,1761.22,294
1660835160,1761.26,219
1660835220,1761.16,210
1660835280,1761.56,204
1660835340,1760.96,191
1660835400,1761.47,231
1660835460,1761.10,218
1660835520,1761.46,253
1660835580,1761.78,163
1660835640,1761.69,184
1660835700,1761.71,232
1660835760,1761.78,206
1660835820,1761.86,190
1660835880,1762.21,173
1660835940,1762.52,187
1660836000,1762.12,161
1660836060,1761.62,161
1660836120,1761.26,185
1660836180,1761.67,194
1660836240,1761.34,196
1660836300,1761.26,126
1660836360,1761.42,128
1660836420,1761.39,170
1660836480,1761.84,147
1660836540,1761.91,139
1660836600,1761.98,182
1660836660,1761.92,138
1660836720,1762.16,158
1660836780,1761.64,161
1660836840,1761.41,177
1660836900,1761.30,165
1660836960,1761.38,158
1660837020,1761.88,126
1660837080,1761.35,149
1660837140,1760.81,175
1660837200,1760.76,180
1660837260,1758.94,257
1660837320,1759.02,196
1660837380,1759.05,162
1660837440,1758.99,200
1660837500,1758.30,239
1660837560,1758.02,224
1660837620,1758.47,210
1660837680,1758.51,182
1660837740,1758.48,119
1660837800,1759.07,165
1660837860,1759.31,180
1660837920,1759.96,196
1660837980,1759.88,182
1660838040,1759.48,119
1660838100,1759.55,141
1660838160,1759.64,133
1660838220,1759.88,135
1660838280,1759.95,142
1660838340,1759.82,115
1660838400,1759.59,168
1660838460,1758.58,198
1660838520,1758.16,144
1660838580,1758.22,170
1660838640,1758.20,149
1660838700,1758.38,113
1660838760,1758.84,137
1660838820,1758.47,136
1660838880,1758.86,103
1660838940,1758.46,120
1660839000,1758.47,130
1660839060,1758.06,71
1660839120,1758.06,95
1660839180,1757.72,133
1660839240,1757.60,155
1660839300,1757.38,135
1660839360,1756.84,151
1660839420,1756.65,197
1660839480,1757.15,187
1660839540,1756.88,157
1660839600,1756.80,142
1660839660,1756.85,115
1660839720,1756.79,136
1660839780,1757.42,82
1660839840,1757.40,108
1660839900,1757.42,140
1660839960,1757.28,152
1660840020,1757.72,138
1660840080,1757.33,119
1660840140,1757.31,100
1660840200,1757.14,141
1660840260,1756.84,145
1660840320,1756.99,134
1660840380,1757.08,152
1660840440,1757.69,110
1660840500,1757.78,174
1660840560,1757.59,116
1660840620,1757.52,137
1660840680,1757.76,119
1660840740,1758.03,153
1660840800,1757.77,133
1660840860,1757.78,130
1660840920,1758.21,130
1660840980,1758.12,125
1660841040,1757.53,152
1660841100,1757.22,154
1660841160,1757.55,126
1660841220,1758.08,129
1660841280,1758.31,137
1660841340,1758.13,116
1660841400,1757.96,132
1660841460,1757.96,121
1660841520,1757.62,146
1660841580,1757.82,110
1660841640,1757.79,112
1660841700,1757.53,112
1660841760,1757.72,120
1660841820,1758.06,130
1660841880,1757.97,124
1660841940,1757.28,260
1660842000,1757.28,272
1660842060,1757.10,201
1660842120,1757.24,247
1660842180,1756.40,231
1660842240,1755.88,220
1660842300,1756.53,222
1660842360,1756.41,210
1660842420,1756.66,166
1660842480,1756.64,168
1660842540,1757.12,138
1660842600,1756.55,150
1660842660,1756.56,160
1660842720,1755.60,200
1660842780,1757.10,346
1660842840,1756.51,272
1660842900,1756.38,251
1660842960,1756.64,231
1660843020,1756.48,175
1660843080,1756.58,199
1660843140,1756.88,152
1660843200,1756.79,182
1660843260,1757.06,197
1660843320,1757.33,142
1660843380,1757.16,159
1660843440,1757.48,142
1660843500,1757.46,114
1660843560,1757.45,81
1660843620,1757.84,108
1660843680,1757.10,162
1660843740,1757.60,251
1660843800,1757.74,150
1660843860,1757.18,103
1660843920,1757.48,167
1660843980,1757.36,133
1660844040,1757.46,113
1660844100,1757.38,103
1660844160,1757.56,110
1660844220,1757.34,96
1660844280,1757.34,116
1660844340,1757.38,108
1660844400,1757.46,58
1660844460,1758.02,160
1660844520,1758.53,103
1660844580,1758.72,108
1660844640,1758.82,91
1660844700,1758.97,109
1660844760,1758.35,164
1660844820,1758.66,92
1660844880,1758.43,91
1660844940,1758.41,62
1660845000,1758.16,96
1660845060,1758.16,94
1660845120,1758.28,89
1660845180,1758.28,56
1660845240,1758.47,66
1660845300,1757.99,79
1660845360,1758.07,74
1660845420,1758.10,119
1660845480,1758.38,103
1660845540,1758.50,98
1660845600,1758.38,99
1660845660,1758.13,77
1660845720,1758.28,72
1660845780,1758.36,70
1660845840,1758.78,67
1660845900,1758.48,73
1660845960,1758.64,57
1660846020,1758.38,62
1660846080,1758.40,62
1660846140,1758.56,102
1660846200,1758.30,64
1660846260,1758.18,76
1660846320,1758.37,66
1660846380,1758.37,53
1660846440,1758.58,68
1660846500,1758.82,84
1660846560,1758.70,61
1660846620,1758.62,73
1660846680,1758.62,53
1660846740,1758.69,63
1660846800,1758.92,78
1660846860,1759.02,75
1660846920,1759.14,70
1660846980,1759.20,70
1660847040,1759.07,62
1660847100,1758.62,82
1660847160,1758.56,74
1660847220,1758.60,107
1660847280,1758.61,62
1660847340,1758.38,105
1660847400,1758.17,79
1660847460,1758.27,56
1660847520,1758.34,72
1660847580,1758.90,64
1660847640,1758.98,62
1660847700,1758.69,42
1660847760,1758.55,65
1660847820,1758.32,92
1660847880,1758.42,90
1660847940,1758.36,74
1660848000,1758.39,62
1660848060,1758.16,55
1660848120,1758.17,67
1660848180,1758.29,81
1660848240,1757.99,62
1660848300,1758.07,73
1660848360,1758.25,52
1660848420,1758.26,34
1660848480,1758.30,67
1660848540,1758.40,111
1660848600,1758.56,75
1660848660,1758.72,64
1660848720,1758.89,88
1660848780,1758.82,61
1660848840,1758.84,61
1660848900,1759.22,91
1660848960,1759.56,114
1660849020,1759.64,93
1660849080,1759.76,77
1660849140,1759.62,105
1660849200,1759.58,139
1660849260,1759.82,68
1660849320,1760.28,129
1660849380,1760.28,88
1660849440,1760.54,81
1660849500,1760.68,112
1660849560,1760.48,79
1660849620,1760.84,87
1660849680,1761.15,115
1660849740,1761.05,59
1660849800,1760.72,111
1660849860,1760.81,29
1660849920,1761.02,69
1660849980,1761.18,71
1660850040,1760.88,66
1660850100,1760.93,82
1660850160,1761.08,72
1660850220,1760.76,153
1660850280,1760.71,78
1660850340,1760.88,79
1660850400,1760.89,70
1660850460,1760.51,73
1660850520,1760.42,49
1660850580,1760.67,85
1660850640,1760.66,68
1660850700,1760.50,72
1660850760,1760.39,54
1660850820,1760.26,64
1660850880,1760.21,67
1660850940,1759.98,92
1660851000,1760.04,97
1660851060,1759.98,58
1660851120,1760.27,92
1660851180,1760.26,99
1660851240,1760.28,30
1660851300,1759.90,54
1660851360,1759.84,93
1660851420,1759.86,56
1660851480,1759.76,88
1660851540,1759.58,45
1660851600,1759.48,79
1660851660,1759.46,67
1660851720,1759.45,62
1660851780,1759.46,52
1660851840,1759.63,60
1660851900,1759.34,94
1660851960,1759.36,36
1660852020,1759.31,68
1660852080,1759.26,68
1660852140,1759.14,72
1660852200,1759.29,80
1660852260,1759.49,66
1660852320,1759.23,60
1660852380,1759.56,47
1660852440,1759.54,80
1660852500,1759.44,43
1660852560,1759.81,68
1660852620,1759.72,47
1660852680,1759.64,127
1660852740,1759.64,126
1660852800,1759.18,76
1660852860,1759.10,55
1660852920,1759.16,67
1660852980,1758.85,79
1660853040,1759.03,41
1660853100,1759.08,35
1660853160,1759.04,21
1660853220,1759.30,68
1660853280,1759.59,43
1660853340,1759.66,32
1660853400,1759.54,53
1660853460,1759.51,44
1660853520,1759.42,24
1660853580,1759.54,48
1660853640,1759.53,48
1660853700,1759.52,30
1660853760,1759.50,32
1660853820,1759.50,16
1660853880,1759.52,46
1660853940,1759.46,50
1660854000,1759.44,33
1660854060,1759.36,45
1660854120,1759.38,15
1660854180,1759.26,28
1660854240,1759.27,16
1660854300,1759.29,37
1660854360,1759.28,28
1660854420,1759.28,20
1660854480,1759.18,36
1660854540,1759.20,62
1660854600,1758.89,56
1660854660,1758.82,18
1660854720,1758.93,27
1660854780,1759.00,28
1660854840,1759.22,37
1660854900,1759.20,43
1660854960,1759.26,31
1660855020,1759.23,34
1660855080,1759.16,27
1660855140,1759.11,36
1660855200,1759.01,58
1660855260,1759.10,44
1660855320,1759.16,31
1660855380,1759.08,31
1660855440,1759.16,35
1660855500,1759.14,51
1660855560,1758.88,66
1660855620,1758.78,34
1660855680,1758.67,64
1660855740,1758.66,34
1660855800,1758.64,45
1660855860,1758.45,32
1660855920,1758.54,81
1660855980,1758.64,39
1660856040,1758.70,20
1660856100,1758.54,56
1660856160,1758.35,30
1660860120,1758.94,38
1660860180,1759.19,48
1660860240,1759.06,35
1660860300,1758.80,52
1660860360,1758.59,26
1660860420,1758.43,41
1660860480,1758.10,58
1660860540,1757.77,86
1660860600,1758.04,42
1660860660,1758.91,85
1660860720,1758.52,37
1660860780,1758.48,33
1660860840,1758.47,6
1660860900,1758.52,19
1660860960,1757.90,29
1660861020,1758.06,23
1660861080,1757.91,21
1660861140,1757.91,13
1660861200,1757.78,18
1660861260,1757.92,9
1660861320,1758.01,14
1660861380,1758.01,15
1660861440,1758.03,11
1660861500,1758.01,16
1660861560,1757.91,16
1660861620,1758.02,17
1660861680,1757.96,15
1660861740,1757.92,25
1660861800,1758.22,50
1660861860,1758.31,54
1660861920,1758.48,44
1660861980,1758.27,43
1660862040,1758.42,44
1660862100,1758.06,32
1660862160,1758.00,32
1660862220,1757.99,3
1660862280,1757.82,16
1660862340,1757.90,15
1660862400,1757.82,12
1660862460,1757.73,27
1660862520,1757.71,61
1660862580,1757.90,32
1660862640,1757.90,36
1660862700,1757.82,41
1660862760,1757.91,50
1660862820,1758.02,28
1660862880,1758.20,22
1660862940,1758.40,46
1660863000,1758.10,27
1660863060,1758.18,41
1660863120,1757.98,24
1660863180,1757.90,24
1660863240,1757.71,16
1660863300,1757.60,21
1660863360,1757.51,18
1660863420,1757.38,27
1660863480,1757.48,41
1660863540,1757.38,21
1660863600,1757.30,32
1660863660,1757.33,27
1660863720,1757.40,14
1660863780,1757.58,18
1660863840,1757.70,18
1660863900,1757.87,37
1660863960,1757.98,66
1660864020,1758.08,16
1660864080,1758.27,44
1660864140,1758.58,48
1660864200,1758.60,58
1660864260,1758.51,43
1660864320,1758.35,22
1660864380,1758.29,79
1660864440,1758.08,48
1660864500,1758.07,50
1660864560,1757.98,45
1660864620,1757.88,41
1660864680,1757.88,14
1660864740,1757.96,35
1660864800,1757.76,48
1660864860,1757.48,43
1660864920,1757.52,84
1660864980,1757.50,25
1660865040,1758.03,39
1660865100,1758.08,29
1660865160,1757.92,37
1660865220,1758.12,25
1660865280,1758.18,23
1660865340,1758.11,30
1660865400,1758.14,52
1660865460,1758.24,33
1660865520,1758.32,22
1660865580,1758.43,37
1660865640,1758.48,39
1660865700,1758.45,41
1660865760,1758.27,32
1660865820,1758.46,14
1660865880,1758.44,25
1660865940,1758.46,19
1660866000,1758.37,17
1660866060,1758.34,42
1660866120,1758.76,54
1660866180,1758.82,29
1660866240,1758.56,26
1660866300,1758.70,61
1660866360,1759.03,77
1660866420,1758.98,104
1660866480,1758.74,68
1660866540,1758.47,34
1660866600,1758.54,39
1660866660,1758.58,36
1660866720,1758.57,33
1660866780,1758.54,16
1660866840,1758.58,42
1660866900,1758.62,33
1660866960,1758.54,21
1660867020,1758.48,20
1660867080,1758.52,23
1660867140,1758.43,15
1660867200,1758.43,65
1660867260,1758.30,96
1660867320,1758.16,75
1660867380,1758.01,91
1660867440,1758.06,62
1660867500,1757.70,79
1660867560,1757.58,37
1660867620,1757.50,32
1660867680,1756.92,100
1660867740,1756.66,141
1660867800,1756.02,137
1660867860,1755.56,140
1660867920,1755.76,142
1660867980,1755.34,119
1660868040,1755.58,74
1660868100,1755.74,108
1660868160,1756.14,116
1660868220,1756.32,84
1660868280,1756.62,84
1660868340,1756.54,78
1660868400,1756.16,93
1660868460,1756.36,61
1660868520,1756.85,54
1660868580,1756.68,42
1660868640,1756.50,36
1660868700,1756.22,65
1660868760,1755.92,92
1660868820,1755.98,72
1660868880,1756.14,62
1660868940,1756.22,92
1660869000,1755.82,127
1660869060,1755.61,104
1660869120,1755.58,97
1660869180,1755.74,82
1660869240,1755.30,67
1660869300,1755.18,66
1660869360,1755.11,88
1660869420,1755.14,62
1660869480,1755.02,122
1660869540,1755.09,98
1660869600,1755.28,84
1660869660,1755.32,58
1660869720,1755.34,55
1660869780,1755.74,64
1660869840,1755.74,74
1660869900,1756.05,73
1660869960,1755.96,80
1660870020,1755.69,61
1660870080,1755.86,53
1660870140,1755.94,73
1660870200,1755.98,90
1660870260,1756.08,68
1660870320,1755.86,106
1660870380,1756.33,118
1660870440,1756.15,138
1660870500,1755.95,94
1660870560,1755.88,70
1660870620,1755.56,70
1660870680,1755.46,78
1660870740,1755.46,55
1660870800,1755.06,183
1660870860,1755.31,130
1660870920,1755.28,137
1660870980,1755.66,141
1660871040,1755.16,117
1660871100,1755.22,108
1660871160,1755.24,125
1660871220,1755.36,176
1660871280,1755.56,158
1660871340,1755.47,94
1660871400,1755.76,114
1660871460,1755.94,127
1660871520,1756.72,139
1660871580,1757.04,114
1660871640,1757.50,140
1660871700,1756.68,204
1660871760,1757.20,121
1660871820,1757.30,121
1660871880,1757.13,82
1660871940,1756.85,103
1660872000,1756.74,104
1660872060,1756.60,128
1660872120,1756.55,95
1660872180,1756.52,70
1660872240,1756.53,65
1660872300,1756.30,80
1660872360,1756.10,58
1660872420,1756.00,73
1660872480,1756.15,90
1660872540,1756.20,70
1660872600,1755.98,97
1660872660,1755.26,153
1660872720,1754.36,232
1660872780,1754.46,229
1660872840,1755.04,145
1660872900,1755.13,160
1660872960,1754.88,123
1660873020,1754.48,105
1660873080,1754.60,123
1660873140,1754.51,86
1660873200,1754.36,86
1660873260,1753.74,137
1660873320,1753.88,192
1660873380,1754.42,199
1660873440,1754.67,120
1660873500,1754.98,97
1660873560,1754.52,111
1660873620,1754.48,93
1660873680,1754.42,118
1660873740,1754.82,130
1660873800,1754.94,155
1660873860,1754.68,87
1660873920,1754.53,115
1660873980,1754.32,117
1660874040,1754.32,85
1660874100,1754.44,80
1660874160,1754.72,68
1660874220,1754.92,130
1660874280,1754.60,99
1660874340,1754.66,80
1660874400,1755.00,87
1660874460,1755.14,66
1660874520,1755.00,73
1660874580,1755.09,60
1660874640,1755.55,125
1660874700,1755.20,119
1660874760,1755.70,123
1660874820,1755.70,98
1660874880,1755.70,68
1660874940,1755.84,93
1660875000,1756.40,119
1660875060,1756.04,198
1660875120,1756.54,126
1660875180,1756.84,141
1660875240,1756.86,94
1660875300,1756.16,82
1660875360,1756.02,54
1660875420,1756.21,62
1660875480,1756.34,44
1660875540,1755.84,69
1660875600,1755.95,56
1660875660,1755.81,84
1660875720,1755.66,55
1660875780,1755.77,85
1660875840,1755.74,55
1660875900,1756.11,73
1660875960,1756.10,85
1660876020,1756.10,72
1660876080,1755.92,50
1660876140,1756.36,83
1660876200,1756.38,118
1660876260,1756.09,96
1660876320,1755.98,72
1660876380,1755.82,75
1660876440,1756.08,104
1660876500,1756.02,88
1660876560,1756.39,57
1660876620,1756.58,63
1660876680,1756.54,53
1660876740,1756.39,76
1660876800,1756.66,65
1660876860,1757.08,142
1660876920,1757.34,176
1660876980,1757.15,151
1660877040,1756.64,149
1660877100,1756.44,92
1660877160,1756.06,58
1660877220,1755.84,55
1660877280,1755.80,54
1660877340,1755.78,70
1660877400,1755.82,66
1660877460,1755.98,74
1660877520,1755.76,54
1660877580,1755.91,138
1660877640,1755.86,79
1660877700,1755.95,82
1660877760,1755.97,80
1660877820,1756.36,102
1660877880,1757.14,161
1660877940,1757.52,180
1660878000,1757.30,163
1660878060,1756.88,145
1660878120,1756.44,109
1660878180,1756.50,77
1660878240,1756.54,74
1660878300,1756.41,96
1660878360,1756.54,49
1660878420,1756.55,69
1660878480,1756.44,74
1660878540,1756.50,63
1660878600,1756.42,75
1660878660,1756.22,86
1660878720,1756.16,44
1660878780,1756.10,91
1660878840,1756.08,43
1660878900,1755.93,55
1660878960,1755.92,74
1660879020,1755.76,65
1660879080,1755.64,86
1660879140,1755.71,78
1660879200,1755.87,64
1660879260,1755.84,66
1660879320,1756.14,57
1660879380,1756.02,44
1660879440,1755.66,77
1660879500,1755.70,58
1660879560,1755.59,28
1660879620,1755.87,47
1660879680,1756.00,51
1660879740,1755.82,55
1660879800,1755.88,68
1660879860,1755.86,106
1660879920,1755.74,54
1660879980,1755.68,59
1660880040,1755.64,51
1660880100,1755.54,67
1660880160,1755.44,72
1660880220,1754.84,74
1660880280,1754.86,69
1660880340,1754.66,82
1660880400,1754.26,66
1660880460,1754.39,67
1660880520,1754.33,43
1660880580,1754.34,59
1660880640,1754.30,74
1660880700,1754.36,48
1660880760,1754.36,44
1660880820,1754.14,64
1660880880,1754.40,70
1660880940,1754.38,68
1660881000,1754.51,63
1660881060,1754.68,32
1660881120,1754.78,21
1660881180,1754.58,70
1660881240,1754.03,64
1660881300,1754.09,129
1660881360,1753.72,135
1660881420,1754.15,129
1660881480,1754.03,110
1660881540,1754.24,66
1660881600,1754.08,74
1660881660,1753.84,84
1660881720,1753.90,53
1660881780,1753.80,47
1660881840,1753.78,77
1660881900,1753.38,97
1660881960,1753.90,118
1660882020,1753.62,58
1660882080,1753.70,82
1660882140,1753.59,56
1660882200,1753.54,41
1660882260,1753.32,91
1660882320,1753.52,85
1660882380,1752.80,138
1660882440,1752.64,96
1660882500,1753.02,69
1660882560,1752.69,46
1660882620,1752.26,104
1660882680,1752.60,57
1660882740,1752.64,62
1660882800,1752.46,71
1660882860,1752.55,80
1660882920,1752.56,50
1660882980,1752.68,57
1660883040,1752.91,74
1660883100,1753.18,65
1660883160,1753.14,57
1660883220,1753.20,44
1660883280,1753.00,42
1660883340,1753.07,52
1660883400,1753.19,56
1660883460,1753.34,54
1660883520,1753.18,64
1660883580,1753.36,39
1660883640,1753.28,23
1660883700,1753.07,29
1660883760,1753.20,27
1660883820,1753.06,48
1660883880,1752.82,60
1660883940,1752.92,44
1660884000,1753.14,57
1660884060,1753.10,36
1660884120,1753.14,35
1660884180,1753.38,70
1660884240,1753.38,38
1660884300,1753.28,29
1660884360,1753.34,29
1660884420,1753.37,34
1660884480,1753.24,36
1660884540,1753.15,44
1660884600,1753.24,44
1660884660,1753.22,9
1660884720,1753.02,61
1660884780,1753.04,27
1660884840,1753.06,27
1660884900,1753.36,46
1660884960,1753.20,67
1660885020,1753.32,39
1660885080,1753.22,37
1660885140,1753.15,50
1660885200,1752.95,57
1660885260,1752.41,80
1660885320,1752.54,69
1660885380,1752.90,81
1660885440,1752.84,92
1660885500,1753.20,69
1660885560,1753.20,56
1660885620,1753.10,65
1660885680,1753.18,44
1660885740,1753.26,45
1660885800,1753.19,33
1660885860,1753.12,38
1660885920,1753.02,39
1660885980,1753.04,42
1660886040,1753.06,47
1660886100,1753.38,56
1660886160,1753.74,77
1660886220,1753.62,56
1660886280,1753.52,62
1660886340,1753.46,54
1660886400,1753.72,57
1660886460,1753.62,54
1660886520,1753.72,63
1660886580,1753.65,35
1660886640,1753.56,30
1660886700,1753.16,55
1660886760,1753.25,49
1660886820,1753.26,43
1660886880,1753.22,62
1660886940,1753.21,75
1660887000,1753.72,168
1660887060,1753.50,97
1660887120,1753.43,94
1660887180,1753.62,63
1660887240,1753.30,63
1660887300,1753.72,104
1660887360,1753.67,86
1660887420,1754.00,106
1660887480,1753.94,48
1660887540,1753.98,67
1660887600,1754.22,66
1660887660,1754.56,84
1660887720,1754.71,119
1660887780,1754.92,92
1660887840,1755.24,139
1660887900,1755.26,107
1660887960,1755.29,115
1660888020,1755.64,129
1660888080,1755.69,122
1660888140,1756.03,130
1660888200,1756.80,159
1660888260,1756.65,165
1660888320,1756.62,172
1660888380,1756.48,106
1660888440,1756.33,122
1660888500,1755.78,86
1660888560,1756.04,95
1660888620,1756.06,92
1660888680,1755.76,57
1660888740,1755.70,76
1660888800,1755.18,174
1660888860,1754.95,134
1660888920,1754.86,130
1660888980,1755.27,95
1660889040,1755.10,105
1660889100,1755.30,102
1660889160,1755.20,100
1660889220,1755.84,149
1660889280,1756.31,122
1660889340,1755.97,110
1660889400,1756.09,94
1660889460,1756.18,82
1660889520,1756.05,96
1660889580,1755.68,99
1660889640,1755.99,91
1660889700,1755.77,88
1660889760,1755.55,77
1660889820,1755.66,102
1660889880,1755.78,72
1660889940,1756.10,132
1660890000,1755.98,137
1660890060,1756.29,122
1660890120,1756.20,117
1660890180,1755.94,156
1660890240,1756.24,120
1660890300,1756.84,123
1660890360,1757.04,154
1660890420,1756.75,114
1660890480,1756.86,147
1660890540,1757.20,166
1660890600,1757.12,131
1660890660,1756.90,178
1660890720,1756.96,127
1660890780,1756.82,79
1660890840,1756.99,75
1660890900,1756.98,110
1660890960,1756.48,194
1660891020,1756.38,132
1660891080,1756.60,139
1660891140,1756.50,69
1660891200,1756.22,172
1660891260,1755.95,123
1660891320,1756.04,102
1660891380,1756.60,132
1660891440,1756.92,113
1660891500,1756.94,99
1660891560,1756.63,149
1660891620,1756.20,127
1660891680,1756.21,115
1660891740,1756.30,108
1660891800,1756.37,123
1660891860,1756.08,166
1660891920,1755.84,118
1660891980,1755.91,154
1660892040,1755.73,184
1660892100,1755.75,138
1660892160,1755.85,119
1660892220,1755.76,121
1660892280,1756.22,129
1660892340,1756.08,165
1660892400,1755.56,216
1660892460,1754.90,253
1660892520,1754.54,260
1660892580,1754.08,214
1660892640,1754.26,201
1660892700,1754.96,230
1660892760,1755.01,205
1660892820,1755.26,185
1660892880,1755.12,177
1660892940,1755.00,165
1660893000,1754.46,141
1660893060,1754.34,191
1660893120,1754.15,169
1660893180,1753.92,193
1660893240,1753.96,196
1660893300,1753.68,182
1660893360,1753.94,207
1660893420,1754.24,144
1660893480,1754.02,123
1660893540,1754.15,144
1660893600,1754.28,162
1660893660,1754.24,115
1660893720,1753.58,143
1660893780,1753.46,152
1660893840,1753.61,157
1660893900,1753.65,118
1660893960,1754.00,125
1660894020,1753.50,179
1660894080,1753.74,156
1660894140,1753.64,90
1660894200,1753.30,112
1660894260,1754.06,128
1660894320,1754.06,115
1660894380,1753.88,86
1660894440,1753.92,138
1660894500,1753.74,173
1660894560,1753.92,121
1660894620,1753.18,101
1660894680,1753.34,145
1660894740,1753.46,131
1660894800,1753.56,104
1660894860,1753.38,121
1660894920,1753.30,131
1660894980,1753.38,117
1660895040,1753.20,121
1660895100,1753.58,142
1660895160,1754.11,187
1660895220,1753.88,117
1660895280,1754.26,138
1660895340,1754.29,129
1660895400,1754.28,87
1660895460,1753.97,148
1660895520,1754.10,88
1660895580,1753.96,116
1660895640,1753.65,135
1660895700,1754.21,151
1660895760,1753.77,113
1660895820,1754.02,145
1660895880,1754.08,133
1660895940,1754.02,123
1660896000,1753.56,155
1660896060,1753.64,158
1660896120,1753.90,157
1660896180,1753.56,135
1660896240,1752.54,182
1660896300,1752.50,152
1660896360,1752.57,176
1660896420,1752.34,175
1660896480,1752.48,152
1660896540,1752.99,123
1660896600,1752.46,148
1660896660,1752.64,151
1660896720,1752.27,120
1660896780,1752.64,148
1660896840,1752.35,160
1660896900,1752.74,131
1660896960,1752.43,139
1660897020,1752.38,113
1660897080,1752.64,143
1660897140,1752.61,134
1660897200,1752.24,150
1660897260,1752.20,158
1660897320,1752.84,140
1660897380,1752.96,113
1660897440,1752.92,121
1660897500,1753.82,174
1660897560,1753.90,180
1660897620,1753.70,126
1660897680,1753.66,154
1660897740,1754.02,175
1660897800,1753.94,132
1660897860,1753.52,145
1660897920,1753.55,138
1660897980,1753.06,146
1660898040,1752.88,146
1660898100,1752.98,162
1660898160,1752.68,122
1660898220,1753.02,159
1660898280,1753.54,160
1660898340,1753.30,115
1660898400,1753.82,120
1660898460,1754.12,208
1660898520,1754.00,125
1660898580,1754.04,157
1660898640,1754.43,186
1660898700,1754.24,153
1660898760,1754.01,157
1660898820,1753.95,120
1660898880,1754.02,92
1660898940,1753.92,80
1660899000,1754.12,190
1660899060,1754.32,132
1660899120,1754.20,159
1660899180,1754.22,98
1660899240,1754.33,130
1660899300,1754.28,140
1660899360,1754.00,155
1660899420,1753.61,129
1660899480,1753.93,92
1660899540,1754.18,154
1660899600,1753.82,180
1660899660,1753.92,110
1660899720,1753.90,114
1660899780,1753.76,82
1660899840,1753.90,127
1660899900,1753.66,106
1660899960,1753.38,123
1660900020,1753.68,166
1660900080,1753.99,127
1660900140,1754.48,126
1660900200,1754.51,152
1660900260,1753.82,158
1660900320,1753.66,144
1660900380,1753.12,138
1660900440,1753.48,154
1660900500,1753.37,196
1660900560,1753.18,147
1660900620,1753.76,130
1660900680,1753.82,161
1660900740,1754.10,110
1660900800,1753.99,143
1660900860,1753.74,168
1660900920,1753.71,134
1660900980,1753.69,52
1660901040,1753.65,60
1660901100,1753.31,109
1660901160,1753.38,153
1660901220,1753.52,92
1660901280,1753.77,82
1660901340,1753.63,108
1660901400,1753.66,94
1660901460,1753.25,132
1660901520,1753.20,100
1660901580,1753.16,120
1660901640,1753.18,127
1660901700,1753.64,94
1660901760,1753.80,141
1660901820,1754.12,132
1660901880,1753.54,166
1660901940,1753.30,129
1660902000,1753.47,100
1660902060,1753.48,83
1660902120,1753.92,104
1660902180,1754.12,119
1660902240,1753.90,86
1660902300,1753.94,115
1660902360,1753.86,108
1660902420,1753.64,105
1660902480,1753.47,142
1660902540,1753.34,116
1660902600,1753.38,93
1660902660,1752.90,168
1660902720,1753.28,188
1660902780,1753.46,117
1660902840,1753.85,109
1660902900,1754.08,68
1660902960,1754.06,101
1660903020,1753.93,92
1660903080,1753.77,99
1660903140,1753.52,122
1660903200,1752.90,130
1660903260,1752.88,132
1660903320,1751.58,164
1660903380,1751.20,210
1660903440,1750.57,226
1660903500,1750.18,213
1660903560,1750.09,172
1660903620,1750.10,106
1660903680,1750.18,140
1660903740,1750.67,138
1660903800,1750.54,124
1660903860,1749.98,98
1660903920,1750.06,158
1660903980,1749.98,132
1660904040,1750.01,105
1660904100,1750.26,120
1660904160,1750.29,94
1660904220,1750.85,108
1660904280,1750.52,91
1660904340,1750.46,109
1660904400,1750.30,98
1660904460,1750.44,104
1660904520,1750.53,106
1660904580,1750.24,78
1660904640,1750.26,152
1660904700,1750.03,109
1660904760,1750.06,64
1660904820,1749.97,82
1660904880,1750.37,103
1660904940,1750.44,121
1660905000,1750.56,97
1660905060,1750.53,90
1660905120,1751.08,90
1660905180,1751.40,112
1660905240,1751.37,76
1660905300,1751.26,95
1660905360,1750.92,137
1660905420,1751.11,144
1660905480,1750.92,120
1660905540,1750.22,96
1660905600,1750.14,113
1660905660,1750.42,116
1660905720,1750.22,103
1660905780,1750.44,92
1660905840,1750.32,131
1660905900,1750.20,147
1660905960,1750.58,114
1660906020,1750.56,108
1660906080,1750.95,98
1660906140,1750.95,110
1660906200,1751.04,113
1660906260,1751.34,127
1660906320,1751.20,91
1660906380,1751.67,98
1660906440,1750.97,125
1660906500,1751.02,148
1660906560,1750.92,155
1660906620,1750.90,140
1660906680,1751.18,149
1660906740,1751.26,135
1660906800,1750.93,183
1660906860,1750.98,148
1660906920,1751.58,195
1660906980,1751.15,193
1660907040,1751.19,141
1660907100,1751.22,132
1660907160,1750.53,142
1660907220,1750.76,178
1660907280,1751.14,155
1660907340,1751.49,200
1660907400,1751.38,198
1660907460,1751.15,170
1660907520,1750.49,213
1660907580,1750.38,171
1660907640,1750.77,229
1660907700,1750.80,142
1660907760,1750.46,133
1660907820,1750.45,143
1660907880,1750.54,100
1660907940,1750.11,154
1660908000,1750.13,151
1660908060,1750.09,128
1660908120,1750.26,142
1660908180,1750.34,144
1660908240,1750.16,144
1660908300,1750.02,79
1660908360,1749.98,117
1660908420,1749.95,129
1660908480,1750.08,177
1660908540,1750.20,85
1660908600,1750.44,144
1660908660,1750.29,153
1660908720,1750.14,143
1660908780,1750.01,107
1660908840,1750.09,113
1660908900,1750.09,110
1660908960,1750.08,167
1660909020,1750.10,144
1660909080,1750.20,153
1660909140,1750.48,153
1660909200,1750.74,194
1660909260,1751.12,118
1660909320,1751.54,165
1660909380,1752.57,188
1660909440,1753.06,179
1660909500,1752.86,223
1660909560,1752.64,153
1660909620,1752.27,162
1660909680,1752.23,143
1660909740,1752.65,185
1660909800,1752.52,147
1660909860,1752.62,181
1660909920,1753.52,193
1660909980,1753.22,146
1660910040,1752.73,140
1660910100,1752.43,181
1660910160,1752.38,178
1660910220,1753.14,186
1660910280,1753.32,196
1660910340,1753.02,162
1660910400,1752.47,223
1660910460,1752.34,199
1660910520,1751.78,210
1660910580,1751.43,183
1660910640,1752.24,217
1660910700,1752.30,166
1660910760,1752.12,218
1660910820,1751.97,204
1660910880,1751.17,135
1660910940,1751.88,239
1660911000,1750.89,191
1660911060,1751.32,251
1660911120,1751.58,202
1660911180,1751.88,178
1660911240,1751.08,199
1660911300,1751.46,171
1660911360,1752.01,219
1660911420,1752.28,167
1660911480,1751.82,197
1660911540,1752.48,200
1660911600,1750.44,267
1660911660,1750.08,242
1660911720,1750.31,260
1660911780,1751.13,221
1660911840,1751.00,324
1660911900,1750.86,281
1660911960,1752.40,234
1660912020,1752.98,234
1660912080,1753.68,190
1660912140,1754.08,187
1660912200,1753.60,293
1660912260,1753.70,265
1660912320,1754.00,230
1660912380,1754.14,272
1660912440,1754.27,224
1660912500,1754.73,221
1660912560,1756.02,347
1660912620,1755.52,248
1660912680,1755.37,234
1660912740,1755.69,241
1660912800,1755.94,283
1660912860,1756.20,300
1660912920,1757.06,318
1660912980,1757.02,277
1660913040,1756.94,203
1660913100,1757.17,271
1660913160,1756.26,229
1660913220,1756.66,222
1660913280,1756.66,233
1660913340,1755.44,265
1660913400,1755.96,280
1660913460,1755.80,237
1660913520,1755.74,256
1660913580,1755.97,251
1660913640,1755.42,247
1660913700,1755.75,249
1660913760,1755.16,354
1660913820,1755.57,254
1660913880,1755.84,215
1660913940,1756.42,241
1660914000,1756.48,399
1660914060,1756.83,298
1660914120,1756.52,281
1660914180,1756.01,243
1660914240,1756.28,285
1660914300,1756.62,236
1660914360,1756.87,272
1660914420,1756.68,259
1660914480,1756.50,202
1660914540,1755.96,220
1660914600,1756.10,212
1660914660,1756.84,209
1660914720,1757.02,204
1660914780,1756.90,216
1660914840,1756.93,207
1660914900,1756.28,203
1660914960,1756.48,207
1660915020,1756.38,180
1660915080,1756.58,162
1660915140,1757.01,208
1660915200,1756.94,200
1660915260,1757.45,252
1660915320,1757.54,230
1660915380,1757.44,246
1660915440,1756.95,229
1660915500,1757.08,247
1660915560,1756.31,218
1660915620,1756.43,170
1660915680,1756.48,180
1660915740,1756.77,192
1660915800,1756.33,308
1660915860,1754.92,296
1660915920,1754.71,253
1660915980,1754.54,293
1660916040,1754.72,322
1660916100,1754.74,281
1660916160,1754.18,263
1660916220,1754.38,256
1660916280,1754.47,287
1660916340,1753.96,285
1660916400,1752.46,302
1660916460,1752.68,223
1660916520,1752.42,314
1660916580,1752.66,236
1660916640,1752.62,249
1660916700,1751.46,312
1660916760,1751.88,320
1660916820,1751.54,275
1660916880,1751.78,322
1660916940,1751.79,269
1660917000,1752.32,269
1660917060,1753.20,244
1660917120,1752.26,278
1660917180,1752.24,213
1660917240,1752.67,237
1660917300,1753.08,281
1660917360,1753.59,254
1660917420,1753.23,292
1660917480,1752.18,227
1660917540,1751.74,252
1660917600,1750.52,368
1660917660,1750.90,269
1660917720,1751.10,295
1660917780,1750.17,256
1660917840,1750.58,249
1660917900,1751.51,258
1660917960,1752.19,277
1660918020,1751.90,247
1660918080,1752.01,243
1660918140,1751.86,253
1660918200,1751.20,261
1660918260,1751.06,209
1660918320,1751.28,144
1660918380,1751.93,199
1660918440,1751.25,207
1660918500,1750.95,154
1660918560,1750.76,179
1660918620,1751.33,175
1660918680,1750.94,168
1660918740,1751.78,201
1660918800,1751.63,232
1660918860,1751.69,266
1660918920,1751.80,239
1660918980,1751.24,152
1660919040,1751.18,194
1660919100,1750.95,202
1660919160,1750.75,212
1660919220,1750.03,302
1660919280,1750.09,277
1660919340,1750.16,165
1660919400,1750.44,218
1660919460,1750.22,185
1660919520,1750.06,184
1660919580,1748.52,202
1660919640,1747.86,289
1660919700,1747.74,236
1660919760,1746.58,290
1660919820,1746.88,317
1660919880,1747.40,275
1660919940,1747.06,242
1660920000,1747.23,217
1660920060,1747.30,210
1660920120,1747.82,226
1660920180,1747.94,237
1660920240,1746.97,227
1660920300,1748.28,250
1660920360,1748.52,205
1660920420,1748.32,206
1660920480,1748.36,205
1660920540,1748.44,169
1660920600,1748.36,207
1660920660,1747.62,211
1660920720,1747.20,268
1660920780,1747.73,228
1660920840,1748.31,237
1660920900,1747.69,233
1660920960,1747.94,209
1660921020,1748.12,248
1660921080,1748.28,176
1660921140,1748.07,229
1660921200,1748.83,243
1660921260,1748.67,242
1660921320,1749.12,217
1660921380,1749.52,219
1660921440,1749.54,218
1660921500,1749.59,239
1660921560,1749.34,229
1660921620,1748.67,209
1660921680,1748.08,202
1660921740,1747.96,173
1660921800,1748.03,213
1660921860,1748.40,171
1660921920,1748.82,161
1660921980,1749.32,155
1660922040,1749.58,174
1660922100,1748.86,129
1660922160,1748.87,189
1660922220,1748.45,182
1660922280,1748.20,164
1660922340,1748.16,169
1660922400,1748.08,123
1660922460,1747.91,141
1660922520,1747.40,161
1660922580,1747.84,162
1660922640,1747.80,142
1660922700,1747.33,118
1660922760,1747.17,138
1660922820,1747.82,155
1660922880,1748.12,148
1660922940,1748.81,189
1660923000,1749.05,141
1660923060,1748.71,134
1660923120,1749.17,176
1660923180,1749.39,159
1660923240,1749.40,177
1660923300,1750.10,151
1660923360,1749.59,154
1660923420,1749.58,133
1660923480,1749.34,140
1660923540,1749.36,158
1660923600,1749.79,137
1660923660,1750.03,159
1660923720,1750.11,156
1660923780,1750.41,159
1660923840,1749.97,145
1660923900,1749.74,147
1660923960,1749.78,155
1660924020,1749.96,147
1660924080,1750.20,146
1660924140,1750.30,120
1660924200,1750.39,139
1660924260,1750.30,135
1660924320,1750.04,169
1660924380,1749.81,182
1660924440,1749.46,170
1660924500,1749.41,133
1660924560,1749.34,118
1660924620,1749.25,143
1660924680,1749.33,101
1660924740,1749.12,97
1660924800,1748.96,124
1660924860,1749.46,137
1660924920,1749.72,133
1660924980,1749.39,131
1660925040,1749.78,139
1660925100,1750.26,163
1660925160,1750.14,153
1660925220,1749.84,103
1660925280,1749.84,80
1660925340,1749.77,86
1660925400,1750.33,110
1660925460,1750.33,73
1660925520,1750.36,114
1660925580,1750.34,73
1660925640,1750.31,75
1660925700,1750.32,110
1660925760,1750.60,133
1660925820,1750.47,120
1660925880,1750.43,106
1660925940,1749.87,115
1660926000,1749.83,121
1660926060,1749.56,97
1660926120,1749.03,110
1660926180,1748.95,101
1660926240,1749.08,105
1660926300,1749.36,100
1660926360,1749.31,133
1660926420,1749.35,100
1660926480,1749.32,96
1660926540,1749.41,70
1660926600,1749.39,76
1660926660,1749.97,124
1660926720,1750.17,101
1660926780,1750.35,75
1660926840,1750.37,98
1660926900,1750.58,65
1660926960,1750.86,108
1660927020,1750.93,98
1660927080,1750.48,111
1660927140,1750.43,91
1660927200,1750.67,130
1660927260,1750.24,100
1660927320,1750.20,77
1660927380,1750.10,92
1660927440,1750.10,120
1660927500,1750.40,100
1660927560,1750.44,102
1660927620,1750.48,90
1660927680,1750.29,80
1660927740,1749.92,88
1660927800,1749.88,99
1660927860,1749.83,90
1660927920,1749.55,98
1660927980,1749.40,119
1660928040,1749.59,116
1660928100,1749.39,148
1660928160,1749.48,129
1660928220,1749.89,125
1660928280,1749.68,131
1660928340,1749.82,103
1660928400,1749.99,122
1660928460,1749.51,118
1660928520,1749.24,111
1660928580,1749.19,112
1660928640,1749.19,87
1660928700,1749.03,99
1660928760,1749.49,110
1660928820,1749.58,57
1660928880,1749.84,78
1660928940,1749.61,95
1660929000,1749.60,80
1660929060,1749.50,44
1660929120,1749.21,65
1660929180,1749.21,52
1660929240,1749.31,85
1660929300,1749.54,130
1660929360,1749.38,73
1660929420,1749.30,61
1660929480,1749.54,54
1660929540,1749.56,88
1660929600,1749.68,59
1660929660,1749.50,67
1660929720,1749.51,92
1660929780,1749.58,87
1660929840,1749.76,153
1660929900,1749.62,103
1660929960,1749.35,90
1660930020,1749.48,104
1660930080,1749.38,76
1660930140,1749.46,158
1660930200,1749.55,87
1660930260,1749.52,68
1660930320,1749.48,69
1660930380,1749.65,69
1660930440,1749.81,75
1660930500,1749.77,77
1660930560,1749.47,53
1660930620,1748.88,82
1660930680,1748.84,83
1660930740,1748.83,90
1660930800,1748.48,117
1660930860,1748.68,106
1660930920,1748.64,68
1660930980,1748.41,66
1660931040,1748.68,59
1660931100,1748.72,110
1660931160,1748.78,109
1660931220,1749.03,112
1660931280,1748.81,87
1660931340,1748.93,74
1660931400,1748.96,78
1660931460,1749.24,100
1660931520,1749.31,113
1660931580,1749.55,142
1660931640,1749.58,75
1660931700,1749.64,85
1660931760,1749.52,112
1660931820,1749.69,91
1660931880,1749.66,119
1660931940,1749.68,112
1660932000,1749.45,124
1660932060,1749.23,126
1660932120,1749.32,112
1660932180,1749.77,102
1660932240,1749.54,76
1660932300,1749.54,112
1660932360,1749.45,68
1660932420,1749.34,62
1660932480,1749.36,69
1660932540,1749.11,59
1660932600,1748.92,58
1660932660,1749.02,74
1660932720,1748.67,72
1660932780,1748.52,109
1660932840,1748.41,99
1660932900,1748.11,101
1660932960,1747.97,128
1660933020,1748.23,130
1660933080,1748.30,80
1660933140,1748.55,87
1660933200,1748.53,92
1660933260,1748.68,70
1660933320,1748.52,124
1660933380,1748.59,97
1660933440,1748.87,95
1660933500,1748.98,85
1660933560,1749.13,85
1660933620,1749.11,140
1660933680,1748.96,75
1660933740,1749.18,95
1660933800,1749.03,78
1660933860,1749.18,33
1660933920,1749.17,86
1660933980,1748.96,71
1660934040,1748.86,75
1660934100,1748.82,53
1660934160,1748.78,94
1660934220,1748.58,31
1660934280,1747.91,107
1660934340,1747.92,75
1660934400,1747.85,111
1660934460,1747.90,103
1660934520,1747.94,83
1660934580,1747.75,54
1660934640,1747.70,70
1660934700,1747.46,85
1660934760,1747.38,77
1660934820,1747.28,66
1660934880,1747.56,88
1660934940,1747.48,67
1660935000,1747.48,62
1660935060,1747.79,57
1660935120,1747.84,78
1660935180,1747.83,71
1660935240,1747.62,71
1660935300,1747.54,76
1660935360,1747.36,47
1660935420,1747.06,109
1660935480,1746.68,156
1660935540,1746.74,123
1660935600,1746.70,106
1660935660,1746.26,165
1660935720,1746.44,77
1660935780,1746.46,73
1660935840,1746.54,30
1660935900,1746.49,74
1660935960,1746.48,76
1660936020,1746.62,81
1660936080,1746.26,67
1660936140,1745.98,94
1660936200,1746.32,72
1660936260,1746.26,97
1660936320,1746.26,91
1660936380,1745.94,77
1660936440,1746.36,81
1660936500,1746.28,93
1660936560,1746.30,79
1660936620,1745.96,75
1660936680,1745.98,67
1660936740,1746.20,102
1660936800,1745.90,95
1660936860,1745.89,78
1660936920,1746.12,51
1660936980,1745.88,56
1660937040,1746.24,57
1660937100,1746.44,65
1660937160,1746.00,74
1660937220,1745.90,85
1660937280,1745.82,72
1660937340,1745.90,100
1660937400,1746.58,109
1660937460,1747.11,118
1660937520,1747.14,126
1660937580,1747.26,129
1660937640,1747.12,74
1660937700,1747.18,70
1660937760,1747.50,93
1660937820,1747.22,111
1660937880,1747.34,48
1660937940,1747.48,90
1660938000,1747.46,56
1660938060,1747.46,98
1660938120,1747.16,87
1660938180,1747.04,94
1660938240,1747.24,79
1660938300,1747.28,80
1660938360,1747.08,71
1660938420,1747.12,69
1660938480,1746.60,71
1660938540,1746.77,31
1660938600,1747.16,108
1660938660,1747.06,112
1660938720,1746.77,77
1660938780,1746.80,75
1660938840,1746.64,81
1660938900,1746.36,120
1660938960,1746.53,100
1660939020,1746.42,120
1660939080,1746.50,140
1660939140,1746.61,145
1660939200,1746.55,129
1660939260,1746.54,70
1660939320,1746.34,62
1660939380,1746.36,57
1660939440,1746.50,59
1660939500,1746.67,19
1660939560,1746.78,54
1660939620,1746.68,28
1660939680,1746.88,42
1660939740,1747.06,36
1660939800,1747.22,52
1660939860,1747.14,18
1660939920,1747.08,17
1660939980,1747.08,26
1660940040,1747.07,12
1660940100,1747.08,29
1660940160,1746.89,27
1660940220,1747.10,27
1660940280,1747.00,14
1660940340,1747.10,30
1660940400,1747.12,10
1660940460,1747.32,27
1660940520,1747.49,31
1660940580,1747.32,22
1660940640,1747.34,17
1660940760,1747.24,17
1660940820,1747.15,24
1660940880,1747.06,12
1660940940,1746.86,61
1660941000,1747.07,34
1660941060,1747.10,30
1660941120,1747.06,27
1660941180,1746.96,19
1660941240,1746.89,4
1660941300,1746.86,21
1660941360,1747.02,38
1660941420,1747.10,17
1660941480,1747.10,20
1660941540,1746.90,19
1660941600,1747.08,25
1660941660,1747.33,22
1660941720,1747.37,36
1660941780,1747.52,19
1660941840,1747.56,27
1660941900,1747.48,29
1660941960,1747.64,28
1660942020,1747.59,14
1660942080,1747.40,32
1660942140,1746.68,71
1660942200,1746.66,63
1660942260,1747.01,52
1660942320,1747.20,46
1660942380,1747.14,52
1660942440,1747.23,67
1660942500,1747.14,40
1660942560,1747.27,21
1661119320,1746.50,82
1661119380,1746.26,72
1661119440,1745.72,68
1661119500,1745.07,105
1661119560,1745.84,58
1661119620,1745.66,76
1661119680,1745.90,50
1661119740,1745.80,45
1661119800,1746.26,43
1661119860,1746.00,22
1661119920,1745.98,18
1661119980,1745.82,51
1661120040,1746.21,34
1661120100,1746.42,39
1661120160,1746.42,46
1661120220,1746.44,44
1661120280,1746.60,24
1661120340,1746.54,14
1661120400,1746.54,1
1661120460,1746.71,15
1661120520,1746.74,12
1661120580,1746.64,16
1661120640,1746.56,18
1661120700,1746.74,20
1661120760,1746.63,26
1661120820,1746.68,24
1661120880,1747.01,15
1661120940,1747.05,14
1661121000,1747.28,18
1661121060,1747.27,12
1661121120,1747.59,51
1661121180,1747.64,28
1661121240,1747.80,67
1661121300,1747.92,71
1661121360,1747.75,24
1661121420,1747.80,48
1661121480,1748.04,52
1661121540,1748.08,44
1661121600,1748.00,34
1661121660,1747.98,34
1661121720,1747.78,22
1661121780,1747.88,17
1661121840,1747.96,29
1661121900,1747.87,35
1661121960,1747.97,31
1661122020,1747.58,25
1661122080,1747.67,13
1661122140,1748.10,16
1661122200,1748.04,11
1661122260,1747.86,17
1661122320,1747.73,26
1661122380,1747.86,31
1661122440,1747.70,22
1661122500,1747.60,32
1661122560,1747.57,46
1661122620,1747.64,25
1661122680,1747.50,28
1661122740,1747.32,9
1661122800,1747.24,32
1661122860,1746.92,33
1661122920,1746.99,21
1661122980,1746.94,25
1661123040,1746.96,17
1661123100,1747.26,24
1661123160,1747.22,47
1661123220,1747.42,28
1661123280,1747.64,50
1661123340,1747.54,22
1661123400,1747.42,33
1661123460,1747.45,29
1661123520,1747.48,9
1661123580,1747.36,22
1661123640,1747.38,26
1661123700,1747.33,17
1661123760,1747.46,27
1661123820,1747.48,22
1661123880,1747.26,49
1661123940,1747.16,17
1661124000,1747.27,33
1661124060,1747.34,45
1661124120,1747.26,9
1661124180,1747.26,12
1661124240,1747.26,23
1661124300,1746.98,26
1661124360,1746.87,21
1661124420,1746.96,30
1661124480,1746.77,29
1661124540,1746.76,42
1661124600,1746.83,54
1661124660,1747.00,39
1661124720,1746.94,24
1661124780,1746.70,19
1661124840,1746.82,37
1661124900,1746.80,25
1661124960,1746.44,20
1661125020,1746.49,51
1661125080,1746.35,47
1661125140,1746.32,4
1661125200,1746.52,29
1661125260,1746.86,47
1661125320,1747.02,70
1661125380,1747.06,73
1661125440,1746.42,95
1661125500,1746.41,63
1661125560,1746.36,37
1661125620,1746.33,27
1661125680,1746.28,25
1661125740,1746.20,28
1661125800,1745.99,31
1661125860,1745.86,35
1661125920,1745.31,88
1661125980,1745.21,28
1661126040,1745.13,34
1661126100,1745.16,45
1661126160,1745.34,34
1661126220,1745.46,59
1661126280,1745.67,25
1661126340,1745.74,17
1661126400,1745.28,125
1661126460,1745.31,67
1661126520,1745.30,47
1661126580,1745.32,63
1661126640,1745.56,77
1661126700,1745.94,58
1661126760,1745.96,46
1661126820,1745.80,38
1661126880,1745.82,62
1661126940,1745.92,51
1661127000,1746.23,48
1661127060,1746.58,63
1661127120,1746.28,65
1661127180,1745.99,43
1661127240,1746.07,44
1661127300,1746.37,83
1661127360,1746.34,50
1661127420,1746.10,93
1661127480,1746.04,84
1661127540,1745.76,64
1661127600,1746.14,86
1661127660,1745.93,79
1661127720,1746.09,60
1661127780,1745.41,111
1661127840,1745.37,62
1661127900,1745.32,91
1661127960,1745.23,104
1661128020,1745.24,50
1661128080,1745.08,46
1661128140,1745.06,37
1661128200,1745.06,56
1661128260,1745.18,55
1661128320,1745.36,72
1661128380,1745.82,61
1661128440,1745.96,72
1661128500,1746.34,43
1661128560,1746.46,34
1661128620,1746.14,30
1661128680,1746.26,41
1661128740,1746.15,70
1661128800,1746.26,38
1661128860,1746.48,35
1661128920,1746.42,25
1661128980,1746.41,35
1661129040,1746.34,32
1661129100,1746.32,52
1661129160,1746.47,36
1661129220,1746.30,55
1661129280,1746.31,29
1661129340,1746.28,31
1661129400,1746.27,29
1661129460,1746.06,61
1661129520,1745.96,65
1661129580,1745.64,45
1661129640,1745.66,89
1661129700,1745.77,75
1661129760,1745.39,57
1661129820,1745.58,45
1661129880,1745.40,69
1661129940,1745.38,45
1661130000,1745.92,282
1661130060,1746.82,164
1661130120,1746.36,127
1661130180,1746.36,104
1661130240,1746.51,100
1661130300,1746.76,174
1661130360,1745.86,122
1661130420,1745.77,87
1661130480,1746.37,113
1661130540,1746.26,139
1661130600,1746.60,82
1661130660,1746.84,97
1661130720,1746.54,130
1661130780,1746.36,110
1661130840,1746.52,98
1661130900,1747.18,189
1661130960,1747.14,144
1661131020,1746.56,134
1661131080,1745.78,130
1661131140,1745.52,167
1661131200,1745.92,133
1661131260,1745.55,128
1661131320,1745.23,127
1661131380,1745.13,129
1661131440,1745.40,60
1661131500,1745.86,122
1661131560,1745.76,81
1661131620,1746.46,100
1661131680,1746.88,106
1661131740,1746.78,108
1661131800,1746.26,163
1661131860,1746.44,126
1661131920,1745.94,78
1661131980,1746.17,102
1661132040,1746.41,107
1661132100,1746.40,91
1661132160,1746.84,111
1661132220,1746.82,132
1661132280,1746.48,118
1661132340,1746.40,88
1661132400,1746.58,68
1661132460,1746.64,136
1661132520,1746.72,82
1661132580,1746.61,64
1661132640,1746.58,73
1661132700,1746.88,63
1661132760,1746.76,114
1661132820,1746.74,77
1661132880,1746.60,106
1661132940,1746.70,79
1661133000,1746.36,109
1661133060,1746.56,102
1661133120,1746.64,122
1661133180,1746.64,91
1661133240,1746.44,120
1661133300,1746.39,110
1661133360,1746.10,97
1661133420,1746.08,81
1661133480,1746.25,94
1661133540,1746.13,78
1661133600,1746.38,75
1661133660,1746.91,104
1661133720,1746.78,99
1661133780,1746.72,67
1661133840,1746.97,83
1661133900,1746.93,94
1661133960,1746.76,80
1661134020,1746.46,50
1661134080,1746.25,56
1661134140,1746.19,66
1661134200,1746.24,89
1661134260,1746.10,68
1661134320,1746.14,95
1661134380,1746.00,83
1661134440,1746.52,78
1661134500,1746.82,114
1661134560,1746.72,53
1661134620,1746.64,48
1661134680,1746.82,52
1661134740,1746.82,68
1661134800,1746.76,53
1661134860,1747.24,90
1661134920,1747.68,102
1661134980,1747.60,95
1661135040,1747.92,67
1661135100,1748.27,92
1661135160,1748.16,70
1661135220,1748.12,65
1661135280,1747.98,57
1661135340,1747.98,55
1661135400,1747.45,107
1661135460,1747.38,87
1661135520,1747.18,77
1661135580,1747.20,43
1661135640,1747.34,41
1661135700,1747.32,80
1661135760,1747.36,42
1661135820,1747.76,87
1661135880,1747.80,82
1661135940,1747.88,70
1661136000,1747.82,40
1661136060,1747.78,72
1661136120,1747.60,69
1661136180,1747.72,61
1661136240,1747.70,70
1661136300,1747.61,68
1661136360,1747.59,66
1661136420,1747.55,101
1661136480,1747.40,64
1661136540,1747.09,71
1661136600,1747.36,68
1661136660,1747.27,64
1661136720,1747.42,52
1661136780,1747.02,69
1661136840,1747.04,58
1661136900,1747.48,110
1661136960,1747.48,98
1661137020,1747.68,93
1661137080,1747.82,98
1661137140,1748.02,111
1661137200,1747.72,107
1661137260,1747.47,80
1661137320,1747.36,65
1661137380,1747.90,76
1661137440,1747.80,72
1661137500,1747.84,70
1661137560,1747.86,67
1661137620,1748.02,74
1661137680,1748.16,93
1661137740,1748.46,75
1661137800,1748.91,129
1661137860,1748.68,74
1661137920,1748.22,69
1661137980,1748.04,73
1661138040,1747.78,48
1661138100,1747.98,52
1661138160,1747.84,60
1661138220,1747.66,61
1661138280,1747.50,49
1661138340,1747.46,68
1661138400,1747.46,51
1661138460,1747.50,60
1661138520,1747.26,44
1661138580,1747.12,73
1661138640,1747.20,33
1661138700,1747.09,58
1661138760,1746.72,98
1661138820,1746.59,74
1661138880,1746.42,60
1661138940,1746.68,37
1661139000,1746.68,21
1661139060,1746.70,37
1661139120,1746.58,55
1661139180,1746.61,37
1661139240,1746.68,47
1661139300,1746.79,48
1661139360,1746.74,39
1661139420,1746.58,23
1661139480,1746.40,33
1661139540,1746.48,53
1661139600,1746.40,29
1661139660,1746.58,24
1661139720,1746.54,40
1661139780,1746.58,51
1661139840,1746.65,35
1661139900,1746.68,32
1661139960,1746.52,31
1661140020,1746.56,39
1661140080,1746.56,29
1661140140,1746.74,42
1661140200,1746.80,26
1661140260,1746.68,38
1661140320,1746.76,37
1661140380,1746.82,56
1661140440,1746.70,27
1661140500,1746.61,31
1661140560,1746.52,40
1661140620,1746.49,14
1661140680,1746.52,21
1661140740,1746.57,23
1661140800,1746.34,51
1661140860,1745.79,74
1661140920,1745.94,49
1661140980,1745.74,64
1661141040,1746.02,76
1661141100,1745.76,85
1661141160,1745.90,74
1661141220,1745.86,79
1661141280,1745.89,56
1661141340,1745.86,70
1661141400,1745.80,41
1661141460,1746.03,47
1661141520,1745.57,46
1661141580,1744.88,81
1661141640,1745.02,118
1661141700,1745.46,83
1661141760,1745.39,47
1661141820,1745.31,78
1661141880,1745.22,63
1661141940,1745.42,57
1661142000,1745.62,76
1661142060,1745.26,42
1661142120,1745.44,51
1661142180,1745.60,35
1661142240,1745.38,37
1661142300,1745.40,50
1661142360,1745.70,49
1661142420,1745.84,25
1661142480,1745.65,50
1661142540,1745.50,50
1661142600,1745.04,40
1661142660,1745.06,30
1661142720,1744.78,58
1661142780,1744.98,52
1661142840,1744.68,37
1661142900,1744.96,47
1661142960,1744.92,50
1661143020,1744.91,48
1661143080,1745.12,35
1661143140,1745.18,40
1661143200,1745.38,41
1661143260,1745.71,39
1661143320,1745.75,28
1661143380,1745.64,41
1661143440,1745.24,49
1661143500,1745.34,48
1661143560,1745.06,30
1661143620,1745.16,25
1661143680,1745.12,49
1661143740,1745.13,15
1661143800,1745.19,16
1661143860,1745.05,46
1661143920,1744.68,62
1661143980,1744.60,41
1661144040,1743.99,67
1661144100,1744.34,69
1661144160,1744.22,27
1661144220,1744.54,50
1661144280,1744.88,94
1661144340,1744.82,33
1661144400,1744.90,86
1661144460,1745.06,73
1661144520,1744.46,94
1661144580,1744.72,54
1661144640,1744.87,48
1661144700,1744.69,102
1661144760,1744.22,60
1661144820,1743.09,138
1661144880,1743.44,89
1661144940,1743.26,79
1661145000,1743.70,84
1661145060,1743.40,82
1661145120,1743.22,71
1661145180,1743.18,37
1661145240,1743.18,27
1661145300,1743.36,40
1661145360,1743.46,32
1661145420,1743.32,34
1661145480,1743.83,44
1661145540,1744.02,55
1661145600,1744.02,15
1661145660,1744.01,40
1661145720,1743.92,32
1661145780,1743.22,70
1661145840,1743.58,63
1661145900,1743.46,60
1661145960,1743.60,58
1661146020,1743.52,67
1661146080,1743.36,74
1661146140,1743.69,50
1661146200,1744.33,185
1661146260,1744.46,91
1661146320,1744.16,64
1661146380,1743.90,143
1661146440,1743.94,71
1661146500,1743.56,90
1661146560,1744.12,93
1661146620,1744.21,77
1661146680,1744.68,85
1661146740,1744.46,91
1661146800,1744.56,127
1661146860,1744.61,86
1661146920,1744.58,86
1661146980,1744.80,40
1661147040,1744.82,48
1661147100,1744.80,71
1661147160,1744.90,71
1661147220,1744.74,68
1661147280,1744.58,76
1661147340,1744.64,65
1661147400,1744.50,66
1661147460,1744.12,65
1661147520,1744.32,72
1661147580,1744.56,52
1661147640,1744.45,70
1661147700,1744.42,44
1661147760,1744.38,61
1661147820,1744.29,70
1661147880,1743.90,116
1661147940,1743.70,134
1661148000,1743.10,184
1661148060,1742.68,152
1661148120,1742.56,122
1661148180,1742.47,142
1661148240,1742.42,132
1661148300,1742.32,139
1661148360,1742.68,153
1661148420,1742.32,130
1661148480,1742.20,149
1661148540,1742.11,80
1661148600,1742.36,112
1661148660,1742.20,117
1661148720,1742.48,114
1661148780,1742.47,89
1661148840,1742.94,110
1661148900,1742.97,130
1661148960,1742.51,117
1661149020,1742.45,133
1661149080,1742.51,120
1661149140,1742.54,111
1661149200,1742.96,112
1661149260,1742.94,101
1661149320,1742.80,117
1661149380,1742.94,111
1661149440,1743.27,129
1661149500,1743.73,104
1661149560,1743.52,119
1661149620,1743.66,129
1661149680,1743.78,102
1661149740,1743.49,91
1661149800,1742.98,117
1661149860,1742.88,116
1661149920,1742.90,157
1661149980,1742.68,134
1661150040,1742.52,145
1661150100,1742.73,149
1661150160,1742.46,120
1661150220,1742.78,131
1661150280,1743.10,117
1661150340,1742.58,159
1661150400,1742.68,146
1661150460,1742.50,129
1661150520,1742.52,125
1661150580,1742.72,118
1661150640,1742.06,137
1661150700,1742.26,165
1661150760,1741.95,137
1661150820,1742.30,193
1661150880,1742.38,160
1661150940,1742.96,173
1661151000,1742.94,158
1661151060,1742.66,131
1661151120,1742.82,110
1661151180,1743.10,128
1661151240,1742.86,145
1661151300,1742.84,130
1661151360,1742.68,127
1661151420,1742.70,112
1661151480,1742.42,124
1661151540,1742.34,112
1661151600,1741.74,235
1661151660,1741.10,229
1661151720,1741.10,195
1661151780,1740.82,155
1661151840,1741.24,164
1661151900,1741.05,163
1661151960,1740.98,157
1661152020,1741.00,142
1661152080,1741.03,163
1661152140,1741.03,175
1661152200,1740.68,172
1661152260,1739.62,209
1661152320,1739.70,163
1661152380,1739.58,172
1661152440,1739.90,140
1661152500,1739.64,162
1661152560,1739.40,111
1661152620,1739.29,208
1661152680,1739.22,175
1661152740,1739.16,172
1661152800,1739.30,136
1661152860,1739.24,139
1661152920,1739.29,136
1661152980,1738.94,127
1661153040,1738.88,121
1661153100,1738.60,144
1661153160,1739.08,144
1661153220,1739.30,103
1661153280,1739.18,102
1661153340,1738.93,118
1661153400,1738.76,163
1661153460,1738.66,129
1661153520,1738.44,140
1661153580,1738.26,130
1661153640,1738.50,158
1661153700,1738.62,156
1661153760,1738.56,175
1661153820,1738.24,98
1661153880,1738.28,130
1661153940,1738.62,121
1661154000,1739.02,162
1661154060,1738.92,151
1661154120,1738.60,123
1661154180,1738.50,177
1661154240,1738.05,141
1661154300,1738.42,161
1661154360,1738.32,145
1661154420,1738.49,127
1661154480,1738.73,122
1661154540,1738.44,153
1661154600,1738.20,91
1661154660,1737.70,135
1661154720,1738.10,183
1661154780,1738.24,119
1661154840,1738.10,164
1661154900,1738.77,180
1661154960,1738.01,196
1661155020,1737.95,179
1661155080,1737.26,176
1661155140,1737.16,202
1661155200,1736.84,211
1661155260,1736.60,234
1661155320,1736.58,197
1661155380,1737.07,179
1661155440,1737.22,169
1661155500,1737.38,223
1661155560,1737.04,191
1661155620,1737.25,117
1661155680,1737.39,136
1661155740,1737.45,126
1661155800,1736.88,155
1661155860,1737.07,144
1661155920,1737.24,156
1661155980,1737.40,146
1661156040,1737.14,116
1661156100,1735.61,265
1661156160,1734.78,221
1661156220,1735.06,218
1661156280,1735.66,223
1661156340,1735.72,165
1661156400,1735.74,188
1661156460,1735.68,126
1661156520,1735.76,104
1661156580,1735.39,105
1661156640,1735.06,126
1661156700,1734.90,162
1661156760,1734.52,190
1661156820,1734.90,146
1661156880,1735.00,137
1661156940,1735.25,115
1661157000,1736.14,234
1661157060,1735.24,237
1661157120,1735.63,207
1661157180,1736.01,194
1661157240,1735.37,153
1661157300,1734.55,184
1661157360,1734.28,231
1661157420,1734.90,236
1661157480,1734.72,139
1661157540,1735.35,135
1661157600,1735.09,131
1661157660,1734.57,147
1661157720,1734.62,180
1661157780,1734.57,166
1661157840,1734.74,131
1661157900,1734.68,194
1661157960,1734.50,163
1661158020,1734.35,189
1661158080,1734.26,148
1661158140,1733.56,173
1661158200,1733.48,210
1661158260,1733.03,206
1661158320,1733.88,252
1661158380,1733.52,165
1661158440,1733.52,144
1661158500,1733.42,206
1661158560,1734.06,200
1661158620,1734.80,186
1661158680,1734.95,147
1661158740,1735.04,118
1661158800,1734.74,194
1661158860,1734.65,135
1661158920,1734.08,142
1661158980,1733.99,191
1661159040,1733.36,154
1661159100,1733.22,153
1661159160,1733.60,140
1661159220,1733.34,124
1661159280,1733.28,133
1661159340,1733.38,141
1661159400,1733.40,121
1661159460,1733.40,152
1661159520,1733.00,134
1661159580,1733.14,120
1661159640,1733.04,146
1661159700,1733.03,140
1661159760,1733.31,123
1661159820,1733.64,130
1661159880,1733.71,132
1661159940,1733.51,86
1661160000,1732.96,142
1661160060,1732.79,149
1661160120,1732.45,198
1661160180,1732.56,164
1661160240,1732.80,151
1661160300,1732.88,149
1661160360,1733.34,128
1661160420,1733.06,106
1661160480,1732.96,113
1661160540,1732.66,81
1661160600,1732.40,163
1661160660,1732.36,150
1661160720,1732.24,134
1661160780,1732.16,171
1661160840,1732.38,125
1661160900,1732.30,171
1661160960,1732.28,138
1661161020,1732.34,143
1661161080,1731.94,119
1661161140,1732.65,173
1661161200,1732.63,142
1661161260,1732.50,83
1661161320,1732.70,121
1661161380,1732.82,102
1661161440,1733.40,127
1661161500,1733.85,160
1661161560,1733.90,137
1661161620,1735.13,216
1661161680,1735.54,198
1661161740,1735.68,164
1661161800,1735.62,141
1661161860,1735.74,126
1661161920,1735.92,118
1661161980,1736.68,154
1661162040,1736.64,161
1661162100,1738.44,274
1661162160,1738.04,216
1661162220,1737.64,161
1661162280,1737.86,143
1661162340,1737.50,138
1661162400,1737.33,136
1661162460,1737.09,163
1661162520,1736.50,159
1661162580,1736.22,122
1661162640,1735.54,161
1661162700,1735.48,161
1661162760,1735.64,140
1661162820,1735.59,158
1661162880,1735.58,133
1661162940,1735.51,133
1661163000,1736.76,238
1661163060,1736.56,206
1661163120,1736.38,170
1661163180,1736.52,148
1661163240,1736.15,177
1661163300,1736.20,133
1661163360,1736.16,93
1661163420,1736.26,134
1661163480,1736.09,133
1661163540,1736.13,139
1661163600,1735.58,117
1661163660,1735.02,154
1661163720,1735.18,124
1661163780,1735.28,142
1661163840,1735.54,156
1661163900,1734.92,137
1661163960,1735.56,139
1661164020,1735.32,112
1661164080,1736.10,140
1661164140,1736.56,137
1661164200,1736.16,143
1661164260,1735.92,143
1661164320,1735.62,137
1661164380,1735.20,136
1661164440,1735.10,92
1661164500,1735.56,125
1661164560,1735.34,114
1661164620,1735.28,99
1661164680,1735.52,90
1661164740,1735.28,113
1661164800,1735.56,96
1661164860,1735.90,117
1661164920,1735.73,155
1661164980,1735.77,156
1661165040,1735.49,125
1661165100,1734.87,118
1661165160,1735.10,119
1661165220,1735.18,96
1661165280,1735.25,124
1661165340,1735.45,123
1661165400,1735.94,112
1661165460,1735.28,132
1661165520,1735.15,97
1661165580,1735.26,101
1661165640,1735.02,108
1661165700,1734.94,149
1661165760,1734.98,127
1661165820,1734.92,103
1661165880,1734.68,126
1661165940,1734.58,98
1661166000,1734.46,152
1661166060,1734.16,133
1661166120,1733.99,144
1661166180,1733.78,154
1661166240,1733.96,189
1661166300,1733.58,177
1661166360,1733.80,149
1661166420,1734.71,146
1661166480,1734.86,129
1661166540,1735.24,154
1661166600,1735.25,142
1661166660,1735.28,141
1661166720,1735.64,87
1661166780,1735.74,144
1661166840,1735.54,101
1661166900,1735.28,115
1661166960,1735.46,115
1661167020,1735.48,106
1661167080,1735.32,142
1661167140,1735.34,105
1661167200,1735.34,105
1661167260,1735.34,121
1661167320,1735.44,95
1661167380,1735.51,116
1661167440,1735.29,78
1661167500,1735.32,105
1661167560,1735.38,117
1661167620,1735.39,85
1661167680,1735.34,90
1661167740,1735.25,104
1661167800,1734.48,169
1661167860,1734.02,160
1661167920,1733.92,113
1661167980,1733.66,125
1661168040,1733.01,128
1661168100,1732.92,228
1661168160,1733.38,166
1661168220,1733.38,132
1661168280,1733.07,154
1661168340,1732.57,161
1661168400,1732.26,160
1661168460,1732.32,130
1661168520,1731.53,170
1661168580,1730.94,224
1661168640,1731.66,162
1661168700,1732.59,166
1661168760,1732.60,125
1661168820,1732.47,82
1661168880,1732.53,123
1661168940,1732.07,162
1661169000,1731.40,204
1661169060,1731.50,153
1661169120,1732.50,147
1661169180,1733.10,162
1661169240,1734.39,205
1661169300,1734.47,184
1661169360,1734.36,143
1661169420,1734.36,107
1661169480,1734.08,129
1661169540,1733.35,129
1661169600,1732.78,185
1661169660,1731.78,207
1661169720,1732.28,189
1661169780,1731.68,178
1661169840,1730.31,234
1661169900,1730.40,255
1661169960,1729.92,222
1661170020,1730.58,244
1661170080,1730.66,226
1661170140,1730.84,198
1661170200,1730.49,198
1661170260,1730.39,162
1661170320,1730.88,204
1661170380,1731.36,217
1661170440,1731.80,201
1661170500,1731.32,201
1661170560,1730.72,191
1661170620,1730.59,189
1661170680,1731.12,188
1661170740,1731.20,171
1661170800,1730.07,297
1661170860,1730.89,242
1661170920,1731.20,298
1661170980,1731.18,241
1661171040,1730.50,213
1661171100,1729.88,220
1661171160,1729.99,242
1661171220,1730.62,197
1661171280,1730.54,194
1661171340,1731.33,233
1661171400,1730.56,212
1661171460,1730.31,210
1661171520,1729.92,211
1661171580,1729.80,156
1661171640,1729.30,178
1661171700,1729.64,267
1661171760,1730.12,211
1661171820,1729.10,260
1661171880,1728.84,237
1661171940,1729.48,191
1661172000,1729.70,247
1661172060,1729.28,209
1661172120,1728.88,179
1661172180,1728.68,194
1661172240,1728.66,246
1661172300,1728.24,238
1661172360,1728.61,215
1661172420,1728.84,238
1661172480,1729.03,169
1661172540,1728.92,177
1661172600,1729.16,224
1661172660,1728.86,207
1661172720,1729.74,193
1661172780,1729.84,209
1661172840,1729.88,182
1661172900,1730.38,138
1661172960,1730.32,238
1661173020,1730.52,174
1661173080,1730.46,176
1661173140,1730.55,198
1661173200,1731.21,371
1661173260,1731.04,298
1661173320,1731.12,308
1661173380,1731.44,299
1661173440,1731.35,283
1661173500,1731.68,215
1661173560,1732.64,264
1661173620,1732.50,264
1661173680,1732.65,235
1661173740,1733.00,216
1661173800,1732.70,252
1661173860,1733.58,197
1661173920,1734.30,262
1661173980,1733.64,226
1661174040,1733.74,238
1661174100,1734.52,227
1661174160,1734.00,232
1661174220,1734.06,223
1661174280,1734.06,223
1661174340,1734.49,171
1661174400,1735.25,199
1661174460,1735.35,237
1661174520,1736.05,243
1661174580,1736.14,286
1661174640,1735.82,208
1661174700,1735.35,254
1661174760,1735.55,254
1661174820,1735.67,267
1661174880,1735.43,237
1661174940,1735.36,214
1661175000,1734.94,305
1661175060,1736.18,317
1661175120,1735.97,329
1661175180,1737.42,318
1661175240,1737.46,279
1661175300,1738.08,323
1661175360,1737.48,293
1661175420,1738.20,320
1661175480,1737.86,348
1661175540,1737.08,301
1661175600,1736.86,306
1661175660,1736.18,278
1661175720,1736.52,291
1661175780,1736.43,228
1661175840,1737.43,243
1661175900,1737.04,245
1661175960,1736.64,250
1661176020,1737.01,261
1661176080,1737.04,253
1661176140,1735.87,273
1661176200,1734.94,319
1661176260,1734.62,229
1661176320,1734.98,264
1661176380,1734.62,215
1661176440,1734.10,230
1661176500,1734.09,267
1661176560,1732.85,266
1661176620,1733.46,217
1661176680,1733.80,247
1661176740,1733.24,270
1661176800,1732.30,326
1661176860,1732.97,304
1661176920,1733.51,262
1661176980,1733.86,275
1661177040,1733.72,209
1661177100,1734.26,280
1661177160,1734.86,221
1661177220,1736.10,289
1661177280,1736.08,280
1661177340,1736.67,280
1661177400,1736.96,275
1661177460,1737.82,267
1661177520,1738.25,286
1661177580,1738.02,238
1661177640,1738.18,230
1661177700,1738.66,270
1661177760,1738.83,253
1661177820,1739.41,279
1661177880,1738.77,270
1661177940,1738.82,231
1661178000,1738.02,259
1661178060,1738.02,258
1661178120,1737.92,223
1661178180,1737.57,186
1661178240,1737.14,194
1661178300,1736.42,244
1661178360,1735.88,257
1661178420,1736.40,240
1661178480,1735.96,219
1661178540,1735.65,241
1661178600,1736.04,254
1661178660,1736.60,276
1661178720,1736.32,275
1661178780,1736.67,234
1661178840,1736.48,223
1661178900,1737.52,229
1661178960,1738.30,238
1661179020,1738.36,232
1661179080,1738.71,260
1661179140,1738.65,207
1661179200,1738.24,222
1661179260,1739.52,263
1661179320,1739.38,260
1661179380,1738.47,248
1661179440,1738.02,222
1661179500,1737.31,305
1661179560,1736.94,274
1661179620,1737.18,217
1661179680,1738.30,268
1661179740,1738.16,231
1661179800,1738.04,257
1661179860,1738.30,238
1661179920,1738.65,216
1661179980,1736.81,238
1661180040,1737.40,254
1661180100,1737.80,259
1661180160,1737.50,251
1661180220,1737.42,196
1661180280,1737.88,198
1661180340,1737.45,212
1661180400,1736.85,263
1661180460,1738.02,263
1661180520,1737.49,223
1661180580,1738.08,269
1661180640,1736.54,288
1661180700,1736.96,266
1661180760,1737.14,181
1661180820,1736.16,200
1661180880,1736.34,195
1661180940,1736.23,199
1661181000,1736.54,158
1661181060,1736.30,181
1661181120,1735.84,155
1661181180,1736.07,168
1661181240,1736.18,197
1661181300,1736.72,199
1661181360,1736.24,183
1661181420,1736.02,203
1661181480,1735.80,144
1661181540,1736.06,165
1661181600,1736.47,181
1661181660,1736.76,162
1661181720,1736.48,143
1661181780,1735.82,158
1661181840,1736.08,230
1661181900,1735.02,244
1661181960,1734.87,316
1661182020,1735.48,221
1661182080,1735.48,207
1661182140,1734.95,205
1661182200,1734.54,240
1661182260,1735.21,253
1661182320,1735.44,229
1661182380,1735.85,193
1661182440,1736.30,224
1661182500,1736.70,190
1661182560,1736.85,213
1661182620,1736.70,198
1661182680,1736.69,200
1661182740,1736.41,177
1661182800,1736.26,197
1661182860,1736.08,210
1661182920,1736.30,179
1661182980,1735.96,166
1661183040,1735.92,175
1661183100,1735.58,147
1661183160,1735.54,125
1661183220,1735.54,112
1661183280,1735.56,140
1661183340,1735.54,166
1661183400,1736.02,181
1661183460,1736.58,132
1661183520,1736.48,178
1661183580,1735.78,157
1661183640,1736.22,127
1661183700,1736.68,153
1661183760,1736.41,148
1661183820,1736.65,163
1661183880,1736.68,131
1661183940,1736.84,147
1661184000,1736.65,193
1661184060,1736.56,160
1661184120,1736.40,152
1661184180,1736.56,148
1661184240,1735.87,151
1661184300,1735.48,161
1661184360,1735.88,152
1661184420,1736.07,157
1661184480,1735.84,131
1661184540,1735.92,143
1661184600,1736.33,127
1661184660,1736.28,121
1661184720,1736.38,95
1661184780,1736.30,100
1661184840,1736.18,101
1661184900,1736.48,115
1661184960,1736.38,130
1661185020,1736.30,104
1661185080,1736.31,123
1661185140,1736.30,105
1661185200,1736.46,105
1661185260,1736.92,132
1661185320,1736.36,119
1661185380,1736.64,117
1661185440,1737.00,122
1661185500,1736.82,127
1661185560,1736.77,75
1661185620,1736.87,85
1661185680,1736.96,143
1661185740,1736.96,100
1661185800,1737.13,105
1661185860,1737.10,96
1661185920,1736.80,105
1661185980,1736.98,106
1661186040,1736.58,108
1661186100,1736.93,88
1661186160,1736.82,113
1661186220,1736.76,78
1661186280,1736.98,112
1661186340,1736.39,122
1661186400,1736.26,138
1661186460,1736.02,125
1661186520,1735.92,63
1661186580,1735.57,150
1661186640,1735.30,92
1661186700,1735.10,119
1661186760,1735.10,113
1661186820,1735.08,81
1661186880,1735.26,92
1661186940,1735.26,121
1661187000,1735.43,119
1661187060,1735.54,108
1661187120,1735.71,72
1661187180,1735.50,113
1661187240,1735.20,115
1661187300,1735.24,104
1661187360,1735.51,96
1661187420,1734.96,119
1661187480,1735.14,139
1661187540,1735.18,181
1661187600,1735.26,159
1661187660,1735.33,109
1661187720,1734.96,93
1661187780,1734.58,81
1661187840,1734.43,167
1661187900,1734.30,131
1661187960,1734.40,107
1661188020,1734.57,120
1661188080,1734.55,66
1661188140,1734.56,80
1661188200,1734.38,102
1661188260,1734.01,103
1661188320,1733.96,102
1661188380,1733.88,99
1661188440,1734.46,96
1661188500,1734.63,93
1661188560,1734.61,140
1661188620,1734.86,120
1661188680,1734.98,64
1661188740,1735.06,92
1661188800,1734.96,84
1661188860,1734.96,91
1661188920,1734.87,82
1661188980,1734.75,85
1661189040,1734.58,145
1661189100,1735.01,153
1661189160,1735.29,75
1661189220,1735.22,93
1661189280,1735.46,78
1661189340,1735.26,248
1661189400,1735.72,132
1661189460,1735.92,117
1661189520,1736.36,118
1661189580,1736.26,97
1661189640,1736.16,88
1661189700,1736.73,140
1661189760,1737.22,117
1661189820,1737.35,105
1661189880,1737.36,97
1661189940,1737.46,57
1661190000,1737.44,100
1661190060,1737.00,121
1661190120,1737.23,123
1661190180,1737.22,88
1661190240,1737.28,61
1661190300,1737.45,131
1661190360,1737.46,121
1661190420,1737.24,95
1661190480,1737.18,96
1661190540,1736.92,108
1661190600,1736.92,116
1661190660,1737.04,70
1661190720,1736.82,88
1661190780,1736.82,87
1661190840,1736.71,85
1661190900,1736.54,88
1661190960,1736.44,103
1661191020,1736.26,98
1661191080,1735.94,88
1661191140,1736.08,124
1661191200,1736.15,106
1661191260,1736.14,135
1661191320,1736.02,63
1661191380,1735.79,85
1661191440,1736.02,54
1661191500,1736.50,91
1661191560,1736.76,120
1661191620,1736.68,88
1661191680,1736.86,86
1661191740,1736.84,58
1661191800,1736.78,74
1661191860,1736.92,70
1661191920,1737.04,86
1661191980,1737.18,83
1661192040,1737.26,60
1661192100,1737.09,81
1661192160,1737.17,117
1661192220,1736.91,73
1661192280,1736.91,59
1661192340,1736.87,72
1661192400,1736.76,64
1661192460,1736.88,65
1661192520,1736.66,67
1661192580,1736.28,83
1661192640,1736.10,84
1661192700,1736.16,101
1661192760,1736.13,66
1661192820,1735.88,108
1661192880,1735.83,69
1661192940,1736.00,69
1661193000,1736.26,81
1661193060,1736.18,65
1661193120,1736.43,95
1661193180,1736.40,66
1661193240,1736.40,9
1661193300,1736.53,42
1661193360,1736.41,56
1661193420,1736.22,48
1661193480,1736.28,65
1661193540,1736.08,69
1661193600,1735.94,66
1661193660,1736.09,54
1661193720,1736.10,66
1661193780,1735.75,48
1661193840,1735.87,84
1661193900,1736.07,66
1661193960,1736.29,76
1661194020,1735.97,101
1661194080,1735.94,110
1661194140,1735.79,54
1661194200,1736.14,62
1661194260,1736.04,87
1661194320,1736.34,72
1661194380,1736.34,55
1661194440,1736.41,70
1661194500,1736.82,93
1661194560,1737.33,143
1661194620,1737.36,97
1661194680,1736.81,163
1661194740,1736.69,189
1661194800,1737.71,148
1661194860,1737.54,104
1661194920,1737.48,77
1661194980,1737.46,77
1661195040,1737.72,72
1661195100,1737.26,88
1661195160,1737.72,86
1661195220,1737.43,67
1661195280,1736.86,74
1661195340,1737.00,71
1661195400,1737.24,58
1661195460,1737.14,50
1661195520,1736.80,71
1661195580,1737.20,58
1661195640,1737.35,55
1661195700,1737.20,64
1661195760,1737.17,45
1661195820,1737.42,39
1661195880,1737.28,72
1661195940,1737.14,76
1661196000,1737.14,62
1661196060,1736.92,51
1661196120,1736.66,98
1661196180,1736.94,51
1661196240,1736.86,67
1661196300,1737.02,71
1661196360,1736.70,73
1661196420,1736.61,66
1661196480,1736.37,58
1661196540,1736.30,80
1661196600,1736.15,90
1661196660,1736.06,96
1661196720,1736.00,95
1661196780,1735.80,57
1661196840,1735.52,83
1661196900,1735.64,59
1661196960,1735.56,71
1661197020,1735.46,53
1661197080,1734.78,93
1661197140,1735.12,65
1661197200,1734.92,79
1661197260,1735.00,85
1661197320,1734.82,86
1661197380,1734.61,64
1661197440,1734.42,65
1661197500,1734.75,69
1661197560,1735.19,67
1661197620,1735.09,66
1661197680,1735.30,69
1661197740,1735.61,76
1661197800,1735.87,92
1661197860,1736.30,98
1661197920,1736.19,83
1661197980,1735.82,98
1661198040,1735.58,106
1661198100,1735.44,129
1661198160,1735.65,94
1661198220,1735.64,104
1661198280,1735.08,204
1661198340,1735.02,180
1661198400,1734.91,100
1661198460,1735.07,102
1661198520,1735.04,46
1661198580,1735.10,65
1661198640,1735.23,23
1661198700,1735.28,28
1661198760,1735.15,38
1661198820,1735.20,32
1661198880,1735.20,16
1661198940,1735.08,20
1661199000,1734.92,21
1661199060,1734.81,25
1661199120,1734.97,23
1661199180,1734.88,21
1661199240,1734.65,26
1661199300,1734.56,42
1661199360,1734.49,25
1661199420,1734.60,11
1661199480,1734.68,34
1661199540,1734.82,21
1661199600,1734.86,26
1661199660,1734.92,25
1661199720,1734.93,22
1661199780,1734.94,13
1661199840,1734.97,10
1661199900,1735.15,29
1661199960,1735.32,17
1661200020,1735.42,22
1661200080,1735.73,43
1661200140,1735.82,49
1661200200,1735.84,53
1661200260,1735.67,19
1661200320,1735.67,25
1661200380,1735.62,15
1661200440,1735.62,2
1661200500,1735.47,16
1661200560,1735.27,33
1661200620,1735.16,23
1661200680,1735.17,27
1661200740,1735.14,29
1661200800,1734.99,24
1661200860,1734.92,32
1661200920,1734.78,18
1661200980,1734.96,25
1661201040,1734.96,50
1661201100,1734.78,77
1661201160,1734.84,26
1661201220,1734.93,44
1661201280,1734.83,46
1661201340,1734.98,34
1661201400,1735.04,40
1661201460,1735.48,36
1661201520,1735.56,27
1661201580,1735.69,32
1661201640,1735.79,46
1661201700,1735.76,24
1661201760,1735.96,37
1661205720,1735.56,25
1661205780,1735.73,18
1661205840,1735.90,17
1661205900,1735.92,18
1661205960,1735.97,6
1661206020,1735.92,12
1661206080,1735.75,8
1661206140,1735.62,32
1661206200,1735.65,14
1661206260,1735.45,19
1661206320,1735.16,21
1661206380,1735.18,7
1661206440,1735.15,23
1661206500,1735.14,7
1661206560,1735.38,27
1661206620,1735.24,6
1661206680,1735.04,12
1661206740,1735.04,8
1661206800,1735.03,3
1661206860,1735.04,6
1661206920,1735.04,4
1661207040,1735.15,8
1661207100,1735.28,24
1661207160,1735.19,27
1661207220,1735.21,7
1661207280,1735.42,10
1661207340,1735.52,19
1661207400,1735.42,12
1661207460,1735.50,7
1661207520,1735.60,20
1661207580,1735.96,28
1661207640,1736.06,31
1661207700,1735.76,40
1661207760,1735.60,15
1661207820,1735.51,11
1661207880,1735.26,15
1661207940,1735.37,8
1661208000,1735.56,19
1661208060,1736.06,11
1661208120,1735.85,13
1661208180,1735.84,8
1661208240,1735.80,8
1661208300,1735.75,24
1661208360,1735.48,17
1661208420,1735.37,17
1661208480,1735.20,38
1661208540,1735.02,31
1661208600,1734.94,52
1661208660,1734.92,24
1661208720,1735.02,18
1661208780,1735.37,15
1661208840,1735.38,5
1661208900,1735.66,12
1661208960,1735.66,6
1661209020,1735.77,12
1661209080,1735.75,13
1661209140,1735.86,10
1661209200,1735.70,54
1661209260,1735.65,46
1661209320,1735.53,15
1661209380,1735.42,44
1661209440,1735.52,4
1661209500,1735.42,5
1661209560,1735.50,2
1661209620,1735.60,2
1661209740,1735.70,4
1661209800,1735.90,9
1661209860,1735.82,9
1661209920,1735.92,3
1661210040,1735.54,16
1661210100,1735.54,5
1661210160,1735.56,7
1661210220,1735.96,31
1661210280,1735.95,1
1661210400,1735.72,18
1661210460,1735.72,31
1661210520,1735.60,11
1661210580,1735.55,10
1661210640,1735.61,27
1661210700,1735.51,11
1661210760,1735.34,11
1661210820,1735.14,27
1661210880,1735.15,33
1661210940,1735.20,36
1661211000,1735.24,52
1661211060,1735.20,27
1661211120,1735.24,21
1661211180,1735.24,55
1661211240,1735.17,27
1661211300,1735.18,31
1661211360,1735.01,36
1661211420,1735.08,24
1661211480,1735.24,30
1661211540,1735.36,33
1661211600,1735.59,21
1661211660,1735.77,30
1661211720,1735.46,54
1661211780,1735.42,34
1661211840,1735.28,36
1661211900,1735.14,60
1661211960,1735.16,33
1661212020,1735.13,33
1661212080,1735.08,30
1661212140,1734.79,15
1661212200,1734.76,36
1661212260,1734.74,28
1661212320,1734.73,13
1661212380,1734.88,20
1661212440,1735.01,51
1661212500,1735.26,41
1661212560,1735.06,37
1661212620,1735.28,20
1661212680,1735.19,16
1661212740,1735.28,17
1661212800,1735.41,65
1661212860,1734.76,131
1661212920,1734.78,69
1661212980,1734.47,81
1661213040,1734.36,106
1661213100,1734.84,90
1661213160,1734.74,55
1661213220,1735.01,71
1661213280,1735.13,78
1661213340,1735.27,86
1661213400,1735.45,68
1661213460,1735.57,47
1661213520,1735.32,85
1661213580,1735.55,105
1661213640,1735.47,70
1661213700,1735.56,64
1661213760,1735.72,67
1661213820,1735.81,89
1661213880,1735.92,73
1661213940,1735.96,50
1661214000,1736.22,73
1661214060,1736.02,80
1661214120,1736.21,47
1661214180,1736.51,67
1661214240,1736.83,92
1661214300,1737.23,113
1661214360,1737.44,100
1661214420,1737.64,84
1661214480,1737.70,84
1661214540,1737.60,60
1661214600,1737.60,120
1661214660,1737.63,50
1661214720,1738.05,84
1661214780,1738.30,116
1661214840,1738.22,127
1661214900,1738.16,143
1661214960,1738.22,102
1661215020,1738.44,119
1661215080,1738.53,112
1661215140,1738.64,76
1661215200,1738.07,112
1661215260,1738.18,131
1661215320,1738.40,80
1661215380,1738.62,77
1661215440,1738.44,67
1661215500,1738.28,73
1661215560,1738.04,60
1661215620,1738.17,43
1661215680,1738.37,34
1661215740,1738.42,42
1661215800,1738.60,39
1661215860,1738.48,85
1661215920,1738.42,88
1661215980,1738.46,67
1661216040,1738.40,69
1661216100,1738.64,135
1661216160,1738.28,102
1661216220,1738.26,101
1661216280,1738.29,57
1661216340,1738.18,43
1661216400,1738.24,212
1661216460,1738.71,109
1661216520,1738.78,140
1661216580,1738.74,137
1661216640,1738.41,109
1661216700,1738.80,71
1661216760,1738.82,60
1661216820,1738.92,108
1661216880,1739.10,85
1661216940,1738.38,130
1661217000,1738.30,117
1661217060,1739.22,187
1661217120,1738.93,134
1661217180,1739.10,103
1661217240,1739.38,143
1661217300,1739.14,136
1661217360,1738.88,110
1661217420,1738.76,115
1661217480,1738.79,122
1661217540,1738.76,101
1661217600,1739.63,142
1661217660,1739.64,122
1661217720,1739.66,55
1661217780,1739.58,73
1661217840,1739.34,93
1661217900,1739.42,88
1661217960,1739.45,58
1661218020,1739.38,50
1661218080,1739.30,41
1661218140,1739.66,69
1661218200,1739.76,111
1661218260,1739.22,88
1661218320,1739.42,79
1661218380,1739.62,130
1661218440,1740.15,107
1661218500,1740.12,70
1661218560,1739.52,104
1661218620,1739.52,109
1661218680,1739.98,95
1661218740,1739.68,127
1661218800,1740.26,87
1661218860,1740.20,88
1661218920,1740.03,69
1661218980,1740.10,56
1661219040,1740.16,150
1661219100,1739.28,108
1661219160,1739.74,99
1661219220,1740.05,120
1661219280,1740.10,68
1661219340,1739.94,51
1661219400,1739.86,69
1661219460,1739.96,40
1661219520,1739.80,81
1661219580,1739.90,69
1661219640,1739.88,54
1661219700,1739.93,103
1661219760,1739.87,99
1661219820,1740.24,96
1661219880,1740.51,103
1661219940,1740.16,69
1661220000,1740.08,144
1661220060,1739.32,116
1661220120,1739.18,79
1661220180,1738.46,108
1661220240,1738.85,227
1661220300,1739.68,221
1661220360,1739.64,94
1661220420,1739.62,92
1661220480,1739.72,84
1661220540,1739.26,130
1661220600,1739.32,112
1661220660,1739.29,65
1661220720,1739.28,57
1661220780,1739.39,66
1661220840,1739.40,60
1661220900,1739.12,82
1661220960,1738.70,67
1661221020,1739.15,72
1661221080,1739.40,68
1661221140,1739.31,71
1661221200,1739.86,82
1661221260,1739.97,47
1661221320,1739.79,65
1661221380,1739.47,80
1661221440,1739.49,57
1661221500,1739.28,84
1661221560,1739.77,72
1661221620,1740.14,83
1661221680,1739.68,89
1661221740,1739.55,65
1661221800,1739.52,91
1661221860,1739.43,68
1661221920,1739.12,89
1661221980,1738.76,119
1661222040,1738.76,96
1661222100,1738.90,78
1661222160,1739.16,109
1661222220,1739.13,81
1661222280,1738.90,72
1661222340,1738.84,51
1661222400,1738.76,76
1661222460,1738.50,81
1661222520,1738.65,76
1661222580,1738.56,78
1661222640,1738.52,57
1661222700,1738.60,72
1661222760,1738.46,82
1661222820,1738.63,54
1661222880,1738.68,78
1661222940,1738.66,81
1661223000,1738.63,47
1661223060,1738.68,55
1661223120,1738.42,65
1661223180,1738.94,95
1661223240,1738.93,72
1661223300,1739.05,53
1661223360,1738.63,76
1661223420,1738.58,66
1661223480,1738.30,78
1661223540,1738.56,84
1661223600,1738.68,83
1661223660,1738.68,62
1661223720,1738.54,73
1661223780,1738.66,75
1661223840,1738.46,48
1661223900,1738.30,59
1661223960,1738.16,54
1661224020,1738.10,75
1661224080,1737.84,69
1661224140,1737.84,65
1661224200,1737.86,71
1661224260,1737.80,73
1661224320,1737.82,56
1661224380,1737.99,83
1661224440,1738.14,75
1661224500,1738.13,90
1661224560,1738.28,35
1661224620,1738.22,81
1661224680,1738.38,59
1661224740,1738.48,66
1661224800,1738.58,51
1661224860,1738.60,49
1661224920,1738.74,93
1661224980,1738.88,42
1661225040,1739.18,75
1661225100,1739.10,72
1661225160,1739.03,70
1661225220,1738.96,61
1661225280,1738.74,47
1661225340,1738.54,51
1661225400,1738.14,78
1661225460,1737.86,56
1661225520,1737.75,68
1661225580,1737.70,52
1661225640,1737.68,80
1661225700,1738.74,141
1661225760,1739.10,132
1661225820,1738.64,173
1661225880,1738.52,150
1661225940,1738.26,76
1661226000,1738.06,46
1661226060,1738.10,65
1661226120,1737.86,45
1661226180,1737.78,56
1661226240,1737.88,35
1661226300,1738.25,61
1661226360,1738.22,22
1661226420,1738.10,39
1661226480,1738.18,45
1661226540,1738.26,31
1661226600,1738.33,59
1661226660,1738.34,51
1661226720,1738.38,38
1661226780,1738.40,42
1661226840,1738.31,70
1661226900,1738.35,53
1661226960,1738.52,50
1661227020,1738.66,42
1661227080,1738.60,43
1661227140,1738.46,43
1661227200,1738.58,40
1661227260,1738.51,66
1661227320,1738.50,34
1661227380,1738.57,55
1661227440,1738.72,37
1661227500,1738.75,50
1661227560,1738.83,35
1661227620,1738.72,31
1661227680,1738.54,39
1661227740,1738.58,53
1661227800,1738.36,22
1661227860,1738.46,62
1661227920,1738.32,45
1661227980,1738.16,33
1661228040,1737.92,67
1661228100,1738.08,35
1661228160,1737.80,63
1661228220,1737.88,54
1661228280,1737.92,47
1661228340,1737.96,46
1661228400,1737.96,53
1661228460,1738.19,48
1661228520,1738.14,33
1661228580,1738.16,34
1661228640,1738.05,38
1661228700,1738.12,22
1661228760,1737.87,27
1661228820,1737.76,30
1661228880,1737.78,31
1661228940,1737.75,22
1661229000,1737.64,49
1661229060,1737.61,32
1661229120,1737.61,25
1661229180,1737.42,51
1661229240,1737.74,53
1661229300,1737.77,42
1661229360,1737.80,34
1661229420,1737.78,28
1661229480,1737.78,41
1661229540,1737.76,50
1661229600,1737.98,50
1661229660,1737.90,55
1661229720,1738.08,30
1661229780,1738.10,31
1661229840,1738.12,17
1661229900,1738.11,54
1661229960,1737.82,45
1661230020,1737.53,61
1661230080,1737.56,34
1661230140,1737.56,40
1661230200,1737.50,53
1661230260,1737.52,32
1661230320,1737.34,59
1661230380,1737.42,48
1661230440,1737.45,28
1661230500,1737.32,41
1661230560,1737.31,40
1661230620,1737.20,50
1661230680,1737.04,53
1661230740,1736.90,68
1661230800,1736.50,93
1661230860,1736.66,79
1661230920,1736.37,45
1661230980,1737.14,88
1661231040,1737.28,29
1661231100,1737.28,62
1661231160,1737.02,55
1661231220,1736.80,52
1661231280,1736.79,57
1661231340,1736.84,85
1661231400,1737.09,60
1661231460,1736.92,50
1661231520,1736.63,73
1661231580,1736.63,96
1661231640,1736.56,68
1661231700,1736.10,99
1661231760,1736.12,119
1661231820,1736.51,139
1661231880,1736.46,111
1661231940,1736.71,75
1661232000,1736.79,105
1661232060,1736.44,123
1661232120,1736.28,112
1661232180,1736.19,106
1661232240,1736.30,95
1661232300,1736.20,68
1661232360,1736.51,67
1661232420,1736.24,54
1661232480,1736.39,50
1661232540,1736.34,69
1661232600,1736.70,122
1661232660,1736.91,81
1661232720,1737.08,92
1661232780,1737.41,85
1661232840,1737.62,83
1661232900,1737.96,105
1661232960,1737.64,68
1661233020,1737.80,80
1661233080,1737.45,72
1661233140,1737.27,54
1661233200,1737.56,80
1661233260,1737.81,54
1661233320,1737.76,96
1661233380,1737.84,51
1661233440,1738.02,90
1661233500,1737.80,75
1661233560,1738.00,134
1661233620,1737.90,63
1661233680,1737.67,54
1661233740,1737.38,64
1661233800,1737.41,102
1661233860,1737.34,97
1661233920,1737.33,79
1661233980,1736.79,127
1661234040,1737.12,140
1661234100,1737.22,96
1661234160,1737.40,80
1661234220,1737.70,85
1661234280,1737.50,91
1661234340,1737.16,64
1661234400,1736.56,196
1661234460,1737.06,161
1661234520,1736.84,143
1661234580,1736.24,123
1661234640,1736.35,169
1661234700,1736.24,158
1661234760,1736.72,129
1661234820,1736.74,92
1661234880,1737.16,149
1661234940,1737.17,144
1661235000,1738.06,159
1661235060,1737.68,128
1661235120,1737.82,140
1661235180,1737.13,112
1661235240,1736.86,99
1661235300,1736.96,143
1661235360,1736.46,106
1661235420,1735.94,139
1661235480,1736.07,122
1661235540,1736.20,129
1661235600,1736.14,126
1661235660,1735.78,149
1661235720,1735.74,117
1661235780,1735.60,127
1661235840,1735.76,89
1661235900,1736.30,118
1661235960,1736.07,96
1661236020,1735.64,78
1661236080,1735.34,127
1661236140,1735.11,133
1661236200,1735.10,149
1661236260,1735.18,159
1661236320,1735.10,159
1661236380,1735.96,165
1661236440,1736.37,147
1661236500,1736.24,153
1661236560,1736.00,165
1661236620,1736.08,170
1661236680,1735.91,157
1661236740,1735.92,134
1661236800,1735.86,143
1661236860,1735.70,169
1661236920,1736.00,121
1661236980,1736.24,113
1661237040,1736.18,90
1661237100,1736.62,151
1661237160,1736.52,124
1661237220,1736.87,103
1661237280,1736.96,110
1661237340,1736.79,71
1661237400,1736.79,91
1661237460,1736.66,105
1661237520,1736.71,118
1661237580,1736.66,89
1661237640,1736.12,121
1661237700,1735.92,105
1661237760,1735.98,70
1661237820,1736.18,99
1661237880,1736.28,115
1661237940,1736.23,160
1661238000,1735.79,239
1661238060,1735.50,173
1661238120,1735.26,149
1661238180,1735.10,148
1661238240,1735.92,153
1661238300,1736.36,164
1661238360,1735.83,125
1661238420,1735.58,142
1661238480,1735.68,117
1661238540,1735.88,139
1661238600,1736.76,158
1661238660,1737.16,160
1661238720,1737.16,146
1661238780,1737.36,131
1661238840,1737.23,167
1661238900,1737.62,295
1661238960,1737.17,229
1661239020,1736.51,228
1661239080,1736.64,158
1661239140,1736.18,138
1661239200,1736.38,144
1661239260,1736.64,169
1661239320,1737.10,168
1661239380,1736.76,128
1661239440,1736.54,137
1661239500,1736.31,133
1661239560,1736.20,115
1661239620,1735.80,150
1661239680,1735.45,137
1661239740,1735.28,169
1661239800,1735.68,373
1661239860,1735.49,236
1661239920,1735.58,171
1661239980,1735.68,217
1661240040,1735.56,177
1661240100,1735.50,176
1661240160,1735.48,166
1661240220,1735.68,172
1661240280,1735.88,161
1661240340,1736.46,146
1661240400,1737.80,243
1661240460,1738.00,221
1661240520,1738.22,246
1661240580,1738.09,229
1661240640,1737.94,209
1661240700,1738.40,173
1661240760,1738.30,123
1661240820,1738.16,165
1661240880,1738.42,154
1661240940,1738.08,136
1661241000,1738.24,169
1661241060,1738.00,147
1661241120,1738.39,164
1661241180,1738.50,130
1661241240,1738.38,149
1661241300,1737.98,150
1661241360,1737.94,104
1661241420,1738.63,162
1661241480,1738.50,133
1661241540,1738.37,136
1661241600,1738.42,165
1661241660,1738.48,130
1661241720,1738.07,173
1661241780,1738.24,162
1661241840,1739.15,149
1661241900,1739.55,185
1661241960,1739.32,134
1661242020,1739.27,170
1661242080,1739.41,139
1661242140,1739.16,144
1661242200,1739.98,191
1661242260,1740.00,207
1661242320,1739.35,169
1661242380,1739.59,150
1661242440,1740.01,153
1661242500,1740.08,144
1661242560,1740.94,235
1661242620,1740.80,184
1661242680,1741.25,165
1661242740,1741.74,171
1661242800,1741.84,189
1661242860,1740.92,246
1661242920,1741.09,109
1661242980,1741.51,114
1661243040,1741.32,111
1661243100,1742.10,199
1661243160,1741.98,149
1661243220,1741.08,138
1661243280,1741.46,206
1661243340,1741.03,204
1661243400,1740.49,253
1661243460,1741.06,166
1661243520,1741.43,136
1661243580,1741.42,100
1661243640,1741.58,142
1661243700,1741.63,117
1661243760,1741.66,95
1661243820,1742.13,169
1661243880,1741.97,151
1661243940,1742.59,146
1661244000,1742.20,168
1661244060,1741.80,130
1661244120,1742.14,165
1661244180,1742.53,139
1661244240,1742.76,195
1661244300,1742.73,149
1661244360,1743.16,108
1661244420,1742.34,268
1661244480,1742.78,190
1661244540,1742.26,98
1661244600,1742.12,121
1661244660,1741.95,117
1661244720,1740.95,195
1661244780,1740.78,125
1661244840,1740.75,143
1661244900,1740.70,159
1661244960,1740.70,140
1661245020,1740.42,117
1661245080,1740.62,125
1661245140,1740.72,110
1661245200,1740.00,175
1661245260,1739.80,122
1661245320,1740.00,140
1661245380,1739.80,127
1661245440,1740.04,140
1661245500,1740.52,145
1661245560,1740.48,107
1661245620,1740.49,144
1661245680,1740.83,110
1661245740,1740.96,108
1661245800,1740.97,115
1661245860,1741.01,92
1661245920,1741.31,85
1661245980,1741.18,77
1661246040,1741.32,109
1661246100,1741.16,82
1661246160,1741.43,91
1661246220,1741.00,109
1661246280,1740.98,123
1661246340,1740.72,110
1661246400,1740.94,107
1661246460,1741.04,130
1661246520,1740.34,131
1661246580,1740.21,133
1661246640,1739.42,146
1661246700,1739.48,144
1661246760,1739.54,110
1661246820,1739.36,84
1661246880,1738.97,100
1661246940,1738.92,110
1661247000,1739.40,158
1661247060,1739.56,127
1661247120,1739.36,117
1661247180,1739.24,127
1661247240,1739.39,99
1661247300,1738.99,93
1661247360,1739.13,85
1661247420,1738.18,125
1661247480,1738.24,109
1661247540,1738.42,104
1661247600,1738.34,114
1661247660,1738.27,123
1661247720,1738.12,104
1661247780,1738.22,141
1661247840,1739.01,115
1661247900,1739.03,166
1661247960,1738.82,179
1661248020,1738.50,133
1661248080,1739.08,149
1661248140,1738.96,128
1661248200,1738.76,71
1661248260,1738.65,95
1661248320,1738.82,85
1661248380,1738.81,106
1661248440,1738.90,92
1661248500,1739.02,77
1661248560,1739.06,75
1661248620,1739.14,102
1661248680,1739.06,118
1661248740,1739.43,123
1661248800,1739.49,109
1661248860,1739.08,97
1661248920,1739.16,123
1661248980,1738.64,129
1661249040,1738.33,73
1661249100,1738.08,77
1661249160,1737.67,111
1661249220,1737.01,171
1661249280,1736.94,126
1661249340,1736.86,105
1661249400,1736.86,89
1661249460,1736.58,109
1661249520,1736.27,107
1661249580,1736.34,115
1661249640,1736.03,117
1661249700,1736.49,134
1661249760,1736.54,113
1661249820,1736.36,112
1661249880,1736.16,100
1661249940,1736.19,117
1661250000,1735.88,127
1661250060,1735.73,107
1661250120,1735.19,146
1661250180,1734.84,144
1661250240,1734.64,153
1661250300,1734.81,119
1661250360,1735.10,107
1661250420,1735.74,114
1661250480,1736.12,126
1661250540,1736.15,126
1661250600,1736.00,118
1661250660,1735.84,107
1661250720,1735.82,111
1661250780,1736.01,90
1661250840,1736.42,78
1661250900,1736.32,108
1661250960,1736.18,85
1661251020,1735.96,77
1661251080,1735.94,47
1661251140,1735.62,56
1661251200,1735.95,115
1661251260,1736.35,159
1661251320,1736.30,118
1661251380,1736.71,86
1661251440,1737.07,100
1661251500,1736.88,93
1661251560,1737.16,71
1661251620,1736.99,80
1661251680,1736.93,97
1661251740,1736.85,127
1661251800,1736.75,68
1661251860,1736.43,100
1661251920,1736.47,98
1661251980,1736.32,94
1661252040,1736.36,78
1661252100,1736.44,90
1661252160,1736.92,83
1661252220,1737.40,158
1661252280,1737.28,77
1661252340,1737.54,82
1661252400,1737.55,155
1661252460,1737.42,137
1661252520,1737.60,174
1661252580,1737.62,118
1661252640,1737.96,132
1661252700,1737.68,134
1661252760,1737.82,121
1661252820,1737.30,112
1661252880,1737.41,128
1661252940,1737.12,105
1661253000,1737.02,104
1661253060,1736.88,145
1661253120,1736.85,101
1661253180,1737.51,113
1661253240,1737.41,71
1661253300,1737.01,111
1661253360,1736.61,120
1661253420,1736.90,121
1661253480,1736.80,72
1661253540,1736.30,93
1661253600,1736.80,103
1661253660,1737.18,115
1661253720,1736.76,103
1661253780,1736.42,110
1661253840,1736.76,152
1661253900,1736.94,87
1661253960,1736.80,95
1661254020,1736.74,107
1661254080,1736.76,87
1661254140,1736.57,89
1661254200,1736.61,100
1661254260,1736.48,130
1661254320,1736.08,95
1661254380,1735.85,128
1661254440,1735.48,78
1661254500,1735.80,99
1661254560,1735.62,71
1661254620,1736.00,95
1661254680,1736.42,111
1661254740,1736.73,135
1661254800,1736.90,110
1661254860,1737.04,137
1661254920,1736.88,107
1661254980,1736.60,147
1661255040,1736.86,119
1661255100,1736.39,112
1661255160,1737.01,106
1661255220,1737.68,162
1661255280,1738.06,224
1661255340,1738.49,197
1661255400,1738.30,155
1661255460,1738.28,135
1661255520,1738.80,194
1661255580,1738.74,122
1661255640,1738.36,163
1661255700,1737.66,218
1661255760,1738.08,205
1661255820,1738.10,148
1661255880,1737.92,133
1661255940,1738.07,139
1661256000,1738.00,163
1661256060,1737.42,180
1661256120,1737.42,156
1661256180,1736.60,175
1661256240,1736.66,161
1661256300,1736.37,119
1661256360,1736.50,135
1661256420,1736.99,119
1661256480,1736.96,142
1661256540,1736.76,165
1661256600,1736.91,153
1661256660,1737.14,149
1661256720,1736.40,166
1661256780,1736.15,166
1661256840,1736.12,127
1661256900,1736.04,153
1661256960,1735.81,182
1661257020,1735.64,205
1661257080,1736.03,186
1661257140,1735.94,219
1661257200,1734.09,313
1661257260,1734.02,266
1661257320,1733.51,254
1661257380,1732.85,233
1661257440,1733.69,279
1661257500,1734.12,270
1661257560,1734.23,257
1661257620,1734.38,243
1661257680,1734.13,233
1661257740,1734.17,260
1661257800,1732.51,298
1661257860,1732.34,278
1661257920,1731.30,312
1661257980,1731.12,262
1661258040,1731.47,268
1661258100,1732.06,239
1661258160,1732.98,267
1661258220,1733.28,249
1661258280,1733.68,212
1661258340,1734.46,198
1661258400,1736.16,286
1661258460,1736.09,257
1661258520,1736.26,240
1661258580,1736.48,211
1661258640,1736.48,170
1661258700,1736.48,191
1661258760,1736.52,202
1661258820,1736.68,195
1661258880,1736.86,157
1661258940,1737.49,173
1661259000,1737.46,232
1661259060,1738.00,174
1661259120,1737.87,140
1661259180,1737.82,187
1661259240,1737.94,154
1661259300,1737.09,205
1661259360,1737.22,182
1661259420,1737.21,195
1661259480,1736.06,215
1661259540,1736.04,240
1661259600,1736.18,312
1661259660,1736.46,238
1661259720,1736.34,233
1661259780,1736.76,188
1661259840,1736.66,200
1661259900,1736.66,211
1661259960,1736.20,242
1661260020,1735.60,194
1661260080,1735.78,186
1661260140,1736.18,200
1661260200,1736.60,186
1661260260,1736.36,212
1661260320,1736.48,185
1661260380,1736.76,213
1661260440,1737.26,218
1661260500,1736.60,216
1661260560,1736.49,206
1661260620,1736.64,158
1661260680,1736.58,146
1661260740,1736.87,176
1661260800,1736.64,150
1661260860,1737.06,173
1661260920,1738.30,239
1661260980,1738.70,245
1661261040,1738.87,211
1661261100,1738.50,241
1661261160,1738.59,195
1661261220,1738.27,235
1661261280,1738.16,191
1661261340,1738.62,169
1661261400,1738.38,288
1661261460,1738.82,287
1661261520,1739.51,283
1661261580,1739.60,234
1661261640,1739.20,263
1661261700,1739.30,324
1661261760,1738.86,318
1661261820,1738.92,273
1661261880,1738.92,297
1661261940,1739.62,273
1661262000,1740.25,289
1661262060,1740.39,280
1661262120,1740.60,280
1661262180,1740.16,285
1661262240,1740.36,248
1661262300,1744.35,474
1661262360,1745.05,458
1661262420,1745.13,403
1661262480,1746.43,390
1661262540,1747.54,437
1661262600,1748.20,451
1661262660,1745.57,429
1661262720,1745.72,428
1661262780,1745.04,341
1661262840,1745.98,301
1661262900,1746.07,340
1661262960,1746.13,315
1661263020,1746.48,310
1661263080,1745.80,289
1661263140,1747.16,277
1661263200,1749.24,427
1661263260,1749.54,460
1661263320,1750.17,427
1661263380,1748.86,414
1661263440,1750.02,405
1661263500,1750.95,404
1661263560,1752.90,403
1661263620,1752.77,389
1661263680,1752.75,338
1661263740,1753.32,346
1661263800,1753.78,368
1661263860,1752.84,357
1661263920,1752.85,369
1661263980,1753.32,369
1661264040,1753.40,321
1661264100,1753.74,346
1661264160,1752.71,337
1661264220,1751.57,349
1661264280,1751.59,323
1661264340,1750.87,300
1661264400,1750.93,299
1661264460,1750.71,290
1661264520,1750.36,300
1661264580,1750.07,316
1661264640,1749.58,316
1661264700,1749.08,295
1661264760,1748.89,314
1661264820,1748.60,292
1661264880,1748.56,241
1661264940,1748.47,250
1661265000,1749.57,304
1661265060,1750.36,281
1661265120,1750.38,292
1661265180,1750.41,229
1661265240,1750.20,269
1661265300,1748.83,282
1661265360,1747.42,268
1661265420,1749.08,285
1661265480,1749.50,232
1661265540,1749.33,247
1661265600,1750.15,215
1661265660,1750.07,221
1661265720,1750.02,235
1661265780,1750.06,184
1661265840,1750.18,217
1661265900,1750.23,228
1661265960,1749.34,240
1661266020,1749.34,188
1661266080,1750.07,204
1661266140,1751.08,245
1661266200,1751.44,247
1661266260,1752.07,276
1661266320,1751.38,242
1661266380,1751.20,248
1661266440,1751.21,274
1661266500,1750.92,233
1661266560,1750.42,214
1661266620,1750.23,188
1661266680,1750.16,198
1661266740,1750.20,203
1661266800,1750.14,201
1661266860,1749.15,175
1661266920,1749.64,207
1661266980,1750.80,269
1661267040,1751.42,286
1661267100,1751.12,305
1661267160,1751.26,237
1661267220,1751.52,223
1661267280,1752.18,231
1661267340,1751.96,279
1661267400,1751.82,255
1661267460,1751.78,264
1661267520,1752.18,262
1661267580,1751.68,221
1661267640,1751.84,199
1661267700,1752.51,189
1661267760,1752.59,242
1661267820,1753.02,232
1661267880,1752.52,288
1661267940,1752.41,258
1661268000,1751.82,214
1661268060,1752.18,224
1661268120,1752.84,206
1661268180,1752.85,201
1661268240,1752.54,245
1661268300,1751.96,243
1661268360,1751.37,204
1661268420,1751.56,196
1661268480,1751.92,195
1661268540,1751.04,214
1661268600,1751.40,243
1661268660,1750.84,230
1661268720,1750.61,240
1661268780,1750.67,185
1661268840,1750.51,195
1661268900,1751.20,162
1661268960,1750.91,201
1661269020,1751.40,175
1661269080,1751.22,185
1661269140,1751.10,165
1661269200,1751.19,178
1661269260,1751.24,174
1661269320,1751.02,174
1661269380,1750.70,242
1661269440,1750.56,178
1661269500,1750.58,189
1661269560,1750.94,201
1661269620,1750.78,127
1661269680,1750.52,140
1661269740,1750.36,182
1661269800,1750.33,200
1661269860,1750.02,175
1661269920,1749.76,171
1661269980,1749.74,180
1661270040,1749.78,202
1661270100,1749.76,147
1661270160,1749.18,152
1661270220,1749.36,160
1661270280,1749.80,189
1661270340,1749.76,173
1661270400,1750.42,178
1661270460,1750.03,198
1661270520,1749.47,158
1661270580,1749.26,165
1661270640,1749.66,124
1661270700,1749.62,167
1661270760,1748.94,157
1661270820,1749.28,131
1661270880,1749.42,149
1661270940,1749.56,156
1661271000,1749.40,144
1661271060,1749.15,130
1661271120,1748.91,144
1661271180,1748.97,155
1661271240,1748.98,109
1661271300,1748.73,158
1661271360,1748.44,127
1661271420,1748.25,155
1661271480,1748.10,137
1661271540,1748.36,111
1661271600,1748.45,106
1661271660,1748.74,107
1661271720,1748.57,126
1661271780,1748.65,78
1661271840,1748.66,118
1661271900,1748.88,138
1661271960,1748.93,104
1661272020,1748.68,151
1661272080,1748.94,88
1661272140,1748.92,84
1661272200,1749.18,108
1661272260,1749.44,131
1661272320,1749.12,129
1661272380,1748.92,120
1661272440,1748.78,99
1661272500,1748.84,113
1661272560,1749.06,99
1661272620,1749.20,114
1661272680,1749.08,114
1661272740,1749.06,81
1661272800,1749.08,84
1661272860,1749.10,115
1661272920,1748.64,103
1661272980,1748.70,123
1661273040,1748.53,118
1661273100,1748.23,143
1661273160,1748.22,116
1661273220,1748.28,121
1661273280,1748.48,113
1661273340,1748.57,76
1661273400,1748.67,96
1661273460,1748.87,103
1661273520,1749.07,104
1661273580,1748.98,160
1661273640,1749.05,121
1661273700,1749.19,110
1661273760,1749.47,127
1661273820,1749.48,133
1661273880,1749.76,90
1661273940,1749.78,133
1661274000,1749.86,154
1661274060,1749.98,130
1661274120,1749.86,243
1661274180,1749.88,165
1661274240,1749.88,139
1661274300,1749.71,158
1661274360,1749.10,143
1661274420,1749.14,112
1661274480,1748.90,139
1661274540,1749.14,125
1661274600,1749.01,181
1661274660,1748.52,101
1661274720,1748.28,162
1661274780,1748.25,144
1661274840,1748.72,160
1661274900,1748.81,178
1661274960,1748.66,145
1661275020,1748.52,163
1661275080,1748.55,170
1661275140,1748.34,122
1661275200,1748.56,143
1661275260,1748.45,178
1661275320,1748.56,113
1661275380,1748.38,163
1661275440,1748.12,176
1661275500,1747.82,168
1661275560,1747.92,149
1661275620,1748.30,162
1661275680,1748.44,161
1661275740,1748.00,183
1661275800,1747.58,166
1661275860,1747.10,164
1661275920,1746.83,157
1661275980,1747.56,150
1661276040,1747.67,129
1661276100,1747.89,106
1661276160,1747.87,99
1661276220,1747.48,122
1661276280,1747.55,103
1661276340,1747.16,70
1661276400,1747.38,106
1661276460,1747.69,98
1661276520,1747.66,112
1661276580,1747.98,103
1661276640,1747.86,121
1661276700,1748.02,116
1661276760,1747.94,101
1661276820,1747.76,100
1661276880,1747.64,76
1661276940,1748.02,98
1661277000,1747.55,92
1661277060,1747.44,65
1661277120,1747.49,115
1661277180,1747.44,103
1661277240,1747.34,82
1661277300,1747.21,104
1661277360,1747.46,67
1661277420,1747.36,66
1661277480,1747.19,72
1661277540,1746.95,79
1661277600,1746.84,113
1661277660,1746.99,89
1661277720,1746.60,110
1661277780,1746.54,73
1661277840,1747.50,141
1661277900,1747.06,136
1661277960,1747.48,125
1661278020,1747.40,86
1661278080,1747.80,93
1661278140,1747.88,75
1661278200,1747.58,95
1661278260,1747.38,116
1661278320,1747.38,128
1661278380,1747.18,126
1661278440,1747.25,116
1661278500,1747.46,96
1661278560,1747.44,98
1661278620,1747.28,74
1661278680,1747.29,53
1661278740,1747.22,51
1661278800,1747.12,71
1661278860,1747.38,72
1661278920,1747.60,57
1661278980,1748.05,91
1661279040,1748.10,83
1661279100,1748.04,63
1661279160,1747.92,72
1661279220,1747.96,57
1661279280,1748.06,69
1661279340,1747.85,101
1661279400,1747.34,112
1661279460,1747.08,143
1661279520,1746.94,106
1661279580,1746.74,70
1661279640,1746.42,116
1661279700,1746.42,92
1661279760,1746.64,87
1661279820,1746.64,54
1661279880,1746.54,70
1661279940,1746.62,80
1661280000,1746.34,117
1661280060,1746.42,74
1661280120,1746.65,68
1661280180,1746.92,68
1661280240,1746.59,76
1661280300,1746.52,46
1661280360,1746.31,58
1661280420,1746.62,61
1661280480,1746.76,46
1661280540,1746.62,56
1661280600,1746.62,51
1661280660,1746.26,66
1661280720,1746.52,91
1661280780,1746.56,63
1661280840,1746.51,34
1661280900,1746.37,60
1661280960,1746.40,82
1661281020,1746.25,52
1661281080,1746.48,70
1661281140,1746.07,88
1661281200,1746.56,124
1661281260,1746.36,52
1661281320,1746.35,73
1661281380,1746.18,81
1661281440,1746.28,64
1661281500,1746.58,91
1661281560,1746.50,54
1661281620,1746.60,63
1661281680,1746.66,40
1661281740,1746.40,67
1661281800,1746.43,47
1661281860,1746.74,80
1661281920,1746.93,38
1661281980,1746.68,75
1661282040,1746.52,46
1661282100,1747.04,48
1661282160,1747.09,63
1661282220,1747.00,37
1661282280,1747.35,59
1661282340,1747.51,76
1661282400,1747.24,49
1661282460,1747.22,43
1661282520,1747.26,44
1661282580,1746.98,58
1661282640,1746.79,53
1661282700,1746.70,39
1661282760,1747.04,57
1661282820,1747.02,50
1661282880,1747.23,40
1661282940,1746.98,48
1661283000,1747.12,38
1661283060,1747.15,46
1661283120,1747.30,66
1661283180,1747.30,28
1661283240,1747.39,31
1661283300,1747.68,21
1661283360,1747.86,80
1661283420,1747.80,62
1661283480,1747.73,65
1661283540,1747.67,47
1661283600,1747.42,98
1661283660,1746.98,72
1661283720,1747.00,54
1661283780,1746.51,78
1661283840,1746.50,74
1661283900,1746.31,53
1661283960,1746.49,73
1661284020,1746.16,68
1661284080,1746.13,59
1661284140,1746.45,58
1661284200,1746.53,83
1661284260,1746.39,58
1661284320,1746.65,48
1661284380,1746.91,35
1661284440,1746.99,47
1661284500,1747.18,65
1661284560,1747.20,75
1661284620,1747.48,45
1661284680,1747.66,77
1661284740,1747.27,158
1661284800,1747.29,101
1661284860,1747.46,80
1661284920,1747.50,46
1661284980,1747.47,24
1661285040,1747.39,49
1661285100,1747.56,64
1661285160,1747.62,47
1661285220,1747.65,52
1661285280,1747.55,34
1661285340,1747.55,26
1661285400,1747.52,25
1661285460,1747.65,14
1661285520,1747.66,43
1661285580,1747.75,18
1661285640,1747.75,18
1661285700,1747.75,42
1661285760,1747.66,10
1661285820,1747.65,24
1661285880,1747.64,18
1661285940,1747.58,23
1661286000,1747.56,49
1661286060,1747.57,63
1661286120,1747.55,24
1661286180,1747.64,25
1661286240,1747.66,30
1661286300,1747.74,42
1661286360,1747.65,20
1661286420,1747.58,15
1661286480,1747.74,29
1661286540,1747.72,34
1661286600,1747.81,37
1661286660,1747.80,13
1661286720,1747.80,12
1661286780,1747.83,19
1661286840,1747.83,11
1661286900,1747.83,27
1661286960,1747.83,12
1661287020,1747.83,14
1661287080,1747.82,11
1661287140,1747.81,8
1661287200,1747.74,42
1661287260,1747.88,42
1661287320,1747.70,32
1661287380,1747.72,27
1661287440,1747.65,33
1661287500,1747.60,27
1661287560,1747.70,9
1661287620,1747.68,48
1661287680,1747.78,42
1661287740,1747.96,32
1661287800,1748.14,45
1661287860,1748.24,54
1661287920,1748.54,55
1661287980,1748.50,71
1661288040,1748.38,44
1661288100,1748.19,32
1661288160,1748.08,19
1661292120,1747.79,57
1661292180,1747.58,40
1661292240,1747.45,31
1661292300,1747.30,49
1661292360,1747.46,18
1661292420,1747.41,31
1661292480,1747.30,25
1661292540,1747.56,39
1661292600,1747.66,24
1661292660,1747.70,30
1661292720,1747.60,4
1661292780,1747.52,16
1661292840,1747.44,6
1661292900,1747.41,26
1661292960,1747.59,27
1661293020,1747.68,24
1661293080,1747.70,13
1661293140,1747.61,16
1661293200,1747.46,20
1661293260,1747.40,10
1661293320,1747.18,24
1661293380,1747.00,28
1661293440,1747.09,16
1661293500,1746.83,28
1661293560,1746.70,36
1661293620,1746.68,32
1661293680,1746.69,45
1661293740,1746.91,16
1661293800,1746.95,50
1661293860,1746.88,35
1661293920,1746.89,14
1661293980,1746.92,11
1661294040,1746.84,19
1661294100,1746.91,33
1661294160,1746.84,26
1661294220,1746.82,47
1661294280,1746.95,16
1661294340,1747.16,37
1661294400,1747.04,13
1661294460,1746.84,47
1661294520,1746.74,22
1661294580,1746.64,16
1661294640,1746.68,29
1661294700,1746.70,28
1661294760,1746.70,37
1661294820,1746.70,20
1661294880,1746.82,23
1661294940,1746.79,51
1661295000,1746.81,24
1661295060,1746.80,35
1661295120,1746.74,7
1661295180,1746.72,21
1661295240,1746.69,21
1661295300,1746.78,8
1661295360,1746.81,74
1661295420,1746.72,27
1661295480,1746.98,19
1661295540,1747.02,7
1661295600,1746.65,81
1661295660,1746.60,25
1661295720,1746.52,25
1661295780,1746.42,34
1661295840,1746.39,21
1661295900,1746.44,11
1661295960,1746.34,14
1661296020,1746.34,7
1661296080,1746.34,15
1661296140,1746.26,34
1661296200,1746.42,61
1661296260,1746.44,14
1661296320,1746.26,32
1661296380,1746.08,48
1661296440,1746.06,14
1661296500,1746.14,39
1661296560,1746.24,67
1661296620,1746.62,43
1661296680,1746.20,53
1661296740,1746.16,35
1661296800,1746.31,27
1661296860,1746.34,20
1661296920,1746.26,46
1661296980,1746.16,24
1661297040,1746.16,16
1661297100,1746.08,24
1661297160,1746.18,37
1661297220,1746.10,33
1661297280,1745.94,14
1661297340,1745.86,52
1661297400,1745.74,32
1661297460,1745.48,57
1661297520,1745.58,43
1661297580,1745.64,24
1661297640,1745.75,36
1661297700,1745.84,31
1661297760,1745.73,28
1661297820,1745.66,27
1661297880,1745.64,18
1661297940,1745.63,22
1661298000,1745.64,32
1661298060,1745.84,80
1661298120,1745.85,52
1661298180,1746.04,19
1661298240,1745.92,30
1661298300,1745.91,47
1661298360,1745.83,74
1661298420,1745.94,71
1661298480,1745.84,63
1661298540,1745.85,83
1661298600,1745.92,110
1661298660,1746.08,66
1661298720,1746.49,68
1661298780,1746.26,45
1661298840,1746.22,32
1661298900,1746.28,23
1661298960,1746.34,26
1661299020,1746.35,22
1661299080,1746.07,39
1661299140,1746.12,51
1661299200,1746.52,124
1661299260,1746.58,69
1661299320,1746.61,67
1661299380,1747.13,86
1661299440,1747.20,85
1661299500,1747.08,66
1661299560,1747.00,54
1661299620,1746.96,66
1661299680,1747.32,69
1661299740,1747.68,78
1661299800,1747.44,50
1661299860,1747.14,70
1661299920,1747.58,74
1661299980,1747.28,67
1661300040,1747.26,60
1661300100,1747.54,39
1661300160,1747.55,69
1661300220,1747.16,55
1661300280,1746.74,44
1661300340,1746.40,107
1661300400,1746.16,95
1661300460,1746.20,61
1661300520,1746.20,67
1661300580,1746.24,67
1661300640,1746.03,64
1661300700,1746.02,53
1661300760,1746.11,87
1661300820,1746.00,40
1661300880,1746.26,50
1661300940,1746.26,49
1661301000,1746.36,43
1661301060,1746.58,74
1661301120,1746.34,82
1661301180,1746.50,84
1661301240,1746.30,22
1661301300,1746.04,49
1661301360,1746.03,47
1661301420,1745.85,62
1661301480,1746.33,62
1661301540,1746.34,88
1661301600,1746.34,51
1661301660,1746.24,54
1661301720,1746.44,51
1661301780,1746.47,17
1661301840,1746.52,55
1661301900,1746.53,35
1661301960,1746.72,40
1661302020,1746.62,123
1661302080,1746.40,99
1661302140,1746.35,47
1661302200,1746.07,44
1661302260,1746.34,65
1661302320,1746.14,64
1661302380,1746.72,57
1661302440,1746.62,81
1661302500,1746.45,61
1661302560,1746.30,55
1661302620,1746.29,56
1661302680,1746.55,59
1661302740,1746.19,49
1661302800,1745.70,137
1661302860,1745.58,123
1661302920,1745.74,182
1661302980,1745.64,69
1661303040,1745.72,93
1661303100,1745.35,82
1661303160,1745.53,101
1661303220,1745.35,116
1661303280,1745.76,124
1661303340,1745.56,63
1661303400,1745.74,76
1661303460,1745.45,94
1661303520,1745.46,66
1661303580,1745.70,63
1661303640,1745.96,75
1661303700,1746.78,187
1661303760,1746.92,173
1661303820,1747.06,109
1661303880,1746.90,98
1661303940,1746.68,78
1661304000,1746.31,109
1661304060,1746.36,74
1661304120,1746.66,67
1661304180,1746.77,76
1661304240,1746.89,107
1661304300,1747.00,71
1661304360,1746.80,85
1661304420,1746.66,78
1661304480,1746.14,96
1661304540,1746.38,108
1661304600,1746.00,112
1661304660,1746.14,72
1661304720,1746.55,69
1661304780,1746.54,74
1661304840,1746.76,63
1661304900,1747.29,69
1661304960,1746.84,70
1661305020,1747.00,87
1661305080,1746.88,86
1661305140,1746.78,87
1661305200,1746.60,83
1661305260,1746.26,98
1661305320,1746.29,92
1661305380,1746.16,78
1661305440,1746.28,64
1661305500,1745.97,76
1661305560,1745.73,77
1661305620,1745.74,105
1661305680,1746.02,98
1661305740,1745.76,135
1661305800,1745.77,110
1661305860,1745.84,110
1661305920,1745.90,105
1661305980,1746.24,96
1661306040,1746.26,98
1661306100,1746.06,43
1661306160,1745.90,52
1661306220,1745.94,57
1661306280,1746.23,101
1661306340,1746.44,59
1661306400,1746.38,146
1661306460,1746.25,71
1661306520,1746.62,89
1661306580,1746.82,74
1661306640,1747.18,68
1661306700,1747.40,88
1661306760,1746.96,104
1661306820,1746.56,57
1661306880,1746.24,81
1661306940,1746.34,112
1661307000,1746.42,68
1661307060,1746.40,60
1661307120,1746.00,94
1661307180,1745.79,68
1661307240,1745.94,95
1661307300,1746.33,78
1661307360,1746.18,55
1661307420,1746.14,38
1661307480,1746.06,45
1661307540,1746.07,34
1661307600,1746.02,40
1661307660,1745.89,30
1661307720,1745.84,42
1661307780,1745.88,46
1661307840,1745.90,81
1661307900,1745.92,58
1661307960,1745.78,67
1661308020,1745.86,54
1661308080,1746.00,40
1661308140,1745.50,102
1661308200,1745.72,99
1661308260,1745.48,48
1661308320,1745.54,54
1661308380,1745.53,85
1661308440,1745.37,55
1661308500,1745.22,74
1661308560,1745.00,97
1661308620,1744.70,103
1661308680,1744.40,115
1661308740,1744.40,85
1661308800,1744.76,108
1661308860,1744.86,83
1661308920,1744.92,95
1661308980,1744.80,61
1661309040,1745.00,65
1661309100,1745.24,76
1661309160,1745.32,95
1661309220,1745.36,79
1661309280,1745.28,69
1661309340,1745.21,75
1661309400,1745.20,54
1661309460,1745.18,37
1661309520,1745.13,44
1661309580,1745.13,17
1661309640,1744.90,58
1661309700,1744.62,59
1661309760,1744.52,78
1661309820,1744.27,102
1661309880,1744.36,73
1661309940,1744.48,62
1661310000,1744.58,44
1661310060,1744.28,45
1661310120,1744.48,53
1661310180,1744.44,33
1661310240,1744.66,40
1661310300,1744.86,72
1661310360,1745.08,44
1661310420,1744.82,66
1661310480,1744.53,41
1661310540,1744.59,38
1661310600,1745.28,121
1661310660,1744.94,151
1661310720,1744.75,91
1661310780,1744.92,103
1661310840,1744.84,39
1661310900,1744.66,103
1661310960,1744.68,32
1661311020,1744.58,44
1661311080,1744.62,66
1661311140,1744.61,83
1661311200,1744.74,52
1661311260,1744.70,56
1661311320,1745.12,68
1661311380,1745.01,70
1661311440,1744.74,49
1661311500,1745.09,60
1661311560,1745.07,86
1661311620,1744.90,50
1661311680,1744.94,58
1661311740,1745.05,58
1661311800,1744.96,48
1661311860,1745.25,54
1661311920,1745.10,43
1661311980,1744.89,41
1661312040,1744.86,31
1661312100,1744.78,34
1661312160,1744.89,28
1661312220,1744.81,44
1661312280,1744.94,28
1661312340,1745.01,29
1661312400,1745.06,17
1661312460,1744.84,37
1661312520,1745.10,43
1661312580,1744.94,18
1661312640,1745.00,61
1661312700,1745.00,37
1661312760,1744.90,38
1661312820,1744.70,43
1661312880,1744.70,26
1661312940,1744.78,29
1661313000,1744.76,26
1661313060,1744.88,32
1661313120,1745.12,28
1661313180,1745.14,35
1661313240,1745.18,46
1661313300,1745.14,37
1661313360,1745.27,34
1661313420,1745.18,46
1661313480,1745.38,33
1661313540,1745.50,53
1661313600,1745.57,46
1661313660,1745.53,42
1661313720,1745.59,50
1661313780,1745.40,28
1661313840,1745.38,24
1661313900,1745.33,30
1661313960,1745.42,32
1661314020,1745.52,32
1661314080,1745.52,53
1661314140,1745.69,43
1661314200,1745.41,43
1661314260,1745.44,37
1661314320,1745.66,61
1661314380,1745.64,29
1661314440,1745.66,18
1661314500,1745.66,54
1661314560,1745.74,33
1661314620,1745.75,56
1661314680,1746.12,65
1661314740,1746.12,43
1661314800,1745.96,41
1661314860,1745.96,44
1661314920,1746.16,28
1661314980,1746.15,40
1661315040,1746.06,44
1661315100,1746.08,44
1661315160,1746.46,55
1661315220,1746.50,60
1661315280,1746.31,47
1661315340,1746.46,62
1661315400,1746.25,66
1661315460,1746.06,63
1661315520,1746.16,47
1661315580,1746.40,35
1661315640,1746.41,31
1661315700,1746.21,36
1661315760,1746.31,18
1661315820,1746.32,64
1661315880,1746.54,67
1661315940,1746.44,40
1661316000,1746.42,59
1661316060,1746.38,39
1661316120,1746.56,66
1661316180,1746.70,48
1661316240,1746.67,42
1661316300,1746.69,39
1661316360,1746.82,28
1661316420,1746.85,46
1661316480,1746.97,97
1661316540,1747.07,46
1661316600,1747.25,79
1661316660,1747.22,73
1661316720,1747.24,65
1661316780,1747.08,47
1661316840,1747.08,39
1661316900,1746.98,50
1661316960,1747.08,37
1661317020,1747.20,50
1661317080,1747.00,32
1661317140,1746.90,49
1661317200,1747.00,38
1661317260,1746.92,56
1661317320,1747.21,40
1661317380,1747.22,67
1661317440,1747.09,88
1661317500,1747.24,63
1661317560,1747.13,60
1661317620,1747.06,64
1661317680,1747.40,51
1661317740,1747.00,48
1661317800,1746.97,37
1661317860,1747.18,46
1661317920,1747.53,61
1661317980,1747.68,51
1661318040,1747.79,55
1661318100,1747.78,51
1661318160,1747.68,57
1661318220,1747.70,44
1661318280,1747.60,44
1661318340,1747.56,27
1661318400,1747.78,54
1661318460,1747.77,28
1661318520,1747.68,62
1661318580,1747.70,47
1661318640,1747.78,43
1661318700,1747.82,35
1661318760,1747.86,45
1661318820,1747.94,83
1661318880,1747.86,19
1661318940,1747.68,54
1661319000,1747.18,150
1661319060,1747.54,141
1661319120,1747.69,118
1661319180,1747.77,63
1661319240,1747.39,97
1661319300,1747.50,103
1661319360,1747.44,65
1661319420,1747.57,82
1661319480,1747.44,62
1661319540,1747.04,65
1661319600,1747.08,88
1661319660,1747.02,68
1661319720,1746.83,52
1661319780,1747.26,110
1661319840,1746.72,86
1661319900,1746.92,60
1661319960,1746.72,75
1661320020,1746.68,69
1661320080,1746.73,67
1661320140,1746.65,79
1661320200,1746.63,65
1661320260,1746.63,44
1661320320,1746.27,83
1661320380,1746.29,70
1661320440,1746.30,25
1661320500,1746.50,87
1661320560,1746.24,91
1661320620,1746.16,63
1661320680,1745.98,41
1661320740,1745.90,84
1661320800,1745.02,181
1661320860,1744.82,145
1661320920,1744.74,87
1661320980,1745.40,137
1661321040,1745.45,72
1661321100,1745.83,113
1661321160,1745.74,175
1661321220,1745.52,95
1661321280,1745.10,162
1661321340,1745.24,131
1661321400,1745.00,119
1661321460,1745.04,137
1661321520,1745.54,153
1661321580,1745.42,81
1661321640,1745.36,98
1661321700,1745.41,107
1661321760,1745.43,86
1661321820,1745.65,91
1661321880,1746.01,102
1661321940,1746.30,97
1661322000,1746.44,76
1661322060,1745.75,117
1661322120,1745.90,92
1661322180,1746.03,77
1661322240,1746.14,65
1661322300,1746.16,94
1661322360,1746.13,102
1661322420,1745.94,121
1661322480,1745.62,106
1661322540,1745.48,119
1661322600,1745.52,129
1661322660,1745.58,117
1661322720,1745.62,115
1661322780,1745.28,98
1661322840,1745.08,90
1661322900,1744.78,106
1661322960,1744.82,120
1661323020,1745.02,138
1661323080,1745.38,108
1661323140,1745.88,99
1661323200,1745.52,126
1661323260,1745.20,103
1661323320,1745.26,88
1661323380,1745.36,107
1661323440,1744.98,98
1661323500,1745.26,110
1661323560,1744.90,87
1661323620,1745.07,94
1661323680,1744.78,134
1661323740,1745.09,126
1661323800,1745.34,99
1661323860,1745.70,113
1661323920,1746.30,158
1661323980,1747.06,139
1661324040,1746.87,153
1661324100,1746.80,89
1661324160,1746.97,124
1661324220,1747.13,127
1661324280,1747.44,141
1661324340,1747.18,102
1661324400,1746.91,236
1661324460,1746.83,168
1661324520,1747.22,153
1661324580,1746.94,151
1661324640,1747.16,142
1661324700,1746.12,145
1661324760,1746.26,172
1661324820,1745.96,124
1661324880,1746.29,166
1661324940,1746.52,144
1661325000,1746.52,152
1661325060,1746.82,129
1661325120,1746.44,148
1661325180,1746.45,119
1661325240,1746.19,135
1661325300,1745.92,141
1661325360,1745.91,151
1661325420,1745.96,147
1661325480,1745.49,168
1661325540,1745.44,119
1661325600,1745.04,126
1661325660,1744.36,150
1661325720,1745.66,237
1661325780,1746.12,142
1661325840,1746.16,150
1661325900,1745.78,148
1661325960,1745.97,112
1661326020,1745.66,117
1661326080,1746.08,135
1661326140,1746.24,153
1661326200,1746.24,136
1661326260,1746.02,164
1661326320,1745.56,132
1661326380,1745.50,141
1661326440,1745.53,147
1661326500,1745.24,122
1661326560,1745.10,124
1661326620,1745.60,145
1661326680,1745.64,163
1661326740,1745.79,99
1661326800,1745.72,128
1661326860,1745.63,219
1661326920,1745.44,104
1661326980,1745.90,140
1661327040,1745.90,95
1661327100,1745.98,115
1661327160,1746.58,98
1661327220,1747.01,124
1661327280,1747.00,126
1661327340,1747.01,127
1661327400,1746.70,171
1661327460,1746.76,176
1661327520,1747.01,112
1661327580,1747.21,104
1661327640,1747.09,126
1661327700,1746.90,152
1661327760,1746.98,165
1661327820,1747.96,152
1661327880,1747.94,146
1661327940,1747.93,165
1661328000,1747.68,149
1661328060,1748.04,152
1661328120,1748.27,187
1661328180,1748.54,141
1661328240,1748.51,187
1661328300,1749.46,217
1661328360,1749.46,126
1661328420,1749.50,124
1661328480,1749.54,135
1661328540,1749.42,143
1661328600,1749.20,163
1661328660,1749.79,174
1661328720,1749.50,135
1661328780,1748.16,201
1661328840,1747.84,257
1661328900,1748.38,198
1661328960,1748.96,148
1661329020,1748.66,139
1661329080,1748.72,135
1661329140,1748.58,150
1661329200,1749.10,156
1661329260,1749.52,163
1661329320,1749.58,198
1661329380,1749.10,176
1661329440,1749.63,183
1661329500,1750.02,125
1661329560,1749.84,134
1661329620,1749.96,137
1661329680,1750.03,101
1661329740,1749.93,107
1661329800,1749.62,164
1661329860,1749.63,153
1661329920,1750.72,177
1661329980,1750.82,139
1661330040,1750.62,161
1661330100,1750.88,159
1661330160,1750.97,142
1661330220,1751.55,142
1661330280,1751.66,167
1661330340,1751.18,177
1661330400,1751.42,137
1661330460,1751.53,122
1661330520,1751.24,139
1661330580,1751.29,145
1661330640,1751.02,100
1661330700,1751.38,98
1661330760,1751.30,138
1661330820,1752.14,118
1661330880,1751.50,152
1661330940,1751.82,119
1661331000,1751.66,117
1661331060,1750.95,162
1661331120,1751.28,101
1661331180,1751.30,116
1661331240,1751.95,161
1661331300,1752.00,230
1661331360,1751.76,172
1661331420,1751.65,99
1661331480,1751.86,136
1661331540,1751.99,140
1661331600,1752.07,126
1661331660,1752.03,146
1661331720,1752.14,156
1661331780,1752.12,128
1661331840,1752.78,165
1661331900,1752.80,153
1661331960,1752.56,145
1661332020,1752.78,170
1661332080,1753.16,175
1661332140,1753.14,147
1661332200,1753.41,187
1661332260,1753.12,143
1661332320,1753.45,180
1661332380,1753.51,118
1661332440,1753.05,128
1661332500,1752.91,117
1661332560,1752.90,110
1661332620,1752.42,170
1661332680,1752.21,112
1661332740,1752.30,161
1661332800,1752.34,92
1661332860,1752.21,120
1661332920,1752.25,127
1661332980,1752.08,117
1661333040,1752.10,112
1661333100,1752.04,100
1661333160,1752.06,128
1661333220,1752.24,125
1661333280,1752.15,124
1661333340,1751.98,113
1661333400,1751.92,143
1661333460,1752.14,134
1661333520,1752.08,125
1661333580,1752.10,120
1661333640,1752.10,121
1661333700,1751.93,95
1661333760,1752.00,98
1661333820,1751.30,136
1661333880,1751.37,134
1661333940,1751.12,119
1661334000,1751.27,124
1661334060,1751.18,94
1661334120,1750.44,152
1661334180,1750.33,150
1661334240,1750.38,141
1661334300,1749.80,175
1661334360,1749.78,97
1661334420,1750.00,110
1661334480,1750.00,135
1661334540,1749.82,124
1661334600,1749.56,133
1661334660,1749.60,110
1661334720,1749.14,139
1661334780,1749.15,128
1661334840,1749.74,127
1661334900,1749.66,95
1661334960,1749.44,76
1661335020,1749.20,104
1661335080,1749.00,97
1661335140,1749.24,106
1661335200,1749.09,150
1661335260,1748.93,129
1661335320,1748.74,87
1661335380,1748.54,125
1661335440,1748.56,96
1661335500,1748.57,111
1661335560,1748.42,130
1661335620,1748.25,60
1661335680,1748.42,60
1661335740,1748.41,86
1661335800,1748.28,69
1661335860,1748.00,92
1661335920,1748.08,90
1661335980,1748.29,59
1661336040,1749.02,113
1661336100,1748.85,103
1661336160,1748.85,96
1661336220,1748.63,100
1661336280,1748.31,65
1661336340,1748.25,86
1661336400,1747.77,108
1661336460,1747.56,115
1661336520,1747.50,127
1661336580,1747.06,130
1661336640,1746.64,165
1661336700,1745.92,148
1661336760,1746.06,207
1661336820,1746.35,155
1661336880,1746.43,116
1661336940,1746.36,110
1661337000,1746.34,156
1661337060,1745.85,141
1661337120,1745.15,167
1661337180,1745.10,122
1661337240,1745.74,138
1661337300,1745.95,145
1661337360,1745.38,133
1661337420,1745.54,108
1661337480,1745.21,196
1661337540,1745.11,152
1661337600,1745.74,154
1661337660,1745.87,172
1661337720,1746.32,181
1661337780,1746.29,144
1661337840,1745.88,166
1661337900,1745.25,139
1661337960,1745.18,181
1661338020,1745.21,144
1661338080,1743.58,184
1661338140,1744.35,182
1661338200,1743.82,154
1661338260,1744.00,150
1661338320,1743.98,156
1661338380,1744.88,160
1661338440,1744.72,169
1661338500,1744.76,158
1661338560,1744.76,108
1661338620,1744.54,108
1661338680,1744.46,118
1661338740,1744.58,130
1661338800,1744.46,154
1661338860,1744.10,130
1661338920,1744.22,134
1661338980,1743.96,117
1661339040,1743.88,126
1661339100,1743.70,199
1661339160,1743.88,157
1661339220,1744.00,160
1661339280,1743.72,156
1661339340,1744.08,114
1661339400,1744.95,141
1661339460,1745.25,148
1661339520,1745.59,144
1661339580,1745.56,132
1661339640,1745.82,139
1661339700,1745.15,170
1661339760,1745.02,144
1661339820,1745.53,150
1661339880,1745.15,119
1661339940,1745.45,136
1661340000,1745.38,146
1661340060,1745.15,107
1661340120,1745.33,111
1661340180,1745.30,101
1661340240,1745.26,106
1661340300,1745.14,124
1661340360,1745.62,143
1661340420,1745.50,98
1661340480,1744.83,141
1661340540,1744.76,118
1661340600,1743.80,189
1661340660,1743.78,166
1661340720,1743.10,209
1661340780,1743.15,151
1661340840,1742.70,188
1661340900,1743.11,162
1661340960,1743.92,166
1661341020,1744.20,161
1661341080,1744.10,131
1661341140,1744.10,118
1661341200,1743.99,129
1661341260,1743.88,124
1661341320,1743.77,165
1661341380,1744.26,128
1661341440,1745.20,174
1661341500,1745.34,181
1661341560,1745.44,150
1661341620,1745.19,146
1661341680,1745.02,129
1661341740,1745.44,117
1661341800,1745.30,189
1661341860,1745.19,144
1661341920,1744.38,147
1661341980,1744.06,143
1661342040,1744.83,177
1661342100,1744.68,168
1661342160,1744.48,151
1661342220,1744.60,141
1661342280,1745.16,193
1661342340,1745.54,126
1661342400,1746.28,246
1661342460,1746.28,198
1661342520,1746.18,185
1661342580,1747.38,220
1661342640,1746.96,243
1661342700,1747.06,210
1661342760,1746.24,197
1661342820,1746.20,177
1661342880,1746.16,188
1661342940,1745.93,165
1661343000,1745.89,157
1661343060,1745.98,117
1661343120,1745.94,152
1661343180,1745.78,140
1661343240,1746.03,142
1661343300,1746.41,167
1661343360,1746.59,161
1661343420,1745.12,206
1661343480,1745.40,154
1661343540,1746.01,200
1661343600,1745.60,253
1661343660,1745.18,224
1661343720,1745.22,270
1661343780,1745.82,224
1661343840,1745.65,200
1661343900,1746.27,240
1661343960,1746.00,169
1661344020,1747.13,188
1661344080,1746.68,133
1661344140,1746.26,109
1661344200,1746.73,318
1661344260,1747.10,234
1661344320,1746.22,250
1661344380,1747.24,245
1661344440,1747.12,194
1661344500,1746.54,263
1661344560,1746.41,186
1661344620,1746.33,206
1661344680,1745.97,236
1661344740,1745.38,229
1661344800,1744.62,265
1661344860,1743.41,300
1661344920,1743.94,282
1661344980,1744.22,245
1661345040,1744.60,184
1661345100,1743.68,221
1661345160,1744.18,260
1661345220,1743.99,260
1661345280,1744.96,293
1661345340,1744.74,226
1661345400,1744.50,180
1661345460,1745.70,233
1661345520,1746.42,227
1661345580,1745.48,239
1661345640,1745.92,183
1661345700,1745.98,161
1661345760,1746.10,216
1661345820,1746.66,232
1661345880,1746.18,187
1661345940,1745.83,181
1661346000,1745.82,296
1661346060,1745.40,243
1661346120,1745.40,223
1661346180,1745.44,206
1661346240,1745.60,218
1661346300,1745.00,248
1661346360,1744.90,244
1661346420,1744.95,215
1661346480,1745.15,195
1661346540,1745.16,199
1661346600,1744.74,223
1661346660,1744.66,205
1661346720,1743.69,220
1661346780,1743.54,205
1661346840,1744.86,254
1661346900,1744.28,218
1661346960,1744.61,171
1661347020,1744.97,268
1661347080,1744.73,194
1661347140,1744.41,201
1661347200,1744.86,207
1661347260,1745.26,249
1661347320,1745.34,239
1661347380,1744.96,205
1661347440,1744.64,196
1661347500,1744.62,193
1661347560,1744.82,184
1661347620,1744.32,209
1661347680,1744.18,209
1661347740,1743.75,194
1661347800,1744.32,280
1661347860,1744.61,282
1661347920,1744.24,237
1661347980,1744.56,228
1661348040,1744.02,252
1661348100,1743.80,216
1661348160,1744.18,250
1661348220,1743.82,256
1661348280,1744.85,259
1661348340,1743.86,191
1661348400,1743.28,262
1661348460,1743.38,226
1661348520,1743.31,236
1661348580,1743.84,216
1661348640,1744.11,252
1661348700,1743.99,231
1661348760,1744.17,197
1661348820,1744.06,230
1661348880,1744.04,228
1661348940,1744.14,205
1661349000,1744.21,190
1661349060,1745.37,253
1661349120,1745.55,234
1661349180,1745.89,229
1661349240,1746.60,310
1661349300,1746.37,264
1661349360,1746.68,201
1661349420,1746.32,220
1661349480,1745.80,206
1661349540,1745.87,207
1661349600,1746.45,318
1661349660,1745.67,254
1661349720,1745.36,303
1661349780,1745.19,223
1661349840,1744.12,241
1661349900,1744.30,236
1661349960,1744.72,253
1661350020,1744.85,210
1661350080,1745.16,200
1661350140,1744.98,203
1661350200,1745.82,250
1661350260,1745.83,213
1661350320,1745.81,221
1661350380,1746.54,201
1661350440,1747.01,279
1661350500,1747.78,311
1661350560,1747.86,277
1661350620,1747.52,265
1661350680,1748.66,275
1661350740,1749.16,274
1661350800,1749.84,302
1661350860,1750.22,310
1661350920,1750.36,303
1661350980,1750.76,219
1661351040,1750.90,254
1661351100,1749.98,275
1661351160,1749.98,233
1661351220,1749.84,228
1661351280,1750.34,221
1661351340,1749.90,250
1661351400,1749.98,244
1661351460,1749.86,207
1661351520,1749.76,227
1661351580,1748.54,290
1661351640,1748.66,252
1661351700,1748.15,247
1661351760,1747.92,240
1661351820,1748.10,237
1661351880,1748.05,202
1661351940,1747.94,224
1661352000,1746.94,230
1661352060,1747.68,216
1661352120,1747.62,223
1661352180,1747.92,211
1661352240,1748.97,231
1661352300,1749.24,258
1661352360,1749.99,257
1661352420,1750.17,243
1661352480,1750.16,199
1661352540,1751.09,247
1661352600,1751.70,300
1661352660,1752.44,290
1661352720,1752.34,325
1661352780,1752.32,304
1661352840,1752.52,274
1661352900,1751.74,329
1661352960,1751.82,307
1661353020,1752.30,309
1661353080,1753.10,283
1661353140,1752.57,300
1661353200,1752.82,277
1661353260,1752.48,262
1661353320,1752.46,272
1661353380,1751.97,251
1661353440,1752.26,221
1661353500,1752.50,241
1661353560,1752.24,227
1661353620,1752.16,245
1661353680,1752.67,220
1661353740,1752.35,196
1661353800,1752.16,203
1661353860,1752.68,199
1661353920,1753.54,253
1661353980,1753.92,245
1661354040,1754.00,300
1661354100,1755.08,360
1661354160,1754.37,256
1661354220,1755.06,192
1661354280,1754.90,218
1661354340,1753.96,217
1661354400,1754.60,224
1661354460,1754.32,184
1661354520,1753.52,235
1661354580,1753.46,208
1661354640,1753.14,229
1661354700,1753.09,188
1661354760,1752.78,204
1661354820,1752.93,155
1661354880,1752.91,184
1661354940,1752.93,173
1661355000,1752.68,214
1661355060,1752.68,197
1661355120,1753.07,154
1661355180,1752.93,135
1661355240,1753.12,152
1661355300,1753.34,191
1661355360,1753.52,164
1661355420,1753.60,133
1661355480,1753.20,205
1661355540,1753.30,138
1661355600,1753.38,164
1661355660,1752.74,163
1661355720,1752.84,169
1661355780,1752.48,192
1661355840,1752.31,160
1661355900,1752.00,190
1661355960,1751.64,163
1661356020,1751.21,208
1661356080,1750.73,161
1661356140,1751.10,153
1661356200,1751.23,165
1661356260,1751.26,122
1661356320,1751.66,185
1661356380,1751.63,141
1661356440,1751.54,145
1661356500,1751.39,167
1661356560,1751.52,173
1661356620,1751.14,133
1661356680,1751.12,97
1661356740,1751.24,131
1661356800,1751.19,171
1661356860,1751.80,138
1661356920,1751.83,119
1661356980,1751.84,172
1661357040,1751.86,182
1661357100,1752.11,140
1661357160,1752.49,133
1661357220,1752.98,147
1661357280,1752.42,150
1661357340,1752.60,148
1661357400,1752.60,141
1661357460,1752.70,132
1661357520,1753.02,126
1661357580,1752.74,133
1661357640,1751.97,146
1661357700,1752.12,167
1661357760,1751.78,148
1661357820,1751.61,98
1661357880,1752.00,108
1661357940,1751.68,106
1661358000,1751.46,132
1661358060,1751.00,140
1661358120,1751.17,122
1661358180,1751.16,131
1661358240,1750.96,66
1661358300,1750.78,104
1661358360,1750.75,145
1661358420,1750.86,121
1661358480,1750.58,121
1661358540,1750.59,124
1661358600,1749.89,147
1661358660,1749.88,126
1661358720,1749.69,145
1661358780,1749.80,119
1661358840,1750.04,83
1661358900,1749.86,64
1661358960,1749.76,91
1661359020,1749.79,84
1661359080,1749.53,117
1661359140,1749.29,131
1661359200,1749.29,133
1661359260,1749.80,146
1661359320,1749.70,99
1661359380,1749.28,100
1661359440,1748.92,136
1661359500,1749.18,174
1661359560,1749.20,120
1661359620,1749.14,113
1661359680,1749.09,83
1661359740,1749.24,57
1661359800,1749.39,121
1661359860,1749.11,99
1661359920,1748.85,121
1661359980,1748.84,146
1661360040,1748.77,129
1661360100,1748.65,141
1661360160,1749.04,102
1661360220,1749.05,101
1661360280,1749.25,112
1661360340,1749.65,160
1661360400,1749.64,133
1661360460,1749.50,183
1661360520,1749.36,224
1661360580,1749.58,149
1661360640,1749.38,159
1661360700,1749.52,157
1661360760,1750.06,117
1661360820,1750.02,143
1661360880,1749.86,105
1661360940,1749.73,107
1661361000,1749.58,131
1661361060,1749.70,97
1661361120,1749.82,92
1661361180,1749.98,106
1661361240,1750.04,118
1661361300,1749.93,164
1661361360,1750.01,128
1661361420,1749.72,121
1661361480,1749.74,148
1661361540,1749.21,130
1661361600,1749.34,92
1661361660,1749.33,69
1661361720,1748.86,128
1661361780,1748.74,106
1661361840,1749.06,136
1661361900,1748.98,133
1661361960,1748.76,120
1661362020,1748.54,112
1661362080,1748.73,127
1661362140,1748.42,173
1661362200,1748.43,119
1661362260,1748.19,131
1661362320,1748.40,118
1661362380,1748.72,96
1661362440,1748.55,113
1661362500,1748.02,91
1661362560,1747.87,137
1661362620,1748.27,98
1661362680,1748.04,82
1661362740,1748.14,93
1661362800,1748.31,107
1661362860,1748.84,93
1661362920,1749.24,129
1661362980,1749.20,113
1661363040,1749.09,98
1661363100,1749.07,109
1661363160,1749.20,115
1661363220,1748.98,113
1661363280,1748.90,93
1661363340,1748.86,80
1661363400,1748.78,98
1661363460,1748.90,86
1661363520,1748.98,73
1661363580,1749.22,51
1661363640,1748.86,115
1661363700,1748.56,59
1661363760,1748.94,98
1661363820,1749.16,112
1661363880,1749.32,101
1661363940,1749.66,73
1661364000,1749.37,119
1661364060,1749.61,82
1661364120,1749.48,81
1661364180,1749.74,69
1661364240,1749.22,93
1661364300,1749.16,82
1661364360,1749.23,77
1661364420,1749.16,86
1661364480,1749.46,123
1661364540,1749.76,81
1661364600,1749.57,64
1661364660,1749.60,32
1661364720,1749.58,71
1661364780,1749.79,67
1661364840,1749.78,74
1661364900,1749.90,65
1661364960,1749.87,93
1661365020,1749.90,89
1661365080,1749.84,100
1661365140,1749.78,65
1661365200,1749.90,87
1661365260,1749.88,80
1661365320,1749.79,60
1661365380,1749.84,64
1661365440,1749.88,55
1661365500,1749.61,77
1661365560,1749.38,82
1661365620,1749.28,69
1661365680,1749.60,74
1661365740,1749.56,97
1661365800,1749.58,58
1661365860,1749.38,60
1661365920,1749.30,80
1661365980,1749.45,69
1661366040,1749.56,104
1661366100,1749.46,82
1661366160,1749.55,72
1661366220,1749.94,97
1661366280,1750.42,112
1661366340,1751.04,97
1661366400,1750.94,80
1661366460,1750.65,111
1661366520,1750.69,105
1661366580,1750.57,109
1661366640,1750.72,87
1661366700,1750.07,100
1661366760,1749.97,60
1661366820,1749.98,55
1661366880,1750.37,80
1661366940,1750.11,92
1661367000,1750.10,87
1661367060,1750.15,91
1661367120,1750.25,52
1661367180,1749.79,91
1661367240,1749.77,102
1661367300,1749.94,79
1661367360,1750.15,85
1661367420,1749.97,93
1661367480,1749.77,77
1661367540,1749.76,118
1661367600,1749.84,131
1661367660,1749.79,88
1661367720,1749.57,78
1661367780,1749.59,35
1661367840,1749.38,66
1661367900,1749.87,104
1661367960,1750.58,80
1661368020,1750.46,101
1661368080,1750.56,60
1661368140,1750.69,63
1661368200,1750.83,69
1661368260,1750.57,53
1661368320,1750.90,68
1661368380,1751.36,88
1661368440,1751.61,72
1661368500,1751.42,71
1661368560,1751.35,94
1661368620,1751.54,49
1661368680,1751.48,71
1661368740,1751.55,38
1661368800,1751.21,49
1661368860,1750.91,75
1661368920,1750.95,50
1661368980,1751.00,71
1661369040,1750.90,31
1661369100,1750.82,51
1661369160,1750.72,72
1661369220,1750.56,57
1661369280,1750.44,78
1661369340,1750.32,78
1661369400,1750.04,86
1661369460,1749.95,69
1661369520,1750.22,78
1661369580,1750.34,71
1661369640,1750.46,49
1661369700,1750.58,88
1661369760,1750.69,75
1661369820,1750.86,77
1661369880,1750.81,85
1661369940,1750.92,71
1661370000,1750.97,79
1661370060,1750.96,61
1661370120,1751.08,61
1661370180,1751.48,94
1661370240,1751.46,73
1661370300,1751.53,98
1661370360,1751.54,84
1661370420,1751.43,54
1661370480,1751.52,46
1661370540,1751.44,78
1661370600,1751.70,87
1661370660,1751.82,25
1661370720,1751.80,66
1661370780,1752.08,102
1661370840,1752.03,69
1661370900,1752.09,93
1661370960,1752.34,79
1661371020,1752.48,64
1661371080,1752.64,103
1661371140,1752.15,153
1661371200,1751.89,70
1661371260,1752.36,81
1661371320,1752.55,57
1661371380,1752.70,25
1661371440,1752.51,80
1661371500,1752.64,56
1661371560,1752.62,53
1661371620,1752.40,38
1661371680,1752.27,14
1661371740,1752.22,24
1661371800,1752.22,38
1661371860,1752.20,24
1661371920,1752.30,32
1661371980,1752.32,30
1661372040,1752.19,42
1661372100,1752.28,46
1661372160,1752.02,28
1661372220,1751.98,15
1661372280,1751.99,30
1661372340,1752.18,35
1661372400,1752.16,34
1661372460,1752.20,67
1661372520,1752.18,53
1661372580,1752.19,26
1661372640,1752.18,26
1661372700,1752.05,27
1661372760,1752.04,8
1661372820,1752.00,14
1661372880,1752.04,19
1661372940,1752.17,74
1661373000,1752.36,53
1661373060,1752.46,30
1661373120,1752.36,57
1661373180,1752.26,12
1661373240,1752.24,6
1661373300,1752.24,20
1661373360,1752.20,25
1661373420,1751.98,31
1661373480,1751.88,26
1661373540,1751.58,25
1661373600,1751.68,32
1661373660,1751.68,23
1661373720,1751.58,21
1661373780,1751.58,22
1661373840,1751.58,40
1661373900,1751.72,66
1661373960,1751.66,58
1661374020,1751.60,47
1661374080,1751.44,53
1661374140,1751.62,23
1661374200,1751.62,29
1661374260,1751.66,96
1661374320,1751.82,39
1661374380,1752.30,58
1661374440,1752.20,45
1661374500,1751.80,25
1661374560,1751.60,28
1661378520,1751.32,43
1661378580,1751.32,39
1661378640,1751.40,25
1661378700,1751.34,29
1661378760,1751.34,10
1661378820,1751.15,12
1661378880,1751.04,81
1661378940,1750.89,16
1661379000,1750.77,33
1661379060,1750.95,33
1661379120,1750.97,10
1661379180,1751.02,5
1661379240,1751.01,22
1661379300,1750.98,19
1661379360,1750.99,21
1661379420,1751.05,12
1661379480,1751.08,11
1661379540,1751.09,18
1661379600,1751.00,7
1661379660,1751.07,19
1661379720,1751.11,16
1661379780,1751.08,27
1661379840,1750.79,14
1661379900,1750.99,18
1661379960,1750.72,40
1661380020,1751.22,42
1661380080,1751.13,13
1661380140,1751.14,8
1661380200,1751.31,20
1661380260,1751.33,19
1661380320,1751.31,7
1661380380,1751.32,33
1661380440,1751.22,31
1661380500,1751.32,21
1661380560,1751.42,7
1661380620,1751.38,8
1661380680,1751.35,9
1661380740,1751.38,6
1661380800,1751.39,11
1661380860,1751.36,12
1661380920,1751.31,11
1661380980,1751.36,7
1661381040,1751.36,18
1661381100,1751.32,16
1661381160,1751.35,7
1661381220,1751.36,2
1661381280,1751.40,23
1661381340,1751.42,16
1661381400,1751.42,6
1661381460,1751.42,8
1661381520,1751.32,32
1661381580,1751.32,5
1661381640,1751.39,24
1661381700,1751.51,17
1661381760,1751.48,12
1661381820,1751.42,13
1661381880,1751.44,16
1661381940,1751.36,28
1661382000,1751.34,9
1661382060,1751.34,6
1661382120,1751.32,11
1661382180,1751.59,15
1661382240,1751.58,9
1661382300,1751.63,27
1661382360,1751.52,14
1661382420,1751.64,17
1661382480,1751.70,34
1661382540,1751.70,25
1661382600,1751.68,13
1661382660,1751.70,2
1661382720,1751.78,10
1661382780,1751.78,4
1661382840,1751.86,15
1661382900,1751.86,8
1661382960,1751.73,11
1661383020,1752.02,38
1661383080,1752.11,31
1661383140,1752.24,44
1661383200,1752.34,45
1661383260,1752.48,29
1661383320,1752.51,33
1661383380,1752.44,14
1661383440,1752.42,27
1661383500,1752.42,27
1661383560,1752.42,5
1661383620,1752.42,7
1661383680,1752.44,9
1661383740,1752.38,17
1661383800,1752.39,22
1661383860,1752.30,24
1661383920,1752.44,18
1661383980,1752.33,9
1661384040,1752.36,8
1661384100,1752.28,18
1661384160,1752.24,28
1661384220,1752.22,14
1661384280,1752.20,33
1661384340,1752.19,2
1661384400,1752.08,20
1661384460,1752.13,19
1661384520,1752.16,19
1661384580,1752.16,22
1661384640,1752.08,25
1661384700,1751.70,68
1661384760,1751.80,29
1661384820,1751.68,38
1661384880,1751.68,14
1661384940,1751.34,36
1661385000,1751.18,42
1661385060,1751.16,21
1661385120,1751.04,60
1661385180,1751.40,57
1661385240,1751.26,32
1661385300,1751.22,28
1661385360,1751.20,45
1661385420,1751.18,23
1661385480,1750.94,48
1661385540,1751.00,45
1661385600,1750.64,67
1661385660,1750.48,76
1661385720,1749.99,69
1661385780,1750.04,50
1661385840,1750.10,68
1661385900,1750.28,56
1661385960,1750.28,70
1661386020,1750.62,41
1661386080,1750.78,41
1661386140,1751.10,52
1661386200,1751.16,60
1661386260,1751.26,62
1661386320,1751.40,93
1661386380,1751.54,66
1661386440,1751.42,51
1661386500,1750.86,102
1661386560,1751.12,65
1661386620,1751.40,65
1661386680,1751.78,71
1661386740,1751.91,84
1661386800,1752.06,96
1661386860,1752.18,45
1661386920,1752.22,70
1661386980,1751.69,123
1661387040,1752.16,50
1661387100,1752.31,60
1661387160,1751.94,45
1661387220,1752.40,55
1661387280,1752.04,88
1661387340,1752.12,80
1661387400,1751.96,83
1661387460,1752.00,73
1661387520,1752.27,69
1661387580,1752.58,90
1661387640,1752.94,58
1661387700,1752.72,94
1661387760,1752.96,62
1661387820,1753.02,113
1661387880,1752.88,96
1661387940,1752.94,54
1661388000,1752.92,72
1661388060,1752.98,39
1661388120,1753.10,44
1661388180,1753.43,68
1661388240,1753.33,47
1661388300,1753.55,32
1661388360,1753.42,67
1661388420,1753.47,52
1661388480,1753.48,32
1661388540,1753.53,64
1661388600,1753.40,95
1661388660,1753.52,108
1661388720,1752.98,98
1661388780,1753.05,99
1661388840,1753.16,129
1661388900,1753.04,108
1661388960,1752.98,55
1661389020,1753.08,69
1661389080,1753.06,73
1661389140,1752.92,50
1661389200,1753.10,182
1661389260,1753.10,123
1661389320,1753.06,119
1661389380,1752.72,89
1661389440,1752.70,81
1661389500,1752.92,98
1661389560,1753.38,90
1661389620,1753.21,87
1661389680,1752.88,99
1661389740,1753.18,90
1661389800,1753.93,92
1661389860,1754.30,106
1661389920,1754.29,98
1661389980,1753.90,106
1661390040,1753.89,101
1661390100,1754.48,210
1661390160,1754.84,201
1661390220,1754.83,151
1661390280,1755.44,173
1661390340,1755.41,126
1661390400,1755.44,140
1661390460,1755.25,123
1661390520,1755.30,99
1661390580,1755.08,120
1661390640,1755.30,109
1661390700,1755.67,115
1661390760,1755.69,100
1661390820,1755.76,85
1661390880,1755.75,71
1661390940,1755.70,68
1661391000,1755.92,97
1661391060,1755.88,123
1661391120,1756.16,97
1661391180,1755.62,87
1661391240,1755.24,91
1661391300,1755.49,127
1661391360,1755.58,129
1661391420,1755.32,63
1661391480,1755.33,116
1661391540,1755.42,99
1661391600,1755.96,127
1661391660,1756.00,144
1661391720,1756.00,95
1661391780,1756.08,111
1661391840,1755.90,116
1661391900,1755.89,115
1661391960,1756.46,138
1661392020,1756.18,90
1661392080,1756.05,90
1661392140,1756.16,119
1661392200,1756.01,104
1661392260,1755.99,100
1661392320,1755.56,114
1661392380,1755.34,109
1661392440,1755.33,119
1661392500,1755.49,72
1661392560,1755.63,64
1661392620,1755.65,95
1661392680,1755.48,100
1661392740,1755.26,69
1661392800,1755.12,99
1661392860,1754.96,88
1661392920,1755.04,96
1661392980,1755.00,84
1661393040,1754.91,89
1661393100,1754.73,51
1661393160,1754.64,60
1661393220,1754.60,86
1661393280,1754.88,101
1661393340,1755.06,92
1661393400,1754.97,116
1661393460,1755.17,92
1661393520,1754.90,94
1661393580,1754.62,113
1661393640,1754.60,93
1661393700,1754.46,76
1661393760,1754.65,71
1661393820,1754.88,76
1661393880,1754.34,99
1661393940,1754.60,108
1661394000,1754.99,56
1661394060,1754.95,46
1661394120,1755.42,100
1661394180,1755.76,76
1661394240,1756.04,87
1661394300,1755.99,59
1661394360,1755.93,66
1661394420,1755.94,75
1661394480,1756.14,70
1661394540,1756.31,59
1661394600,1756.32,122
1661394660,1756.44,101
1661394720,1756.28,104
1661394780,1756.65,100
1661394840,1756.36,87
1661394900,1756.32,80
1661394960,1756.22,83
1661395020,1756.02,65
1661395080,1755.92,35
1661395140,1755.71,78
1661395200,1755.76,85
1661395260,1755.56,97
1661395320,1755.48,91
1661395380,1755.66,54
1661395440,1755.48,82
1661395500,1755.48,78
1661395560,1755.26,60
1661395620,1755.34,76
1661395680,1755.28,28
1661395740,1755.31,43
1661395800,1755.46,79
1661395860,1755.62,83
1661395920,1755.70,78
1661395980,1755.62,59
1661396040,1755.99,71
1661396100,1756.04,65
1661396160,1756.34,52
1661396220,1756.31,59
1661396280,1756.20,63
1661396340,1755.88,50
1661396400,1755.79,88
1661396460,1756.08,73
1661396520,1756.18,61
1661396580,1756.22,51
1661396640,1756.40,63
1661396700,1756.00,58
1661396760,1756.46,89
1661396820,1756.55,53
1661396880,1757.01,130
1661396940,1757.43,135
1661397000,1757.34,87
1661397060,1757.18,80
1661397120,1757.24,73
1661397180,1757.37,72
1661397240,1757.76,93
1661397300,1757.61,44
1661397360,1757.50,65
1661397420,1757.28,57
1661397480,1757.24,48
1661397540,1757.14,38
1661397600,1757.04,63
1661397660,1757.03,60
1661397720,1756.70,95
1661397780,1756.74,96
1661397840,1756.60,61
1661397900,1756.55,94
1661397960,1756.39,73
1661398020,1756.28,29
1661398080,1756.50,54
1661398140,1756.48,55
1661398200,1756.52,56
1661398260,1756.38,52
1661398320,1756.32,66
1661398380,1756.16,59
1661398440,1756.13,34
1661398500,1756.04,61
1661398560,1756.14,40
1661398620,1756.13,38
1661398680,1756.33,18
1661398740,1756.32,31
1661398800,1756.31,23
1661398860,1756.28,47
1661398920,1756.30,35
1661398980,1756.24,24
1661399040,1756.34,64
1661399100,1756.48,66
1661399160,1756.42,41
1661399220,1756.33,34
1661399280,1756.44,47
1661399340,1756.33,31
1661399400,1756.32,47
1661399460,1756.48,26
1661399520,1756.32,22
1661399580,1756.06,41
1661399640,1756.14,41
1661399700,1756.21,37
1661399760,1756.14,30
1661399820,1756.41,55
1661399880,1756.30,33
1661399940,1756.48,61
1661400000,1756.30,66
1661400060,1756.32,53
1661400120,1756.61,54
1661400180,1756.45,75
1661400240,1756.64,47
1661400300,1756.63,49
1661400360,1756.52,41
1661400420,1756.44,50
1661400480,1756.35,12
1661400540,1756.42,26
1661400600,1756.60,58
1661400660,1756.54,60
1661400720,1756.46,36
1661400780,1756.46,34
1661400840,1756.38,59
1661400900,1756.15,57
1661400960,1756.22,44
1661401020,1755.98,61
1661401080,1755.64,66
1661401140,1755.69,57
1661401200,1755.68,50
1661401260,1755.84,33
1661401320,1755.80,49
1661401380,1755.95,68
1661401440,1756.22,77
1661401500,1756.11,75
1661401560,1755.98,48
1661401620,1756.04,63
1661401680,1756.14,58
1661401740,1756.15,68
1661401800,1756.25,60
1661401860,1756.46,86
1661401920,1756.54,47
1661401980,1756.36,32
1661402040,1756.34,62
1661402100,1756.28,98
1661402160,1756.35,53
1661402220,1756.26,75
1661402280,1756.14,68
1661402340,1756.15,35
1661402400,1756.02,71
1661402460,1755.97,52
1661402520,1755.99,49
1661402580,1755.89,35
1661402640,1755.80,37
1661402700,1755.83,23
1661402760,1755.92,62
1661402820,1756.14,56
1661402880,1756.48,56
1661402940,1757.17,122
1661403000,1756.93,132
1661403060,1756.77,111
1661403120,1757.17,100
1661403180,1757.30,89
1661403240,1757.37,64
1661403300,1757.26,52
1661403360,1757.25,69
1661403420,1757.28,30
1661403480,1757.22,49
1661403540,1757.26,62
1661403600,1757.49,78
1661403660,1757.84,85
1661403720,1757.82,108
1661403780,1758.20,119
1661403840,1758.42,113
1661403900,1758.77,81
1661403960,1758.52,90
1661404020,1758.55,80
1661404080,1758.18,105
1661404140,1758.13,74
1661404200,1758.20,110
1661404260,1758.05,46
1661404320,1757.66,87
1661404380,1757.50,83
1661404440,1757.38,110
1661404500,1757.05,47
1661404560,1757.33,76
1661404620,1757.49,77
1661404680,1757.32,56
1661404740,1757.40,26
1661404800,1757.46,40
1661404860,1757.00,54
1661404920,1757.16,55
1661404980,1757.08,51
1661405040,1756.78,64
1661405100,1756.58,107
1661405160,1756.48,66
1661405220,1756.41,58
1661405280,1756.40,64
1661405340,1756.74,56
1661405400,1756.86,94
1661405460,1756.72,96
1661405520,1756.42,70
1661405580,1756.41,77
1661405640,1756.40,51
1661405700,1756.42,82
1661405760,1756.38,85
1661405820,1756.29,73
1661405880,1756.63,63
1661405940,1756.90,75
1661406000,1757.29,103
1661406060,1757.18,68
1661406120,1757.16,51
1661406180,1756.90,74
1661406240,1756.74,70
1661406300,1756.60,66
1661406360,1756.77,61
1661406420,1756.71,64
1661406480,1756.62,37
1661406540,1756.68,76
1661406600,1756.52,83
1661406660,1756.40,53
1661406720,1756.06,56
1661406780,1756.66,76
1661406840,1756.56,96
1661406900,1756.61,52
1661406960,1756.68,36
1661407020,1756.83,62
1661407080,1757.07,76
1661407140,1757.14,54
1661407200,1757.36,143
1661407260,1757.71,124
1661407320,1757.57,124
1661407380,1756.86,143
1661407440,1756.98,75
1661407500,1757.24,119
1661407560,1756.62,91
1661407620,1756.64,89
1661407680,1756.34,85
1661407740,1756.34,76
1661407800,1757.06,110
1661407860,1757.29,102
1661407920,1757.36,89
1661407980,1757.24,65
1661408040,1757.26,126
1661408100,1757.97,176
1661408160,1758.90,233
1661408220,1758.62,276
1661408280,1758.32,204
1661408340,1758.44,158
1661408400,1758.64,177
1661408460,1758.50,155
1661408520,1758.70,162
1661408580,1758.53,142
1661408640,1758.42,145
1661408700,1758.82,153
1661408760,1758.81,148
1661408820,1759.18,163
1661408880,1759.04,138
1661408940,1758.87,174
1661409000,1759.00,121
1661409060,1759.22,116
1661409120,1759.26,195
1661409180,1759.93,217
1661409240,1759.78,178
1661409300,1760.32,201
1661409360,1759.62,186
1661409420,1759.86,186
1661409480,1759.54,139
1661409540,1759.78,156
1661409600,1759.49,144
1661409660,1759.40,146
1661409720,1759.89,132
1661409780,1760.22,137
1661409840,1760.52,167
1661409900,1760.68,177
1661409960,1761.11,158
1661410020,1760.91,132
1661410080,1760.74,151
1661410140,1760.56,141
1661410200,1760.57,181
1661410260,1760.46,176
1661410320,1761.04,167
1661410380,1761.56,162
1661410440,1760.88,165
1661410500,1760.77,168
1661410560,1760.58,143
1661410620,1760.59,161
1661410680,1760.54,150
1661410740,1760.54,144
1661410800,1760.48,232
1661410860,1760.74,185
1661410920,1760.66,183
1661410980,1760.80,168
1661411040,1760.92,194
1661411100,1761.10,155
1661411160,1760.90,127
1661411220,1761.16,156
1661411280,1761.54,174
1661411340,1761.78,166
1661411400,1762.12,219
1661411460,1761.78,169
1661411520,1762.82,219
1661411580,1762.62,210
1661411640,1762.14,171
1661411700,1762.42,200
1661411760,1762.04,192
1661411820,1761.94,141
1661411880,1762.22,193
1661411940,1762.51,153
1661412000,1762.18,161
1661412060,1761.66,198
1661412120,1761.64,164
1661412180,1762.12,166
1661412240,1762.36,164
1661412300,1762.66,172
1661412360,1762.73,223
1661412420,1763.08,185
1661412480,1763.26,183
1661412540,1763.59,172
1661412600,1763.08,179
1661412660,1763.38,184
1661412720,1763.31,152
1661412780,1763.08,154
1661412840,1763.04,141
1661412900,1763.04,163
1661412960,1762.77,137
1661413020,1762.10,252
1661413080,1762.42,126
1661413140,1762.68,148
1661413200,1762.15,151
1661413260,1762.52,206
1661413320,1761.98,207
1661413380,1761.93,180
1661413440,1761.77,149
1661413500,1761.58,134
1661413560,1761.78,134
1661413620,1761.60,145
1661413680,1761.32,137
1661413740,1761.38,150
1661413800,1761.72,144
1661413860,1761.56,146
1661413920,1761.97,138
1661413980,1762.38,145
1661414040,1762.25,131
1661414100,1762.42,131
1661414160,1762.64,100
1661414220,1762.53,112
1661414280,1762.32,159
1661414340,1762.44,143
1661414400,1762.29,264
1661414460,1762.10,210
1661414520,1762.03,224
1661414580,1762.14,177
1661414640,1761.92,174
1661414700,1762.30,130
1661414760,1762.61,119
1661414820,1762.81,163
1661414880,1762.88,135
1661414940,1762.38,109
1661415000,1762.34,151
1661415060,1762.30,99
1661415120,1762.66,123
1661415180,1762.89,142
1661415240,1763.02,136
1661415300,1762.86,154
1661415360,1762.30,97
1661415420,1762.42,136
1661415480,1762.14,153
1661415540,1763.37,136
1661415600,1763.44,148
1661415660,1763.54,114
1661415720,1763.25,139
1661415780,1763.62,163
1661415840,1763.86,135
1661415900,1763.47,117
1661415960,1763.80,149
1661416020,1763.80,146
1661416080,1763.78,87
1661416140,1763.77,139
1661416200,1764.06,191
1661416260,1764.11,171
1661416320,1764.64,184
1661416380,1764.70,136
1661416440,1765.01,164
1661416500,1764.60,166
1661416560,1764.54,170
1661416620,1764.54,164
1661416680,1764.54,152
1661416740,1764.14,137
1661416800,1764.26,182
1661416860,1764.44,130
1661416920,1764.25,106
1661416980,1763.70,105
1661417040,1763.52,122
1661417100,1763.70,145
1661417160,1763.91,142
1661417220,1763.84,115
1661417280,1763.81,131
1661417340,1763.61,105
1661417400,1763.30,110
1661417460,1762.68,158
1661417520,1762.64,131
1661417580,1762.40,133
1661417640,1762.20,121
1661417700,1762.51,114
1661417760,1762.57,118
1661417820,1762.80,112
1661417880,1762.65,121
1661417940,1762.56,109
1661418000,1762.86,121
1661418060,1763.32,112
1661418120,1764.05,152
1661418180,1763.80,140
1661418240,1763.62,140
1661418300,1763.93,162
1661418360,1763.68,101
1661418420,1763.64,109
1661418480,1763.44,120
1661418540,1763.36,80
1661418600,1763.20,106
1661418660,1763.38,129
1661418720,1763.47,109
1661418780,1763.74,128
1661418840,1764.04,84
1661418900,1764.23,131
1661418960,1764.14,134
1661419020,1764.08,96
1661419080,1764.79,142
1661419140,1764.95,141
1661419200,1764.96,149
1661419260,1764.99,136
1661419320,1764.35,176
1661419380,1764.71,159
1661419440,1764.52,195
1661419500,1764.56,106
1661419560,1764.52,127
1661419620,1764.40,139
1661419680,1764.10,178
1661419740,1763.66,152
1661419800,1763.56,150
1661419860,1763.16,238
1661419920,1763.04,222
1661419980,1763.29,154
1661420040,1763.00,170
1661420100,1763.11,129
1661420160,1763.28,146
1661420220,1763.45,121
1661420280,1763.29,130
1661420340,1763.50,117
1661420400,1763.96,134
1661420460,1764.60,150
1661420520,1764.83,135
1661420580,1764.59,141
1661420640,1764.56,134
1661420700,1764.40,120
1661420760,1764.60,116
1661420820,1764.84,158
1661420880,1765.02,104
1661420940,1764.79,162
1661421000,1764.94,150
1661421060,1764.36,122
1661421120,1764.26,131
1661421180,1764.09,126
1661421240,1763.74,124
1661421300,1763.50,125
1661421360,1763.76,142
1661421420,1763.63,115
1661421480,1763.76,126
1661421540,1763.35,107
1661421600,1763.34,146
1661421660,1763.39,91
1661421720,1762.88,129
1661421780,1763.00,111
1661421840,1762.80,117
1661421900,1762.80,150
1661421960,1762.68,107
1661422020,1762.50,147
1661422080,1763.08,127
1661422140,1763.32,136
1661422200,1763.04,105
1661422260,1762.96,137
1661422320,1762.82,119
1661422380,1762.78,88
1661422440,1763.13,134
1661422500,1763.23,78
1661422560,1762.91,110
1661422620,1763.21,101
1661422680,1762.90,99
1661422740,1762.52,149
1661422800,1763.02,142
1661422860,1763.16,106
1661422920,1763.26,116
1661422980,1763.07,73
1661423040,1763.12,85
1661423100,1762.27,94
1661423160,1762.78,123
1661423220,1762.84,104
1661423280,1762.86,108
1661423340,1762.74,76
1661423400,1762.73,107
1661423460,1762.48,81
1661423520,1761.94,124
1661423580,1762.13,103
1661423640,1762.38,116
1661423700,1762.42,92
1661423760,1762.38,83
1661423820,1762.27,110
1661423880,1762.28,97
1661423940,1762.31,93
1661424000,1762.08,70
1661424060,1762.35,110
1661424120,1762.19,91
1661424180,1763.10,135
1661424240,1763.07,143
1661424300,1763.23,108
1661424360,1762.62,185
1661424420,1762.46,128
1661424480,1762.08,122
1661424540,1762.19,134
1661424600,1762.22,102
1661424660,1762.20,108
1661424720,1762.53,103
1661424780,1762.98,123
1661424840,1762.88,125
1661424900,1763.18,148
1661424960,1763.31,145
1661425020,1763.40,117
1661425080,1763.18,121
1661425140,1762.68,160
1661425200,1762.22,156
1661425260,1761.99,128
1661425320,1762.41,131
1661425380,1762.63,110
1661425440,1762.62,105
1661425500,1762.67,107
1661425560,1763.81,177
1661425620,1763.80,125
1661425680,1763.92,100
1661425740,1764.18,80
1661425800,1764.34,151
1661425860,1764.44,145
1661425920,1764.28,109
1661425980,1764.90,106
1661426040,1764.98,144
1661426100,1765.24,157
1661426160,1764.96,214
1661426220,1764.35,155
1661426280,1764.58,152
1661426340,1764.65,180
1661426400,1764.20,136
1661426460,1764.85,103
1661426520,1764.54,162
1661426580,1763.96,117
1661426640,1764.36,143
1661426700,1764.18,120
1661426760,1764.22,69
1661426820,1763.57,132
1661426880,1763.94,114
1661426940,1764.14,101
1661427000,1763.71,139
1661427060,1763.92,140
1661427120,1763.82,169
1661427180,1763.47,168
1661427240,1763.84,149
1661427300,1763.71,129
1661427360,1763.46,135
1661427420,1763.84,170
1661427480,1763.66,111
1661427540,1763.60,91
1661427600,1763.74,122
1661427660,1764.94,176
1661427720,1764.90,134
1661427780,1764.78,153
1661427840,1764.83,98
1661427900,1764.87,93
1661427960,1765.22,125
1661428020,1765.17,143
1661428080,1764.80,125
1661428140,1764.61,85
1661428200,1763.82,177
1661428260,1763.34,149
1661428320,1763.36,159
1661428380,1763.08,144
1661428440,1763.00,168
1661428500,1763.16,171
1661428560,1763.00,142
1661428620,1762.84,137
1661428680,1762.80,149
1661428740,1762.54,133
1661428800,1762.02,203
1661428860,1762.04,147
1661428920,1762.52,182
1661428980,1762.52,135
1661429040,1761.43,209
1661429100,1761.28,189
1661429160,1761.54,175
1661429220,1761.10,221
1661429280,1760.90,204
1661429340,1761.18,186
1661429400,1760.98,169
1661429460,1760.84,157
1661429520,1760.76,135
1661429580,1760.64,156
1661429640,1760.24,172
1661429700,1760.02,173
1661429760,1759.66,176
1661429820,1759.72,167
1661429880,1759.63,175
1661429940,1759.94,157
1661430000,1760.46,235
1661430060,1761.00,215
1661430120,1760.41,221
1661430180,1761.06,175
1661430240,1760.42,182
1661430300,1760.19,226
1661430360,1759.99,155
1661430420,1760.33,182
1661430480,1760.64,158
1661430540,1760.46,133
1661430600,1758.48,352
1661430660,1758.91,316
1661430720,1757.86,335
1661430780,1758.14,301
1661430840,1759.04,313
1661430900,1758.84,237
1661430960,1758.07,276
1661431020,1758.35,251
1661431080,1758.16,261
1661431140,1758.04,223
1661431200,1758.85,224
1661431260,1758.47,235
1661431320,1758.20,222
1661431380,1759.51,240
1661431440,1759.36,193
1661431500,1759.46,220
1661431560,1758.86,225
1661431620,1758.74,211
1661431680,1758.32,175
1661431740,1758.32,159
1661431800,1759.06,205
1661431860,1759.29,168
1661431920,1759.90,236
1661431980,1760.06,208
1661432040,1759.88,204
1661432100,1760.09,220
1661432160,1760.61,220
1661432220,1760.01,199
1661432280,1760.02,216
1661432340,1760.26,208
1661432400,1760.74,273
1661432460,1761.74,281
1661432520,1760.60,251
1661432580,1760.05,236
1661432640,1759.90,247
1661432700,1759.60,198
1661432760,1760.52,214
1661432820,1759.70,190
1661432880,1758.90,219
1661432940,1759.46,238
1661433000,1759.58,246
1661433060,1759.54,234
1661433120,1760.18,216
1661433180,1760.36,230
1661433240,1760.34,222
1661433300,1760.29,240
1661433360,1760.42,224
1661433420,1760.16,219
1661433480,1759.95,217
1661433540,1759.86,238
1661433600,1760.28,196
1661433660,1760.98,170
1661433720,1760.32,221
1661433780,1760.08,190
1661433840,1759.69,147
1661433900,1759.94,151
1661433960,1760.08,149
1661434020,1759.56,144
1661434080,1759.32,126
1661434140,1759.86,156
1661434200,1759.18,250
1661434260,1758.44,260
1661434320,1758.08,268
1661434380,1758.60,224
1661434440,1757.86,240
1661434500,1757.97,255
1661434560,1757.75,259
1661434620,1757.31,219
1661434680,1756.66,242
1661434740,1756.02,289
1661434800,1755.31,289
1661434860,1754.70,318
1661434920,1755.12,327
1661434980,1755.71,279
1661435040,1755.28,268
1661435100,1754.70,306
1661435160,1754.78,297
1661435220,1755.53,238
1661435280,1754.88,236
1661435340,1754.06,257
1661435400,1754.39,281
1661435460,1754.46,227
1661435520,1754.66,264
1661435580,1754.83,246
1661435640,1754.81,228
1661435700,1754.66,180
1661435760,1754.54,210
1661435820,1754.77,226
1661435880,1754.96,206
1661435940,1753.40,285
1661436000,1754.01,307
1661436060,1754.87,287
1661436120,1754.46,269
1661436180,1754.08,251
1661436240,1753.62,213
1661436300,1752.86,250
1661436360,1753.63,246
1661436420,1754.80,262
1661436480,1754.68,235
1661436540,1755.75,293
1661436600,1755.85,240
1661436660,1755.16,230
1661436720,1755.66,236
1661436780,1755.27,225
1661436840,1755.24,231
1661436900,1755.50,220
1661436960,1756.22,225
1661437020,1755.48,229
1661437080,1755.90,231
1661437140,1755.32,249
1661437200,1755.60,224
1661437260,1755.44,229
1661437320,1755.85,209
1661437380,1756.42,237
1661437440,1756.59,201
1661437500,1756.60,188
1661437560,1756.59,213
1661437620,1756.41,140
1661437680,1756.47,188
1661437740,1756.40,175
1661437800,1756.84,189
1661437860,1756.60,195
1661437920,1757.00,175
1661437980,1756.46,223
1661438040,1757.58,176
1661438100,1757.10,236
1661438160,1756.94,182
1661438220,1757.20,187
1661438280,1757.20,228
1661438340,1756.62,215
1661438400,1756.48,190
1661438460,1756.80,209
1661438520,1756.84,189
1661438580,1755.88,201
1661438640,1756.36,253
1661438700,1756.20,208
1661438760,1756.52,218
1661438820,1756.30,167
1661438880,1756.32,219
1661438940,1756.98,205
1661439000,1756.69,214
1661439060,1756.37,228
1661439120,1756.18,169
1661439180,1755.36,200
1661439240,1755.88,214
1661439300,1756.14,232
1661439360,1755.54,243
1661439420,1756.02,253
1661439480,1755.80,251
1661439540,1756.06,239
1661439600,1755.20,250
1661439660,1755.50,217
1661439720,1755.50,201
1661439780,1755.76,185
1661439840,1755.91,245
1661439900,1755.32,165
1661439960,1755.07,202
1661440020,1755.02,225
1661440080,1755.66,180
1661440140,1755.82,161
1661440200,1755.48,195
1661440260,1755.74,212
1661440320,1756.62,239
1661440380,1757.02,189
1661440440,1757.28,251
1661440500,1756.48,230
1661440560,1756.37,236
1661440620,1756.07,206
1661440680,1756.26,192
1661440740,1756.30,186
1661440800,1756.40,170
1661440860,1756.26,214
1661440920,1756.48,192
1661440980,1756.54,178
1661441040,1756.18,171
1661441100,1756.37,202
1661441160,1756.78,175
1661441220,1756.47,195
1661441280,1756.08,150
1661441340,1756.58,179
1661441400,1755.59,165
1661441460,1756.08,174
1661441520,1755.46,153
1661441580,1755.04,159
1661441640,1755.14,193
1661441700,1755.23,169
1661441760,1755.38,121
1661441820,1755.40,143
1661441880,1755.73,115
1661441940,1755.60,86
1661442000,1755.61,126
1661442060,1755.29,134
1661442120,1755.34,96
1661442180,1755.33,59
1661442240,1754.92,81
1661442300,1754.72,130
1661442360,1754.64,145
1661442420,1755.04,147
1661442480,1754.75,92
1661442540,1754.60,123
1661442600,1754.64,139
1661442660,1754.61,130
1661442720,1754.92,137
1661442780,1754.94,139
1661442840,1754.90,152
1661442900,1754.70,153
1661442960,1754.50,122
1661443020,1754.63,152
1661443080,1755.22,157
1661443140,1755.36,187
1661443200,1755.24,162
1661443260,1755.26,139
1661443320,1754.41,191
1661443380,1754.99,134
1661443440,1754.86,149
1661443500,1755.15,129
1661443560,1755.44,126
1661443620,1755.27,145
1661443680,1755.48,182
1661443740,1755.56,148
1661443800,1755.07,117
1661443860,1754.88,104
1661443920,1754.88,106
1661443980,1755.46,164
1661444040,1755.33,138
1661444100,1755.08,127
1661444160,1754.94,137
1661444220,1755.18,120
1661444280,1755.08,121
1661444340,1755.37,101
1661444400,1755.48,104
1661444460,1755.81,95
1661444520,1755.91,112
1661444580,1755.79,96
1661444640,1755.92,140
1661444700,1756.09,122
1661444760,1755.96,103
1661444820,1756.36,139
1661444880,1756.40,156
1661444940,1756.34,136
1661445000,1755.91,137
1661445060,1756.12,94
1661445120,1756.08,119
1661445180,1756.33,105
1661445240,1756.42,104
1661445300,1756.34,108
1661445360,1756.32,100
1661445420,1756.19,48
1661445480,1756.31,64
1661445540,1756.52,107
1661445600,1756.42,100
1661445660,1756.64,83
1661445720,1756.82,99
1661445780,1756.91,84
1661445840,1757.04,80
1661445900,1756.98,149
1661445960,1757.17,162
1661446020,1757.18,104
1661446080,1757.48,123
1661446140,1757.47,90
1661446200,1757.28,107
1661446260,1757.38,93
1661446320,1757.38,106
1661446380,1757.38,83
1661446440,1757.08,99
1661446500,1757.47,105
1661446560,1757.80,124
1661446620,1758.04,108
1661446680,1757.96,84
1661446740,1758.25,80
1661446800,1758.03,135
1661446860,1759.30,188
1661446920,1758.28,265
1661446980,1757.85,219
1661447040,1758.02,182
1661447100,1758.12,131
1661447160,1758.62,158
1661447220,1758.34,155
1661447280,1758.01,165
1661447340,1758.08,161
1661447400,1758.00,123
1661447460,1758.02,103
1661447520,1758.26,133
1661447580,1758.74,129
1661447640,1758.60,188
1661447700,1758.69,148
1661447760,1758.80,127
1661447820,1758.65,100
1661447880,1758.68,102
1661447940,1758.34,103
1661448000,1758.24,89
1661448060,1758.04,111
1661448120,1758.30,122
1661448180,1758.06,123
1661448240,1758.38,145
1661448300,1758.25,126
1661448360,1758.55,95
1661448420,1758.24,108
1661448480,1758.24,112
1661448540,1758.23,202
1661448600,1758.32,164
1661448660,1757.97,145
1661448720,1758.18,122
1661448780,1757.96,96
1661448840,1758.10,79
1661448900,1758.27,127
1661448960,1757.78,118
1661449020,1757.74,105
1661449080,1757.66,94
1661449140,1757.46,87
1661449200,1757.65,101
1661449260,1757.65,98
1661449320,1757.67,102
1661449380,1757.51,86
1661449440,1757.60,99
1661449500,1757.67,95
1661449560,1758.20,145
1661449620,1758.37,91
1661449680,1758.38,82
1661449740,1758.51,70
1661449800,1758.14,108
1661449860,1757.71,97
1661449920,1757.88,104
1661449980,1758.34,96
1661450040,1758.61,74
1661450100,1758.77,107
1661450160,1758.66,90
1661450220,1758.85,85
1661450280,1758.74,78
1661450340,1758.76,102
1661450400,1758.14,131
1661450460,1757.86,83
1661450520,1758.10,109
1661450580,1758.16,79
1661450640,1757.60,152
1661450700,1757.39,150
1661450760,1757.57,121
1661450820,1757.47,105
1661450880,1757.32,111
1661450940,1757.25,123
1661451000,1757.06,115
1661451060,1757.22,117
1661451120,1757.00,91
1661451180,1757.36,99
1661451240,1757.27,83
1661451300,1757.08,115
1661451360,1756.87,93
1661451420,1756.62,98
1661451480,1756.62,100
1661451540,1756.59,88
1661451600,1756.66,81
1661451660,1756.86,87
1661451720,1756.76,118
1661451780,1756.71,119
1661451840,1756.76,100
1661451900,1756.56,98
1661451960,1756.68,101
1661452020,1756.67,100
1661452080,1756.82,126
1661452140,1756.76,91
1661452200,1756.74,83
1661452260,1757.02,86
1661452320,1757.33,79
1661452380,1757.20,108
1661452440,1757.07,62
1661452500,1756.48,85
1661452560,1756.40,79
1661452620,1756.28,106
1661452680,1756.16,74
1661452740,1756.30,71
1661452800,1756.18,75
1661452860,1756.07,61
1661452920,1756.02,78
1661452980,1756.12,63
1661453040,1756.13,88
1661453100,1756.06,82
1661453160,1756.06,63
1661453220,1755.78,86
1661453280,1755.84,72
1661453340,1755.75,82
1661453400,1755.83,77
1661453460,1755.87,88
1661453520,1755.81,52
1661453580,1755.72,57
1661453640,1755.98,61
1661453700,1756.19,122
1661453760,1756.54,113
1661453820,1756.07,99
1661453880,1756.04,97
1661453940,1756.10,80
1661454000,1755.87,70
1661454060,1755.82,35
1661454120,1755.66,75
1661454180,1755.72,40
1661454240,1755.76,34
1661454300,1755.84,45
1661454360,1755.99,39
1661454420,1755.77,66
1661454480,1755.98,51
1661454540,1755.59,92
1661454600,1755.60,76
1661454660,1755.40,59
1661454720,1755.41,78
1661454780,1755.49,52
1661454840,1755.68,75
1661454900,1755.74,65
1661454960,1755.86,50
1661455020,1755.84,51
1661455080,1755.78,36
1661455140,1755.83,67
1661455200,1755.66,50
1661455260,1755.82,55
1661455320,1755.86,81
1661455380,1755.71,41
1661455440,1755.58,61
1661455500,1755.52,75
1661455560,1755.41,54
1661455620,1755.42,49
1661455680,1755.47,29
1661455740,1755.44,55
1661455800,1755.07,62
1661455860,1755.00,65
1661455920,1755.27,66
1661455980,1755.12,40
1661456040,1755.01,49
1661456100,1755.00,49
1661456160,1755.04,46
1661456220,1755.33,77
1661456280,1755.38,47
1661456340,1755.66,58
1661456400,1755.48,68
1661456460,1755.38,55
1661456520,1755.52,42
1661456580,1755.80,89
1661456640,1756.01,82
1661456700,1755.98,49
1661456760,1756.13,97
1661456820,1756.38,38
1661456880,1756.59,25
1661456940,1756.87,84
1661457000,1756.66,99
1661457060,1756.79,87
1661457120,1757.28,60
1661457180,1757.29,75
1661457240,1757.30,48
1661457300,1756.48,82
1661457360,1756.68,83
1661457420,1756.97,77
1661457480,1757.01,117
1661457540,1757.35,154
1661457600,1757.40,81
1661457660,1757.42,27
1661457720,1757.38,19
1661457780,1757.73,78
1661457840,1757.82,50
1661457900,1757.86,48
1661457960,1757.96,14
1661458020,1757.83,27
1661458080,1757.78,22
1661458140,1757.86,38
1661458200,1757.68,19
1661458260,1757.55,39
1661458320,1757.58,19
1661458380,1757.66,39
1661458440,1757.70,11
1661458500,1757.88,25
1661458560,1757.84,18
1661458620,1757.84,22
1661458680,1757.85,24
1661458740,1757.82,34
1661458800,1757.82,32
1661458860,1757.76,27
1661458920,1757.60,20
1661458980,1757.52,31
1661459040,1757.53,21
1661459100,1757.65,45
1661459160,1757.58,18
1661459220,1757.68,25
1661459280,1757.79,6
1661459340,1757.66,22
1661459400,1757.81,35
1661459460,1757.82,6
1661459520,1757.80,9
1661459580,1757.81,19
1661459640,1757.81,14
1661459700,1757.78,17
1661459760,1757.67,41
1661459820,1757.75,17
1661459880,1757.74,43
1661459940,1757.76,13
1661460000,1757.83,27
1661460060,1757.91,17
1661460120,1757.90,5
1661460180,1757.84,28
1661460240,1757.89,38
1661460300,1757.86,34
1661460360,1758.08,34
1661460420,1758.22,51
1661460480,1758.15,21
1661460540,1758.20,42
1661460600,1758.10,40
1661460660,1758.12,23
1661460720,1758.26,33
1661460780,1758.38,36
1661460840,1758.38,31
1661460900,1758.08,31
1661460960,1758.28,25
1661464920,1758.55,45
1661464980,1758.40,57
1661465040,1758.23,36
1661465100,1757.98,62
1661465160,1758.08,29
1661465220,1757.98,13
1661465280,1757.89,37
1661465340,1757.49,60
1661465400,1757.16,38
1661465460,1757.35,48
1661465520,1757.50,27
1661465580,1757.32,14
1661465640,1757.42,7
1661465700,1757.58,16
1661465760,1757.86,14
1661465820,1757.66,24
1661465880,1757.56,9
1661466000,1757.86,4
1661466060,1757.85,26
1661466120,1757.85,5
1661466180,1757.86,9
1661466240,1757.86,15
1661466300,1757.85,11
1661466360,1757.85,8
1661466420,1757.92,20
1661466480,1757.93,14
1661466540,1757.92,6
1661466600,1758.01,21
1661466660,1757.94,28
1661466720,1757.94,12
1661466780,1757.92,24
1661466840,1757.96,8
1661466900,1758.02,11
1661466960,1757.92,15
1661467020,1757.90,17
1661467080,1757.88,6
1661467140,1757.96,18
1661467200,1757.95,11
1661467260,1757.94,8
1661467320,1757.66,29
1661467380,1757.46,33
1661467440,1757.38,9
1661467500,1757.50,22
1661467560,1757.52,15
1661467620,1757.54,16
1661467680,1757.36,20
1661467740,1757.44,26
1661467800,1757.64,15
1661467860,1757.68,22
1661467920,1757.49,18
1661467980,1757.41,14
1661468040,1757.29,9
1661468100,1757.31,28
1661468160,1757.28,19
1661468220,1757.28,11
1661468280,1757.30,15
1661468340,1757.31,23
1661468400,1757.22,11
1661468460,1757.02,19
1661468520,1756.90,10
1661468580,1756.94,18
1661468640,1756.93,16
1661468700,1756.98,41
1661468760,1756.82,27
1661468820,1756.77,22
1661468880,1756.73,13
1661468940,1756.68,19
1661469000,1756.75,27
1661469060,1756.86,26
1661469120,1756.96,23
1661469180,1756.70,24
1661469240,1756.60,56
1661469300,1756.42,35
1661469360,1756.49,25
1661469420,1756.32,38
1661469480,1756.39,54
1661469540,1756.36,21
1661469600,1756.30,37
1661469660,1756.36,26
1661469720,1756.58,42
1661469780,1756.52,38
1661469840,1756.47,41
1661469900,1756.48,27
1661469960,1756.39,32
1661470020,1756.41,16
1661470080,1756.54,14
1661470140,1756.57,15
1661470200,1756.54,21
1661470260,1756.34,16
1661470320,1756.44,27
1661470380,1756.44,8
1661470440,1756.44,5
1661470500,1756.34,42
1661470560,1756.44,7
1661470620,1756.44,15
1661470680,1756.54,26
1661470740,1756.63,21
1661470800,1756.63,1
1661470860,1756.54,6
1661470920,1756.54,29
1661470980,1756.44,21
1661471040,1756.49,40
1661471100,1756.24,35
1661471160,1756.34,38
1661471220,1756.24,20
1661471280,1756.24,21
1661471340,1756.14,29
1661471400,1756.16,24
1661471460,1756.56,47
1661471520,1756.66,58
1661471580,1756.62,110
1661471640,1756.50,48
1661471700,1756.75,31
1661471760,1756.64,24
1661471820,1756.68,15
1661471880,1756.53,9
1661471940,1756.43,20
1661472000,1756.64,71
1661472060,1756.52,48
1661472120,1756.36,36
1661472180,1755.99,45
1661472240,1755.96,30
1661472300,1755.97,35
1661472360,1755.78,16
1661472420,1755.68,30
1661472480,1755.50,51
1661472540,1755.56,65
1661472600,1755.40,59
1661472660,1755.39,72
1661472720,1755.42,39
1661472780,1755.38,43
1661472840,1755.20,55
1661472900,1755.30,55
1661472960,1755.70,35
1661473020,1755.70,17
1661473080,1755.70,36
1661473140,1755.58,44
1661473200,1755.82,57
1661473260,1755.92,48
1661473320,1755.89,27
1661473380,1756.02,26
1661473440,1755.94,35
1661473500,1755.86,40
1661473560,1755.63,37
1661473620,1755.82,38
1661473680,1755.82,27
1661473740,1755.56,35
1661473800,1755.74,39
1661473860,1755.50,35
1661473920,1755.74,48
1661473980,1755.79,28
1661474040,1755.78,27
1661474100,1755.68,63
1661474160,1755.80,47
1661474220,1755.70,28
1661474280,1755.88,35
1661474340,1755.92,31
1661474400,1755.95,34
1661474460,1756.16,39
1661474520,1756.31,48
1661474580,1756.70,83
1661474640,1756.43,64
1661474700,1756.26,34
1661474760,1756.15,21
1661474820,1756.25,55
1661474880,1756.40,62
1661474940,1756.41,59
1661475000,1756.12,50
1661475060,1755.53,57
1661475120,1755.53,83
1661475180,1755.20,73
1661475240,1755.26,113
1661475300,1755.44,101
1661475360,1755.37,58
1661475420,1755.48,72
1661475480,1755.60,79
1661475540,1755.47,45
1661475600,1755.07,176
1661475660,1755.22,143
1661475720,1755.17,82
1661475780,1755.30,121
1661475840,1755.66,102
1661475900,1755.91,77
1661475960,1756.01,87
1661476020,1756.09,101
1661476080,1756.34,79
1661476140,1756.14,86
1661476200,1755.78,101
1661476260,1754.98,129
1661476320,1755.06,110
1661476380,1754.90,75
1661476440,1755.08,134
1661476500,1755.60,184
1661476560,1755.18,88
1661476620,1755.40,43
1661476680,1755.05,48
1661476740,1754.58,62
1661476800,1754.42,84
1661476860,1754.47,107
1661476920,1754.44,76
1661476980,1754.40,92
1661477040,1754.25,66
1661477100,1754.37,75
1661477160,1754.26,70
1661477220,1754.31,51
1661477280,1754.32,55
1661477340,1754.14,66
1661477400,1754.61,108
1661477460,1754.24,99
1661477520,1754.10,85
1661477580,1753.96,91
1661477640,1753.82,51
1661477700,1754.16,87
1661477760,1753.98,88
1661477820,1754.12,95
1661477880,1753.66,93
1661477940,1753.73,88
1661478000,1754.07,67
1661478060,1754.08,63
1661478120,1753.72,58
1661478180,1753.76,73
1661478240,1753.64,59
1661478300,1753.65,44
1661478360,1753.84,72
1661478420,1753.86,67
1661478480,1753.69,56
1661478540,1753.84,82
1661478600,1753.56,53
1661478660,1753.36,70
1661478720,1753.44,86
1661478780,1752.86,75
1661478840,1752.89,91
1661478900,1752.98,99
1661478960,1752.86,97
1661479020,1752.80,105
1661479080,1752.50,86
1661479140,1752.67,77
1661479200,1752.62,93
1661479260,1752.93,92
1661479320,1753.04,93
1661479380,1753.30,73
1661479440,1753.32,77
1661479500,1753.21,88
1661479560,1753.24,51
1661479620,1753.60,66
1661479680,1753.60,55
1661479740,1753.66,66
1661479800,1753.62,74
1661479860,1753.60,55
1661479920,1754.08,91
1661479980,1753.96,86
1661480040,1753.94,65
1661480100,1753.82,38
1661480160,1753.98,61
1661480220,1753.92,63
1661480280,1753.75,48
1661480340,1754.16,55
1661480400,1754.04,54
1661480460,1754.08,52
1661480520,1754.14,56
1661480580,1754.30,61
1661480640,1754.39,51
1661480700,1754.49,47
1661480760,1754.64,33
1661480820,1754.54,54
1661480880,1754.52,36
1661480940,1754.49,59
1661481000,1754.96,98
1661481060,1755.38,164
1661481120,1755.61,108
1661481180,1755.27,111
1661481240,1755.42,116
1661481300,1755.27,75
1661481360,1755.24,64
1661481420,1755.32,41
1661481480,1755.31,35
1661481540,1755.26,39
1661481600,1755.29,23
1661481660,1755.38,44
1661481720,1755.42,44
1661481780,1755.37,56
1661481840,1755.66,58
1661481900,1755.68,67
1661481960,1755.64,30
1661482020,1755.71,69
1661482080,1755.62,67
1661482140,1755.62,54
1661482200,1755.58,46
1661482260,1755.58,50
1661482320,1755.64,45
1661482380,1755.50,38
1661482440,1755.25,96
1661482500,1755.71,81
1661482560,1755.72,75
1661482620,1755.62,74
1661482680,1755.54,47
1661482740,1755.40,76
1661482800,1755.38,120
1661482860,1755.22,80
1661482920,1755.19,42
1661482980,1754.96,74
1661483040,1754.89,58
1661483100,1754.76,40
1661483160,1754.61,58
1661483220,1754.64,72
1661483280,1755.16,76
1661483340,1755.18,45
1661483400,1755.29,54
1661483460,1755.28,62
1661483520,1755.42,43
1661483580,1755.55,60
1661483640,1755.54,25
1661483700,1755.70,39
1661483760,1755.62,40
1661483820,1755.54,38
1661483880,1755.52,70
1661483940,1755.34,35
1661484000,1755.13,63
1661484060,1755.06,91
1661484120,1754.90,46
1661484180,1755.12,41
1661484240,1754.92,64
1661484300,1755.10,56
1661484360,1754.96,61
1661484420,1755.06,39
1661484480,1755.24,34
1661484540,1755.19,47
1661484600,1755.32,72
1661484660,1755.39,58
1661484720,1755.44,28
1661484780,1755.34,22
1661484840,1755.44,27
1661484900,1755.72,36
1661484960,1755.74,38
1661485020,1756.06,45
1661485080,1756.28,89
1661485140,1756.10,43
1661485200,1756.02,45
1661485260,1755.99,22
1661485320,1755.88,52
1661485380,1755.96,58
1661485440,1756.18,38
1661485500,1756.29,46
1661485560,1756.18,50
1661485620,1756.18,40
1661485680,1756.21,37
1661485740,1756.46,56
1661485800,1756.48,55
1661485860,1756.55,28
1661485920,1756.44,20
1661485980,1756.52,18
1661486040,1756.72,29
1661486100,1756.84,56
1661486160,1757.19,66
1661486220,1757.34,53
1661486280,1757.34,63
1661486340,1757.49,31
1661486400,1756.99,73
1661486460,1756.76,54
1661486520,1756.90,64
1661486580,1756.82,89
1661486640,1756.80,17
1661486700,1756.73,38
1661486760,1756.95,35
1661486820,1756.63,57
1661486880,1756.64,62
1661486940,1756.48,38
1661487000,1756.59,36
1661487060,1756.60,27
1661487120,1756.75,43
1661487180,1757.17,71
1661487240,1757.10,72
1661487300,1756.38,53
1661487360,1756.09,103
1661487420,1756.01,111
1661487480,1755.88,132
1661487540,1756.36,101
1661487600,1756.86,89
1661487660,1756.58,51
1661487720,1756.44,71
1661487780,1756.19,71
1661487840,1756.54,51
1661487900,1756.39,53
1661487960,1756.42,43
1661488020,1756.39,26
1661488080,1756.46,50
1661488140,1756.65,71
1661488200,1756.64,33
1661488260,1756.59,24
1661488320,1756.55,71
1661488380,1756.67,27
1661488440,1756.63,25
1661488500,1756.91,44
1661488560,1756.78,40
1661488620,1756.80,26
1661488680,1756.93,30
1661488740,1756.76,54
1661488800,1756.36,78
1661488860,1756.47,49
1661488920,1756.49,49
1661488980,1756.46,51
1661489040,1756.42,49
1661489100,1756.32,34
1661489160,1756.20,43
1661489220,1756.30,42
1661489280,1756.42,34
1661489340,1756.28,24
1661489400,1756.24,49
1661489460,1756.22,61
1661489520,1756.32,36
1661489580,1756.18,19
1661489640,1756.10,27
1661489700,1756.02,58
1661489760,1755.97,53
1661489820,1755.90,23
1661489880,1755.84,29
1661489940,1755.76,49
1661490000,1755.68,73
1661490060,1755.93,47
1661490120,1756.20,62
1661490180,1756.10,34
1661490240,1756.08,44
1661490300,1755.90,79
1661490360,1755.70,38
1661490420,1755.86,34
1661490480,1755.61,50
1661490540,1755.70,53
1661490600,1755.66,57
1661490660,1755.56,39
1661490720,1755.56,62
1661490780,1755.52,54
1661490840,1755.44,36
1661490900,1755.54,35
1661490960,1755.44,38
1661491020,1755.74,43
1661491080,1755.62,42
1661491140,1755.62,21
1661491200,1755.62,27
1661491260,1755.56,37
1661491320,1755.50,37
1661491380,1755.48,40
1661491440,1755.42,59
1661491500,1755.52,41
1661491560,1755.48,57
1661491620,1755.51,20
1661491680,1755.33,49
1661491740,1755.32,56
1661491800,1754.61,130
1661491860,1754.78,88
1661491920,1754.55,106
1661491980,1754.76,113
1661492040,1755.00,84
1661492100,1755.04,73
1661492160,1754.66,76
1661492220,1754.49,73
1661492280,1754.46,99
1661492340,1754.38,67
1661492400,1755.58,108
1661492460,1756.28,152
1661492520,1756.09,194
1661492580,1755.58,147
1661492640,1755.54,90
1661492700,1754.92,148
1661492760,1754.92,103
1661492820,1755.14,73
1661492880,1755.34,74
1661492940,1755.14,81
1661493000,1755.22,95
1661493060,1755.09,79
1661493120,1755.10,62
1661493180,1755.16,50
1661493240,1755.42,94
1661493300,1755.58,125
1661493360,1755.61,117
1661493420,1755.66,92
1661493480,1755.86,127
1661493540,1756.16,110
1661493600,1756.21,161
1661493660,1756.29,141
1661493720,1756.52,87
1661493780,1756.64,97
1661493840,1756.82,95
1661493900,1756.56,143
1661493960,1756.88,144
1661494020,1756.98,91
1661494080,1757.24,126
1661494140,1757.50,102
1661494200,1757.38,70
1661494260,1756.88,112
1661494320,1756.82,134
1661494380,1756.82,112
1661494440,1756.86,89
1661494500,1757.28,94
1661494560,1757.04,70
1661494620,1756.92,84
1661494680,1756.99,76
1661494740,1757.58,169
1661494800,1757.72,71
1661494860,1757.85,153
1661494920,1757.82,96
1661494980,1757.78,67
1661495040,1758.07,80
1661495100,1758.28,88
1661495160,1758.34,134
1661495220,1758.04,97
1661495280,1757.41,148
1661495340,1758.21,128
1661495400,1758.76,156
1661495460,1758.42,95
1661495520,1758.66,120
1661495580,1758.50,137
1661495640,1758.40,106
1661495700,1758.36,128
1661495760,1757.98,135
1661495820,1758.10,161
1661495880,1758.01,102
1661495940,1757.92,123
1661496000,1757.79,129
1661496060,1757.68,114
1661496120,1757.86,122
1661496180,1757.96,122
1661496240,1757.76,131
1661496300,1757.66,110
1661496360,1757.64,91
1661496420,1757.57,90
1661496480,1757.94,123
1661496540,1757.71,118
1661496600,1756.60,169
1661496660,1756.24,190
1661496720,1755.88,157
1661496780,1755.58,137
1661496840,1755.89,211
1661496900,1755.53,139
1661496960,1755.56,138
1661497020,1755.55,126
1661497080,1755.40,121
1661497140,1755.80,121
1661497200,1755.38,218
1661497260,1755.12,168
1661497320,1754.94,165
1661497380,1755.04,165
1661497440,1755.36,174
1661497500,1755.54,176
1661497560,1754.61,178
1661497620,1754.46,155
1661497680,1754.94,208
1661497740,1754.82,178
1661497800,1754.73,153
1661497860,1754.44,158
1661497920,1754.38,147
1661497980,1754.86,153
1661498040,1754.68,121
1661498100,1754.02,184
1661498160,1754.28,182
1661498220,1753.55,178
1661498280,1753.70,145
1661498340,1753.76,139
1661498400,1753.97,135
1661498460,1754.14,143
1661498520,1753.37,112
1661498580,1753.73,146
1661498640,1753.52,118
1661498700,1753.78,152
1661498760,1754.50,172
1661498820,1754.58,139
1661498880,1754.77,125
1661498940,1754.53,179
1661499000,1754.48,134
1661499060,1753.93,160
1661499120,1753.78,184
1661499180,1753.78,140
1661499240,1753.92,109
1661499300,1753.28,192
1661499360,1753.46,145
1661499420,1753.30,157
1661499480,1753.66,119
1661499540,1754.04,144
1661499600,1753.86,153
1661499660,1753.50,168
1661499720,1752.84,164
1661499780,1752.53,239
1661499840,1752.93,165
1661499900,1752.86,115
1661499960,1752.74,131
1661500020,1752.18,150
1661500080,1751.92,152
1661500140,1752.52,140
1661500200,1752.69,174
1661500260,1752.69,139
1661500320,1752.80,142
1661500380,1753.45,143
1661500440,1753.44,123
1661500500,1753.44,192
1661500560,1753.18,160
1661500620,1753.22,142
1661500680,1753.83,142
1661500740,1753.09,140
1661500800,1752.87,187
1661500860,1752.65,177
1661500920,1752.28,144
1661500980,1752.60,185
1661501040,1752.37,210
1661501100,1752.60,173
1661501160,1752.36,91
1661501220,1752.13,117
1661501280,1751.46,156
1661501340,1751.52,183
1661501400,1752.28,182
1661501460,1752.13,154
1661501520,1752.02,130
1661501580,1752.05,159
1661501640,1752.17,111
1661501700,1752.27,169
1661501760,1751.92,210
1661501820,1751.80,119
1661501880,1751.67,129
1661501940,1751.68,149
1661502000,1752.34,169
1661502060,1752.05,111
1661502120,1752.04,89
1661502180,1751.94,156
1661502240,1751.81,147
1661502300,1751.19,173
1661502360,1750.77,211
1661502420,1750.67,171
1661502480,1751.01,187
1661502540,1751.20,168
1661502600,1750.70,175
1661502660,1750.70,133
1661502720,1751.14,184
1661502780,1751.45,272
1661502840,1751.81,174
1661502900,1752.87,230
1661502960,1751.47,222
1661503020,1751.80,240
1661503080,1752.14,164
1661503140,1751.76,108
1661503200,1751.78,126
1661503260,1752.34,181
1661503320,1752.42,124
1661503380,1752.11,170
1661503440,1752.31,115
1661503500,1752.43,129
1661503560,1752.47,134
1661503620,1752.53,122
1661503680,1752.68,153
1661503740,1752.32,162
1661503800,1752.58,135
1661503860,1752.34,106
1661503920,1752.17,73
1661503980,1752.28,109
1661504040,1752.27,87
1661504100,1751.87,93
1661504160,1751.67,117
1661504220,1751.65,145
1661504280,1752.20,150
1661504340,1752.19,132
1661504400,1751.88,155
1661504460,1751.49,135
1661504520,1751.36,116
1661504580,1751.04,108
1661504640,1750.92,90
1661504700,1751.14,138
1661504760,1750.94,141
1661504820,1751.40,144
1661504880,1751.87,146
1661504940,1751.46,153
1661505000,1750.81,159
1661505060,1751.07,115
1661505120,1750.92,137
1661505180,1751.06,142
1661505240,1751.06,94
1661505300,1751.14,68
1661505360,1750.95,93
1661505420,1751.05,62
1661505480,1750.86,97
1661505540,1750.81,110
1661505600,1750.96,101
1661505660,1751.31,127
1661505720,1751.44,110
1661505780,1751.71,148
1661505840,1752.40,146
1661505900,1752.19,145
1661505960,1752.10,163
1661506020,1752.35,240
1661506080,1752.21,147
1661506140,1752.08,146
1661506200,1752.04,161
1661506260,1751.30,152
1661506320,1751.19,122
1661506380,1751.41,96
1661506440,1751.41,123
1661506500,1751.44,77
1661506560,1751.51,79
1661506620,1751.42,71
1661506680,1751.11,91
1661506740,1750.35,154
1661506800,1750.52,117
1661506860,1750.44,107
1661506920,1750.39,98
1661506980,1750.78,104
1661507040,1751.14,168
1661507100,1750.78,108
1661507160,1750.92,103
1661507220,1751.25,153
1661507280,1750.76,101
1661507340,1750.88,115
1661507400,1750.10,100
1661507460,1749.77,212
1661507520,1749.80,127
1661507580,1749.92,132
1661507640,1749.90,93
1661507700,1749.54,78
1661507760,1749.89,105
1661507820,1750.12,97
1661507880,1750.12,104
1661507940,1749.92,104
1661508000,1749.81,123
1661508060,1749.03,203
1661508120,1749.05,145
1661508180,1748.83,124
1661508240,1748.62,135
1661508300,1748.18,161
1661508360,1748.24,163
1661508420,1748.04,107
1661508480,1747.82,161
1661508540,1748.01,137
1661508600,1747.90,176
1661508660,1747.94,100
1661508720,1747.70,88
1661508780,1747.60,134
1661508840,1747.69,132
1661508900,1747.96,160
1661508960,1747.68,117
1661509020,1747.78,144
1661509080,1747.48,155
1661509140,1747.43,120
1661509200,1747.51,176
1661509260,1747.60,173
1661509320,1747.32,108
1661509380,1747.42,97
1661509440,1747.77,123
1661509500,1747.70,101
1661509560,1747.37,116
1661509620,1747.35,104
1661509680,1747.82,121
1661509740,1747.75,98
1661509800,1747.65,99
1661509860,1747.89,145
1661509920,1747.51,108
1661509980,1747.36,88
1661510040,1747.26,76
1661510100,1747.14,146
1661510160,1746.94,117
1661510220,1747.26,131
1661510280,1747.06,116
1661510340,1746.93,120
1661510400,1747.02,103
1661510460,1747.16,106
1661510520,1747.25,118
1661510580,1747.56,131
1661510640,1747.36,148
1661510700,1747.29,101
1661510760,1747.29,114
1661510820,1747.24,185
1661510880,1747.25,90
1661510940,1747.43,125
1661511000,1747.02,127
1661511060,1747.07,104
1661511120,1746.93,97
1661511180,1746.93,77
1661511240,1746.77,59
1661511300,1746.50,125
1661511360,1746.59,100
1661511420,1746.80,110
1661511480,1746.80,113
1661511540,1746.94,94
1661511600,1746.64,93
1661511660,1746.52,140
1661511720,1746.84,156
1661511780,1746.90,115
1661511840,1746.82,111
1661511900,1746.76,82
1661511960,1746.76,93
1661512020,1746.58,105
1661512080,1746.57,104
1661512140,1747.06,113
1661512200,1746.61,136
1661512260,1746.82,95
1661512320,1746.59,73
1661512380,1746.43,84
1661512440,1746.28,79
1661512500,1746.08,95
1661512560,1745.92,114
1661512620,1745.93,108
1661512680,1746.79,103
1661512740,1747.17,130
1661512800,1747.11,140
1661512860,1747.11,98
1661512920,1746.55,119
1661512980,1746.41,95
1661513040,1746.64,84
1661513100,1745.90,138
1661513160,1745.74,134
1661513220,1745.64,107
1661513280,1745.85,140
1661513340,1745.59,109
1661513400,1745.17,169
1661513460,1745.04,119
1661513520,1745.10,171
1661513580,1744.70,156
1661513640,1744.07,202
1661513700,1744.78,171
1661513760,1744.86,145
1661513820,1745.06,131
1661513880,1744.94,140
1661513940,1745.00,153
1661514000,1744.91,155
1661514060,1744.91,97
1661514120,1744.63,148
1661514180,1744.64,100
1661514240,1744.56,102
1661514300,1743.99,176
1661514360,1744.27,139
1661514420,1744.06,120
1661514480,1743.78,151
1661514540,1744.18,154
1661514600,1744.68,155
1661514660,1744.71,141
1661514720,1744.39,154
1661514780,1744.78,83
1661514840,1745.00,166
1661514900,1744.86,156
1661514960,1744.85,98
1661515020,1744.80,122
1661515080,1744.87,138
1661515140,1745.11,144
1661515200,1744.78,151
1661515260,1744.30,214
1661515320,1744.02,155
1661515380,1744.30,167
1661515440,1743.95,181
1661515500,1744.18,154
1661515560,1744.36,162
1661515620,1744.80,125
1661515680,1744.75,108
1661515740,1744.79,132
1661515800,1745.51,202
1661515860,1745.91,190
1661515920,1746.04,143
1661515980,1746.26,167
1661516040,1746.64,147
1661516100,1746.44,238
1661516160,1747.22,191
1661516220,1747.46,204
1661516280,1747.33,152
1661516340,1746.94,156
1661516400,1746.05,245
1661516460,1745.69,212
1661516520,1745.80,217
1661516580,1745.92,192
1661516640,1746.85,215
1661516700,1746.32,161
1661516760,1746.37,175
1661516820,1746.13,177
1661516880,1746.16,121
1661516940,1746.78,201
1661517000,1751.16,479
1661517060,1751.08,453
1661517120,1749.00,409
1661517180,1748.31,362
1661517240,1748.94,337
1661517300,1747.58,309
1661517360,1747.82,284
1661517420,1747.86,278
1661517480,1749.86,323
1661517540,1749.98,329
1661517600,1748.74,308
1661517660,1747.97,298
1661517720,1748.05,317
1661517780,1746.66,290
1661517840,1746.64,295
1661517900,1746.54,286
1661517960,1745.66,272
1661518020,1745.78,300
1661518080,1745.95,230
1661518140,1746.86,243
1661518200,1746.40,241
1661518260,1746.47,247
1661518320,1746.39,238
1661518380,1745.31,272
1661518440,1745.50,234
1661518500,1745.60,206
1661518560,1745.73,229
1661518620,1745.98,275
1661518680,1745.77,268
1661518740,1745.99,257
1661518800,1748.48,391
1661518860,1748.26,316
1661518920,1748.23,306
1661518980,1747.62,311
1661519040,1747.75,310
1661519100,1747.94,298
1661519160,1748.50,287
1661519220,1748.63,257
1661519280,1748.38,245
1661519340,1748.60,247
1661519400,1750.40,291
1661519460,1750.34,320
1661519520,1750.25,303
1661519580,1750.60,302
1661519640,1750.94,329
1661519700,1750.54,322
1661519760,1750.26,269
1661519820,1751.16,254
1661519880,1752.36,325
1661519940,1752.91,317
1661520000,1752.86,277
1661520060,1752.73,271
1661520120,1752.50,279
1661520180,1753.52,292
1661520240,1752.80,234
1661520300,1753.16,210
1661520360,1751.90,441
1661520420,1751.49,386
1661520480,1750.50,346
1661520540,1751.04,304
1661520600,1751.54,341
1661520660,1751.48,339
1661520720,1751.40,369
1661520780,1752.18,336
1661520840,1752.89,358
1661520900,1753.60,337
1661520960,1753.38,333
1661521020,1753.28,313
1661521080,1752.78,283
1661521140,1752.36,289
1661521200,1752.72,348
1661521260,1752.69,332
1661521320,1751.84,312
1661521380,1751.02,295
1661521440,1751.50,305
1661521500,1752.26,319
1661521560,1752.68,319
1661521620,1752.10,247
1661521680,1751.80,251
1661521740,1751.06,242
1661521800,1751.59,263
1661521860,1751.36,295
1661521920,1751.48,250
1661521980,1751.27,238
1661522040,1752.20,263
1661522100,1752.54,263
1661522160,1751.78,253
1661522220,1751.56,217
1661522280,1751.83,221
1661522340,1751.20,182
1661522400,1748.82,455
1661522460,1745.52,444
1661522520,1742.16,472
1661522580,1745.17,487
1661522640,1745.07,440
1661522700,1745.38,433
1661522760,1744.86,395
1661522820,1745.64,393
1661522880,1746.96,407
1661522940,1753.48,470
1661523000,1754.20,490
1661523060,1755.56,478
1661523120,1755.38,475
1661523180,1752.56,460
1661523240,1752.94,414
1661523300,1753.58,410
1661523360,1751.82,438
1661523420,1751.19,432
1661523480,1752.16,404
1661523540,1752.38,377
1661523600,1751.20,422
1661523660,1750.78,391
1661523720,1748.30,412
1661523780,1748.60,435
1661523840,1749.50,386
1661523900,1749.06,415
1661523960,1746.94,396
1661524020,1745.55,418
1661524080,1746.76,428
1661524140,1746.12,372
1661524200,1745.52,425
1661524260,1745.30,383
1661524320,1746.09,361
1661524380,1745.76,361
1661524440,1746.48,348
1661524500,1747.03,396
1661524560,1747.00,353
1661524620,1747.02,360
1661524680,1745.46,359
1661524740,1745.40,303
1661524800,1745.62,346
1661524860,1746.38,334
1661524920,1746.34,348
1661524980,1745.59,341
1661525040,1745.30,322
1661525100,1745.34,320
1661525160,1744.65,364
1661525220,1746.20,402
1661525280,1746.08,364
1661525340,1745.62,359
1661525400,1744.42,345
1661525460,1743.98,346
1661525520,1742.82,335
1661525580,1742.54,358
1661525640,1740.86,394
1661525700,1740.30,408
1661525760,1740.69,389
1661525820,1740.74,330
1661525880,1741.46,266
1661525940,1741.64,357
1661526000,1741.52,335
1661526060,1740.72,278
1661526120,1739.68,308
1661526180,1740.44,337
1661526240,1741.22,331
1661526300,1741.00,276
1661526360,1740.30,289
1661526420,1740.18,290
1661526480,1739.72,320
1661526540,1740.48,303
1661526600,1738.50,311
1661526660,1737.85,351
1661526720,1737.94,335
1661526780,1737.24,310
1661526840,1736.74,328
1661526900,1736.71,323
1661526960,1735.75,340
1661527020,1735.08,321
1661527080,1736.61,327
1661527140,1736.20,340
1661527200,1735.18,333
1661527260,1734.45,321
1661527320,1734.41,319
1661527380,1736.20,313
1661527440,1736.32,284
1661527500,1736.16,302
1661527560,1737.09,280
1661527620,1737.09,272
1661527680,1736.46,221
1661527740,1736.88,245
1661527800,1736.01,354
1661527860,1736.75,278
1661527920,1735.83,268
1661527980,1735.34,251
1661528040,1736.49,259
1661528100,1736.47,224
1661528160,1736.84,218
1661528220,1737.50,271
1661528280,1736.96,232
1661528340,1737.04,269
1661528400,1737.76,257
1661528460,1738.19,274
1661528520,1737.48,267
1661528580,1736.36,188
1661528640,1736.75,246
1661528700,1737.77,248
1661528760,1736.15,260
1661528820,1737.08,253
1661528880,1736.55,242
1661528940,1736.72,217
1661529000,1737.36,166
1661529060,1737.45,179
1661529120,1737.48,170
1661529180,1737.76,229
1661529240,1737.46,220
1661529300,1737.79,178
1661529360,1737.28,220
1661529420,1737.20,206
1661529480,1737.06,179
1661529540,1737.16,163
1661529600,1737.05,164
1661529660,1736.23,209
1661529720,1736.15,185
1661529780,1735.82,178
1661529840,1735.04,178
1661529900,1734.64,246
1661529960,1734.76,254
1661530020,1734.40,207
1661530080,1734.97,197
1661530140,1734.75,184
1661530200,1734.84,223
1661530260,1734.80,167
1661530320,1734.98,178
1661530380,1735.36,206
1661530440,1735.54,179
1661530500,1735.32,211
1661530560,1734.74,204
1661530620,1734.99,137
1661530680,1734.76,183
1661530740,1735.12,167
1661530800,1735.52,184
1661530860,1735.60,180
1661530920,1735.80,179
1661530980,1735.95,130
1661531040,1735.82,122
1661531100,1734.96,171
1661531160,1735.24,139
1661531220,1734.94,155
1661531280,1735.14,138
1661531340,1735.23,126
1661531400,1734.68,179
1661531460,1734.57,176
1661531520,1735.38,157
1661531580,1735.29,166
1661531640,1734.88,163
1661531700,1735.05,192
1661531760,1734.82,164
1661531820,1734.99,228
1661531880,1735.64,151
1661531940,1735.33,153
1661532000,1735.24,124
1661532060,1735.28,158
1661532120,1735.38,160
1661532180,1735.16,159
1661532240,1734.58,158
1661532300,1735.15,223
1661532360,1735.48,160
1661532420,1736.54,159
1661532480,1736.78,134
1661532540,1736.64,144
1661532600,1736.25,152
1661532660,1736.33,135
1661532720,1736.00,169
1661532780,1735.82,167
1661532840,1736.01,168
1661532900,1736.04,144
1661532960,1735.71,162
1661533020,1735.90,139
1661533080,1736.12,135
1661533140,1736.04,174
1661533200,1735.74,162
1661533260,1735.85,169
1661533320,1735.36,210
1661533380,1735.84,182
1661533440,1735.84,138
1661533500,1735.74,128
1661533560,1735.64,157
1661533620,1736.13,133
1661533680,1736.11,110
1661533740,1735.96,86
1661533800,1736.25,91
1661533860,1736.15,130
1661533920,1736.04,108
1661533980,1735.91,124
1661534040,1735.96,104
1661534100,1736.51,122
1661534160,1736.23,126
1661534220,1736.52,87
1661534280,1736.51,131
1661534340,1736.06,139
1661534400,1736.04,140
1661534460,1736.34,127
1661534520,1736.63,142
1661534580,1736.51,72
1661534640,1736.92,130
1661534700,1737.04,164
1661534760,1736.86,139
1661534820,1737.03,123
1661534880,1737.76,208
1661534940,1737.60,263
1661535000,1737.49,135
1661535060,1737.68,111
1661535120,1737.92,174
1661535180,1737.92,136
1661535240,1738.21,143
1661535300,1738.45,195
1661535360,1738.05,121
1661535420,1738.11,116
1661535480,1738.20,128
1661535540,1738.22,62
1661535600,1738.21,92
1661535660,1737.91,74
1661535720,1737.94,98
1661535780,1738.06,86
1661535840,1738.38,97
1661535900,1738.08,82
1661535960,1738.04,105
1661536020,1738.74,131
1661536080,1738.68,130
1661536140,1738.74,98
1661536200,1739.00,96
1661536260,1739.05,89
1661536320,1739.00,101
1661536380,1738.96,105
1661536440,1739.06,83
1661536500,1739.04,88
1661536560,1739.05,77
1661536620,1739.10,74
1661536680,1739.06,86
1661536740,1739.06,83
1661536800,1739.55,99
1661536860,1739.42,89
1661536920,1739.10,80
1661536980,1739.31,93
1661537040,1739.44,92
1661537100,1739.41,86
1661537160,1739.01,68
1661537220,1738.78,72
1661537280,1738.50,104
1661537340,1738.50,102
1661537400,1738.54,112
1661537460,1738.67,129
1661537520,1738.32,97
1661537580,1738.17,102
1661537640,1738.16,71
1661537700,1738.08,122
1661537760,1738.08,134
1661537820,1737.54,140
1661537880,1736.99,149
1661537940,1736.88,120
1661538000,1737.23,147
1661538060,1737.48,146
1661538120,1737.32,102
1661538180,1736.96,135
1661538240,1737.02,97
1661538300,1737.18,86
1661538360,1737.36,98
1661538420,1737.56,100
1661538480,1738.09,81
1661538540,1738.16,82
1661538600,1737.86,80
1661538660,1737.96,62
1661538720,1738.08,103
1661538780,1737.78,90
1661538840,1737.89,88
1661538900,1737.95,105
1661538960,1737.92,100
1661539020,1737.74,82
1661539080,1737.74,77
1661539140,1738.10,84
1661539200,1738.38,90
1661539260,1738.36,79
1661539320,1738.42,73
1661539380,1737.98,103
1661539440,1737.90,63
1661539500,1737.92,85
1661539560,1737.82,124
1661539620,1737.98,135
1661539680,1738.00,90
1661539740,1737.82,68
1661539800,1737.64,98
1661539860,1737.65,95
1661539920,1737.87,110
1661539980,1737.76,53
1661540040,1737.65,46
1661540100,1738.06,81
1661540160,1737.86,82
1661540220,1738.10,54
1661540280,1738.02,117
1661540340,1737.68,142
1661540400,1737.58,146
1661540460,1737.49,150
1661540520,1737.38,61
1661540580,1737.56,52
1661540640,1737.52,94
1661540700,1737.00,131
1661540760,1736.92,108
1661540820,1736.56,120
1661540880,1736.84,144
1661540940,1737.06,125
1661541000,1737.06,124
1661541060,1736.58,91
1661541120,1736.59,103
1661541180,1736.69,90
1661541240,1736.62,83
1661541300,1736.64,97
1661541360,1736.60,100
1661541420,1736.73,78
1661541480,1736.59,92
1661541540,1736.36,67
1661541600,1736.30,74
1661541660,1736.26,75
1661541720,1736.10,89
1661541780,1736.50,90
1661541840,1736.56,57
1661541900,1736.68,66
1661541960,1736.91,86
1661542020,1736.81,40
1661542080,1736.70,66
1661542140,1737.00,57
1661542200,1737.08,104
1661542260,1737.20,98
1661542320,1737.32,88
1661542380,1737.42,108
1661542440,1737.41,59
1661542500,1737.50,91
1661542560,1737.29,86
1661542620,1737.12,65
1661542680,1737.65,83
1661542740,1737.80,60
1661542800,1737.79,75
1661542860,1737.98,72
1661542920,1737.98,93
1661542980,1738.18,61
1661543040,1738.06,108
1661543100,1737.68,141
1661543160,1737.52,119
1661543220,1737.42,91
1661543280,1737.52,88
1661543340,1737.60,102
1661543400,1737.50,160
1661543460,1737.73,126
1661543520,1737.60,69
1661543580,1737.33,105
1661543640,1737.68,97
1661543700,1737.87,90
1661543760,1737.68,72
1661543820,1737.34,97
1661543880,1736.74,129
1661543940,1737.00,211
1661544000,1737.51,117
1661544060,1737.38,46
1661544120,1737.46,31
1661544180,1737.44,21
1661544240,1737.41,46
1661544300,1737.73,34
1661544360,1737.61,39
1661544420,1737.55,31
1661544480,1737.52,36
1661544540,1737.51,29
1661544600,1737.47,13
1661544660,1737.58,27
1661544720,1737.84,52
1661544780,1737.80,42
1661544840,1737.57,51
1661544900,1736.86,65
1661544960,1736.89,80
1661545020,1737.07,34
1661545080,1736.92,54
1661545140,1736.81,24
1661545200,1736.84,41
1661545260,1737.08,25
1661545320,1737.08,36
1661545380,1737.33,56
1661545440,1737.67,24
1661545500,1737.67,26
1661545560,1737.70,12
1661545620,1737.89,49
1661545680,1738.02,17
1661545740,1738.02,35
1661545800,1737.91,34
1661545860,1737.91,8
1661545920,1737.90,28
1661545980,1737.86,7
1661546040,1738.06,34
1661546100,1738.38,52
1661546160,1738.49,30
1661546220,1738.55,14
1661546280,1738.38,34
1661546340,1738.44,10
1661546400,1738.32,25
1661546460,1738.27,6
1661546520,1738.42,21
1661546580,1738.59,19
1661546640,1738.57,16
1661546700,1738.57,15
1661546760,1738.65,33
1661546820,1738.66,23
1661546880,1738.66,24
1661546940,1738.70,48
1661547000,1738.20,67
1661547060,1738.54,29
1661547120,1738.68,56
1661547180,1738.46,24
1661547240,1738.34,29
1661547300,1738.54,69
1661547360,1738.08,39
1661724120,1735.68,138
1661724180,1735.69,138
1661724240,1735.46,170
1661724300,1735.43,95
1661724360,1736.91,91
1661724420,1737.06,106
1661724480,1737.74,120
1661724540,1737.71,88
1661724600,1738.12,112
1661724660,1737.74,70
1661724720,1738.12,38
1661724780,1738.20,64
1661724840,1738.00,76
1661724900,1737.37,74
1661724960,1737.20,35
1661725020,1737.29,64
1661725080,1737.19,84
1661725140,1737.22,84
1661725200,1737.19,95
1661725260,1737.56,53
1661725320,1737.17,61
1661725380,1737.38,37
1661725440,1737.32,48
1661725500,1737.34,54
1661725560,1737.68,62
1661725620,1737.41,57
1661725680,1737.20,45
1661725740,1737.19,36
1661725800,1737.44,50
1661725860,1737.30,40
1661725920,1737.10,42
1661725980,1736.99,41
1661726040,1736.34,49
1661726100,1736.69,43
1661726160,1736.36,44
1661726220,1736.49,36
1661726280,1736.12,36
1661726340,1736.34,43
1661726400,1735.94,53
1661726460,1735.50,79
1661726520,1735.86,55
1661726580,1735.96,31
1661726640,1736.04,26
1661726700,1735.61,49
1661726760,1735.40,49
1661726820,1735.00,86
1661726880,1735.00,36
1661726940,1735.62,31
1661727000,1735.71,62
1661727060,1735.80,48
1661727120,1735.62,48
1661727180,1735.46,19
1661727240,1735.42,41
1661727300,1735.62,15
1661727360,1735.62,4
1661727420,1735.56,3
1661727480,1735.52,8
1661727540,1735.94,41
1661727600,1736.35,149
1661727660,1736.05,36
1661727720,1735.76,45
1661727780,1736.04,65
1661727840,1736.14,66
1661727900,1736.08,20
1661727960,1736.01,54
1661728020,1736.01,36
1661728080,1736.22,16
1661728140,1735.97,39
1661728200,1735.98,46
1661728260,1735.75,44
1661728320,1735.85,28
1661728380,1735.27,48
1661728440,1735.54,70
1661728500,1735.79,36
1661728560,1736.15,78
1661728620,1735.63,62
1661728680,1735.34,48
1661728740,1735.31,81
1661728800,1735.20,57
1661728860,1735.03,100
1661728920,1735.25,98
1661728980,1735.10,194
1661729040,1734.88,72
1661729100,1734.88,80
1661729160,1734.92,51
1661729220,1735.48,73
1661729280,1735.48,54
1661729340,1735.42,35
1661729400,1734.94,93
1661729460,1734.84,72
1661729520,1734.45,78
1661729580,1734.89,101
1661729640,1735.12,61
1661729700,1734.90,101
1661729760,1734.54,86
1661729820,1734.65,72
1661729880,1734.22,60
1661729940,1734.22,62
1661730000,1734.45,64
1661730060,1734.27,90
1661730120,1734.87,80
1661730180,1735.13,63
1661730240,1735.28,74
1661730300,1734.92,82
1661730360,1734.83,74
1661730420,1735.00,37
1661730480,1735.04,65
1661730540,1734.92,73
1661730600,1734.72,63
1661730660,1734.95,81
1661730720,1735.01,40
1661730780,1735.17,116
1661730840,1734.68,79
1661730900,1734.97,64
1661730960,1735.06,68
1661731020,1734.66,79
1661731080,1734.86,65
1661731140,1734.84,53
1661731200,1734.85,88
1661731260,1734.54,102
1661731320,1735.32,98
1661731380,1734.82,98
1661731440,1734.70,116
1661731500,1734.60,105
1661731560,1734.69,103
1661731620,1734.51,88
1661731680,1734.48,111
1661731740,1734.66,111
1661731800,1734.76,78
1661731860,1734.71,60
1661731920,1735.13,83
1661731980,1735.33,102
1661732040,1735.03,83
1661732100,1735.33,118
1661732160,1734.90,143
1661732220,1735.28,136
1661732280,1735.08,98
1661732340,1735.20,75
1661732400,1735.90,108
1661732460,1736.00,96
1661732520,1735.62,93
1661732580,1735.48,72
1661732640,1735.23,63
1661732700,1734.63,159
1661732760,1734.77,105
1661732820,1734.18,115
1661732880,1734.30,120
1661732940,1735.37,145
1661733000,1735.86,118
1661733060,1735.86,103
1661733120,1735.24,147
1661733180,1734.88,69
1661733240,1734.84,73
1661733300,1734.80,50
1661733360,1734.81,74
1661733420,1734.73,65
1661733480,1735.02,96
1661733540,1734.86,92
1661733600,1734.37,88
1661733660,1734.54,136
1661733720,1734.76,99
1661733780,1734.50,129
1661733840,1734.28,56
1661733900,1733.90,96
1661733960,1733.66,111
1661734020,1733.70,98
1661734080,1733.77,82
1661734140,1734.14,82
1661734200,1734.16,65
1661734260,1734.10,89
1661734320,1733.96,77
1661734380,1734.06,62
1661734440,1733.94,123
1661734500,1733.82,93
1661734560,1733.96,95
1661734620,1734.18,99
1661734680,1734.44,71
1661734740,1734.55,65
1661734800,1734.35,278
1661734860,1733.81,201
1661734920,1733.26,169
1661734980,1733.40,161
1661735040,1733.01,156
1661735100,1732.76,199
1661735160,1732.40,190
1661735220,1732.48,164
1661735280,1732.05,170
1661735340,1731.55,137
1661735400,1731.74,147
1661735460,1731.50,151
1661735520,1731.09,146
1661735580,1730.94,162
1661735640,1730.33,149
1661735700,1730.25,227
1661735760,1730.64,242
1661735820,1730.52,149
1661735880,1730.59,135
1661735940,1729.87,150
1661736000,1730.22,124
1661736060,1730.24,150
1661736120,1730.02,132
1661736180,1729.88,110
1661736240,1727.28,285
1661736300,1727.84,222
1661736360,1727.26,215
1661736420,1726.96,164
1661736480,1727.10,187
1661736540,1727.29,177
1661736600,1727.57,167
1661736660,1727.88,112
1661736720,1727.31,128
1661736780,1727.28,200
1661736840,1727.02,164
1661736900,1726.72,142
1661736960,1726.48,141
1661737020,1725.82,208
1661737080,1725.88,184
1661737140,1726.62,190
1661737200,1726.50,217
1661737260,1726.19,180
1661737320,1726.84,164
1661737380,1726.89,151
1661737440,1727.14,163
1661737500,1726.85,132
1661737560,1726.76,121
1661737620,1726.30,129
1661737680,1726.51,101
1661737740,1727.02,128
1661737800,1726.76,169
1661737860,1725.76,169
1661737920,1724.70,178
1661737980,1724.70,130
1661738040,1724.22,169
1661738100,1724.30,156
1661738160,1724.64,105
1661738220,1724.28,106
1661738280,1724.10,139
1661738340,1723.84,118
1661738400,1723.84,158
1661738460,1723.82,129
1661738520,1723.78,108
1661738580,1723.50,130
1661738640,1723.78,142
1661738700,1723.88,160
1661738760,1724.20,139
1661738820,1724.42,92
1661738880,1724.96,186
1661738940,1724.73,149
1661739000,1724.32,142
1661739060,1724.34,130
1661739120,1724.52,137
1661739180,1724.81,81
1661739240,1725.06,120
1661739300,1725.04,60
1661739360,1725.58,53
1661739420,1725.95,90
1661739480,1726.16,90
1661739540,1726.02,67
1661739600,1726.01,50
1661739660,1725.98,83
1661739720,1725.84,45
1661739780,1725.92,57
1661739840,1725.98,39
1661739900,1726.04,67
1661739960,1726.60,72
1661740020,1726.88,103
1661740080,1726.92,100
1661740140,1726.82,68
1661740200,1727.22,136
1661740260,1727.16,119
1661740320,1727.30,102
1661740380,1727.32,103
1661740440,1727.76,186
1661740500,1727.70,147
1661740560,1727.70,108
1661740620,1727.90,100
1661740680,1727.90,74
1661740740,1727.42,93
1661740800,1726.96,128
1661740860,1727.32,167
1661740920,1727.36,114
1661740980,1727.06,122
1661741040,1727.38,103
1661741100,1727.18,93
1661741160,1727.19,83
1661741220,1726.92,110
1661741280,1726.93,92
1661741340,1726.60,67
1661741400,1726.91,102
1661741460,1726.78,112
1661741520,1726.78,61
1661741580,1726.68,101
1661741640,1726.96,75
1661741700,1726.97,66
1661741760,1727.18,106
1661741820,1727.04,89
1661741880,1726.82,72
1661741940,1726.66,100
1661742000,1726.80,107
1661742060,1726.52,87
1661742120,1726.36,72
1661742180,1726.05,104
1661742240,1726.46,91
1661742300,1726.46,84
1661742360,1726.30,89
1661742420,1726.31,78
1661742480,1726.64,96
1661742540,1726.69,86
1661742600,1727.06,124
1661742660,1726.94,59
1661742720,1726.89,85
1661742780,1726.71,67
1661742840,1726.50,86
1661742900,1726.83,81
1661742960,1726.72,56
1661743020,1726.60,90
1661743080,1726.66,77
1661743140,1726.64,62
1661743200,1726.84,63
1661743260,1727.11,62
1661743320,1726.92,43
1661743380,1726.94,57
1661743440,1726.78,56
1661743500,1726.78,65
1661743560,1726.74,71
1661743620,1726.89,72
1661743680,1726.72,92
1661743740,1726.62,90
1661743800,1726.91,75
1661743860,1726.60,65
1661743920,1726.56,65
1661743980,1726.74,53
1661744040,1726.58,55
1661744100,1726.70,38
1661744160,1726.72,81
1661744220,1726.74,75
1661744280,1726.66,60
1661744340,1726.24,62
1661744400,1726.19,76
1661744460,1726.02,42
1661744520,1725.93,63
1661744580,1726.06,45
1661744640,1726.48,62
1661744700,1726.74,53
1661744760,1726.62,59
1661744820,1726.45,57
1661744880,1725.94,85
1661744940,1725.54,74
1661745000,1724.65,127
1661745060,1724.46,166
1661745120,1724.32,95
1661745180,1724.40,83
1661745240,1724.48,55
1661745300,1724.87,61
1661745360,1724.78,56
1661745420,1724.70,68
1661745480,1724.84,59
1661745540,1724.60,41
1661745600,1725.16,103
1661745660,1724.99,60
1661745720,1725.16,90
1661745780,1724.84,59
1661745840,1725.10,46
1661745900,1724.84,73
1661745960,1724.84,66
1661746020,1724.94,59
1661746080,1724.76,69
1661746140,1724.72,63
1661746200,1724.48,53
1661746260,1724.74,60
1661746320,1724.56,44
1661746380,1724.36,49
1661746440,1724.18,53
1661746500,1724.33,53
1661746560,1724.47,48
1661746620,1724.24,53
1661746680,1723.61,118
1661746740,1723.53,89
1661746800,1723.56,54
1661746860,1723.86,89
1661746920,1723.85,69
1661746980,1723.68,79
1661747040,1723.84,74
1661747100,1723.66,64
1661747160,1723.51,75
1661747220,1723.56,65
1661747280,1723.70,71
1661747340,1723.49,52
1661747400,1723.06,95
1661747460,1723.06,73
1661747520,1723.08,78
1661747580,1723.08,53
1661747640,1723.14,44
1661747700,1723.16,43
1661747760,1722.87,171
1661747820,1722.58,176
1661747880,1722.36,108
1661747940,1722.51,85
1661748000,1722.34,116
1661748060,1722.00,72
1661748120,1722.02,79
1661748180,1722.26,102
1661748240,1722.07,58
1661748300,1721.28,126
1661748360,1721.56,94
1661748420,1721.58,84
1661748480,1722.07,91
1661748540,1722.16,77
1661748600,1721.68,122
1661748660,1721.89,89
1661748720,1722.17,87
1661748780,1722.22,72
1661748840,1722.30,107
1661748900,1722.36,85
1661748960,1722.36,98
1661749020,1722.26,73
1661749080,1722.68,112
1661749140,1722.90,95
1661749200,1723.24,164
1661749260,1723.20,115
1661749320,1723.47,164
1661749380,1723.42,98
1661749440,1723.48,76
1661749500,1723.18,101
1661749560,1723.26,71
1661749620,1722.72,105
1661749680,1722.06,98
1661749740,1721.95,125
1661749800,1722.38,143
1661749860,1722.72,120
1661749920,1722.62,81
1661749980,1722.38,111
1661750040,1722.54,102
1661750100,1722.45,80
1661750160,1722.33,76
1661750220,1722.58,117
1661750280,1722.07,99
1661750340,1722.04,77
1661750400,1722.12,76
1661750460,1722.46,70
1661750520,1722.68,55
1661750580,1722.90,75
1661750640,1723.02,63
1661750700,1723.40,79
1661750760,1723.30,46
1661750820,1723.18,39
1661750880,1723.30,86
1661750940,1723.00,81
1661751000,1723.36,206
1661751060,1723.60,152
1661751120,1723.55,153
1661751180,1723.56,158
1661751240,1723.44,93
1661751300,1723.66,117
1661751360,1723.96,116
1661751420,1723.76,99
1661751480,1723.90,79
1661751540,1724.18,104
1661751600,1724.04,128
1661751660,1724.28,122
1661751720,1724.10,103
1661751780,1723.96,84
1661751840,1723.90,99
1661751900,1724.06,107
1661751960,1724.30,116
1661752020,1724.96,139
1661752080,1725.05,87
1661752140,1725.10,48
1661752200,1725.43,137
1661752260,1725.12,110
1661752320,1724.64,105
1661752380,1724.03,149
1661752440,1723.56,107
1661752500,1723.57,173
1661752560,1723.12,117
1661752620,1723.68,139
1661752680,1723.80,140
1661752740,1723.62,154
1661752800,1723.14,197
1661752860,1723.45,181
1661752920,1723.26,112
1661752980,1723.32,183
1661753040,1722.82,157
1661753100,1723.27,157
1661753160,1722.96,130
1661753220,1723.05,146
1661753280,1723.02,135
1661753340,1722.90,149
1661753400,1723.40,191
1661753460,1723.68,113
1661753520,1723.58,162
1661753580,1723.38,120
1661753640,1722.93,165
1661753700,1722.84,155
1661753760,1722.60,117
1661753820,1722.42,143
1661753880,1722.56,133
1661753940,1723.14,152
1661754000,1722.98,166
1661754060,1723.16,118
1661754120,1722.96,137
1661754180,1722.92,122
1661754240,1723.34,130
1661754300,1723.44,120
1661754360,1723.44,111
1661754420,1723.04,130
1661754480,1722.96,121
1661754540,1723.22,168
1661754600,1723.80,121
1661754660,1723.52,135
1661754720,1723.40,104
1661754780,1723.41,118
1661754840,1723.75,114
1661754900,1723.95,87
1661754960,1724.34,129
1661755020,1724.67,158
1661755080,1724.64,133
1661755140,1724.63,115
1661755200,1724.75,74
1661755260,1724.65,120
1661755320,1724.77,78
1661755380,1724.70,80
1661755440,1724.96,129
1661755500,1724.48,166
1661755560,1725.76,202
1661755620,1725.72,174
1661755680,1725.30,191
1661755740,1724.34,124
1661755800,1724.67,158
1661755860,1724.72,112
1661755920,1724.42,94
1661755980,1723.93,145
1661756040,1724.23,107
1661756100,1724.58,117
1661756160,1724.40,127
1661756220,1724.16,102
1661756280,1724.36,90
1661756340,1724.20,143
1661756400,1723.35,241
1661756460,1723.21,209
1661756520,1723.28,159
1661756580,1724.20,172
1661756640,1724.46,172
1661756700,1724.48,156
1661756760,1723.99,148
1661756820,1723.84,157
1661756880,1723.80,144
1661756940,1723.54,148
1661757000,1724.06,158
1661757060,1723.32,146
1661757120,1723.33,126
1661757180,1722.88,162
1661757240,1722.84,147
1661757300,1722.54,162
1661757360,1722.14,222
1661757420,1721.82,139
1661757480,1721.57,136
1661757540,1721.62,195
1661757600,1722.72,225
1661757660,1723.27,209
1661757720,1723.18,187
1661757780,1722.60,160
1661757840,1723.21,167
1661757900,1722.74,169
1661757960,1722.46,132
1661758020,1722.59,105
1661758080,1722.16,113
1661758140,1721.98,144
1661758200,1721.94,176
1661758260,1722.20,192
1661758320,1722.59,166
1661758380,1722.18,119
1661758440,1721.30,177
1661758500,1721.64,142
1661758560,1721.62,129
1661758620,1721.38,155
1661758680,1721.17,175
1661758740,1721.72,175
1661758800,1721.44,181
1661758860,1721.91,148
1661758920,1722.02,167
1661758980,1721.52,178
1661759040,1720.68,222
1661759100,1720.88,177
1661759160,1720.87,126
1661759220,1721.56,151
1661759280,1720.97,185
1661759340,1721.07,158
1661759400,1721.00,152
1661759460,1721.18,106
1661759520,1721.24,139
1661759580,1721.42,158
1661759640,1721.36,121
1661759700,1721.56,132
1661759760,1721.86,99
1661759820,1721.72,138
1661759880,1721.51,118
1661759940,1721.62,132
1661760000,1721.93,142
1661760060,1723.21,198
1661760120,1722.97,165
1661760180,1722.94,92
1661760240,1721.70,197
1661760300,1721.26,196
1661760360,1721.28,179
1661760420,1721.88,178
1661760480,1721.12,153
1661760540,1721.22,111
1661760600,1720.78,139
1661760660,1720.65,154
1661760720,1721.31,121
1661760780,1720.94,116
1661760840,1720.76,108
1661760900,1720.69,132
1661760960,1720.76,122
1661761020,1721.34,167
1661761080,1721.35,110
1661761140,1722.07,160
1661761200,1722.16,105
1661761260,1721.27,219
1661761320,1721.08,124
1661761380,1721.36,121
1661761440,1721.72,168
1661761500,1722.43,151
1661761560,1722.51,133
1661761620,1722.24,160
1661761680,1722.44,138
1661761740,1722.10,103
1661761800,1722.04,148
1661761860,1721.86,85
1661761920,1721.54,124
1661761980,1721.44,132
1661762040,1721.85,154
1661762100,1721.65,97
1661762160,1722.02,129
1661762220,1722.10,132
1661762280,1721.99,94
1661762340,1721.62,85
1661762400,1721.78,96
1661762460,1721.74,95
1661762520,1721.74,120
1661762580,1721.62,120
1661762640,1721.70,77
1661762700,1721.93,102
1661762760,1722.26,106
1661762820,1722.16,125
1661762880,1722.24,125
1661762940,1722.48,99
1661763000,1722.40,92
1661763060,1722.18,165
1661763120,1722.07,109
1661763180,1722.18,130
1661763240,1722.20,78
1661763300,1722.16,95
1661763360,1722.31,121
1661763420,1722.14,90
1661763480,1722.30,101
1661763540,1722.24,52
1661763600,1722.44,125
1661763660,1722.22,99
1661763720,1722.50,110
1661763780,1722.36,95
1661763840,1722.17,74
1661763900,1722.21,70
1661763960,1722.42,76
1661764020,1722.38,53
1661764080,1722.44,58
1661764140,1722.29,86
1661764200,1723.18,99
1661764260,1722.87,131
1661764320,1723.23,99
1661764380,1723.48,133
1661764440,1724.09,164
1661764500,1724.40,155
1661764560,1724.24,118
1661764620,1723.94,130
1661764680,1723.20,147
1661764740,1723.24,95
1661764800,1723.72,112
1661764860,1723.60,138
1661764920,1723.56,70
1661764980,1723.97,106
1661765040,1724.22,94
1661765100,1723.85,138
1661765160,1723.85,119
1661765220,1723.68,76
1661765280,1723.15,117
1661765340,1722.70,111
1661765400,1723.01,80
1661765460,1723.11,86
1661765520,1723.07,69
1661765580,1722.75,74
1661765640,1722.92,93
1661765700,1722.85,71
1661765760,1722.65,116
1661765820,1722.68,100
1661765880,1722.63,102
1661765940,1722.46,90
1661766000,1722.38,85
1661766060,1721.93,106
1661766120,1721.98,77
1661766180,1721.90,93
1661766240,1722.12,113
1661766300,1721.96,88
1661766360,1721.64,75
1661766420,1721.94,82
1661766480,1721.88,81
1661766540,1721.80,97
1661766600,1722.01,77
1661766660,1722.22,77
1661766720,1722.10,88
1661766780,1722.41,50
1661766840,1722.60,76
1661766900,1722.74,101
1661766960,1723.18,119
1661767020,1723.55,130
1661767080,1723.28,154
1661767140,1723.31,116
1661767200,1723.15,148
1661767260,1723.03,150
1661767320,1722.56,127
1661767380,1722.56,123
1661767440,1722.46,86
1661767500,1722.32,94
1661767560,1722.85,112
1661767620,1722.56,78
1661767680,1722.49,78
1661767740,1722.45,117
1661767800,1722.18,102
1661767860,1722.43,120
1661767920,1722.58,105
1661767980,1722.44,96
1661768040,1722.54,107
1661768100,1722.59,123
1661768160,1723.06,94
1661768220,1723.47,109
1661768280,1723.43,81
1661768340,1723.72,127
1661768400,1723.97,95
1661768460,1724.94,172
1661768520,1724.64,173
1661768580,1724.66,129
1661768640,1725.22,125
1661768700,1726.03,176
1661768760,1726.10,172
1661768820,1726.68,165
1661768880,1726.42,175
1661768940,1726.53,113
1661769000,1726.34,173
1661769060,1726.14,161
1661769120,1726.38,107
1661769180,1726.64,178
1661769240,1726.70,100
1661769300,1726.92,96
1661769360,1726.11,144
1661769420,1725.44,153
1661769480,1725.02,155
1661769540,1725.70,176
1661769600,1726.32,184
1661769660,1726.15,101
1661769720,1726.72,119
1661769780,1726.80,121
1661769840,1727.16,131
1661769900,1727.22,121
1661769960,1727.46,127
1661770020,1727.64,124
1661770080,1728.84,243
1661770140,1728.77,151
1661770200,1729.42,190
1661770260,1729.46,187
1661770320,1728.72,173
1661770380,1728.31,139
1661770440,1729.07,132
1661770500,1729.08,134
1661770560,1729.04,143
1661770620,1728.96,158
1661770680,1728.91,99
1661770740,1728.80,122
1661770800,1729.01,145
1661770860,1729.36,139
1661770920,1728.96,106
1661770980,1728.94,84
1661771040,1728.70,135
1661771100,1727.48,158
1661771160,1727.68,132
1661771220,1727.60,138
1661771280,1727.66,203
1661771340,1727.98,130
1661771400,1728.18,138
1661771460,1728.20,123
1661771520,1728.36,123
1661771580,1728.20,136
1661771640,1728.08,99
1661771700,1728.30,140
1661771760,1728.92,148
1661771820,1729.04,124
1661771880,1729.36,113
1661771940,1729.18,124
1661772000,1728.98,124
1661772060,1728.70,128
1661772120,1728.48,110
1661772180,1728.22,131
1661772240,1727.63,120
1661772300,1727.77,103
1661772360,1727.75,113
1661772420,1727.80,130
1661772480,1727.56,110
1661772540,1727.32,117
1661772600,1727.45,143
1661772660,1728.06,132
1661772720,1727.70,111
1661772780,1727.53,133
1661772840,1727.28,114
1661772900,1727.72,140
1661772960,1727.74,119
1661773020,1727.14,111
1661773080,1726.90,135
1661773140,1727.40,151
1661773200,1727.12,132
1661773260,1727.02,132
1661773320,1727.64,133
1661773380,1727.26,120
1661773440,1726.35,161
1661773500,1726.52,112
1661773560,1726.00,137
1661773620,1725.80,104
1661773680,1726.05,160
1661773740,1725.58,105
1661773800,1726.06,148
1661773860,1725.96,144
1661773920,1726.17,143
1661773980,1726.00,152
1661774040,1726.34,210
1661774100,1726.85,201
1661774160,1726.88,197
1661774220,1726.95,119
1661774280,1727.41,152
1661774340,1727.74,152
1661774400,1727.18,206
1661774460,1727.69,218
1661774520,1727.86,167
1661774580,1727.98,179
1661774640,1727.84,127
1661774700,1727.44,138
1661774760,1726.99,102
1661774820,1726.68,158
1661774880,1725.94,186
1661774940,1726.23,157
1661775000,1725.86,219
1661775060,1726.36,186
1661775120,1726.90,177
1661775180,1726.84,108
1661775240,1727.13,160
1661775300,1727.54,166
1661775360,1727.88,204
1661775420,1727.44,155
1661775480,1727.32,147
1661775540,1727.22,172
1661775600,1728.98,280
1661775660,1728.58,259
1661775720,1729.48,210
1661775780,1730.28,268
1661775840,1731.22,276
1661775900,1730.22,388
1661775960,1730.60,323
1661776020,1730.71,254
1661776080,1730.41,289
1661776140,1731.00,330
1661776200,1732.74,373
1661776260,1732.48,311
1661776320,1732.78,288
1661776380,1732.18,325
1661776440,1731.88,373
1661776500,1732.24,269
1661776560,1732.26,229
1661776620,1731.76,250
1661776680,1731.40,281
1661776740,1731.58,211
1661776800,1732.34,300
1661776860,1732.80,330
1661776920,1733.06,276
1661776980,1732.96,214
1661777040,1732.55,174
1661777100,1733.52,238
1661777160,1733.20,211
1661777220,1734.12,224
1661777280,1733.94,184
1661777340,1734.88,308
1661777400,1735.06,256
1661777460,1735.04,193
1661777520,1736.24,241
1661777580,1736.06,260
1661777640,1735.56,225
1661777700,1735.88,258
1661777760,1736.48,223
1661777820,1736.64,236
1661777880,1736.41,228
1661777940,1736.24,236
1661778000,1736.09,319
1661778060,1735.88,246
1661778120,1735.92,253
1661778180,1735.41,290
1661778240,1735.79,254
1661778300,1736.40,247
1661778360,1737.40,313
1661778420,1736.73,254
1661778480,1737.13,253
1661778540,1739.33,339
1661778600,1738.96,332
1661778660,1738.66,285
1661778720,1738.54,273
1661778780,1737.89,331
1661778840,1737.88,333
1661778900,1738.24,301
1661778960,1738.58,273
1661779020,1738.45,239
1661779080,1738.56,207
1661779140,1738.40,228
1661779200,1738.53,204
1661779260,1739.35,222
1661779320,1739.78,248
1661779380,1739.36,237
1661779440,1738.56,237
1661779500,1738.70,207
1661779560,1738.48,216
1661779620,1737.96,270
1661779680,1737.60,201
1661779740,1737.86,190
1661779800,1737.25,306
1661779860,1737.20,311
1661779920,1738.97,321
1661779980,1739.30,284
1661780040,1739.12,338
1661780100,1739.30,301
1661780160,1738.34,305
1661780220,1737.96,286
1661780280,1738.47,303
1661780340,1739.50,289
1661780400,1738.42,292
1661780460,1739.34,242
1661780520,1739.40,219
1661780580,1739.53,253
1661780640,1739.94,251
1661780700,1739.12,309
1661780760,1739.32,229
1661780820,1739.86,239
1661780880,1740.70,283
1661780940,1741.62,262
1661781000,1741.34,337
1661781060,1741.40,329
1661781120,1740.77,303
1661781180,1740.86,236
1661781240,1740.83,249
1661781300,1741.64,310
1661781360,1741.50,273
1661781420,1740.90,255
1661781480,1740.93,236
1661781540,1740.64,221
1661781600,1741.77,308
1661781660,1742.14,258
1661781720,1741.92,252
1661781780,1741.88,250
1661781840,1741.82,207
1661781900,1742.52,264
1661781960,1742.90,282
1661782020,1743.15,277
1661782080,1743.24,228
1661782140,1743.19,235
1661782200,1743.68,258
1661782260,1744.10,264
1661782320,1744.56,298
1661782380,1744.17,240
1661782440,1744.37,191
1661782500,1744.75,223
1661782560,1745.00,303
1661782620,1744.78,240
1661782680,1744.36,197
1661782740,1744.40,231
1661782800,1743.92,281
1661782860,1743.12,249
1661782920,1742.65,241
1661782980,1742.32,252
1661783040,1742.20,226
1661783100,1742.24,198
1661783160,1741.90,189
1661783220,1741.53,174
1661783280,1740.65,260
1661783340,1740.99,234
1661783400,1740.80,275
1661783460,1740.96,164
1661783520,1740.89,172
1661783580,1740.34,229
1661783640,1740.20,240
1661783700,1739.68,251
1661783760,1739.36,220
1661783820,1739.15,213
1661783880,1739.34,238
1661783940,1738.69,257
1661784000,1739.46,271
1661784060,1739.03,203
1661784120,1738.96,203
1661784180,1739.16,251
1661784240,1739.06,197
1661784300,1738.60,184
1661784360,1738.28,206
1661784420,1738.61,203
1661784480,1738.46,173
1661784540,1738.32,205
1661784600,1738.29,202
1661784660,1738.48,237
1661784720,1738.34,207
1661784780,1738.43,193
1661784840,1738.57,188
1661784900,1737.94,214
1661784960,1737.92,223
1661785020,1738.17,203
1661785080,1738.00,225
1661785140,1738.15,173
1661785200,1738.14,216
1661785260,1739.11,186
1661785320,1739.72,251
1661785380,1740.45,281
1661785440,1740.37,230
1661785500,1740.68,174
1661785560,1740.96,198
1661785620,1740.60,206
1661785680,1740.11,180
1661785740,1740.16,184
1661785800,1739.82,202
1661785860,1740.32,184
1661785920,1740.15,210
1661785980,1740.31,151
1661786040,1740.62,151
1661786100,1740.35,152
1661786160,1740.50,178
1661786220,1740.84,212
1661786280,1740.12,178
1661786340,1740.64,153
1661786400,1740.24,153
1661786460,1740.70,182
1661786520,1740.56,134
1661786580,1740.68,192
1661786640,1740.40,165
1661786700,1740.50,179
1661786760,1740.23,145
1661786820,1740.06,106
1661786880,1740.20,153
1661786940,1739.66,157
1661787000,1740.57,165
1661787060,1740.96,122
1661787120,1740.91,166
1661787180,1740.96,154
1661787240,1740.54,184
1661787300,1740.89,186
1661787360,1740.63,180
1661787420,1741.06,168
1661787480,1740.56,183
1661787540,1740.70,124
1661787600,1740.72,161
1661787660,1740.50,158
1661787720,1740.50,176
1661787780,1739.54,196
1661787840,1738.96,216
1661787900,1739.71,154
1661787960,1739.52,157
1661788020,1739.36,137
1661788080,1739.78,187
1661788140,1740.46,185
1661788200,1740.86,208
1661788260,1740.89,110
1661788320,1740.32,130
1661788380,1739.92,140
1661788440,1740.22,131
1661788500,1740.40,147
1661788560,1740.64,118
1661788620,1740.24,120
1661788680,1740.60,99
1661788740,1740.51,89
1661788800,1739.92,193
1661788860,1740.14,172
1661788920,1740.34,156
1661788980,1740.24,141
1661789040,1740.45,97
1661789100,1740.23,163
1661789160,1740.00,159
1661789220,1740.02,133
1661789280,1739.92,150
1661789340,1739.90,132
1661789400,1740.03,178
1661789460,1739.84,161
1661789520,1739.62,153
1661789580,1739.87,135
1661789640,1739.74,108
1661789700,1740.20,141
1661789760,1740.14,157
1661789820,1740.23,114
1661789880,1740.34,102
1661789940,1740.18,108
1661790000,1740.07,155
1661790060,1739.90,156
1661790120,1739.65,118
1661790180,1739.30,95
1661790240,1738.82,151
1661790300,1738.94,125
1661790360,1738.73,117
1661790420,1738.69,102
1661790480,1738.54,113
1661790540,1738.40,120
1661790600,1738.43,115
1661790660,1738.08,115
1661790720,1738.38,111
1661790780,1738.10,121
1661790840,1738.05,142
1661790900,1737.96,136
1661790960,1737.52,134
1661791020,1737.55,99
1661791080,1737.64,129
1661791140,1737.48,103
1661791200,1737.84,108
1661791260,1737.89,98
1661791320,1738.04,101
1661791380,1738.12,82
1661791440,1738.16,122
1661791500,1737.99,107
1661791560,1737.98,96
1661791620,1738.38,74
1661791680,1738.44,100
1661791740,1738.22,148
1661791800,1738.26,125
1661791860,1738.18,96
1661791920,1737.98,119
1661791980,1738.06,98
1661792040,1738.18,102
1661792100,1738.16,83
1661792160,1737.90,90
1661792220,1738.04,130
1661792280,1738.09,103
1661792340,1738.11,101
1661792400,1738.57,163
1661792460,1738.73,131
1661792520,1738.58,116
1661792580,1738.42,89
1661792640,1738.46,105
1661792700,1738.50,116
1661792760,1738.48,113
1661792820,1738.25,83
1661792880,1738.24,71
1661792940,1738.26,117
1661793000,1738.52,87
1661793060,1738.24,87
1661793120,1738.22,85
1661793180,1737.72,92
1661793240,1738.07,114
1661793300,1738.11,86
1661793360,1737.95,117
1661793420,1737.80,101
1661793480,1737.68,88
1661793540,1737.65,79
1661793600,1737.79,75
1661793660,1737.64,94
1661793720,1737.86,72
1661793780,1737.64,116
1661793840,1737.82,104
1661793900,1738.19,149
1661793960,1738.35,92
1661794020,1738.50,87
1661794080,1737.67,108
1661794140,1737.02,174
1661794200,1737.05,167
1661794260,1737.13,76
1661794320,1737.69,88
1661794380,1737.86,119
1661794440,1737.83,62
1661794500,1737.74,52
1661794560,1737.58,79
1661794620,1737.64,76
1661794680,1737.44,105
1661794740,1737.32,74
1661794800,1737.24,97
1661794860,1737.22,110
1661794920,1737.20,62
1661794980,1737.35,73
1661795040,1737.64,106
1661795100,1738.03,120
1661795160,1737.94,143
1661795220,1737.88,92
1661795280,1738.14,106
1661795340,1737.78,117
1661795400,1738.14,129
1661795460,1738.12,92
1661795520,1737.98,86
1661795580,1737.98,84
1661795640,1738.01,93
1661795700,1738.29,73
1661795760,1738.10,130
1661795820,1738.14,93
1661795880,1738.18,75
1661795940,1738.23,77
1661796000,1739.29,153
1661796060,1739.24,104
1661796120,1739.36,90
1661796180,1739.58,89
1661796240,1739.36,128
1661796300,1739.18,88
1661796360,1739.20,77
1661796420,1739.19,57
1661796480,1739.24,95
1661796540,1739.07,96
1661796600,1738.96,93
1661796660,1738.99,121
1661796720,1738.68,122
1661796780,1738.61,93
1661796840,1738.56,59
1661796900,1738.25,166
1661796960,1738.10,112
1661797020,1738.12,123
1661797080,1738.02,114
1661797140,1738.00,84
1661797200,1738.08,101
1661797260,1738.08,94
1661797320,1737.98,80
1661797380,1738.12,85
1661797440,1737.88,87
1661797500,1737.92,75
1661797560,1737.88,85
1661797620,1737.88,68
1661797680,1737.72,104
1661797740,1737.82,89
1661797800,1737.94,65
1661797860,1737.73,51
1661797920,1738.06,93
1661797980,1738.12,121
1661798040,1738.34,59
1661798100,1738.28,84
1661798160,1738.53,72
1661798220,1738.46,86
1661798280,1738.83,120
1661798340,1738.69,66
1661798400,1738.62,59
1661798460,1738.82,64
1661798520,1738.89,51
1661798580,1738.85,76
1661798640,1738.84,67
1661798700,1738.38,93
1661798760,1738.38,62
1661798820,1738.37,79
1661798880,1738.24,58
1661798940,1737.98,71
1661799000,1738.04,47
1661799060,1737.84,70
1661799120,1737.79,54
1661799180,1737.59,64
1661799240,1737.46,67
1661799300,1737.42,78
1661799360,1737.10,101
1661799420,1737.19,135
1661799480,1736.92,108
1661799540,1737.04,136
1661799600,1736.90,120
1661799660,1736.94,107
1661799720,1737.32,89
1661799780,1737.11,73
1661799840,1737.18,98
1661799900,1737.35,92
1661799960,1736.90,59
1661800020,1737.07,61
1661800080,1737.18,64
1661800140,1737.16,89
1661800200,1736.95,111
1661800260,1736.74,55
1661800320,1736.76,72
1661800380,1736.56,98
1661800440,1736.44,113
1661800500,1736.36,89
1661800560,1736.73,102
1661800620,1736.56,71
1661800680,1736.38,73
1661800740,1736.10,93
1661800800,1736.62,130
1661800860,1736.49,102
1661800920,1736.46,58
1661800980,1736.55,95
1661801040,1736.59,58
1661801100,1736.34,64
1661801160,1736.42,106
1661801220,1736.24,53
1661801280,1736.54,55
1661801340,1736.42,56
1661801400,1736.76,93
1661801460,1736.90,60
1661801520,1736.79,72
1661801580,1737.04,65
1661801640,1736.83,63
1661801700,1736.50,69
1661801760,1736.30,66
1661801820,1736.40,108
1661801880,1736.50,103
1661801940,1736.57,99
1661802000,1736.31,107
1661802060,1736.54,104
1661802120,1736.52,99
1661802180,1736.46,97
1661802240,1736.50,70
1661802300,1736.38,77
1661802360,1736.13,87
1661802420,1736.04,39
1661802480,1736.39,69
1661802540,1736.60,91
1661802600,1736.40,102
1661802660,1736.73,93
1661802720,1736.92,120
1661802780,1736.85,65
1661802840,1737.04,78
1661802900,1737.16,101
1661802960,1737.51,106
1661803020,1737.79,85
1661803080,1737.67,87
1661803140,1737.82,147
1661803200,1737.64,73
1661803260,1737.42,66
1661803320,1737.42,28
1661803380,1737.24,36
1661803440,1737.54,59
1661803500,1737.53,48
1661803560,1737.56,22
1661803620,1737.62,37
1661803680,1737.59,32
1661803740,1737.49,16
1661803800,1737.56,31
1661803860,1737.51,47
1661803920,1737.51,28
1661803980,1737.54,17
1661804040,1737.59,25
1661804100,1737.52,24
1661804160,1737.50,19
1661804220,1737.55,12
1661804280,1737.57,8
1661804340,1737.67,46
1661804400,1737.80,26
1661804460,1737.80,17
1661804520,1737.84,31
1661804580,1737.62,47
1661804640,1737.58,26
1661804700,1737.56,18
1661804760,1737.56,39
1661804820,1737.57,31
1661804880,1737.72,38
1661804940,1737.70,39
1661805000,1737.65,42
1661805060,1737.62,21
1661805180,1737.62,6
1661805240,1737.60,6
1661805300,1737.79,46
1661805360,1737.87,39
1661805420,1737.92,35
1661805480,1737.84,41
1661805540,1737.84,6
1661805600,1737.36,38
1661805660,1737.21,25
1661805720,1737.17,27
1661805780,1737.16,46
1661805840,1737.06,10
1661805900,1737.32,47
1661805960,1737.40,34
1661806020,1737.40,26
1661806080,1737.37,41
1661806140,1737.38,40
1661806200,1737.43,27
1661806260,1737.59,38
1661806320,1737.78,24
1661806380,1737.66,16
1661806440,1737.82,36
1661806500,1737.84,42
1661806560,1737.66,35
1661810520,1738.03,57
1661810580,1737.83,32
1661810640,1737.87,27
1661810700,1737.86,75
1661810760,1737.46,37
1661810820,1737.38,18
1661810880,1737.51,30
1661810940,1737.72,13
1661811000,1737.78,45
1661811060,1737.44,63
1661811120,1737.50,21
1661811180,1737.46,28
1661811240,1737.56,27
1661811300,1737.38,64
1661811360,1737.09,43
1661811420,1737.00,16
1661811480,1737.20,27
1661811540,1737.31,16
1661811600,1737.50,15
1661811660,1737.48,1
1661811720,1737.39,9
1661811780,1737.19,15
1661811840,1737.18,4
1661811900,1737.19,10
1661811960,1737.19,19
1661812020,1737.10,9
1661812080,1737.09,5
1661812140,1737.39,18
1661812200,1737.30,29
1661812260,1737.21,44
1661812320,1737.40,28
1661812380,1737.48,14
1661812440,1737.49,26
1661812500,1737.49,19
1661812560,1737.59,20
1661812620,1737.78,20
1661812680,1737.88,12
1661812740,1737.78,7
1661812800,1737.88,41
1661812860,1737.88,29
1661812920,1737.95,24
1661812980,1738.03,23
1661813040,1738.07,28
1661813100,1738.13,31
1661813160,1737.94,18
1661813220,1737.64,43
1661813280,1737.91,29
1661813340,1737.78,25
1661813400,1737.66,13
1661813460,1737.60,9
1661813520,1737.60,15
1661813580,1737.52,17
1661813640,1737.60,10
1661813700,1737.54,19
1661813760,1737.58,25
1661813820,1737.55,28
1661813880,1737.63,23
1661813940,1737.58,18
1661814000,1736.55,76
1661814060,1736.65,23
1661814120,1736.78,61
1661814180,1736.71,39
1661814240,1736.59,31
1661814300,1736.65,48
1661814360,1736.81,14
1661814420,1736.88,29
1661814480,1736.71,12
1661814540,1736.80,4
1661814600,1737.18,24
1661814660,1737.22,18
1661814720,1737.39,38
1661814780,1737.10,36
1661814840,1736.91,24
1661814900,1736.83,25
1661814960,1736.99,11
1661815020,1736.92,10
1661815080,1736.92,28
1661815140,1736.63,31
1661815200,1736.65,32
1661815260,1736.70,12
1661815320,1737.12,23
1661815380,1737.16,21
1661815440,1737.06,36
1661815500,1737.02,18
1661815560,1737.30,23
1661815620,1737.19,23
1661815680,1737.21,6
1661815740,1737.23,2
1661815800,1737.57,29
1661815860,1737.42,14
1661815920,1737.53,40
1661815980,1737.36,46
1661816040,1737.51,26
1661816100,1737.61,26
1661816160,1737.61,20
1661816220,1737.54,18
1661816280,1737.32,33
1661816340,1737.56,57
1661816400,1737.84,25
1661816460,1737.84,34
1661816520,1738.04,41
1661816580,1738.12,42
1661816640,1738.37,52
1661816700,1738.62,77
1661816760,1738.40,104
1661816820,1738.22,37
1661816880,1738.33,45
1661816940,1738.53,48
1661817000,1738.83,58
1661817060,1738.82,48
1661817120,1738.87,69
1661817180,1739.15,62
1661817240,1739.65,82
1661817300,1739.52,70
1661817360,1739.60,63
1661817420,1739.47,45
1661817480,1739.69,74
1661817540,1739.49,49
1661817600,1739.88,110
1661817660,1739.98,72
1661817720,1739.78,56
1661817780,1739.68,35
1661817840,1739.69,31
1661817900,1740.08,49
1661817960,1740.29,49
1661818020,1740.42,60
1661818080,1740.24,52
1661818140,1739.94,73
1661818200,1739.98,47
1661818260,1740.10,43
1661818320,1739.81,57
1661818380,1739.57,93
1661818440,1739.52,61
1661818500,1740.11,80
1661818560,1739.93,98
1661818620,1740.21,71
1661818680,1740.03,62
1661818740,1740.01,73
1661818800,1739.80,98
1661818860,1739.89,41
1661818920,1739.60,75
1661818980,1739.60,42
1661819040,1739.59,71
1661819100,1739.30,56
1661819160,1739.30,29
1661819220,1739.39,68
1661819280,1739.37,46
1661819340,1739.49,44
1661819400,1739.78,60
1661819460,1739.49,43
1661819520,1739.39,18
1661819580,1739.31,61
1661819640,1739.27,46
1661819700,1739.18,73
1661819760,1739.08,42
1661819820,1738.88,53
1661819880,1738.57,33
1661819940,1738.49,74
1661820000,1738.59,61
1661820060,1738.68,22
1661820120,1738.68,22
1661820180,1738.38,69
1661820240,1738.29,43
1661820300,1738.58,44
1661820360,1738.97,59
1661820420,1738.97,63
1661820480,1739.13,60
1661820540,1739.04,68
1661820600,1739.41,72
1661820660,1739.63,76
1661820720,1739.35,79
1661820780,1739.23,58
1661820840,1739.25,74
1661820900,1739.18,63
1661820960,1739.23,59
1661821020,1739.38,45
1661821080,1739.63,67
1661821140,1739.47,60
1661821200,1739.56,182
1661821260,1739.49,80
1661821320,1739.08,96
1661821380,1738.78,94
1661821440,1738.88,53
1661821500,1739.09,87
1661821560,1739.27,75
1661821620,1739.49,69
1661821680,1739.91,64
1661821740,1740.13,102
1661821800,1739.80,100
1661821860,1739.76,62
1661821920,1739.46,44
1661821980,1739.12,58
1661822040,1739.37,98
1661822100,1739.84,247
1661822160,1739.29,132
1661822220,1739.62,122
1661822280,1739.57,124
1661822340,1739.34,93
1661822400,1739.49,82
1661822460,1738.81,145
1661822520,1738.53,150
1661822580,1738.03,154
1661822640,1737.80,122
1661822700,1737.50,120
1661822760,1737.31,117
1661822820,1737.67,77
1661822880,1737.63,60
1661822940,1737.56,84
1661823000,1736.97,113
1661823060,1736.63,111
1661823120,1737.08,114
1661823180,1737.22,116
1661823240,1737.00,128
1661823300,1736.95,83
1661823360,1736.51,102
1661823420,1736.55,108
1661823480,1736.53,93
1661823540,1736.78,99
1661823600,1736.52,120
1661823660,1736.47,117
1661823720,1736.60,94
1661823780,1736.60,85
1661823840,1736.67,80
1661823900,1736.98,91
1661823960,1736.81,115
1661824020,1736.65,78
1661824080,1736.26,101
1661824140,1736.21,83
1661824200,1736.16,101
1661824260,1736.00,84
1661824320,1735.86,106
1661824380,1735.85,97
1661824440,1736.01,88
1661824500,1735.99,85
1661824560,1736.03,80
1661824620,1735.91,80
1661824680,1735.78,90
1661824740,1735.72,73
1661824800,1735.99,120
1661824860,1735.63,94
1661824920,1735.64,74
1661824980,1735.19,96
1661825040,1735.22,105
1661825100,1735.62,125
1661825160,1735.20,125
1661825220,1734.86,79
1661825280,1735.40,107
1661825340,1735.06,106
1661825400,1735.70,99
1661825460,1735.52,65
1661825520,1735.56,80
1661825580,1735.21,76
1661825640,1735.28,66
1661825700,1735.26,43
1661825760,1734.54,91
1661825820,1734.62,78
1661825880,1734.64,98
1661825940,1735.00,74
1661826000,1734.60,60
1661826060,1734.37,92
1661826120,1734.23,69
1661826180,1734.36,73
1661826240,1734.23,60
1661826300,1734.21,47
1661826360,1734.23,44
1661826420,1733.97,69
1661826480,1733.96,65
1661826540,1733.97,48
1661826600,1734.80,111
1661826660,1734.54,92
1661826720,1734.62,89
1661826780,1734.55,106
1661826840,1734.48,66
1661826900,1734.50,70
1661826960,1734.78,61
1661827020,1735.26,101
1661827080,1735.57,108
1661827140,1735.85,115
1661827200,1735.50,130
1661827260,1735.38,83
1661827320,1735.28,76
1661827380,1735.07,51
1661827440,1734.85,39
1661827500,1736.13,165
1661827560,1736.01,132
1661827620,1735.85,56
1661827680,1735.95,38
1661827740,1736.26,76
1661827800,1736.34,85
1661827860,1736.15,37
1661827920,1736.70,97
1661827980,1736.33,71
1661828040,1735.97,69
1661828100,1736.40,55
1661828160,1736.20,59
1661828220,1736.18,56
1661828280,1736.19,36
1661828340,1736.09,56
1661828400,1736.42,62
1661828460,1736.33,64
1661828520,1736.29,66
1661828580,1736.47,53
1661828640,1736.37,34
1661828700,1736.18,60
1661828760,1736.05,34
1661828820,1735.98,40
1661828880,1735.79,72
1661828940,1735.77,72
1661829000,1735.58,85
1661829060,1735.81,62
1661829120,1735.54,77
1661829180,1735.67,64
1661829240,1735.66,43
1661829300,1735.46,77
1661829360,1735.50,55
1661829420,1735.34,47
1661829480,1735.12,47
1661829540,1735.11,67
1661829600,1735.23,44
1661829660,1735.25,74
1661829720,1735.08,47
1661829780,1734.92,26
1661829840,1734.93,34
1661829900,1734.99,65
1661829960,1735.36,49
1661830020,1735.49,68
1661830080,1735.48,37
1661830140,1735.62,56
1661830200,1735.70,47
1661830260,1735.63,45
1661830320,1735.71,38
1661830380,1735.56,44
1661830440,1735.34,68
1661830500,1735.26,35
1661830560,1735.34,48
1661830620,1735.17,36
1661830680,1735.02,39
1661830740,1735.09,36
1661830800,1735.28,46
1661830860,1735.22,58
1661830920,1734.90,80
1661830980,1734.42,124
1661831040,1734.55,175
1661831100,1735.31,133
1661831160,1735.07,68
1661831220,1735.20,56
1661831280,1735.03,56
1661831340,1735.14,55
1661831400,1735.20,102
1661831460,1735.02,46
1661831520,1734.99,48
1661831580,1734.99,24
1661831640,1734.93,42
1661831700,1734.80,56
1661831760,1734.74,43
1661831820,1734.85,43
1661831880,1734.75,35
1661831940,1734.99,35
1661832000,1734.79,77
1661832060,1734.73,40
1661832120,1734.38,85
1661832180,1734.37,63
1661832240,1734.31,62
1661832300,1734.23,42
1661832360,1734.51,28
1661832420,1734.60,24
1661832480,1734.60,41
1661832540,1734.66,38
1661832600,1734.71,39
1661832660,1734.67,18
1661832720,1734.59,36
1661832780,1734.56,45
1661832840,1734.59,51
1661832900,1734.86,62
1661832960,1734.97,71
1661833020,1734.52,65
1661833080,1734.83,85
1661833140,1734.93,65
1661833200,1735.67,92
1661833260,1735.56,47
1661833320,1735.34,45
1661833380,1735.36,36
1661833440,1735.60,48
1661833500,1735.16,46
1661833560,1735.09,30
1661833620,1735.54,59
1661833680,1735.90,54
1661833740,1735.58,113
1661833800,1736.23,192
1661833860,1736.71,126
1661833920,1736.73,73
1661833980,1736.75,79
1661834040,1736.81,98
1661834100,1736.88,82
1661834160,1736.75,85
1661834220,1736.56,70
1661834280,1736.80,62
1661834340,1736.74,106
1661834400,1736.78,67
1661834460,1736.53,69
1661834520,1736.25,70
1661834580,1736.15,56
1661834640,1736.25,16
1661834700,1736.21,66
1661834760,1736.37,88
1661834820,1736.60,56
1661834880,1736.65,82
1661834940,1736.26,61
1661835000,1736.20,62
1661835060,1735.92,47
1661835120,1735.82,56
1661835180,1735.75,37
1661835240,1735.48,44
1661835300,1735.63,58
1661835360,1735.63,59
1661835420,1735.64,89
1661835480,1735.63,86
1661835540,1735.75,73
1661835600,1735.57,85
1661835660,1735.35,62
1661835720,1735.30,36
1661835780,1735.43,42
1661835840,1735.89,110
1661835900,1735.45,68
1661835960,1735.39,52
1661836020,1735.37,60
1661836080,1735.23,43
1661836140,1735.14,42
1661836200,1735.15,79
1661836260,1735.14,61
1661836320,1735.16,53
1661836380,1735.18,60
1661836440,1734.35,107
1661836500,1734.27,130
1661836560,1734.43,118
1661836620,1734.01,92
1661836680,1733.81,88
1661836740,1734.24,66
1661836800,1734.05,48
1661836860,1734.24,55
1661836920,1733.87,94
1661836980,1733.83,39
1661837040,1733.99,49
1661837100,1733.78,63
1661837160,1733.96,50
1661837220,1733.77,57
1661837280,1733.93,73
1661837340,1734.04,38
1661837400,1734.85,122
1661837460,1734.98,87
1661837520,1734.84,54
1661837580,1734.87,67
1661837640,1735.27,76
1661837700,1735.10,68
1661837760,1735.22,68
1661837820,1735.60,89
1661837880,1735.47,56
1661837940,1735.59,34
1661838000,1735.65,59
1661838060,1735.63,57
1661838120,1735.59,62
1661838180,1735.59,63
1661838240,1735.58,75
1661838300,1735.31,84
1661838360,1734.99,110
1661838420,1734.74,87
1661838480,1734.42,90
1661838540,1734.21,95
1661838600,1734.55,102
1661838660,1734.74,68
1661838720,1734.64,80
1661838780,1734.71,76
1661838840,1734.73,64
1661838900,1734.74,75
1661838960,1735.04,87
1661839020,1735.04,65
1661839080,1734.85,65
1661839140,1734.61,126
1661839200,1735.22,161
1661839260,1735.61,144
1661839320,1735.32,146
1661839380,1734.41,137
1661839440,1734.72,157
1661839500,1734.76,153
1661839560,1734.38,128
1661839620,1734.35,132
1661839680,1734.15,92
1661839740,1733.95,121
1661839800,1734.31,65
1661839860,1734.62,116
1661839920,1734.80,136
1661839980,1734.62,128
1661840040,1734.60,134
1661840100,1734.51,132
1661840160,1734.56,107
1661840220,1733.58,144
1661840280,1734.17,122
1661840340,1734.03,103
1661840400,1734.15,119
1661840460,1734.21,114
1661840520,1734.00,156
1661840580,1733.76,140
1661840640,1733.79,93
1661840700,1733.77,115
1661840760,1733.79,122
1661840820,1733.49,107
1661840880,1733.58,84
1661840940,1733.32,98
1661841000,1733.35,176
1661841060,1733.84,118
1661841120,1733.66,97
1661841180,1733.51,101
1661841240,1733.42,125
1661841300,1733.43,106
1661841360,1733.56,152
1661841420,1733.72,106
1661841480,1733.60,100
1661841540,1733.58,81
1661841600,1733.75,113
1661841660,1733.85,108
1661841720,1733.65,137
1661841780,1733.28,127
1661841840,1733.24,163
1661841900,1733.33,155
1661841960,1733.07,152
1661842020,1733.38,94
1661842080,1733.64,89
1661842140,1734.47,177
1661842200,1734.18,123
1661842260,1733.60,167
1661842320,1733.43,81
1661842380,1733.44,110
1661842440,1733.42,147
1661842500,1733.41,142
1661842560,1733.40,148
1661842620,1733.23,135
1661842680,1732.93,121
1661842740,1732.51,141
1661842800,1732.63,236
1661842860,1731.97,177
1661842920,1731.59,195
1661842980,1731.79,159
1661843040,1732.45,161
1661843100,1732.86,181
1661843160,1732.47,174
1661843220,1732.39,178
1661843280,1732.39,162
1661843340,1732.36,159
1661843400,1732.74,162
1661843460,1732.31,147
1661843520,1732.08,146
1661843580,1731.68,170
1661843640,1731.12,169
1661843700,1731.12,141
1661843760,1730.64,154
1661843820,1730.12,175
1661843880,1729.59,223
1661843940,1729.30,190
1661844000,1730.13,200
1661844060,1730.04,163
1661844120,1730.06,159
1661844180,1729.88,160
1661844240,1729.54,151
1661844300,1729.89,163
1661844360,1729.59,128
1661844420,1730.02,136
1661844480,1731.02,162
1661844540,1730.60,160
1661844600,1730.95,161
1661844660,1730.90,168
1661844720,1731.09,139
1661844780,1731.50,135
1661844840,1731.71,186
1661844900,1732.20,171
1661844960,1732.51,144
1661845020,1733.25,148
1661845080,1732.91,184
1661845140,1733.11,141
1661845200,1733.26,149
1661845260,1733.38,162
1661845320,1733.70,206
1661845380,1733.40,165
1661845440,1733.12,121
1661845500,1732.53,158
1661845560,1732.62,134
1661845620,1732.63,125
1661845680,1732.87,113
1661845740,1732.45,125
1661845800,1732.36,144
1661845860,1732.07,125
1661845920,1731.89,137
1661845980,1732.27,147
1661846040,1732.03,136
1661846100,1731.83,127
1661846160,1731.77,111
1661846220,1731.90,132
1661846280,1731.73,124
1661846340,1731.36,114
1661846400,1731.70,235
1661846460,1732.63,153
1661846520,1733.22,177
1661846580,1733.71,142
1661846640,1734.20,175
1661846700,1734.35,130
1661846760,1734.86,176
1661846820,1734.53,146
1661846880,1734.80,118
1661846940,1734.89,157
1661847000,1735.30,122
1661847060,1735.35,106
1661847120,1735.92,138
1661847180,1736.04,102
1661847240,1736.40,112
1661847300,1736.22,101
1661847360,1736.81,109
1661847420,1736.93,133
1661847480,1736.97,129
1661847540,1736.95,97
1661847600,1736.82,125
1661847660,1736.04,132
1661847720,1735.76,137
1661847780,1735.24,127
1661847840,1735.45,118
1661847900,1736.17,104
1661847960,1736.81,171
1661848020,1736.82,90
1661848080,1736.81,126
1661848140,1736.57,124
1661848200,1737.13,181
1661848260,1737.16,168
1661848320,1737.24,130
1661848380,1737.23,119
1661848440,1736.88,137
1661848500,1736.87,117
1661848560,1736.90,148
1661848620,1737.06,117
1661848680,1736.68,123
1661848740,1736.51,136
1661848800,1736.30,127
1661848860,1735.93,117
1661848920,1735.68,92
1661848980,1735.63,107
1661849040,1735.34,107
1661849100,1734.83,162
1661849160,1734.77,93
1661849220,1734.88,100
1661849280,1734.81,131
1661849340,1734.78,116
1661849400,1734.56,151
1661849460,1734.47,121
1661849520,1734.79,98
1661849580,1735.12,103
1661849640,1734.84,93
1661849700,1734.92,97
1661849760,1734.88,107
1661849820,1734.99,86
1661849880,1734.54,85
1661849940,1734.49,95
1661850000,1735.02,154
1661850060,1734.68,160
1661850120,1734.02,73
1661850180,1733.63,180
1661850240,1733.44,128
1661850300,1733.29,143
1661850360,1733.29,115
1661850420,1733.31,115
1661850480,1732.86,130
1661850540,1732.55,202
1661850600,1732.26,152
1661850660,1732.34,169
1661850720,1732.93,162
1661850780,1733.52,148
1661850840,1733.94,129
1661850900,1734.18,95
1661850960,1734.34,102
1661851020,1733.83,148
1661851080,1733.60,119
1661851140,1733.31,113
1661851200,1733.07,108
1661851260,1733.01,117
1661851320,1734.26,190
1661851380,1735.37,182
1661851440,1734.81,126
1661851500,1734.86,111
1661851560,1734.60,100
1661851620,1734.59,115
1661851680,1734.29,102
1661851740,1734.06,156
1661851800,1733.68,163
1661851860,1733.78,102
1661851920,1734.17,145
1661851980,1734.60,165
1661852040,1734.43,115
1661852100,1733.79,124
1661852160,1733.75,91
1661852220,1734.19,110
1661852280,1734.06,87
1661852340,1733.91,121
1661852400,1733.75,101
1661852460,1733.53,106
1661852520,1733.18,116
1661852580,1733.03,110
1661852640,1732.50,113
1661852700,1732.75,109
1661852760,1733.22,121
1661852820,1733.16,136
1661852880,1732.74,140
1661852940,1732.96,95
1661853000,1733.11,94
1661853060,1733.26,134
1661853120,1733.55,111
1661853180,1734.52,157
1661853240,1734.49,125
1661853300,1734.53,96
1661853360,1734.79,73
1661853420,1734.74,64
1661853480,1734.21,98
1661853540,1734.43,100
1661853600,1733.78,168
1661853660,1733.43,128
1661853720,1733.37,112
1661853780,1733.47,101
1661853840,1733.50,104
1661853900,1733.26,96
1661853960,1733.21,94
1661854020,1733.12,98
1661854080,1733.67,127
1661854140,1733.75,95
1661854200,1733.35,105
1661854260,1733.88,117
1661854320,1733.92,104
1661854380,1734.13,122
1661854440,1733.89,66
1661854500,1733.48,94
1661854560,1733.22,80
1661854620,1733.42,88
1661854680,1733.36,73
1661854740,1733.50,81
1661854800,1733.53,72
1661854860,1733.96,66
1661854920,1734.20,64
1661854980,1734.28,57
1661855040,1734.49,80
1661855100,1734.49,68
1661855160,1734.34,69
1661855220,1734.70,36
1661855280,1734.40,63
1661855340,1734.80,86
1661855400,1735.04,111
1661855460,1735.13,93
1661855520,1734.21,138
1661855580,1734.67,101
1661855640,1734.53,97
1661855700,1734.18,105
1661855760,1733.86,110
1661855820,1733.89,69
1661855880,1733.66,94
1661855940,1733.57,114
1661856000,1733.63,144
1661856060,1734.01,101
1661856120,1734.07,71
1661856180,1734.60,101
1661856240,1734.85,88
1661856300,1734.54,100
1661856360,1734.17,114
1661856420,1733.71,143
1661856480,1733.53,109
1661856540,1733.84,105
1661856600,1734.58,144
1661856660,1734.18,94
1661856720,1733.92,91
1661856780,1733.58,124
1661856840,1733.32,140
1661856900,1734.40,163
1661856960,1734.16,96
1661857020,1733.94,95
1661857080,1733.63,118
1661857140,1734.09,179
1661857200,1734.06,131
1661857260,1733.45,117
1661857320,1733.65,126
1661857380,1733.75,115
1661857440,1733.66,92
1661857500,1734.06,125
1661857560,1734.24,83
1661857620,1733.75,109
1661857680,1733.46,94
1661857740,1733.58,113
1661857800,1733.15,114
1661857860,1733.46,112
1661857920,1733.78,83
1661857980,1734.05,71
1661858040,1734.54,80
1661858100,1734.52,97
1661858160,1734.32,106
1661858220,1734.13,81
1661858280,1734.03,103
1661858340,1733.71,112
1661858400,1733.66,115
1661858460,1733.67,76
1661858520,1733.75,107
1661858580,1734.33,89
1661858640,1734.23,64
1661858700,1733.59,85
1661858760,1733.77,104
1661858820,1733.70,100
1661858880,1734.13,95
1661858940,1733.92,76
1661859000,1733.87,117
1661859060,1734.06,80
1661859120,1733.83,90
1661859180,1734.01,93
1661859240,1734.07,101
1661859300,1733.80,108
1661859360,1733.56,55
1661859420,1732.77,112
1661859480,1732.41,115
1661859540,1732.29,121
1661859600,1732.29,122
1661859660,1732.47,119
1661859720,1732.66,121
1661859780,1732.71,62
1661859840,1732.74,125
1661859900,1732.69,105
1661859960,1732.86,95
1661860020,1732.91,70
1661860080,1732.85,82
1661860140,1732.04,78
1661860200,1731.47,103
1661860260,1731.61,107
1661860320,1731.53,109
1661860380,1731.36,126
1661860440,1731.10,127
1661860500,1731.62,91
1661860560,1732.03,97
1661860620,1732.05,114
1661860680,1732.67,140
1661860740,1732.97,134
1661860800,1732.03,164
1661860860,1731.72,134
1661860920,1731.44,136
1661860980,1731.92,115
1661861040,1731.66,136
1661861100,1731.81,136
1661861160,1731.97,103
1661861220,1731.64,149
1661861280,1731.76,127
1661861340,1731.58,123
1661861400,1731.77,95
1661861460,1732.22,110
1661861520,1732.09,169
1661861580,1731.83,137
1661861640,1732.64,130
1661861700,1732.81,168
1661861760,1732.82,143
1661861820,1732.15,148
1661861880,1732.12,140
1661861940,1732.27,99
1661862000,1731.04,194
1661862060,1730.57,194
1661862120,1730.95,218
1661862180,1730.63,196
1661862240,1731.33,210
1661862300,1730.56,161
1661862360,1731.52,188
1661862420,1732.37,142
1661862480,1732.45,140
1661862540,1733.22,169
1661862600,1732.72,226
1661862660,1732.18,220
1661862720,1731.30,142
1661862780,1731.33,171
1661862840,1731.25,127
1661862900,1731.86,151
1661862960,1731.87,170
1661863020,1732.09,181
1661863080,1732.11,130
1661863140,1732.35,150
1661863200,1731.90,168
1661863260,1731.51,137
1661863320,1731.32,155
1661863380,1730.32,169
1661863440,1730.56,228
1661863500,1730.51,221
1661863560,1730.04,225
1661863620,1729.82,159
1661863680,1729.83,176
1661863740,1729.47,233
1661863800,1729.48,225
1661863860,1729.31,228
1661863920,1730.81,236
1661863980,1730.34,237
1661864040,1730.55,153
1661864100,1730.73,179
1661864160,1730.73,218
1661864220,1731.08,230
1661864280,1730.94,135
1661864340,1730.54,180
1661864400,1731.16,250
1661864460,1730.84,232
1661864520,1731.66,243
1661864580,1731.86,212
1661864640,1731.70,184
1661864700,1730.51,192
1661864760,1730.11,187
1661864820,1730.35,205
1661864880,1730.84,192
1661864940,1731.38,169
1661865000,1732.12,201
1661865060,1732.18,254
1661865120,1732.09,225
1661865180,1732.81,202
1661865240,1732.88,163
1661865300,1732.25,141
1661865360,1732.71,139
1661865420,1732.01,157
1661865480,1732.42,134
1661865540,1731.66,147
1661865600,1732.17,114
1661865660,1731.92,131
1661865720,1732.27,127
1661865780,1732.69,152
1661865840,1732.21,162
1661865900,1731.84,152
1661865960,1731.89,142
1661866020,1731.78,168
1661866080,1731.80,164
1661866140,1731.61,126
1661866200,1731.36,265
1661866260,1730.70,238
1661866320,1731.23,257
1661866380,1731.02,264
1661866440,1732.30,242
1661866500,1731.86,238
1661866560,1732.06,226
1661866620,1731.66,170
1661866680,1731.73,217
1661866740,1730.67,227
1661866800,1730.47,266
1661866860,1729.99,259
1661866920,1730.34,219
1661866980,1730.40,218
1661867040,1730.41,244
1661867100,1730.95,249
1661867160,1731.50,224
1661867220,1731.26,183
1661867280,1730.65,281
1661867340,1729.98,286
1661867400,1729.99,238
1661867460,1729.87,263
1661867520,1730.24,239
1661867580,1729.90,192
1661867640,1729.92,188
1661867700,1729.69,235
1661867760,1730.70,217
1661867820,1730.97,211
1661867880,1732.35,264
1661867940,1732.58,205
1661868000,1730.75,384
1661868060,1730.93,326
1661868120,1730.28,257
1661868180,1729.38,279
1661868240,1729.75,239
1661868300,1729.03,262
1661868360,1729.19,275
1661868420,1729.20,249
1661868480,1729.87,268
1661868540,1730.27,217
1661868600,1729.55,222
1661868660,1729.45,267
1661868720,1729.22,206
1661868780,1729.16,220
1661868840,1728.85,229
1661868900,1727.96,314
1661868960,1726.58,303
1661869020,1726.76,272
1661869080,1726.98,229
1661869140,1725.09,295
1661869200,1725.19,307
1661869260,1725.31,275
1661869320,1725.51,212
1661869380,1725.62,250
1661869440,1725.09,253
1661869500,1724.47,216
1661869560,1724.17,239
1661869620,1725.01,236
1661869680,1725.66,239
1661869740,1725.54,249
1661869800,1725.65,258
1661869860,1724.27,282
1661869920,1723.94,287
1661869980,1723.53,300
1661870040,1723.48,246
1661870100,1723.93,245
1661870160,1723.88,247
1661870220,1723.61,260
1661870280,1723.96,227
1661870340,1724.41,212
1661870400,1724.23,223
1661870460,1724.59,245
1661870520,1724.20,200
1661870580,1723.33,208
1661870640,1723.11,261
1661870700,1723.62,284
1661870760,1722.34,273
1661870820,1722.58,277
1661870880,1722.27,260
1661870940,1721.98,238
1661871000,1721.48,225
1661871060,1722.18,245
1661871120,1721.60,258
1661871180,1721.55,244
1661871240,1721.53,206
1661871300,1721.55,250
1661871360,1721.74,260
1661871420,1722.04,221
1661871480,1722.62,204
1661871540,1723.93,221
1661871600,1725.20,401
1661871660,1724.45,337
1661871720,1723.38,297
1661871780,1723.26,256
1661871840,1723.48,272
1661871900,1723.83,200
1661871960,1724.43,237
1661872020,1724.62,251
1661872080,1724.72,209
1661872140,1725.24,252
1661872200,1724.42,254
1661872260,1724.38,270
1661872320,1724.13,251
1661872380,1724.34,230
1661872440,1724.98,207
1661872500,1724.32,219
1661872560,1724.60,258
1661872620,1724.74,237
1661872680,1725.00,218
1661872740,1725.51,243
1661872800,1725.36,271
1661872860,1725.10,227
1661872920,1724.66,210
1661872980,1724.77,191
1661873040,1724.38,192
1661873100,1724.70,220
1661873160,1724.88,176
1661873220,1725.44,246
1661873280,1725.53,210
1661873340,1725.82,204
1661873400,1725.18,251
1661873460,1725.36,185
1661873520,1725.32,200
1661873580,1725.62,200
1661873640,1726.24,220
1661873700,1726.36,207
1661873760,1726.36,212
1661873820,1726.06,196
1661873880,1725.91,239
1661873940,1726.00,184
1661874000,1725.74,219
1661874060,1725.39,206
1661874120,1726.38,241
1661874180,1726.12,220
1661874240,1726.10,189
1661874300,1725.87,172
1661874360,1725.80,139
1661874420,1725.70,141
1661874480,1725.21,164
1661874540,1725.46,169
1661874600,1725.77,149
1661874660,1725.93,159
1661874720,1726.20,137
1661874780,1725.63,160
1661874840,1725.15,165
1661874900,1725.42,176
1661874960,1725.86,145
1661875020,1726.18,153
1661875080,1726.34,163
1661875140,1726.14,173
1661875200,1725.95,175
1661875260,1726.95,192
1661875320,1726.60,202
1661875380,1726.76,162
1661875440,1727.03,171
1661875500,1726.19,202
1661875560,1726.88,193
1661875620,1726.60,189
1661875680,1726.60,171
1661875740,1726.35,160
1661875800,1726.11,159
1661875860,1725.55,154
1661875920,1725.73,142
1661875980,1725.44,156
1661876040,1725.49,153
1661876100,1725.82,193
1661876160,1725.56,144
1661876220,1725.62,123
1661876280,1725.56,145
1661876340,1725.38,158
1661876400,1724.92,127
1661876460,1724.82,140
1661876520,1724.73,165
1661876580,1724.50,152
1661876640,1724.26,116
1661876700,1724.36,138
1661876760,1724.28,108
1661876820,1724.36,80
1661876880,1724.64,108
1661876940,1724.84,128
1661877000,1724.28,132
1661877060,1724.14,106
1661877120,1724.27,101
1661877180,1724.26,112
1661877240,1724.17,87
1661877300,1724.39,137
1661877360,1724.09,80
1661877420,1723.98,108
1661877480,1724.07,102
1661877540,1724.17,100
1661877600,1724.04,76
1661877660,1723.70,118
1661877720,1723.94,144
1661877780,1723.50,137
1661877840,1723.38,107
1661877900,1723.30,116
1661877960,1723.80,97
1661878020,1723.92,163
1661878080,1723.71,142
1661878140,1724.10,154
1661878200,1724.11,154
1661878260,1724.10,120
1661878320,1724.20,120
1661878380,1724.08,106
1661878440,1724.12,82
1661878500,1724.10,116
1661878560,1724.38,117
1661878620,1724.35,108
1661878680,1724.38,93
1661878740,1724.20,124
1661878800,1724.20,128
1661878860,1723.93,154
1661878920,1723.98,124
1661878980,1723.90,117
1661879040,1723.84,115
1661879100,1723.76,94
1661879160,1724.02,105
1661879220,1724.00,127
1661879280,1724.18,122
1661879340,1724.10,120
1661879400,1724.00,117
1661879460,1724.08,97
1661879520,1723.90,139
1661879580,1723.96,104
1661879640,1723.86,109
1661879700,1723.68,99
1661879760,1723.68,113
1661879820,1723.70,144
1661879880,1723.86,109
1661879940,1723.78,122
1661880000,1723.86,132
1661880060,1724.14,90
1661880120,1724.10,100
1661880180,1724.02,121
1661880240,1724.20,117
1661880300,1724.17,82
1661880360,1724.35,98
1661880420,1724.61,60
1661880480,1724.78,118
1661880540,1724.89,208
1661880600,1725.01,141
1661880660,1725.36,100
1661880720,1725.47,97
1661880780,1725.29,92
1661880840,1725.27,94
1661880900,1725.28,107
1661880960,1724.92,85
1661881020,1724.66,111
1661881080,1724.38,81
1661881140,1724.58,116
1661881200,1724.52,97
1661881260,1724.60,102
1661881320,1724.41,103
1661881380,1724.44,105
1661881440,1724.04,120
1661881500,1723.78,135
1661881560,1724.28,152
1661881620,1724.44,141
1661881680,1724.78,148
1661881740,1724.95,132
1661881800,1724.58,125
1661881860,1725.03,90
1661881920,1725.34,106
1661881980,1725.68,145
1661882040,1725.53,66
1661882100,1725.29,79
1661882160,1724.64,94
1661882220,1724.38,73
1661882280,1724.30,75
1661882340,1724.14,84
1661882400,1723.98,112
1661882460,1723.89,112
1661882520,1723.80,105
1661882580,1723.63,80
1661882640,1724.04,133
1661882700,1724.24,122
1661882760,1724.36,78
1661882820,1723.92,116
1661882880,1723.90,90
1661882940,1723.90,105
1661883000,1723.94,77
1661883060,1723.55,101
1661883120,1723.80,68
1661883180,1723.90,118
1661883240,1723.76,79
1661883300,1723.94,110
1661883360,1724.09,117
1661883420,1724.10,82
1661883480,1724.26,92
1661883540,1724.18,94
1661883600,1724.08,84
1661883660,1724.09,87
1661883720,1723.92,110
1661883780,1723.90,109
1661883840,1723.82,118
1661883900,1724.08,133
1661883960,1724.08,115
1661884020,1723.86,132
1661884080,1723.80,126
1661884140,1723.84,116
1661884200,1724.16,111
1661884260,1724.50,132
1661884320,1724.54,111
1661884380,1724.42,112
1661884440,1724.36,144
1661884500,1724.36,103
1661884560,1724.17,76
1661884620,1724.26,71
1661884680,1724.38,75
1661884740,1724.30,76
1661884800,1724.36,91
1661884860,1724.46,86
1661884920,1724.36,69
1661884980,1724.06,87
1661885040,1723.88,99
1661885100,1724.00,64
1661885160,1724.16,94
1661885220,1723.96,65
1661885280,1723.80,71
1661885340,1723.99,105
1661885400,1723.78,111
1661885460,1723.86,94
1661885520,1723.86,63
1661885580,1723.80,119
1661885640,1724.00,79
1661885700,1723.94,79
1661885760,1724.12,35
1661885820,1724.25,89
1661885880,1724.32,76
1661885940,1724.20,145
1661886000,1723.95,118
1661886060,1724.12,93
1661886120,1725.03,121
1661886180,1725.28,129
1661886240,1725.44,111
1661886300,1725.54,119
1661886360,1725.68,115
1661886420,1725.52,121
1661886480,1725.52,87
1661886540,1725.46,100
1661886600,1725.60,96
1661886660,1725.90,46
1661886720,1726.16,106
1661886780,1725.98,106
1661886840,1725.93,90
1661886900,1725.83,120
1661886960,1726.00,68
1661887020,1725.80,68
1661887080,1725.80,63
1661887140,1726.04,102
1661887200,1725.58,80
1661887260,1725.02,97
1661887320,1725.38,112
1661887380,1725.18,82
1661887440,1725.22,110
1661887500,1725.16,77
1661887560,1724.96,78
1661887620,1724.80,61
1661887680,1724.66,58
1661887740,1724.58,70
1661887800,1724.66,108
1661887860,1724.40,95
1661887920,1724.62,109
1661887980,1724.58,87
1661888040,1724.56,65
1661888100,1724.82,75
1661888160,1724.78,103
1661888220,1724.48,54
1661888280,1724.60,59
1661888340,1724.32,49
1661888400,1724.62,67
1661888460,1724.65,78
1661888520,1724.47,48
1661888580,1724.47,51
1661888640,1724.37,57
1661888700,1724.43,71
1661888760,1724.27,66
1661888820,1724.16,48
1661888880,1723.88,63
1661888940,1723.67,53
1661889000,1724.06,137
1661889060,1723.77,105
1661889120,1723.57,105
1661889180,1723.57,61
1661889240,1723.65,56
1661889300,1723.78,98
1661889360,1723.88,91
1661889420,1723.55,82
1661889480,1723.31,128
1661889540,1723.24,185
1661889600,1723.76,107
1661889660,1723.76,72
1661889720,1723.78,54
1661889780,1723.80,33
1661889840,1723.96,36
1661889900,1724.01,18
1661889960,1724.10,24
1661890020,1724.16,54
1661890080,1724.16,22
1661890140,1724.08,63
1661890200,1724.16,36
1661890260,1724.26,33
1661890320,1724.24,34
1661890380,1724.04,34
1661890440,1724.26,39
1661890500,1724.28,9
1661890560,1724.19,36
1661890620,1724.28,13
1661890680,1723.99,30
1661890740,1723.89,23
1661890800,1723.67,35
1661890860,1723.77,30
1661890920,1723.77,45
1661890980,1723.77,24
1661891040,1723.78,23
1661891100,1723.80,15
1661891160,1723.98,18
1661891220,1724.00,20
1661891280,1724.00,27
1661891340,1723.94,62
1661891400,1724.10,37
1661891460,1724.29,32
1661891520,1724.31,19
1661891580,1724.29,18
1661891640,1724.29,8
1661891700,1724.39,16
1661891760,1724.32,31
1661891820,1724.39,29
1661891880,1724.42,21
1661891940,1724.41,13
1661892000,1724.48,33
1661892060,1724.30,40
1661892120,1724.30,26
1661892180,1724.38,14
1661892240,1724.23,40
1661892300,1724.26,35
1661892360,1724.16,15
1661892420,1724.16,30
1661892480,1724.20,18
1661892540,1724.17,38
1661892600,1724.22,63
1661892660,1724.34,43
1661892720,1724.26,53
1661892780,1724.38,46
1661892840,1724.44,45
1661892900,1724.45,20
1661892960,1724.35,27
1661896920,1723.50,46
1661896980,1723.54,50
1661897040,1723.23,28
1661897100,1723.14,39
1661897160,1723.04,17
1661897220,1723.14,21
1661897280,1723.17,29
1661897340,1723.10,15
1661897400,1723.10,11
1661897460,1723.18,14
1661897520,1723.11,10
1661897580,1722.98,27
1661897640,1722.92,23
1661897700,1722.92,25
1661897760,1722.97,15
1661897820,1722.60,57
1661897880,1722.56,98
1661897940,1722.63,42
1661898000,1722.70,25
1661898060,1722.61,28
1661898120,1722.70,16
1661898180,1722.70,11
1661898240,1722.94,19
1661898300,1723.00,39
1661898360,1722.90,41
1661898420,1722.88,24
1661898480,1722.82,19
1661898540,1722.79,33
1661898600,1722.68,29
1661898660,1722.66,10
1661898720,1722.90,45
1661898780,1722.83,27
1661898840,1722.71,37
1661898900,1722.68,26
1661898960,1722.60,20
1661899020,1722.74,18
1661899080,1722.64,6
1661899140,1722.64,4
1661899200,1722.62,27
1661899260,1722.64,35
1661899320,1722.52,5
1661899380,1722.54,14
1661899440,1722.46,9
1661899500,1722.54,21
1661899560,1722.56,22
1661899620,1722.60,26
1661899680,1722.63,22
1661899740,1722.62,14
1661899800,1722.63,29
1661899860,1722.56,22
1661899920,1722.27,47
1661899980,1722.61,26
1661900040,1722.71,26
1661900100,1722.76,24
1661900160,1722.84,32
1661900220,1723.00,20
1661900280,1722.95,21
1661900340,1722.90,44
1661900400,1722.91,20
1661900460,1722.81,32
1661900520,1722.86,26
1661900580,1723.01,13
1661900640,1723.03,4
1661900700,1723.10,18
1661900760,1723.14,4
1661900820,1723.14,4
1661900880,1723.20,6
1661900940,1723.17,8
1661901000,1723.30,17
1661901060,1723.38,23
1661901120,1723.35,24
1661901180,1723.38,12
1661901240,1723.29,17
1661901300,1723.28,8
1661901360,1723.32,26
1661901420,1723.28,16
1661901480,1723.22,20
1661901540,1722.98,23
1661901600,1723.34,17
1661901660,1723.26,17
1661901720,1723.38,6
1661901780,1723.28,6
1661901840,1723.31,10
1661901900,1723.35,21
1661901960,1723.10,26
1661902020,1723.16,20
1661902080,1723.30,15
1661902140,1723.20,19
1661902200,1723.04,42
1661902260,1723.04,9
1661902320,1722.92,17
1661902380,1723.00,24
1661902440,1723.06,10
1661902500,1722.96,9
1661902560,1723.06,26
1661902620,1723.04,2
1661902680,1722.99,10
1661902740,1722.92,28
1661902800,1723.06,24
1661902860,1723.26,28
1661902920,1723.48,45
1661902980,1723.48,20
1661903040,1723.50,25
1661903100,1723.50,16
1661903160,1723.50,31
1661903220,1723.49,17
1661903280,1723.50,24
1661903340,1723.36,23
1661903400,1723.40,22
1661903460,1723.26,17
1661903520,1723.26,25
1661903580,1723.34,26
1661903640,1723.24,53
1661903700,1723.38,18
1661903760,1723.29,32
1661903820,1723.29,23
1661903880,1723.38,22
1661903940,1723.40,28
1661904000,1723.18,90
1661904060,1722.68,85
1661904120,1723.32,73
1661904180,1723.28,43
1661904240,1723.40,69
1661904300,1723.30,58
1661904360,1723.76,64
1661904420,1723.68,47
1661904480,1723.92,53
1661904540,1724.12,45
1661904600,1724.37,51
1661904660,1724.18,49
1661904720,1723.67,86
1661904780,1723.04,85
1661904840,1723.22,142
1661904900,1723.49,74
1661904960,1723.23,92
1661905020,1723.58,45
1661905080,1723.80,33
1661905140,1724.19,66
1661905200,1724.05,61
1661905260,1723.20,102
1661905320,1723.57,92
1661905380,1723.62,57
1661905440,1723.75,53
1661905500,1723.56,81
1661905560,1723.78,72
1661905620,1723.86,70
1661905680,1723.74,49
1661905740,1723.74,43
1661905800,1723.92,58
1661905860,1724.08,55
1661905920,1723.74,60
1661905980,1723.95,47
1661906040,1724.02,27
1661906100,1724.25,27
1661906160,1724.14,38
1661906220,1723.97,24
1661906280,1723.89,36
1661906340,1723.86,63
1661906400,1723.99,31
1661906460,1724.00,32
1661906520,1724.18,24
1661906580,1724.20,31
1661906640,1724.18,44
1661906700,1724.38,76
1661906760,1724.07,57
1661906820,1724.20,40
1661906880,1724.16,21
1661906940,1723.96,51
1661907000,1723.88,66
1661907060,1723.69,56
1661907120,1723.61,48
1661907180,1723.68,59
1661907240,1723.70,56
1661907300,1723.46,53
1661907360,1723.30,51
1661907420,1723.23,62
1661907480,1722.89,44
1661907540,1722.96,56
1661907600,1723.78,128
1661907660,1723.52,85
1661907720,1723.92,95
1661907780,1723.88,63
1661907840,1723.76,113
1661907900,1723.44,67
1661907960,1723.62,40
1661908020,1723.33,64
1661908080,1723.41,68
1661908140,1723.78,72
1661908200,1723.58,100
1661908260,1723.74,95
1661908320,1723.60,55
1661908380,1723.79,68
1661908440,1724.32,71
1661908500,1723.87,184
1661908560,1723.51,129
1661908620,1723.44,73
1661908680,1722.98,51
1661908740,1723.20,77
1661908800,1723.00,48
1661908860,1722.32,86
1661908920,1722.42,65
1661908980,1722.40,64
1661909040,1722.42,80
1661909100,1722.69,84
1661909160,1722.58,67
1661909220,1722.16,103
1661909280,1722.42,52
1661909340,1722.21,73
1661909400,1721.92,192
1661909460,1722.02,138
1661909520,1722.08,87
1661909580,1722.14,116
1661909640,1721.88,126
1661909700,1721.60,161
1661909760,1721.80,98
1661909820,1721.62,83
1661909880,1721.19,111
1661909940,1721.41,83
1661910000,1721.43,101
1661910060,1721.36,66
1661910120,1721.30,87
1661910180,1721.26,77
1661910240,1721.26,47
1661910300,1721.35,63
1661910360,1720.97,66
1661910420,1721.04,79
1661910480,1720.88,59
1661910540,1720.67,83
1661910600,1720.87,95
1661910660,1720.88,65
1661910720,1720.79,59
1661910780,1721.19,75
1661910840,1721.06,72
1661910900,1721.40,121
1661910960,1721.53,88
1661911020,1722.24,99
1661911080,1722.22,117
1661911140,1722.98,130
1661911200,1722.82,158
1661911260,1722.90,89
1661911320,1722.96,52
1661911380,1722.93,96
1661911440,1722.97,66
1661911500,1722.80,79
1661911560,1722.42,74
1661911620,1722.20,89
1661911680,1722.34,47
1661911740,1722.52,64
1661911800,1722.61,65
1661911860,1722.58,73
1661911920,1722.86,76
1661911980,1722.96,83
1661912040,1722.76,90
1661912100,1722.74,44
1661912160,1722.58,72
1661912220,1722.44,60
1661912280,1722.50,25
1661912340,1723.02,85
1661912400,1722.86,82
1661912460,1722.82,70
1661912520,1722.52,37
1661912580,1722.48,34
1661912640,1722.64,29
1661912700,1722.68,63
1661912760,1722.73,53
1661912820,1722.70,19
1661912880,1722.70,41
1661912940,1722.69,30
1661913000,1722.92,112
1661913060,1722.45,75
1661913120,1722.34,56
1661913180,1722.12,68
1661913240,1721.78,114
1661913300,1721.82,63
1661913360,1722.06,86
1661913420,1722.90,148
1661913480,1723.22,126
1661913540,1723.33,115
1661913600,1723.66,106
1661913660,1723.26,122
1661913720,1723.10,129
1661913780,1722.75,77
1661913840,1722.32,92
1661913900,1722.40,76
1661913960,1722.54,86
1661914020,1722.53,111
1661914080,1722.62,65
1661914140,1723.24,146
1661914200,1723.32,77
1661914260,1723.32,109
1661914320,1723.54,123
1661914380,1723.54,141
1661914440,1723.72,98
1661914500,1723.68,63
1661914560,1723.19,94
1661914620,1723.34,78
1661914680,1723.10,70
1661914740,1723.10,76
1661914800,1723.13,94
1661914860,1722.97,119
1661914920,1722.98,56
1661914980,1722.79,86
1661915040,1722.80,82
1661915100,1722.86,45
1661915160,1722.67,76
1661915220,1722.73,83
1661915280,1722.90,74
1661915340,1722.68,62
1661915400,1722.62,71
1661915460,1722.68,99
1661915520,1722.90,72
1661915580,1723.12,84
1661915640,1723.04,82
1661915700,1722.71,62
1661915760,1722.71,53
1661915820,1722.66,63
1661915880,1722.72,67
1661915940,1722.68,38
1661916000,1722.74,80
1661916060,1722.66,77
1661916120,1723.06,121
1661916180,1723.15,57
1661916240,1723.78,104
1661916300,1723.67,98
1661916360,1723.56,108
1661916420,1723.69,112
1661916480,1723.60,76
1661916540,1723.82,75
1661916600,1723.22,56
1661916660,1723.14,36
1661916720,1723.13,27
1661916780,1723.06,28
1661916840,1723.26,27
1661916900,1723.32,39
1661916960,1723.15,46
1661917020,1723.03,50
1661917080,1723.10,39
1661917140,1723.18,37
1661917200,1723.27,29
1661917260,1723.24,18
1661917320,1723.15,8
1661917380,1723.30,60
1661917440,1723.24,52
1661917500,1723.31,35
1661917560,1723.16,28
1661917620,1723.12,36
1661917680,1723.17,31
1661917740,1723.13,16
1661917800,1723.04,43
1661917860,1723.10,25
1661917920,1723.27,34
1661917980,1723.27,48
1661918040,1723.08,43
1661918100,1723.13,31
1661918160,1723.51,65
1661918220,1723.46,67
1661918280,1723.40,42
1661918340,1723.99,79
1661918400,1724.19,81
1661918460,1724.25,58
1661918520,1724.40,68
1661918580,1724.58,67
1661918640,1724.38,47
1661918700,1724.54,92
1661918760,1724.52,60
1661918820,1724.48,49
1661918880,1724.84,56
1661918940,1725.10,78
1661919000,1724.99,42
1661919060,1725.07,24
1661919120,1725.08,12
1661919180,1724.82,42
1661919240,1724.71,27
1661919300,1724.71,23
1661919360,1724.90,34
1661919420,1725.10,37
1661919480,1725.04,18
1661919540,1725.03,33
1661919600,1725.13,30
1661919660,1725.01,29
1661919720,1725.08,12
1661919780,1725.08,29
1661919840,1725.18,27
1661919900,1725.22,26
1661919960,1725.14,23
1661920020,1725.03,69
1661920080,1724.94,18
1661920140,1724.81,20
1661920200,1724.58,70
1661920260,1724.58,35
1661920320,1724.77,27
1661920380,1724.92,46
1661920440,1725.08,58
1661920500,1725.53,181
1661920560,1725.80,114
1661920620,1725.68,77
1661920680,1725.73,37
1661920740,1725.64,68
1661920800,1725.60,60
1661920860,1725.45,45
1661920920,1725.32,65
1661920980,1725.46,59
1661921040,1725.30,63
1661921100,1725.32,31
1661921160,1725.18,36
1661921220,1724.88,45
1661921280,1724.90,53
1661921340,1724.74,39
1661921400,1724.81,22
1661921460,1724.74,35
1661921520,1724.60,43
1661921580,1724.66,46
1661921640,1724.80,52
1661921700,1724.93,48
1661921760,1724.68,29
1661921820,1724.84,37
1661921880,1724.70,46
1661921940,1724.76,37
1661922000,1724.72,61
1661922060,1724.62,27
1661922120,1724.65,54
1661922180,1724.75,48
1661922240,1724.52,35
1661922300,1724.78,44
1661922360,1724.88,53
1661922420,1724.90,48
1661922480,1725.16,41
1661922540,1725.14,44
1661922600,1724.44,78
1661922660,1724.46,57
1661922720,1724.28,85
1661922780,1724.18,111
1661922840,1724.26,92
1661922900,1724.40,77
1661922960,1725.00,62
1661923020,1725.36,85
1661923080,1725.42,65
1661923140,1725.26,77
1661923200,1725.16,71
1661923260,1725.04,67
1661923320,1725.08,56
1661923380,1725.15,67
1661923440,1725.89,110
1661923500,1726.28,83
1661923560,1726.35,114
1661923620,1726.45,65
1661923680,1726.46,67
1661923740,1725.94,98
1661923800,1725.34,144
1661923860,1725.25,103
1661923920,1725.32,86
1661923980,1725.44,86
1661924040,1725.34,90
1661924100,1725.24,69
1661924160,1725.27,69
1661924220,1725.01,73
1661924280,1725.20,35
1661924340,1725.00,60
1661924400,1724.39,64
1661924460,1723.65,102
1661924520,1724.40,122
1661924580,1723.97,101
1661924640,1723.95,78
1661924700,1723.86,46
1661924760,1723.68,61
1661924820,1723.67,71
1661924880,1723.86,79
1661924940,1724.22,85
1661925000,1724.32,78
1661925060,1724.43,79
1661925120,1724.34,85
1661925180,1724.52,44
1661925240,1724.66,95
1661925300,1725.00,117
1661925360,1724.96,87
1661925420,1724.22,124
1661925480,1724.45,47
1661925540,1724.56,76
1661925600,1724.69,166
1661925660,1725.08,137
1661925720,1724.74,139
1661925780,1724.55,140
1661925840,1724.46,144
1661925900,1724.50,121
1661925960,1724.58,115
1661926020,1724.64,79
1661926080,1724.78,132
1661926140,1724.79,65
1661926200,1724.71,67
1661926260,1724.10,116
1661926320,1724.20,107
1661926380,1724.17,102
1661926440,1723.08,106
1661926500,1722.94,156
1661926560,1723.28,121
1661926620,1723.24,85
1661926680,1722.62,111
1661926740,1722.82,140
1661926800,1723.27,141
1661926860,1723.21,98
1661926920,1722.89,80
1661926980,1722.83,181
1661927040,1722.73,85
1661927100,1722.34,139
1661927160,1722.34,137
1661927220,1722.29,86
1661927280,1722.10,97
1661927340,1722.12,77
1661927400,1722.07,110
1661927460,1722.20,93
1661927520,1722.20,55
1661927580,1722.20,127
1661927640,1721.92,134
1661927700,1722.02,100
1661927760,1722.17,107
1661927820,1722.56,126
1661927880,1722.15,154
1661927940,1722.26,70
1661928000,1721.72,131
1661928060,1721.74,123
1661928120,1721.92,102
1661928180,1722.02,97
1661928240,1721.58,128
1661928300,1721.42,139
1661928360,1721.44,143
1661928420,1721.30,131
1661928480,1721.84,136
1661928540,1721.70,137
1661928600,1721.56,136
1661928660,1721.39,94
1661928720,1721.65,136
1661928780,1721.52,127
1661928840,1721.84,137
1661928900,1721.78,134
1661928960,1722.00,158
1661929020,1721.89,137
1661929080,1722.08,156
1661929140,1722.24,158
1661929200,1722.32,257
1661929260,1722.74,192
1661929320,1722.68,187
1661929380,1722.80,136
1661929440,1722.32,129
1661929500,1721.92,145
1661929560,1721.32,159
1661929620,1721.12,144
1661929680,1720.96,190
1661929740,1721.05,158
1661929800,1720.80,141
1661929860,1720.66,153
1661929920,1720.82,161
1661929980,1720.52,128
1661930040,1720.20,126
1661930100,1720.32,168
1661930160,1720.44,131
1661930220,1720.26,113
1661930280,1720.74,138
1661930340,1720.28,183
1661930400,1720.24,188
1661930460,1720.40,166
1661930520,1722.00,290
1661930580,1722.04,158
1661930640,1721.78,149
1661930700,1721.48,157
1661930760,1721.04,222
1661930820,1721.00,158
1661930880,1721.26,130
1661930940,1721.20,149
1661931000,1722.66,230
1661931060,1722.51,231
1661931120,1722.54,173
1661931180,1722.27,146
1661931240,1722.10,119
1661931300,1721.74,136
1661931360,1721.32,106
1661931420,1721.18,140
1661931480,1722.63,192
1661931540,1720.62,196
1661931600,1720.98,151
1661931660,1721.68,186
1661931720,1722.56,167
1661931780,1721.47,190
1661931840,1721.64,156
1661931900,1720.88,166
1661931960,1721.00,133
1661932020,1721.35,153
1661932080,1721.28,126
1661932140,1720.86,151
1661932200,1721.80,166
1661932260,1721.66,131
1661932320,1721.22,168
1661932380,1720.88,154
1661932440,1721.10,139
1661932500,1721.00,135
1661932560,1720.98,115
1661932620,1720.94,144
1661932680,1720.96,134
1661932740,1721.02,155
1661932800,1720.66,160
1661932860,1721.52,183
1661932920,1721.76,163
1661932980,1721.18,168
1661933040,1721.14,130
1661933100,1720.98,152
1661933160,1720.34,147
1661933220,1720.52,222
1661933280,1720.50,166
1661933340,1720.24,157
1661933400,1721.37,156
1661933460,1720.86,128
1661933520,1720.62,118
1661933580,1720.64,140
1661933640,1719.86,174
1661933700,1719.44,184
1661933760,1719.48,186
1661933820,1719.24,166
1661933880,1719.25,127
1661933940,1718.12,185
1661934000,1717.46,179
1661934060,1717.02,191
1661934120,1716.07,232
1661934180,1715.42,239
1661934240,1715.94,252
1661934300,1716.22,183
1661934360,1715.55,173
1661934420,1715.25,225
1661934480,1714.94,254
1661934540,1715.16,199
1661934600,1715.43,216
1661934660,1714.38,165
1661934720,1714.64,200
1661934780,1715.50,152
1661934840,1715.86,143
1661934900,1715.69,208
1661934960,1714.95,151
1661935020,1714.47,171
1661935080,1715.46,191
1661935140,1716.04,198
1661935200,1716.12,204
1661935260,1715.05,256
1661935320,1715.02,190
1661935380,1714.39,182
1661935440,1714.27,159
1661935500,1713.88,172
1661935560,1714.14,185
1661935620,1713.96,184
1661935680,1714.36,130
1661935740,1714.35,196
1661935800,1714.46,169
1661935860,1714.54,171
1661935920,1714.44,178
1661935980,1714.56,105
1661936040,1714.54,77
1661936100,1715.52,181
1661936160,1715.36,138
1661936220,1714.60,136
1661936280,1713.70,181
1661936340,1714.12,191
1661936400,1714.02,284
1661936460,1713.52,209
1661936520,1713.64,223
1661936580,1713.42,208
1661936640,1713.56,219
1661936700,1713.55,191
1661936760,1713.36,200
1661936820,1713.86,225
1661936880,1713.47,170
1661936940,1713.50,185
1661937000,1713.20,130
1661937060,1713.50,167
1661937120,1713.10,160
1661937180,1713.72,193
1661937240,1713.72,183
1661937300,1713.96,162
1661937360,1713.86,185
1661937420,1713.96,128
1661937480,1714.26,189
1661937540,1714.14,157
1661937600,1713.94,141
1661937660,1713.44,147
1661937720,1713.12,119
1661937780,1713.06,110
1661937840,1712.93,186
1661937900,1712.53,147
1661937960,1711.80,279
1661938020,1711.56,255
1661938080,1712.24,260
1661938140,1712.63,225
1661938200,1713.08,252
1661938260,1712.35,256
1661938320,1712.49,219
1661938380,1712.84,232
1661938440,1712.84,156
1661938500,1713.28,175
1661938560,1712.98,165
1661938620,1713.46,177
1661938680,1712.94,139
1661938740,1713.00,143
1661938800,1712.71,149
1661938860,1712.78,152
1661938920,1712.88,144
1661938980,1713.02,133
1661939040,1712.68,186
1661939100,1712.46,150
1661939160,1711.78,182
1661939220,1711.49,205
1661939280,1711.80,196
1661939340,1711.16,246
1661939400,1711.16,163
1661939460,1711.08,130
1661939520,1712.02,122
1661939580,1712.26,98
1661939640,1711.85,146
1661939700,1711.62,142
1661939760,1711.70,108
1661939820,1710.99,177
1661939880,1710.90,153
1661939940,1711.02,129
1661940000,1710.93,162
1661940060,1710.38,197
1661940120,1710.66,157
1661940180,1710.88,141
1661940240,1711.15,192
1661940300,1710.96,145
1661940360,1711.40,186
1661940420,1712.26,206
1661940480,1712.71,231
1661940540,1712.32,179
1661940600,1712.40,192
1661940660,1712.66,153
1661940720,1713.04,128
1661940780,1713.43,161
1661940840,1713.50,158
1661940900,1712.95,194
1661940960,1712.37,136
1661941020,1712.04,145
1661941080,1711.50,185
1661941140,1711.52,144
1661941200,1711.54,130
1661941260,1711.61,124
1661941320,1711.30,120
1661941380,1711.34,173
1661941440,1711.62,168
1661941500,1711.37,120
1661941560,1711.74,131
1661941620,1711.87,155
1661941680,1711.65,138
1661941740,1711.77,134
1661941800,1711.60,166
1661941860,1711.51,132
1661941920,1710.88,177
1661941980,1711.09,137
1661942040,1711.15,150
1661942100,1711.45,131
1661942160,1711.23,93
1661942220,1711.30,127
1661942280,1711.42,108
1661942340,1711.92,140
1661942400,1711.88,149
1661942460,1711.28,162
1661942520,1711.04,145
1661942580,1710.78,139
1661942640,1710.22,138
1661942700,1709.92,168
1661942760,1709.82,173
1661942820,1710.02,172
1661942880,1709.95,165
1661942940,1710.42,119
1661943000,1710.44,172
1661943060,1710.74,178
1661943120,1710.78,142
1661943180,1710.96,102
1661943240,1711.20,139
1661943300,1711.30,173
1661943360,1711.68,117
1661943420,1712.00,136
1661943480,1711.76,148
1661943540,1711.90,128
1661943600,1710.82,190
1661943660,1711.28,134
1661943720,1711.38,116
1661943780,1711.45,118
1661943840,1712.70,175
1661943900,1712.74,170
1661943960,1712.66,126
1661944020,1712.96,154
1661944080,1712.87,161
1661944140,1712.98,130
1661944200,1712.82,147
1661944260,1712.88,134
1661944320,1712.99,142
1661944380,1712.64,133
1661944440,1712.89,130
1661944500,1712.65,143
1661944560,1712.26,169
1661944620,1711.88,127
1661944680,1711.95,146
1661944740,1712.22,154
1661944800,1712.47,138
1661944860,1712.12,153
1661944920,1712.98,141
1661944980,1713.59,157
1661945040,1713.41,192
1661945100,1713.47,158
1661945160,1713.88,131
1661945220,1714.10,160
1661945280,1714.45,138
1661945340,1714.64,147
1661945400,1715.22,241
1661945460,1715.52,200
1661945520,1714.73,192
1661945580,1713.86,196
1661945640,1714.38,171
1661945700,1714.08,147
1661945760,1714.38,134
1661945820,1714.81,119
1661945880,1715.32,137
1661945940,1715.08,173
1661946000,1714.91,153
1661946060,1715.24,136
1661946120,1714.98,211
1661946180,1715.36,190
1661946240,1715.60,150
1661946300,1715.72,117
1661946360,1716.11,120
1661946420,1716.10,148
1661946480,1716.18,150
1661946540,1715.20,174
1661946600,1715.20,124
1661946660,1714.91,109
1661946720,1715.18,188
1661946780,1715.18,142
1661946840,1714.94,121
1661946900,1714.78,155
1661946960,1714.66,139
1661947020,1714.10,153
1661947080,1714.24,138
1661947140,1714.02,145
1661947200,1714.48,232
1661947260,1713.60,208
1661947320,1713.70,183
1661947380,1712.98,184
1661947440,1713.54,159
1661947500,1712.90,152
1661947560,1713.12,198
1661947620,1713.60,166
1661947680,1713.78,177
1661947740,1713.80,136
1661947800,1713.48,137
1661947860,1713.14,127
1661947920,1713.04,138
1661947980,1713.72,95
1661948040,1712.84,154
1661948100,1714.94,406
1661948160,1715.20,331
1661948220,1713.80,293
1661948280,1714.08,267
1661948340,1712.66,277
1661948400,1710.51,367
1661948460,1711.45,339
1661948520,1711.66,258
1661948580,1710.95,286
1661948640,1711.88,309
1661948700,1711.44,266
1661948760,1712.04,240
1661948820,1712.30,256
1661948880,1712.00,256
1661948940,1712.30,256
1661949000,1711.42,293
1661949060,1711.04,276
1661949120,1712.26,259
1661949180,1712.86,254
1661949240,1713.56,311
1661949300,1712.56,309
1661949360,1712.72,257
1661949420,1713.12,248
1661949480,1712.45,228
1661949540,1711.84,219
1661949600,1711.48,231
1661949660,1711.10,240
1661949720,1711.36,268
1661949780,1711.12,249
1661949840,1711.60,243
1661949900,1711.64,239
1661949960,1711.94,237
1661950020,1711.38,248
1661950080,1711.06,249
1661950140,1710.95,257
1661950200,1710.39,289
1661950260,1710.70,259
1661950320,1710.36,264
1661950380,1709.96,218
1661950440,1710.05,192
1661950500,1710.42,257
1661950560,1710.34,216
1661950620,1711.47,180
1661950680,1710.85,198
1661950740,1711.62,226
1661950800,1713.00,386
1661950860,1712.63,287
1661950920,1711.72,340
1661950980,1711.51,326
1661951040,1711.36,277
1661951100,1711.61,230
1661951160,1712.32,252
1661951220,1712.90,309
1661951280,1712.77,268
1661951340,1712.78,236
1661951400,1712.46,238
1661951460,1712.17,274
1661951520,1712.19,293
1661951580,1711.56,233
1661951640,1711.59,251
1661951700,1711.40,239
1661951760,1711.16,270
1661951820,1711.24,248
1661951880,1711.23,231
1661951940,1712.34,230
1661952000,1712.28,249
1661952060,1712.08,173
1661952120,1712.34,216
1661952180,1712.47,197
1661952240,1712.58,216
1661952300,1712.42,223
1661952360,1712.68,230
1661952420,1712.71,252
1661952480,1712.19,182
1661952540,1712.04,208
1661952600,1712.18,349
1661952660,1711.60,333
1661952720,1711.36,296
1661952780,1711.76,302
1661952840,1711.73,293
1661952900,1711.38,271
1661952960,1710.80,262
1661953020,1710.81,241
1661953080,1711.52,265
1661953140,1712.06,270
1661953200,1712.91,277
1661953260,1712.86,245
1661953320,1713.28,293
1661953380,1713.77,245
1661953440,1714.72,270
1661953500,1715.24,345
1661953560,1716.58,360
1661953620,1717.16,387
1661953680,1716.57,350
1661953740,1716.39,346
1661953800,1716.70,327
1661953860,1716.97,329
1661953920,1717.04,295
1661953980,1716.48,278
1661954040,1716.76,230
1661954100,1715.90,327
1661954160,1716.46,296
1661954220,1715.88,261
1661954280,1716.14,316
1661954340,1716.18,324
1661954400,1715.58,382
1661954460,1717.06,275
1661954520,1716.80,301
1661954580,1715.86,271
1661954640,1715.52,294
1661954700,1716.53,242
1661954760,1715.08,272
1661954820,1715.08,267
1661954880,1715.38,296
1661954940,1715.74,293
1661955000,1716.22,251
1661955060,1716.60,278
1661955120,1716.80,281
1661955180,1716.72,271
1661955240,1717.36,269
1661955300,1716.48,266
1661955360,1716.90,274
1661955420,1717.90,301
1661955480,1717.04,264
1661955540,1717.49,279
1661955600,1717.15,238
1661955660,1717.91,257
1661955720,1718.02,249
1661955780,1718.38,268
1661955840,1718.67,261
1661955900,1719.78,297
1661955960,1720.79,271
1661956020,1721.00,294
1661956080,1720.86,285
1661956140,1721.16,300
1661956200,1721.04,324
1661956260,1722.64,303
1661956320,1722.62,363
1661956380,1722.34,336
1661956440,1721.77,331
1661956500,1721.42,280
1661956560,1720.78,266
1661956620,1720.56,275
1661956680,1719.12,311
1661956740,1719.54,269
1661956800,1719.90,285
1661956860,1720.18,275
1661956920,1720.01,266
1661956980,1720.04,260
1661957040,1720.86,268
1661957100,1721.09,284
1661957160,1721.28,271
1661957220,1722.06,247
1661957280,1722.21,262
1661957340,1722.52,247
1661957400,1722.27,302
1661957460,1721.13,327
1661957520,1721.36,306
1661957580,1721.04,306
1661957640,1722.08,335
1661957700,1722.22,297
1661957760,1722.00,326
1661957820,1721.92,292
1661957880,1721.68,270
1661957940,1721.56,260
1661958000,1721.28,319
1661958060,1720.91,298
1661958120,1720.70,301
1661958180,1720.11,239
1661958240,1720.56,237
1661958300,1720.82,201
1661958360,1720.46,228
1661958420,1719.59,250
1661958480,1719.75,228
1661958540,1719.82,202
1661958600,1720.62,262
1661958660,1719.15,252
1661958720,1719.18,262
1661958780,1719.03,267
1661958840,1718.85,257
1661958900,1718.25,205
1661958960,1718.04,217
1661959020,1718.40,200
1661959080,1718.94,218
1661959140,1719.82,214
1661959200,1720.00,203
1661959260,1721.16,224
1661959320,1720.96,256
1661959380,1721.18,200
1661959440,1720.93,187
1661959500,1721.06,173
1661959560,1721.50,156
1661959620,1721.28,187
1661959680,1720.74,244
1661959740,1720.26,219
1661959800,1720.32,218
1661959860,1720.40,190
1661959920,1720.37,188
1661959980,1720.48,193
1661960040,1720.37,201
1661960100,1720.75,216
1661960160,1720.39,196
1661960220,1719.94,185
1661960280,1719.82,208
1661960340,1719.24,253
1661960400,1718.92,202
1661960460,1719.10,177
1661960520,1719.10,189
1661960580,1719.94,189
1661960640,1720.83,197
1661960700,1720.33,202
1661960760,1721.16,171
1661960820,1720.72,171
1661960880,1720.72,182
1661960940,1720.36,181
1661961000,1720.40,144
1661961060,1720.14,148
1661961120,1720.06,151
1661961180,1720.18,173
1661961240,1719.83,138
1661961300,1720.36,204
1661961360,1719.98,142
1661961420,1719.75,122
1661961480,1719.30,165
1661961540,1718.78,166
1661961600,1718.85,187
1661961660,1718.54,178
1661961720,1718.82,198
1661961780,1718.89,203
1661961840,1718.66,153
1661961900,1718.60,138
1661961960,1718.13,134
1661962020,1718.44,96
1661962080,1718.40,127
1661962140,1718.57,141
1661962200,1718.64,123
1661962260,1718.86,131
1661962320,1718.71,77
1661962380,1718.87,124
1661962440,1718.56,96
1661962500,1718.64,121
1661962560,1718.90,123
1661962620,1718.86,137
1661962680,1718.46,145
1661962740,1718.46,182
1661962800,1718.44,153
1661962860,1718.42,108
1661962920,1718.18,100
1661962980,1717.80,140
1661963040,1717.69,161
1661963100,1717.69,148
1661963160,1717.87,144
1661963220,1718.04,128
1661963280,1718.52,163
1661963340,1718.71,136
1661963400,1718.69,166
1661963460,1719.02,130
1661963520,1718.84,182
1661963580,1718.84,123
1661963640,1718.72,86
1661963700,1718.72,109
1661963760,1717.90,147
1661963820,1717.88,140
1661963880,1717.64,146
1661963940,1717.76,90
1661964000,1717.59,93
1661964060,1717.12,129
1661964120,1716.68,134
1661964180,1716.70,143
1661964240,1716.32,145
1661964300,1716.26,172
1661964360,1715.86,124
1661964420,1716.04,153
1661964480,1716.28,117
1661964540,1716.46,159
1661964600,1716.16,115
1661964660,1715.85,119
1661964720,1715.79,102
1661964780,1716.12,118
1661964840,1716.22,102
1661964900,1715.92,105
1661964960,1715.74,100
1661965020,1715.96,103
1661965080,1716.23,82
1661965140,1716.20,125
1661965200,1715.54,150
1661965260,1715.94,135
1661965320,1715.78,167
1661965380,1716.03,119
1661965440,1716.20,143
1661965500,1715.76,125
1661965560,1715.60,162
1661965620,1716.04,123
1661965680,1715.78,124
1661965740,1715.90,88
1661965800,1715.74,99
1661965860,1715.44,100
1661965920,1715.60,95
1661965980,1715.78,94
1661966040,1715.84,96
1661966100,1715.65,109
1661966160,1715.54,101
1661966220,1715.02,93
1661966280,1715.21,94
1661966340,1715.01,122
1661966400,1714.70,131
1661966460,1714.45,87
1661966520,1714.32,122
1661966580,1714.44,109
1661966640,1714.52,196
1661966700,1713.89,145
1661966760,1713.60,109
1661966820,1713.72,113
1661966880,1713.87,94
1661966940,1714.70,233
1661967000,1715.22,124
1661967060,1714.44,127
1661967120,1714.99,119
1661967180,1714.53,99
1661967240,1714.52,82
1661967300,1714.36,47
1661967360,1714.30,92
1661967420,1714.08,89
1661967480,1713.98,126
1661967540,1713.85,157
1661967600,1713.82,121
1661967660,1713.90,101
1661967720,1713.65,92
1661967780,1713.82,109
1661967840,1713.74,64
1661967900,1713.94,104
1661967960,1714.00,79
1661968020,1713.78,90
1661968080,1713.60,83
1661968140,1713.26,101
1661968200,1713.38,104
1661968260,1713.18,112
1661968320,1713.22,99
1661968380,1713.13,67
1661968440,1712.78,99
1661968500,1712.89,140
1661968560,1712.80,100
1661968620,1712.93,93
1661968680,1712.94,112
1661968740,1712.86,74
1661968800,1712.96,104
1661968860,1713.03,88
1661968920,1712.86,166
1661968980,1713.08,136
1661969040,1713.05,104
1661969100,1713.05,99
1661969160,1712.87,118
1661969220,1713.26,85
1661969280,1714.06,149
1661969340,1713.86,118
1661969400,1713.50,151
1661969460,1713.12,108
1661969520,1713.33,73
1661969580,1713.44,91
1661969640,1713.43,81
1661969700,1713.82,104
1661969760,1713.56,115
1661969820,1713.48,112
1661969880,1713.38,69
1661969940,1713.24,62
1661970000,1712.90,88
1661970060,1713.00,116
1661970120,1712.78,117
1661970180,1712.71,99
1661970240,1712.80,72
1661970300,1712.60,134
1661970360,1712.72,95
1661970420,1712.56,95
1661970480,1712.04,190
1661970540,1712.28,123
1661970600,1712.49,103
1661970660,1712.18,97
1661970720,1712.03,82
1661970780,1711.94,95
1661970840,1711.86,104
1661970900,1711.93,97
1661970960,1712.81,173
1661971020,1712.40,114
1661971080,1712.06,86
1661971140,1711.78,85
1661971200,1712.04,102
1661971260,1712.04,53
1661971320,1712.04,88
1661971380,1712.55,121
1661971440,1713.03,113
1661971500,1712.70,101
1661971560,1712.45,81
1661971620,1712.37,84
1661971680,1712.75,102
1661971740,1712.76,99
1661971800,1712.52,117
1661971860,1712.69,100
1661971920,1712.60,131
1661971980,1712.20,173
1661972040,1711.77,97
1661972100,1711.96,143
1661972160,1711.83,137
1661972220,1711.48,136
1661972280,1711.12,145
1661972340,1711.00,204
1661972400,1710.97,158
1661972460,1711.14,110
1661972520,1711.86,127
1661972580,1712.44,106
1661972640,1712.62,105
1661972700,1712.43,103
1661972760,1712.30,122
1661972820,1712.42,116
1661972880,1712.03,143
1661972940,1711.60,135
1661973000,1711.33,118
1661973060,1711.16,171
1661973120,1710.74,141
1661973180,1710.60,143
1661973240,1710.28,175
1661973300,1710.22,167
1661973360,1710.56,133
1661973420,1710.20,112
1661973480,1710.54,117
1661973540,1710.32,62
1661973600,1710.16,63
1661973660,1710.20,65
1661973720,1710.14,77
1661973780,1710.34,69
1661973840,1710.20,102
1661973900,1710.04,88
1661973960,1710.32,96
1661974020,1710.32,91
1661974080,1710.86,128
1661974140,1710.50,116
1661974200,1710.40,132
1661974260,1710.38,121
1661974320,1710.29,106
1661974380,1710.00,105
1661974440,1710.00,70
1661974500,1710.04,62
1661974560,1710.08,61
1661974620,1709.93,112
1661974680,1709.99,80
1661974740,1709.94,117
1661974800,1710.05,98
1661974860,1710.06,122
1661974920,1710.07,117
1661974980,1710.12,135
1661975040,1710.42,132
1661975100,1710.18,128
1661975160,1709.98,125
1661975220,1710.05,94
1661975280,1710.02,132
1661975340,1710.02,112
1661975400,1710.12,147
1661975460,1710.06,159
1661975520,1709.94,146
1661975580,1710.16,139
1661975640,1709.96,151
1661975700,1709.88,189
1661975760,1710.06,169
1661975820,1710.24,185
1661975880,1710.11,160
1661975940,1710.18,228
1661976000,1710.27,235
1661976060,1710.02,190
1661976120,1709.78,87
1661976180,1709.87,135
1661976240,1709.99,120
1661976300,1710.14,65
1661976360,1710.12,80
1661976420,1710.22,67
1661976480,1710.21,64
1661976540,1710.10,126
1661976600,1710.24,115
1661976660,1710.72,91
1661976720,1710.59,68
1661976780,1710.80,80
1661976840,1710.94,93
1661976900,1711.06,62
1661976960,1710.89,52
1661977020,1710.80,76
1661977080,1710.82,72
1661977140,1710.42,63
1661977200,1710.53,39
1661977260,1710.62,50
1661977320,1710.60,23
1661977380,1710.56,31
1661977440,1710.46,27
1661977500,1710.46,53
1661977560,1710.35,56
1661977620,1710.45,68
1661977680,1710.46,65
1661977740,1710.54,50
1661977800,1710.53,86
1661977860,1710.56,31
1661977920,1710.54,33
1661977980,1710.62,76
1661978040,1710.92,63
1661978100,1710.78,109
1661978160,1710.57,65
1661978220,1710.68,42
1661978280,1710.73,92
1661978340,1710.88,65
1661978400,1711.22,69
1661978460,1710.64,73
1661978520,1710.55,48
1661978580,1710.66,33
1661978640,1710.66,45
1661978700,1710.78,67
1661978760,1710.68,61
1661978820,1710.68,51
1661978880,1710.64,36
1661978940,1710.65,59
1661979000,1710.62,61
1661979060,1710.52,44
1661979120,1710.52,52
1661979180,1710.56,45
1661979240,1710.54,33
1661979300,1710.53,69
1661979360,1710.60,51
1661983320,1711.10,51
1661983380,1710.96,61
1661983440,1711.14,29
1661983500,1711.02,34
1661983560,1710.88,28
1661983620,1710.94,36
1661983680,1710.70,19
1661983740,1710.74,24
1661983800,1710.63,30
1661983860,1710.27,34
1661983920,1710.09,20
1661983980,1709.94,38
1661984040,1709.88,6
1661984100,1709.90,14
1661984160,1709.92,14
1661984220,1709.91,6
1661984280,1709.71,21
1661984340,1709.68,61
1661984400,1709.18,65
1661984460,1706.98,140
1661984520,1708.49,89
1661984580,1709.06,80
1661984640,1709.92,113
1661984700,1709.36,82
1661984760,1709.22,59
1661984820,1708.94,37
1661984880,1709.24,36
1661984940,1709.78,42
1661985000,1710.37,59
1661985060,1710.12,35
1661985120,1710.09,13
1661985180,1710.10,10
1661985240,1710.34,23
1661985300,1710.62,33
1661985360,1710.97,41
1661985420,1710.82,36
1661985480,1710.74,21
1661985540,1711.15,59
1661985600,1711.36,63
1661985660,1711.24,19
1661985720,1711.06,34
1661985780,1710.96,9
1661985840,1710.94,10
1661985900,1710.48,55
1661985960,1710.61,31
1661986020,1710.70,22
1661986080,1710.64,39
1661986140,1710.40,31
1661986200,1710.44,15
1661986260,1710.32,31
1661986320,1710.42,32
1661986380,1710.56,28
1661986440,1710.62,20
1661986500,1710.54,14
1661986560,1710.92,39
1661986620,1710.95,23
1661986680,1710.94,19
1661986740,1711.18,45
1661986800,1709.88,128
1661986860,1709.70,79
1661986920,1709.65,34
1661986980,1709.54,29
1661987040,1709.01,67
1661987100,1708.65,62
1661987160,1708.26,60
1661987220,1708.04,32
1661987280,1708.22,64
1661987340,1708.34,36
1661987400,1709.32,79
1661987460,1709.44,44
1661987520,1708.86,60
1661987580,1708.58,22
1661987640,1708.37,35
1661987700,1708.27,43
1661987760,1708.80,64
1661987820,1708.97,74
1661987880,1708.97,54
1661987940,1708.88,46
1661988000,1708.90,52
1661988060,1708.86,107
1661988120,1708.50,82
1661988180,1708.38,50
1661988240,1708.75,94
1661988300,1708.84,27
1661988360,1708.95,48
1661988420,1708.83,61
1661988480,1708.97,47
1661988540,1708.74,45
1661988600,1708.78,58
1661988660,1708.84,49
1661988720,1709.26,55
1661988780,1709.29,46
1661988840,1709.55,59
1661988900,1709.24,62
1661988960,1709.26,45
1661989020,1709.40,36
1661989080,1709.23,48
1661989140,1709.33,40
1661989200,1709.26,34
1661989260,1709.40,49
1661989320,1709.24,50
1661989380,1709.24,24
1661989440,1709.45,40
1661989500,1709.27,43
1661989560,1709.62,59
1661989620,1709.81,41
1661989680,1709.22,75
1661989740,1708.64,90
1661989800,1708.60,119
1661989860,1708.56,53
1661989920,1708.42,70
1661989980,1708.22,61
1661990040,1707.92,100
1661990100,1708.24,61
1661990160,1708.48,101
1661990220,1708.76,56
1661990280,1708.34,90
1661990340,1708.95,70
