timestamp_utc,close,tick_volume
1627855320,1814.02,56
1627855380,1815.10,67
1627855440,1814.54,97
1627855500,1814.45,74
1627855560,1814.49,49
1627855620,1814.63,54
1627855680,1815.01,80
1627855740,1814.80,74
1627855800,1814.61,38
1627855860,1813.94,65
1627855920,1813.86,42
1627855980,1814.12,24
1627856040,1814.20,44
1627856100,1814.18,25
1627856160,1814.19,38
1627856220,1814.10,45
1627856280,1814.27,35
1627856340,1814.31,46
1627856400,1814.12,35
1627856460,1813.87,54
1627856520,1814.01,50
1627856580,1814.02,22
1627856640,1814.22,25
1627856700,1813.84,51
1627856760,1813.91,15
1627856820,1814.03,23
1627856880,1814.21,49
1627856940,1814.40,20
1627857000,1814.11,61
1627857060,1813.91,39
1627857120,1813.88,17
1627857180,1813.82,10
1627857240,1813.76,36
1627857300,1813.75,39
1627857360,1813.49,49
1627857420,1813.73,45
1627857480,1814.09,55
1627857540,1814.39,51
1627857600,1813.92,61
1627857660,1813.79,43
1627857720,1813.96,53
1627857780,1813.69,52
1627857840,1813.77,30
1627857900,1813.68,42
1627857960,1813.75,16
1627858020,1814.09,30
1627858080,1814.09,40
1627858140,1814.14,15
1627858200,1814.35,81
1627858260,1814.18,55
1627858320,1814.27,47
1627858380,1814.11,45
1627858440,1814.38,63
1627858500,1814.36,35
1627858560,1814.22,32
1627858620,1814.14,39
1627858680,1814.13,30
1627858740,1814.16,19
1627858800,1813.79,81
1627858860,1813.77,54
1627858920,1813.74,49
1627858980,1813.71,35
1627859040,1813.77,29
1627859100,1813.69,31
1627859160,1813.57,30
1627859220,1813.63,34
1627859280,1813.66,19
1627859340,1813.60,24
1627859400,1813.50,49
1627859460,1813.52,37
1627859520,1813.81,39
1627859580,1813.80,28
1627859640,1813.79,33
1627859700,1813.53,28
1627859760,1813.46,36
1627859820,1813.34,48
1627859880,1813.20,62
1627859940,1813.23,37
1627860000,1813.13,63
1627860060,1813.23,43
1627860120,1813.09,30
1627860180,1812.82,44
1627860240,1812.99,55
1627860300,1813.27,33
1627860360,1813.32,37
1627860420,1813.47,46
1627860480,1813.49,30
1627860540,1813.27,55
1627860600,1812.85,57
1627860660,1812.81,44
1627860720,1812.91,78
1627860780,1812.68,58
1627860840,1812.67,38
1627860900,1812.70,25
1627860960,1812.60,27
1627861020,1812.61,47
1627861080,1812.44,48
1627861140,1812.33,73
1627861200,1812.31,78
1627861260,1812.35,30
1627861320,1812.77,73
1627861380,1812.86,58
1627861440,1812.81,23
1627861500,1812.81,55
1627861560,1813.26,46
1627861620,1813.24,27
1627861680,1813.47,43
1627861740,1813.13,29
1627861800,1813.34,37
1627861860,1813.51,14
1627861920,1813.84,41
1627861980,1813.66,23
1627862040,1813.47,20
1627862100,1813.68,23
1627862160,1813.71,30
1627862220,1813.63,16
1627862280,1813.75,35
1627862340,1813.93,39
1627862400,1813.78,79
1627862460,1813.40,78
1627862520,1813.16,58
1627862580,1813.19,86
1627862640,1813.82,84
1627862700,1813.37,71
1627862760,1813.02,54
1627862820,1812.96,103
1627862880,1813.20,79
1627862940,1813.48,64
1627863000,1813.38,73
1627863060,1813.56,69
1627863120,1813.27,75
1627863180,1813.28,57
1627863240,1813.57,75
1627863300,1813.82,93
1627863360,1814.30,74
1627863420,1814.38,77
1627863480,1814.53,56
1627863540,1814.58,88
1627863600,1814.32,48
1627863660,1814.44,42
1627863720,1814.57,34
1627863780,1814.69,36
1627863840,1814.68,40
1627863900,1814.73,23
1627863960,1814.88,52
1627864020,1815.01,62
1627864080,1814.99,57
1627864140,1814.89,58
1627864200,1814.48,64
1627864260,1814.68,56
1627864320,1814.76,58
1627864380,1814.99,45
1627864440,1815.41,71
1627864500,1815.21,73
1627864560,1815.49,13
1627864620,1815.78,47
1627864680,1815.86,75
1627864740,1816.00,60
1627864800,1816.17,87
1627864860,1816.05,73
1627864920,1815.71,95
1627864980,1815.76,137
1627865040,1815.81,67
1627865100,1815.66,77
1627865160,1815.74,67
1627865220,1815.53,33
1627865280,1815.00,71
1627865340,1814.91,69
1627865400,1815.28,59
1627865460,1815.71,45
1627865520,1816.04,57
1627865580,1815.84,73
1627865640,1815.90,147
1627865700,1816.09,69
1627865760,1816.13,79
1627865820,1816.24,90
1627865880,1816.27,79
1627865940,1816.51,84
1627866000,1816.64,329
1627866060,1816.35,247
1627866120,1816.47,224
1627866180,1815.92,205
1627866240,1815.95,216
1627866300,1815.21,213
1627866360,1814.47,235
1627866420,1814.13,176
1627866480,1813.62,225
1627866540,1813.96,205
1627866600,1812.98,254
1627866660,1813.17,190
1627866720,1813.78,167
1627866780,1813.99,158
1627866840,1814.26,152
1627866900,1814.11,186
1627866960,1812.21,286
1627867020,1812.60,252
1627867080,1812.28,239
1627867140,1812.67,177
1627867200,1812.27,170
1627867260,1812.22,195
1627867320,1812.37,174
1627867380,1812.55,120
1627867440,1812.94,172
1627867500,1812.61,128
1627867560,1812.42,298
1627867620,1812.53,237
1627867680,1812.43,173
1627867740,1811.90,246
1627867800,1810.25,345
1627867860,1810.24,311
1627867920,1810.16,257
1627867980,1810.30,210
1627868040,1810.29,197
1627868100,1809.61,212
1627868160,1808.85,259
1627868220,1809.79,234
1627868280,1810.22,208
1627868340,1810.63,236
1627868400,1809.98,191
1627868460,1809.74,177
1627868520,1810.19,190
1627868580,1809.79,203
1627868640,1809.69,192
1627868700,1808.87,270
1627868760,1809.59,288
1627868820,1809.73,184
1627868880,1810.09,175
1627868940,1810.42,228
1627869000,1809.63,237
1627869060,1810.73,218
1627869120,1810.56,202
1627869180,1810.23,135
1627869240,1809.85,188
1627869300,1810.09,176
1627869360,1810.53,197
1627869420,1811.16,153
1627869480,1810.99,226
1627869540,1811.01,159
1627869600,1810.56,173
1627869660,1810.67,213
1627869720,1809.52,226
1627869780,1809.82,262
1627869840,1809.06,249
1627869900,1808.78,216
1627869960,1809.00,234
1627870020,1809.36,236
1627870080,1809.51,294
1627870140,1809.96,149
1627870200,1809.85,165
1627870260,1810.25,148
1627870320,1810.41,181
1627870380,1810.65,211
1627870440,1810.61,199
1627870500,1810.71,136
1627870560,1810.45,160
1627870620,1810.80,124
1627870680,1810.77,102
1627870740,1810.76,68
1627870800,1810.74,116
1627870860,1810.17,170
1627870920,1810.30,164
1627870980,1810.12,48
1627871040,1810.60,121
1627871100,1810.95,159
1627871160,1810.97,101
1627871220,1811.37,65
1627871280,1811.76,121
1627871340,1812.13,144
1627871400,1812.01,207
1627871460,1811.66,190
1627871520,1811.42,131
1627871580,1811.55,153
1627871640,1811.57,117
1627871700,1811.98,180
1627871760,1811.92,130
1627871820,1811.93,116
1627871880,1811.83,116
1627871940,1812.12,132
1627872000,1812.40,200
1627872060,1811.52,175
1627872120,1812.28,180
1627872180,1812.22,190
1627872240,1811.77,138
1627872300,1811.84,176
1627872360,1811.80,145
1627872420,1811.63,138
1627872480,1811.94,105
1627872540,1811.84,151
1627872600,1811.97,154
1627872660,1811.91,117
1627872720,1812.24,111
1627872780,1812.34,127
1627872840,1812.30,88
1627872900,1811.91,137
1627872960,1811.78,173
1627873020,1811.99,142
1627873080,1812.23,112
1627873140,1812.17,111
1627873200,1811.69,148
1627873260,1811.03,192
1627873320,1811.29,140
1627873380,1811.47,121
1627873440,1811.54,82
1627873500,1811.33,116
1627873560,1811.24,72
1627873620,1811.21,84
1627873680,1811.12,65
1627873740,1810.80,115
1627873800,1810.69,93
1627873860,1810.48,111
1627873920,1810.73,115
1627873980,1810.52,107
1627874040,1810.35,81
1627874100,1810.73,88
1627874160,1810.74,98
1627874220,1810.80,82
1627874280,1811.15,107
1627874340,1811.10,105
1627874400,1811.19,108
1627874460,1811.19,132
1627874520,1811.49,130
1627874580,1811.39,142
1627874640,1811.52,91
1627874700,1811.43,93
1627874760,1811.41,118
1627874820,1811.22,58
1627874880,1811.52,95
1627874940,1811.56,86
1627875000,1811.17,79
1627875060,1810.84,86
1627875120,1811.17,98
1627875180,1811.56,68
1627875240,1811.44,47
1627875300,1811.19,49
1627875360,1811.01,68
1627875420,1811.05,38
1627875480,1811.05,35
1627875540,1811.12,43
1627875600,1811.27,79
1627875660,1811.48,65
1627875720,1811.63,61
1627875780,1811.72,42
1627875840,1811.58,29
1627875900,1811.49,34
1627875960,1811.45,23
1627876020,1811.73,51
1627876080,1811.91,86
1627876140,1811.90,62
1627876200,1812.08,87
1627876260,1812.28,106
1627876320,1812.13,74
1627876380,1812.05,108
1627876440,1812.12,128
1627876500,1811.92,110
1627876560,1811.97,75
1627876620,1812.17,53
1627876680,1812.08,34
1627876740,1812.06,30
1627876800,1811.97,55
1627876860,1812.01,37
1627876920,1812.01,47
1627876980,1812.06,44
1627877040,1812.20,37
1627877100,1812.07,28
1627877160,1812.03,30
1627877220,1811.95,22
1627877280,1811.91,42
1627877340,1811.86,43
1627877400,1811.90,38
1627877460,1811.68,41
1627877520,1811.49,33
1627877580,1811.47,28
1627877640,1811.39,19
1627877700,1811.56,27
1627877760,1811.54,31
1627877820,1811.42,32
1627877880,1811.47,44
1627877940,1811.41,21
1627878000,1811.37,30
1627878060,1811.45,31
1627878120,1811.37,65
1627878180,1811.46,29
1627878240,1811.20,50
1627878300,1811.13,32
1627878360,1811.21,31
1627878420,1811.04,29
1627878480,1811.02,26
1627878540,1811.03,29
1627878600,1810.93,42
1627878660,1811.10,27
1627878720,1811.00,33
1627878780,1810.91,67
1627878840,1810.81,54
1627878900,1810.82,64
1627878960,1810.78,85
1627879020,1810.96,16
1627879080,1810.94,10
1627879140,1810.81,24
1627879200,1810.80,63
1627879260,1810.81,24
1627879320,1810.54,44
1627879380,1810.51,55
1627879440,1810.28,66
1627879500,1810.73,79
1627879560,1810.59,64
1627879620,1810.78,57
1627879680,1810.18,44
1627879740,1810.44,43
1627879800,1810.51,40
1627879860,1810.59,24
1627879920,1810.40,42
1627879980,1810.59,27
1627880040,1810.59,9
1627880100,1810.60,29
1627880160,1810.55,14
1627880220,1810.51,56
1627880280,1810.61,40
1627880340,1810.70,37
1627880400,1810.60,113
1627880460,1810.82,47
1627880520,1810.81,69
1627880580,1810.79,43
1627880640,1810.86,22
1627880700,1810.91,90
1627880760,1810.57,58
1627880820,1810.57,27
1627880880,1810.46,33
1627880940,1810.46,15
1627881000,1810.45,38
1627881060,1810.39,54
1627881120,1810.14,62
1627881180,1810.16,56
1627881240,1810.25,67
1627881300,1809.72,72
1627881360,1809.62,68
1627881420,1809.79,81
1627881480,1809.49,57
1627881540,1809.79,82
1627881600,1809.74,67
1627881660,1809.61,69
1627881720,1809.82,57
1627881780,1810.09,58
1627881840,1811.24,130
1627881900,1811.79,132
1627881960,1811.77,52
1627882020,1811.76,67
1627882080,1811.54,62
1627882140,1811.53,70
1627882200,1811.60,166
1627882260,1811.62,174
1627882320,1811.75,150
1627882380,1811.67,143
1627882440,1811.92,111
1627882500,1811.95,131
1627882560,1811.51,122
1627882620,1811.18,117
1627882680,1811.18,69
1627882740,1811.08,67
1627882800,1811.10,92
1627882860,1810.71,65
1627882920,1810.90,89
1627882980,1811.48,150
1627883040,1811.27,120
1627883100,1811.77,135
1627883160,1813.05,176
1627883220,1812.96,299
1627883280,1812.21,169
1627883340,1812.13,237
1627883400,1812.34,186
1627883460,1812.07,130
1627883520,1811.95,83
1627883580,1812.17,132
1627883640,1811.86,131
1627883700,1811.79,91
1627883760,1811.93,46
1627883820,1812.01,68
1627883880,1811.61,112
1627883940,1811.52,88
1627884000,1809.89,285
1627884060,1809.30,276
1627884120,1809.71,265
1627884180,1809.87,206
1627884240,1810.13,178
1627884300,1809.81,166
1627884360,1810.07,127
1627884420,1809.71,192
1627884480,1810.18,219
1627884540,1810.03,139
1627884600,1809.71,188
1627884660,1809.24,151
1627884720,1809.45,141
1627884780,1810.23,194
1627884840,1810.58,116
1627884900,1810.04,96
1627884960,1809.66,107
1627885020,1809.43,148
1627885080,1809.22,167
1627885140,1810.25,150
1627885200,1810.07,107
1627885260,1810.30,199
1627885320,1809.38,172
1627885380,1809.63,217
1627885440,1809.02,228
1627885500,1808.24,265
1627885560,1808.55,213
1627885620,1809.16,147
1627885680,1808.60,173
1627885740,1808.46,135
1627885800,1808.26,131
1627885860,1808.56,83
1627885920,1808.56,86
1627885980,1808.52,121
1627886040,1808.04,126
1627886100,1807.93,172
1627886160,1807.76,148
1627886220,1808.53,191
1627886280,1808.15,131
1627886340,1808.12,152
1627886400,1808.18,118
1627886460,1808.19,166
1627886520,1808.16,147
1627886580,1808.79,158
1627886640,1808.34,141
1627886700,1807.80,196
1627886760,1808.49,126
1627886820,1808.39,135
1627886880,1808.50,108
1627886940,1808.31,136
1627887000,1807.96,189
1627887060,1808.04,137
1627887120,1807.09,181
1627887180,1807.41,208
1627887240,1807.63,162
1627887300,1808.28,164
1627887360,1808.58,160
1627887420,1808.78,212
1627887480,1808.39,179
1627887540,1808.42,209
1627887600,1808.72,209
1627887660,1808.23,168
1627887720,1809.41,245
1627887780,1808.90,254
1627887840,1809.16,194
1627887900,1808.32,221
1627887960,1808.01,191
1627888020,1807.80,242
1627888080,1808.57,196
1627888140,1808.58,105
1627888200,1808.22,135
1627888260,1808.15,184
1627888320,1808.18,143
1627888380,1807.83,124
1627888440,1807.50,168
1627888500,1807.37,143
1627888560,1807.88,160
1627888620,1807.82,119
1627888680,1807.91,124
1627888740,1807.61,115
1627888800,1807.25,141
1627888860,1807.16,144
1627888920,1807.00,80
1627888980,1807.05,104
1627889040,1806.77,130
1627889100,1806.90,138
1627889160,1806.95,91
1627889220,1807.60,115
1627889280,1807.61,169
1627889340,1807.65,161
1627889400,1807.39,184
1627889460,1807.68,83
1627889520,1807.73,129
1627889580,1807.56,120
1627889640,1807.48,94
1627889700,1807.66,67
1627889760,1807.70,98
1627889820,1807.28,130
1627889880,1807.20,113
1627889940,1807.66,101
1627890000,1807.54,91
1627890060,1807.57,57
1627890120,1807.86,89
1627890180,1807.58,80
1627890240,1807.85,38
1627890300,1807.74,104
1627890360,1807.56,56
1627890420,1807.43,79
1627890480,1807.33,71
1627890540,1807.78,125
1627890600,1808.04,125
1627890660,1807.97,88
1627890720,1809.43,173
1627890780,1809.53,193
1627890840,1809.52,102
1627890900,1809.45,138
1627890960,1809.45,134
1627891020,1809.23,127
1627891080,1808.77,126
1627891140,1808.11,139
1627891200,1808.00,103
1627891260,1807.91,72
1627891320,1807.92,151
1627891380,1808.41,157
1627891440,1809.13,114
1627891500,1809.29,109
1627891560,1809.16,95
1627891620,1809.08,47
1627891680,1808.77,121
1627891740,1808.41,80
1627891800,1808.37,116
1627891860,1808.56,81
1627891920,1808.75,97
1627891980,1808.79,85
1627892040,1808.79,109
1627892100,1808.88,61
1627892160,1808.83,105
1627892220,1807.73,150
1627892280,1808.03,122
1627892340,1807.74,82
1627892400,1808.01,104
1627892460,1807.99,69
1627892520,1808.09,64
1627892580,1808.26,110
1627892640,1808.72,81
1627892700,1808.36,95
1627892760,1808.18,82
1627892820,1808.20,58
1627892880,1807.94,104
1627892940,1807.73,110
1627893000,1807.89,110
1627893060,1808.19,97
1627893120,1808.33,82
1627893180,1808.21,62
1627893240,1808.10,88
1627893300,1807.76,95
1627893360,1807.76,138
1627893420,1807.58,81
1627893480,1807.58,147
1627893540,1807.80,94
1627893600,1807.29,119
1627893660,1807.42,108
1627893720,1806.90,121
1627893780,1807.70,228
1627893840,1807.03,134
1627893900,1806.69,168
1627893960,1806.76,160
1627894020,1806.55,91
1627894080,1806.87,101
1627894140,1807.00,97
1627894200,1807.34,87
1627894260,1807.35,88
1627894320,1807.18,88
1627894380,1806.93,126
1627894440,1807.07,120
1627894500,1807.29,86
1627894560,1807.27,70
1627894620,1807.17,58
1627894680,1807.28,123
1627894740,1807.38,87
1627894800,1807.16,108
1627894860,1806.86,67
1627894920,1807.37,75
1627894980,1807.63,99
1627895040,1807.64,104
1627895100,1807.55,61
1627895160,1807.44,84
1627895220,1807.21,58
1627895280,1807.41,31
1627895340,1807.39,38
1627895400,1807.49,50
1627895460,1807.45,39
1627895520,1807.39,32
1627895580,1807.34,63
1627895640,1807.64,71
1627895700,1807.70,60
1627895760,1808.06,67
1627895820,1808.18,61
1627895880,1807.54,90
1627895940,1807.66,69
1627896000,1807.28,67
1627896060,1807.31,50
1627896120,1807.77,75
1627896180,1807.73,104
1627896240,1807.58,81
1627896300,1807.40,88
1627896360,1807.47,88
1627896420,1807.73,91
1627896480,1807.66,75
1627896540,1807.64,29
1627896600,1807.51,37
1627896660,1807.80,55
1627896720,1807.87,47
1627896780,1808.12,95
1627896840,1808.23,75
1627896900,1808.02,77
1627896960,1807.70,87
1627897020,1807.70,65
1627897080,1807.76,47
1627897140,1807.48,70
1627897200,1808.07,81
1627897260,1807.92,72
1627897320,1807.86,74
1627897380,1807.99,95
1627897440,1808.27,71
1627897500,1808.21,102
1627897560,1808.22,64
1627897620,1808.51,89
1627897680,1808.69,62
1627897740,1808.82,88
1627897800,1808.27,108
1627897860,1808.21,66
1627897920,1808.28,54
1627897980,1808.49,57
1627898040,1808.85,95
1627898100,1809.53,151
1627898160,1809.64,114
1627898220,1810.00,115
1627898280,1810.19,157
1627898340,1810.37,147
1627898400,1810.66,187
1627898460,1810.01,141
1627898520,1810.14,85
1627898580,1810.03,86
1627898640,1810.12,90
1627898700,1809.92,102
1627898760,1809.81,93
1627898820,1809.91,53
1627898880,1810.03,84
1627898940,1810.07,100
1627899000,1810.11,53
1627899060,1809.79,112
1627899120,1809.81,44
1627899180,1809.57,84
1627899240,1809.40,102
1627899300,1809.39,94
1627899360,1809.51,92
1627899420,1809.29,78
1627899480,1809.38,52
1627899540,1809.80,113
1627899600,1809.60,110
1627899660,1809.46,100
1627899720,1809.47,39
1627899780,1809.41,62
1627899840,1809.19,76
1627899900,1808.99,51
1627899960,1808.99,48
1627900020,1808.81,74
1627900080,1808.49,78
1627900140,1808.38,81
1627900200,1808.67,83
1627900260,1808.65,82
1627900320,1808.76,43
1627900380,1808.48,101
1627900440,1808.38,64
1627900500,1808.61,79
1627900560,1808.41,56
1627900620,1808.42,27
1627900680,1808.30,61
1627900740,1808.16,85
1627900800,1808.29,85
1627900860,1808.24,73
1627900920,1808.54,95
1627900980,1808.57,71
1627901040,1808.89,64
1627901100,1808.99,76
1627901160,1808.98,72
1627901220,1809.19,93
1627901280,1809.37,79
1627901340,1809.28,76
1627901400,1809.04,62
1627901460,1809.00,62
1627901520,1809.15,63
1627901580,1809.05,60
1627901640,1809.07,31
1627901700,1808.66,60
1627901760,1808.57,73
1627901820,1808.53,71
1627901880,1808.80,89
1627901940,1808.80,84
1627902000,1808.48,193
1627902060,1809.14,119
1627902120,1809.13,87
1627902180,1809.23,81
1627902240,1808.95,115
1627902300,1808.89,74
1627902360,1808.85,69
1627902420,1808.82,80
1627902480,1808.96,61
1627902540,1809.19,60
1627902600,1809.15,92
1627902660,1809.05,54
1627902720,1809.14,54
1627902780,1808.84,85
1627902840,1808.61,91
1627902900,1808.63,50
1627902960,1808.71,43
1627903020,1808.91,62
1627903080,1808.53,73
1627903140,1808.39,95
1627903200,1808.20,79
1627903260,1807.99,102
1627903320,1807.89,71
1627903380,1807.89,34
1627903440,1808.16,73
1627903500,1808.16,89
1627903560,1808.07,48
1627903620,1808.16,74
1627903680,1808.56,112
1627903740,1808.74,103
1627903800,1808.24,64
1627903860,1808.14,80
1627903920,1808.08,107
1627903980,1807.99,102
1627904040,1807.80,96
1627904100,1808.26,110
1627904160,1808.39,53
1627904220,1808.24,80
1627904280,1808.73,73
1627904340,1808.19,44
1627904400,1808.37,65
1627904460,1808.13,58
1627904520,1808.27,46
1627904580,1808.37,84
1627904640,1808.72,75
1627904700,1808.75,48
1627904760,1808.74,61
1627904820,1808.66,41
1627904880,1808.94,58
1627904940,1808.85,62
1627905000,1808.91,76
1627905060,1808.89,92
1627905120,1809.46,83
1627905180,1809.95,173
1627905240,1810.52,160
1627905300,1811.09,204
1627905360,1810.79,183
1627905420,1811.36,151
1627905480,1811.45,140
1627905540,1811.41,104
1627905600,1811.14,225
1627905660,1809.61,263
1627905720,1808.68,238
1627905780,1808.39,178
1627905840,1807.62,286
1627905900,1808.22,229
1627905960,1807.57,208
1627906020,1808.06,200
1627906080,1807.80,166
1627906140,1807.70,151
1627906200,1807.32,194
1627906260,1807.62,221
1627906320,1807.67,86
1627906380,1807.58,113
1627906440,1807.52,127
1627906500,1805.99,234
1627906560,1806.68,156
1627906620,1807.96,237
1627906680,1808.17,167
1627906740,1808.79,145
1627906800,1807.54,322
1627906860,1808.09,239
1627906920,1808.22,194
1627906980,1809.19,283
1627907040,1808.96,273
1627907100,1808.00,250
1627907160,1807.94,166
1627907220,1807.89,117
1627907280,1807.90,121
1627907340,1808.22,114
1627907400,1807.64,150
1627907460,1808.10,148
1627907520,1809.26,234
1627907580,1809.30,261
1627907640,1809.84,257
1627907700,1809.78,248
1627907760,1810.61,232
1627907820,1809.98,175
1627907880,1810.05,126
1627907940,1809.58,184
1627908000,1809.80,113
1627908060,1809.32,180
1627908120,1809.42,95
1627908180,1809.77,175
1627908240,1810.10,143
1627908300,1810.36,258
1627908360,1810.05,184
1627908420,1809.57,165
1627908480,1809.37,149
1627908540,1809.29,161
1627908600,1809.34,130
1627908660,1809.69,117
1627908720,1809.46,156
1627908780,1809.27,152
1627908840,1808.97,229
1627908900,1808.88,139
1627908960,1808.75,119
1627909020,1807.79,203
1627909080,1807.80,192
1627909140,1806.79,200
1627909200,1807.89,311
1627909260,1807.39,233
1627909320,1807.62,222
1627909380,1807.69,225
1627909440,1807.66,228
1627909500,1806.59,247
1627909560,1807.08,256
1627909620,1807.93,226
1627909680,1808.29,153
1627909740,1808.42,174
1627909800,1808.20,176
1627909860,1808.59,159
1627909920,1808.30,141
1627909980,1809.25,230
1627910040,1809.22,229
1627910100,1809.10,171
1627910160,1808.97,214
1627910220,1809.37,170
1627910280,1808.99,113
1627910340,1809.36,147
1627910400,1809.51,176
1627910460,1809.12,218
1627910520,1809.54,194
1627910580,1809.61,172
1627910640,1809.98,171
1627910700,1809.69,160
1627910760,1809.89,134
1627910820,1809.30,142
1627910880,1809.11,160
1627910940,1809.51,121
1627911000,1810.58,332
1627911060,1810.36,320
1627911120,1811.19,340
1627911180,1811.79,337
1627911240,1812.50,328
1627911300,1812.31,304
1627911360,1812.22,323
1627911420,1811.73,276
1627911480,1811.71,225
1627911540,1810.94,217
1627911600,1811.18,258
1627911660,1811.47,193
1627911720,1810.96,232
1627911780,1810.02,187
1627911840,1809.78,233
1627911900,1810.47,242
1627911960,1808.91,226
1627912020,1808.88,297
1627912080,1808.85,252
1627912140,1808.90,205
1627912200,1808.26,316
1627912260,1808.23,309
1627912320,1808.49,269
1627912380,1807.68,291
1627912440,1807.89,239
1627912500,1808.08,183
1627912560,1809.13,198
1627912620,1808.92,145
1627912680,1808.56,114
1627912740,1808.82,192
1627912800,1809.67,424
1627912860,1810.44,393
1627912920,1810.52,364
1627912980,1811.47,382
1627913040,1811.86,375
1627913100,1811.09,344
1627913160,1811.62,311
1627913220,1811.32,273
1627913280,1811.49,270
1627913340,1811.39,196
1627913400,1811.95,240
1627913460,1812.70,281
1627913520,1812.57,262
1627913580,1812.44,234
1627913640,1812.90,237
1627913700,1813.03,248
1627913760,1813.48,261
1627913820,1813.28,262
1627913880,1813.47,291
1627913940,1813.81,276
1627914000,1814.14,290
1627914060,1813.93,284
1627914120,1814.38,247
1627914180,1814.05,236
1627914240,1813.41,241
1627914300,1814.24,213
1627914360,1813.28,173
1627914420,1814.03,231
1627914480,1814.30,274
1627914540,1813.51,302
1627914600,1814.24,246
1627914660,1814.01,272
1627914720,1814.27,199
1627914780,1814.56,228
1627914840,1814.59,188
1627914900,1814.98,196
1627914960,1814.88,229
1627915020,1814.69,209
1627915080,1814.72,217
1627915140,1814.75,240
1627915200,1815.03,165
1627915260,1814.35,244
1627915320,1813.34,284
1627915380,1813.48,242
1627915440,1814.83,235
1627915500,1814.60,229
1627915560,1814.91,193
1627915620,1814.74,223
1627915680,1814.94,179
1627915740,1815.63,249
1627915800,1815.68,284
1627915860,1815.56,190
1627915920,1815.42,205
1627915980,1814.86,172
1627916040,1814.38,228
1627916100,1814.01,185
1627916160,1814.78,215
1627916220,1814.89,212
1627916280,1815.13,173
1627916340,1814.77,223
1627916400,1814.73,212
1627916460,1814.65,188
1627916520,1814.54,196
1627916580,1814.61,183
1627916640,1814.79,196
1627916700,1814.51,195
1627916760,1814.93,126
1627916820,1814.57,162
1627916880,1815.23,189
1627916940,1815.54,156
1627917000,1814.87,166
1627917060,1815.29,178
1627917120,1815.29,163
1627917180,1815.42,142
1627917240,1815.22,137
1627917300,1815.39,180
1627917360,1815.15,201
1627917420,1814.84,153
1627917480,1815.01,109
1627917540,1815.28,183
1627917600,1815.48,152
1627917660,1815.01,163
1627917720,1815.10,188
1627917780,1814.66,173
1627917840,1814.60,104
1627917900,1814.84,184
1627917960,1814.71,148
1627918020,1814.86,166
1627918080,1814.85,163
1627918140,1814.93,123
1627918200,1815.10,120
1627918260,1815.39,104
1627918320,1815.48,131
1627918380,1815.37,159
1627918440,1815.85,131
1627918500,1815.67,117
1627918560,1815.60,115
1627918620,1815.41,175
1627918680,1815.26,197
1627918740,1815.23,193
1627918800,1814.83,137
1627918860,1814.48,124
1627918920,1814.19,174
1627918980,1813.74,161
1627919040,1813.99,154
1627919100,1813.72,188
1627919160,1813.59,117
1627919220,1813.20,149
1627919280,1813.23,68
1627919340,1813.47,156
1627919400,1814.84,220
1627919460,1814.75,152
1627919520,1814.67,123
1627919580,1814.98,136
1627919640,1814.91,132
1627919700,1814.66,183
1627919760,1814.67,164
1627919820,1814.80,152
1627919880,1814.85,175
1627919940,1814.56,149
1627920000,1814.85,134
1627920060,1814.53,130
1627920120,1814.90,218
1627920180,1815.02,176
1627920240,1815.40,212
1627920300,1815.18,148
1627920360,1815.37,142
1627920420,1815.60,166
1627920480,1815.43,147
1627920540,1815.40,147
1627920600,1815.72,194
1627920660,1815.69,128
1627920720,1815.57,113
1627920780,1815.85,132
1627920840,1815.93,114
1627920900,1815.90,135
1627920960,1815.64,125
1627921020,1815.78,138
1627921080,1815.51,76
1627921140,1815.63,91
1627921200,1815.92,94
1627921260,1815.92,101
1627921320,1816.31,115
1627921380,1816.37,156
1627921440,1816.01,129
1627921500,1815.93,99
1627921560,1816.06,39
1627921620,1816.06,66
1627921680,1816.34,100
1627921740,1816.16,69
1627921800,1816.16,132
1627921860,1816.36,83
1627921920,1816.73,133
1627921980,1816.93,135
1627922040,1817.11,123
1627922100,1817.35,103
1627922160,1818.02,148
1627922220,1817.79,137
1627922280,1817.71,150
1627922340,1817.80,75
1627922400,1817.90,69
1627922460,1817.80,106
1627922520,1817.74,73
1627922580,1817.80,97
1627922640,1817.68,113
1627922700,1817.94,103
1627922760,1818.24,118
1627922820,1818.06,134
1627922880,1818.44,90
1627922940,1818.25,120
1627923000,1818.24,85
1627923060,1818.17,81
1627923120,1818.17,35
1627923180,1817.99,119
1627923240,1817.80,49
1627923300,1817.87,45
1627923360,1817.80,130
1627923420,1817.91,163
1627923480,1817.83,91
1627923540,1817.92,98
1627923600,1817.94,110
1627923660,1818.22,83
1627923720,1818.42,122
1627923780,1818.41,150
1627923840,1818.64,95
1627923900,1818.75,107
1627923960,1818.73,92
1627924020,1818.82,78
1627924080,1819.06,168
1627924140,1819.32,126
1627924200,1819.32,92
1627924260,1819.10,90
1627924320,1819.18,85
1627924380,1819.38,70
1627924440,1819.36,87
1627924500,1819.38,75
1627924560,1819.47,62
1627924620,1819.46,35
1627924680,1819.17,32
1627924740,1819.07,75
1627924800,1819.07,49
1627924860,1819.33,110
1627924920,1819.08,96
1627924980,1819.08,82
1627925040,1818.78,69
1627925100,1819.06,119
1627925160,1818.95,67
1627925220,1818.95,55
1627925280,1818.42,86
1627925340,1818.35,268
1627925400,1817.65,147
1627925460,1817.34,119
1627925520,1817.05,127
1627925580,1817.06,70
1627925640,1816.88,74
1627925700,1816.88,51
1627925760,1816.69,78
1627925820,1816.49,59
1627925880,1816.49,66
1627925940,1816.53,80
1627926000,1816.15,70
1627926060,1816.32,105
1627926120,1816.40,81
1627926180,1816.41,71
1627926240,1816.41,59
1627926300,1816.05,59
1627926360,1815.94,74
1627926420,1816.01,93
1627926480,1816.10,51
1627926540,1815.81,69
1627926600,1815.73,74
1627926660,1815.95,61
1627926720,1815.96,61
1627926780,1815.76,53
1627926840,1815.59,103
1627926900,1815.56,80
1627926960,1815.65,49
1627927020,1815.85,59
1627927080,1815.85,41
1627927140,1815.94,77
1627927200,1816.22,112
1627927260,1816.23,84
1627927320,1816.27,89
1627927380,1816.26,37
1627927440,1816.26,50
1627927500,1816.46,66
1627927560,1816.05,76
1627927620,1816.04,46
1627927680,1815.74,58
1627927740,1816.03,62
1627927800,1815.83,57
1627927860,1815.93,59
1627927920,1815.91,59
1627927980,1815.73,54
1627928040,1815.73,57
1627928100,1815.64,38
1627928160,1815.40,62
1627928220,1815.44,72
1627928280,1815.14,63
1627928340,1815.34,53
1627928400,1815.05,45
1627928460,1814.85,90
1627928520,1814.86,63
1627928580,1814.47,76
1627928640,1814.76,95
1627928700,1814.66,63
1627928760,1814.36,79
1627928820,1814.48,62
1627928880,1814.59,66
1627928940,1814.60,58
1627929000,1814.35,43
1627929060,1814.60,69
1627929120,1814.70,28
1627929180,1814.90,66
1627929240,1814.90,90
1627929300,1814.81,42
1627929360,1814.62,25
1627929420,1814.62,31
1627929480,1814.71,16
1627929540,1814.61,61
1627929600,1814.60,42
1627929660,1814.42,53
1627929720,1814.22,80
1627929780,1814.21,65
1627929840,1814.30,35
1627929900,1814.70,68
1627929960,1814.90,60
1627930020,1814.71,55
1627930080,1814.82,24
1627930140,1814.92,32
1627930200,1815.40,84
1627930260,1815.41,44
1627930320,1815.42,40
1627930380,1815.80,44
1627930440,1815.80,42
1627930500,1816.01,59
1627930560,1815.91,41
1627930620,1816.11,49
1627930680,1815.81,44
1627930740,1816.41,102
1627930800,1816.11,143
1627930860,1815.90,45
1627930920,1816.20,59
1627930980,1815.92,57
1627931040,1815.77,93
1627931100,1816.12,65
1627931160,1815.93,60
1627931220,1815.94,71
1627931280,1816.03,56
1627931340,1816.04,42
1627931400,1816.03,67
1627931460,1816.03,41
1627931520,1815.83,80
1627931580,1815.64,48
1627931640,1815.34,76
1627931700,1815.21,67
1627931760,1814.99,52
1627931820,1814.80,61
1627931880,1814.80,39
1627931940,1815.00,52
1627932000,1814.70,91
1627932060,1814.60,43
1627932120,1814.50,24
1627932180,1814.16,97
1627932240,1814.24,60
1627932300,1814.25,51
1627932360,1814.06,52
1627932420,1813.75,72
1627932480,1813.74,26
1627932540,1813.73,32
1627932600,1813.65,55
1627932660,1813.63,48
1627932720,1813.56,39
1627932780,1813.46,20
1627932840,1813.55,61
1627932900,1813.37,61
1627932960,1813.29,30
1627933020,1813.15,79
1627933080,1813.09,40
1627933140,1813.26,44
1627933200,1813.44,47
1627933260,1813.20,61
1627933320,1813.05,40
1627933380,1813.30,66
1627933440,1813.39,66
1627933500,1813.39,60
1627933560,1813.21,52
1627933620,1813.26,50
1627933680,1813.29,37
1627933740,1813.20,47
1627933800,1813.31,53
1627933860,1813.20,70
1627933920,1813.10,71
1627933980,1813.10,74
1627934040,1812.87,102
1627934100,1812.94,100
1627934160,1813.12,83
1627934220,1813.31,92
1627934280,1813.17,88
1627934340,1813.18,140
1627934400,1813.14,99
1627934460,1813.15,32
1627934520,1812.96,43
1627934580,1813.07,44
1627934640,1813.34,55
1627934700,1813.35,36
1627934760,1813.26,26
1627934820,1813.38,18
1627934880,1813.64,20
1627934940,1814.03,30
1627935000,1814.12,58
1627935060,1813.75,84
1627935120,1813.54,40
1627935180,1813.44,31
1627935240,1813.43,45
1627935300,1813.75,27
1627935360,1813.27,76
1627935420,1813.71,55
1627935480,1813.88,62
1627935540,1813.91,36
1627935600,1813.93,41
1627935660,1814.08,23
1627935720,1814.08,32
1627935780,1813.86,84
1627935840,1813.62,39
1627935900,1813.47,32
1627935960,1813.47,28
1627936020,1813.41,12
1627936080,1813.38,5
1627936140,1813.28,24
1627936200,1813.19,23
1627936260,1813.12,60
1627936320,1813.52,60
1627936380,1813.48,50
1627936440,1813.22,25
1627936500,1813.02,22
1627936560,1813.11,14
1627936620,1812.99,21
1627936680,1813.02,19
1627936740,1813.02,6
1627936800,1813.22,25
1627936860,1813.07,32
1627936920,1812.93,29
1627936980,1813.12,26
1627937040,1813.03,29
1627937100,1813.18,26
1627937160,1813.22,4
1627937220,1813.22,13
1627937280,1813.12,11
1627937340,1812.81,39
1627937400,1812.90,30
1627937460,1813.02,17
1627937520,1813.13,6
1627937580,1813.40,27
1627937640,1813.14,27
1627937700,1813.19,26
1627937760,1813.12,7
1627941720,1813.21,52
1627941780,1813.43,37
1627941840,1813.49,31
1627941900,1813.39,36
1627941960,1813.46,17
1627942020,1813.49,29
1627942080,1813.49,38
1627942140,1813.50,24
1627942200,1813.40,35
1627942260,1813.46,37
1627942320,1813.48,11
1627942380,1813.46,11
1627942440,1813.29,21
1627942500,1813.19,20
1627942560,1813.17,4
1627942620,1813.27,24
1627942680,1813.23,11
1627942740,1813.24,24
1627942800,1813.30,17
1627942860,1813.17,15
1627942920,1813.16,16
1627942980,1813.15,25
1627943040,1813.17,16
1627943100,1813.12,5
1627943160,1813.11,11
1627943220,1813.13,29
1627943280,1813.15,11
1627943340,1813.23,26
1627943400,1813.11,12
1627943460,1813.25,20
1627943520,1813.15,28
1627943580,1813.22,25
1627943640,1813.17,15
1627943700,1813.32,16
1627943760,1813.24,25
1627943820,1813.31,15
1627943880,1813.20,14
1627943940,1813.17,13
1627944000,1813.18,6
1627944060,1813.31,12
1627944120,1813.30,12
1627944180,1813.24,22
1627944240,1813.16,22
1627944300,1813.32,18
1627944360,1813.21,14
1627944420,1813.28,24
1627944480,1813.27,16
1627944540,1813.27,17
1627944600,1813.27,16
1627944660,1813.28,25
1627944720,1813.36,24
1627944780,1813.29,16
1627944840,1813.44,28
1627944900,1813.27,22
1627944960,1813.10,13
1627945020,1813.11,14
1627945080,1813.02,11
1627945140,1813.04,25
1627945200,1812.81,35
1627945260,1812.65,37
1627945320,1812.61,10
1627945380,1812.50,28
1627945440,1812.37,41
1627945500,1812.66,21
1627945560,1812.74,36
1627945620,1812.65,10
1627945680,1812.90,15
1627945740,1812.77,18
1627945800,1812.61,24
1627945860,1812.66,13
1627945920,1812.68,28
1627945980,1812.59,14
1627946040,1812.59,13
1627946100,1812.66,27
1627946160,1812.72,8
1627946220,1812.65,11
1627946280,1812.63,7
1627946340,1812.60,8
1627946400,1812.65,13
1627946460,1812.84,18
1627946520,1812.80,16
1627946580,1812.75,18
1627946640,1812.95,34
1627946700,1813.00,25
1627946760,1813.00,18
1627946820,1813.04,23
1627946880,1813.02,17
1627946940,1813.06,24
1627947000,1812.99,20
1627947060,1812.98,21
1627947120,1813.00,26
1627947180,1813.05,19
1627947240,1813.02,12
1627947300,1813.15,22
1627947360,1813.08,25
1627947420,1813.01,28
1627947480,1812.92,60
1627947540,1813.12,17
1627947600,1813.22,26
1627947660,1813.15,1
1627947720,1812.87,21
1627947780,1812.90,32
1627947840,1812.79,35
1627947900,1812.99,44
1627947960,1812.68,48
1627948020,1812.88,24
1627948080,1812.74,24
1627948140,1812.87,9
1627948200,1812.87,31
1627948260,1812.77,22
1627948320,1812.81,40
1627948380,1812.74,6
1627948440,1812.65,12
1627948500,1812.57,58
1627948560,1812.66,36
1627948620,1812.61,34
1627948680,1812.60,22
1627948740,1812.51,32
1627948800,1812.69,57
1627948860,1812.80,57
1627948920,1812.47,82
1627948980,1812.61,81
1627949040,1812.74,79
1627949100,1812.70,54
1627949160,1812.52,95
1627949220,1812.64,32
1627949280,1812.71,43
1627949340,1813.02,74
1627949400,1813.25,19
1627949460,1813.42,38
1627949520,1813.71,58
1627949580,1813.78,56
1627949640,1813.19,96
1627949700,1812.27,106
1627949760,1812.22,53
1627949820,1812.10,47
1627949880,1812.02,59
1627949940,1812.08,28
1627950000,1811.93,65
1627950060,1811.84,57
1627950120,1812.02,43
1627950180,1811.97,62
1627950240,1812.04,32
1627950300,1812.15,65
1627950360,1812.33,24
1627950420,1812.14,52
1627950480,1812.24,59
1627950540,1812.03,41
1627950600,1811.94,25
1627950660,1811.83,38
1627950720,1811.65,37
1627950780,1811.47,49
1627950840,1811.50,34
1627950900,1811.57,25
1627950960,1811.56,68
1627951020,1811.42,34
1627951080,1811.59,28
1627951140,1811.66,38
1627951200,1811.68,33
1627951260,1811.78,11
1627951320,1811.68,18
1627951380,1811.90,21
1627951440,1811.98,26
1627951500,1811.98,24
1627951560,1812.04,18
1627951620,1811.98,29
1627951680,1811.88,33
1627951740,1811.63,31
1627951800,1811.69,47
1627951860,1811.58,33
1627951920,1811.48,10
1627951980,1811.35,59
1627952040,1811.33,96
1627952100,1811.40,81
1627952160,1811.31,41
1627952220,1811.38,63
1627952280,1811.18,64
1627952340,1811.40,68
1627952400,1812.30,293
1627952460,1811.94,233
1627952520,1812.27,133
1627952580,1812.15,169
1627952640,1811.76,145
1627952700,1811.18,118
1627952760,1810.49,110
1627952820,1810.55,141
1627952880,1810.70,141
1627952940,1810.92,103
1627953000,1810.72,68
1627953060,1810.55,54
1627953120,1810.61,97
1627953180,1810.52,130
1627953240,1810.60,150
1627953300,1810.20,208
1627953360,1810.19,164
1627953420,1810.31,176
1627953480,1810.68,96
1627953540,1810.43,111
1627953600,1810.47,117
1627953660,1810.27,157
1627953720,1810.16,174
1627953780,1810.04,160
1627953840,1810.18,139
1627953900,1810.18,120
1627953960,1810.48,114
1627954020,1810.35,75
1627954080,1809.91,132
1627954140,1809.92,126
1627954200,1809.62,211
1627954260,1809.78,176
1627954320,1809.74,149
1627954380,1809.82,99
1627954440,1810.23,89
1627954500,1810.60,119
1627954560,1810.61,72
1627954620,1810.88,91
1627954680,1810.97,138
1627954740,1811.13,124
1627954800,1811.09,119
1627954860,1811.39,132
1627954920,1811.34,120
1627954980,1811.53,157
1627955040,1811.55,154
1627955100,1811.45,177
1627955160,1811.63,138
1627955220,1811.41,115
1627955280,1811.26,148
1627955340,1811.07,115
1627955400,1811.08,145
1627955460,1811.52,141
1627955520,1811.66,123
1627955580,1812.26,170
1627955640,1812.25,121
1627955700,1812.22,162
1627955760,1812.34,165
1627955820,1812.49,128
1627955880,1812.56,155
1627955940,1812.37,109
1627956000,1812.28,198
1627956060,1812.49,119
1627956120,1812.65,160
1627956180,1812.59,103
1627956240,1812.99,141
1627956300,1813.26,173
1627956360,1813.16,108
1627956420,1812.74,87
1627956480,1812.72,65
1627956540,1812.66,83
1627956600,1812.73,76
1627956660,1812.65,55
1627956720,1812.18,87
1627956780,1812.26,67
1627956840,1812.32,71
1627956900,1812.16,70
1627956960,1812.17,36
1627957020,1812.07,29
1627957080,1811.68,63
1627957140,1811.90,49
1627957200,1811.91,36
1627957260,1811.80,45
1627957320,1811.76,69
1627957380,1811.87,52
1627957440,1811.75,47
1627957500,1811.67,41
1627957560,1811.74,41
1627957620,1811.74,96
1627957680,1811.74,59
1627957740,1811.78,87
1627957800,1811.27,99
1627957860,1811.21,93
1627957920,1811.16,92
1627957980,1811.19,79
1627958040,1811.03,68
1627958100,1810.74,66
1627958160,1810.55,74
1627958220,1810.78,139
1627958280,1810.85,157
1627958340,1811.04,138
1627958400,1811.01,123
1627958460,1811.10,62
1627958520,1811.04,70
1627958580,1811.21,95
1627958640,1811.20,101
1627958700,1811.33,101
1627958760,1811.42,60
1627958820,1811.67,71
1627958880,1811.77,114
1627958940,1811.77,83
1627959000,1811.63,83
1627959060,1811.95,68
1627959120,1811.82,121
1627959180,1812.18,83
1627959240,1811.32,108
1627959300,1811.18,62
1627959360,1811.12,82
1627959420,1810.97,56
1627959480,1810.80,64
1627959540,1811.24,125
1627959600,1810.49,202
1627959660,1810.68,132
1627959720,1810.89,92
1627959780,1810.78,96
1627959840,1810.77,73
1627959900,1810.42,135
1627959960,1810.46,124
1627960020,1810.36,118
1627960080,1810.45,72
1627960140,1810.29,94
1627960200,1810.59,92
1627960260,1810.42,102
1627960320,1810.41,120
1627960380,1810.39,50
1627960440,1810.22,131
1627960500,1809.96,181
1627960560,1810.07,117
1627960620,1809.70,121
1627960680,1810.27,101
1627960740,1810.51,125
1627960800,1810.97,151
1627960860,1811.08,100
1627960920,1811.26,89
1627960980,1811.25,133
1627961040,1811.20,105
1627961100,1810.99,115
1627961160,1811.11,148
1627961220,1810.98,109
1627961280,1811.07,108
1627961340,1810.95,108
1627961400,1811.00,76
1627961460,1810.22,105
1627961520,1809.99,63
1627961580,1810.18,53
1627961640,1810.07,47
1627961700,1809.96,34
1627961760,1810.48,52
1627961820,1810.63,26
1627961880,1810.65,30
1627961940,1810.65,52
1627962000,1810.62,21
1627962060,1810.67,29
1627962120,1810.84,42
1627962180,1810.98,58
1627962240,1811.23,96
1627962300,1811.15,61
1627962360,1811.12,57
1627962420,1811.07,65
1627962480,1811.12,70
1627962540,1811.02,56
1627962600,1810.99,58
1627962660,1811.12,24
1627962720,1811.06,34
1627962780,1811.18,22
1627962840,1811.02,37
1627962900,1811.50,78
1627962960,1811.12,109
1627963020,1810.92,93
1627963080,1810.97,50
1627963140,1810.87,26
1627963200,1810.87,65
1627963260,1811.24,74
1627963320,1811.07,58
1627963380,1811.25,38
1627963440,1811.21,51
1627963500,1811.20,55
1627963560,1811.20,14
1627963620,1811.29,31
1627963680,1811.19,42
1627963740,1811.15,30
1627963800,1811.09,32
1627963860,1811.02,30
1627963920,1811.13,28
1627963980,1811.43,28
1627964040,1811.58,62
1627964100,1811.55,42
1627964160,1811.68,65
1627964220,1811.90,106
1627964280,1811.81,63
1627964340,1811.71,22
1627964400,1811.69,37
1627964460,1811.69,42
1627964520,1812.10,55
1627964580,1812.25,109
1627964640,1811.80,100
1627964700,1811.82,73
1627964760,1811.92,52
1627964820,1811.82,34
1627964880,1811.64,37
1627964940,1811.63,83
1627965000,1811.60,310
1627965060,1811.57,281
1627965120,1811.56,193
1627965180,1811.57,159
1627965240,1811.30,136
1627965300,1811.30,142
1627965360,1812.21,147
1627965420,1812.18,161
1627965480,1811.82,115
1627965540,1811.91,107
1627965600,1812.05,94
1627965660,1812.15,108
1627965720,1812.32,146
1627965780,1812.26,85
1627965840,1812.12,77
1627965900,1812.19,96
1627965960,1811.98,85
1627966020,1812.15,77
1627966080,1812.06,51
1627966140,1812.14,75
1627966200,1812.21,76
1627966260,1812.54,38
1627966320,1812.26,41
1627966380,1812.35,57
1627966440,1812.24,75
1627966500,1812.14,43
1627966560,1812.23,59
1627966620,1812.15,35
1627966680,1812.06,59
1627966740,1811.83,107
1627966800,1811.72,103
1627966860,1811.65,106
1627966920,1811.63,100
1627966980,1811.62,52
1627967040,1811.45,49
1627967100,1811.30,64
1627967160,1811.31,45
1627967220,1811.10,61
1627967280,1810.77,74
1627967340,1810.60,79
1627967400,1810.60,52
1627967460,1810.40,63
1627967520,1810.44,66
1627967580,1810.24,51
1627967640,1810.40,86
1627967700,1810.55,97
1627967760,1810.48,98
1627967820,1810.63,101
1627967880,1810.58,76
1627967940,1810.37,109
1627968000,1810.39,82
1627968060,1810.55,75
1627968120,1810.71,42
1627968180,1810.75,67
1627968240,1810.72,57
1627968300,1810.73,52
1627968360,1810.57,56
1627968420,1810.67,49
1627968480,1810.68,48
1627968540,1810.73,59
1627968600,1811.47,232
1627968660,1810.67,197
1627968720,1810.09,203
1627968780,1810.75,184
1627968840,1810.95,136
1627968900,1810.98,104
1627968960,1811.19,99
1627969020,1810.99,73
1627969080,1810.36,151
1627969140,1810.80,112
1627969200,1810.68,107
1627969260,1810.79,112
1627969320,1810.61,90
1627969380,1810.82,75
1627969440,1811.00,75
1627969500,1810.84,120
1627969560,1811.29,109
1627969620,1811.21,87
1627969680,1811.30,79
1627969740,1811.09,73
1627969800,1811.00,96
1627969860,1810.81,116
1627969920,1810.99,93
1627969980,1811.07,75
1627970040,1810.78,99
1627970100,1810.69,70
1627970160,1811.08,53
1627970220,1810.79,84
1627970280,1810.88,44
1627970340,1811.27,102
1627970400,1810.87,132
1627970460,1811.07,87
1627970520,1811.17,88
1627970580,1810.80,88
1627970640,1811.08,64
1627970700,1810.57,112
1627970760,1810.59,123
1627970820,1810.89,139
1627970880,1811.11,115
1627970940,1810.80,59
1627971000,1810.66,73
1627971060,1810.77,81
1627971120,1810.65,106
1627971180,1810.37,77
1627971240,1810.36,84
1627971300,1810.52,149
1627971360,1810.66,153
1627971420,1810.65,124
1627971480,1810.34,137
1627971540,1810.12,128
1627971600,1810.10,95
1627971660,1809.83,184
1627971720,1809.57,130
1627971780,1809.19,182
1627971840,1808.53,208
1627971900,1809.13,149
1627971960,1809.32,146
1627972020,1809.25,153
1627972080,1809.44,161
1627972140,1809.22,134
1627972200,1808.71,186
1627972260,1809.01,169
1627972320,1808.42,197
1627972380,1808.74,180
1627972440,1809.01,133
1627972500,1808.97,80
1627972560,1808.68,111
1627972620,1809.02,84
1627972680,1809.03,66
1627972740,1808.77,87
1627972800,1808.77,108
1627972860,1808.68,101
1627972920,1809.07,82
1627972980,1808.93,72
1627973040,1808.93,59
1627973100,1808.78,90
1627973160,1808.97,105
1627973220,1808.78,66
1627973280,1809.18,72
1627973340,1809.01,66
1627973400,1809.20,91
1627973460,1809.18,105
1627973520,1809.42,104
1627973580,1809.60,85
1627973640,1809.96,117
1627973700,1809.97,96
1627973760,1809.30,165
1627973820,1808.98,65
1627973880,1808.95,81
1627973940,1809.05,101
1627974000,1809.47,180
1627974060,1809.78,171
1627974120,1809.66,144
1627974180,1809.98,215
1627974240,1809.95,107
1627974300,1809.53,101
1627974360,1809.45,124
1627974420,1809.68,139
1627974480,1809.50,174
1627974540,1809.79,133
1627974600,1809.59,141
1627974660,1809.67,135
1627974720,1809.95,115
1627974780,1809.91,105
1627974840,1809.79,146
1627974900,1809.57,120
1627974960,1810.17,167
1627975020,1810.14,134
1627975080,1810.40,137
1627975140,1810.20,159
1627975200,1809.99,100
1627975260,1810.15,105
1627975320,1810.81,152
1627975380,1811.57,225
1627975440,1811.08,170
1627975500,1811.41,192
1627975560,1811.47,177
1627975620,1810.88,117
1627975680,1810.90,85
1627975740,1810.77,127
1627975800,1810.45,202
1627975860,1810.01,191
1627975920,1809.88,155
1627975980,1809.24,170
1627976040,1809.77,244
1627976100,1809.76,185
1627976160,1809.18,186
1627976220,1809.43,146
1627976280,1809.72,151
1627976340,1809.49,154
1627976400,1809.93,111
1627976460,1809.64,113
1627976520,1810.09,111
1627976580,1809.88,128
1627976640,1810.63,130
1627976700,1810.64,179
1627976760,1810.97,161
1627976820,1810.49,195
1627976880,1810.31,124
1627976940,1810.16,141
1627977000,1809.89,140
1627977060,1809.86,119
1627977120,1809.59,122
1627977180,1810.19,129
1627977240,1809.70,150
1627977300,1809.91,128
1627977360,1809.65,126
1627977420,1809.46,121
1627977480,1809.57,88
1627977540,1809.74,80
1627977600,1809.62,178
1627977660,1809.35,123
1627977720,1809.68,149
1627977780,1809.24,110
1627977840,1809.11,200
1627977900,1809.21,152
1627977960,1809.46,138
1627978020,1809.42,131
1627978080,1809.11,121
1627978140,1809.27,98
1627978200,1809.89,128
1627978260,1809.86,81
1627978320,1809.76,79
1627978380,1809.82,94
1627978440,1810.20,115
1627978500,1809.96,138
1627978560,1809.95,115
1627978620,1809.61,96
1627978680,1809.40,68
1627978740,1809.48,52
1627978800,1809.53,78
1627978860,1809.93,68
1627978920,1810.13,101
1627978980,1810.24,83
1627979040,1810.69,105
1627979100,1810.75,151
1627979160,1810.46,123
1627979220,1810.41,122
1627979280,1810.40,125
1627979340,1810.43,102
1627979400,1810.45,124
1627979460,1810.35,100
1627979520,1810.25,101
1627979580,1810.25,96
1627979640,1810.19,78
1627979700,1810.94,141
1627979760,1810.85,163
1627979820,1811.00,107
1627979880,1811.07,119
1627979940,1811.01,135
1627980000,1811.19,118
1627980060,1811.59,125
1627980120,1811.57,113
1627980180,1811.58,102
1627980240,1811.84,127
1627980300,1811.23,127
1627980360,1811.52,119
1627980420,1811.42,151
1627980480,1811.38,147
1627980540,1811.30,128
1627980600,1811.42,163
1627980660,1811.20,85
1627980720,1811.39,124
1627980780,1811.52,82
1627980840,1811.59,90
1627980900,1811.45,73
1627980960,1811.55,103
1627981020,1811.66,96
1627981080,1810.99,177
1627981140,1810.75,146
1627981200,1810.63,124
1627981260,1810.50,98
1627981320,1810.44,90
1627981380,1810.47,94
1627981440,1810.62,118
1627981500,1810.28,104
1627981560,1810.16,106
1627981620,1810.22,115
1627981680,1810.21,75
1627981740,1810.05,76
1627981800,1809.83,80
1627981860,1809.37,143
1627981920,1809.86,150
1627981980,1809.57,91
1627982040,1809.64,119
1627982100,1809.32,117
1627982160,1809.29,83
1627982220,1809.18,102
1627982280,1809.16,79
1627982340,1808.96,88
1627982400,1808.93,129
1627982460,1808.99,87
1627982520,1809.08,111
1627982580,1808.96,97
1627982640,1808.94,85
1627982700,1809.16,77
1627982760,1809.46,74
1627982820,1809.31,63
1627982880,1809.33,37
1627982940,1809.51,70
1627983000,1809.45,91
1627983060,1809.44,96
1627983120,1809.40,81
1627983180,1809.13,103
1627983240,1809.21,56
1627983300,1809.18,83
1627983360,1808.87,92
1627983420,1808.77,87
1627983480,1809.12,81
1627983540,1809.21,72
1627983600,1809.12,47
1627983660,1808.93,70
1627983720,1808.78,105
1627983780,1809.23,67
1627983840,1809.49,76
1627983900,1809.20,75
1627983960,1809.40,86
1627984020,1809.50,85
1627984080,1809.54,42
1627984140,1809.70,86
1627984200,1809.63,62
1627984260,1809.56,70
1627984320,1809.71,38
1627984380,1810.41,128
1627984440,1810.34,105
1627984500,1810.37,90
1627984560,1810.31,99
1627984620,1810.28,75
1627984680,1810.28,66
1627984740,1810.43,42
1627984800,1810.17,88
1627984860,1809.89,75
1627984920,1809.69,47
1627984980,1810.52,120
1627985040,1810.62,91
1627985100,1810.49,105
1627985160,1810.56,97
1627985220,1810.32,118
1627985280,1810.24,80
1627985340,1810.63,137
1627985400,1810.35,118
1627985460,1810.56,64
1627985520,1810.83,80
1627985580,1810.90,86
1627985640,1810.96,86
1627985700,1811.03,130
1627985760,1811.17,85
1627985820,1811.32,75
1627985880,1810.39,139
1627985940,1810.55,102
1627986000,1810.52,72
1627986060,1810.48,76
1627986120,1810.86,88
1627986180,1810.79,51
1627986240,1811.06,35
1627986300,1810.66,75
1627986360,1811.07,51
1627986420,1811.10,60
1627986480,1811.48,58
1627986540,1811.38,82
1627986600,1811.23,88
1627986660,1811.21,39
1627986720,1811.10,70
1627986780,1811.24,61
1627986840,1811.16,78
1627986900,1810.96,57
1627986960,1811.01,45
1627987020,1810.73,59
1627987080,1810.37,83
1627987140,1810.47,89
1627987200,1810.05,87
1627987260,1809.93,92
1627987320,1810.17,75
1627987380,1809.94,56
1627987440,1810.10,52
1627987500,1810.12,96
1627987560,1810.04,88
1627987620,1810.13,97
1627987680,1810.08,87
1627987740,1810.14,89
1627987800,1810.43,113
1627987860,1810.43,92
1627987920,1810.41,52
1627987980,1810.86,80
1627988040,1810.93,75
1627988100,1810.83,78
1627988160,1811.01,31
1627988220,1811.16,63
1627988280,1811.16,41
1627988340,1811.01,63
1627988400,1810.86,101
1627988460,1810.98,81
1627988520,1810.67,91
1627988580,1811.02,90
1627988640,1810.70,79
1627988700,1810.38,71
1627988760,1810.38,68
1627988820,1810.46,64
1627988880,1810.11,66
1627988940,1810.16,75
1627989000,1809.59,120
1627989060,1809.54,80
1627989120,1809.45,118
1627989180,1809.33,58
1627989240,1809.41,107
1627989300,1809.51,62
1627989360,1809.38,78
1627989420,1809.48,83
1627989480,1809.71,95
1627989540,1809.90,63
1627989600,1810.09,77
1627989660,1810.11,95
1627989720,1810.25,42
1627989780,1810.23,33
1627989840,1810.11,61
1627989900,1810.05,40
1627989960,1810.31,85
1627990020,1810.25,98
1627990080,1810.10,69
1627990140,1810.33,86
1627990200,1810.47,82
1627990260,1810.67,77
1627990320,1810.71,64
1627990380,1810.98,56
1627990440,1810.78,45
1627990500,1810.80,72
1627990560,1810.47,85
1627990620,1810.38,78
1627990680,1810.37,30
1627990740,1810.17,42
1627990800,1810.38,64
1627990860,1810.29,73
1627990920,1810.40,68
1627990980,1810.68,74
1627991040,1810.50,57
1627991100,1809.61,109
1627991160,1809.65,66
1627991220,1809.64,36
1627991280,1809.72,33
1627991340,1809.74,65
1627991400,1809.57,66
1627991460,1809.54,48
1627991520,1809.74,74
1627991580,1810.28,122
1627991640,1810.22,65
1627991700,1810.10,64
1627991760,1810.16,73
1627991820,1810.24,90
1627991880,1810.42,45
1627991940,1810.15,95
1627992000,1810.54,117
1627992060,1810.99,165
1627992120,1811.35,191
1627992180,1810.83,172
1627992240,1810.19,172
1627992300,1810.96,192
1627992360,1811.01,157
1627992420,1810.80,159
1627992480,1810.68,179
1627992540,1810.67,94
1627992600,1809.86,142
1627992660,1809.20,237
1627992720,1809.00,197
1627992780,1809.24,184
1627992840,1808.68,154
1627992900,1809.91,331
1627992960,1809.48,176
1627993020,1808.91,173
1627993080,1809.44,208
1627993140,1809.32,190
1627993200,1809.98,240
1627993260,1808.92,316
1627993320,1809.07,195
1627993380,1808.30,189
1627993440,1808.46,244
1627993500,1808.33,207
1627993560,1808.12,203
1627993620,1808.06,191
1627993680,1807.59,164
1627993740,1807.40,191
1627993800,1808.44,253
1627993860,1808.45,218
1627993920,1808.83,201
1627993980,1808.72,201
1627994040,1808.33,186
1627994100,1808.08,164
1627994160,1808.15,275
1627994220,1808.39,161
1627994280,1808.18,108
1627994340,1807.58,197
1627994400,1807.77,190
1627994460,1808.98,176
1627994520,1809.33,217
1627994580,1809.46,165
1627994640,1809.66,232
1627994700,1810.40,232
1627994760,1810.32,211
1627994820,1811.03,241
1627994880,1811.15,202
1627994940,1811.08,211
1627995000,1811.18,184
1627995060,1811.85,211
1627995120,1812.02,184
1627995180,1812.95,239
1627995240,1812.90,230
1627995300,1813.18,202
1627995360,1813.28,196
1627995420,1812.80,197
1627995480,1812.09,184
1627995540,1812.67,255
1627995600,1812.38,301
1627995660,1812.00,242
1627995720,1811.98,219
1627995780,1811.87,213
1627995840,1811.66,184
1627995900,1811.86,193
1627995960,1811.96,197
1627996020,1811.44,174
1627996080,1811.17,181
1627996140,1810.87,237
1627996200,1810.83,242
1627996260,1811.80,250
1627996320,1811.85,204
1627996380,1811.77,163
1627996440,1811.92,200
1627996500,1812.26,189
1627996560,1811.68,216
1627996620,1811.48,177
1627996680,1812.06,170
1627996740,1812.11,198
1627996800,1811.91,159
1627996860,1811.72,182
1627996920,1811.06,203
1627996980,1811.37,188
1627997040,1811.76,144
1627997100,1811.49,145
1627997160,1811.48,177
1627997220,1811.31,172
1627997280,1810.85,196
1627997340,1810.85,132
1627997400,1810.14,284
1627997460,1810.12,303
1627997520,1810.81,221
1627997580,1811.69,257
1627997640,1811.31,316
1627997700,1810.69,292
1627997760,1810.39,277
1627997820,1810.61,314
1627997880,1811.25,306
1627997940,1812.86,296
1627998000,1812.35,365
1627998060,1812.71,328
1627998120,1812.84,317
1627998180,1812.83,254
1627998240,1812.76,264
1627998300,1812.82,309
1627998360,1813.02,294
1627998420,1813.82,303
1627998480,1813.62,322
1627998540,1814.10,324
1627998600,1814.09,278
1627998660,1813.92,329
1627998720,1813.27,264
1627998780,1813.86,293
1627998840,1813.48,278
1627998900,1814.15,313
1627998960,1813.31,266
1627999020,1813.07,262
1627999080,1813.98,201
1627999140,1813.72,178
1627999200,1813.20,358
1627999260,1812.81,331
1627999320,1813.68,296
1627999380,1813.18,290
1627999440,1812.51,333
1627999500,1812.28,281
1627999560,1811.51,233
1627999620,1811.56,226
1627999680,1812.06,220
1627999740,1812.09,223
1627999800,1813.28,236
1627999860,1812.40,241
1627999920,1812.67,279
1627999980,1813.50,198
1628000040,1812.60,252
1628000100,1812.66,216
1628000160,1812.21,202
1628000220,1812.02,293
1628000280,1811.93,274
1628000340,1812.34,300
1628000400,1812.23,271
1628000460,1811.43,254
1628000520,1810.90,280
1628000580,1810.95,249
1628000640,1811.01,200
1628000700,1810.84,190
1628000760,1810.39,232
1628000820,1810.89,164
1628000880,1811.27,141
1628000940,1811.17,152
1628001000,1810.97,181
1628001060,1810.91,176
1628001120,1810.65,150
1628001180,1810.02,161
1628001240,1810.19,225
1628001300,1810.46,229
1628001360,1810.64,215
1628001420,1810.81,209
1628001480,1810.71,170
1628001540,1810.18,169
1628001600,1809.66,242
1628001660,1809.74,186
1628001720,1810.24,156
1628001780,1810.29,139
1628001840,1810.09,181
1628001900,1810.37,198
1628001960,1810.41,148
1628002020,1810.30,180
1628002080,1810.63,112
1628002140,1811.07,156
1628002200,1810.74,191
1628002260,1811.08,122
1628002320,1811.09,152
1628002380,1811.36,182
1628002440,1811.01,159
1628002500,1811.24,194
1628002560,1811.24,160
1628002620,1811.15,126
1628002680,1810.93,132
1628002740,1811.46,187
1628002800,1811.51,163
1628002860,1811.87,165
1628002920,1811.88,120
1628002980,1811.27,131
1628003040,1810.27,202
1628003100,1810.98,204
1628003160,1811.07,142
1628003220,1810.59,187
1628003280,1810.46,197
1628003340,1810.15,141
1628003400,1809.69,150
1628003460,1809.31,176
1628003520,1808.96,235
1628003580,1809.24,209
1628003640,1808.94,191
1628003700,1809.23,146
1628003760,1809.74,172
1628003820,1810.23,120
1628003880,1809.86,210
1628003940,1809.79,209
1628004000,1810.73,214
1628004060,1810.81,159
1628004120,1811.05,155
1628004180,1810.69,167
1628004240,1810.80,116
1628004300,1810.91,138
1628004360,1811.13,135
1628004420,1811.11,134
1628004480,1811.12,97
1628004540,1810.89,132
1628004600,1810.68,122
1628004660,1810.29,102
1628004720,1809.99,108
1628004780,1809.90,94
1628004840,1809.72,91
1628004900,1810.03,132
1628004960,1810.23,142
1628005020,1810.09,82
1628005080,1810.01,85
1628005140,1810.30,70
1628005200,1810.37,68
1628005260,1810.59,85
1628005320,1809.92,114
1628005380,1810.14,99
1628005440,1809.72,92
1628005500,1809.89,111
1628005560,1809.87,111
1628005620,1809.88,105
1628005680,1809.54,123
1628005740,1809.35,73
1628005800,1809.15,102
1628005860,1809.14,148
1628005920,1809.22,77
1628005980,1809.11,95
1628006040,1809.19,106
1628006100,1809.64,108
1628006160,1809.77,91
1628006220,1809.75,99
1628006280,1809.56,75
1628006340,1809.30,89
1628006400,1809.03,84
1628006460,1809.32,118
1628006520,1809.37,90
1628006580,1809.32,68
1628006640,1810.38,152
1628006700,1810.24,135
1628006760,1810.31,111
1628006820,1810.32,76
1628006880,1810.37,64
1628006940,1810.22,98
1628007000,1810.41,81
1628007060,1810.55,109
1628007120,1810.14,73
1628007180,1810.23,60
1628007240,1810.04,34
1628007300,1810.02,71
1628007360,1809.85,76
1628007420,1809.96,67
1628007480,1809.87,65
1628007540,1810.04,75
1628007600,1809.95,90
1628007660,1810.15,86
1628007720,1810.26,121
1628007780,1810.21,86
1628007840,1810.02,94
1628007900,1810.05,74
1628007960,1809.85,76
1628008020,1810.20,109
1628008080,1810.40,48
1628008140,1810.53,85
1628008200,1810.69,52
1628008260,1810.48,77
1628008320,1810.23,72
1628008380,1810.31,47
1628008440,1810.35,52
1628008500,1810.34,41
1628008560,1810.26,53
1628008620,1810.18,64
1628008680,1810.42,42
1628008740,1810.44,48
1628008800,1810.26,51
1628008860,1810.40,33
1628008920,1810.62,56
1628008980,1810.52,47
1628009040,1810.69,70
1628009100,1810.59,90
1628009160,1810.51,34
1628009220,1810.34,81
1628009280,1810.24,29
1628009340,1810.25,66
1628009400,1810.06,59
1628009460,1810.30,36
1628009520,1810.17,45
1628009580,1810.37,64
1628009640,1810.47,35
1628009700,1810.65,62
1628009760,1810.55,64
1628009820,1810.64,31
1628009880,1810.94,72
1628009940,1810.77,78
1628010000,1810.55,83
1628010060,1810.75,66
1628010120,1810.77,42
1628010180,1810.80,68
1628010240,1810.73,56
1628010300,1810.67,47
1628010360,1811.05,81
1628010420,1810.85,65
1628010480,1810.84,60
1628010540,1810.94,78
1628010600,1810.93,58
1628010660,1811.11,75
1628010720,1811.15,51
1628010780,1811.24,51
1628010840,1811.22,93
1628010900,1811.12,55
1628010960,1811.10,83
1628011020,1810.90,50
1628011080,1811.00,34
1628011140,1811.00,48
1628011200,1810.83,64
1628011260,1810.92,40
1628011320,1811.01,38
1628011380,1810.98,79
1628011440,1810.74,104
1628011500,1810.78,58
1628011560,1810.47,67
1628011620,1810.32,84
1628011680,1810.35,79
1628011740,1811.46,245
1628011800,1811.21,123
1628011860,1811.12,74
1628011920,1811.02,49
1628011980,1811.04,52
1628012040,1811.00,63
1628012100,1811.15,49
1628012160,1811.03,51
1628012220,1811.03,56
1628012280,1811.03,30
1628012340,1811.33,44
1628012400,1811.14,64
1628012460,1811.21,57
1628012520,1810.96,50
1628012580,1810.97,23
1628012640,1810.63,58
1628012700,1810.73,75
1628012760,1810.60,39
1628012820,1810.90,50
1628012880,1810.77,42
1628012940,1810.77,24
1628013000,1810.74,38
1628013060,1810.47,75
1628013120,1810.47,61
1628013180,1810.34,29
1628013240,1810.23,67
1628013300,1810.22,31
1628013360,1810.12,24
1628013420,1810.11,29
1628013480,1810.30,43
1628013540,1810.11,37
1628013600,1810.10,57
1628013660,1810.01,49
1628013720,1809.95,50
1628013780,1810.08,61
1628013840,1810.18,51
1628013900,1810.05,35
1628013960,1810.22,29
1628014020,1810.37,46
1628014080,1810.48,45
1628014140,1810.48,44
1628014200,1810.37,40
1628014260,1810.67,34
1628014320,1810.73,40
1628014380,1810.36,35
1628014440,1810.42,13
1628014500,1810.47,57
1628014560,1810.56,34
1628014620,1810.77,53
1628014680,1810.86,41
1628014740,1810.76,57
1628014800,1810.76,26
1628014860,1810.77,33
1628014920,1810.67,29
1628014980,1810.40,41
1628015040,1810.37,50
1628015100,1810.57,49
1628015160,1810.49,52
1628015220,1810.57,29
1628015280,1810.57,52
1628015340,1810.25,82
1628015400,1810.34,28
1628015460,1810.42,19
1628015520,1810.51,17
1628015580,1810.51,36
1628015640,1810.45,40
1628015700,1810.21,39
1628015760,1810.10,49
1628015820,1810.19,28
1628015880,1810.11,16
1628015940,1810.15,56
1628016000,1810.20,74
1628016060,1810.24,45
1628016120,1810.33,35
1628016180,1810.34,50
1628016240,1810.32,35
1628016300,1810.22,44
1628016360,1810.21,46
1628016420,1810.19,40
1628016480,1810.12,46
1628016540,1810.01,51
1628016600,1810.23,47
1628016660,1810.21,21
1628016720,1810.23,16
1628016780,1810.20,7
1628016840,1810.19,10
1628016900,1809.97,65
1628016960,1810.10,67
1628017020,1810.09,18
1628017080,1809.90,36
1628017140,1809.99,70
1628017200,1809.90,71
1628017260,1810.05,55
1628017320,1810.21,52
1628017380,1810.35,36
1628017440,1810.40,34
1628017500,1810.58,68
1628017560,1810.49,51
1628017620,1810.38,77
1628017680,1810.50,56
1628017740,1810.48,27
1628017800,1810.50,42
1628017860,1810.58,41
1628017920,1810.68,46
1628017980,1810.62,23
1628018040,1810.76,41
1628018100,1810.72,29
1628018160,1810.63,30
1628018220,1810.97,46
1628018280,1810.86,35
1628018340,1810.70,16
1628018400,1810.65,24
1628018460,1810.80,38
1628018520,1810.75,62
1628018580,1810.91,21
1628018640,1810.61,35
1628018700,1810.93,39
1628018760,1811.00,30
1628018820,1810.95,22
1628018880,1810.94,18
1628018940,1811.00,29
1628019000,1811.13,31
1628019060,1811.28,54
1628019120,1811.27,69
1628019180,1811.28,15
1628019240,1811.25,30
1628019300,1811.15,17
1628019360,1811.35,27
1628019420,1811.29,36
1628019480,1811.23,39
1628019540,1811.14,49
1628019600,1811.21,28
1628019660,1811.27,23
1628019720,1811.16,29
1628019780,1811.03,43
1628019840,1810.86,48
1628019900,1810.78,39
1628019960,1810.84,46
1628020020,1810.84,17
1628020080,1810.83,24
1628020140,1810.93,35
1628020200,1810.94,22
1628020260,1810.91,27
1628020320,1810.88,34
1628020380,1810.98,36
1628020440,1810.96,47
1628020500,1810.89,51
1628020560,1810.87,56
1628020620,1810.86,43
1628020680,1811.01,41
1628020740,1811.21,97
1628020800,1810.89,66
1628020860,1810.99,43
1628020920,1810.94,35
1628020980,1810.85,18
1628021040,1810.78,21
1628021100,1810.74,9
1628021160,1810.65,19
1628021220,1810.66,32
1628021280,1810.72,15
1628021340,1810.72,8
1628021400,1810.69,31
1628021460,1810.58,25
1628021520,1810.58,18
1628021580,1810.59,16
1628021640,1810.41,33
1628021700,1810.45,26
1628021760,1810.63,11
1628021820,1810.54,19
1628022000,1810.53,8
1628022060,1810.51,8
1628022120,1810.53,11
1628022180,1810.50,10
1628022240,1810.54,15
1628022300,1810.58,3
1628022360,1810.56,2
1628022420,1810.55,5
1628022480,1810.57,13
1628022540,1810.56,15
1628022600,1810.59,47
1628022660,1810.50,13
1628022720,1810.55,16
1628022780,1810.54,10
1628022840,1810.54,9
1628022900,1810.38,33
1628022960,1810.42,8
1628023020,1810.41,6
1628023080,1810.38,12
1628023140,1810.34,3
1628023200,1810.25,15
1628023260,1810.30,13
1628023320,1810.35,25
1628023380,1810.26,11
1628023440,1810.28,11
1628023500,1810.11,38
1628023560,1810.23,22
1628023620,1810.28,23
1628023680,1810.25,19
1628023740,1810.45,42
1628023800,1810.42,53
1628023860,1810.37,3
1628023980,1810.28,15
1628024040,1810.18,21
1628024100,1810.29,14
1628024160,1810.30,10
1628028120,1810.29,29
1628028180,1810.30,22
1628028240,1810.30,33
1628028300,1810.41,21
1628028360,1810.44,11
1628028420,1810.44,10
1628028480,1810.35,20
1628028540,1810.11,28
1628028600,1810.13,16
1628028660,1810.15,38
1628028720,1810.21,36
1628028780,1810.33,21
1628028840,1810.34,18
1628028900,1810.34,15
1628028960,1810.42,21
1628029020,1810.42,17
1628029080,1810.55,18
1628029140,1810.47,30
1628029200,1810.45,30
1628029260,1810.45,17
1628029320,1810.44,3
1628029380,1810.49,20
1628029440,1810.53,20
1628029500,1810.60,14
1628029560,1810.69,6
1628029620,1810.58,15
1628029680,1810.62,18
1628029740,1810.69,13
1628029800,1810.50,19
1628029860,1810.43,14
1628029920,1810.46,20
1628029980,1810.42,4
1628030040,1810.39,14
1628030100,1810.31,15
1628030160,1810.29,15
1628030220,1810.28,10
1628030280,1810.32,15
1628030340,1810.31,8
1628030400,1810.41,9
1628030460,1810.43,9
1628030520,1810.56,18
1628030580,1810.58,16
1628030640,1810.40,21
1628030700,1810.51,52
1628030760,1810.47,21
1628030820,1810.58,14
1628030880,1810.50,10
1628030940,1810.46,31
1628031000,1810.54,17
1628031060,1810.58,11
1628031120,1810.60,16
1628031180,1810.59,22
1628031240,1810.63,24
1628031300,1810.50,15
1628031360,1810.61,15
1628031420,1810.62,12
1628031480,1810.72,12
1628031540,1810.72,22
1628031600,1810.79,24
1628031660,1810.76,16
1628031720,1810.74,21
1628031780,1810.66,24
1628031840,1810.73,15
1628031900,1810.68,10
1628031960,1810.66,10
1628032020,1810.71,19
1628032080,1810.76,9
1628032140,1810.75,15
1628032200,1810.74,13
1628032260,1810.91,21
1628032320,1810.89,20
1628032380,1810.90,9
1628032440,1810.88,13
1628032500,1810.74,23
1628032560,1810.83,7
1628032620,1810.74,13
1628032680,1810.83,6
1628032740,1810.84,8
1628032800,1810.83,2
1628032860,1810.91,6
1628032920,1810.92,3
1628032980,1810.92,4
1628033220,1810.86,3
1628033280,1810.72,20
1628033340,1810.72,4
1628033400,1810.65,6
1628033460,1810.73,10
1628033520,1810.82,9
1628033580,1810.81,1
1628033640,1810.81,6
1628033700,1810.73,4
1628033760,1810.79,5
1628033820,1810.79,3
1628033880,1810.89,8
1628033940,1810.88,7
1628034000,1810.99,16
1628034060,1810.87,25
1628034120,1810.97,18
1628034180,1810.76,21
1628034240,1810.82,12
1628034300,1810.84,19
1628034360,1810.76,14
1628034420,1810.79,12
1628034480,1810.81,25
1628034540,1810.81,8
1628034600,1810.81,6
1628034660,1810.79,10
1628034720,1810.87,14
1628034780,1810.90,8
1628034840,1811.08,11
1628034900,1811.07,10
1628034960,1811.03,16
1628035020,1811.16,38
1628035080,1811.12,18
1628035140,1811.15,27
1628035200,1811.08,68
1628035260,1810.96,30
1628035320,1810.80,46
1628035380,1810.84,54
1628035440,1810.72,54
1628035500,1810.61,32
1628035560,1810.41,38
1628035620,1810.21,38
1628035680,1810.11,44
1628035740,1810.28,55
1628035800,1810.34,39
1628035860,1810.37,40
1628035920,1810.60,32
1628035980,1810.72,21
1628036040,1810.53,33
1628036100,1810.57,73
1628036160,1810.74,34
1628036220,1810.89,39
1628036280,1810.95,7
1628036340,1810.86,28
1628036400,1810.76,24
1628036460,1810.66,23
1628036520,1810.69,17
1628036580,1810.66,15
1628036640,1810.71,40
1628036700,1810.59,38
1628036760,1810.67,16
1628036820,1810.57,25
1628036880,1810.54,35
1628036940,1810.40,15
1628037000,1810.47,23
1628037060,1810.44,5
1628037120,1810.32,28
1628037180,1810.10,40
1628037240,1810.14,28
1628037300,1809.96,21
1628037360,1810.16,13
1628037420,1809.99,41
1628037480,1809.87,15
1628037540,1810.09,27
1628037600,1810.04,23
1628037660,1810.22,80
1628037720,1810.27,79
1628037780,1810.31,84
1628037840,1810.44,65
1628037900,1810.36,42
1628037960,1810.30,20
1628038020,1810.25,48
1628038080,1810.20,2
1628038140,1810.15,34
1628038200,1810.04,55
1628038260,1810.15,53
1628038320,1810.15,27
1628038380,1810.10,27
1628038440,1809.93,110
1628038500,1810.13,81
1628038560,1810.24,34
1628038620,1810.34,23
1628038680,1810.34,20
1628038740,1810.49,38
1628038800,1810.29,178
1628038860,1810.00,90
1628038920,1809.75,133
1628038980,1809.62,149
1628039040,1809.57,53
1628039100,1810.02,52
1628039160,1810.14,74
1628039220,1810.19,33
1628039280,1810.15,28
1628039340,1809.96,46
1628039400,1810.08,39
1628039460,1809.65,90
1628039520,1809.07,95
1628039580,1809.29,61
1628039640,1809.44,111
1628039700,1809.59,111
1628039760,1809.69,83
1628039820,1809.40,81
1628039880,1809.59,92
1628039940,1809.66,91
1628040000,1809.75,74
1628040060,1810.17,78
1628040120,1810.19,46
1628040180,1810.58,81
1628040240,1810.58,93
1628040300,1810.49,129
1628040360,1810.62,83
1628040420,1810.58,103
1628040480,1810.62,118
1628040540,1810.78,169
1628040600,1810.96,148
1628040660,1810.63,148
1628040720,1810.56,100
1628040780,1810.84,132
1628040840,1810.77,93
1628040900,1810.50,82
1628040960,1810.80,94
1628041020,1810.59,88
1628041080,1810.70,52
1628041140,1810.95,96
1628041200,1810.87,75
1628041260,1810.74,61
1628041320,1810.82,22
1628041380,1810.77,49
1628041440,1810.88,42
1628041500,1811.09,116
1628041560,1810.93,113
1628041620,1810.99,103
1628041680,1810.84,128
1628041740,1811.20,115
1628041800,1811.35,141
1628041860,1811.58,66
1628041920,1812.38,202
1628041980,1812.57,216
1628042040,1812.53,149
1628042100,1812.45,153
1628042160,1812.43,88
1628042220,1813.09,187
1628042280,1813.00,197
1628042340,1812.94,104
1628042400,1813.22,122
1628042460,1813.03,60
1628042520,1812.91,95
1628042580,1813.05,92
1628042640,1813.04,89
1628042700,1812.87,91
1628042760,1812.97,79
1628042820,1812.94,135
1628042880,1812.78,167
1628042940,1812.47,151
1628043000,1812.84,111
1628043060,1813.14,110
1628043120,1813.09,100
1628043180,1813.19,81
1628043240,1812.92,104
1628043300,1812.81,77
1628043360,1812.96,77
1628043420,1813.29,100
1628043480,1813.48,120
1628043540,1813.40,112
1628043600,1813.44,75
1628043660,1813.57,96
1628043720,1813.56,80
1628043780,1813.76,76
1628043840,1813.52,103
1628043900,1813.49,103
1628043960,1813.51,100
1628044020,1813.74,74
1628044080,1813.38,61
1628044140,1813.06,57
1628044200,1812.96,120
1628044260,1812.68,86
1628044320,1812.65,91
1628044380,1812.65,74
1628044440,1812.61,70
1628044500,1812.65,78
1628044560,1812.47,81
1628044620,1812.57,93
1628044680,1812.84,94
1628044740,1812.78,130
1628044800,1812.93,126
1628044860,1813.01,93
1628044920,1812.89,167
1628044980,1812.66,159
1628045040,1812.87,187
1628045100,1812.83,171
1628045160,1812.73,129
1628045220,1812.60,127
1628045280,1812.65,148
1628045340,1812.82,146
1628045400,1812.99,111
1628045460,1813.08,104
1628045520,1813.04,88
1628045580,1813.05,79
1628045640,1813.04,43
1628045700,1813.12,93
1628045760,1813.25,82
1628045820,1813.25,83
1628045880,1813.53,98
1628045940,1813.71,90
1628046000,1813.68,91
1628046060,1814.66,143
1628046120,1814.36,64
1628046180,1814.35,118
1628046240,1813.94,91
1628046300,1814.14,49
1628046360,1814.07,84
1628046420,1814.05,87
1628046480,1814.09,45
1628046540,1814.26,36
1628046600,1814.58,154
1628046660,1814.58,109
1628046720,1814.75,113
1628046780,1814.70,117
1628046840,1814.51,104
1628046900,1814.43,94
1628046960,1814.44,83
1628047020,1814.30,70
1628047080,1814.38,93
1628047140,1814.27,113
1628047200,1814.37,78
1628047260,1814.28,105
1628047320,1814.27,124
1628047380,1814.08,74
1628047440,1814.08,74
1628047500,1814.06,173
1628047560,1813.96,79
1628047620,1814.04,94
1628047680,1813.86,37
1628047740,1813.85,62
1628047800,1813.99,42
1628047860,1814.07,42
1628047920,1813.95,40
1628047980,1813.85,35
1628048040,1814.04,38
1628048100,1813.96,41
1628048160,1813.94,28
1628048220,1814.01,54
1628048280,1813.95,9
1628048340,1813.85,6
1628048400,1814.04,22
1628048460,1814.08,20
1628048520,1813.98,29
1628048580,1814.03,47
1628048640,1813.95,7
1628048700,1813.86,45
1628048760,1814.05,19
1628048820,1814.14,10
1628048880,1814.14,17
1628048940,1813.90,56
1628049000,1813.84,29
1628049060,1813.85,52
1628049120,1813.65,25
1628049180,1813.55,26
1628049240,1813.55,40
1628049300,1813.57,29
1628049360,1813.55,4
1628049420,1813.25,17
1628049480,1813.33,22
1628049540,1813.23,66
1628049600,1813.27,60
1628049660,1813.20,55
1628049720,1813.20,57
1628049780,1813.02,22
1628049840,1813.00,10
1628049900,1813.02,28
1628049960,1812.87,69
1628050020,1812.92,82
1628050080,1812.95,57
1628050140,1812.96,36
1628050200,1812.94,51
1628050260,1812.44,68
1628050320,1812.45,58
1628050380,1812.48,30
1628050440,1812.50,48
1628050500,1812.41,56
1628050560,1812.52,49
1628050620,1812.42,52
1628050680,1812.41,40
1628050740,1812.54,24
1628050800,1812.66,46
1628050860,1812.79,29
1628050920,1812.85,22
1628050980,1812.78,11
1628051040,1812.59,27
1628051100,1812.71,49
1628051160,1812.69,38
1628051220,1812.73,29
1628051280,1812.56,45
1628051340,1812.45,41
1628051400,1812.48,53
1628051460,1812.52,31
1628051520,1812.78,56
1628051580,1812.85,29
1628051640,1812.91,81
1628051700,1812.83,43
1628051760,1812.85,19
1628051820,1812.65,32
1628051880,1812.66,28
1628051940,1812.66,21
1628052000,1812.76,15
1628052060,1812.85,16
1628052120,1812.77,16
1628052180,1812.76,45
1628052240,1812.77,39
1628052300,1812.76,40
1628052360,1812.65,23
1628052420,1812.55,31
1628052480,1812.62,11
1628052540,1812.42,62
1628052600,1812.68,60
1628052660,1812.63,14
1628052720,1812.53,39
1628052780,1812.68,22
1628052840,1812.73,15
1628052900,1812.73,16
1628052960,1812.83,39
1628053020,1812.48,55
1628053080,1812.58,61
1628053140,1812.48,37
1628053200,1812.74,52
1628053260,1812.74,24
1628053320,1812.78,20
1628053380,1812.88,24
1628053440,1812.89,24
1628053500,1812.83,16
1628053560,1812.81,52
1628053620,1812.76,27
1628053680,1812.87,54
1628053740,1812.93,33
1628053800,1812.95,42
1628053860,1812.97,30
1628053920,1813.01,74
1628053980,1813.05,46
1628054040,1813.91,131
1628054100,1813.74,64
1628054160,1813.62,42
1628054220,1813.60,36
1628054280,1813.52,29
1628054340,1813.55,28
1628054400,1813.51,28
1628054460,1813.70,39
1628054520,1813.75,47
1628054580,1813.94,52
1628054640,1814.03,68
1628054700,1814.14,81
1628054760,1814.19,81
1628054820,1813.99,70
1628054880,1813.96,45
1628054940,1813.52,79
1628055000,1813.07,237
1628055060,1812.99,153
1628055120,1813.08,79
1628055180,1813.22,69
1628055240,1813.29,80
1628055300,1813.01,68
1628055360,1812.87,85
1628055420,1812.96,185
1628055480,1813.02,61
1628055540,1812.92,86
1628055600,1812.92,112
1628055660,1812.91,97
1628055720,1812.58,91
1628055780,1812.38,165
1628055840,1812.56,89
1628055900,1812.32,130
1628055960,1812.61,138
1628056020,1812.79,106
1628056080,1813.65,139
1628056140,1813.77,62
1628056200,1813.69,33
1628056260,1814.03,78
1628056320,1813.97,49
1628056380,1813.98,82
1628056440,1813.77,95
1628056500,1813.91,121
1628056560,1813.81,137
1628056620,1813.73,76
1628056680,1813.81,52
1628056740,1813.74,107
1628056800,1813.81,135
1628056860,1813.46,141
1628056920,1813.46,88
1628056980,1813.36,80
1628057040,1813.18,55
1628057100,1813.37,72
1628057160,1813.37,101
1628057220,1813.44,97
1628057280,1813.37,77
1628057340,1812.79,94
1628057400,1812.73,190
1628057460,1812.73,93
1628057520,1812.42,71
1628057580,1812.77,112
1628057640,1812.64,100
1628057700,1812.56,76
1628057760,1812.59,60
1628057820,1812.90,76
1628057880,1812.44,90
1628057940,1812.57,54
1628058000,1812.64,76
1628058060,1812.65,77
1628058120,1812.95,71
1628058180,1813.34,147
1628058240,1813.58,66
1628058300,1813.54,36
1628058360,1813.99,99
1628058420,1813.80,97
1628058480,1813.60,111
1628058540,1813.68,69
1628058600,1814.09,136
1628058660,1813.92,167
1628058720,1814.12,75
1628058780,1814.03,54
1628058840,1814.06,128
1628058900,1814.14,58
1628058960,1814.19,65
1628059020,1814.30,49
1628059080,1813.43,121
1628059140,1813.76,153
1628059200,1813.75,89
1628059260,1813.63,58
1628059320,1813.53,53
1628059380,1813.42,57
1628059440,1813.68,74
1628059500,1813.38,82
1628059560,1813.49,56
1628059620,1813.59,65
1628059680,1813.79,95
1628059740,1813.72,65
1628059800,1813.97,92
1628059860,1814.03,73
1628059920,1814.08,89
1628059980,1814.04,87
1628060040,1814.07,166
1628060100,1814.21,68
1628060160,1814.18,64
1628060220,1814.16,87
1628060280,1814.27,167
1628060340,1814.18,121
1628060400,1814.29,136
1628060460,1814.38,94
1628060520,1814.46,72
1628060580,1814.47,44
1628060640,1814.54,66
1628060700,1814.69,98
1628060760,1814.68,61
1628060820,1813.98,72
1628060880,1813.94,34
1628060940,1813.83,50
1628061000,1813.60,88
1628061060,1813.50,77
1628061120,1813.36,76
1628061180,1813.64,64
1628061240,1813.53,64
1628061300,1813.73,112
1628061360,1814.11,116
1628061420,1814.91,261
1628061480,1814.88,148
1628061540,1814.67,74
1628061600,1814.50,73
1628061660,1814.44,78
1628061720,1814.75,169
1628061780,1814.73,111
1628061840,1814.45,134
1628061900,1813.49,145
1628061960,1813.65,155
1628062020,1813.35,74
1628062080,1813.36,81
1628062140,1813.37,78
1628062200,1813.40,112
1628062260,1813.36,112
1628062320,1813.23,149
1628062380,1813.58,98
1628062440,1813.73,86
1628062500,1813.76,71
1628062560,1813.92,97
1628062620,1814.12,125
1628062680,1814.41,84
1628062740,1814.57,203
1628062800,1814.55,86
1628062860,1814.34,70
1628062920,1814.33,66
1628062980,1814.66,115
1628063040,1814.47,74
1628063100,1814.57,93
1628063160,1814.65,91
1628063220,1814.67,78
1628063280,1814.66,51
1628063340,1814.66,91
1628063400,1815.04,102
1628063460,1814.61,89
1628063520,1814.51,100
1628063580,1814.51,48
1628063640,1814.40,52
1628063700,1814.29,79
1628063760,1814.18,77
1628063820,1814.46,93
1628063880,1814.56,54
1628063940,1814.58,96
1628064000,1814.87,104
1628064060,1814.80,88
1628064120,1814.68,46
1628064180,1814.90,84
1628064240,1814.87,49
1628064300,1814.86,51
1628064360,1814.95,58
1628064420,1814.86,74
1628064480,1814.86,82
1628064540,1814.99,64
1628064600,1814.97,81
1628064660,1814.94,54
1628064720,1814.86,87
1628064780,1814.76,61
1628064840,1814.77,48
1628064900,1814.87,121
1628064960,1814.14,190
1628065020,1814.51,114
1628065080,1814.70,88
1628065140,1814.50,85
1628065200,1814.50,49
1628065260,1814.50,53
1628065320,1814.40,48
1628065380,1814.39,78
1628065440,1814.31,51
1628065500,1814.30,45
1628065560,1814.20,33
1628065620,1814.02,75
1628065680,1814.11,45
1628065740,1814.00,72
1628065800,1813.34,87
1628065860,1813.42,128
1628065920,1813.21,78
1628065980,1813.15,60
1628066040,1812.81,95
1628066100,1812.48,129
1628066160,1812.40,180
1628066220,1812.21,124
1628066280,1812.34,79
1628066340,1812.13,111
1628066400,1811.79,151
1628066460,1811.42,104
1628066520,1811.51,121
1628066580,1811.76,119
1628066640,1811.98,123
1628066700,1812.21,100
1628066760,1811.79,119
1628066820,1811.89,78
1628066880,1812.13,85
1628066940,1812.18,107
1628067000,1812.15,100
1628067060,1812.11,86
1628067120,1812.01,57
1628067180,1812.03,50
1628067240,1811.82,73
1628067300,1811.53,37
1628067360,1811.79,83
1628067420,1811.40,43
1628067480,1811.57,57
1628067540,1811.40,52
1628067600,1810.85,148
1628067660,1810.92,138
1628067720,1811.17,75
1628067780,1811.53,71
1628067840,1811.28,55
1628067900,1811.26,64
1628067960,1812.05,121
1628068020,1812.47,111
1628068080,1812.62,122
1628068140,1812.19,100
1628068200,1811.68,116
1628068260,1811.84,59
1628068320,1811.63,60
1628068380,1811.92,82
1628068440,1811.82,79
1628068500,1811.49,65
1628068560,1811.73,66
1628068620,1811.78,53
1628068680,1811.97,62
1628068740,1812.06,54
1628068800,1812.06,32
1628068860,1812.17,45
1628068920,1812.17,47
1628068980,1811.96,31
1628069040,1811.98,37
1628069100,1811.99,55
1628069160,1812.09,37
1628069220,1812.38,41
1628069280,1812.37,36
1628069340,1812.36,75
1628069400,1812.45,79
1628069460,1812.58,58
1628069520,1812.46,63
1628069580,1812.29,51
1628069640,1812.39,44
1628069700,1812.49,16
1628069760,1812.59,52
1628069820,1812.62,33
1628069880,1812.59,14
1628069940,1812.93,76
1628070000,1813.09,119
1628070060,1812.98,79
1628070120,1813.02,65
1628070180,1813.01,50
1628070240,1813.11,41
1628070300,1813.18,41
1628070360,1813.37,25
1628070420,1813.81,81
1628070480,1814.00,108
1628070540,1813.37,113
1628070600,1813.34,63
1628070660,1813.74,119
1628070720,1813.66,33
1628070780,1813.86,68
1628070840,1813.80,64
1628070900,1813.77,80
1628070960,1813.58,60
1628071020,1813.67,64
1628071080,1814.39,67
1628071140,1814.94,145
1628071200,1814.68,108
1628071260,1814.40,61
1628071320,1814.49,56
1628071380,1814.20,62
1628071440,1813.48,90
1628071500,1813.42,72
1628071560,1813.57,57
1628071620,1813.41,64
1628071680,1813.37,63
1628071740,1813.27,61
1628071800,1813.60,70
1628071860,1813.48,55
1628071920,1813.59,54
1628071980,1813.30,73
1628072040,1813.40,41
1628072100,1813.40,55
1628072160,1813.38,40
1628072220,1813.19,35
1628072280,1813.28,40
1628072340,1813.50,49
1628072400,1813.50,53
1628072460,1813.49,46
1628072520,1813.42,46
1628072580,1813.60,42
1628072640,1813.61,43
1628072700,1813.63,30
1628072760,1813.65,86
1628072820,1813.83,34
1628072880,1813.84,62
1628072940,1813.83,42
1628073000,1813.94,43
1628073060,1813.63,38
1628073120,1813.63,22
1628073180,1813.73,47
1628073240,1813.73,24
1628073300,1813.72,26
1628073360,1813.60,41
1628073420,1813.70,33
1628073480,1813.60,26
1628073540,1813.60,23
1628073600,1813.69,29
1628073660,1813.71,44
1628073720,1813.78,33
1628073780,1813.58,41
1628073840,1813.78,51
1628073900,1813.89,42
1628073960,1813.89,28
1628074020,1813.82,55
1628074080,1813.78,30
1628074140,1813.68,79
1628074200,1813.78,36
1628074260,1813.77,25
1628074320,1813.62,46
1628074380,1813.71,30
1628074440,1813.70,29
1628074500,1813.51,51
1628074560,1813.52,81
1628074620,1813.52,57
1628074680,1813.61,88
1628074740,1813.72,58
1628074800,1813.49,76
1628074860,1813.33,96
1628074920,1813.47,95
1628074980,1813.47,136
1628075040,1813.55,69
1628075100,1814.79,151
1628075160,1814.87,130
1628075220,1813.89,218
1628075280,1813.68,121
1628075340,1813.55,90
1628075400,1813.73,83
1628075460,1813.71,66
1628075520,1814.01,78
1628075580,1813.83,78
1628075640,1813.98,52
1628075700,1813.91,80
1628075760,1814.17,62
1628075820,1814.13,114
1628075880,1814.52,120
1628075940,1814.47,80
1628076000,1815.16,97
1628076060,1815.05,131
1628076120,1815.31,70
1628076180,1814.60,115
1628076240,1815.26,114
1628076300,1815.83,160
1628076360,1815.91,164
1628076420,1815.83,84
1628076480,1816.13,85
1628076540,1816.24,165
1628076600,1816.18,145
1628076660,1816.30,118
1628076720,1816.36,92
1628076780,1817.05,154
1628076840,1817.31,211
1628076900,1817.61,157
1628076960,1817.61,149
1628077020,1817.61,149
1628077080,1817.55,121
1628077140,1817.44,122
1628077200,1817.51,140
1628077260,1817.69,120
1628077320,1817.74,108
1628077380,1818.05,122
1628077440,1818.28,143
1628077500,1818.52,142
1628077560,1818.90,175
1628077620,1818.66,149
1628077680,1818.60,174
1628077740,1818.51,174
1628077800,1818.11,169
1628077860,1818.34,143
1628077920,1819.00,198
1628077980,1818.78,133
1628078040,1818.58,119
1628078100,1818.29,119
1628078160,1818.22,135
1628078220,1817.98,92
1628078280,1818.16,164
1628078340,1817.96,104
1628078400,1818.91,195
1628078460,1819.43,226
1628078520,1820.02,236
1628078580,1819.77,224
1628078640,1819.66,254
1628078700,1820.27,252
1628078760,1820.81,264
1628078820,1820.95,226
1628078880,1820.93,163
1628078940,1820.26,167
1628079000,1820.08,204
1628079060,1819.51,179
1628079120,1819.61,123
1628079180,1819.43,131
1628079240,1819.13,199
1628079300,1823.05,454
1628079360,1824.11,452
1628079420,1824.73,407
1628079480,1823.97,432
1628079540,1823.80,382
1628079600,1825.04,369
1628079660,1825.27,418
1628079720,1824.96,323
1628079780,1824.66,373
1628079840,1825.18,360
1628079900,1825.22,365
1628079960,1825.16,331
1628080020,1824.44,310
1628080080,1824.66,288
1628080140,1824.25,268
1628080200,1824.64,345
1628080260,1824.68,273
1628080320,1824.60,250
1628080380,1824.89,252
1628080440,1824.76,254
1628080500,1823.93,253
1628080560,1824.52,280
1628080620,1824.09,227
1628080680,1824.32,248
1628080740,1824.31,191
1628080800,1823.66,172
1628080860,1824.40,218
1628080920,1824.59,224
1628080980,1824.89,218
1628081040,1824.66,205
1628081100,1824.18,173
1628081160,1825.05,143
1628081220,1825.53,181
1628081280,1825.93,260
1628081340,1826.31,198
1628081400,1826.72,201
1628081460,1826.55,286
1628081520,1827.23,212
1628081580,1827.28,217
1628081640,1827.30,181
1628081700,1826.93,164
1628081760,1826.84,195
1628081820,1826.81,146
1628081880,1827.30,240
1628081940,1827.13,249
1628082000,1827.48,378
1628082060,1827.53,340
1628082120,1828.28,340
1628082180,1828.00,304
1628082240,1828.79,297
1628082300,1829.08,317
1628082360,1829.14,266
1628082420,1829.72,303
1628082480,1830.80,291
1628082540,1830.59,312
1628082600,1830.09,256
1628082660,1830.58,269
1628082720,1829.67,239
1628082780,1828.99,259
1628082840,1829.00,255
1628082900,1830.17,254
1628082960,1829.69,190
1628083020,1829.98,168
1628083080,1829.60,196
1628083140,1830.13,182
1628083200,1830.71,228
1628083260,1830.74,236
1628083320,1830.67,204
1628083380,1830.70,219
1628083440,1830.43,174
1628083500,1830.29,176
1628083560,1830.21,180
1628083620,1830.02,168
1628083680,1830.10,175
1628083740,1830.40,248
1628083800,1831.49,323
1628083860,1830.55,315
1628083920,1830.66,266
1628083980,1830.98,277
1628084040,1831.30,231
1628084100,1831.55,232
1628084160,1830.37,244
1628084220,1829.34,295
1628084280,1830.11,304
1628084340,1830.33,233
1628084400,1830.79,232
1628084460,1830.84,231
1628084520,1830.92,210
1628084580,1831.02,205
1628084640,1830.48,191
1628084700,1830.91,181
1628084760,1831.21,200
1628084820,1831.26,189
1628084880,1830.21,214
1628084940,1829.95,254
1628085000,1829.75,213
1628085060,1829.11,311
1628085120,1829.35,265
1628085180,1830.20,221
1628085240,1830.49,210
1628085300,1830.43,247
1628085360,1830.38,198
1628085420,1829.86,172
1628085480,1829.74,123
1628085540,1828.96,220
1628085600,1828.25,464
1628085660,1825.55,442
1628085720,1824.80,473
1628085780,1823.36,469
1628085840,1824.55,459
1628085900,1822.78,459
1628085960,1821.59,434
1628086020,1822.31,420
1628086080,1821.57,449
1628086140,1820.88,460
1628086200,1819.29,445
1628086260,1819.16,440
1628086320,1818.24,437
1628086380,1818.16,440
1628086440,1817.68,445
1628086500,1816.18,449
1628086560,1815.43,413
1628086620,1815.37,412
1628086680,1814.85,391
1628086740,1814.67,385
1628086800,1811.97,427
1628086860,1812.15,450
1628086920,1812.85,407
1628086980,1812.86,383
1628087040,1811.92,376
1628087100,1810.41,395
1628087160,1810.50,326
1628087220,1810.58,354
1628087280,1810.51,354
1628087340,1811.20,335
1628087400,1810.50,403
1628087460,1809.55,359
1628087520,1811.28,387
1628087580,1812.12,352
1628087640,1812.69,338
1628087700,1811.77,294
1628087760,1812.00,266
1628087820,1812.63,235
1628087880,1812.25,302
1628087940,1812.19,273
1628088000,1811.80,308
1628088060,1812.52,258
1628088120,1813.01,231
1628088180,1812.66,269
1628088240,1812.46,265
1628088300,1812.57,289
1628088360,1811.89,281
1628088420,1811.19,295
1628088480,1811.49,301
1628088540,1811.81,264
1628088600,1810.94,274
1628088660,1811.09,216
1628088720,1810.12,290
1628088780,1811.22,239
1628088840,1812.14,161
1628088900,1810.74,323
1628088960,1810.90,249
1628089020,1809.92,262
1628089080,1810.91,245
1628089140,1811.73,250
1628089200,1811.95,329
1628089260,1811.54,270
1628089320,1810.81,235
1628089380,1810.39,235
1628089440,1810.80,197
1628089500,1809.93,303
1628089560,1810.77,207
1628089620,1810.46,259
1628089680,1810.00,252
1628089740,1809.32,302
1628089800,1809.93,267
1628089860,1808.93,304
1628089920,1808.15,341
1628089980,1807.90,261
1628090040,1808.25,325
1628090100,1807.64,301
1628090160,1808.76,251
1628090220,1808.37,225
1628090280,1808.30,249
1628090340,1807.72,232
1628090400,1806.71,315
1628090460,1808.14,249
1628090520,1808.34,268
1628090580,1808.22,231
1628090640,1807.38,194
1628090700,1807.18,243
1628090760,1807.34,256
1628090820,1807.62,215
1628090880,1807.23,240
1628090940,1807.01,233
1628091000,1808.39,253
1628091060,1808.79,224
1628091120,1808.37,181
1628091180,1808.29,195
1628091240,1808.36,181
1628091300,1808.33,178
1628091360,1808.30,162
1628091420,1808.19,182
1628091480,1808.33,200
1628091540,1808.72,172
1628091600,1808.40,156
1628091660,1808.76,199
1628091720,1808.69,211
1628091780,1808.74,238
1628091840,1808.51,208
1628091900,1808.23,186
1628091960,1808.70,179
1628092020,1808.48,207
1628092080,1808.98,182
1628092140,1809.03,137
1628092200,1808.84,124
1628092260,1808.75,95
1628092320,1809.02,119
1628092380,1809.01,125
1628092440,1809.62,148
1628092500,1809.71,154
1628092560,1810.45,196
1628092620,1810.71,132
1628092680,1810.87,112
1628092740,1811.22,219
1628092800,1810.83,177
1628092860,1810.63,157
1628092920,1810.66,159
1628092980,1810.89,158
1628093040,1810.85,168
1628093100,1810.91,158
1628093160,1810.74,94
1628093220,1810.61,171
1628093280,1810.33,200
1628093340,1810.47,145
1628093400,1810.57,111
1628093460,1810.98,151
1628093520,1811.03,143
1628093580,1811.07,132
1628093640,1810.78,131
1628093700,1810.91,179
1628093760,1810.51,171
1628093820,1810.55,192
1628093880,1810.55,156
1628093940,1810.82,141
1628094000,1811.06,135
1628094060,1811.26,94
1628094120,1811.50,93
1628094180,1811.00,91
1628094240,1810.82,124
1628094300,1810.82,93
1628094360,1810.79,74
1628094420,1810.79,86
1628094480,1810.74,85
1628094540,1810.65,56
1628094600,1810.84,133
1628094660,1810.77,73
1628094720,1811.39,75
1628094780,1811.16,119
1628094840,1811.40,130
1628094900,1811.49,83
1628094960,1811.56,71
1628095020,1811.68,116
1628095080,1811.87,154
1628095140,1812.01,112
1628095200,1811.85,90
1628095260,1811.86,112
1628095320,1812.04,100
1628095380,1812.03,114
1628095440,1811.82,86
1628095500,1811.90,129
1628095560,1811.72,93
1628095620,1811.87,93
1628095680,1811.73,80
1628095740,1811.88,76
1628095800,1811.81,69
1628095860,1811.93,57
1628095920,1812.01,46
1628095980,1812.09,21
1628096040,1812.04,42
1628096100,1811.67,72
1628096160,1811.67,85
1628096220,1811.88,64
1628096280,1812.03,93
1628096340,1811.82,76
1628096400,1811.93,98
1628096460,1812.01,102
1628096520,1811.94,65
1628096580,1811.70,138
1628096640,1811.72,157
1628096700,1811.72,117
1628096760,1811.59,94
1628096820,1811.39,119
1628096880,1811.12,196
1628096940,1810.92,207
1628097000,1810.71,147
1628097060,1810.81,142
1628097120,1810.89,127
1628097180,1810.91,107
1628097240,1810.99,131
1628097300,1811.29,76
1628097360,1811.20,79
1628097420,1811.23,110
1628097480,1811.43,50
1628097540,1811.44,60
1628097600,1811.60,68
1628097660,1811.44,54
1628097720,1811.60,57
1628097780,1811.72,48
1628097840,1811.75,77
1628097900,1811.75,59
1628097960,1811.72,27
1628098020,1811.67,58
1628098080,1811.59,55
1628098140,1811.94,178
1628098200,1811.57,111
1628098260,1811.93,77
1628098320,1812.18,88
1628098380,1812.27,110
1628098440,1812.31,87
1628098500,1812.28,79
1628098560,1812.29,86
1628098620,1812.27,51
1628098680,1812.27,92
1628098740,1812.08,110
1628098800,1812.08,57
1628098860,1812.46,76
1628098920,1812.45,63
1628098980,1812.35,37
1628099040,1812.82,63
1628099100,1812.56,86
1628099160,1812.86,44
1628099220,1812.73,40
1628099280,1812.76,77
1628099340,1812.83,98
1628099400,1813.01,101
1628099460,1813.02,90
1628099520,1813.02,108
1628099580,1812.91,116
1628099640,1812.73,77
1628099700,1812.66,77
1628099760,1812.55,50
1628099820,1812.55,40
1628099880,1812.46,51
1628099940,1812.36,113
1628100000,1812.32,97
1628100060,1812.27,60
1628100120,1812.27,75
1628100180,1811.87,66
1628100240,1811.77,48
1628100300,1811.58,69
1628100360,1811.69,101
1628100420,1811.74,73
1628100480,1811.62,59
1628100540,1811.64,31
1628100600,1811.67,6
1628100660,1811.75,22
1628100720,1811.85,47
1628100780,1811.75,21
1628100840,1811.87,32
1628100900,1811.75,14
1628100960,1811.75,17
1628101020,1811.79,59
1628101080,1812.05,49
1628101140,1812.07,64
1628101200,1812.03,29
1628101260,1812.05,73
1628101320,1812.06,48
1628101380,1811.97,42
1628101440,1811.98,45
1628101500,1811.95,45
1628101560,1811.66,51
1628101620,1811.86,58
1628101680,1811.97,60
1628101740,1811.94,103
1628101800,1811.75,56
1628101860,1811.29,59
1628101920,1811.20,44
1628101980,1811.24,40
1628102040,1811.21,54
1628102100,1810.85,127
1628102160,1810.80,44
1628102220,1810.79,96
1628102280,1810.81,21
1628102340,1810.80,29
1628102400,1810.83,48
1628102460,1811.06,43
1628102520,1810.99,28
1628102580,1810.97,37
1628102640,1811.12,21
1628102700,1810.90,42
1628102760,1810.91,38
1628102820,1810.91,54
1628102880,1811.21,43
1628102940,1811.06,58
1628103000,1811.00,49
1628103060,1810.91,91
1628103120,1810.87,39
1628103180,1810.88,22
1628103240,1810.84,53
1628103300,1810.89,67
1628103360,1810.99,22
1628103420,1810.92,57
1628103480,1811.19,76
1628103540,1811.19,47
1628103600,1811.29,73
1628103660,1810.99,116
1628103720,1811.49,105
1628103780,1811.94,95
1628103840,1811.65,83
1628103900,1811.45,82
1628103960,1811.28,59
1628104020,1811.13,39
1628104080,1811.16,90
1628104140,1811.18,96
1628104200,1811.12,68
1628104260,1810.90,55
1628104320,1810.92,33
1628104380,1810.95,67
1628104440,1811.15,80
1628104500,1810.94,83
1628104560,1811.24,51
1628104620,1811.38,94
1628104680,1811.28,62
1628104740,1811.37,102
1628104800,1811.46,64
1628104860,1811.49,53
1628104920,1811.47,58
1628104980,1811.67,55
1628105040,1811.67,29
1628105100,1811.58,57
1628105160,1811.64,69
1628105220,1811.76,50
1628105280,1811.94,42
1628105340,1812.08,15
1628105400,1811.96,123
1628105460,1811.95,87
1628105520,1811.99,35
1628105580,1812.06,34
1628105640,1812.05,38
1628105700,1811.97,51
1628105760,1812.11,51
1628105820,1812.10,33
1628105880,1812.28,39
1628105940,1812.12,98
1628106000,1812.04,83
1628106060,1812.39,100
1628106120,1812.21,59
1628106180,1812.48,98
1628106240,1812.49,42
1628106300,1812.00,82
1628106360,1812.00,22
1628106420,1812.03,54
1628106480,1812.10,20
1628106540,1811.99,35
1628106600,1811.98,59
1628106660,1812.21,64
1628106720,1812.16,31
1628106780,1811.86,45
1628106840,1812.05,50
1628106900,1812.25,105
1628106960,1811.88,74
1628107020,1811.99,38
1628107080,1812.05,76
1628107140,1811.95,93
1628107200,1812.13,100
1628107260,1812.21,41
1628107320,1812.00,86
1628107380,1811.92,29
1628107440,1811.99,33
1628107500,1812.29,38
1628107560,1812.40,15
1628107620,1812.13,40
1628107680,1812.16,22
1628107740,1812.10,13
1628107800,1812.24,11
1628107860,1812.15,18
1628107920,1812.05,17
1628107980,1812.12,11
1628108040,1812.18,21
1628108100,1812.21,41
1628108160,1812.07,28
1628108220,1812.05,20
1628108280,1812.06,15
1628108340,1812.16,30
1628108400,1812.16,12
1628108460,1812.08,3
1628108520,1812.16,33
1628108580,1812.16,2
1628108640,1812.16,2
1628108700,1812.16,4
1628108760,1812.16,5
1628108820,1812.06,16
1628108880,1812.16,19
1628108940,1812.16,33
1628109000,1811.76,64
1628109060,1811.97,20
1628109120,1811.99,14
1628109180,1812.01,20
1628109240,1811.97,23
1628109300,1812.03,25
1628109360,1812.03,16
1628109420,1811.98,12
1628109480,1811.90,22
1628109540,1811.87,15
1628109600,1811.50,18
1628109660,1810.97,80
1628109720,1811.13,19
1628109780,1811.24,21
1628109840,1811.48,36
1628109900,1811.45,30
1628109960,1811.49,13
1628110020,1811.46,13
1628110080,1811.44,8
1628110140,1811.48,29
1628110200,1811.14,36
1628110260,1811.33,26
1628110320,1811.52,26
1628110380,1811.60,12
1628110440,1811.62,17
1628110500,1811.70,43
1628110560,1811.70,19
1628114520,1812.08,19
1628114580,1812.11,36
1628114640,1812.04,23
1628114700,1812.05,28
1628114760,1812.04,22
1628114820,1812.05,12
1628114880,1811.98,38
1628114940,1811.88,17
1628115000,1811.89,8
1628115060,1811.90,16
1628115120,1811.90,2
1628115180,1811.91,2
1628115240,1811.94,7
1628115300,1811.87,3
1628115360,1811.73,21
1628115420,1811.61,17
1628115480,1811.62,16
1628115540,1811.54,11
1628115600,1811.64,24
1628115660,1811.71,24
1628115720,1811.60,6
1628115780,1811.73,21
1628115840,1811.77,8
1628115900,1811.60,21
1628115960,1811.63,12
1628116020,1811.56,16
1628116080,1811.56,8
1628116140,1811.56,3
1628116200,1811.49,23
1628116260,1811.60,41
1628116320,1811.57,20
1628116380,1811.56,14
1628116440,1811.56,9
1628116500,1811.47,18
1628116560,1811.47,29
1628116620,1811.47,23
1628116680,1811.63,20
1628116740,1811.66,8
1628116800,1811.66,18
1628116860,1811.75,37
1628116920,1811.66,8
1628116980,1811.66,19
1628117040,1811.76,15
1628117100,1811.76,39
1628117160,1811.85,17
1628117220,1811.81,19
1628117280,1811.86,15
1628117340,1811.87,14
1628117400,1811.93,28
1628117460,1811.99,29
1628117520,1811.95,17
1628117580,1811.94,20
1628117640,1811.99,22
1628117700,1811.98,8
1628117760,1811.97,15
1628117820,1811.97,25
1628117880,1811.97,32
1628117940,1811.98,16
1628118000,1812.10,45
1628118060,1812.19,30
1628118120,1812.10,15
1628118180,1812.09,11
1628118240,1812.13,10
1628118300,1812.19,18
1628118360,1812.17,15
1628118420,1811.97,30
1628118480,1811.98,13
1628118540,1811.97,21
1628118600,1811.97,19
1628118660,1811.88,26
1628118720,1811.98,18
1628118780,1811.79,21
1628118840,1811.79,15
1628118900,1811.79,23
1628118960,1811.88,14
1628119020,1811.79,27
1628119080,1811.79,21
1628119140,1811.83,22
1628119200,1811.89,17
1628119260,1811.80,8
1628119320,1811.80,5
1628119380,1811.90,11
1628119440,1811.70,19
1628119500,1811.67,25
1628119560,1811.80,20
1628119620,1811.80,16
1628119680,1811.72,39
1628119740,1811.72,16
1628119800,1811.74,11
1628119860,1811.72,11
1628119920,1811.72,9
1628119980,1811.62,23
1628120040,1811.71,14
1628120100,1811.70,5
1628120160,1811.98,38
1628120220,1811.99,6
1628120280,1812.08,11
1628120340,1811.98,25
1628120400,1812.07,18
1628120460,1812.17,17
1628120520,1812.36,44
1628120580,1812.45,29
1628120640,1812.46,11
1628120700,1812.45,5
1628120760,1812.40,33
1628120820,1812.43,61
1628120880,1812.19,60
1628120940,1812.38,23
1628121000,1811.62,59
1628121060,1811.90,19
1628121120,1811.99,19
1628121180,1811.68,31
1628121240,1811.80,17
1628121300,1811.61,37
1628121360,1811.61,30
1628121420,1811.67,16
1628121480,1811.67,6
1628121540,1811.67,20
1628121600,1811.59,40
1628121660,1811.48,27
1628121720,1811.29,19
1628121780,1810.90,23
1628121840,1810.97,62
1628121900,1811.06,67
1628121960,1811.23,68
1628122020,1811.13,33
1628122080,1811.13,3
1628122140,1810.93,40
1628122200,1810.94,13
1628122260,1811.03,22
1628122320,1810.94,22
1628122380,1810.93,46
1628122440,1811.03,48
1628122500,1811.03,43
1628122560,1811.03,28
1628122620,1811.13,8
1628122680,1811.40,28
1628122740,1810.97,34
1628122800,1810.97,23
1628122860,1810.59,58
1628122920,1810.80,46
1628122980,1810.80,27
1628123040,1810.90,36
1628123100,1810.84,18
1628123160,1811.01,28
1628123220,1811.11,19
1628123280,1810.81,19
1628123340,1810.81,35
1628123400,1810.52,58
1628123460,1810.44,37
1628123520,1810.70,26
1628123580,1810.70,18
1628123640,1810.70,13
1628123700,1810.41,24
1628123760,1810.22,37
1628123820,1810.12,26
1628123880,1810.11,20
1628123940,1810.10,55
1628124000,1810.11,21
1628124060,1810.11,17
1628124120,1810.20,8
1628124180,1809.91,18
1628124240,1809.79,76
1628124300,1809.87,71
1628124360,1809.98,33
1628124420,1810.28,20
1628124480,1810.29,43
1628124540,1810.29,13
1628124600,1810.28,27
1628124660,1810.19,54
1628124720,1810.20,46
1628124780,1809.79,112
1628124840,1809.66,121
1628124900,1809.61,86
1628124960,1809.88,50
1628125020,1809.92,71
1628125080,1809.98,71
1628125140,1809.82,100
1628125200,1809.74,294
1628125260,1809.80,182
1628125320,1809.43,173
1628125380,1809.80,162
1628125440,1809.94,120
1628125500,1810.19,128
1628125560,1810.45,77
1628125620,1810.45,86
1628125680,1810.48,78
1628125740,1810.74,66
1628125800,1811.06,86
1628125860,1811.27,109
1628125920,1811.13,101
1628125980,1810.87,99
1628126040,1810.79,98
1628126100,1810.91,82
1628126160,1811.28,122
1628126220,1811.48,105
1628126280,1811.73,126
1628126340,1811.88,85
1628126400,1811.59,106
1628126460,1811.55,69
1628126520,1811.65,69
1628126580,1811.32,108
1628126640,1811.48,57
1628126700,1811.60,85
1628126760,1811.47,72
1628126820,1811.58,49
1628126880,1811.37,78
1628126940,1811.04,141
1628127000,1811.32,115
1628127060,1811.29,81
1628127120,1811.45,95
1628127180,1811.67,99
1628127240,1811.78,114
1628127300,1811.43,145
1628127360,1811.12,103
1628127420,1810.99,88
1628127480,1810.85,82
1628127540,1810.59,83
1628127600,1810.45,103
1628127660,1810.62,89
1628127720,1810.73,50
1628127780,1810.67,159
1628127840,1810.68,143
1628127900,1810.87,104
1628127960,1811.07,55
1628128020,1811.25,100
1628128080,1811.10,64
1628128140,1811.25,49
1628128200,1811.12,120
1628128260,1810.87,146
1628128320,1810.92,63
1628128380,1810.79,74
1628128440,1811.18,65
1628128500,1811.00,81
1628128560,1811.04,112
1628128620,1810.56,95
1628128680,1810.28,88
1628128740,1810.56,138
1628128800,1809.67,142
1628128860,1809.54,144
1628128920,1809.34,145
1628128980,1809.45,138
1628129040,1809.65,84
1628129100,1809.29,82
1628129160,1809.16,144
1628129220,1809.11,181
1628129280,1809.36,114
1628129340,1809.36,84
1628129400,1809.40,45
1628129460,1809.35,131
1628129520,1809.50,81
1628129580,1809.62,67
1628129640,1809.46,110
1628129700,1809.65,55
1628129760,1809.45,16
1628129820,1809.34,42
1628129880,1809.18,59
1628129940,1809.26,74
1628130000,1809.41,56
1628130060,1809.24,38
1628130120,1809.51,57
1628130180,1809.74,53
1628130240,1809.79,70
1628130300,1809.73,62
1628130360,1809.90,89
1628130420,1809.97,72
1628130480,1809.73,76
1628130540,1809.85,41
1628130600,1809.70,152
1628130660,1809.60,104
1628130720,1809.58,182
1628130780,1809.38,111
1628130840,1809.50,31
1628130900,1809.74,42
1628130960,1810.29,37
1628131020,1810.23,80
1628131080,1810.32,59
1628131140,1810.36,77
1628131200,1810.26,59
1628131260,1810.23,45
1628131320,1810.11,19
1628131380,1809.85,35
1628131440,1810.20,56
1628131500,1810.30,18
1628131560,1810.20,50
1628131620,1810.25,30
1628131680,1809.81,69
1628131740,1809.72,57
1628131800,1810.31,54
1628131860,1810.41,41
1628131920,1810.41,34
1628131980,1810.38,52
1628132040,1810.21,60
1628132100,1810.21,44
1628132160,1810.41,18
1628132220,1810.42,23
1628132280,1810.47,62
1628132340,1810.65,69
1628132400,1810.98,82
1628132460,1810.50,78
1628132520,1810.16,57
1628132580,1810.30,60
1628132640,1810.37,81
1628132700,1810.46,60
1628132760,1810.93,56
1628132820,1811.13,86
1628132880,1811.27,91
1628132940,1811.25,66
1628133000,1811.31,78
1628133060,1811.18,79
1628133120,1811.14,40
1628133180,1811.03,73
1628133240,1811.28,72
1628133300,1811.32,49
1628133360,1811.43,40
1628133420,1811.38,75
1628133480,1811.53,58
1628133540,1811.50,31
1628133600,1811.65,64
1628133660,1811.62,75
1628133720,1811.63,51
1628133780,1811.54,50
1628133840,1811.03,60
1628133900,1811.26,68
1628133960,1811.26,58
1628134020,1811.47,42
1628134080,1811.63,37
1628134140,1811.46,73
1628134200,1811.45,41
1628134260,1811.32,43
1628134320,1811.23,42
1628134380,1811.10,41
1628134440,1811.29,27
1628134500,1811.26,18
1628134560,1811.35,7
1628134620,1811.36,1
1628134680,1811.26,15
1628134740,1811.11,36
1628134800,1811.12,17
1628134860,1811.14,25
1628134920,1811.19,15
1628134980,1811.12,9
1628135040,1811.12,15
1628135100,1811.14,15
1628135160,1811.03,19
1628135220,1810.85,28
1628135280,1810.86,28
1628135340,1810.98,18
1628135400,1810.88,27
1628135460,1810.78,38
1628135520,1810.97,21
1628135580,1811.00,61
1628135640,1811.03,18
1628135700,1810.95,45
1628135760,1810.96,27
1628135820,1811.01,40
1628135880,1811.10,6
1628135940,1811.07,30
1628136000,1811.16,58
1628136060,1811.11,37
1628136120,1811.20,11
1628136180,1811.20,7
1628136240,1811.30,21
1628136300,1811.20,21
1628136360,1811.28,13
1628136420,1810.75,71
1628136480,1810.56,39
1628136540,1810.58,11
1628136600,1810.58,32
1628136660,1810.61,58
1628136720,1810.39,41
1628136780,1810.40,29
1628136840,1810.35,21
1628136900,1810.43,51
1628136960,1810.36,37
1628137020,1811.17,120
1628137080,1811.10,35
1628137140,1811.07,45
1628137200,1810.95,24
1628137260,1811.10,37
1628137320,1811.27,29
1628137380,1811.24,21
1628137440,1811.27,30
1628137500,1811.07,48
1628137560,1811.14,21
1628137620,1811.10,26
1628137680,1811.20,19
1628137740,1811.20,9
1628137800,1811.10,24
1628137860,1810.91,13
1628137920,1810.88,19
1628137980,1810.93,10
1628138040,1810.90,7
1628138100,1810.98,9
1628138160,1811.00,13
1628138220,1810.80,19
1628138280,1810.82,13
1628138340,1810.72,15
1628138400,1810.90,38
1628138460,1810.70,32
1628138520,1810.84,10
1628138580,1810.94,9
1628138640,1811.06,10
1628138700,1811.14,19
1628138760,1811.14,1
1628138820,1811.24,4
1628138880,1811.34,15
1628138940,1811.34,8
1628139000,1811.23,13
1628139060,1811.14,11
1628139120,1811.24,3
1628139180,1811.34,4
1628139240,1811.34,17
1628139300,1811.04,26
1628139360,1810.93,12
1628139420,1810.93,3
1628139480,1811.09,14
1628139540,1811.02,34
1628139600,1810.82,41
1628139660,1810.87,27
1628139720,1811.00,22
1628139780,1811.09,25
1628139840,1810.85,20
1628139900,1810.83,39
1628139960,1810.92,6
1628140020,1810.92,3
1628140080,1810.92,11
1628140140,1810.82,17
1628140200,1810.69,35
1628140260,1810.56,47
1628140320,1810.78,24
1628140380,1810.64,31
1628140440,1810.78,7
1628140500,1810.88,31
1628140560,1810.63,41
1628140620,1810.68,17
1628140680,1810.60,29
1628140740,1810.72,17
1628140800,1810.76,14
1628140860,1810.68,21
1628140920,1810.59,46
1628140980,1810.64,31
1628141040,1810.73,19
1628141100,1810.65,21
1628141160,1810.45,42
1628141220,1810.54,43
1628141280,1810.68,32
1628141340,1810.60,51
1628141400,1810.35,100
1628141460,1810.09,145
1628141520,1809.91,91
1628141580,1809.71,46
1628141640,1810.13,92
1628141700,1810.74,162
1628141760,1810.12,162
1628141820,1809.34,165
1628141880,1809.48,76
1628141940,1809.15,89
1628142000,1809.13,144
1628142060,1809.09,76
1628142120,1809.22,101
1628142180,1809.21,50
1628142240,1809.14,67
1628142300,1808.96,74
1628142360,1809.01,95
1628142420,1809.01,60
1628142480,1808.98,63
1628142540,1809.25,63
1628142600,1809.35,62
1628142660,1809.26,46
1628142720,1809.19,33
1628142780,1808.86,50
1628142840,1809.04,61
1628142900,1809.04,29
1628142960,1809.28,65
1628143020,1808.88,90
1628143080,1808.63,85
1628143140,1808.72,29
1628143200,1808.76,122
1628143260,1809.20,91
1628143320,1808.89,130
1628143380,1808.95,104
1628143440,1809.34,49
1628143500,1809.10,95
1628143560,1809.29,82
1628143620,1809.27,91
1628143680,1809.59,106
1628143740,1809.75,148
1628143800,1809.79,110
1628143860,1809.89,121
1628143920,1809.99,93
1628143980,1810.22,62
1628144040,1810.16,72
1628144100,1810.13,86
1628144160,1810.12,80
1628144220,1810.14,63
1628144280,1810.08,52
1628144340,1810.32,57
1628144400,1810.48,39
1628144460,1810.47,65
1628144520,1810.74,73
1628144580,1810.74,70
1628144640,1810.98,90
1628144700,1810.46,165
1628144760,1810.63,133
1628144820,1810.47,102
1628144880,1810.11,124
1628144940,1809.99,126
1628145000,1810.43,100
1628145060,1810.37,94
1628145120,1810.10,88
1628145180,1809.92,49
1628145240,1809.72,77
1628145300,1809.62,85
1628145360,1809.09,114
1628145420,1808.93,113
1628145480,1808.45,135
1628145540,1808.81,80
1628145600,1808.60,103
1628145660,1808.57,68
1628145720,1809.66,127
1628145780,1809.72,110
1628145840,1810.03,112
1628145900,1810.05,88
1628145960,1809.90,68
1628146020,1809.94,85
1628146080,1810.04,91
1628146140,1810.04,125
1628146200,1809.98,109
1628146260,1810.35,75
1628146320,1810.27,136
1628146380,1810.34,168
1628146440,1810.16,194
1628146500,1810.45,226
1628146560,1810.49,169
1628146620,1809.76,205
1628146680,1809.88,209
1628146740,1809.90,188
1628146800,1810.63,306
1628146860,1809.91,139
1628146920,1809.69,125
1628146980,1809.67,124
1628147040,1809.71,134
1628147100,1810.00,122
1628147160,1810.19,134
1628147220,1810.38,136
1628147280,1810.20,152
1628147340,1810.14,127
1628147400,1810.33,156
1628147460,1810.27,144
1628147520,1810.23,131
1628147580,1810.10,156
1628147640,1810.25,113
1628147700,1810.56,105
1628147760,1810.36,96
1628147820,1810.02,109
1628147880,1809.88,87
1628147940,1809.58,151
1628148000,1809.51,170
1628148060,1809.98,154
1628148120,1810.17,103
1628148180,1810.22,82
1628148240,1810.62,152
1628148300,1810.43,113
1628148360,1810.77,88
1628148420,1811.40,163
1628148480,1811.69,209
1628148540,1811.87,127
1628148600,1811.72,152
1628148660,1811.97,137
1628148720,1812.56,155
1628148780,1812.57,90
1628148840,1811.90,105
1628148900,1812.41,130
1628148960,1813.03,173
1628149020,1812.89,118
1628149080,1812.62,110
1628149140,1811.94,130
1628149200,1811.79,144
1628149260,1811.94,129
1628149320,1812.26,129
1628149380,1812.55,111
1628149440,1812.38,104
1628149500,1812.62,114
1628149560,1812.79,75
1628149620,1813.00,78
1628149680,1813.57,201
1628149740,1814.43,187
1628149800,1813.68,223
1628149860,1814.16,174
1628149920,1814.22,162
1628149980,1813.81,174
1628150040,1813.58,111
1628150100,1813.45,123
1628150160,1813.94,125
1628150220,1813.85,109
1628150280,1813.45,79
1628150340,1813.73,90
1628150400,1813.96,143
1628150460,1812.91,167
1628150520,1812.71,122
1628150580,1812.47,100
1628150640,1812.36,101
1628150700,1812.25,85
1628150760,1811.94,110
1628150820,1811.75,91
1628150880,1812.05,95
1628150940,1812.29,76
1628151000,1812.15,78
1628151060,1812.07,107
1628151120,1812.00,52
1628151180,1811.56,120
1628151240,1811.39,104
1628151300,1811.24,187
1628151360,1811.61,131
1628151420,1811.62,72
1628151480,1811.15,87
1628151540,1810.76,192
1628151600,1810.48,166
1628151660,1810.31,68
1628151720,1810.21,114
1628151780,1810.10,107
1628151840,1810.08,98
1628151900,1810.76,170
1628151960,1809.96,127
1628152020,1810.25,126
1628152080,1810.14,69
1628152140,1809.95,85
1628152200,1809.55,157
1628152260,1809.26,132
1628152320,1809.19,160
1628152380,1809.28,111
1628152440,1809.13,141
1628152500,1808.97,135
1628152560,1809.18,114
1628152620,1809.14,161
1628152680,1809.11,126
1628152740,1809.33,120
1628152800,1809.16,97
1628152860,1809.23,65
1628152920,1808.88,87
1628152980,1809.01,74
1628153040,1808.89,139
1628153100,1808.86,127
1628153160,1809.15,111
1628153220,1809.23,91
1628153280,1809.22,97
1628153340,1809.34,106
1628153400,1809.32,135
1628153460,1809.54,96
1628153520,1809.88,109
1628153580,1810.00,79
1628153640,1810.38,150
1628153700,1810.68,138
1628153760,1810.69,103
1628153820,1810.68,82
1628153880,1810.68,69
1628153940,1810.99,125
1628154000,1810.71,112
1628154060,1810.67,80
1628154120,1811.15,94
1628154180,1810.75,82
1628154240,1810.73,81
1628154300,1810.85,108
1628154360,1810.64,87
1628154420,1810.42,109
1628154480,1810.13,97
1628154540,1810.17,63
1628154600,1810.29,126
1628154660,1810.19,102
1628154720,1810.41,51
1628154780,1810.39,37
1628154840,1810.59,47
1628154900,1810.32,60
1628154960,1810.41,51
1628155020,1810.50,51
1628155080,1810.60,45
1628155140,1810.81,41
1628155200,1810.80,139
1628155260,1811.09,72
1628155320,1810.90,69
1628155380,1811.27,79
1628155440,1811.16,77
1628155500,1811.28,84
1628155560,1811.39,89
1628155620,1811.07,114
1628155680,1811.23,108
1628155740,1811.03,92
1628155800,1811.00,123
1628155860,1810.72,59
1628155920,1810.59,98
1628155980,1810.68,71
1628156040,1810.98,50
1628156100,1811.41,86
1628156160,1811.36,99
1628156220,1811.26,41
1628156280,1811.11,42
1628156340,1811.13,33
1628156400,1811.32,43
1628156460,1811.26,46
1628156520,1811.43,51
1628156580,1811.34,43
1628156640,1811.43,49
1628156700,1811.64,53
1628156760,1811.18,86
1628156820,1811.27,72
1628156880,1811.58,85
1628156940,1811.59,71
1628157000,1811.38,88
1628157060,1811.18,139
1628157120,1810.54,148
1628157180,1810.67,135
1628157240,1810.37,73
1628157300,1809.89,84
1628157360,1809.79,117
1628157420,1810.44,111
1628157480,1810.72,133
1628157540,1810.52,88
1628157600,1810.18,150
1628157660,1810.26,87
1628157720,1810.04,66
1628157780,1810.04,66
1628157840,1810.23,75
1628157900,1810.36,92
1628157960,1810.41,90
1628158020,1810.33,89
1628158080,1810.49,103
1628158140,1810.68,80
1628158200,1810.60,61
1628158260,1810.71,52
1628158320,1810.31,68
1628158380,1810.39,67
1628158440,1810.48,69
1628158500,1811.78,200
1628158560,1811.72,204
1628158620,1811.75,185
1628158680,1812.32,183
1628158740,1812.40,123
1628158800,1812.29,115
1628158860,1812.39,95
1628158920,1812.16,101
1628158980,1812.08,125
1628159040,1811.85,125
1628159100,1811.75,54
1628159160,1812.06,81
1628159220,1812.37,96
1628159280,1812.41,114
1628159340,1812.63,208
1628159400,1812.43,84
1628159460,1812.32,64
1628159520,1811.70,136
1628159580,1811.70,79
1628159640,1811.70,96
1628159700,1811.23,105
1628159760,1811.49,97
1628159820,1811.30,96
1628159880,1811.30,60
1628159940,1811.60,82
1628160000,1811.69,48
1628160060,1811.60,81
1628160120,1811.50,50
1628160180,1811.50,45
1628160240,1811.40,48
1628160300,1811.53,94
1628160360,1811.44,73
1628160420,1811.17,90
1628160480,1812.03,99
1628160540,1811.86,161
1628160600,1812.34,136
1628160660,1812.60,93
1628160720,1812.21,106
1628160780,1812.50,162
1628160840,1812.69,166
1628160900,1812.85,141
1628160960,1812.85,121
1628161020,1812.98,126
1628161080,1813.22,110
1628161140,1813.43,149
1628161200,1813.21,228
1628161260,1813.47,230
1628161320,1813.08,178
1628161380,1812.40,217
1628161440,1812.40,172
1628161500,1812.54,213
1628161560,1812.87,190
1628161620,1812.62,155
1628161680,1812.43,125
1628161740,1812.61,95
1628161800,1812.28,147
1628161860,1812.29,175
1628161920,1812.34,209
1628161980,1812.12,131
1628162040,1812.43,140
1628162100,1813.07,119
1628162160,1813.24,214
1628162220,1813.01,183
1628162280,1813.02,138
1628162340,1813.44,181
1628162400,1814.23,201
1628162460,1813.87,177
1628162520,1813.60,163
1628162580,1813.67,141
1628162640,1813.89,132
1628162700,1813.86,132
1628162760,1813.87,105
1628162820,1814.02,106
1628162880,1813.88,95
1628162940,1813.97,95
1628163000,1814.73,166
1628163060,1814.74,162
1628163120,1814.46,64
1628163180,1814.40,72
1628163240,1814.59,58
1628163300,1813.99,105
1628163360,1814.23,128
1628163420,1814.11,59
1628163480,1813.84,154
1628163540,1813.45,132
1628163600,1813.27,153
1628163660,1813.36,133
1628163720,1813.48,111
1628163780,1813.53,86
1628163840,1813.62,138
1628163900,1813.59,120
1628163960,1813.74,84
1628164020,1813.70,108
1628164080,1813.35,74
1628164140,1813.38,104
1628164200,1813.37,72
1628164260,1813.16,121
1628164320,1813.07,75
1628164380,1812.76,115
1628164440,1813.12,115
1628164500,1813.10,96
1628164560,1812.96,95
1628164620,1813.00,92
1628164680,1813.42,132
1628164740,1813.20,158
1628164800,1813.40,143
1628164860,1813.21,203
1628164920,1812.91,137
1628164980,1812.88,107
1628165040,1812.68,142
1628165100,1812.65,135
1628165160,1812.33,186
1628165220,1812.63,118
1628165280,1812.24,140
1628165340,1812.33,146
1628165400,1812.87,117
1628165460,1812.54,136
1628165520,1812.45,110
1628165580,1812.30,121
1628165640,1811.57,189
1628165700,1811.37,122
1628165760,1810.85,217
1628165820,1810.72,218
1628165880,1810.78,174
1628165940,1811.29,211
1628166000,1811.55,164
1628166060,1810.88,149
1628166120,1810.27,193
1628166180,1810.03,200
1628166240,1809.77,185
1628166300,1809.70,177
1628166360,1809.63,168
1628166420,1809.65,136
1628166480,1809.58,89
1628166540,1810.33,106
1628166600,1810.16,344
1628166660,1809.77,264
1628166720,1810.87,276
1628166780,1811.31,281
1628166840,1811.10,215
1628166900,1811.30,203
1628166960,1811.09,174
1628167020,1812.12,282
1628167080,1811.96,200
1628167140,1812.12,208
1628167200,1811.65,210
1628167260,1811.61,157
1628167320,1811.45,191
1628167380,1811.69,148
1628167440,1811.03,163
1628167500,1811.27,234
1628167560,1811.68,214
1628167620,1811.96,175
1628167680,1812.41,233
1628167740,1811.43,145
1628167800,1811.28,178
1628167860,1811.87,193
1628167920,1811.65,194
1628167980,1811.05,89
1628168040,1811.05,121
1628168100,1810.97,155
1628168160,1809.52,278
1628168220,1809.52,256
1628168280,1809.83,251
1628168340,1809.25,257
1628168400,1809.09,370
1628168460,1809.80,275
1628168520,1809.04,277
1628168580,1810.32,321
1628168640,1809.91,257
1628168700,1808.98,281
1628168760,1808.52,197
1628168820,1809.54,245
1628168880,1809.78,176
1628168940,1810.18,219
1628169000,1810.18,224
1628169060,1810.86,218
1628169120,1810.94,206
1628169180,1810.45,179
1628169240,1811.10,207
1628169300,1811.68,222
1628169360,1811.94,272
1628169420,1811.23,260
1628169480,1811.10,185
1628169540,1810.96,216
1628169600,1810.53,191
1628169660,1810.80,205
1628169720,1810.33,126
1628169780,1809.86,149
1628169840,1809.51,173
1628169900,1809.50,159
1628169960,1809.48,173
1628170020,1809.09,183
1628170080,1809.23,97
1628170140,1810.18,168
1628170200,1809.82,260
1628170260,1810.11,255
1628170320,1810.65,253
1628170380,1809.72,213
1628170440,1809.72,295
1628170500,1809.38,270
1628170560,1809.37,248
1628170620,1810.02,235
1628170680,1809.21,218
1628170740,1808.69,288
1628170800,1804.03,406
1628170860,1802.70,441
1628170920,1802.12,426
1628170980,1801.99,386
1628171040,1800.73,388
1628171100,1801.44,366
1628171160,1800.11,391
1628171220,1799.38,364
1628171280,1799.26,343
1628171340,1799.21,370
1628171400,1798.56,357
1628171460,1799.34,298
1628171520,1800.96,338
1628171580,1801.73,369
1628171640,1801.10,316
1628171700,1801.33,318
1628171760,1802.10,309
1628171820,1803.25,311
1628171880,1803.09,325
1628171940,1803.77,294
1628172000,1801.34,396
1628172060,1801.82,291
1628172120,1802.19,332
1628172180,1802.10,334
1628172240,1802.27,310
1628172300,1802.86,298
1628172360,1801.99,286
1628172420,1801.98,324
1628172480,1801.83,285
1628172540,1802.65,278
1628172600,1803.54,340
1628172660,1804.01,314
1628172720,1803.69,291
1628172780,1804.82,339
1628172840,1804.92,348
1628172900,1804.43,332
1628172960,1803.99,296
1628173020,1804.15,273
1628173080,1803.41,282
1628173140,1803.83,252
1628173200,1804.30,297
1628173260,1804.02,290
1628173320,1803.99,254
1628173380,1803.47,197
1628173440,1802.87,164
1628173500,1803.42,137
1628173560,1803.87,181
1628173620,1803.99,252
1628173680,1803.83,181
1628173740,1803.75,248
1628173800,1801.96,276
1628173860,1800.69,312
1628173920,1801.11,295
1628173980,1801.11,234
1628174040,1801.07,259
1628174100,1801.25,247
1628174160,1802.12,184
1628174220,1802.32,173
1628174280,1802.36,162
1628174340,1802.61,124
1628174400,1802.32,180
1628174460,1802.51,116
1628174520,1802.60,144
1628174580,1802.83,157
1628174640,1802.32,149
1628174700,1801.30,265
1628174760,1801.85,247
1628174820,1802.88,192
1628174880,1802.74,228
1628174940,1802.97,228
1628175000,1802.60,145
1628175060,1802.79,166
1628175120,1802.93,209
1628175180,1802.76,128
1628175240,1802.31,166
1628175300,1802.37,182
1628175360,1801.73,166
1628175420,1802.17,196
1628175480,1802.43,276
1628175540,1802.97,262
1628175600,1803.47,251
1628175660,1802.77,290
1628175720,1802.36,178
1628175780,1803.14,184
1628175840,1802.97,127
1628175900,1803.07,187
1628175960,1803.08,173
1628176020,1803.34,136
1628176080,1802.87,124
1628176140,1802.79,163
1628176200,1802.86,171
1628176260,1802.69,149
1628176320,1802.58,134
1628176380,1802.62,156
1628176440,1802.73,122
1628176500,1802.87,179
1628176560,1802.49,95
1628176620,1801.53,205
1628176680,1802.48,158
1628176740,1802.67,158
1628176800,1802.70,138
1628176860,1803.02,145
1628176920,1802.22,176
1628176980,1802.12,176
1628177040,1801.84,173
1628177100,1802.35,155
1628177160,1802.81,134
1628177220,1802.41,145
1628177280,1802.70,111
1628177340,1803.37,254
1628177400,1803.56,189
1628177460,1803.99,202
1628177520,1804.46,176
1628177580,1804.31,199
1628177640,1804.42,160
1628177700,1804.10,209
1628177760,1803.77,122
1628177820,1803.79,138
1628177880,1803.61,178
1628177940,1802.96,205
1628178000,1802.89,232
1628178060,1802.88,138
1628178120,1803.14,135
1628178180,1803.41,176
1628178240,1803.72,157
1628178300,1803.40,105
1628178360,1803.36,74
1628178420,1803.51,131
1628178480,1803.50,111
1628178540,1803.23,111
1628178600,1803.24,112
1628178660,1803.10,80
1628178720,1803.57,153
1628178780,1803.85,107
1628178840,1803.92,125
1628178900,1803.75,136
1628178960,1803.84,116
1628179020,1803.94,89
1628179080,1804.21,132
1628179140,1804.26,112
1628179200,1804.19,178
1628179260,1803.97,168
1628179320,1804.29,126
1628179380,1804.66,134
1628179440,1804.95,125
1628179500,1804.51,158
1628179560,1804.69,111
1628179620,1804.69,107
1628179680,1804.38,94
1628179740,1804.46,112
1628179800,1804.69,59
1628179860,1804.71,99
1628179920,1804.85,62
1628179980,1805.22,70
1628180040,1805.09,70
1628180100,1805.53,90
1628180160,1805.29,87
1628180220,1805.06,107
1628180280,1805.05,84
1628180340,1804.84,86
1628180400,1804.86,78
1628180460,1805.06,76
1628180520,1805.27,77
1628180580,1805.47,95
1628180640,1805.78,113
1628180700,1805.72,90
1628180760,1805.75,82
1628180820,1805.95,96
1628180880,1805.84,88
1628180940,1806.14,95
1628181000,1806.02,116
1628181060,1805.94,79
1628181120,1806.28,121
1628181180,1806.06,78
1628181240,1805.59,94
1628181300,1805.48,81
1628181360,1805.56,110
1628181420,1805.55,40
1628181480,1805.56,65
1628181540,1805.31,73
1628181600,1805.45,65
1628181660,1806.27,97
1628181720,1806.40,63
1628181780,1806.38,70
1628181840,1806.87,114
1628181900,1806.61,140
1628181960,1806.27,104
1628182020,1806.57,74
1628182080,1806.39,65
1628182140,1807.00,154
1628182200,1806.84,134
1628182260,1807.13,72
1628182320,1807.40,77
1628182380,1807.23,116
1628182440,1807.34,137
1628182500,1807.15,90
1628182560,1807.83,106
1628182620,1807.38,186
1628182680,1807.27,164
1628182740,1806.97,140
1628182800,1806.72,159
1628182860,1806.54,124
1628182920,1806.15,78
1628182980,1806.14,99
1628183040,1806.15,55
1628183100,1806.16,47
1628183160,1806.15,41
1628183220,1805.95,22
1628183280,1806.13,65
1628183340,1806.26,74
1628183400,1806.65,74
1628183460,1806.61,53
1628183520,1806.89,127
1628183580,1806.82,58
1628183640,1806.69,73
1628183700,1806.83,30
1628183760,1806.72,51
1628183820,1806.42,69
1628183880,1806.51,31
1628183940,1806.93,55
1628184000,1806.66,79
1628184060,1807.02,88
1628184120,1806.83,54
1628184180,1807.02,76
1628184240,1806.91,66
1628184300,1806.98,94
1628184360,1806.79,77
1628184420,1806.38,87
1628184480,1806.46,29
1628184540,1806.35,181
1628184600,1805.91,86
1628184660,1805.65,74
1628184720,1805.36,34
1628184780,1805.16,36
1628184840,1805.38,69
1628184900,1805.20,64
1628184960,1804.99,80
1628185020,1804.90,62
1628185080,1805.04,61
1628185140,1804.94,88
1628185200,1804.81,126
1628185260,1804.69,106
1628185320,1804.60,115
1628185380,1804.48,106
1628185440,1804.63,54
1628185500,1804.53,34
1628185560,1804.77,53
1628185620,1804.57,52
1628185680,1804.71,93
1628185740,1804.80,25
1628185800,1804.50,47
1628185860,1804.56,29
1628185920,1804.47,28
1628185980,1804.62,64
1628186040,1804.71,50
1628186100,1804.80,43
1628186160,1804.68,43
1628186220,1804.73,42
1628186280,1804.54,76
1628186340,1804.89,77
1628186400,1804.87,62
1628186460,1804.75,62
1628186520,1804.43,71
1628186580,1804.17,73
1628186640,1803.97,97
1628186700,1804.06,64
1628186760,1804.10,48
1628186820,1803.97,45
1628186880,1803.90,62
1628186940,1803.99,50
1628187000,1804.20,50
1628187060,1804.08,121
1628187120,1804.28,60
1628187180,1804.39,61
1628187240,1804.22,50
1628187300,1804.22,71
1628187360,1804.30,85
1628187420,1804.64,118
1628187480,1804.52,82
1628187540,1804.51,89
1628187600,1804.18,82
1628187660,1804.20,78
1628187720,1804.55,120
1628187780,1804.91,124
1628187840,1804.98,123
1628187900,1804.90,60
1628187960,1804.80,70
1628188020,1804.59,69
1628188080,1804.86,58
1628188140,1804.78,94
1628188200,1804.51,89
1628188260,1804.68,73
1628188320,1804.45,78
1628188380,1804.28,96
1628188440,1804.14,98
1628188500,1804.07,48
1628188560,1803.82,74
1628188620,1804.11,25
1628188680,1804.09,45
1628188740,1804.03,36
1628188800,1803.99,34
1628188860,1804.01,5
1628188920,1803.95,56
1628188980,1803.89,20
1628189040,1803.67,48
1628189100,1803.77,38
1628189160,1803.70,47
1628189220,1803.78,43
1628189280,1803.83,22
1628189340,1803.84,47
1628189400,1803.83,43
1628189460,1803.64,39
1628189520,1803.55,41
1628189580,1803.61,38
1628189640,1803.50,47
1628189700,1803.47,52
1628189760,1803.59,39
1628189820,1803.49,58
1628189880,1803.75,30
1628189940,1803.72,95
1628190000,1803.63,52
1628190060,1803.84,53
1628190120,1803.61,53
1628190180,1803.49,107
1628190240,1803.59,91
1628190300,1803.73,54
1628190360,1803.88,42
1628190420,1803.78,29
1628190480,1803.77,33
1628190540,1803.68,25
1628190600,1803.62,48
1628190660,1804.21,87
1628190720,1804.25,47
1628190780,1804.25,41
1628190840,1804.22,23
1628190900,1803.92,25
1628190960,1804.19,67
1628191020,1804.21,14
1628191080,1804.47,24
1628191140,1804.56,27
1628191200,1804.73,29
1628191260,1804.73,49
1628191320,1804.65,35
1628191380,1804.87,43
1628191440,1804.79,19
1628191500,1804.91,26
1628191560,1804.97,21
1628191620,1804.98,22
1628191680,1804.94,11
1628191740,1804.86,40
1628191800,1804.85,40
1628191860,1804.87,13
1628191920,1805.09,25
1628191980,1805.15,9
1628192040,1805.09,19
1628192100,1805.16,17
1628192160,1805.39,15
1628192220,1805.25,23
1628192280,1805.22,31
1628192340,1805.26,37
1628192400,1805.46,29
1628192460,1805.58,15
1628192520,1805.59,25
1628192580,1805.64,16
1628192640,1805.72,12
1628192700,1805.53,55
1628192760,1805.63,27
1628192820,1805.40,25
1628192880,1805.61,44
1628192940,1805.54,66
1628193000,1805.49,35
1628193060,1805.37,43
1628193120,1805.07,79
1628193180,1804.86,47
1628193240,1804.85,89
1628193300,1804.78,108
1628193360,1804.85,87
1628193420,1804.56,123
1628193480,1804.39,80
1628193540,1804.49,179
1628193600,1804.50,85
1628193660,1804.75,93
1628193720,1804.47,38
1628193780,1804.46,39
1628193840,1804.57,19
1628193900,1804.47,11
1628193960,1804.39,36
1628194020,1804.26,36
1628194080,1804.25,13
1628194140,1804.18,17
1628194200,1804.27,24
1628194260,1804.51,22
1628194320,1804.46,12
1628194380,1804.35,15
1628194440,1804.24,21
1628194500,1804.70,25
1628194560,1804.53,32
1628194620,1804.51,6
1628194680,1804.32,16
1628194740,1804.22,9
1628194800,1804.22,19
1628194860,1804.23,8
1628194920,1804.28,26
1628194980,1804.28,7
1628195040,1804.33,14
1628195100,1804.44,15
1628195160,1804.32,14
1628195220,1804.32,9
1628195280,1804.32,9
1628195340,1804.32,14
1628195400,1804.37,38
1628195460,1804.26,20
1628195520,1804.21,8
1628195580,1804.29,13
1628195640,1804.30,15
1628195700,1804.25,11
1628195760,1804.28,4
1628195820,1804.17,20
1628195880,1804.12,6
1628195940,1804.21,20
1628196000,1804.13,24
1628196060,1804.18,15
1628196120,1804.27,6
1628196180,1804.30,15
1628196240,1804.38,13
1628196300,1804.37,32
1628196360,1804.36,34
1628196420,1804.25,23
1628196480,1804.27,7
1628196540,1803.98,73
1628196600,1803.99,65
1628196660,1804.16,14
1628196720,1804.18,25
1628196780,1804.01,23
1628196840,1803.79,56
1628196900,1803.86,36
1628196960,1803.87,31
1628200920,1804.64,41
1628200980,1804.55,22
1628201040,1804.65,21
1628201100,1804.71,16
1628201160,1804.66,20
1628201220,1804.71,12
1628201280,1804.61,10
1628201340,1804.58,18
1628201400,1804.52,27
1628201460,1804.49,11
1628201520,1804.50,9
1628201580,1804.46,14
1628201640,1804.49,10
1628201700,1804.33,16
1628201760,1804.38,27
1628201820,1804.34,19
1628201880,1804.49,17
1628201940,1804.43,29
1628202000,1804.60,7
1628202060,1804.35,9
1628202120,1804.39,17
1628202180,1804.40,14
1628202240,1804.39,16
1628202300,1804.42,12
1628202360,1804.40,11
1628202420,1804.37,10
1628202480,1804.40,30
1628202540,1804.49,8
1628202600,1804.49,9
1628202660,1804.49,11
1628202720,1804.48,7
1628202780,1804.50,8
1628202840,1804.48,6
1628202900,1804.48,4
1628202960,1804.48,12
1628203020,1804.56,11
1628203080,1804.53,14
1628203140,1804.55,10
1628203200,1804.52,10
1628203260,1804.31,28
1628203320,1804.31,11
1628203380,1804.34,13
1628203440,1804.37,19
1628203500,1804.31,12
1628203560,1804.32,8
1628203620,1804.31,7
1628203680,1804.31,9
1628203740,1804.29,2
1628203800,1804.23,6
1628203860,1804.22,13
1628203920,1804.19,9
1628203980,1804.19,8
1628204040,1804.13,20
1628204100,1804.15,13
1628204160,1804.06,14
1628204220,1804.06,7
1628204280,1804.06,8
1628204340,1804.06,12
1628204400,1804.02,31
1628204460,1804.02,11
1628204520,1804.02,11
1628204580,1804.02,12
1628204640,1804.07,17
1628204700,1804.05,33
1628204760,1804.11,15
1628204820,1804.17,9
1628204880,1804.12,12
1628204940,1804.11,3
1628205000,1804.07,6
1628205060,1804.03,4
1628205120,1803.95,21
1628205180,1803.95,4
1628205240,1803.95,4
1628205300,1803.94,2
1628205360,1803.82,20
1628205420,1803.82,7
1628205480,1803.82,5
1628205540,1803.82,5
1628205600,1803.84,14
1628205660,1803.83,13
1628205720,1803.85,16
1628205780,1803.86,11
1628205840,1803.89,9
1628205900,1803.89,7
1628205960,1803.89,13
1628206020,1803.90,8
1628206080,1803.87,9
1628206140,1803.88,9
1628206200,1803.87,8
1628206260,1803.63,26
1628206320,1803.62,20
1628206380,1803.64,14
1628206440,1803.70,17
1628206500,1803.71,29
1628206560,1803.88,18
1628206620,1803.88,12
1628206680,1803.95,9
1628206740,1803.87,15
1628206800,1803.87,21
1628206860,1803.78,22
1628206920,1803.77,8
1628206980,1803.80,22
1628207040,1803.83,14
1628207100,1803.89,30
1628207160,1803.81,29
1628207220,1803.79,39
1628207280,1803.50,42
1628207340,1803.52,16
1628207400,1803.53,10
1628207460,1803.52,26
1628207520,1803.63,9
1628207580,1803.61,2
1628207640,1803.63,6
1628207700,1803.55,23
1628207760,1803.46,12
1628207820,1803.51,23
1628207880,1803.51,14
1628207940,1803.52,34
1628208000,1803.65,47
1628208060,1803.64,27
1628208120,1803.53,53
1628208180,1803.02,31
1628208240,1803.03,50
1628208300,1802.76,47
1628208360,1802.59,57
1628208420,1802.35,66
1628208480,1802.58,48
1628208540,1802.56,31
1628208600,1802.53,60
1628208660,1802.19,76
1628208720,1802.26,76
1628208780,1802.12,76
1628208840,1801.86,83
1628208900,1802.18,89
1628208960,1802.46,68
1628209020,1802.45,70
1628209080,1802.55,31
1628209140,1802.36,22
1628209200,1802.39,20
1628209260,1802.33,19
1628209320,1802.46,7
1628209380,1802.63,18
1628209440,1802.48,22
1628209500,1802.38,38
1628209560,1802.12,59
1628209620,1802.17,37
1628209680,1802.31,35
1628209740,1802.42,21
1628209800,1802.36,46
1628209860,1802.15,64
1628209920,1801.95,34
1628209980,1801.80,50
1628210040,1801.91,43
1628210100,1801.84,38
1628210160,1802.17,66
1628210220,1802.17,54
1628210280,1802.13,20
1628210340,1801.82,98
1628210400,1801.82,65
1628210460,1801.79,55
1628210520,1801.99,70
1628210580,1802.01,76
1628210640,1802.12,40
1628210700,1802.10,42
1628210760,1802.16,36
1628210820,1802.06,21
1628210880,1801.96,21
1628210940,1801.99,21
1628211000,1801.80,78
1628211060,1801.94,55
1628211120,1801.99,45
1628211180,1801.99,40
1628211240,1802.10,33
1628211300,1801.91,31
1628211360,1802.04,47
1628211420,1801.86,34
1628211480,1801.66,41
1628211540,1801.90,64
1628211600,1801.61,212
1628211660,1801.57,101
1628211720,1801.77,107
1628211780,1801.94,61
1628211840,1802.11,93
1628211900,1801.67,129
1628211960,1800.92,136
1628212020,1801.04,133
1628212080,1800.70,167
1628212140,1801.33,173
1628212200,1800.92,114
1628212260,1800.86,66
1628212320,1801.06,76
1628212380,1800.97,47
1628212440,1801.14,46
1628212500,1801.23,68
1628212560,1800.67,113
1628212620,1800.85,59
1628212680,1801.28,106
1628212740,1801.17,79
1628212800,1801.08,91
1628212860,1800.98,94
1628212920,1801.24,91
1628212980,1801.31,72
1628213040,1801.46,82
1628213100,1801.25,87
1628213160,1801.46,84
1628213220,1801.64,81
1628213280,1801.54,87
1628213340,1801.42,84
1628213400,1800.71,129
1628213460,1801.02,93
1628213520,1800.92,60
1628213580,1801.04,57
1628213640,1801.73,111
1628213700,1801.92,96
1628213760,1801.68,81
1628213820,1801.67,32
1628213880,1801.17,64
1628213940,1800.93,120
1628214000,1801.18,86
1628214060,1801.64,73
1628214120,1801.86,103
1628214180,1801.69,116
1628214240,1801.48,100
1628214300,1801.37,84
1628214360,1801.10,75
1628214420,1801.13,83
1628214480,1801.16,96
1628214540,1801.17,62
1628214600,1801.37,75
1628214660,1801.37,91
1628214720,1801.35,110
1628214780,1801.10,79
1628214840,1801.20,55
1628214900,1801.40,29
1628214960,1801.30,38
1628215020,1801.19,68
1628215080,1801.03,112
1628215140,1800.93,84
1628215200,1800.93,111
1628215260,1801.01,126
1628215320,1801.27,113
1628215380,1801.15,102
1628215440,1801.05,129
1628215500,1801.22,108
1628215560,1801.39,45
1628215620,1801.12,107
1628215680,1801.03,41
1628215740,1800.80,80
1628215800,1800.97,85
1628215860,1801.18,67
1628215920,1801.10,128
1628215980,1801.28,44
1628216040,1801.15,43
1628216100,1801.36,30
1628216160,1801.28,80
1628216220,1801.02,100
1628216280,1800.67,76
1628216340,1800.07,133
1628216400,1800.22,127
1628216460,1800.33,68
1628216520,1800.24,39
1628216580,1800.58,73
1628216640,1800.67,59
1628216700,1800.72,41
1628216760,1801.07,58
1628216820,1801.04,19
1628216880,1800.94,16
1628216940,1800.98,26
1628217000,1800.81,70
1628217060,1800.64,49
1628217120,1800.59,65
1628217180,1800.38,47
1628217240,1800.40,46
1628217300,1800.03,88
1628217360,1800.15,96
1628217420,1800.03,126
1628217480,1800.15,80
1628217540,1800.13,95
1628217600,1800.20,59
1628217660,1800.22,99
1628217720,1800.17,73
1628217780,1800.21,71
1628217840,1800.69,109
1628217900,1800.62,75
1628217960,1800.58,79
1628218020,1800.38,54
1628218080,1800.53,27
1628218140,1800.65,67
1628218200,1800.90,29
1628218260,1800.74,40
1628218320,1800.63,36
1628218380,1800.78,49
1628218440,1800.89,41
1628218500,1800.99,46
1628218560,1801.04,69
1628218620,1801.09,37
1628218680,1800.69,18
1628218740,1800.54,78
1628218800,1800.57,64
1628218860,1800.63,105
1628218920,1800.36,68
1628218980,1800.06,115
1628219040,1800.24,89
1628219100,1799.97,42
1628219160,1799.75,90
1628219220,1799.99,61
1628219280,1800.07,60
1628219340,1799.97,52
1628219400,1799.77,51
1628219460,1799.81,48
1628219520,1799.95,29
1628219580,1799.91,71
1628219640,1799.78,57
1628219700,1799.75,38
1628219760,1799.58,38
1628219820,1799.48,69
1628219880,1799.61,47
1628219940,1799.44,90
1628220000,1799.56,80
1628220060,1799.75,73
1628220120,1799.69,77
1628220180,1799.85,103
1628220240,1799.95,60
1628220300,1799.95,70
1628220360,1800.05,65
1628220420,1800.25,54
1628220480,1799.95,79
1628220540,1800.25,101
1628220600,1800.05,68
1628220660,1800.14,65
1628220720,1800.24,55
1628220780,1800.40,56
1628220840,1800.31,34
1628220900,1800.21,64
1628220960,1800.33,77
1628221020,1800.45,63
1628221080,1800.49,35
1628221140,1800.50,16
1628221200,1800.49,24
1628221260,1800.81,37
1628221320,1800.80,40
1628221380,1800.79,31
1628221440,1800.81,64
1628221500,1800.78,86
1628221560,1800.88,47
1628221620,1800.99,51
1628221680,1801.02,56
1628221740,1801.09,45
1628221800,1801.10,26
1628221860,1801.08,24
1628221920,1801.28,32
1628221980,1801.16,28
1628222040,1801.25,25
1628222100,1801.25,15
1628222160,1801.25,14
1628222220,1801.16,44
1628222280,1801.16,30
1628222340,1801.15,45
1628222400,1800.96,34
1628222460,1800.98,33
1628222520,1801.21,65
1628222580,1801.21,33
1628222640,1801.01,28
1628222700,1801.01,2
1628222760,1801.01,1
1628222820,1800.66,34
1628222880,1800.67,17
1628222940,1800.66,16
1628223000,1800.27,40
1628223060,1800.15,46
1628223120,1800.13,49
1628223180,1799.92,31
1628223240,1800.01,32
1628223300,1800.01,20
1628223360,1800.00,36
1628223420,1800.19,63
1628223480,1800.23,24
1628223540,1800.12,29
1628223600,1800.09,36
1628223660,1800.02,25
1628223720,1799.82,33
1628223780,1799.91,31
1628223840,1800.02,81
1628223900,1799.87,41
1628223960,1799.91,25
1628224020,1799.72,29
1628224080,1799.80,71
1628224140,1799.84,37
1628224200,1799.55,37
1628224260,1799.14,99
1628224320,1799.17,75
1628224380,1799.17,9
1628224440,1799.44,48
1628224500,1799.47,49
1628224560,1799.59,21
1628224620,1799.79,55
1628224680,1799.63,54
1628224740,1799.77,46
1628224800,1799.99,27
1628224860,1800.05,49
1628224920,1799.90,36
1628224980,1799.95,33
1628225040,1800.03,30
1628225100,1799.91,31
1628225160,1800.00,30
1628225220,1799.90,29
1628225280,1800.00,18
1628225400,1800.10,12
1628225460,1800.11,3
1628225520,1800.00,11
1628225580,1799.75,53
1628225640,1800.31,83
1628225700,1800.54,22
1628225760,1800.51,10
1628225820,1800.51,2
1628225880,1800.71,28
1628225940,1800.61,36
1628226000,1800.16,86
1628226060,1800.01,52
1628226120,1800.18,58
1628226180,1800.05,58
1628226240,1800.08,48
1628226300,1800.21,51
1628226360,1800.13,31
1628226420,1800.12,28
1628226480,1799.95,51
1628226540,1799.93,41
1628226600,1799.89,34
1628226660,1799.85,28
1628226720,1799.96,49
1628226780,1799.95,16
1628226840,1799.96,28
1628226900,1799.76,57
1628226960,1799.76,17
1628227020,1799.83,13
1628227080,1799.62,95
1628227140,1799.65,69
1628227200,1799.57,59
1628227260,1799.56,25
1628227320,1799.60,48
1628227380,1799.53,55
1628227440,1799.66,63
1628227500,1799.71,25
1628227560,1799.77,32
1628227620,1799.52,47
1628227680,1799.33,51
1628227740,1799.04,60
1628227800,1799.32,130
1628227860,1799.74,153
1628227920,1800.15,111
1628227980,1800.23,99
1628228040,1799.96,71
1628228100,1800.16,60
1628228160,1800.25,102
1628228220,1800.23,86
1628228280,1799.56,96
1628228340,1799.63,82
1628228400,1799.59,65
1628228460,1799.32,73
1628228520,1799.34,78
1628228580,1799.33,56
1628228640,1799.07,64
1628228700,1799.93,78
1628228760,1800.26,83
1628228820,1800.47,66
1628228880,1800.50,42
1628228940,1800.40,71
1628229000,1800.59,40
1628229060,1800.64,64
1628229120,1800.65,59
1628229180,1800.98,57
1628229240,1800.89,92
1628229300,1800.59,99
1628229360,1800.51,69
1628229420,1800.41,50
1628229480,1800.52,34
1628229540,1800.51,61
1628229600,1799.92,102
1628229660,1799.93,114
1628229720,1800.80,157
1628229780,1801.51,165
1628229840,1801.49,193
1628229900,1801.33,114
1628229960,1801.50,120
1628230020,1801.35,98
1628230080,1801.41,85
1628230140,1801.66,82
1628230200,1801.58,100
1628230260,1801.76,98
1628230320,1801.81,99
1628230380,1801.78,90
1628230440,1801.46,110
1628230500,1801.76,42
1628230560,1801.57,68
1628230620,1801.42,74
1628230680,1801.40,35
1628230740,1801.37,42
1628230800,1800.82,143
1628230860,1800.46,149
1628230920,1800.67,88
1628230980,1800.38,140
1628231040,1800.91,130
1628231100,1800.81,97
1628231160,1800.00,122
1628231220,1800.22,92
1628231280,1800.71,85
1628231340,1800.41,123
1628231400,1800.26,119
1628231460,1800.08,97
1628231520,1799.97,127
1628231580,1800.02,116
1628231640,1800.74,125
1628231700,1801.01,82
1628231760,1800.75,122
1628231820,1800.62,93
1628231880,1800.21,94
1628231940,1800.36,102
1628232000,1800.34,103
1628232060,1800.44,97
1628232120,1800.47,116
1628232180,1800.90,106
1628232240,1800.49,130
1628232300,1800.79,120
1628232360,1801.13,122
1628232420,1800.71,110
1628232480,1800.37,127
1628232540,1800.61,70
1628232600,1800.82,71
1628232660,1800.86,110
1628232720,1800.82,116
1628232780,1801.01,82
1628232840,1800.49,115
1628232900,1800.28,90
1628232960,1800.16,61
1628233020,1800.29,56
1628233080,1800.29,76
1628233140,1800.13,129
1628233200,1799.26,173
1628233260,1799.90,165
1628233320,1800.03,134
1628233380,1799.94,96
1628233440,1799.75,78
1628233500,1799.50,120
1628233560,1799.52,159
1628233620,1799.81,95
1628233680,1800.01,116
1628233740,1799.66,109
1628233800,1799.53,103
1628233860,1799.52,63
1628233920,1799.54,50
1628233980,1799.65,81
1628234040,1799.77,78
1628234100,1798.49,189
1628234160,1798.22,219
1628234220,1799.33,241
1628234280,1799.07,201
1628234340,1798.81,129
1628234400,1799.09,97
1628234460,1799.17,118
1628234520,1798.66,153
1628234580,1798.37,87
1628234640,1798.83,100
1628234700,1799.37,161
1628234760,1799.87,147
1628234820,1801.07,291
1628234880,1800.85,204
1628234940,1800.83,136
1628235000,1800.96,163
1628235060,1800.84,125
1628235120,1801.10,93
1628235180,1801.02,89
1628235240,1800.68,131
1628235300,1801.05,159
1628235360,1801.06,110
1628235420,1800.64,100
1628235480,1800.33,101
1628235540,1800.43,53
1628235600,1800.27,103
1628235660,1800.22,110
1628235720,1800.38,68
1628235780,1800.19,80
1628235840,1800.03,68
1628235900,1800.13,66
1628235960,1800.10,64
1628236020,1800.37,43
1628236080,1800.26,47
1628236140,1800.01,99
1628236200,1800.47,131
1628236260,1800.48,97
1628236320,1800.93,154
1628236380,1800.72,143
1628236440,1800.59,107
1628236500,1800.54,102
1628236560,1800.56,97
1628236620,1800.05,122
1628236680,1800.14,81
1628236740,1800.11,160
1628236800,1799.42,206
1628236860,1799.53,123
1628236920,1799.54,54
1628236980,1799.31,79
1628237040,1799.09,152
1628237100,1799.55,120
1628237160,1799.48,79
1628237220,1799.84,89
1628237280,1799.92,80
1628237340,1799.86,102
1628237400,1799.74,106
1628237460,1799.93,77
1628237520,1800.38,65
1628237580,1800.47,103
1628237640,1800.35,89
1628237700,1800.15,92
1628237760,1800.08,46
1628237820,1800.58,84
1628237880,1800.72,67
1628237940,1800.71,56
1628238000,1800.70,63
1628238060,1800.70,43
1628238120,1800.72,53
1628238180,1800.36,110
1628238240,1800.49,97
1628238300,1800.31,64
1628238360,1799.77,112
1628238420,1799.83,65
1628238480,1799.92,93
1628238540,1799.71,64
1628238600,1799.88,68
1628238660,1799.79,68
1628238720,1799.25,57
1628238780,1799.23,89
1628238840,1799.41,85
1628238900,1799.33,81
1628238960,1799.37,72
1628239020,1799.39,56
1628239080,1799.31,70
1628239140,1799.17,68
1628239200,1799.23,54
1628239260,1799.61,89
1628239320,1799.80,55
1628239380,1799.97,55
1628239440,1800.07,93
1628239500,1799.72,69
1628239560,1799.32,64
1628239620,1799.42,53
1628239680,1799.21,54
1628239740,1799.40,78
1628239800,1799.46,55
1628239860,1799.50,56
1628239920,1799.64,42
1628239980,1799.36,66
1628240040,1799.46,51
1628240100,1799.49,49
1628240160,1799.56,66
1628240220,1799.46,98
1628240280,1799.62,74
1628240340,1799.73,72
1628240400,1799.72,69
1628240460,1799.89,56
1628240520,1799.75,90
1628240580,1799.64,68
1628240640,1799.69,44
1628240700,1799.65,79
1628240760,1799.61,69
1628240820,1799.65,85
1628240880,1799.70,59
1628240940,1799.78,57
1628241000,1799.74,46
1628241060,1799.76,131
1628241120,1800.06,124
1628241180,1799.80,60
1628241240,1799.56,56
1628241300,1799.77,70
1628241360,1799.93,94
1628241420,1799.63,82
1628241480,1799.49,76
1628241540,1799.21,106
1628241600,1798.69,100
1628241660,1798.63,80
1628241720,1798.61,139
1628241780,1798.39,89
1628241840,1798.33,112
1628241900,1799.01,131
1628241960,1799.09,81
1628242020,1799.07,33
1628242080,1799.17,76
1628242140,1799.16,59
1628242200,1799.13,125
1628242260,1799.28,82
1628242320,1799.20,54
1628242380,1799.42,54
1628242440,1799.39,39
1628242500,1799.45,43
1628242560,1799.22,111
1628242620,1799.16,78
1628242680,1799.07,62
1628242740,1798.89,96
1628242800,1798.59,78
1628242860,1799.04,82
1628242920,1799.13,41
1628242980,1799.31,62
1628243040,1799.19,69
1628243100,1799.04,54
1628243160,1798.96,49
1628243220,1798.99,70
1628243280,1798.53,76
1628243340,1798.58,85
1628243400,1798.48,105
1628243460,1798.38,100
1628243520,1798.49,94
1628243580,1798.58,116
1628243640,1798.56,99
1628243700,1798.55,78
1628243760,1798.47,62
1628243820,1798.64,84
1628243880,1798.63,85
1628243940,1798.83,47
1628244000,1798.76,34
1628244060,1799.06,28
1628244120,1798.96,26
1628244180,1798.99,87
1628244240,1798.89,64
1628244300,1798.87,44
1628244360,1798.32,74
1628244420,1798.34,97
1628244480,1798.23,110
1628244540,1798.96,154
1628244600,1798.10,134
1628244660,1797.79,148
1628244720,1797.98,151
1628244780,1797.96,108
1628244840,1797.94,74
1628244900,1797.93,134
1628244960,1798.23,76
1628245020,1798.06,127
1628245080,1797.66,144
1628245140,1797.44,107
1628245200,1797.54,70
1628245260,1797.72,47
1628245320,1797.71,52
1628245380,1797.92,65
1628245440,1797.90,42
1628245500,1797.70,59
1628245560,1797.82,66
1628245620,1797.88,68
1628245680,1798.11,72
1628245740,1797.73,59
1628245800,1797.72,58
1628245860,1797.81,35
1628245920,1797.58,86
1628245980,1797.66,62
1628246040,1797.56,66
1628246100,1797.81,64
1628246160,1797.59,81
1628246220,1797.69,66
1628246280,1797.26,62
1628246340,1797.34,83
1628246400,1797.31,74
1628246460,1797.32,102
1628246520,1797.83,113
1628246580,1797.83,69
1628246640,1797.56,49
1628246700,1797.61,40
1628246760,1797.70,30
1628246820,1797.69,48
1628246880,1797.70,50
1628246940,1797.23,83
1628247000,1796.50,180
1628247060,1795.44,218
1628247120,1795.69,195
1628247180,1795.15,171
1628247240,1795.39,131
1628247300,1795.02,97
1628247360,1795.13,190
1628247420,1795.23,101
1628247480,1795.44,178
1628247540,1795.00,136
1628247600,1794.90,163
1628247660,1794.79,134
1628247720,1795.18,97
1628247780,1795.44,117
1628247840,1795.75,106
1628247900,1796.13,98
1628247960,1795.62,110
1628248020,1795.90,92
1628248080,1796.53,101
1628248140,1796.92,127
1628248200,1796.70,179
1628248260,1796.55,104
1628248320,1796.92,98
1628248380,1796.88,108
1628248440,1796.93,75
1628248500,1796.50,125
1628248560,1796.57,72
1628248620,1796.59,57
1628248680,1797.42,113
1628248740,1797.41,108
1628248800,1797.52,118
1628248860,1797.39,133
1628248920,1797.35,93
1628248980,1797.86,120
1628249040,1798.00,102
1628249100,1797.95,90
1628249160,1797.71,153
1628249220,1797.69,74
1628249280,1797.53,130
1628249340,1797.81,124
1628249400,1797.80,124
1628249460,1798.06,130
1628249520,1798.20,119
1628249580,1798.35,117
1628249640,1798.44,149
1628249700,1798.30,150
1628249760,1798.38,109
1628249820,1798.57,146
1628249880,1798.66,128
1628249940,1798.54,148
1628250000,1798.62,96
1628250060,1798.92,96
1628250120,1798.78,70
1628250180,1798.84,55
1628250240,1798.93,38
1628250300,1798.91,88
1628250360,1799.10,92
1628250420,1799.10,93
1628250480,1799.36,81
1628250540,1799.62,109
1628250600,1799.26,105
1628250660,1799.54,86
1628250720,1799.79,120
1628250780,1799.86,109
1628250840,1800.03,112
1628250900,1799.58,101
1628250960,1799.46,58
1628251020,1799.52,73
1628251080,1799.70,85
1628251140,1799.71,90
1628251200,1799.76,174
1628251260,1799.30,115
1628251320,1799.21,74
1628251380,1798.79,104
1628251440,1799.08,157
1628251500,1799.27,122
1628251560,1799.45,128
1628251620,1799.66,132
1628251680,1799.47,111
1628251740,1799.46,105
1628251800,1799.67,118
1628251860,1800.30,121
1628251920,1800.50,208
1628251980,1800.85,160
1628252040,1800.59,173
1628252100,1800.19,153
1628252160,1800.67,116
1628252220,1800.74,157
1628252280,1800.42,69
1628252340,1800.52,159
1628252400,1800.94,198
1628252460,1799.22,252
1628252520,1799.01,199
1628252580,1798.13,281
1628252640,1797.23,294
1628252700,1798.00,257
1628252760,1797.33,266
1628252820,1799.14,336
1628252880,1799.13,273
1628252940,1799.66,243
1628253000,1790.03,379
1628253060,1793.52,477
1628253120,1791.45,483
1628253180,1790.05,488
1628253240,1790.39,481
1628253300,1789.40,468
1628253360,1792.18,454
1628253420,1790.65,451
1628253480,1790.06,435
1628253540,1790.22,410
1628253600,1786.95,455
1628253660,1783.83,453
1628253720,1782.26,460
1628253780,1779.58,476
1628253840,1779.95,454
1628253900,1779.40,459
1628253960,1778.04,467
1628254020,1778.55,447
1628254080,1778.56,430
1628254140,1776.56,423
1628254200,1776.49,447
1628254260,1777.38,423
1628254320,1778.48,421
1628254380,1779.39,430
1628254440,1777.86,380
1628254500,1779.24,430
1628254560,1778.86,379
1628254620,1779.09,371
1628254680,1777.92,379
1628254740,1776.58,358
1628254800,1775.37,474
1628254860,1773.26,459
1628254920,1772.26,450
1628254980,1774.21,433
1628255040,1771.99,429
1628255100,1773.86,435
1628255160,1772.39,426
1628255220,1772.79,338
1628255280,1773.81,320
1628255340,1773.46,325
1628255400,1772.60,298
1628255460,1773.80,338
1628255520,1775.54,364
1628255580,1774.85,321
1628255640,1774.98,347
1628255700,1772.41,380
1628255760,1772.38,402
1628255820,1770.91,403
1628255880,1771.64,418
1628255940,1772.38,331
1628256000,1772.51,306
1628256060,1772.69,281
1628256120,1774.00,301
1628256180,1772.74,295
1628256240,1774.17,300
1628256300,1771.64,282
1628256360,1771.93,306
1628256420,1772.07,358
1628256480,1772.20,271
1628256540,1772.38,337
1628256600,1769.12,445
1628256660,1772.27,436
1628256720,1772.32,421
1628256780,1772.51,356
1628256840,1773.46,350
1628256900,1771.66,407
1628256960,1772.33,363
1628257020,1772.65,370
1628257080,1771.19,319
1628257140,1771.54,353
1628257200,1770.25,431
1628257260,1770.69,403
1628257320,1770.47,315
1628257380,1769.80,359
1628257440,1769.54,294
1628257500,1765.75,405
1628257560,1765.20,430
1628257620,1765.84,410
1628257680,1764.39,395
1628257740,1765.08,386
1628257800,1764.02,339
1628257860,1766.20,344
1628257920,1764.00,358
1628257980,1764.93,317
1628258040,1764.69,360
1628258100,1764.17,355
1628258160,1763.88,328
1628258220,1764.85,330
1628258280,1764.54,336
1628258340,1763.70,287
1628258400,1763.76,380
1628258460,1764.71,334
1628258520,1764.02,375
1628258580,1763.39,332
1628258640,1764.12,294
1628258700,1763.80,300
1628258760,1764.97,283
1628258820,1766.18,305
1628258880,1765.50,301
1628258940,1766.39,288
1628259000,1767.83,366
1628259060,1767.34,276
1628259120,1767.55,288
1628259180,1767.61,282
1628259240,1766.65,295
1628259300,1765.70,268
1628259360,1764.97,321
1628259420,1766.03,318
1628259480,1765.46,308
1628259540,1765.07,316
1628259600,1765.20,293
1628259660,1764.41,271
1628259720,1764.92,300
1628259780,1764.93,192
1628259840,1765.51,166
1628259900,1765.49,229
1628259960,1765.63,224
1628260020,1765.64,276
1628260080,1765.63,254
1628260140,1765.58,199
1628260200,1764.74,259
1628260260,1764.48,262
1628260320,1764.30,305
1628260380,1764.43,233
1628260440,1764.65,211
1628260500,1764.31,229
1628260560,1764.24,161
1628260620,1763.54,234
1628260680,1764.06,206
1628260740,1763.10,256
1628260800,1763.09,277
1628260860,1763.52,226
1628260920,1764.47,220
1628260980,1764.62,247
1628261040,1765.40,240
1628261100,1764.66,226
1628261160,1763.65,258
1628261220,1764.19,210
1628261280,1764.50,244
1628261340,1764.09,286
1628261400,1764.04,267
1628261460,1764.59,239
1628261520,1764.12,265
1628261580,1764.03,175
1628261640,1764.18,158
1628261700,1763.79,216
1628261760,1763.16,212
1628261820,1761.87,334
1628261880,1761.71,295
1628261940,1761.57,301
1628262000,1759.11,387
1628262060,1760.69,369
1628262120,1761.62,265
1628262180,1762.71,263
1628262240,1762.28,252
1628262300,1762.43,304
1628262360,1762.60,226
1628262420,1764.16,289
1628262480,1764.64,293
1628262540,1764.50,190
1628262600,1764.21,206
1628262660,1763.12,222
1628262720,1763.70,255
1628262780,1764.45,211
1628262840,1764.32,253
1628262900,1764.53,233
1628262960,1763.28,197
1628263020,1762.91,236
1628263080,1763.64,207
1628263140,1763.71,199
1628263200,1764.02,232
1628263260,1763.66,216
1628263320,1762.47,306
1628263380,1761.19,293
1628263440,1761.56,262
1628263500,1760.68,269
1628263560,1761.21,222
1628263620,1760.17,214
1628263680,1760.23,212
1628263740,1760.45,250
1628263800,1760.27,186
1628263860,1761.12,224
1628263920,1761.05,205
1628263980,1760.48,212
1628264040,1761.86,253
1628264100,1761.22,263
1628264160,1761.43,202
1628264220,1762.13,164
1628264280,1761.88,163
1628264340,1762.38,185
1628264400,1762.47,203
1628264460,1762.50,215
1628264520,1762.63,228
1628264580,1763.28,138
1628264640,1761.48,225
1628264700,1761.55,183
1628264760,1761.85,158
1628264820,1762.49,197
1628264880,1763.00,208
1628264940,1762.38,192
1628265000,1762.04,168
1628265060,1762.43,210
1628265120,1761.86,250
1628265180,1761.66,213
1628265240,1761.99,139
1628265300,1761.79,146
1628265360,1762.07,133
1628265420,1761.94,70
1628265480,1761.64,124
1628265540,1762.01,162
1628265600,1761.98,187
1628265660,1761.80,127
1628265720,1761.02,207
1628265780,1761.06,120
1628265840,1761.57,167
1628265900,1761.28,152
1628265960,1761.80,155
1628266020,1761.73,139
1628266080,1761.34,121
1628266140,1761.80,106
1628266200,1762.38,237
1628266260,1762.47,150
1628266320,1762.24,126
1628266380,1761.61,169
1628266440,1761.43,139
1628266500,1761.40,132
1628266560,1761.42,97
1628266620,1761.32,93
1628266680,1761.52,107
1628266740,1761.12,126
1628266800,1761.55,174
1628266860,1761.64,80
1628266920,1761.74,84
1628266980,1761.75,139
1628267040,1761.45,90
1628267100,1761.44,194
1628267160,1761.69,115
1628267220,1761.69,105
1628267280,1761.96,106
1628267340,1761.69,123
1628267400,1761.19,137
1628267460,1760.68,144
1628267520,1760.29,173
1628267580,1759.98,227
1628267640,1760.13,136
1628267700,1760.21,76
1628267760,1760.30,89
1628267820,1760.58,111
1628267880,1760.46,77
1628267940,1760.26,84
1628268000,1758.96,254
1628268060,1759.17,175
1628268120,1759.96,129
1628268180,1760.12,85
1628268240,1760.16,146
1628268300,1759.78,88
1628268360,1760.03,137
1628268420,1759.52,105
1628268480,1759.66,125
1628268540,1759.66,87
1628268600,1759.60,138
1628268660,1759.92,129
1628268720,1759.38,156
1628268780,1759.30,126
1628268840,1759.37,129
1628268900,1759.58,178
1628268960,1759.36,115
1628269020,1759.08,100
1628269080,1759.64,121
1628269140,1759.54,128
1628269200,1760.13,192
1628269260,1761.09,183
1628269320,1761.22,144
1628269380,1760.80,125
1628269440,1760.84,148
1628269500,1760.56,95
1628269560,1760.57,114
1628269620,1760.86,124
1628269680,1760.90,51
1628269740,1761.29,46
1628269800,1761.21,91
1628269860,1761.51,78
1628269920,1762.08,124
1628269980,1761.99,86
1628270040,1762.03,93
1628270100,1762.49,175
1628270160,1762.29,121
1628270220,1762.68,165
1628270280,1762.61,144
1628270340,1762.69,157
1628270400,1762.76,213
1628270460,1763.09,214
1628270520,1762.76,142
1628270580,1762.76,237
1628270640,1762.56,214
1628270700,1762.87,187
1628270760,1762.60,158
1628270820,1762.87,152
1628270880,1762.64,113
1628270940,1762.40,284
1628271000,1762.00,177
1628271060,1762.11,125
1628271120,1761.72,131
1628271180,1762.13,89
1628271240,1762.80,149
1628271300,1763.11,160
1628271360,1763.78,130
1628271420,1764.34,167
1628271480,1764.33,134
1628271540,1764.27,111
1628271600,1764.35,149
1628271660,1764.28,114
1628271720,1764.30,111
1628271780,1764.47,101
1628271840,1764.24,80
1628271900,1764.03,107
1628271960,1764.10,42
1628272020,1764.13,75
1628272080,1763.85,93
1628272140,1764.13,88
1628272200,1764.30,98
1628272260,1764.01,90
1628272320,1764.51,69
1628272380,1764.55,86
1628272440,1764.25,117
1628272500,1764.13,68
1628272560,1764.54,72
1628272620,1764.25,86
1628272680,1764.27,58
1628272740,1764.18,47
1628272800,1764.54,55
1628272860,1764.48,89
1628272920,1764.53,79
1628272980,1764.98,110
1628273040,1765.12,104
1628273100,1765.13,111
1628273160,1765.01,102
1628273220,1765.36,105
1628273280,1765.59,75
1628273340,1765.67,114
1628273400,1765.50,86
1628273460,1765.43,89
1628273520,1764.78,139
1628273580,1764.73,96
1628273640,1764.76,90
1628273700,1764.98,83
1628273760,1764.74,63
1628273820,1764.73,55
1628273880,1764.62,28
1628273940,1764.60,54
1628274000,1764.01,141
1628274060,1764.09,75
1628274120,1763.98,51
1628274180,1764.10,98
1628274240,1764.32,37
1628274300,1764.19,85
1628274360,1764.20,52
1628274420,1763.87,107
1628274480,1763.87,101
1628274540,1763.90,102
1628274600,1764.17,53
1628274660,1764.46,22
1628274720,1764.46,40
1628274780,1764.55,33
1628274840,1764.52,61
1628274900,1764.50,56
1628274960,1764.18,52
1628275020,1763.76,66
1628275080,1764.07,44
1628275140,1763.96,54
1628275200,1763.96,40
1628275260,1763.80,41
1628275320,1763.92,33
1628275380,1763.99,31
1628275440,1763.96,22
1628275500,1763.90,61
1628275560,1764.02,31
1628275620,1763.46,74
1628275680,1763.65,49
1628275740,1763.33,80
1628275800,1763.55,101
1628275860,1763.73,48
1628275920,1763.82,32
1628275980,1763.63,26
1628276040,1763.33,40
1628276100,1763.51,76
1628276160,1763.79,37
1628276220,1763.76,67
1628276280,1763.78,91
1628276340,1763.63,173
1628276400,1763.79,132
1628276460,1763.78,58
1628276520,1763.84,86
1628276580,1763.89,63
1628276640,1763.89,38
1628276700,1763.50,61
1628276760,1763.60,50
1628276820,1763.76,63
1628276880,1764.11,54
1628276940,1763.79,76
1628277000,1763.97,51
1628277060,1764.17,90
1628277120,1763.99,92
1628277180,1763.98,36
1628277240,1764.04,49
1628277300,1763.92,41
1628277360,1763.97,46
1628277420,1763.95,32
1628277480,1764.05,62
1628277540,1764.06,54
1628277600,1764.05,49
1628277660,1764.05,31
1628277720,1763.83,44
1628277780,1763.65,41
1628277840,1764.04,32
1628277900,1763.89,32
1628277960,1763.91,29
1628278020,1763.83,59
1628278080,1763.67,54
1628278140,1763.66,62
1628278200,1763.34,69
1628278260,1763.19,46
1628278320,1762.22,106
1628278380,1762.41,98
1628278440,1762.13,69
1628278500,1761.77,99
1628278560,1762.09,105
1628278620,1761.95,71
1628278680,1761.92,89
1628278740,1761.82,31
1628278800,1761.67,73
1628278860,1761.65,58
1628278920,1761.34,106
1628278980,1761.37,83
1628279040,1760.68,128
1628279100,1761.01,96
1628279160,1760.57,102
1628279220,1760.52,100
1628279280,1760.77,87
1628279340,1760.94,121
1628279400,1760.84,148
1628279460,1760.95,136
1628279520,1761.04,153
1628279580,1761.18,143
1628279640,1761.04,111
1628279700,1760.90,112
1628279760,1760.50,111
1628279820,1760.48,112
1628279880,1760.36,154
1628279940,1760.28,172
1628280000,1760.98,129
1628280060,1760.98,32
1628280120,1760.98,36
1628280180,1760.93,42
1628280240,1761.37,65
1628280300,1761.44,53
1628280360,1761.41,33
1628280420,1761.02,44
1628280480,1760.71,45
1628280540,1761.02,39
1628280600,1760.92,22
1628280660,1760.86,22
1628280720,1760.74,41
1628280780,1760.64,46
1628280840,1760.64,25
1628280900,1760.44,51
1628280960,1760.74,49
1628281020,1760.96,38
1628281080,1761.12,40
1628281140,1761.12,48
1628281200,1761.24,28
1628281260,1761.61,43
1628281320,1761.62,20
1628281380,1761.98,58
1628281440,1761.85,48
1628281500,1761.76,32
1628281560,1762.07,47
1628281620,1762.22,110
1628281680,1761.89,60
1628281740,1761.79,51
1628281800,1761.28,80
1628281860,1761.17,18
1628281920,1761.58,39
1628281980,1761.66,24
1628282040,1761.68,28
1628282100,1762.01,55
1628282160,1761.85,31
1628282220,1762.03,34
1628282280,1762.01,27
1628282340,1762.01,38
1628282400,1761.92,48
1628282460,1762.06,40
1628282520,1761.94,29
1628282580,1762.03,33
1628282640,1762.02,39
1628282700,1762.52,86
1628282760,1763.20,91
1628282820,1763.10,55
1628282880,1763.02,41
1628282940,1763.15,69
1628283000,1763.01,75
1628283060,1763.13,59
1628283120,1762.98,27
1628283180,1763.07,55
1628283240,1763.27,68
1628283300,1763.04,86
1628283360,1763.41,50
1628460120,1762.19,125
1628460180,1761.25,136
1628460240,1761.06,88
1628460300,1761.68,110
1628460360,1762.13,150
1628460420,1761.08,119
1628460480,1760.51,147
1628460540,1759.93,159
1628460600,1760.11,137
1628460660,1760.73,117
1628460720,1760.80,111
1628460780,1760.43,86
1628460840,1759.96,108
1628460900,1760.13,117
1628460960,1759.75,128
1628461020,1759.13,138
1628461080,1759.15,116
1628461140,1756.23,201
1628461200,1756.16,278
1628461260,1756.65,170
1628461320,1754.39,131
1628461380,1754.29,227
1628461440,1754.98,147
1628461500,1755.02,112
1628461560,1754.18,116
1628461620,1753.94,131
1628461680,1754.12,82
1628461740,1754.37,123
1628461800,1754.82,95
1628461860,1755.13,138
1628461920,1755.68,154
1628461980,1755.10,92
1628462040,1755.68,58
1628462100,1755.79,75
1628462160,1754.94,94
1628462220,1754.59,113
1628462280,1754.72,71
1628462340,1754.44,85
1628462400,1754.74,65
1628462460,1754.84,40
1628462520,1754.84,54
1628462580,1754.59,69
1628462640,1753.76,74
1628462700,1752.44,252
1628462760,1751.70,164
1628462820,1748.97,188
1628462880,1742.96,400
1628462940,1739.46,356
1628463000,1739.01,352
1628463060,1724.58,232
1628463120,1724.38,42
1628463180,1719.12,46
1628463240,1719.67,2
1628463360,1716.27,59
1628463420,1684.12,18
1628463480,1681.85,2
1628463720,1694.97,60
1628463780,1702.74,171
1628463840,1707.32,337
1628463900,1702.80,323
1628463960,1701.82,282
1628464020,1701.17,227
1628464080,1695.88,250
1628464140,1688.50,317
1628464200,1691.55,256
1628464260,1695.67,280
1628464320,1699.88,309
1628464380,1700.20,238
1628464440,1699.48,210
1628464500,1694.22,272
1628464560,1694.65,213
1628464620,1691.65,176
1628464680,1692.00,322
1628464740,1689.41,271
1628464800,1687.82,329
1628464860,1690.40,286
1628464920,1692.95,202
1628464980,1694.04,239
1628465040,1692.96,198
1628465100,1693.52,224
1628465160,1696.04,310
1628465220,1697.11,296
1628465280,1703.94,241
1628465340,1703.53,234
1628465400,1706.22,232
1628465460,1709.83,251
1628465520,1708.57,219
1628465580,1707.75,178
1628465640,1708.67,176
1628465700,1706.39,247
1628465760,1706.91,177
1628465820,1707.28,148
1628465880,1707.09,210
1628465940,1709.87,254
1628466000,1713.73,270
1628466060,1713.06,236
1628466120,1714.01,172
1628466180,1716.33,247
1628466240,1717.87,270
1628466300,1715.47,279
1628466360,1715.76,223
1628466420,1718.47,188
1628466480,1717.02,214
1628466540,1718.76,232
1628466600,1720.53,194
1628466660,1720.61,244
1628466720,1719.55,170
1628466780,1720.98,275
1628466840,1721.33,259
1628466900,1724.32,326
1628466960,1720.26,283
1628467020,1718.45,263
1628467080,1718.01,240
1628467140,1718.62,215
1628467200,1716.47,217
1628467260,1717.48,219
1628467320,1708.82,278
1628467380,1712.22,313
1628467440,1710.40,210
1628467500,1714.46,253
1628467560,1717.34,212
1628467620,1716.78,279
1628467680,1719.48,313
1628467740,1721.81,272
1628467800,1722.74,305
1628467860,1722.09,228
1628467920,1720.69,219
1628467980,1720.35,174
1628468040,1719.21,178
1628468100,1717.31,227
1628468160,1711.36,375
1628468220,1712.76,305
1628468280,1716.76,323
1628468340,1717.94,222
1628468400,1719.14,208
1628468460,1718.31,256
1628468520,1718.91,222
1628468580,1720.07,188
1628468640,1720.01,150
1628468700,1721.76,190
1628468760,1721.67,197
1628468820,1721.44,179
1628468880,1721.41,170
1628468940,1721.78,146
1628469000,1722.94,187
1628469060,1724.24,266
1628469120,1723.48,170
1628469180,1724.91,202
1628469240,1723.69,266
1628469300,1722.94,193
1628469360,1724.36,232
1628469420,1723.73,180
1628469480,1722.97,155
1628469540,1721.45,230
1628469600,1721.77,202
1628469660,1720.06,282
1628469720,1719.19,214
1628469780,1719.07,222
1628469840,1720.28,265
1628469900,1721.70,223
1628469960,1721.82,182
1628470020,1722.20,149
1628470080,1722.31,106
1628470140,1722.83,126
1628470200,1723.12,77
1628470260,1723.75,165
1628470320,1724.39,109
1628470380,1724.58,233
1628470440,1725.22,186
1628470500,1728.28,278
1628470560,1727.20,216
1628470620,1726.80,232
1628470680,1728.68,211
1628470740,1727.65,188
1628470800,1729.68,419
1628470860,1730.89,364
1628470920,1732.92,361
1628470980,1733.63,362
1628471040,1735.29,328
1628471100,1736.06,310
1628471160,1734.14,353
1628471220,1733.79,309
1628471280,1732.68,331
1628471340,1731.86,389
1628471400,1733.68,310
1628471460,1735.09,283
1628471520,1733.96,314
1628471580,1733.53,280
1628471640,1734.65,346
1628471700,1733.83,357
1628471760,1735.11,320
1628471820,1736.54,254
1628471880,1736.98,213
1628471940,1736.26,244
1628472000,1736.85,301
1628472060,1736.70,263
1628472120,1736.93,199
1628472180,1737.19,239
1628472240,1738.15,230
1628472300,1738.74,356
1628472360,1739.23,306
1628472420,1739.91,251
1628472480,1741.84,324
1628472540,1740.39,321
1628472600,1737.73,363
1628472660,1737.38,289
1628472720,1737.16,229
1628472780,1737.72,194
1628472840,1739.12,199
1628472900,1739.76,298
1628472960,1739.05,256
1628473020,1739.04,213
1628473080,1739.93,235
1628473140,1739.34,188
1628473200,1739.47,207
1628473260,1741.00,281
1628473320,1740.05,248
1628473380,1741.09,239
1628473440,1740.81,199
1628473500,1739.83,160
1628473560,1738.73,229
1628473620,1737.54,240
1628473680,1737.67,183
1628473740,1734.73,286
1628473800,1736.49,277
1628473860,1735.11,195
1628473920,1736.14,182
1628473980,1736.55,170
1628474040,1738.13,208
1628474100,1737.54,286
1628474160,1736.58,271
1628474220,1736.25,212
1628474280,1735.62,152
1628474340,1734.59,215
1628474400,1733.85,294
1628474460,1734.97,171
1628474520,1735.76,155
1628474580,1735.66,91
1628474640,1736.45,102
1628474700,1737.03,147
1628474760,1736.81,110
1628474820,1737.89,102
1628474880,1737.55,135
1628474940,1738.02,215
1628475000,1737.45,149
1628475060,1737.02,188
1628475120,1737.45,177
1628475180,1736.58,179
1628475240,1735.16,245
1628475300,1734.99,199
1628475360,1734.83,229
1628475420,1737.73,273
1628475480,1739.14,205
1628475540,1738.66,175
1628475600,1737.81,151
1628475660,1737.48,151
1628475720,1737.49,173
1628475780,1738.32,94
1628475840,1738.36,101
1628475900,1738.00,84
1628475960,1738.11,81
1628476020,1738.18,94
1628476080,1738.88,53
1628476140,1739.63,102
1628476200,1740.26,203
1628476260,1739.27,180
1628476320,1738.68,134
1628476380,1739.39,160
1628476440,1740.63,150
1628476500,1740.07,161
1628476560,1739.83,125
1628476620,1740.99,127
1628476680,1740.82,135
1628476740,1740.54,120
1628476800,1740.74,89
1628476860,1740.05,149
1628476920,1740.82,126
1628476980,1740.79,54
1628477040,1740.77,91
1628477100,1739.17,262
1628477160,1739.65,159
1628477220,1740.01,127
1628477280,1740.90,111
1628477340,1740.99,102
1628477400,1740.67,133
1628477460,1740.18,148
1628477520,1740.07,128
1628477580,1740.53,137
1628477640,1740.18,89
1628477700,1740.35,71
1628477760,1741.00,126
1628477820,1741.69,186
1628477880,1740.49,155
1628477940,1740.04,121
1628478000,1739.85,95
1628478060,1740.15,152
1628478120,1739.84,84
1628478180,1740.13,89
1628478240,1740.05,98
1628478300,1739.88,81
1628478360,1739.36,194
1628478420,1739.28,90
1628478480,1739.75,77
1628478540,1739.76,74
1628478600,1739.89,77
1628478660,1739.91,37
1628478720,1739.78,51
1628478780,1739.62,83
1628478840,1739.06,123
1628478900,1738.29,288
1628478960,1737.96,158
1628479020,1738.36,106
1628479080,1738.73,105
1628479140,1738.48,96
1628479200,1738.59,105
1628479260,1739.25,104
1628479320,1738.69,88
1628479380,1738.41,138
1628479440,1738.21,177
1628479500,1738.43,126
1628479560,1738.71,116
1628479620,1738.61,57
1628479680,1738.44,74
1628479740,1738.53,67
1628479800,1738.62,54
1628479860,1739.11,65
1628479920,1739.33,55
1628479980,1739.05,59
1628480040,1739.39,18
1628480100,1740.20,82
1628480160,1739.03,102
1628480220,1738.91,67
1628480280,1738.70,29
1628480340,1738.62,47
1628480400,1738.27,68
1628480460,1737.43,131
1628480520,1737.11,141
1628480580,1737.47,194
1628480640,1738.36,179
1628480700,1738.48,78
1628480760,1738.45,52
1628480820,1737.76,64
1628480880,1737.90,74
1628480940,1737.78,73
1628481000,1738.35,74
1628481060,1737.97,47
1628481120,1737.87,44
1628481180,1738.93,70
1628481240,1738.93,80
1628481300,1738.25,69
1628481360,1737.66,63
1628481420,1737.96,66
1628481480,1738.08,50
1628481540,1738.13,63
1628481600,1737.88,45
1628481660,1737.70,38
1628481720,1737.67,51
1628481780,1737.55,39
1628481840,1738.73,74
1628481900,1738.66,62
1628481960,1738.40,50
1628482020,1738.42,36
1628482080,1738.02,52
1628482140,1738.10,33
1628482200,1737.79,46
1628482260,1738.06,30
1628482320,1738.17,25
1628482380,1738.59,45
1628482440,1738.42,36
1628482500,1738.71,56
1628482560,1739.86,129
1628482620,1738.89,101
1628482680,1738.41,64
1628482740,1738.49,57
1628482800,1738.48,35
1628482860,1739.10,72
1628482920,1738.72,68
1628482980,1738.89,59
1628483040,1738.36,91
1628483100,1738.13,66
1628483160,1738.05,51
1628483220,1738.01,35
1628483280,1737.96,38
1628483340,1737.88,72
1628483400,1737.76,78
1628483460,1740.43,182
1628483520,1739.70,96
1628483580,1739.12,70
1628483640,1739.03,110
1628483700,1738.63,111
1628483760,1738.53,91
1628483820,1739.08,56
1628483880,1739.03,43
1628483940,1739.03,31
1628484000,1739.62,64
1628484060,1740.66,147
1628484120,1739.95,135
1628484180,1740.03,87
1628484240,1739.57,109
1628484300,1739.50,50
1628484360,1740.00,81
1628484420,1738.94,121
1628484480,1738.80,55
1628484540,1738.73,42
1628484600,1738.72,69
1628484660,1739.04,54
1628484720,1739.16,31
1628484780,1738.84,54
1628484840,1739.36,37
1628484900,1739.30,23
1628484960,1739.31,34
1628485020,1739.35,38
1628485080,1738.83,71
1628485140,1738.60,135
1628485200,1737.86,107
1628485260,1738.41,145
1628485320,1738.10,96
1628485380,1738.40,133
1628485440,1738.17,82
1628485500,1739.17,133
1628485560,1739.61,86
1628485620,1738.81,84
1628485680,1738.59,80
1628485740,1738.55,62
1628485800,1738.42,60
1628485860,1738.67,49
1628485920,1739.24,61
1628485980,1739.72,96
1628486040,1739.87,75
1628486100,1739.93,45
1628486160,1740.43,160
1628486220,1740.71,161
1628486280,1740.09,149
1628486340,1740.81,147
1628486400,1740.85,154
1628486460,1740.55,137
1628486520,1740.56,89
1628486580,1740.39,96
1628486640,1740.53,95
1628486700,1740.77,82
1628486760,1741.07,93
1628486820,1741.50,93
1628486880,1744.58,256
1628486940,1743.25,202
1628487000,1744.25,260
1628487060,1744.05,199
1628487120,1743.99,160
1628487180,1744.36,165
1628487240,1744.11,141
1628487300,1743.80,138
1628487360,1744.68,161
1628487420,1745.28,243
1628487480,1745.61,169
1628487540,1745.04,133
1628487600,1746.34,182
1628487660,1746.48,123
1628487720,1746.40,124
1628487780,1746.03,90
1628487840,1745.58,97
1628487900,1745.12,145
1628487960,1745.67,189
1628488020,1745.08,164
1628488080,1745.05,155
1628488140,1744.63,108
1628488200,1744.75,97
1628488260,1744.68,75
1628488320,1744.10,130
1628488380,1743.84,130
1628488440,1743.73,99
1628488500,1743.72,132
1628488560,1742.83,162
1628488620,1743.00,137
1628488680,1743.60,132
1628488740,1742.47,135
1628488800,1742.21,162
1628488860,1742.32,142
1628488920,1743.96,226
1628488980,1743.49,175
1628489040,1743.66,172
1628489100,1743.71,207
1628489160,1743.09,159
1628489220,1743.83,108
1628489280,1744.10,125
1628489340,1744.37,127
1628489400,1744.62,152
1628489460,1744.45,101
1628489520,1743.93,125
1628489580,1744.01,97
1628489640,1744.40,104
1628489700,1745.02,159
1628489760,1744.64,191
1628489820,1744.49,187
1628489880,1744.50,134
1628489940,1744.85,98
1628490000,1745.60,190
1628490060,1745.22,202
1628490120,1744.85,205
1628490180,1745.58,143
1628490240,1745.24,223
1628490300,1745.52,198
1628490360,1745.54,118
1628490420,1745.42,122
1628490480,1745.54,151
1628490540,1745.51,139
1628490600,1745.57,122
1628490660,1746.18,157
1628490720,1746.20,143
1628490780,1745.76,177
1628490840,1745.76,193
1628490900,1746.14,161
1628490960,1746.30,100
1628491020,1746.30,168
1628491080,1746.46,87
1628491140,1746.48,81
1628491200,1746.74,179
1628491260,1746.75,136
1628491320,1746.27,145
1628491380,1747.04,89
1628491440,1747.31,196
1628491500,1747.26,214
1628491560,1747.82,152
1628491620,1747.81,171
1628491680,1747.31,178
1628491740,1747.19,148
1628491800,1747.22,203
1628491860,1747.36,206
1628491920,1746.98,167
1628491980,1746.82,211
1628492040,1746.33,194
1628492100,1747.21,305
1628492160,1747.04,259
1628492220,1746.14,129
1628492280,1744.98,200
1628492340,1745.53,234
1628492400,1745.39,247
1628492460,1745.79,241
1628492520,1745.99,238
1628492580,1745.88,267
1628492640,1745.46,245
1628492700,1744.94,127
1628492760,1745.61,137
1628492820,1745.04,165
1628492880,1744.80,120
1628492940,1745.46,206
1628493000,1745.54,174
1628493060,1746.07,150
1628493120,1746.77,220
1628493180,1746.89,152
1628493240,1746.88,203
1628493300,1746.83,207
1628493360,1745.99,249
1628493420,1746.26,93
1628493480,1746.26,115
1628493540,1747.16,223
1628493600,1747.28,218
1628493660,1747.87,181
1628493720,1747.29,159
1628493780,1747.36,179
1628493840,1747.04,211
1628493900,1745.93,178
1628493960,1745.93,231
1628494020,1747.57,297
1628494080,1748.04,158
1628494140,1747.75,143
1628494200,1748.31,140
1628494260,1749.11,168
1628494320,1749.78,172
1628494380,1750.34,199
1628494440,1750.12,264
1628494500,1749.58,178
1628494560,1751.17,208
1628494620,1751.49,207
1628494680,1751.14,204
1628494740,1751.52,163
1628494800,1751.22,166
1628494860,1751.03,122
1628494920,1751.77,182
1628494980,1751.62,123
1628495040,1751.58,88
1628495100,1752.26,182
1628495160,1752.02,187
1628495220,1751.23,152
1628495280,1750.68,123
1628495340,1750.17,109
1628495400,1750.48,140
1628495460,1748.79,207
1628495520,1748.64,264
1628495580,1748.34,195
1628495640,1748.71,151
1628495700,1748.94,142
1628495760,1748.86,164
1628495820,1748.48,137
1628495880,1748.56,157
1628495940,1749.17,177
1628496000,1749.27,210
1628496060,1749.52,144
1628496120,1749.33,146
1628496180,1748.05,204
1628496240,1748.36,155
1628496300,1748.83,156
1628496360,1748.60,108
1628496420,1747.57,211
1628496480,1747.69,170
1628496540,1746.68,156
1628496600,1746.94,165
1628496660,1747.12,150
1628496720,1746.57,135
1628496780,1746.31,188
1628496840,1746.29,165
1628496900,1746.15,157
1628496960,1746.00,154
1628497020,1745.27,199
1628497080,1745.66,134
1628497140,1745.93,129
1628497200,1745.95,141
1628497260,1745.98,97
1628497320,1745.63,131
1628497380,1746.08,149
1628497440,1746.03,94
1628497500,1746.26,90
1628497560,1747.07,125
1628497620,1746.29,165
1628497680,1745.94,147
1628497740,1746.04,200
1628497800,1745.94,175
1628497860,1745.48,125
1628497920,1745.77,97
1628497980,1746.04,91
1628498040,1745.98,113
1628498100,1746.84,155
1628498160,1747.46,114
1628498220,1747.90,151
1628498280,1747.12,82
1628498340,1746.76,97
1628498400,1745.93,125
1628498460,1745.81,79
1628498520,1746.30,84
1628498580,1745.95,182
1628498640,1746.25,143
1628498700,1746.25,120
1628498760,1746.11,128
1628498820,1746.55,213
1628498880,1745.93,117
1628498940,1745.46,260
1628499000,1746.08,112
1628499060,1746.25,102
1628499120,1746.32,102
1628499180,1746.72,75
1628499240,1746.43,128
1628499300,1746.71,109
1628499360,1746.15,138
1628499420,1746.25,93
1628499480,1746.24,100
1628499540,1746.69,121
1628499600,1746.76,119
1628499660,1746.61,117
1628499720,1746.84,123
1628499780,1747.12,91
1628499840,1746.90,102
1628499900,1747.02,56
1628499960,1746.14,96
1628500020,1747.15,138
1628500080,1746.94,128
1628500140,1746.46,131
1628500200,1746.44,128
1628500260,1745.78,125
1628500320,1746.91,162
1628500380,1746.13,123
1628500440,1745.79,153
1628500500,1746.12,167
1628500560,1746.60,130
1628500620,1746.80,122
1628500680,1746.15,259
1628500740,1746.11,232
1628500800,1745.96,106
1628500860,1745.50,123
1628500920,1744.93,184
1628500980,1744.18,175
1628501040,1744.52,168
1628501100,1745.28,175
1628501160,1745.40,152
1628501220,1743.35,160
1628501280,1742.53,314
1628501340,1741.10,298
1628501400,1741.88,250
1628501460,1741.25,229
1628501520,1741.30,203
1628501580,1740.47,281
1628501640,1739.12,201
1628501700,1740.34,191
1628501760,1740.49,139
1628501820,1741.00,271
1628501880,1741.59,251
1628501940,1741.84,157
1628502000,1741.51,120
1628502060,1741.80,134
1628502120,1742.42,177
1628502180,1742.77,132
1628502240,1743.02,154
1628502300,1742.79,80
1628502360,1742.72,141
1628502420,1743.73,201
1628502480,1742.86,131
1628502540,1743.31,109
1628502600,1743.07,101
1628502660,1743.33,69
1628502720,1743.77,79
1628502780,1744.42,146
1628502840,1743.20,132
1628502900,1742.91,134
1628502960,1743.08,142
1628503020,1743.82,132
1628503080,1743.88,111
1628503140,1743.79,115
1628503200,1743.29,120
1628503260,1743.40,234
1628503320,1742.15,178
1628503380,1741.97,131
1628503440,1742.36,168
1628503500,1742.63,272
1628503560,1743.02,92
1628503620,1742.36,90
1628503680,1742.15,120
1628503740,1742.30,116
1628503800,1742.42,100
1628503860,1742.57,111
1628503920,1742.64,129
1628503980,1742.65,71
1628504040,1743.25,76
1628504100,1742.26,187
1628504160,1741.79,92
1628504220,1741.48,178
1628504280,1741.26,200
1628504340,1741.63,105
1628504400,1741.22,87
1628504460,1740.91,132
1628504520,1740.94,144
1628504580,1741.23,235
1628504640,1741.03,61
1628504700,1741.14,103
1628504760,1740.27,104
1628504820,1740.39,146
1628504880,1740.72,97
1628504940,1740.58,89
1628505000,1740.64,157
1628505060,1740.26,137
1628505120,1739.60,167
1628505180,1739.21,137
1628505240,1739.94,297
1628505300,1739.90,115
1628505360,1740.23,95
1628505420,1740.08,84
1628505480,1739.90,66
1628505540,1740.48,85
1628505600,1740.28,106
1628505660,1740.04,81
1628505720,1740.20,94
1628505780,1740.18,89
1628505840,1740.04,96
1628505900,1739.54,109
1628505960,1739.60,51
1628506020,1740.56,78
1628506080,1741.36,183
1628506140,1741.44,145
1628506200,1742.88,153
1628506260,1742.39,149
1628506320,1741.61,127
1628506380,1741.25,238
1628506440,1741.13,85
1628506500,1740.86,102
1628506560,1740.29,98
1628506620,1740.03,162
1628506680,1740.20,117
1628506740,1740.33,99
1628506800,1740.19,233
1628506860,1740.60,207
1628506920,1740.86,258
1628506980,1741.19,143
1628507040,1741.28,202
1628507100,1742.35,146
1628507160,1742.31,185
1628507220,1742.58,161
1628507280,1742.90,110
1628507340,1742.97,135
1628507400,1743.45,160
1628507460,1743.61,125
1628507520,1743.20,130
1628507580,1743.10,144
1628507640,1744.27,195
1628507700,1744.89,196
1628507760,1744.76,180
1628507820,1744.64,147
1628507880,1744.91,131
1628507940,1744.71,104
1628508000,1745.26,148
1628508060,1745.16,85
1628508120,1745.15,118
1628508180,1744.88,84
1628508240,1745.17,152
1628508300,1744.97,171
1628508360,1745.05,139
1628508420,1745.04,111
1628508480,1745.13,175
1628508540,1746.43,276
1628508600,1746.38,160
1628508660,1746.95,100
1628508720,1747.17,85
1628508780,1748.49,211
1628508840,1747.72,163
1628508900,1748.19,215
1628508960,1747.61,131
1628509020,1747.52,175
1628509080,1747.99,141
1628509140,1747.79,112
1628509200,1748.06,144
1628509260,1747.63,138
1628509320,1746.97,142
1628509380,1746.49,142
1628509440,1746.82,134
1628509500,1745.42,269
1628509560,1745.23,163
1628509620,1745.20,129
1628509680,1744.90,189
1628509740,1744.99,254
1628509800,1744.69,170
1628509860,1743.11,292
1628509920,1743.37,155
1628509980,1742.78,129
1628510040,1743.11,137
1628510100,1744.49,283
1628510160,1743.95,141
1628510220,1744.65,164
1628510280,1744.14,138
1628510340,1744.19,133
1628510400,1743.43,284
1628510460,1745.07,236
1628510520,1745.05,92
1628510580,1744.91,130
1628510640,1745.15,111
1628510700,1746.51,200
1628510760,1746.73,188
1628510820,1747.13,200
1628510880,1746.90,219
1628510940,1746.86,166
1628511000,1747.85,161
1628511060,1747.86,193
1628511120,1747.63,137
1628511180,1747.19,118
1628511240,1747.27,153
1628511300,1745.33,259
1628511360,1745.27,183
1628511420,1745.25,168
1628511480,1744.77,177
1628511540,1743.85,241
1628511600,1744.29,314
1628511660,1743.90,282
1628511720,1743.04,230
1628511780,1742.89,217
1628511840,1742.00,273
1628511900,1744.37,269
1628511960,1745.71,319
1628512020,1746.15,242
1628512080,1745.82,182
1628512140,1744.74,224
1628512200,1744.25,242
1628512260,1742.76,254
1628512320,1743.70,227
1628512380,1744.45,251
1628512440,1742.92,189
1628512500,1743.20,256
1628512560,1739.93,363
1628512620,1741.12,311
1628512680,1741.15,207
1628512740,1741.21,237
1628512800,1743.46,251
1628512860,1744.13,254
1628512920,1743.86,214
1628512980,1742.54,222
1628513040,1741.85,186
1628513100,1741.76,211
1628513160,1741.98,190
1628513220,1742.03,156
1628513280,1741.78,166
1628513340,1738.90,365
1628513400,1738.88,344
1628513460,1739.93,279
1628513520,1740.93,241
1628513580,1739.57,273
1628513640,1739.22,236
1628513700,1739.70,260
1628513760,1740.32,218
1628513820,1740.31,222
1628513880,1739.57,266
1628513940,1738.18,284
1628514000,1740.78,370
1628514060,1742.91,351
1628514120,1743.59,294
1628514180,1742.97,304
1628514240,1742.80,279
1628514300,1741.52,322
1628514360,1742.82,238
1628514420,1742.71,286
1628514480,1743.57,218
1628514540,1743.98,288
1628514600,1743.94,317
1628514660,1742.85,280
1628514720,1742.09,275
1628514780,1741.54,232
1628514840,1741.05,255
1628514900,1743.35,265
1628514960,1743.42,231
1628515020,1743.64,216
1628515080,1743.61,184
1628515140,1741.91,267
1628515200,1741.98,253
1628515260,1742.71,211
1628515320,1742.15,217
1628515380,1742.70,178
1628515440,1741.98,221
1628515500,1741.28,243
1628515560,1742.25,214
1628515620,1742.55,290
1628515680,1743.01,215
1628515740,1742.24,226
1628515800,1743.78,397
1628515860,1742.71,358
1628515920,1744.68,359
1628515980,1744.90,353
1628516040,1742.43,280
1628516100,1741.37,445
1628516160,1744.17,393
1628516220,1743.55,360
1628516280,1742.59,246
1628516340,1743.73,282
1628516400,1742.17,289
1628516460,1741.60,222
1628516520,1742.70,349
1628516580,1740.86,301
1628516640,1741.02,277
1628516700,1742.50,312
1628516760,1742.70,279
1628516820,1740.69,311
1628516880,1740.78,294
1628516940,1740.26,282
1628517000,1739.95,302
1628517060,1740.50,277
1628517120,1739.17,304
1628517180,1740.56,353
1628517240,1739.82,282
1628517300,1739.09,292
1628517360,1739.61,305
1628517420,1738.92,271
1628517480,1739.06,277
1628517540,1738.58,278
1628517600,1739.82,356
1628517660,1738.02,392
1628517720,1737.12,410
1628517780,1735.84,371
1628517840,1736.66,296
1628517900,1738.57,367
1628517960,1737.25,318
1628518020,1737.11,300
1628518080,1736.21,319
1628518140,1735.81,270
1628518200,1738.73,350
1628518260,1739.57,376
1628518320,1740.02,382
1628518380,1737.64,301
1628518440,1736.73,330
1628518500,1737.52,317
1628518560,1737.63,214
1628518620,1736.59,263
1628518680,1738.64,299
1628518740,1737.54,337
1628518800,1738.37,283
1628518860,1738.99,293
1628518920,1738.36,320
1628518980,1739.21,280
1628519040,1739.86,256
1628519100,1740.43,280
1628519160,1740.55,289
1628519220,1740.72,236
1628519280,1740.78,247
1628519340,1740.31,192
1628519400,1740.70,203
1628519460,1740.07,185
1628519520,1738.84,208
1628519580,1738.63,245
1628519640,1738.44,190
1628519700,1738.19,241
1628519760,1738.03,210
1628519820,1737.29,257
1628519880,1736.86,254
1628519940,1736.71,229
1628520000,1736.47,247
1628520060,1736.18,273
1628520120,1735.18,226
1628520180,1735.20,320
1628520240,1736.04,304
1628520300,1736.34,277
1628520360,1735.60,275
1628520420,1736.52,268
1628520480,1735.92,246
1628520540,1735.12,271
1628520600,1734.78,323
1628520660,1734.10,293
1628520720,1733.95,288
1628520780,1734.53,257
1628520840,1733.66,260
1628520900,1733.47,272
1628520960,1733.13,208
1628521020,1731.37,333
1628521080,1729.89,396
1628521140,1729.78,367
1628521200,1730.20,336
1628521260,1727.88,389
1628521320,1728.23,382
1628521380,1727.15,364
1628521440,1727.68,365
1628521500,1726.33,336
1628521560,1727.02,359
1628521620,1728.57,309
1628521680,1728.64,348
1628521740,1727.74,295
1628521800,1728.08,314
1628521860,1729.06,238
1628521920,1728.91,247
1628521980,1729.31,235
1628522040,1728.94,228
1628522100,1728.77,216
1628522160,1731.47,305
1628522220,1731.67,328
1628522280,1732.01,246
1628522340,1731.42,196
1628522400,1731.44,250
1628522460,1731.97,273
1628522520,1731.15,228
1628522580,1730.79,184
1628522640,1730.47,219
1628522700,1731.13,249
1628522760,1731.12,174
1628522820,1731.39,163
1628522880,1731.77,190
1628522940,1731.28,168
1628523000,1731.65,247
1628523060,1730.09,237
1628523120,1729.64,216
1628523180,1729.46,208
1628523240,1729.17,205
1628523300,1729.14,230
1628523360,1727.94,201
1628523420,1728.23,238
1628523480,1727.47,191
1628523540,1727.45,212
1628523600,1728.12,205
1628523660,1728.36,223
1628523720,1728.15,198
1628523780,1728.38,183
1628523840,1729.42,218
1628523900,1729.00,214
1628523960,1729.12,150
1628524020,1729.15,146
1628524080,1729.71,202
1628524140,1729.29,185
1628524200,1728.95,180
1628524260,1728.81,189
1628524320,1729.23,152
1628524380,1729.60,158
1628524440,1729.46,174
1628524500,1729.26,122
1628524560,1728.54,126
1628524620,1728.68,118
1628524680,1728.53,134
1628524740,1728.49,112
1628524800,1726.17,261
1628524860,1726.76,290
1628524920,1727.55,233
1628524980,1726.43,242
1628525040,1726.46,179
1628525100,1727.07,223
1628525160,1727.20,189
1628525220,1727.68,174
1628525280,1727.36,198
1628525340,1727.90,202
1628525400,1727.45,166
1628525460,1728.05,167
1628525520,1728.04,142
1628525580,1727.77,165
1628525640,1726.47,213
1628525700,1726.97,223
1628525760,1727.43,147
1628525820,1726.93,161
1628525880,1726.45,181
1628525940,1726.44,139
1628526000,1726.02,143
1628526060,1726.56,170
1628526120,1726.27,144
1628526180,1726.30,145
1628526240,1726.00,77
1628526300,1725.43,204
1628526360,1725.26,145
1628526420,1725.66,125
1628526480,1725.88,153
1628526540,1725.60,150
1628526600,1724.63,220
1628526660,1725.93,161
1628526720,1725.71,68
1628526780,1726.30,95
1628526840,1726.53,147
1628526900,1726.66,136
1628526960,1726.30,112
1628527020,1725.76,120
1628527080,1725.96,129
1628527140,1726.50,120
1628527200,1726.30,121
1628527260,1726.11,124
1628527320,1725.78,159
1628527380,1726.08,194
1628527440,1726.20,107
1628527500,1725.92,91
1628527560,1726.15,82
1628527620,1726.30,82
1628527680,1726.12,99
1628527740,1726.17,121
1628527800,1725.73,101
1628527860,1726.38,101
1628527920,1726.23,105
1628527980,1725.44,125
1628528040,1725.62,139
1628528100,1726.00,142
1628528160,1725.92,118
1628528220,1726.31,127
1628528280,1725.88,87
1628528340,1726.14,160
1628528400,1726.70,114
1628528460,1725.91,73
1628528520,1726.19,115
1628528580,1725.26,141
1628528640,1725.31,169
1628528700,1726.06,175
1628528760,1726.18,129
1628528820,1726.22,157
1628528880,1725.49,134
1628528940,1725.39,117
1628529000,1726.04,140
1628529060,1725.91,100
1628529120,1726.45,142
1628529180,1726.44,139
1628529240,1726.24,118
1628529300,1725.96,105
1628529360,1725.94,127
1628529420,1726.23,114
1628529480,1726.16,84
1628529540,1725.90,85
1628529600,1726.33,117
1628529660,1726.56,119
1628529720,1726.29,124
1628529780,1726.17,143
1628529840,1725.74,239
1628529900,1726.59,155
1628529960,1726.39,132
1628530020,1726.22,120
1628530080,1725.38,162
1628530140,1725.25,351
1628530200,1724.82,188
1628530260,1725.86,147
1628530320,1725.45,115
1628530380,1725.88,107
1628530440,1726.42,80
1628530500,1725.87,92
1628530560,1726.22,104
1628530620,1726.24,76
1628530680,1726.30,82
1628530740,1726.47,76
1628530800,1726.47,80
1628530860,1726.46,86
1628530920,1726.89,103
1628530980,1727.07,107
1628531040,1727.77,130
1628531100,1728.07,167
1628531160,1728.37,104
1628531220,1728.61,135
1628531280,1728.90,64
1628531340,1728.67,81
1628531400,1728.86,143
1628531460,1728.96,118
1628531520,1729.29,127
1628531580,1729.36,76
1628531640,1729.36,69
1628531700,1729.28,79
1628531760,1729.28,62
1628531820,1729.06,63
1628531880,1729.31,82
1628531940,1729.93,98
1628532000,1730.08,107
1628532060,1730.44,97
1628532120,1730.22,90
1628532180,1729.90,45
1628532240,1729.61,79
1628532300,1729.69,86
1628532360,1730.18,57
1628532420,1729.59,90
1628532480,1729.77,105
1628532540,1729.25,96
1628532600,1729.54,100
1628532660,1729.31,120
1628532720,1729.56,117
1628532780,1730.04,80
1628532840,1730.17,54
1628532900,1729.92,81
1628532960,1729.99,65
1628533020,1730.35,87
1628533080,1730.58,94
1628533140,1730.69,88
1628533200,1730.77,70
1628533260,1731.10,95
1628533320,1730.91,91
1628533380,1730.72,87
1628533440,1730.30,101
1628533500,1730.41,73
1628533560,1730.64,71
1628533620,1730.53,81
1628533680,1730.44,112
1628533740,1730.47,91
1628533800,1730.88,68
1628533860,1731.63,112
1628533920,1731.38,139
1628533980,1731.25,77
1628534040,1731.44,71
1628534100,1731.34,94
1628534160,1731.26,72
1628534220,1731.15,77
1628534280,1730.64,57
1628534340,1730.39,92
1628534400,1729.72,124
1628534460,1729.77,68
1628534520,1729.56,99
1628534580,1728.99,152
1628534640,1728.87,170
1628534700,1729.14,79
1628534760,1728.98,75
1628534820,1728.29,87
1628534880,1728.04,100
1628534940,1728.31,83
1628535000,1728.50,85
1628535060,1728.39,68
1628535120,1728.48,71
1628535180,1728.13,92
1628535240,1728.27,71
1628535300,1728.24,99
1628535360,1728.27,58
1628535420,1728.08,50
1628535480,1728.17,65
1628535540,1728.26,155
1628535600,1729.35,135
1628535660,1729.36,86
1628535720,1729.11,64
1628535780,1728.65,76
1628535840,1728.37,64
1628535900,1728.89,51
1628535960,1729.13,44
1628536020,1729.52,59
1628536080,1729.98,52
1628536140,1730.24,79
1628536200,1730.15,80
1628536260,1730.29,80
1628536320,1730.36,81
1628536380,1730.29,65
1628536440,1730.19,39
1628536500,1730.28,68
1628536560,1730.25,18
1628536620,1730.24,57
1628536680,1729.81,66
1628536740,1729.24,119
1628536800,1729.51,90
1628536860,1729.49,70
1628536920,1729.50,57
1628536980,1729.67,35
1628537040,1729.67,46
1628537100,1729.70,22
1628537160,1729.67,41
1628537220,1729.50,37
1628537280,1729.36,36
1628537340,1729.39,54
1628537400,1729.05,117
1628537460,1728.81,96
1628537520,1728.57,65
1628537580,1728.74,50
1628537640,1728.93,47
1628537700,1729.53,60
1628537760,1729.50,33
1628537820,1729.59,36
1628537880,1729.59,32
1628537940,1729.59,23
1628538000,1729.57,63
1628538060,1729.61,58
1628538120,1729.53,41
1628538180,1729.54,63
1628538240,1729.61,61
1628538300,1729.69,74
1628538360,1729.94,32
1628538420,1730.47,116
1628538480,1730.07,81
1628538540,1730.46,81
1628538600,1730.20,84
1628538660,1730.09,55
1628538720,1730.32,65
1628538780,1729.87,64
1628538840,1730.01,69
1628538900,1730.58,135
1628538960,1729.97,114
1628539020,1729.98,141
1628539080,1729.27,151
1628539140,1728.79,310
1628539200,1729.66,176
1628539260,1729.46,65
1628539320,1729.93,39
1628539380,1729.83,67
1628539440,1730.00,28
1628539500,1730.16,25
1628539560,1730.17,44
1628539620,1729.89,30
1628539680,1729.79,28
1628539740,1730.55,46
1628539800,1729.84,40
1628539860,1729.72,38
1628539920,1729.66,57
1628539980,1729.35,17
1628540040,1729.45,15
1628540100,1729.47,11
1628540160,1729.53,26
1628540220,1729.50,31
1628540280,1729.41,20
1628540340,1729.33,29
1628540400,1729.41,19
1628540460,1729.34,21
1628540520,1729.22,27
1628540580,1729.37,25
1628540640,1729.34,12
1628540700,1729.43,14
1628540760,1729.37,38
1628540820,1729.40,17
1628540880,1729.29,20
1628540940,1729.38,33
1628541000,1729.59,74
1628541060,1729.83,49
1628541120,1730.14,60
1628541180,1729.92,31
1628541240,1730.03,19
1628541300,1729.59,42
1628541360,1729.76,18
1628541420,1729.88,15
1628541480,1729.77,22
1628541540,1729.74,19
1628541600,1729.82,27
1628541660,1729.85,15
1628541720,1729.79,30
1628541780,1729.74,25
1628541840,1729.78,15
1628541900,1729.88,24
1628541960,1729.56,19
1628542020,1729.58,20
1628542080,1729.36,30
1628542140,1729.55,56
1628542200,1729.48,34
1628542260,1729.62,32
1628542320,1729.71,17
1628542380,1729.90,26
1628542440,1729.79,53
1628542500,1729.78,63
1628542560,1729.43,43
1628546520,1728.96,77
1628546580,1729.05,42
1628546640,1728.91,54
1628546700,1728.98,41
1628546760,1728.90,38
1628546820,1729.07,12
1628546880,1728.86,34
1628546940,1728.97,17
1628547000,1729.06,20
1628547060,1729.32,36
1628547120,1729.54,26
1628547180,1729.86,24
1628547240,1729.87,3
1628547300,1730.22,26
1628547360,1730.32,11
1628547420,1730.34,18
1628547480,1730.34,5
1628547540,1730.43,24
1628547600,1730.06,34
1628547660,1730.01,44
1628547720,1730.05,7
1628547780,1730.32,14
1628547840,1730.39,30
1628547900,1730.41,13
1628547960,1730.34,18
1628548020,1730.43,36
1628548080,1730.20,42
1628548140,1730.39,31
1628548200,1730.24,13
1628548260,1730.15,23
1628548320,1730.13,16
1628548380,1730.23,25
1628548440,1730.27,37
1628548500,1730.26,14
1628548560,1730.60,35
1628548620,1730.44,29
1628548680,1730.63,24
1628548740,1730.94,26
1628548800,1730.84,25
1628548860,1730.76,25
1628548920,1731.06,26
1628548980,1731.01,22
1628549040,1731.07,27
1628549100,1731.03,6
1628549160,1730.94,30
1628549220,1730.83,19
1628549280,1730.89,33
1628549340,1731.04,40
1628549400,1731.22,39
1628549460,1731.19,24
1628549520,1731.51,63
1628549580,1732.10,41
1628549640,1732.05,50
1628549700,1731.49,61
1628549760,1731.39,35
1628549820,1731.21,43
1628549880,1731.20,50
1628549940,1731.08,36
1628550000,1731.06,55
1628550060,1731.31,53
1628550120,1731.67,47
1628550180,1731.64,70
1628550240,1731.59,40
1628550300,1731.43,57
1628550360,1731.64,31
1628550420,1731.69,16
1628550480,1731.38,30
1628550540,1731.32,24
1628550600,1731.14,19
1628550660,1731.29,28
1628550720,1731.29,11
1628550780,1731.25,27
1628550840,1731.31,8
1628550900,1731.09,14
1628550960,1730.89,22
1628551020,1730.84,39
1628551080,1730.74,41
1628551140,1730.87,21
1628551200,1730.80,19
1628551260,1731.11,43
1628551320,1731.05,27
1628551380,1730.90,15
1628551440,1731.00,37
1628551500,1731.04,28
1628551560,1731.24,62
1628551620,1731.55,48
1628551680,1731.54,30
1628551740,1731.59,35
1628551800,1731.40,17
1628551860,1731.73,47
1628551920,1731.83,28
1628551980,1732.10,41
1628552040,1732.10,58
1628552100,1732.43,40
1628552160,1732.67,84
1628552220,1733.07,65
1628552280,1733.10,46
1628552340,1732.94,123
1628552400,1732.04,77
1628552460,1732.46,56
1628552520,1732.62,60
1628552580,1732.61,47
1628552640,1732.39,70
1628552700,1732.78,87
1628552760,1732.95,90
1628552820,1732.94,80
1628552880,1732.70,54
1628552940,1732.22,63
1628553000,1732.05,49
1628553060,1731.97,56
1628553120,1731.87,42
1628553180,1731.40,56
1628553240,1731.50,53
1628553300,1731.50,45
1628553360,1731.45,43
1628553420,1731.54,43
1628553480,1731.51,26
1628553540,1731.50,34
1628553600,1732.04,93
1628553660,1731.70,96
1628553720,1731.86,62
1628553780,1731.37,96
1628553840,1731.38,124
1628553900,1730.97,119
1628553960,1731.17,101
1628554020,1731.67,96
1628554080,1732.13,84
1628554140,1731.85,90
1628554200,1732.13,75
1628554260,1732.33,56
1628554320,1732.09,117
1628554380,1731.67,57
1628554440,1731.67,75
1628554500,1731.88,72
1628554560,1732.35,58
1628554620,1732.46,50
1628554680,1732.68,62
1628554740,1732.67,52
1628554800,1732.56,63
1628554860,1732.56,33
1628554920,1732.28,70
1628554980,1732.08,51
1628555040,1731.92,21
1628555100,1732.22,52
1628555160,1731.70,64
1628555220,1732.09,77
1628555280,1731.90,38
1628555340,1731.61,53
1628555400,1730.93,106
1628555460,1730.86,67
1628555520,1730.87,57
1628555580,1730.40,77
1628555640,1730.33,92
1628555700,1730.48,147
1628555760,1730.33,124
1628555820,1730.90,156
1628555880,1730.57,177
1628555940,1730.69,97
1628556000,1730.66,97
1628556060,1731.03,85
1628556120,1731.11,137
1628556180,1730.54,109
1628556240,1730.62,117
1628556300,1730.99,130
1628556360,1731.01,77
1628556420,1731.07,102
1628556480,1731.38,51
1628556540,1731.11,72
1628556600,1731.24,74
1628556660,1731.25,81
1628556720,1731.22,63
1628556780,1731.37,54
1628556840,1731.65,122
1628556900,1731.75,63
1628556960,1731.98,57
1628557020,1731.92,52
1628557080,1732.01,60
1628557140,1732.48,76
1628557200,1732.80,304
1628557260,1732.58,225
1628557320,1731.42,235
1628557380,1731.89,265
1628557440,1733.02,274
1628557500,1732.80,169
1628557560,1732.96,148
1628557620,1732.45,166
1628557680,1732.54,139
1628557740,1732.27,100
1628557800,1732.98,60
1628557860,1733.07,91
1628557920,1732.97,132
1628557980,1733.35,104
1628558040,1733.74,210
1628558100,1733.56,201
1628558160,1734.23,174
1628558220,1734.06,124
1628558280,1734.44,107
1628558340,1734.56,142
1628558400,1734.46,147
1628558460,1734.59,155
1628558520,1734.99,198
1628558580,1734.78,206
1628558640,1735.05,184
1628558700,1734.90,156
1628558760,1735.14,116
1628558820,1735.14,128
1628558880,1735.41,144
1628558940,1735.00,150
1628559000,1734.95,160
1628559060,1735.27,91
1628559120,1735.11,69
1628559180,1734.65,121
1628559240,1734.54,117
1628559300,1735.00,77
1628559360,1734.86,119
1628559420,1735.21,91
1628559480,1735.50,86
1628559540,1735.06,98
1628559600,1734.93,115
1628559660,1735.27,102
1628559720,1735.01,77
1628559780,1734.67,120
1628559840,1735.06,122
1628559900,1734.54,100
1628559960,1734.53,95
1628560020,1735.09,114
1628560080,1734.80,89
1628560140,1734.97,91
1628560200,1734.87,96
1628560260,1735.05,113
1628560320,1734.46,139
1628560380,1734.15,155
1628560440,1735.13,162
1628560500,1734.54,144
1628560560,1734.51,176
1628560620,1734.38,235
1628560680,1734.80,171
1628560740,1734.48,167
1628560800,1734.46,185
1628560860,1734.17,142
1628560920,1734.08,173
1628560980,1734.31,139
1628561040,1734.01,121
1628561100,1734.33,42
1628561160,1735.03,97
1628561220,1734.50,113
1628561280,1734.05,125
1628561340,1733.69,137
1628561400,1734.01,84
1628561460,1734.03,59
1628561520,1734.08,50
1628561580,1733.84,66
1628561640,1734.01,68
1628561700,1734.14,62
1628561760,1733.91,67
1628561820,1734.10,47
1628561880,1734.20,65
1628561940,1734.31,42
1628562000,1734.50,61
1628562060,1734.52,83
1628562120,1734.31,53
1628562180,1734.16,31
1628562240,1734.22,73
1628562300,1734.45,77
1628562360,1734.57,53
1628562420,1735.06,78
1628562480,1735.05,91
1628562540,1735.18,68
1628562600,1735.04,129
1628562660,1734.82,88
1628562720,1735.19,71
1628562780,1735.27,71
1628562840,1735.13,83
1628562900,1735.11,76
1628562960,1734.97,119
1628563020,1734.88,151
1628563080,1734.78,150
1628563140,1734.59,137
1628563200,1734.40,62
1628563260,1733.92,110
1628563320,1733.96,54
1628563380,1734.02,82
1628563440,1733.77,94
1628563500,1733.68,105
1628563560,1733.66,77
1628563620,1733.51,93
1628563680,1733.18,95
1628563740,1733.64,108
1628563800,1733.63,74
1628563860,1733.62,55
1628563920,1733.73,51
1628563980,1733.76,56
1628564040,1733.83,53
1628564100,1734.07,78
1628564160,1734.41,93
1628564220,1734.59,47
1628564280,1734.43,91
1628564340,1734.77,116
1628564400,1734.72,111
1628564460,1734.75,88
1628564520,1734.55,67
1628564580,1734.71,72
1628564640,1735.02,93
1628564700,1734.91,91
1628564760,1734.60,99
1628564820,1734.67,98
1628564880,1734.64,64
1628564940,1734.59,74
1628565000,1734.43,49
1628565060,1734.34,45
1628565120,1734.47,74
1628565180,1734.57,66
1628565240,1734.53,48
1628565300,1734.70,75
1628565360,1735.40,115
1628565420,1735.53,119
1628565480,1735.44,72
1628565540,1735.86,80
1628565600,1735.67,84
1628565660,1735.76,78
1628565720,1735.70,88
1628565780,1735.70,60
1628565840,1735.72,63
1628565900,1735.82,43
1628565960,1735.81,61
1628566020,1736.12,69
1628566080,1736.21,81
1628566140,1736.02,43
1628566200,1736.20,78
1628566260,1736.29,81
1628566320,1736.39,74
1628566380,1736.40,42
1628566440,1736.72,63
1628566500,1736.44,74
1628566560,1736.52,55
1628566620,1736.51,50
1628566680,1736.49,61
1628566740,1736.45,34
1628566800,1736.42,43
1628566860,1736.74,43
1628566920,1736.70,78
1628566980,1736.88,68
1628567040,1736.97,80
1628567100,1736.85,118
1628567160,1736.82,82
1628567220,1736.94,59
1628567280,1736.83,110
1628567340,1736.63,89
1628567400,1736.77,60
1628567460,1736.69,44
1628567520,1736.93,53
1628567580,1736.98,41
1628567640,1736.93,50
1628567700,1737.03,29
1628567760,1737.13,18
1628567820,1737.42,27
1628567880,1737.51,51
1628567940,1737.34,76
1628568000,1737.31,77
1628568060,1737.07,68
1628568120,1737.13,88
1628568180,1737.21,51
1628568240,1737.15,50
1628568300,1737.16,42
1628568360,1737.22,62
1628568420,1737.27,45
1628568480,1737.30,23
1628568540,1737.36,43
1628568600,1737.25,34
1628568660,1737.40,36
1628568720,1737.40,41
1628568780,1737.63,36
1628568840,1737.37,63
1628568900,1737.07,50
1628568960,1737.21,59
1628569020,1737.39,47
1628569080,1737.55,35
1628569140,1737.44,56
1628569200,1737.44,19
1628569260,1737.36,52
1628569320,1737.25,44
1628569380,1737.62,38
1628569440,1737.76,25
1628569500,1737.66,33
1628569560,1737.47,17
1628569620,1737.37,27
1628569680,1737.27,9
1628569740,1737.27,44
1628569800,1736.75,110
1628569860,1736.74,96
1628569920,1736.85,82
1628569980,1736.61,86
1628570040,1736.79,93
1628570100,1736.68,99
1628570160,1736.84,85
1628570220,1736.78,50
1628570280,1736.89,44
1628570340,1736.82,47
1628570400,1736.91,90
1628570460,1736.81,42
1628570520,1736.72,39
1628570580,1736.72,66
1628570640,1736.82,54
1628570700,1736.58,32
1628570760,1736.49,87
1628570820,1736.33,82
1628570880,1736.43,55
1628570940,1736.13,72
1628571000,1736.20,108
1628571060,1736.54,123
1628571120,1736.71,153
1628571180,1736.49,159
1628571240,1736.26,150
1628571300,1736.11,62
1628571360,1735.98,113
1628571420,1735.83,99
1628571480,1735.71,122
1628571540,1735.84,117
1628571600,1736.36,153
1628571660,1735.68,103
1628571720,1735.68,59
1628571780,1735.56,77
1628571840,1735.02,112
1628571900,1735.10,100
1628571960,1735.06,44
1628572020,1734.98,72
1628572080,1734.99,47
1628572140,1734.98,32
1628572200,1734.97,78
1628572260,1734.85,47
1628572320,1734.97,46
1628572380,1735.18,71
1628572440,1735.37,63
1628572500,1735.49,58
1628572560,1735.64,56
1628572620,1735.39,79
1628572680,1735.36,105
1628572740,1735.28,81
1628572800,1735.48,74
1628572860,1735.70,123
1628572920,1735.86,130
1628572980,1735.24,93
1628573040,1734.65,83
1628573100,1734.73,96
1628573160,1735.46,72
1628573220,1735.50,40
1628573280,1735.52,28
1628573340,1735.48,106
1628573400,1734.77,189
1628573460,1734.07,171
1628573520,1733.94,264
1628573580,1733.77,197
1628573640,1732.90,286
1628573700,1733.20,222
1628573760,1733.63,200
1628573820,1734.77,201
1628573880,1735.59,167
1628573940,1734.33,184
1628574000,1733.87,164
1628574060,1733.79,172
1628574120,1734.35,170
1628574180,1734.40,171
1628574240,1734.29,161
1628574300,1734.79,158
1628574360,1734.68,156
1628574420,1734.17,136
1628574480,1734.39,111
1628574540,1734.53,102
1628574600,1734.30,99
1628574660,1734.09,110
1628574720,1734.33,114
1628574780,1734.31,84
1628574840,1734.03,94
1628574900,1733.32,155
1628574960,1733.73,163
1628575020,1733.74,142
1628575080,1733.62,105
1628575140,1734.01,142
1628575200,1733.54,180
1628575260,1733.54,107
1628575320,1733.80,85
1628575380,1734.29,143
1628575440,1734.18,115
1628575500,1734.74,110
1628575560,1734.48,116
1628575620,1733.94,122
1628575680,1734.53,129
1628575740,1734.26,142
1628575800,1734.53,185
1628575860,1734.46,98
1628575920,1735.03,114
1628575980,1735.23,104
1628576040,1734.29,198
1628576100,1733.50,175
1628576160,1733.76,127
1628576220,1734.57,85
1628576280,1734.70,108
1628576340,1735.05,138
1628576400,1734.97,97
1628576460,1735.42,113
1628576520,1735.34,154
1628576580,1735.11,78
1628576640,1735.40,93
1628576700,1735.58,167
1628576760,1735.50,159
1628576820,1735.70,117
1628576880,1735.65,102
1628576940,1736.30,155
1628577000,1736.62,171
1628577060,1736.71,115
1628577120,1736.50,127
1628577180,1736.38,98
1628577240,1736.30,118
1628577300,1735.82,117
1628577360,1735.95,104
1628577420,1736.28,119
1628577480,1735.52,114
1628577540,1735.97,111
1628577600,1736.04,109
1628577660,1735.85,73
1628577720,1735.69,78
1628577780,1735.84,88
1628577840,1736.06,71
1628577900,1736.90,177
1628577960,1736.60,156
1628578020,1736.73,113
1628578080,1736.09,220
1628578140,1736.61,114
1628578200,1737.00,154
1628578260,1737.17,139
1628578320,1737.63,197
1628578380,1738.24,230
1628578440,1737.53,260
1628578500,1737.44,163
1628578560,1736.96,139
1628578620,1736.77,121
1628578680,1736.81,103
1628578740,1736.58,120
1628578800,1735.83,153
1628578860,1735.65,88
1628578920,1734.94,168
1628578980,1735.24,137
1628579040,1734.51,121
1628579100,1736.18,217
1628579160,1736.10,139
1628579220,1736.51,147
1628579280,1736.23,103
1628579340,1736.42,78
1628579400,1736.91,120
1628579460,1736.12,115
1628579520,1736.27,114
1628579580,1736.40,58
1628579640,1736.51,70
1628579700,1735.81,222
1628579760,1735.70,183
1628579820,1735.57,142
1628579880,1735.30,93
1628579940,1734.76,119
1628580000,1734.88,200
1628580060,1734.66,196
1628580120,1735.59,188
1628580180,1735.05,148
1628580240,1735.51,140
1628580300,1735.41,201
1628580360,1735.18,84
1628580420,1734.96,105
1628580480,1734.59,128
1628580540,1734.04,137
1628580600,1734.31,167
1628580660,1734.41,122
1628580720,1734.38,127
1628580780,1734.12,110
1628580840,1734.10,139
1628580900,1734.38,148
1628580960,1734.36,150
1628581020,1734.56,125
1628581080,1734.24,110
1628581140,1734.26,78
1628581200,1734.35,141
1628581260,1735.49,157
1628581320,1735.56,165
1628581380,1735.75,102
1628581440,1735.95,132
1628581500,1735.77,158
1628581560,1735.03,164
1628581620,1735.25,139
1628581680,1734.91,134
1628581740,1734.92,117
1628581800,1735.00,85
1628581860,1735.12,119
1628581920,1735.12,119
1628581980,1735.10,109
1628582040,1735.30,93
1628582100,1735.38,118
1628582160,1735.01,98
1628582220,1735.09,83
1628582280,1735.32,104
1628582340,1735.88,94
1628582400,1735.38,99
1628582460,1734.87,104
1628582520,1734.96,54
1628582580,1734.77,73
1628582640,1734.42,100
1628582700,1734.91,104
1628582760,1735.19,60
1628582820,1735.22,133
1628582880,1735.09,63
1628582940,1735.00,52
1628583000,1734.91,97
1628583060,1734.87,55
1628583120,1734.46,106
1628583180,1734.65,107
1628583240,1734.45,60
1628583300,1734.43,18
1628583360,1734.74,56
1628583420,1734.84,61
1628583480,1734.89,86
1628583540,1735.22,56
1628583600,1735.12,56
1628583660,1735.01,30
1628583720,1734.98,58
1628583780,1735.06,70
1628583840,1734.84,73
1628583900,1734.90,53
1628583960,1734.47,84
1628584020,1734.21,107
1628584080,1734.23,78
1628584140,1734.25,89
1628584200,1733.56,116
1628584260,1732.92,192
1628584320,1732.74,116
1628584380,1731.78,215
1628584440,1731.14,191
1628584500,1730.77,171
1628584560,1729.23,226
1628584620,1729.73,176
1628584680,1729.00,202
1628584740,1729.34,162
1628584800,1729.64,178
1628584860,1730.59,234
1628584920,1731.26,254
1628584980,1731.54,118
1628585040,1731.29,208
1628585100,1730.10,287
1628585160,1730.56,120
1628585220,1731.17,117
1628585280,1731.24,125
1628585340,1730.85,109
1628585400,1730.74,97
1628585460,1730.30,154
1628585520,1730.17,183
1628585580,1730.13,138
1628585640,1730.72,200
1628585700,1731.04,99
1628585760,1730.43,176
1628585820,1730.90,145
1628585880,1731.14,137
1628585940,1731.62,88
1628586000,1731.58,200
1628586060,1730.53,142
1628586120,1730.05,168
1628586180,1730.48,167
1628586240,1730.81,147
1628586300,1731.23,141
1628586360,1730.81,117
1628586420,1730.83,93
1628586480,1731.13,135
1628586540,1730.20,129
1628586600,1730.55,171
1628586660,1729.80,81
1628586720,1729.54,145
1628586780,1729.27,168
1628586840,1729.78,133
1628586900,1729.83,97
1628586960,1729.49,105
1628587020,1729.67,129
1628587080,1729.30,100
1628587140,1729.40,137
1628587200,1729.21,93
1628587260,1729.27,161
1628587320,1729.83,86
1628587380,1728.96,178
1628587440,1729.64,169
1628587500,1729.50,101
1628587560,1729.74,99
1628587620,1729.75,135
1628587680,1729.39,87
1628587740,1729.74,159
1628587800,1729.61,118
1628587860,1729.57,139
1628587920,1729.52,110
1628587980,1729.73,101
1628588040,1729.65,127
1628588100,1729.48,84
1628588160,1729.65,83
1628588220,1729.96,97
1628588280,1730.87,225
1628588340,1730.57,112
1628588400,1730.37,89
1628588460,1730.27,81
1628588520,1730.26,75
1628588580,1729.75,105
1628588640,1729.82,126
1628588700,1729.85,93
1628588760,1729.63,107
1628588820,1730.12,122
1628588880,1729.90,134
1628588940,1729.96,78
1628589000,1730.10,58
1628589060,1730.33,90
1628589120,1729.83,93
1628589180,1730.23,84
1628589240,1730.19,62
1628589300,1730.60,115
1628589360,1730.16,100
1628589420,1730.59,96
1628589480,1730.77,99
1628589540,1729.77,159
1628589600,1729.71,121
1628589660,1729.97,80
1628589720,1729.81,57
1628589780,1729.63,81
1628589840,1729.53,79
1628589900,1729.46,98
1628589960,1729.23,74
1628590020,1729.43,107
1628590080,1729.46,126
1628590140,1729.32,98
1628590200,1729.78,96
1628590260,1730.25,79
1628590320,1729.90,129
1628590380,1729.12,158
1628590440,1728.59,162
1628590500,1728.74,144
1628590560,1728.68,128
1628590620,1728.34,135
1628590680,1728.39,159
1628590740,1728.72,82
1628590800,1728.47,87
1628590860,1728.07,167
1628590920,1728.32,109
1628590980,1727.92,118
1628591040,1729.09,236
1628591100,1728.76,113
1628591160,1728.67,81
1628591220,1728.17,105
1628591280,1727.87,130
1628591340,1728.05,142
1628591400,1728.08,97
1628591460,1728.38,120
1628591520,1728.90,95
1628591580,1728.72,108
1628591640,1728.85,76
1628591700,1729.14,100
1628591760,1729.58,118
1628591820,1729.46,112
1628591880,1729.16,86
1628591940,1729.10,83
1628592000,1729.22,100
1628592060,1728.79,81
1628592120,1728.77,112
1628592180,1729.22,98
1628592240,1729.07,110
1628592300,1729.44,69
1628592360,1729.63,95
1628592420,1729.89,118
1628592480,1729.96,92
1628592540,1730.01,85
1628592600,1729.93,106
1628592660,1730.53,124
1628592720,1730.03,149
1628592780,1730.20,116
1628592840,1730.39,90
1628592900,1730.83,107
1628592960,1730.77,104
1628593020,1730.91,106
1628593080,1730.81,108
1628593140,1730.83,67
1628593200,1730.76,142
1628593260,1730.25,136
1628593320,1730.36,62
1628593380,1730.08,81
1628593440,1730.56,83
1628593500,1729.93,110
1628593560,1729.99,128
1628593620,1730.30,132
1628593680,1730.37,81
1628593740,1730.95,97
1628593800,1730.66,89
1628593860,1730.57,89
1628593920,1730.86,94
1628593980,1730.91,108
1628594040,1730.77,95
1628594100,1730.79,94
1628594160,1730.26,138
1628594220,1730.08,121
1628594280,1729.87,128
1628594340,1730.29,116
1628594400,1730.34,139
1628594460,1729.79,146
1628594520,1729.80,149
1628594580,1729.98,95
1628594640,1729.72,91
1628594700,1729.64,128
1628594760,1729.48,150
1628594820,1729.45,113
1628594880,1729.14,133
1628594940,1728.89,120
1628595000,1728.78,95
1628595060,1728.80,97
1628595120,1728.65,112
1628595180,1729.74,167
1628595240,1729.36,112
1628595300,1729.86,115
1628595360,1730.06,113
1628595420,1729.94,117
1628595480,1729.60,107
1628595540,1729.53,98
1628595600,1729.85,63
1628595660,1730.22,112
1628595720,1729.99,80
1628595780,1730.26,100
1628595840,1730.25,131
1628595900,1730.31,84
1628595960,1730.18,55
1628596020,1730.11,59
1628596080,1730.40,113
1628596140,1730.60,69
1628596200,1730.57,79
1628596260,1730.64,75
1628596320,1730.92,89
1628596380,1731.08,64
1628596440,1731.99,193
1628596500,1731.68,155
1628596560,1732.26,137
1628596620,1732.08,122
1628596680,1732.19,179
1628596740,1732.45,78
1628596800,1732.50,208
1628596860,1732.98,170
1628596920,1732.99,152
1628596980,1733.13,140
1628597040,1732.86,137
1628597100,1732.80,129
1628597160,1732.82,121
1628597220,1732.51,121
1628597280,1732.75,95
1628597340,1731.91,153
1628597400,1732.01,114
1628597460,1731.62,143
1628597520,1732.23,155
1628597580,1732.02,151
1628597640,1732.84,138
1628597700,1732.50,196
1628597760,1732.20,173
1628597820,1732.63,166
1628597880,1732.67,145
1628597940,1732.39,143
1628598000,1732.79,361
1628598060,1731.23,321
1628598120,1731.16,252
1628598180,1730.59,256
1628598240,1730.63,245
1628598300,1729.87,173
1628598360,1729.96,218
1628598420,1730.00,233
1628598480,1730.28,139
1628598540,1729.27,190
1628598600,1729.37,255
1628598660,1729.09,246
1628598720,1728.11,242
1628598780,1729.54,244
1628598840,1728.88,217
1628598900,1729.68,310
1628598960,1730.59,214
1628599020,1729.63,191
1628599080,1729.84,223
1628599140,1729.53,163
1628599200,1728.90,184
1628599260,1729.13,152
1628599320,1728.22,199
1628599380,1727.41,295
1628599440,1726.45,280
1628599500,1727.20,306
1628599560,1727.00,215
1628599620,1727.89,264
1628599680,1728.34,203
1628599740,1728.68,186
1628599800,1727.50,212
1628599860,1727.00,190
1628599920,1727.88,216
1628599980,1728.75,160
1628600040,1728.66,195
1628600100,1729.24,182
1628600160,1728.98,160
1628600220,1728.34,151
1628600280,1728.64,168
1628600340,1727.66,202
1628600400,1729.03,343
1628600460,1728.54,321
1628600520,1729.25,289
1628600580,1729.53,303
1628600640,1729.17,270
1628600700,1728.95,271
1628600760,1728.17,258
1628600820,1728.18,215
1628600880,1727.83,268
1628600940,1727.39,293
1628601000,1727.27,230
1628601060,1726.80,272
1628601120,1726.35,255
1628601180,1727.94,271
1628601240,1727.84,194
1628601300,1726.90,259
1628601360,1727.08,153
1628601420,1727.50,191
1628601480,1728.09,130
1628601540,1727.85,206
1628601600,1727.27,162
1628601660,1727.35,152
1628601720,1727.28,179
1628601780,1727.07,135
1628601840,1726.49,140
1628601900,1725.69,215
1628601960,1726.06,226
1628602020,1725.60,227
1628602080,1725.88,147
1628602140,1725.15,198
1628602200,1726.47,306
1628602260,1727.54,249
1628602320,1727.98,283
1628602380,1726.46,324
1628602440,1726.43,306
1628602500,1725.50,324
1628602560,1725.05,349
1628602620,1726.34,362
1628602680,1722.46,364
1628602740,1721.81,391
1628602800,1721.47,364
1628602860,1722.40,327
1628602920,1723.58,244
1628602980,1723.41,287
1628603040,1725.07,317
1628603100,1722.74,323
1628603160,1722.48,289
1628603220,1722.03,318
1628603280,1721.79,336
1628603340,1721.26,300
1628603400,1723.74,319
1628603460,1722.98,248
1628603520,1723.13,299
1628603580,1723.14,243
1628603640,1723.18,274
1628603700,1722.14,256
1628603760,1723.38,268
1628603820,1723.08,296
1628603880,1722.47,214
1628603940,1721.94,295
1628604000,1722.49,274
1628604060,1723.04,264
1628604120,1721.21,281
1628604180,1720.93,292
1628604240,1720.78,303
1628604300,1720.86,223
1628604360,1721.33,298
1628604420,1722.06,184
1628604480,1721.11,277
1628604540,1722.04,197
1628604600,1721.50,290
1628604660,1720.56,341
1628604720,1718.94,398
1628604780,1717.99,363
1628604840,1718.29,320
1628604900,1720.03,368
1628604960,1719.86,300
1628605020,1718.85,285
1628605080,1719.43,315
1628605140,1719.80,251
1628605200,1721.06,307
1628605260,1722.61,370
1628605320,1722.36,386
1628605380,1722.90,288
1628605440,1723.55,295
1628605500,1723.89,280
1628605560,1724.86,314
1628605620,1724.43,277
1628605680,1723.87,246
1628605740,1723.91,224
1628605800,1724.61,253
1628605860,1724.67,266
1628605920,1724.27,307
1628605980,1723.97,272
1628606040,1723.54,292
1628606100,1724.96,247
1628606160,1725.49,206
1628606220,1723.98,226
1628606280,1724.71,228
1628606340,1724.49,225
1628606400,1724.44,193
1628606460,1724.34,182
1628606520,1724.92,180
1628606580,1725.52,183
1628606640,1727.06,278
1628606700,1726.01,241
1628606760,1726.21,186
1628606820,1726.82,204
1628606880,1725.64,189
1628606940,1725.00,255
1628607000,1726.17,233
1628607060,1725.79,226
1628607120,1726.24,208
1628607180,1726.40,199
1628607240,1725.95,207
1628607300,1726.01,231
1628607360,1726.61,175
1628607420,1726.06,190
1628607480,1725.56,145
1628607540,1726.60,154
1628607600,1726.11,264
1628607660,1726.76,186
1628607720,1727.08,259
1628607780,1728.22,181
1628607840,1727.55,202
1628607900,1728.06,206
1628607960,1727.67,171
1628608020,1727.48,205
1628608080,1727.50,149
1628608140,1727.42,117
1628608200,1727.44,159
1628608260,1727.60,159
1628608320,1727.35,166
1628608380,1727.03,117
1628608440,1727.93,112
1628608500,1728.43,127
1628608560,1727.72,148
1628608620,1727.41,129
1628608680,1727.42,158
1628608740,1728.16,157
1628608800,1728.07,100
1628608860,1727.72,112
1628608920,1728.12,125
1628608980,1727.45,135
1628609040,1727.90,178
1628609100,1727.20,131
1628609160,1727.59,106
1628609220,1727.40,108
1628609280,1727.21,128
1628609340,1727.39,102
1628609400,1726.84,130
1628609460,1726.89,155
1628609520,1726.78,112
1628609580,1726.60,195
1628609640,1726.51,206
1628609700,1727.07,116
1628609760,1727.30,127
1628609820,1727.88,115
1628609880,1728.01,154
1628609940,1728.93,166
1628610000,1728.85,180
1628610060,1728.98,181
1628610120,1729.62,151
1628610180,1730.94,243
1628610240,1730.87,232
1628610300,1730.80,226
1628610360,1730.28,154
1628610420,1731.08,160
1628610480,1731.75,202
1628610540,1731.57,103
1628610600,1731.80,188
1628610660,1731.33,183
1628610720,1731.82,187
1628610780,1732.30,141
1628610840,1732.24,141
1628610900,1732.12,175
1628610960,1732.69,170
1628611020,1731.94,134
1628611080,1731.72,120
1628611140,1731.52,133
1628611200,1730.85,163
1628611260,1730.47,194
1628611320,1730.08,147
1628611380,1730.02,200
1628611440,1729.95,123
1628611500,1729.77,143
1628611560,1729.97,150
1628611620,1730.17,104
1628611680,1729.96,76
1628611740,1730.00,71
1628611800,1729.23,123
1628611860,1729.78,95
1628611920,1729.85,91
1628611980,1729.86,106
1628612040,1730.67,136
1628612100,1730.58,65
1628612160,1730.40,116
1628612220,1731.22,120
1628612280,1731.72,137
1628612340,1732.03,105
1628612400,1731.48,190
1628612460,1731.58,110
1628612520,1732.29,89
1628612580,1731.71,68
1628612640,1732.21,78
1628612700,1731.93,121
1628612760,1732.30,58
1628612820,1732.11,94
1628612880,1731.81,99
1628612940,1731.83,84
1628613000,1731.81,126
1628613060,1730.87,80
1628613120,1730.56,100
1628613180,1730.74,94
1628613240,1730.54,58
1628613300,1730.53,53
1628613360,1730.52,77
1628613420,1730.51,43
1628613480,1730.55,47
1628613540,1730.33,84
1628613600,1729.98,108
1628613660,1730.38,91
1628613720,1730.01,91
1628613780,1729.92,63
1628613840,1729.74,152
1628613900,1729.73,93
1628613960,1729.64,54
1628614020,1729.51,103
1628614080,1729.84,91
1628614140,1729.55,87
1628614200,1729.54,82
1628614260,1729.68,41
1628614320,1729.67,69
1628614380,1729.66,76
1628614440,1729.65,85
1628614500,1729.71,48
1628614560,1730.04,83
1628614620,1729.93,108
1628614680,1729.68,95
1628614740,1729.46,108
1628614800,1729.46,104
1628614860,1729.39,67
1628614920,1729.77,141
1628614980,1729.74,111
1628615040,1729.80,86
1628615100,1729.92,89
1628615160,1729.82,93
1628615220,1730.22,62
1628615280,1730.40,67
1628615340,1730.59,58
1628615400,1730.69,48
1628615460,1730.99,83
1628615520,1730.79,57
1628615580,1730.63,111
1628615640,1730.91,108
1628615700,1730.44,100
1628615760,1730.01,164
1628615820,1730.56,112
1628615880,1730.75,65
1628615940,1731.10,116
1628616000,1730.98,154
1628616060,1730.69,150
1628616120,1730.66,106
1628616180,1730.66,64
1628616240,1731.05,151
1628616300,1731.52,130
1628616360,1731.41,108
1628616420,1731.72,123
1628616480,1731.49,134
1628616540,1730.29,280
1628616600,1730.71,153
1628616660,1730.58,83
1628616720,1730.99,53
1628616780,1731.13,57
1628616840,1731.10,57
1628616900,1730.99,20
1628616960,1730.99,44
1628617020,1730.79,49
1628617080,1730.80,44
1628617140,1730.74,74
1628617200,1730.84,81
1628617260,1730.92,83
1628617320,1730.94,36
1628617380,1731.28,48
1628617440,1731.40,69
1628617500,1731.55,51
1628617560,1731.60,72
1628617620,1731.72,77
1628617680,1731.64,72
1628617740,1731.95,85
1628617800,1731.95,142
1628617860,1731.99,83
1628617920,1731.71,82
1628617980,1731.79,45
1628618040,1731.77,52
1628618100,1731.56,51
1628618160,1731.26,53
1628618220,1731.33,60
1628618280,1731.14,44
1628618340,1731.09,72
1628618400,1730.97,92
1628618460,1731.31,75
1628618520,1731.65,78
1628618580,1732.00,96
1628618640,1731.79,80
1628618700,1731.33,88
1628618760,1731.30,69
1628618820,1731.48,37
1628618880,1731.13,69
1628618940,1731.61,64
1628619000,1731.31,42
1628619060,1731.23,30
1628619120,1731.21,45
1628619180,1731.04,71
1628619240,1730.84,64
1628619300,1730.89,64
1628619360,1730.82,60
1628619420,1730.49,74
1628619480,1730.61,108
1628619540,1730.76,65
1628619600,1730.60,104
1628619660,1730.94,47
1628619720,1730.85,71
1628619780,1730.73,42
1628619840,1730.45,42
1628619900,1730.29,77
1628619960,1730.26,51
1628620020,1730.17,40
1628620080,1730.23,61
1628620140,1730.31,80
1628620200,1730.50,73
1628620260,1730.61,73
1628620320,1730.64,52
1628620380,1730.73,26
1628620440,1730.81,65
1628620500,1730.75,55
1628620560,1730.82,40
1628620620,1730.36,58
1628620680,1730.31,79
1628620740,1730.30,58
1628620800,1730.42,58
1628620860,1730.18,53
1628620920,1730.17,59
1628620980,1730.18,43
1628621040,1730.05,54
1628621100,1729.95,61
1628621160,1730.10,104
1628621220,1730.21,68
1628621280,1730.21,29
1628621340,1730.13,40
1628621400,1730.08,59
1628621460,1730.06,57
1628621520,1730.14,47
1628621580,1730.13,57
1628621640,1730.13,34
1628621700,1730.05,64
1628621760,1730.15,64
1628621820,1730.00,82
1628621880,1730.14,64
1628621940,1730.23,139
1628622000,1729.84,107
1628622060,1729.86,32
1628622120,1729.94,63
1628622180,1730.32,78
1628622240,1730.03,62
1628622300,1729.65,64
1628622360,1729.70,65
1628622420,1729.69,64
1628622480,1729.65,70
1628622540,1729.72,86
1628622600,1729.73,56
1628622660,1729.76,30
1628622720,1729.82,31
1628622780,1729.76,30
1628622840,1729.87,38
1628622900,1729.84,60
1628622960,1729.75,50
1628623020,1729.84,23
1628623080,1729.84,49
1628623140,1729.86,38
1628623200,1729.78,57
1628623260,1730.05,40
1628623320,1729.95,23
1628623380,1729.95,19
1628623440,1729.77,55
1628623500,1729.40,94
1628623560,1729.40,80
1628623620,1729.40,73
1628623680,1729.22,65
1628623740,1729.41,74
1628623800,1728.99,93
1628623860,1728.93,145
1628623920,1729.15,52
1628623980,1728.99,40
1628624040,1728.96,48
1628624100,1728.92,51
1628624160,1728.93,37
1628624220,1728.92,70
1628624280,1728.84,63
1628624340,1728.84,70
1628624400,1728.84,39
1628624460,1728.79,44
1628624520,1728.68,53
1628624580,1728.67,31
1628624640,1728.77,83
1628624700,1728.67,80
1628624760,1728.65,74
1628624820,1728.54,59
1628624880,1728.46,50
1628624940,1728.63,94
1628625000,1728.76,54
1628625060,1728.62,42
1628625120,1728.78,33
1628625180,1728.63,29
1628625240,1728.56,71
1628625300,1728.75,123
1628625360,1728.60,64
1628625420,1728.69,43
1628625480,1729.46,100
1628625540,1729.24,120
1628625600,1729.04,60
1628625660,1728.97,60
1628625720,1729.15,57
1628625780,1729.01,39
1628625840,1728.80,49
1628625900,1728.77,33
1628625960,1728.64,33
1628626020,1728.83,14
1628626080,1728.83,11
1628626140,1728.82,6
1628626200,1728.82,28
1628626260,1728.83,30
1628626320,1728.74,52
1628626380,1728.83,42
1628626440,1728.81,16
1628626500,1729.06,66
1628626560,1728.77,21
1628626620,1728.73,14
1628626680,1728.73,38
1628626740,1728.72,21
1628626800,1728.75,29
1628626860,1728.94,31
1628626920,1728.87,20
1628626980,1728.87,24
1628627040,1728.74,23
1628627100,1728.82,22
1628627160,1728.83,15
1628627220,1728.74,12
1628627280,1728.83,16
1628627340,1728.84,10
1628627400,1728.74,21
1628627460,1728.77,29
1628627520,1728.66,25
1628627580,1728.75,21
1628627640,1728.66,27
1628627700,1728.46,45
1628627760,1728.57,26
1628627820,1728.52,12
1628627880,1728.50,13
1628627940,1728.42,31
1628628000,1728.50,27
1628628060,1728.51,25
1628628120,1728.54,22
1628628180,1728.60,21
1628628240,1728.46,32
1628628300,1728.50,24
1628628360,1728.61,7
1628628420,1728.91,17
1628628480,1728.87,31
1628628540,1728.48,58
1628628600,1728.58,69
1628628660,1728.60,62
1628628720,1728.70,31
1628628780,1728.79,25
1628628840,1728.72,31
1628628900,1728.69,48
1628628960,1728.78,19
1628632920,1729.42,20
1628632980,1729.40,10
1628633040,1729.63,30
1628633100,1729.64,36
1628633160,1729.67,42
1628633220,1729.73,33
1628633280,1729.71,14
1628633340,1729.70,7
1628633400,1729.51,51
1628633460,1729.57,27
1628633520,1729.58,25
1628633580,1729.58,9
1628633640,1729.59,14
1628633700,1729.44,22
1628633760,1729.40,9
1628633820,1729.30,19
1628633880,1729.37,7
1628633940,1729.35,9
1628634000,1729.37,3
1628634060,1729.39,11
1628634120,1729.39,2
1628634180,1729.38,1
1628634240,1729.34,4
1628634300,1729.36,6
1628634360,1729.26,5
1628634420,1729.26,2
1628634480,1729.36,12
1628634540,1729.36,14
1628634600,1729.31,21
1628634660,1729.20,14
1628634720,1729.19,12
1628634780,1729.19,2
1628634840,1729.08,8
1628634900,1728.89,35
1628634960,1729.01,19
1628635020,1729.01,4
1628635080,1729.01,2
1628635140,1728.73,21
1628635200,1728.63,28
1628635260,1728.53,26
1628635320,1728.34,38
1628635380,1728.24,17
1628635440,1728.25,28
1628635500,1728.47,42
1628635560,1728.47,24
1628635620,1728.41,8
1628635680,1728.39,11
1628635740,1728.37,21
1628635800,1728.45,36
1628635860,1728.42,29
1628635920,1728.62,28
1628635980,1728.61,3
1628636100,1728.62,5
1628636160,1728.61,3
1628636220,1728.51,8
1628636280,1728.72,8
1628636340,1728.82,3
1628636400,1728.83,32
1628636460,1728.90,29
1628636520,1728.98,8
1628636580,1728.65,28
1628636640,1728.55,20
1628636700,1728.54,11
1628636760,1728.37,21
1628636820,1728.39,12
1628636880,1728.36,26
1628636940,1728.39,24
1628637000,1728.40,23
1628637060,1728.50,2
1628637120,1728.41,10
1628637180,1728.46,26
1628637240,1728.40,14
1628637300,1728.40,9
1628637360,1728.50,6
1628637420,1728.51,8
1628637480,1728.51,4
1628637540,1728.61,20
1628637600,1728.66,5
1628637660,1728.61,5
1628637720,1728.61,6
1628637780,1728.51,13
1628637840,1728.60,3
1628637900,1728.40,21
1628637960,1728.50,6
1628638080,1728.60,11
1628638140,1728.70,2
1628638200,1728.60,7
1628638260,1728.60,2
1628638320,1728.60,25
1628638380,1728.70,2
1628638440,1728.60,5
1628638500,1728.60,7
1628638560,1728.60,4
1628638620,1728.60,5
1628638680,1728.50,10
1628638740,1728.40,9
1628638800,1728.25,20
1628638860,1728.21,29
1628638920,1728.21,2
1628638980,1727.88,63
1628639040,1727.91,45
1628639100,1728.17,72
1628639160,1728.49,78
1628639220,1728.36,32
1628639280,1728.09,24
1628639340,1728.04,22
1628639400,1727.59,62
1628639460,1727.34,61
1628639520,1727.43,29
1628639580,1727.50,46
1628639640,1727.41,38
1628639700,1727.22,33
1628639760,1727.08,60
1628639820,1727.06,64
1628639880,1726.96,44
1628639940,1726.89,30
1628640000,1726.85,86
1628640060,1726.17,145
1628640120,1725.98,102
1628640180,1725.80,87
1628640240,1725.32,93
1628640300,1725.62,145
1628640360,1725.76,157
1628640420,1725.97,95
1628640480,1725.98,51
1628640540,1726.29,59
1628640600,1726.38,57
1628640660,1726.48,16
1628640720,1726.40,34
1628640780,1726.15,43
1628640840,1726.15,30
1628640900,1725.86,43
1628640960,1726.05,74
1628641020,1725.84,55
1628641080,1725.93,49
1628641140,1725.88,66
1628641200,1726.10,65
1628641260,1726.42,56
1628641320,1726.38,49
1628641380,1726.36,54
1628641440,1726.39,45
1628641500,1726.71,55
1628641560,1726.79,40
1628641620,1727.19,88
1628641680,1727.64,97
1628641740,1727.61,47
1628641800,1727.51,61
1628641860,1727.31,61
1628641920,1727.21,30
1628641980,1727.26,32
1628642040,1727.24,31
1628642100,1727.07,33
1628642160,1727.07,42
1628642220,1727.07,20
1628642280,1727.17,30
1628642340,1727.07,30
1628642400,1727.03,29
1628642460,1726.84,39
1628642520,1727.14,39
1628642580,1727.43,52
1628642640,1727.60,48
1628642700,1727.37,75
1628642760,1727.06,71
1628642820,1726.27,97
1628642880,1726.64,84
1628642940,1726.25,72
1628643000,1726.54,64
1628643060,1726.54,35
1628643120,1726.82,32
1628643180,1726.85,34
1628643240,1726.56,75
1628643300,1726.66,86
1628643360,1726.40,74
1628643420,1726.54,81
1628643480,1726.03,63
1628643540,1726.36,65
1628643600,1726.24,308
1628643660,1725.67,280
1628643720,1725.47,227
1628643780,1725.21,218
1628643840,1724.48,252
1628643900,1724.91,256
1628643960,1725.06,145
1628644020,1725.23,153
1628644080,1725.56,150
1628644140,1725.52,82
1628644200,1726.18,121
1628644260,1725.73,156
1628644320,1725.77,146
1628644380,1726.08,147
1628644440,1726.13,126
1628644500,1726.66,110
1628644560,1727.09,163
1628644620,1727.05,65
1628644680,1727.55,116
1628644740,1727.26,161
1628644800,1727.10,117
1628644860,1727.36,92
1628644920,1727.64,120
1628644980,1727.27,74
1628645040,1727.20,78
1628645100,1727.37,107
1628645160,1727.55,58
1628645220,1727.84,108
1628645280,1728.34,144
1628645340,1728.28,106
1628645400,1728.78,145
1628645460,1728.33,169
1628645520,1728.48,93
1628645580,1728.38,100
1628645640,1728.48,84
1628645700,1728.88,147
1628645760,1729.15,86
1628645820,1729.35,87
1628645880,1729.80,120
1628645940,1729.84,51
1628646000,1729.93,86
1628646060,1730.02,85
1628646120,1730.04,105
1628646180,1729.84,125
1628646240,1729.87,135
1628646300,1729.79,195
1628646360,1729.41,134
1628646420,1729.57,131
1628646480,1729.16,181
1628646540,1729.30,125
1628646600,1729.27,99
1628646660,1729.31,135
1628646720,1729.47,141
1628646780,1729.98,57
1628646840,1730.10,62
1628646900,1730.33,119
1628646960,1730.45,115
1628647020,1730.98,101
1628647080,1730.93,110
1628647140,1730.97,55
1628647200,1730.74,107
1628647260,1730.45,99
1628647320,1730.31,124
1628647380,1730.17,115
1628647440,1730.04,105
1628647500,1730.50,135
1628647560,1731.12,101
1628647620,1730.97,118
1628647680,1731.17,104
1628647740,1731.44,92
1628647800,1731.27,117
1628647860,1731.39,111
1628647920,1731.29,90
1628647980,1731.07,104
1628648040,1731.28,128
1628648100,1731.15,128
1628648160,1731.13,58
1628648220,1731.56,67
1628648280,1731.81,51
1628648340,1731.94,46
1628648400,1732.19,74
1628648460,1732.05,95
1628648520,1732.17,115
1628648580,1732.11,101
1628648640,1731.81,175
1628648700,1731.69,171
1628648760,1731.50,94
1628648820,1731.89,75
1628648880,1731.75,45
1628648940,1731.74,60
1628649000,1731.80,159
1628649060,1732.22,115
1628649120,1732.50,102
1628649180,1732.62,124
1628649240,1732.86,164
1628649300,1732.66,195
1628649360,1733.06,131
1628649420,1732.84,110
1628649480,1733.07,161
1628649540,1732.81,159
1628649600,1732.85,131
1628649660,1732.63,76
1628649720,1732.57,59
1628649780,1732.54,73
1628649840,1732.63,62
1628649900,1732.60,83
1628649960,1732.47,109
1628650020,1732.30,130
1628650080,1732.46,77
1628650140,1732.76,59
1628650200,1732.86,50
1628650260,1733.16,48
1628650320,1733.06,100
1628650380,1733.42,118
1628650440,1733.59,159
1628650500,1733.11,103
1628650560,1733.24,91
1628650620,1733.42,88
1628650680,1733.35,121
1628650740,1733.24,120
1628650800,1733.41,154
1628650860,1733.40,150
1628650920,1733.58,139
1628650980,1733.05,164
1628651040,1733.26,156
1628651100,1733.21,158
1628651160,1733.27,54
1628651220,1733.21,122
1628651280,1733.53,137
1628651340,1733.36,129
1628651400,1733.46,118
1628651460,1733.50,118
1628651520,1734.08,193
1628651580,1734.49,111
1628651640,1734.26,96
1628651700,1733.99,151
1628651760,1733.88,130
1628651820,1733.97,105
1628651880,1734.05,118
1628651940,1733.98,67
1628652000,1733.92,91
1628652060,1733.86,73
1628652120,1733.86,57
1628652180,1734.02,50
1628652240,1734.14,51
1628652300,1734.45,110
1628652360,1734.41,99
1628652420,1734.57,141
1628652480,1734.69,181
1628652540,1734.34,160
1628652600,1734.71,63
1628652660,1734.65,96
1628652720,1734.67,45
1628652780,1734.72,31
1628652840,1734.82,80
1628652900,1734.87,77
1628652960,1734.75,78
1628653020,1734.68,88
1628653080,1735.00,85
1628653140,1734.97,43
1628653200,1735.14,82
1628653260,1734.84,102
1628653320,1734.66,92
1628653380,1734.22,128
1628653440,1734.01,98
1628653500,1734.52,114
1628653560,1734.91,87
1628653620,1734.83,71
1628653680,1734.93,52
1628653740,1734.42,72
1628653800,1734.90,104
1628653860,1734.40,77
1628653920,1734.54,131
1628653980,1734.47,106
1628654040,1734.35,71
1628654100,1733.86,112
1628654160,1733.88,102
1628654220,1733.99,106
1628654280,1733.87,99
1628654340,1733.88,100
1628654400,1733.69,133
1628654460,1733.83,137
1628654520,1733.67,72
1628654580,1733.53,71
1628654640,1733.49,39
1628654700,1733.61,56
1628654760,1733.55,110
1628654820,1733.46,85
1628654880,1733.37,79
1628654940,1733.71,76
1628655000,1733.61,86
1628655060,1733.60,52
1628655120,1734.06,54
1628655180,1734.23,106
1628655240,1734.15,68
1628655300,1733.98,78
1628655360,1734.03,79
1628655420,1734.11,90
1628655480,1734.58,121
1628655540,1734.49,82
1628655600,1734.36,102
1628655660,1734.30,63
1628655720,1734.40,84
1628655780,1734.15,96
1628655840,1734.26,86
1628655900,1734.46,71
1628655960,1734.54,57
1628656020,1734.50,54
1628656080,1734.37,65
1628656140,1734.49,64
1628656200,1733.94,112
1628656260,1733.45,98
1628656320,1733.44,80
1628656380,1733.51,130
1628656440,1733.22,129
1628656500,1733.22,106
1628656560,1733.08,110
1628656620,1733.12,65
1628656680,1733.06,99
1628656740,1732.91,55
1628656800,1733.08,34
1628656860,1733.15,45
1628656920,1733.12,19
1628656980,1733.19,4
1628657040,1733.06,70
1628657100,1732.82,102
1628657160,1732.54,83
1628657220,1732.59,57
1628657280,1732.37,81
1628657340,1732.40,76
1628657400,1732.10,98
1628657460,1731.98,71
1628657520,1732.47,184
1628657580,1733.02,110
1628657640,1732.86,65
1628657700,1732.91,38
1628657760,1732.50,56
1628657820,1732.48,56
1628657880,1732.32,53
1628657940,1732.62,78
1628658000,1732.56,71
1628658060,1732.63,51
1628658120,1732.63,53
1628658180,1732.74,61
1628658240,1732.68,69
1628658300,1732.39,82
1628658360,1732.48,77
1628658420,1732.52,79
1628658480,1732.61,61
1628658540,1732.34,85
1628658600,1732.37,51
1628658660,1732.50,16
1628658720,1732.27,27
1628658780,1731.86,74
1628658840,1732.02,73
1628658900,1732.98,128
1628658960,1732.88,46
1628659020,1732.52,60
1628659080,1732.73,56
1628659140,1732.10,80
1628659200,1732.20,87
1628659260,1732.93,107
1628659320,1733.45,89
1628659380,1733.42,86
1628659440,1733.44,42
1628659500,1733.44,68
1628659560,1733.12,68
1628659620,1733.01,101
1628659680,1733.11,44
1628659740,1733.19,66
1628659800,1732.92,164
1628659860,1733.87,138
1628659920,1733.18,202
1628659980,1733.43,148
1628660040,1733.59,98
1628660100,1733.45,109
1628660160,1733.02,100
1628660220,1732.58,166
1628660280,1732.72,171
1628660340,1732.45,134
1628660400,1732.74,178
1628660460,1732.86,117
1628660520,1732.56,100
1628660580,1732.82,50
1628660640,1732.95,77
1628660700,1732.94,79
1628660760,1733.03,71
1628660820,1733.09,46
1628660880,1733.28,57
1628660940,1733.49,58
1628661000,1733.48,49
1628661060,1733.74,123
1628661120,1733.73,50
1628661180,1733.79,23
1628661240,1733.76,103
1628661300,1733.86,65
1628661360,1733.79,71
1628661420,1733.88,50
1628661480,1733.82,31
1628661540,1734.30,100
1628661600,1733.75,168
1628661660,1734.45,153
1628661720,1734.39,111
1628661780,1734.41,153
1628661840,1733.29,171
1628661900,1732.73,180
1628661960,1732.35,174
1628662020,1732.34,125
1628662080,1731.79,146
1628662140,1731.96,155
1628662200,1732.03,207
1628662260,1732.40,170
1628662320,1732.59,114
1628662380,1731.98,132
1628662440,1731.92,76
1628662500,1732.19,111
1628662560,1732.31,61
1628662620,1732.51,66
1628662680,1732.77,190
1628662740,1732.72,118
1628662800,1732.75,178
1628662860,1732.48,193
1628662920,1732.71,128
1628662980,1732.28,98
1628663040,1731.85,102
1628663100,1732.01,93
1628663160,1732.05,109
1628663220,1731.68,158
1628663280,1731.46,188
1628663340,1730.08,156
1628663400,1730.45,162
1628663460,1731.39,197
1628663520,1731.20,172
1628663580,1731.06,173
1628663640,1731.11,121
1628663700,1731.25,113
1628663760,1730.58,131
1628663820,1730.85,99
1628663880,1730.63,86
1628663940,1730.54,127
1628664000,1731.18,113
1628664060,1731.15,42
1628664120,1730.85,64
1628664180,1731.24,72
1628664240,1730.82,77
1628664300,1731.27,101
1628664360,1731.74,160
1628664420,1732.07,136
1628664480,1732.29,93
1628664540,1732.39,81
1628664600,1732.51,108
1628664660,1732.56,107
1628664720,1732.30,163
1628664780,1732.35,139
1628664840,1731.81,154
1628664900,1732.22,95
1628664960,1731.91,137
1628665020,1732.06,121
1628665080,1732.20,102
1628665140,1732.11,126
1628665200,1730.85,220
1628665260,1730.19,238
1628665320,1729.39,191
1628665380,1730.74,192
1628665440,1730.97,174
1628665500,1731.04,162
1628665560,1731.14,113
1628665620,1731.28,179
1628665680,1731.07,243
1628665740,1730.75,193
1628665800,1731.05,98
1628665860,1731.92,138
1628665920,1731.71,107
1628665980,1731.26,125
1628666040,1731.70,127
1628666100,1731.57,133
1628666160,1731.85,111
1628666220,1731.55,87
1628666280,1731.84,114
1628666340,1731.48,129
1628666400,1731.65,92
1628666460,1731.43,81
1628666520,1731.32,131
1628666580,1730.86,108
1628666640,1730.12,212
1628666700,1729.91,208
1628666760,1730.04,199
1628666820,1730.45,227
1628666880,1731.02,161
1628666940,1731.22,151
1628667000,1731.11,187
1628667060,1732.26,141
1628667120,1732.44,176
1628667180,1732.42,139
1628667240,1733.16,177
1628667300,1733.12,181
1628667360,1732.93,133
1628667420,1732.94,107
1628667480,1732.86,113
1628667540,1732.35,130
1628667600,1732.23,135
1628667660,1732.21,171
1628667720,1732.19,147
1628667780,1732.92,143
1628667840,1732.61,138
1628667900,1732.81,133
1628667960,1732.84,183
1628668020,1732.82,81
1628668080,1732.71,54
1628668140,1732.42,105
1628668200,1732.96,99
1628668260,1733.39,178
1628668320,1733.18,133
1628668380,1732.97,80
1628668440,1733.18,115
1628668500,1732.92,142
1628668560,1732.63,55
1628668620,1732.97,89
1628668680,1732.91,85
1628668740,1732.72,85
1628668800,1732.59,80
1628668860,1732.65,105
1628668920,1732.67,81
1628668980,1732.67,101
1628669040,1732.98,120
1628669100,1732.72,117
1628669160,1732.37,75
1628669220,1732.22,92
1628669280,1732.21,71
1628669340,1732.29,70
1628669400,1732.29,69
1628669460,1731.96,75
1628669520,1732.07,46
1628669580,1731.86,92
1628669640,1732.15,60
1628669700,1731.87,80
1628669760,1732.44,87
1628669820,1732.24,66
1628669880,1731.57,123
1628669940,1731.43,127
1628670000,1731.58,88
1628670060,1731.39,58
1628670120,1731.16,143
1628670180,1731.85,109
1628670240,1732.05,86
1628670300,1732.34,123
1628670360,1732.14,91
1628670420,1732.21,99
1628670480,1731.83,100
1628670540,1731.93,60
1628670600,1731.91,139
1628670660,1731.77,118
1628670720,1732.03,103
1628670780,1732.48,144
1628670840,1732.47,131
1628670900,1732.46,150
1628670960,1732.76,107
1628671020,1733.10,56
1628671080,1733.12,58
1628671140,1732.81,120
1628671200,1732.56,112
1628671260,1732.84,81
1628671320,1732.90,76
1628671380,1732.62,86
1628671440,1732.51,114
1628671500,1732.71,60
1628671560,1732.48,77
1628671620,1732.91,66
1628671680,1733.01,47
1628671740,1733.16,49
1628671800,1733.25,53
1628671860,1733.15,84
1628671920,1733.66,69
1628671980,1733.47,66
1628672040,1733.15,108
1628672100,1733.58,79
1628672160,1733.27,104
1628672220,1733.49,68
1628672280,1733.27,94
1628672340,1733.19,95
1628672400,1733.39,106
1628672460,1733.98,139
1628672520,1733.80,121
1628672580,1733.94,141
1628672640,1732.96,199
1628672700,1732.89,105
1628672760,1733.29,107
1628672820,1732.89,114
1628672880,1732.85,115
1628672940,1732.87,161
1628673000,1732.72,141
1628673060,1733.07,127
1628673120,1733.10,80
1628673180,1733.22,95
1628673240,1733.32,53
1628673300,1732.54,115
1628673360,1732.83,79
1628673420,1732.77,109
1628673480,1733.18,157
1628673540,1733.10,51
1628673600,1733.19,104
1628673660,1733.33,91
1628673720,1733.16,71
1628673780,1734.24,239
1628673840,1733.96,107
1628673900,1733.58,71
1628673960,1733.39,65
1628674020,1733.61,55
1628674080,1733.61,85
1628674140,1733.43,93
1628674200,1733.90,59
1628674260,1733.73,105
1628674320,1733.52,85
1628674380,1733.37,85
1628674440,1732.97,110
1628674500,1733.15,79
1628674560,1732.85,78
1628674620,1732.95,64
1628674680,1733.22,59
1628674740,1733.32,97
1628674800,1733.68,126
1628674860,1733.76,98
1628674920,1733.84,64
1628674980,1733.55,62
1628675040,1733.44,76
1628675100,1733.67,68
1628675160,1734.08,64
1628675220,1734.06,74
1628675280,1733.57,70
1628675340,1733.55,65
1628675400,1733.54,50
1628675460,1733.52,39
1628675520,1733.06,97
1628675580,1732.88,70
1628675640,1733.15,84
1628675700,1733.14,101
1628675760,1733.06,109
1628675820,1732.97,70
1628675880,1733.39,74
1628675940,1733.42,42
1628676000,1733.69,113
1628676060,1733.55,47
1628676120,1733.56,39
1628676180,1733.46,32
1628676240,1733.66,47
1628676300,1733.97,32
1628676360,1733.90,75
1628676420,1734.00,36
1628676480,1734.06,69
1628676540,1733.79,87
1628676600,1733.89,100
1628676660,1733.77,84
1628676720,1733.87,77
1628676780,1733.88,135
1628676840,1733.85,125
1628676900,1733.98,79
1628676960,1734.18,195
1628677020,1735.02,130
1628677080,1735.22,136
1628677140,1734.90,161
1628677200,1734.97,163
1628677260,1735.14,121
1628677320,1735.46,141
1628677380,1735.51,117
1628677440,1735.16,145
1628677500,1735.11,100
1628677560,1735.14,190
1628677620,1735.65,96
1628677680,1736.00,97
1628677740,1736.06,128
1628677800,1735.63,105
1628677860,1735.23,64
1628677920,1735.41,51
1628677980,1735.59,64
1628678040,1735.40,75
1628678100,1735.48,77
1628678160,1736.29,158
1628678220,1736.16,108
1628678280,1736.00,91
1628678340,1736.03,88
1628678400,1735.97,92
1628678460,1736.08,131
1628678520,1736.22,146
1628678580,1736.22,85
1628678640,1736.15,143
1628678700,1736.05,59
1628678760,1736.05,66
1628678820,1735.88,67
1628678880,1735.87,39
1628678940,1736.14,82
1628679000,1736.43,122
1628679060,1736.23,119
1628679120,1736.02,100
1628679180,1736.40,84
1628679240,1736.74,116
1628679300,1736.47,142
1628679360,1736.89,130
1628679420,1737.58,178
1628679480,1738.07,168
1628679540,1737.59,154
1628679600,1737.03,144
1628679660,1737.02,134
1628679720,1737.23,77
1628679780,1737.35,77
1628679840,1737.17,90
1628679900,1737.37,118
1628679960,1736.97,110
1628680020,1736.82,90
1628680080,1736.99,86
1628680140,1737.07,103
1628680200,1737.05,90
1628680260,1737.06,85
1628680320,1737.01,71
1628680380,1736.98,76
1628680440,1736.88,44
1628680500,1736.98,52
1628680560,1737.56,103
1628680620,1737.30,83
1628680680,1737.07,87
1628680740,1736.81,65
1628680800,1736.78,78
1628680860,1737.16,63
1628680920,1737.20,80
1628680980,1737.26,79
1628681040,1737.36,85
1628681100,1737.25,73
1628681160,1737.45,100
1628681220,1737.49,86
1628681280,1737.53,43
1628681340,1737.28,65
1628681400,1736.88,75
1628681460,1736.68,83
1628681520,1736.80,102
1628681580,1736.70,110
1628681640,1736.71,108
1628681700,1737.65,237
1628681760,1737.54,92
1628681820,1737.80,84
1628681880,1738.26,113
1628681940,1737.89,86
1628682000,1737.64,75
1628682060,1737.69,77
1628682120,1737.84,81
1628682180,1737.87,76
1628682240,1737.94,73
1628682300,1738.25,87
1628682360,1738.14,89
1628682420,1738.29,66
1628682480,1738.33,91
1628682540,1738.12,122
1628682600,1738.08,120
1628682660,1738.08,107
1628682720,1738.19,78
1628682780,1737.88,90
1628682840,1737.89,44
1628682900,1737.63,70
1628682960,1737.80,78
1628683020,1737.73,75
1628683080,1737.70,96
1628683140,1737.65,98
1628683200,1737.92,110
1628683260,1738.40,123
1628683320,1738.79,178
1628683380,1739.06,190
1628683440,1739.88,245
1628683500,1739.96,275
1628683560,1739.52,219
1628683620,1739.56,161
1628683680,1739.26,92
1628683740,1738.66,162
1628683800,1738.40,183
1628683860,1738.27,232
1628683920,1737.27,215
1628683980,1737.92,197
1628684040,1738.82,249
1628684100,1738.54,220
1628684160,1738.68,155
1628684220,1738.69,184
1628684280,1739.00,186
1628684340,1738.40,243
1628684400,1736.33,324
1628684460,1735.05,286
1628684520,1735.82,270
1628684580,1735.57,198
1628684640,1735.52,239
1628684700,1736.03,229
1628684760,1736.28,210
1628684820,1735.66,220
1628684880,1735.91,191
1628684940,1736.07,235
1628685000,1738.53,429
1628685060,1740.00,498
1628685120,1737.51,474
1628685180,1735.68,486
1628685240,1738.94,423
1628685300,1744.35,489
1628685360,1745.11,471
1628685420,1744.30,446
1628685480,1743.86,399
1628685540,1744.64,455
1628685600,1744.47,458
1628685660,1745.25,385
1628685720,1744.96,403
1628685780,1745.38,369
1628685840,1745.52,398
1628685900,1746.15,397
1628685960,1745.44,377
1628686020,1745.99,325
1628686080,1747.08,365
1628686140,1746.46,336
1628686200,1746.78,360
1628686260,1744.03,397
1628686320,1742.08,426
1628686380,1741.85,382
1628686440,1740.28,381
1628686500,1742.63,372
1628686560,1744.25,348
1628686620,1744.48,305
1628686680,1744.37,322
1628686740,1744.81,324
1628686800,1742.56,410
1628686860,1742.98,365
1628686920,1742.88,328
1628686980,1743.37,346
1628687040,1742.69,326
1628687100,1739.00,420
1628687160,1738.97,399
1628687220,1739.22,388
1628687280,1740.73,356
1628687340,1740.88,272
1628687400,1739.76,292
1628687460,1741.06,338
1628687520,1741.72,346
1628687580,1741.27,321
1628687640,1741.26,288
1628687700,1741.81,340
1628687760,1742.58,300
1628687820,1742.58,290
1628687880,1741.67,290
1628687940,1743.23,378
1628688000,1743.26,326
1628688060,1743.51,313
1628688120,1744.68,282
1628688180,1743.64,309
1628688240,1742.97,294
1628688300,1743.89,259
1628688360,1743.46,185
1628688420,1744.27,247
1628688480,1744.28,215
1628688540,1744.07,274
1628688600,1745.30,383
1628688660,1745.53,427
1628688720,1744.28,359
1628688780,1746.35,380
1628688840,1745.32,395
1628688900,1744.64,333
1628688960,1744.91,347
1628689020,1745.41,351
1628689080,1744.33,289
1628689140,1744.59,332
1628689200,1745.49,328
1628689260,1744.04,324
1628689320,1740.58,389
1628689380,1741.02,377
1628689440,1742.20,320
1628689500,1740.18,359
1628689560,1739.40,385
1628689620,1742.02,360
1628689680,1740.48,317
1628689740,1739.19,372
1628689800,1739.39,381
1628689860,1739.76,342
1628689920,1739.76,346
1628689980,1740.84,319
1628690040,1740.61,300
1628690100,1740.13,268
1628690160,1740.63,262
1628690220,1740.05,284
1628690280,1740.65,242
1628690340,1740.05,312
1628690400,1741.16,363
1628690460,1741.72,287
1628690520,1742.88,307
1628690580,1742.78,299
1628690640,1742.81,292
1628690700,1742.80,295
1628690760,1742.49,266
1628690820,1742.53,273
1628690880,1742.48,267
1628690940,1743.54,240
1628691000,1743.33,290
1628691060,1743.23,247
1628691120,1743.01,299
1628691180,1741.99,274
1628691240,1742.31,275
1628691300,1743.07,238
1628691360,1744.17,278
1628691420,1743.91,227
1628691480,1743.56,251
1628691540,1743.86,263
1628691600,1744.36,264
1628691660,1744.29,270
1628691720,1742.37,345
1628691780,1742.86,272
1628691840,1742.97,234
1628691900,1742.76,174
1628691960,1743.44,197
1628692020,1743.19,204
1628692080,1743.14,206
1628692140,1743.08,225
1628692200,1742.44,219
1628692260,1741.90,239
1628692320,1742.29,223
1628692380,1742.64,203
1628692440,1742.71,182
1628692500,1743.07,199
1628692560,1743.03,207
1628692620,1743.62,202
1628692680,1743.38,214
1628692740,1743.21,208
1628692800,1744.10,262
1628692860,1744.36,237
1628692920,1743.85,253
1628692980,1743.94,193
1628693040,1743.51,207
1628693100,1744.32,218
1628693160,1744.77,266
1628693220,1744.74,255
1628693280,1744.61,245
1628693340,1745.31,257
1628693400,1745.33,222
1628693460,1745.02,237
1628693520,1745.30,218
1628693580,1745.35,218
1628693640,1745.62,193
1628693700,1745.51,195
1628693760,1745.78,163
1628693820,1745.47,203
1628693880,1745.46,260
1628693940,1745.88,225
1628694000,1746.05,224
1628694060,1746.58,205
1628694120,1746.87,236
1628694180,1746.47,123
1628694240,1746.46,133
1628694300,1747.01,130
1628694360,1747.50,120
1628694420,1747.49,230
1628694480,1748.07,243
1628694540,1748.53,205
1628694600,1749.48,232
1628694660,1749.56,257
1628694720,1748.97,201
1628694780,1749.27,165
1628694840,1749.22,162
1628694900,1749.04,188
1628694960,1748.48,126
1628695020,1747.82,119
1628695080,1747.76,157
1628695140,1748.02,159
1628695200,1747.74,157
1628695260,1747.73,210
1628695320,1748.15,120
1628695380,1748.48,184
1628695440,1748.66,228
1628695500,1748.52,171
1628695560,1748.26,160
1628695620,1748.25,118
1628695680,1748.89,156
1628695740,1749.33,146
1628695800,1749.17,176
1628695860,1749.03,179
1628695920,1749.46,132
1628695980,1749.38,147
1628696040,1749.76,160
1628696100,1749.76,123
1628696160,1749.71,132
1628696220,1748.90,157
1628696280,1749.16,105
1628696340,1749.34,117
1628696400,1749.34,99
1628696460,1749.16,98
1628696520,1749.75,143
1628696580,1749.94,150
1628696640,1749.86,174
1628696700,1749.79,116
1628696760,1750.17,142
1628696820,1750.27,177
1628696880,1750.35,168
1628696940,1750.68,131
1628697000,1750.84,138
1628697060,1751.02,122
1628697120,1751.17,187
1628697180,1751.53,160
1628697240,1751.71,148
1628697300,1752.03,199
1628697360,1751.81,137
1628697420,1751.10,199
1628697480,1751.40,91
1628697540,1751.64,107
1628697600,1751.26,117
1628697660,1750.55,112
1628697720,1750.08,191
1628697780,1750.36,162
1628697840,1749.69,125
1628697900,1749.11,153
1628697960,1749.11,108
1628698020,1748.60,112
1628698080,1748.23,151
1628698140,1748.24,152
1628698200,1748.07,78
1628698260,1748.15,158
1628698320,1747.96,97
1628698380,1747.85,113
1628698440,1748.04,101
1628698500,1748.07,74
1628698560,1748.40,110
1628698620,1748.76,114
1628698680,1748.80,120
1628698740,1748.56,149
1628698800,1748.70,139
1628698860,1748.71,139
1628698920,1748.91,155
1628698980,1748.74,140
1628699040,1748.42,114
1628699100,1748.54,87
1628699160,1748.40,98
1628699220,1748.22,80
1628699280,1748.32,92
1628699340,1748.52,114
1628699400,1748.86,134
1628699460,1748.70,130
1628699520,1748.84,97
1628699580,1748.78,103
1628699640,1748.59,126
1628699700,1748.88,149
1628699760,1748.80,105
1628699820,1748.59,129
1628699880,1748.51,141
1628699940,1748.34,98
1628700000,1749.09,166
1628700060,1749.26,152
1628700120,1749.57,170
1628700180,1749.58,161
1628700240,1749.83,137
1628700300,1749.87,139
1628700360,1749.83,145
1628700420,1749.87,102
1628700480,1750.31,106
1628700540,1750.23,86
1628700600,1750.11,70
1628700660,1750.16,49
1628700720,1750.10,80
1628700780,1750.01,107
1628700840,1750.13,104
1628700900,1750.49,127
1628700960,1750.12,93
1628701020,1749.80,80
1628701080,1749.55,86
1628701140,1749.87,94
1628701200,1749.97,122
1628701260,1749.03,99
1628701320,1751.80,358
1628701380,1753.10,427
1628701440,1752.56,316
1628701500,1751.50,391
1628701560,1751.43,315
1628701620,1751.37,261
1628701680,1752.64,262
1628701740,1752.40,299
1628701800,1753.54,292
1628701860,1753.38,331
1628701920,1752.85,270
1628701980,1752.29,278
1628702040,1752.08,248
1628702100,1751.38,288
1628702160,1751.39,242
1628702220,1751.30,180
1628702280,1751.28,256
1628702340,1751.26,212
1628702400,1751.84,244
1628702460,1751.89,180
1628702520,1752.29,241
1628702580,1751.96,189
1628702640,1752.20,220
1628702700,1752.37,237
1628702760,1752.26,209
1628702820,1751.69,225
1628702880,1752.02,217
1628702940,1751.49,345
1628703000,1751.37,196
1628703060,1751.83,159
1628703120,1751.76,162
1628703180,1752.40,220
1628703240,1752.01,184
1628703300,1752.07,145
1628703360,1752.22,179
1628703420,1751.66,186
1628703480,1751.71,143
1628703540,1751.75,142
1628703600,1752.06,199
1628703660,1751.87,138
1628703720,1751.38,124
1628703780,1751.20,139
1628703840,1751.69,163
1628703900,1751.66,192
1628703960,1751.94,166
1628704020,1751.90,149
1628704080,1752.14,127
1628704140,1752.09,159
1628704200,1752.17,154
1628704260,1752.09,163
1628704320,1752.18,173
1628704380,1752.33,123
1628704440,1752.65,197
1628704500,1752.88,136
1628704560,1752.62,157
1628704620,1752.55,73
1628704680,1752.43,122
1628704740,1752.75,172
1628704800,1752.00,146
1628704860,1752.43,132
1628704920,1752.22,121
1628704980,1752.20,105
1628705040,1751.95,106
1628705100,1752.50,129
1628705160,1752.99,152
1628705220,1752.50,74
1628705280,1752.60,98
1628705340,1752.84,90
1628705400,1752.88,120
1628705460,1752.87,95
1628705520,1752.78,64
1628705580,1752.72,78
1628705640,1752.56,123
1628705700,1752.81,117
1628705760,1752.97,75
1628705820,1752.48,108
1628705880,1752.20,109
1628705940,1752.21,118
1628706000,1752.59,129
1628706060,1752.66,153
1628706120,1752.75,174
1628706180,1752.79,127
1628706240,1752.82,102
1628706300,1752.91,49
1628706360,1753.01,65
1628706420,1752.90,82
1628706480,1753.27,96
1628706540,1753.33,107
1628706600,1753.96,110
1628706660,1753.88,167
1628706720,1753.58,118
1628706780,1753.29,58
1628706840,1753.29,73
1628706900,1753.10,60
1628706960,1753.01,77
1628707020,1753.11,57
1628707080,1753.03,51
1628707140,1752.84,57
1628707200,1753.20,91
1628707260,1753.28,77
1628707320,1753.38,108
1628707380,1753.51,47
1628707440,1753.27,71
1628707500,1753.27,44
1628707560,1753.33,68
1628707620,1753.45,74
1628707680,1753.05,102
1628707740,1752.89,77
1628707800,1752.88,78
1628707860,1752.50,123
1628707920,1752.47,126
1628707980,1752.55,75
1628708040,1752.38,112
1628708100,1752.13,95
1628708160,1751.90,146
1628708220,1751.68,122
1628708280,1751.58,159
1628708340,1751.49,202
1628708400,1751.39,177
1628708460,1751.33,123
1628708520,1751.34,96
1628708580,1751.45,110
1628708640,1751.55,70
1628708700,1751.63,103
1628708760,1751.64,80
1628708820,1751.64,66
1628708880,1751.67,95
1628708940,1751.83,87
1628709000,1751.94,117
1628709060,1751.95,115
1628709120,1752.08,81
1628709180,1752.14,97
1628709240,1752.29,58
1628709300,1752.09,30
1628709360,1751.79,75
1628709420,1751.89,88
1628709480,1751.67,63
1628709540,1751.53,88
1628709600,1751.57,104
1628709660,1751.38,77
1628709720,1751.29,86
1628709780,1751.29,53
1628709840,1751.76,120
1628709900,1752.06,126
1628709960,1751.76,103
1628710020,1751.57,87
1628710080,1751.57,68
1628710140,1751.56,99
1628710200,1751.66,94
1628710260,1751.67,129
1628710320,1751.65,56
1628710380,1751.47,74
1628710440,1751.57,107
1628710500,1751.38,69
1628710560,1751.47,36
1628710620,1751.48,34
1628710680,1751.29,35
1628710740,1751.38,97
1628710800,1751.39,56
1628710860,1751.66,56
1628710920,1751.66,94
1628710980,1751.58,63
1628711040,1751.82,94
1628711100,1751.86,100
1628711160,1751.95,62
1628711220,1752.31,117
1628711280,1752.59,119
1628711340,1752.22,47
1628711400,1752.12,84
1628711460,1752.04,55
1628711520,1752.13,55
1628711580,1752.04,56
1628711640,1752.08,88
1628711700,1752.13,97
1628711760,1752.32,93
1628711820,1752.63,98
1628711880,1752.85,166
1628711940,1752.85,194
1628712000,1752.65,143
1628712060,1752.62,119
1628712120,1752.93,45
1628712180,1752.42,56
1628712240,1752.67,59
1628712300,1752.49,21
1628712360,1752.51,29
1628712420,1752.40,21
1628712480,1752.46,8
1628712540,1752.57,21
1628712600,1752.56,25
1628712660,1752.40,18
1628712720,1752.19,23
1628712780,1752.27,18
1628712840,1752.27,11
1628712900,1752.18,31
1628712960,1752.13,20
1628713020,1751.90,41
1628713080,1752.11,26
1628713140,1752.40,31
1628713200,1752.26,24
1628713260,1752.35,36
1628713320,1752.36,18
1628713380,1752.16,26
1628713440,1752.00,39
1628713500,1752.00,37
1628713560,1752.03,37
1628713620,1752.20,24
1628713680,1752.01,16
1628713740,1752.02,36
1628713800,1752.23,23
1628713860,1752.21,16
1628713920,1752.22,21
1628713980,1752.32,26
1628714040,1752.40,26
1628714100,1752.50,22
1628714160,1752.40,19
1628714220,1752.41,23
1628714280,1752.39,20
1628714340,1752.39,12
1628714400,1752.39,26
1628714460,1752.39,14
1628714520,1752.49,6
1628714580,1752.49,17
1628714640,1752.57,27
1628714700,1752.28,27
1628714760,1752.21,13
1628714820,1751.90,27
1628714880,1751.88,25
1628714940,1751.59,55
1628715000,1751.59,57
1628715060,1751.58,16
1628715120,1751.75,40
1628715180,1751.69,28
1628715240,1751.52,37
1628715300,1751.40,11
1628715360,1751.40,11
1628719320,1751.56,60
1628719380,1751.59,47
1628719440,1751.33,29
1628719500,1751.41,30
1628719560,1751.73,32
1628719620,1751.63,42
1628719680,1751.44,20
1628719740,1751.53,15
1628719800,1751.44,20
1628719860,1751.50,24
1628719920,1751.39,23
1628719980,1751.28,30
1628720040,1751.12,29
1628720100,1751.23,40
1628720160,1751.22,19
1628720220,1751.22,22
1628720280,1751.23,14
1628720340,1751.40,26
1628720400,1751.40,10
1628720460,1751.49,18
1628720520,1751.35,18
1628720580,1751.45,25
1628720640,1751.43,11
1628720700,1751.42,15
1628720760,1751.42,14
1628720820,1751.37,19
1628720880,1751.25,23
1628720940,1751.19,19
1628721000,1751.09,19
1628721060,1750.79,29
1628721120,1750.79,39
1628721180,1750.69,8
1628721240,1750.77,14
1628721300,1750.86,11
1628721360,1750.86,5
1628721420,1750.86,4
1628721480,1750.95,9
1628721540,1750.85,13
1628721600,1750.93,13
1628721660,1751.02,12
1628721720,1750.84,33
1628721780,1750.92,22
1628721840,1751.02,15
1628721900,1750.98,9
1628721960,1750.94,15
1628722020,1750.85,10
1628722080,1750.84,7
1628722140,1750.76,9
1628722200,1750.94,18
1628722260,1750.94,4
1628722380,1750.94,5
1628722440,1750.93,12
1628722500,1750.93,10
1628722560,1750.93,11
1628722620,1751.03,8
1628722680,1750.93,6
1628722740,1750.93,6
1628722800,1751.30,48
1628722860,1751.48,34
1628722920,1751.33,38
1628722980,1751.33,20
1628723040,1751.22,32
1628723100,1751.31,15
1628723160,1751.21,13
1628723220,1751.30,10
1628723280,1751.45,16
1628723340,1751.41,20
1628723400,1751.45,29
1628723460,1751.45,10
1628723520,1751.21,26
1628723580,1751.14,19
1628723640,1751.14,15
1628723700,1751.32,34
1628723760,1751.25,25
1628723820,1751.34,44
1628723880,1751.31,33
1628723940,1751.29,17
1628724000,1751.32,13
1628724060,1751.30,16
1628724120,1751.29,24
1628724180,1751.32,13
1628724240,1751.27,27
1628724300,1751.24,30
1628724360,1751.42,25
1628724420,1751.44,12
1628724480,1751.34,11
1628724540,1751.33,14
1628724600,1751.28,39
1628724660,1751.23,27
1628724720,1751.25,33
1628724780,1751.36,15
1628724840,1751.24,29
1628724900,1751.41,24
1628724960,1751.71,69
1628725020,1751.98,47
1628725080,1751.88,41
1628725140,1751.84,61
1628725200,1751.90,16
1628725260,1751.79,24
1628725320,1751.96,31
1628725380,1752.03,35
1628725440,1751.81,29
1628725500,1751.58,62
1628725560,1751.63,47
1628725620,1751.66,49
1628725680,1751.74,51
1628725740,1751.77,27
1628725800,1751.69,43
1628725860,1751.64,59
1628725920,1751.35,58
1628725980,1751.13,86
1628726040,1751.18,43
1628726100,1751.55,52
1628726160,1752.09,44
1628726220,1752.41,52
1628726280,1752.34,54
1628726340,1752.35,47
1628726400,1752.07,90
1628726460,1752.03,69
1628726520,1752.02,102
1628726580,1751.62,60
1628726640,1751.91,67
1628726700,1752.30,84
1628726760,1752.00,59
1628726820,1752.21,77
1628726880,1752.29,52
1628726940,1752.12,91
1628727000,1752.78,59
1628727060,1752.50,66
1628727120,1752.21,49
1628727180,1752.32,54
1628727240,1752.87,80
1628727300,1752.99,84
1628727360,1752.91,71
1628727420,1752.92,75
1628727480,1752.70,58
1628727540,1752.82,56
1628727600,1753.11,40
1628727660,1752.82,46
1628727720,1752.64,39
1628727780,1752.74,49
1628727840,1752.55,35
1628727900,1752.46,46
1628727960,1752.59,32
1628728020,1752.83,52
1628728080,1752.78,60
1628728140,1752.56,30
1628728200,1752.76,44
1628728260,1753.21,53
1628728320,1753.34,55
1628728380,1753.62,79
1628728440,1753.32,75
1628728500,1752.42,106
1628728560,1752.60,51
1628728620,1752.40,48
1628728680,1752.51,15
1628728740,1752.32,44
1628728800,1752.40,43
1628728860,1752.49,32
1628728920,1752.30,58
1628728980,1752.35,60
1628729040,1752.12,64
1628729100,1752.32,34
1628729160,1752.02,55
1628729220,1751.42,78
1628729280,1751.31,42
1628729340,1751.83,62
1628729400,1751.97,74
1628729460,1751.77,62
1628729520,1751.48,50
1628729580,1751.75,50
1628729640,1751.78,63
1628729700,1752.07,108
1628729760,1752.00,54
1628729820,1751.72,51
1628729880,1751.56,44
1628729940,1751.26,56
1628730000,1751.36,251
1628730060,1750.37,193
1628730120,1750.47,188
1628730180,1750.38,143
1628730240,1750.41,165
1628730300,1749.97,184
1628730360,1749.52,123
1628730420,1749.48,179
1628730480,1749.30,100
1628730540,1749.36,139
1628730600,1749.63,142
1628730660,1749.47,59
1628730720,1749.44,134
1628730780,1749.75,100
1628730840,1749.29,110
1628730900,1749.51,99
1628730960,1750.04,98
1628731020,1749.80,70
1628731080,1749.54,79
1628731140,1749.81,72
1628731200,1749.94,111
1628731260,1750.23,73
1628731320,1750.18,93
1628731380,1750.50,108
1628731440,1750.38,83
1628731500,1750.79,111
1628731560,1750.72,66
1628731620,1750.51,53
1628731680,1750.81,45
1628731740,1750.61,61
1628731800,1750.51,101
1628731860,1750.59,65
1628731920,1750.62,82
1628731980,1750.63,116
1628732040,1750.78,109
1628732100,1750.84,101
1628732160,1751.11,90
1628732220,1751.02,50
1628732280,1751.04,74
1628732340,1751.04,43
1628732400,1751.05,51
1628732460,1750.85,34
1628732520,1750.47,108
1628732580,1750.48,76
1628732640,1750.61,96
1628732700,1750.50,70
1628732760,1750.29,83
1628732820,1749.96,73
1628732880,1750.08,49
1628732940,1750.04,59
1628733000,1750.49,62
1628733060,1750.38,93
1628733120,1749.95,114
1628733180,1749.98,82
1628733240,1749.82,83
1628733300,1750.29,99
1628733360,1750.48,76
1628733420,1750.20,71
1628733480,1750.62,100
1628733540,1750.67,90
1628733600,1750.59,91
1628733660,1750.93,109
1628733720,1750.53,90
1628733780,1750.36,68
1628733840,1749.67,126
1628733900,1749.47,69
1628733960,1749.50,120
1628734020,1749.04,84
1628734080,1749.10,98
1628734140,1749.43,114
1628734200,1749.54,74
1628734260,1749.52,78
1628734320,1749.60,75
1628734380,1749.28,73
1628734440,1749.07,136
1628734500,1749.25,88
1628734560,1749.26,68
1628734620,1749.26,76
1628734680,1749.24,73
1628734740,1749.46,64
1628734800,1749.71,79
1628734860,1749.77,51
1628734920,1749.65,67
1628734980,1749.69,100
1628735040,1749.58,47
1628735100,1749.84,53
1628735160,1749.78,53
1628735220,1749.85,35
1628735280,1749.69,62
1628735340,1749.92,42
1628735400,1750.24,138
1628735460,1750.20,108
1628735520,1750.32,91
1628735580,1750.44,48
1628735640,1750.16,73
1628735700,1750.34,68
1628735760,1750.58,79
1628735820,1750.44,101
1628735880,1750.39,91
1628735940,1750.13,64
1628736000,1750.28,67
1628736060,1750.16,93
1628736120,1749.83,104
1628736180,1749.91,83
1628736240,1750.16,124
1628736300,1750.36,100
1628736360,1750.63,55
1628736420,1750.63,90
1628736480,1750.87,94
1628736540,1750.77,79
1628736600,1750.90,92
1628736660,1750.95,42
1628736720,1750.87,70
1628736780,1750.96,113
1628736840,1751.11,64
1628736900,1751.11,58
1628736960,1750.92,73
1628737020,1750.84,105
1628737080,1750.64,84
1628737140,1749.94,94
1628737200,1750.54,113
1628737260,1750.54,101
1628737320,1750.28,157
1628737380,1750.30,85
1628737440,1750.51,120
1628737500,1750.40,125
1628737560,1750.76,97
1628737620,1750.63,134
1628737680,1750.47,134
1628737740,1750.72,113
1628737800,1750.72,99
1628737860,1750.84,88
1628737920,1749.95,211
1628737980,1750.05,157
1628738040,1749.91,128
1628738100,1749.50,107
1628738160,1749.55,86
1628738220,1749.86,95
1628738280,1749.68,72
1628738340,1749.86,63
1628738400,1749.66,52
1628738460,1749.43,57
1628738520,1749.58,112
1628738580,1749.29,227
1628738640,1749.55,156
1628738700,1749.66,143
1628738760,1749.50,111
1628738820,1749.53,105
1628738880,1749.92,128
1628738940,1749.85,107
1628739000,1750.03,72
1628739060,1750.00,58
1628739120,1749.96,30
1628739180,1750.15,70
1628739240,1749.85,47
1628739300,1749.83,90
1628739360,1749.80,58
1628739420,1750.10,43
1628739480,1750.11,55
1628739540,1750.14,78
1628739600,1750.18,74
1628739660,1750.49,48
1628739720,1750.29,52
1628739780,1750.31,59
1628739840,1750.37,56
1628739900,1750.74,65
1628739960,1750.43,40
1628740020,1750.52,59
1628740080,1750.55,60
1628740140,1750.70,52
1628740200,1750.78,47
1628740260,1751.05,53
1628740320,1750.90,81
1628740380,1750.65,94
1628740440,1750.61,117
1628740500,1750.77,49
1628740560,1751.18,105
1628740620,1751.25,105
1628740680,1750.89,107
1628740740,1750.67,70
1628740800,1750.61,69
1628740860,1750.71,46
1628740920,1750.65,23
1628740980,1750.75,26
1628741040,1750.75,60
1628741100,1750.70,41
1628741160,1750.78,41
1628741220,1750.75,39
1628741280,1750.73,32
1628741340,1750.74,38
1628741400,1750.79,25
1628741460,1750.79,34
1628741520,1751.08,18
1628741580,1751.26,50
1628741640,1751.34,72
1628741700,1751.43,42
1628741760,1751.44,41
1628741820,1751.88,91
1628741880,1752.02,129
1628741940,1752.07,87
1628742000,1752.30,72
1628742060,1751.83,66
1628742120,1751.80,45
1628742180,1751.70,37
1628742240,1751.62,38
1628742300,1751.80,67
1628742360,1751.98,38
1628742420,1751.94,42
1628742480,1752.00,45
1628742540,1752.07,76
1628742600,1752.32,75
1628742660,1752.17,66
1628742720,1751.90,63
1628742780,1751.85,46
1628742840,1751.76,28
1628742900,1751.85,34
1628742960,1751.74,44
1628743020,1752.01,32
1628743080,1752.01,12
1628743140,1752.01,29
1628743200,1751.73,86
1628743260,1751.75,81
1628743320,1751.65,79
1628743380,1751.61,50
1628743440,1751.56,38
1628743500,1751.75,27
1628743560,1751.79,29
1628743620,1752.10,48
1628743680,1752.09,63
1628743740,1752.06,23
1628743800,1752.04,31
1628743860,1752.04,45
1628743920,1751.93,55
1628743980,1752.03,50
1628744040,1751.88,51
1628744100,1751.87,49
1628744160,1751.85,29
1628744220,1751.77,35
1628744280,1751.78,61
1628744340,1751.80,89
1628744400,1751.77,107
1628744460,1752.00,51
1628744520,1752.28,56
1628744580,1752.27,44
1628744640,1752.25,38
1628744700,1752.23,77
1628744760,1752.25,65
1628744820,1752.13,41
1628744880,1752.56,69
1628744940,1752.55,86
1628745000,1752.54,83
1628745060,1752.51,83
1628745120,1752.54,98
1628745180,1752.37,50
1628745240,1752.70,100
1628745300,1752.82,114
1628745360,1752.33,86
1628745420,1751.93,93
1628745480,1752.05,87
1628745540,1751.95,35
1628745600,1751.98,25
1628745660,1752.34,47
1628745720,1752.58,32
1628745780,1752.51,40
1628745840,1752.07,43
1628745900,1752.21,31
1628745960,1752.43,116
1628746020,1752.08,45
1628746080,1752.02,31
1628746140,1751.67,54
1628746200,1751.69,248
1628746260,1752.38,181
1628746320,1752.79,190
1628746380,1753.04,147
1628746440,1752.72,95
1628746500,1752.48,173
1628746560,1752.53,131
1628746620,1752.50,127
1628746680,1752.40,62
1628746740,1752.26,103
1628746800,1752.52,126
1628746860,1752.36,75
1628746920,1752.38,122
1628746980,1752.69,113
1628747040,1752.11,132
1628747100,1752.00,130
1628747160,1752.84,142
1628747220,1752.44,148
1628747280,1751.96,185
1628747340,1752.01,126
1628747400,1751.87,130
1628747460,1751.95,84
1628747520,1751.96,77
1628747580,1751.49,77
1628747640,1751.20,110
1628747700,1751.28,102
1628747760,1751.09,92
1628747820,1751.64,110
1628747880,1751.68,133
1628747940,1751.47,153
1628748000,1750.95,187
1628748060,1751.60,137
1628748120,1751.04,98
1628748180,1751.40,103
1628748240,1751.39,88
1628748300,1751.11,160
1628748360,1750.90,72
1628748420,1751.01,169
1628748480,1751.36,99
1628748540,1751.35,100
1628748600,1751.16,115
1628748660,1750.83,159
1628748720,1750.68,128
1628748780,1751.02,143
1628748840,1751.03,81
1628748900,1751.40,103
1628748960,1751.00,127
1628749020,1751.39,95
1628749080,1751.46,91
1628749140,1751.82,141
1628749200,1752.79,166
1628749260,1752.66,100
1628749320,1752.32,145
1628749380,1753.18,139
1628749440,1753.32,117
1628749500,1753.36,112
1628749560,1753.53,125
1628749620,1752.89,122
1628749680,1753.37,115
1628749740,1753.56,96
1628749800,1753.55,135
1628749860,1754.27,183
1628749920,1754.98,235
1628749980,1755.03,201
1628750040,1755.24,136
1628750100,1755.49,221
1628750160,1755.03,234
1628750220,1754.72,172
1628750280,1754.75,117
1628750340,1754.10,170
1628750400,1754.49,120
1628750460,1754.38,138
1628750520,1754.41,90
1628750580,1754.32,89
1628750640,1754.01,127
1628750700,1754.17,120
1628750760,1753.79,44
1628750820,1753.74,100
1628750880,1754.00,127
1628750940,1754.51,117
1628751000,1754.06,121
1628751060,1754.04,125
1628751120,1753.45,173
1628751180,1753.05,181
1628751240,1753.68,194
1628751300,1753.25,141
1628751360,1753.13,140
1628751420,1752.79,124
1628751480,1752.87,177
1628751540,1752.92,179
1628751600,1752.21,277
1628751660,1753.10,169
1628751720,1752.06,177
1628751780,1752.92,137
1628751840,1753.15,193
1628751900,1753.25,182
1628751960,1753.48,176
1628752020,1753.78,156
1628752080,1754.26,193
1628752140,1754.27,172
1628752200,1754.32,165
1628752260,1754.85,142
1628752320,1755.00,148
1628752380,1755.03,110
1628752440,1755.11,121
1628752500,1755.23,165
1628752560,1754.62,111
1628752620,1754.20,67
1628752680,1753.65,146
1628752740,1754.47,123
1628752800,1754.87,108
1628752860,1754.61,117
1628752920,1755.01,162
1628752980,1755.17,130
1628753040,1754.82,94
1628753100,1754.98,156
1628753160,1754.82,120
1628753220,1754.73,82
1628753280,1754.63,134
1628753340,1755.04,136
1628753400,1754.97,109
1628753460,1755.53,135
1628753520,1755.84,167
1628753580,1755.96,164
1628753640,1756.18,178
1628753700,1756.61,175
1628753760,1756.83,152
1628753820,1757.10,161
1628753880,1757.35,130
1628753940,1757.21,151
1628754000,1756.41,144
1628754060,1756.63,89
1628754120,1756.77,119
1628754180,1756.67,75
1628754240,1756.57,85
1628754300,1756.07,92
1628754360,1756.25,162
1628754420,1757.33,223
1628754480,1757.48,159
1628754540,1757.83,90
1628754600,1757.67,88
1628754660,1758.05,131
1628754720,1758.01,117
1628754780,1757.02,124
1628754840,1757.64,142
1628754900,1758.00,168
1628754960,1757.44,157
1628755020,1757.05,102
1628755080,1757.23,132
1628755140,1756.81,198
1628755200,1757.05,153
1628755260,1757.25,141
1628755320,1756.97,124
1628755380,1756.65,188
1628755440,1756.93,137
1628755500,1756.61,163
1628755560,1756.38,114
1628755620,1755.78,196
1628755680,1755.70,143
1628755740,1755.50,110
1628755800,1756.37,116
1628755860,1756.57,137
1628755920,1755.58,238
1628755980,1755.35,182
1628756040,1754.87,160
1628756100,1755.44,119
1628756160,1755.31,107
1628756220,1755.43,88
1628756280,1755.53,82
1628756340,1755.44,82
1628756400,1755.04,97
1628756460,1755.15,83
1628756520,1754.99,75
1628756580,1755.05,68
1628756640,1754.96,71
1628756700,1754.75,120
1628756760,1754.30,129
1628756820,1754.28,82
1628756880,1754.51,84
1628756940,1754.62,146
1628757000,1754.63,128
1628757060,1754.54,111
1628757120,1754.55,88
1628757180,1753.94,134
1628757240,1754.03,121
1628757300,1754.02,77
1628757360,1754.31,89
1628757420,1754.53,106
1628757480,1754.58,119
1628757540,1755.07,143
1628757600,1755.13,75
1628757660,1755.00,76
1628757720,1754.81,106
1628757780,1754.80,45
1628757840,1755.09,85
1628757900,1755.17,104
1628757960,1755.01,103
1628758020,1755.41,107
1628758080,1756.43,193
1628758140,1756.02,115
1628758200,1756.17,74
1628758260,1756.01,79
1628758320,1756.59,96
1628758380,1756.29,83
1628758440,1756.20,51
1628758500,1756.19,61
1628758560,1756.23,49
1628758620,1756.04,67
1628758680,1755.95,61
1628758740,1755.80,97
1628758800,1755.91,133
1628758860,1755.73,114
1628758920,1756.17,80
1628758980,1756.19,107
1628759040,1756.22,105
1628759100,1756.31,78
1628759160,1756.20,36
1628759220,1755.68,63
1628759280,1755.59,84
1628759340,1755.77,67
1628759400,1755.74,62
1628759460,1756.05,77
1628759520,1755.67,81
1628759580,1755.61,61
1628759640,1755.69,75
1628759700,1755.40,74
1628759760,1755.52,72
1628759820,1755.56,42
1628759880,1755.27,107
1628759940,1755.66,79
1628760000,1755.85,46
1628760060,1755.69,61
1628760120,1755.84,49
1628760180,1755.44,104
1628760240,1755.40,87
1628760300,1755.57,89
1628760360,1755.45,95
1628760420,1755.40,41
1628760480,1755.56,65
1628760540,1755.41,46
1628760600,1755.40,99
1628760660,1755.61,34
1628760720,1755.43,58
1628760780,1755.64,59
1628760840,1755.80,60
1628760900,1755.75,59
1628760960,1755.57,64
1628761020,1755.48,82
1628761080,1755.40,25
1628761140,1755.10,88
1628761200,1755.34,133
1628761260,1754.88,132
1628761320,1754.74,77
1628761380,1754.34,57
1628761440,1754.14,139
1628761500,1754.15,98
1628761560,1754.19,90
1628761620,1753.58,118
1628761680,1754.40,178
1628761740,1754.62,92
1628761800,1754.61,94
1628761860,1754.41,84
1628761920,1754.32,44
1628761980,1754.03,35
1628762040,1754.05,87
1628762100,1754.13,111
1628762160,1753.87,72
1628762220,1753.98,67
1628762280,1754.02,63
1628762340,1753.87,48
1628762400,1753.10,158
1628762460,1753.61,93
1628762520,1752.94,137
1628762580,1753.00,130
1628762640,1752.88,102
1628762700,1752.81,93
1628762760,1752.79,57
1628762820,1753.01,55
1628762880,1753.21,122
1628762940,1753.21,62
1628763000,1752.24,145
1628763060,1752.35,106
1628763120,1752.22,94
1628763180,1752.89,167
1628763240,1752.90,89
1628763300,1753.17,117
1628763360,1752.80,132
1628763420,1752.70,77
1628763480,1752.54,46
1628763540,1752.78,97
1628763600,1752.83,86
1628763660,1751.66,203
1628763720,1751.76,163
1628763780,1752.24,123
1628763840,1751.76,88
1628763900,1751.61,81
1628763960,1751.57,113
1628764020,1751.89,102
1628764080,1752.13,93
1628764140,1752.32,74
1628764200,1752.28,110
1628764260,1752.46,102
1628764320,1752.71,86
1628764380,1752.64,68
1628764440,1752.86,92
1628764500,1753.11,156
1628764560,1752.88,79
1628764620,1752.69,67
1628764680,1752.81,42
1628764740,1752.58,68
1628764800,1752.48,59
1628764860,1752.53,140
1628764920,1752.62,92
1628764980,1752.44,40
1628765040,1752.39,69
1628765100,1752.38,81
1628765160,1752.27,43
1628765220,1751.98,63
1628765280,1751.80,108
1628765340,1751.80,66
1628765400,1751.73,77
1628765460,1751.70,102
1628765520,1751.49,93
1628765580,1751.49,85
1628765640,1751.67,125
1628765700,1751.97,79
1628765760,1751.80,100
1628765820,1751.59,75
1628765880,1751.38,93
1628765940,1751.03,102
1628766000,1751.39,122
1628766060,1751.08,199
1628766120,1751.33,131
1628766180,1751.74,135
1628766240,1751.67,152
1628766300,1751.32,183
1628766360,1750.89,164
1628766420,1750.84,166
1628766480,1750.78,102
1628766540,1750.53,139
1628766600,1750.24,157
1628766660,1751.09,206
1628766720,1751.25,219
1628766780,1750.55,140
1628766840,1749.93,155
1628766900,1749.76,161
1628766960,1750.04,93
1628767020,1750.24,80
1628767080,1750.36,49
1628767140,1750.36,72
1628767200,1750.41,56
1628767260,1750.59,63
1628767320,1750.95,71
1628767380,1750.72,82
1628767440,1751.08,79
1628767500,1751.04,84
1628767560,1751.00,77
1628767620,1750.86,78
1628767680,1750.55,50
1628767740,1750.81,54
1628767800,1750.53,86
1628767860,1750.70,115
1628767920,1751.27,136
1628767980,1751.28,78
1628768040,1752.26,158
1628768100,1752.37,127
1628768160,1751.68,106
1628768220,1751.55,80
1628768280,1751.76,62
1628768340,1751.65,86
1628768400,1751.88,65
1628768460,1751.20,75
1628768520,1750.88,111
1628768580,1750.99,45
1628768640,1750.91,54
1628768700,1750.94,80
1628768760,1750.85,70
1628768820,1751.39,70
1628768880,1751.20,78
1628768940,1751.16,70
1628769000,1751.51,69
1628769060,1751.37,87
1628769120,1751.02,60
1628769180,1750.89,96
1628769240,1750.39,78
1628769300,1750.27,108
1628769360,1750.26,85
1628769420,1749.68,179
1628769480,1749.62,131
1628769540,1749.48,152
1628769600,1749.45,188
1628769660,1749.36,187
1628769720,1749.82,184
1628769780,1749.08,172
1628769840,1750.30,150
1628769900,1750.37,137
1628769960,1750.32,113
1628770020,1750.55,121
1628770080,1751.05,128
1628770140,1750.69,117
1628770200,1751.10,124
1628770260,1751.33,116
1628770320,1751.18,91
1628770380,1751.30,67
1628770440,1751.17,78
1628770500,1751.00,126
1628770560,1750.79,98
1628770620,1750.50,147
1628770680,1750.66,120
1628770740,1750.84,113
1628770800,1748.69,312
1628770860,1748.08,319
1628770920,1747.64,325
1628770980,1747.54,275
1628771040,1747.70,279
1628771100,1748.66,239
1628771160,1746.15,333
1628771220,1747.06,231
1628771280,1746.88,167
1628771340,1747.50,153
1628771400,1746.13,454
1628771460,1747.83,368
1628771520,1747.17,390
1628771580,1746.53,354
1628771640,1746.84,346
1628771700,1747.72,342
1628771760,1748.65,336
1628771820,1748.08,269
1628771880,1747.66,176
1628771940,1748.02,212
1628772000,1747.34,215
1628772060,1747.93,372
1628772120,1747.54,304
1628772180,1746.56,251
1628772240,1746.77,372
1628772300,1747.64,285
1628772360,1748.05,229
1628772420,1748.62,237
1628772480,1749.72,349
1628772540,1749.83,263
1628772600,1749.19,209
1628772660,1749.43,213
1628772720,1749.13,204
1628772780,1748.59,161
1628772840,1749.13,145
1628772900,1748.80,228
1628772960,1748.08,238
1628773020,1747.94,212
1628773080,1749.08,248
1628773140,1749.37,251
1628773200,1749.13,399
1628773260,1747.76,305
1628773320,1748.75,274
1628773380,1749.23,263
1628773440,1748.24,302
1628773500,1748.86,293
1628773560,1749.50,243
1628773620,1750.09,226
1628773680,1749.57,221
1628773740,1749.65,202
1628773800,1749.04,250
1628773860,1748.87,175
1628773920,1748.79,165
1628773980,1748.38,218
1628774040,1748.52,217
1628774100,1748.40,236
1628774160,1748.46,159
1628774220,1748.90,125
1628774280,1748.77,147
1628774340,1748.16,125
1628774400,1748.44,201
1628774460,1748.16,187
1628774520,1748.02,206
1628774580,1748.50,193
1628774640,1748.16,172
1628774700,1748.64,175
1628774760,1748.44,161
1628774820,1748.50,187
1628774880,1748.47,218
1628774940,1749.22,207
1628775000,1747.66,391
1628775060,1747.24,301
1628775120,1748.73,357
1628775180,1747.71,305
1628775240,1747.14,235
1628775300,1746.36,390
1628775360,1742.82,407
1628775420,1742.75,410
1628775480,1743.98,369
1628775540,1744.50,372
1628775600,1745.79,339
1628775660,1745.50,301
1628775720,1745.61,302
1628775780,1745.91,309
1628775840,1747.24,346
1628775900,1746.42,252
1628775960,1747.55,290
1628776020,1747.24,230
1628776080,1748.07,310
1628776140,1747.27,275
1628776200,1747.66,314
1628776260,1746.91,325
1628776320,1747.83,322
1628776380,1747.68,323
1628776440,1746.06,343
1628776500,1745.95,344
1628776560,1745.83,270
1628776620,1746.90,308
1628776680,1747.56,236
1628776740,1747.64,253
1628776800,1747.74,349
1628776860,1748.99,390
1628776920,1748.61,356
1628776980,1747.94,280
1628777040,1747.98,262
1628777100,1748.96,295
1628777160,1748.24,288
1628777220,1748.34,271
1628777280,1749.06,218
1628777340,1748.76,262
1628777400,1748.51,250
1628777460,1748.37,168
1628777520,1747.53,342
1628777580,1748.24,265
1628777640,1747.92,256
1628777700,1747.27,263
1628777760,1747.39,215
1628777820,1746.45,255
1628777880,1747.03,267
1628777940,1747.91,247
1628778000,1748.57,219
1628778060,1748.12,250
1628778120,1748.33,239
1628778180,1748.59,304
1628778240,1747.29,233
1628778300,1748.31,222
1628778360,1747.55,233
1628778420,1747.23,244
1628778480,1746.40,225
1628778540,1746.62,224
1628778600,1746.63,218
1628778660,1746.63,241
1628778720,1746.02,245
1628778780,1746.44,279
1628778840,1745.66,244
1628778900,1746.41,195
1628778960,1746.06,173
1628779020,1746.39,126
1628779080,1745.98,170
1628779140,1746.12,163
1628779200,1746.61,184
1628779260,1746.92,206
1628779320,1746.34,179
1628779380,1747.07,183
1628779440,1747.22,149
1628779500,1747.22,158
1628779560,1747.07,149
1628779620,1747.47,221
1628779680,1747.49,156
1628779740,1747.55,166
1628779800,1747.74,232
1628779860,1747.06,230
1628779920,1747.12,137
1628779980,1747.34,139
1628780040,1748.07,205
1628780100,1747.59,169
1628780160,1747.75,147
1628780220,1747.87,155
1628780280,1747.87,186
1628780340,1748.19,192
1628780400,1748.52,248
1628780460,1748.75,219
1628780520,1747.10,253
1628780580,1746.58,203
1628780640,1746.67,183
1628780700,1747.01,152
1628780760,1747.42,205
1628780820,1747.31,158
1628780880,1747.16,145
1628780940,1747.42,146
1628781000,1747.81,242
1628781060,1747.99,135
1628781120,1748.22,121
1628781180,1748.31,194
1628781240,1748.19,131
1628781300,1747.45,164
1628781360,1747.03,125
1628781420,1747.66,126
1628781480,1748.50,137
1628781540,1748.94,163
1628781600,1749.00,198
1628781660,1749.32,173
1628781720,1749.52,181
1628781780,1750.04,165
1628781840,1750.02,173
1628781900,1749.85,71
1628781960,1750.24,114
1628782020,1750.40,121
1628782080,1750.37,77
1628782140,1750.45,82
1628782200,1750.38,120
1628782260,1749.89,198
1628782320,1749.65,144
1628782380,1749.85,153
1628782440,1749.94,150
1628782500,1749.95,159
1628782560,1750.08,115
1628782620,1750.25,162
1628782680,1749.78,144
1628782740,1749.71,118
1628782800,1750.05,136
1628782860,1750.18,123
1628782920,1750.39,151
1628782980,1750.50,102
1628783040,1750.74,129
1628783100,1752.18,249
1628783160,1751.80,115
1628783220,1751.98,133
1628783280,1751.68,180
1628783340,1751.52,84
1628783400,1751.75,103
1628783460,1751.55,103
1628783520,1751.44,77
1628783580,1751.28,62
1628783640,1751.07,66
1628783700,1750.80,128
1628783760,1750.46,105
1628783820,1750.67,93
1628783880,1751.91,160
1628783940,1751.74,211
1628784000,1752.06,207
1628784060,1751.76,117
1628784120,1751.57,66
1628784180,1751.96,96
1628784240,1751.95,108
1628784300,1751.96,126
1628784360,1751.85,123
1628784420,1752.15,93
1628784480,1752.50,111
1628784540,1752.54,149
1628784600,1752.30,125
1628784660,1752.91,150
1628784720,1753.33,131
1628784780,1753.70,133
1628784840,1753.78,178
1628784900,1753.86,180
1628784960,1753.44,106
1628785020,1753.35,124
1628785080,1753.31,108
1628785140,1753.06,109
1628785200,1753.20,114
1628785260,1753.15,90
1628785320,1753.26,129
1628785380,1753.44,135
1628785440,1752.64,137
1628785500,1752.30,120
1628785560,1752.28,105
1628785620,1752.48,108
1628785680,1752.31,81
1628785740,1752.08,90
1628785800,1752.48,168
1628785860,1751.96,133
1628785920,1751.63,134
1628785980,1751.24,103
1628786040,1751.14,70
1628786100,1751.35,83
1628786160,1751.47,48
1628786220,1751.59,64
1628786280,1751.51,71
1628786340,1751.50,66
1628786400,1751.20,81
1628786460,1751.11,122
1628786520,1750.94,88
1628786580,1750.75,109
1628786640,1750.51,114
1628786700,1751.10,124
1628786760,1751.33,71
1628786820,1751.14,66
1628786880,1751.24,94
1628786940,1751.14,82
1628787000,1751.84,142
1628787060,1751.66,145
1628787120,1751.83,111
1628787180,1751.96,110
1628787240,1751.62,112
1628787300,1751.92,95
1628787360,1751.93,72
1628787420,1751.33,119
1628787480,1751.67,150
1628787540,1751.47,175
1628787600,1752.17,176
1628787660,1752.05,84
1628787720,1750.63,306
1628787780,1750.77,183
1628787840,1750.97,171
1628787900,1750.78,135
1628787960,1750.97,105
1628788020,1751.14,78
1628788080,1750.66,104
1628788140,1751.01,73
1628788200,1750.82,67
1628788260,1751.03,114
1628788320,1751.40,94
1628788380,1751.36,107
1628788440,1751.55,50
1628788500,1751.77,103
1628788560,1751.38,110
1628788620,1750.94,81
1628788680,1751.13,75
1628788740,1750.80,113
1628788800,1750.70,86
1628788860,1750.61,105
1628788920,1750.61,77
1628788980,1750.82,47
1628789040,1750.90,73
1628789100,1751.19,28
1628789160,1750.80,55
1628789220,1750.39,111
1628789280,1750.34,59
1628789340,1750.45,69
1628789400,1750.69,71
1628789460,1750.50,56
1628789520,1750.34,70
1628789580,1750.30,103
1628789640,1750.01,70
1628789700,1749.81,78
1628789760,1749.86,133
1628789820,1749.95,129
1628789880,1749.84,94
1628789940,1750.63,127
1628790000,1751.24,116
1628790060,1751.39,81
1628790120,1751.29,87
1628790180,1751.45,85
1628790240,1751.24,87
1628790300,1751.04,72
1628790360,1751.04,30
1628790420,1750.76,69
1628790480,1751.23,108
1628790540,1751.13,70
1628790600,1751.35,39
1628790660,1751.53,93
1628790720,1751.92,124
1628790780,1751.72,115
1628790840,1751.87,100
1628790900,1751.88,135
1628790960,1751.91,129
1628791020,1751.91,96
1628791080,1751.75,133
1628791140,1751.59,165
1628791200,1751.77,163
1628791260,1751.72,111
1628791320,1751.83,106
1628791380,1751.80,90
1628791440,1751.76,73
1628791500,1751.87,109
1628791560,1751.66,115
1628791620,1751.78,96
1628791680,1751.85,81
1628791740,1751.85,65
1628791800,1751.97,88
1628791860,1752.36,90
1628791920,1752.54,83
1628791980,1752.37,73
1628792040,1752.28,56
1628792100,1751.95,113
1628792160,1751.77,83
1628792220,1751.94,87
1628792280,1751.94,116
1628792340,1751.79,82
1628792400,1752.44,111
1628792460,1752.87,104
1628792520,1752.89,86
1628792580,1752.90,43
1628792640,1753.14,60
1628792700,1753.17,74
1628792760,1753.14,82
1628792820,1753.08,53
1628792880,1752.98,107
1628792940,1753.20,93
1628793000,1753.02,51
1628793060,1752.98,25
1628793120,1752.92,75
1628793180,1752.92,54
1628793240,1753.05,35
1628793300,1753.09,60
1628793360,1753.16,34
1628793420,1753.08,52
1628793480,1753.11,16
1628793540,1752.93,47
1628793600,1752.94,81
1628793660,1753.04,53
1628793720,1753.04,89
1628793780,1753.02,67
1628793840,1753.17,76
1628793900,1753.31,92
1628793960,1753.17,87
1628794020,1752.90,49
1628794080,1752.87,45
1628794140,1752.77,51
1628794200,1752.85,93
1628794260,1752.77,58
1628794320,1751.87,78
1628794380,1752.06,36
1628794440,1752.17,11
1628794500,1751.82,52
1628794560,1751.89,53
1628794620,1752.09,52
1628794680,1751.87,59
1628794740,1751.77,108
1628794800,1752.15,152
1628794860,1752.25,97
1628794920,1752.36,69
1628794980,1752.15,82
1628795040,1752.07,48
1628795100,1752.05,98
1628795160,1751.85,70
1628795220,1752.13,56
1628795280,1752.24,20
1628795340,1752.11,69
1628795400,1752.04,58
1628795460,1751.84,14
1628795520,1751.77,31
1628795580,1751.94,44
1628795640,1752.15,46
1628795700,1752.88,113
1628795760,1753.34,123
1628795820,1753.46,104
1628795880,1753.27,84
1628795940,1753.20,65
1628796000,1753.29,53
1628796060,1753.26,43
1628796120,1753.36,29
1628796180,1753.43,41
1628796240,1753.41,66
1628796300,1753.36,61
1628796360,1753.28,38
1628796420,1753.43,74
1628796480,1753.44,79
1628796540,1752.96,54
1628796600,1753.23,60
1628796660,1753.22,45
1628796720,1753.21,72
1628796780,1753.01,59
1628796840,1753.15,97
1628796900,1753.34,70
1628796960,1753.40,67
1628797020,1753.50,60
1628797080,1753.31,56
1628797140,1753.21,51
1628797200,1753.38,81
1628797260,1753.25,53
1628797320,1753.28,69
1628797380,1752.97,37
1628797440,1753.06,39
1628797500,1753.17,31
1628797560,1753.34,59
1628797620,1753.45,39
1628797680,1753.45,42
1628797740,1753.65,51
1628797800,1753.64,59
1628797860,1753.83,90
1628797920,1753.81,25
1628797980,1753.81,14
1628798040,1753.81,18
1628798100,1753.70,48
1628798160,1753.80,34
1628798220,1753.79,61
1628798280,1753.70,38
1628798340,1753.51,190
1628798400,1753.38,180
1628798460,1753.38,85
1628798520,1753.18,15
1628798580,1753.56,29
1628798640,1753.55,1
1628798700,1753.45,22
1628798760,1753.57,23
1628798820,1753.47,19
1628798880,1753.44,27
1628798940,1753.43,27
1628799000,1753.39,9
1628799060,1753.50,14
1628799120,1753.36,28
1628799180,1753.38,8
1628799240,1753.25,10
1628799300,1753.28,21
1628799360,1753.12,22
1628799420,1753.13,11
1628799480,1753.14,14
1628799540,1753.32,18
1628799600,1753.18,23
1628799660,1753.22,6
1628799720,1753.19,11
1628799780,1753.08,12
1628799840,1753.08,3
1628799900,1753.08,7
1628799960,1753.27,14
1628800020,1753.27,6
1628800080,1753.27,9
1628800140,1753.17,27
1628800200,1753.25,51
1628800260,1753.06,32
1628800320,1753.25,22
1628800380,1753.25,10
1628800440,1753.27,10
1628800500,1753.13,31
1628800560,1753.27,29
1628800620,1753.36,23
1628800680,1753.29,15
1628800740,1753.29,11
1628800800,1753.37,18
1628800860,1753.45,12
1628800920,1753.25,21
1628800980,1753.35,22
1628801040,1753.35,15
1628801100,1753.05,63
1628801160,1753.08,27
1628801220,1753.15,11
1628801280,1753.15,37
1628801340,1753.07,33
1628801400,1753.05,39
1628801460,1752.98,12
1628801520,1752.98,17
1628801580,1752.98,4
1628801640,1752.91,27
1628801700,1753.02,61
1628801760,1752.96,56
1628805720,1753.02,30
1628805780,1753.17,28
1628805840,1753.20,13
1628805900,1753.17,42
1628805960,1753.26,26
1628806020,1753.27,8
1628806080,1753.27,8
1628806140,1753.27,2
1628806200,1753.27,18
1628806260,1753.25,18
1628806320,1753.17,13
1628806380,1753.17,8
1628806440,1752.97,15
1628806500,1753.04,29
1628806560,1752.93,34
1628806620,1752.93,5
1628806680,1752.88,21
1628806740,1752.81,34
1628806800,1752.92,49
1628806860,1752.87,10
1628806920,1752.84,12
1628806980,1752.83,11
1628807040,1752.89,13
1628807100,1752.85,6
1628807160,1753.00,11
1628807220,1753.09,8
1628807280,1753.07,20
1628807340,1753.26,10
1628807400,1753.18,6
1628807460,1753.13,7
1628807520,1753.25,2
1628807580,1753.15,11
1628807640,1753.11,6
1628807700,1753.24,14
1628807760,1753.37,10
1628807820,1753.38,14
1628807880,1753.59,26
1628807940,1753.46,36
1628808000,1753.28,31
1628808060,1753.37,18
1628808120,1753.33,16
1628808180,1753.39,24
1628808240,1753.25,17
1628808300,1753.31,44
1628808360,1753.21,15
1628808420,1753.33,26
1628808480,1753.33,29
1628808540,1753.58,35
1628808600,1753.42,30
1628808660,1753.40,19
1628808720,1753.47,19
1628808780,1753.51,15
1628808840,1753.53,14
1628808900,1753.43,27
1628808960,1753.66,18
1628809020,1753.69,13
1628809080,1753.70,9
1628809140,1753.73,9
1628809200,1753.95,84
1628809260,1753.61,30
1628809320,1753.66,28
1628809380,1753.69,21
1628809440,1753.63,25
1628809500,1753.66,15
1628809560,1753.86,27
1628809620,1753.82,31
1628809680,1753.90,20
1628809740,1753.79,23
1628809800,1753.85,14
1628809860,1753.75,9
1628809920,1753.82,12
1628809980,1753.87,14
1628810040,1753.74,14
1628810100,1753.65,17
1628810160,1753.56,7
1628810220,1753.64,6
1628810280,1753.64,38
1628810340,1753.64,13
1628810400,1753.63,21
1628810460,1753.53,17
1628810520,1753.43,10
1628810580,1753.53,22
1628810640,1753.43,17
1628810700,1753.52,25
1628810760,1753.38,13
1628810820,1753.52,15
1628810880,1753.53,14
1628810940,1753.42,16
1628811000,1753.52,28
1628811060,1753.42,23
1628811120,1753.54,9
1628811180,1753.52,31
1628811240,1753.52,18
1628811300,1753.61,9
1628811360,1753.61,2
1628811420,1753.69,15
1628811480,1753.60,9
1628811540,1753.62,31
1628811600,1753.52,9
1628811660,1753.53,14
1628811720,1753.53,12
1628811780,1753.53,9
1628811840,1753.53,9
1628811900,1753.16,41
1628811960,1753.10,39
1628812020,1753.15,13
1628812080,1753.15,33
1628812140,1753.05,17
1628812200,1753.13,45
1628812260,1753.39,35
1628812320,1753.31,14
1628812380,1753.68,39
1628812440,1753.53,33
1628812500,1753.53,32
1628812560,1753.73,28
1628812620,1753.93,27
1628812680,1753.77,48
1628812740,1753.53,41
1628812800,1753.30,38
1628812860,1753.25,59
1628812920,1753.20,53
1628812980,1753.11,25
1628813040,1753.09,43
1628813100,1752.71,73
1628813160,1752.52,52
1628813220,1752.53,41
1628813280,1752.43,57
1628813340,1752.62,41
1628813400,1752.78,65
1628813460,1752.72,44
1628813520,1752.68,64
1628813580,1752.10,92
1628813640,1752.19,91
1628813700,1752.39,108
1628813760,1752.68,92
1628813820,1752.59,97
1628813880,1752.50,36
1628813940,1752.69,29
1628814000,1752.84,46
1628814060,1752.95,51
1628814120,1753.09,50
1628814180,1752.86,87
1628814240,1752.91,59
1628814300,1753.01,32
1628814360,1752.73,47
1628814420,1752.80,18
1628814480,1752.79,27
1628814540,1752.81,21
1628814600,1752.82,43
1628814660,1752.79,42
1628814720,1752.79,28
1628814780,1753.26,42
1628814840,1753.15,51
1628814900,1753.18,80
1628814960,1753.16,88
1628815020,1753.15,81
1628815080,1753.15,47
1628815140,1753.31,62
1628815200,1753.45,75
1628815260,1753.33,84
1628815320,1753.33,64
1628815380,1753.41,47
1628815440,1753.12,33
1628815500,1752.93,96
1628815560,1752.92,114
1628815620,1753.00,100
1628815680,1753.11,44
1628815740,1753.30,30
1628815800,1753.02,71
1628815860,1753.11,54
1628815920,1753.31,53
1628815980,1753.20,69
1628816040,1752.77,111
1628816100,1753.03,105
1628816160,1752.74,61
1628816220,1752.74,31
1628816280,1752.65,17
1628816340,1753.12,55
1628816400,1753.32,251
1628816460,1753.49,145
1628816520,1753.06,137
1628816580,1752.66,87
1628816640,1752.47,78
1628816700,1752.38,91
1628816760,1752.76,102
1628816820,1752.38,142
1628816880,1752.19,69
1628816940,1751.89,73
1628817000,1752.62,98
1628817060,1752.44,71
1628817120,1752.54,53
1628817180,1752.35,65
1628817240,1752.51,32
1628817300,1752.54,79
1628817360,1753.11,85
1628817420,1753.38,128
1628817480,1753.34,139
1628817540,1753.27,127
1628817600,1753.69,147
1628817660,1754.10,140
1628817720,1754.55,134
1628817780,1754.78,130
1628817840,1754.68,149
1628817900,1754.69,138
1628817960,1754.31,120
1628818020,1754.31,104
1628818080,1754.51,92
1628818140,1754.52,72
1628818200,1755.47,241
1628818260,1754.96,188
1628818320,1755.01,145
1628818380,1755.04,157
1628818440,1754.75,103
1628818500,1754.77,87
1628818560,1754.74,100
1628818620,1754.46,121
1628818680,1754.73,116
1628818740,1754.45,89
1628818800,1754.46,69
1628818860,1754.57,82
1628818920,1754.96,58
1628818980,1754.93,70
1628819040,1754.88,96
1628819100,1755.22,79
1628819160,1754.56,83
1628819220,1754.91,129
1628819280,1754.75,62
1628819340,1754.76,78
1628819400,1754.62,85
1628819460,1754.65,51
1628819520,1754.54,110
1628819580,1754.35,141
1628819640,1754.45,147
1628819700,1754.59,99
1628819760,1754.61,64
1628819820,1754.70,101
1628819880,1754.17,108
1628819940,1754.11,114
1628820000,1754.08,125
1628820060,1754.11,92
1628820120,1754.13,70
1628820180,1754.16,67
1628820240,1754.29,75
1628820300,1754.34,76
1628820360,1754.22,84
1628820420,1754.40,64
1628820480,1754.19,59
1628820540,1754.30,66
1628820600,1754.38,96
1628820660,1754.21,52
1628820720,1754.62,66
1628820780,1754.69,32
1628820840,1755.01,48
1628820900,1755.06,55
1628820960,1754.97,50
1628821020,1754.76,47
1628821080,1755.14,26
1628821140,1755.25,34
1628821200,1755.26,55
1628821260,1755.43,93
1628821320,1755.50,56
1628821380,1755.48,35
1628821440,1755.69,66
1628821500,1755.62,112
1628821560,1755.54,87
1628821620,1755.60,63
1628821680,1755.61,28
1628821740,1755.42,52
1628821800,1755.34,151
1628821860,1755.25,96
1628821920,1754.92,67
1628821980,1754.85,64
1628822040,1754.87,57
1628822100,1755.04,40
1628822160,1754.87,63
1628822220,1754.95,76
1628822280,1755.33,86
1628822340,1755.41,82
1628822400,1755.88,138
1628822460,1756.03,163
1628822520,1756.46,185
1628822580,1756.02,141
1628822640,1756.14,100
1628822700,1756.35,130
1628822760,1755.96,72
1628822820,1755.96,69
1628822880,1756.14,56
1628822940,1756.76,96
1628823000,1756.27,124
1628823060,1756.12,87
1628823120,1756.09,117
1628823180,1755.90,97
1628823240,1755.79,89
1628823300,1755.52,137
1628823360,1755.58,122
1628823420,1755.48,101
1628823480,1755.61,120
1628823540,1755.35,81
1628823600,1755.34,99
1628823660,1755.45,50
1628823720,1755.55,64
1628823780,1755.52,110
1628823840,1755.52,68
1628823900,1755.62,51
1628823960,1756.00,82
1628824020,1756.12,127
1628824080,1755.99,114
1628824140,1756.00,74
1628824200,1755.96,80
1628824260,1755.90,83
1628824320,1755.75,100
1628824380,1755.94,71
1628824440,1755.73,52
1628824500,1755.72,76
1628824560,1755.93,121
1628824620,1755.95,94
1628824680,1755.86,68
1628824740,1755.87,86
1628824800,1755.79,56
1628824860,1755.64,54
1628824920,1755.73,88
1628824980,1755.55,64
1628825040,1755.22,70
1628825100,1755.32,78
1628825160,1755.33,82
1628825220,1755.27,92
1628825280,1755.09,113
1628825340,1755.21,83
1628825400,1755.25,64
1628825460,1755.30,34
1628825520,1755.09,44
1628825580,1755.16,46
1628825640,1755.18,54
1628825700,1755.24,42
1628825760,1755.35,67
1628825820,1755.46,25
1628825880,1755.50,19
1628825940,1755.36,29
1628826000,1755.52,17
1628826060,1755.53,24
1628826120,1755.57,18
1628826180,1755.61,22
1628826240,1755.42,51
1628826300,1755.63,50
1628826360,1755.43,29
1628826420,1755.44,11
1628826480,1755.53,17
1628826540,1755.43,34
1628826600,1755.64,47
1628826660,1755.63,22
1628826720,1755.73,53
1628826780,1755.79,54
1628826840,1755.82,85
1628826900,1755.21,47
1628826960,1755.11,38
1628827020,1754.92,71
1628827080,1755.02,63
1628827140,1755.24,93
1628827200,1755.21,96
1628827260,1754.90,78
1628827320,1754.85,80
1628827380,1754.86,35
1628827440,1754.69,39
1628827500,1754.78,37
1628827560,1754.78,33
1628827620,1754.65,22
1628827680,1754.67,31
1628827740,1754.76,29
1628827800,1754.79,24
1628827860,1754.65,21
1628827920,1754.71,21
1628827980,1754.72,26
1628828040,1754.66,31
1628828100,1754.58,33
1628828160,1754.67,39
1628828220,1754.64,18
1628828280,1754.78,31
1628828340,1754.85,36
1628828400,1754.66,30
1628828460,1754.61,35
1628828520,1755.07,47
1628828580,1755.01,30
1628828640,1754.99,22
1628828700,1755.04,35
1628828760,1754.94,25
1628828820,1754.83,35
1628828880,1754.97,21
1628828940,1755.20,23
1628829000,1755.28,21
1628829060,1755.40,16
1628829120,1755.11,41
1628829180,1755.24,23
1628829240,1755.40,40
1628829300,1755.31,36
1628829360,1755.20,8
1628829420,1755.15,31
1628829480,1755.15,22
1628829540,1755.25,19
1628829600,1755.19,33
1628829660,1755.09,17
1628829720,1755.39,19
1628829780,1755.56,31
1628829840,1755.51,44
1628829900,1755.37,37
1628829960,1755.40,14
1628830020,1755.18,36
1628830080,1755.09,46
1628830140,1755.07,37
1628830200,1755.09,20
1628830260,1755.00,10
1628830320,1755.16,26
1628830380,1755.26,22
1628830440,1755.38,12
1628830500,1755.40,11
1628830560,1755.47,22
1628830620,1755.40,12
1628830680,1755.34,16
1628830740,1755.36,16
1628830800,1755.26,50
1628830860,1755.27,15
1628830920,1755.32,19
1628830980,1755.17,21
1628831040,1755.25,23
1628831100,1755.28,56
1628831160,1755.36,28
1628831220,1755.33,34
1628831280,1755.23,30
1628831340,1755.39,29
1628831400,1755.60,60
1628831460,1755.25,74
1628831520,1755.21,54
1628831580,1755.24,40
1628831640,1755.21,35
1628831700,1755.14,32
1628831760,1755.16,30
1628831820,1755.96,89
1628831880,1756.23,64
1628831940,1756.23,48
1628832000,1755.88,63
1628832060,1755.85,88
1628832120,1755.76,69
1628832180,1755.36,73
1628832240,1755.44,81
1628832300,1755.22,59
1628832360,1755.21,95
1628832420,1755.27,56
1628832480,1755.24,79
1628832540,1755.00,75
1628832600,1755.28,123
1628832660,1755.74,122
1628832720,1755.43,104
1628832780,1755.53,88
1628832840,1755.38,86
1628832900,1755.74,85
1628832960,1755.93,83
1628833020,1756.21,67
1628833080,1755.86,54
1628833140,1756.20,69
1628833200,1756.33,73
1628833260,1756.74,136
1628833320,1756.85,154
1628833380,1757.05,51
1628833440,1756.84,89
1628833500,1755.99,191
1628833560,1755.83,152
1628833620,1756.00,141
1628833680,1756.89,147
1628833740,1756.58,141
1628833800,1756.56,87
1628833860,1756.16,140
1628833920,1756.04,139
1628833980,1755.84,100
1628834040,1755.90,92
1628834100,1755.85,121
1628834160,1755.77,65
1628834220,1755.64,111
1628834280,1755.78,48
1628834340,1755.92,68
1628834400,1755.91,92
1628834460,1756.16,96
1628834520,1756.19,64
1628834580,1756.17,48
1628834640,1757.51,210
1628834700,1757.68,197
1628834760,1757.90,155
1628834820,1757.06,149
1628834880,1757.07,86
1628834940,1757.07,62
1628835000,1757.69,109
1628835060,1757.85,161
1628835120,1757.40,148
1628835180,1757.42,67
1628835240,1757.53,128
1628835300,1757.51,111
1628835360,1757.32,99
1628835420,1757.32,66
1628835480,1757.68,81
1628835540,1757.35,112
1628835600,1757.14,111
1628835660,1756.92,108
1628835720,1757.43,216
1628835780,1757.37,149
1628835840,1757.28,115
1628835900,1757.88,157
1628835960,1758.01,136
1628836020,1757.84,119
1628836080,1758.69,162
1628836140,1758.85,282
1628836200,1758.64,180
1628836260,1758.80,163
1628836320,1758.79,83
1628836380,1758.86,176
1628836440,1758.75,123
1628836500,1758.43,137
1628836560,1758.75,127
1628836620,1758.56,60
1628836680,1758.46,115
1628836740,1758.38,62
1628836800,1758.37,86
1628836860,1758.49,114
1628836920,1758.37,97
1628836980,1758.39,99
1628837040,1758.06,94
1628837100,1758.67,98
1628837160,1758.19,94
1628837220,1758.19,31
1628837280,1759.10,157
1628837340,1758.93,114
1628837400,1758.87,134
1628837460,1758.68,60
1628837520,1758.56,85
1628837580,1758.56,83
1628837640,1757.53,186
1628837700,1757.01,200
1628837760,1757.33,137
1628837820,1757.18,149
1628837880,1757.26,151
1628837940,1756.87,137
1628838000,1757.61,214
1628838060,1757.69,187
1628838120,1759.10,207
1628838180,1758.86,233
1628838240,1759.08,186
1628838300,1759.38,239
1628838360,1758.82,214
1628838420,1758.75,227
1628838480,1758.51,134
1628838540,1758.43,144
1628838600,1758.28,168
1628838660,1758.47,186
1628838720,1759.03,197
1628838780,1759.45,94
1628838840,1759.36,203
1628838900,1758.97,144
1628838960,1758.95,113
1628839020,1759.08,100
1628839080,1758.93,73
1628839140,1759.38,70
1628839200,1759.60,95
1628839260,1759.35,82
1628839320,1760.04,110
1628839380,1759.62,181
1628839440,1759.74,148
1628839500,1759.43,108
1628839560,1759.00,130
1628839620,1758.70,78
1628839680,1758.45,74
1628839740,1758.22,88
1628839800,1758.18,104
1628839860,1757.70,136
1628839920,1757.47,149
1628839980,1757.68,149
1628840040,1757.74,149
1628840100,1757.95,144
1628840160,1757.77,137
1628840220,1757.65,54
1628840280,1758.29,72
1628840340,1757.34,142
1628840400,1757.50,113
1628840460,1758.06,114
1628840520,1757.95,108
1628840580,1757.83,94
1628840640,1757.74,84
1628840700,1758.45,147
1628840760,1757.97,102
1628840820,1758.09,76
1628840880,1758.07,92
1628840940,1757.95,78
1628841000,1758.08,97
1628841060,1757.69,74
1628841120,1757.59,85
1628841180,1757.62,112
1628841240,1757.46,107
1628841300,1757.45,90
1628841360,1757.41,80
1628841420,1757.37,89
1628841480,1757.39,86
1628841540,1757.67,141
1628841600,1757.59,129
1628841660,1758.00,94
1628841720,1758.12,75
1628841780,1757.74,163
1628841840,1757.55,117
1628841900,1757.71,128
1628841960,1757.82,106
1628842020,1757.73,177
1628842080,1756.86,152
1628842140,1756.36,197
1628842200,1756.57,192
1628842260,1756.72,167
1628842320,1756.74,128
1628842380,1757.11,76
1628842440,1756.79,77
1628842500,1756.63,105
1628842560,1756.66,134
1628842620,1756.70,99
1628842680,1756.67,124
1628842740,1756.55,53
1628842800,1756.80,119
1628842860,1757.17,109
1628842920,1757.09,76
1628842980,1757.00,142
1628843040,1756.91,127
1628843100,1756.65,156
1628843160,1756.64,158
1628843220,1756.70,125
1628843280,1756.53,113
1628843340,1756.35,62
1628843400,1756.35,134
1628843460,1756.38,123
1628843520,1756.39,123
1628843580,1755.99,117
1628843640,1755.88,117
1628843700,1755.92,70
1628843760,1756.04,107
1628843820,1755.85,79
1628843880,1756.37,98
1628843940,1756.26,65
1628844000,1756.19,159
1628844060,1756.27,88
1628844120,1756.07,51
1628844180,1756.62,83
1628844240,1756.43,103
1628844300,1756.63,97
1628844360,1756.73,54
1628844420,1756.90,74
1628844480,1757.00,99
1628844540,1756.77,87
1628844600,1756.79,107
1628844660,1756.77,149
1628844720,1756.50,84
1628844780,1756.15,95
1628844840,1756.36,68
1628844900,1756.46,86
1628844960,1756.28,79
1628845020,1756.31,75
1628845080,1755.95,97
1628845140,1756.11,123
1628845200,1756.21,109
1628845260,1756.31,119
1628845320,1756.24,109
1628845380,1756.26,81
1628845440,1756.31,60
1628845500,1756.15,74
1628845560,1756.12,51
1628845620,1756.05,62
1628845680,1756.08,76
1628845740,1756.55,82
1628845800,1756.23,133
1628845860,1756.43,111
1628845920,1756.41,70
1628845980,1756.37,83
1628846040,1756.37,109
1628846100,1756.31,119
1628846160,1756.55,134
1628846220,1756.73,68
1628846280,1756.94,101
1628846340,1757.15,94
1628846400,1757.54,137
1628846460,1757.47,101
1628846520,1757.39,101
1628846580,1757.31,88
1628846640,1757.28,80
1628846700,1757.10,75
1628846760,1757.27,68
1628846820,1757.66,106
1628846880,1757.56,123
1628846940,1757.53,162
1628847000,1757.47,134
1628847060,1757.19,67
1628847120,1757.57,149
1628847180,1757.84,53
1628847240,1757.85,66
1628847300,1757.91,62
1628847360,1757.80,56
1628847420,1757.99,41
1628847480,1758.06,43
1628847540,1758.36,61
1628847600,1758.72,96
1628847660,1758.90,56
1628847720,1758.59,93
1628847780,1758.52,78
1628847840,1758.70,65
1628847900,1758.34,90
1628847960,1758.18,78
1628848020,1758.86,122
1628848080,1758.92,92
1628848140,1758.21,176
1628848200,1757.99,87
1628848260,1757.78,72
1628848320,1757.78,56
1628848380,1757.77,42
1628848440,1757.77,44
1628848500,1757.67,24
1628848560,1757.67,43
1628848620,1758.21,111
1628848680,1758.33,66
1628848740,1758.44,76
1628848800,1758.60,101
1628848860,1758.49,66
1628848920,1758.67,71
1628848980,1758.79,107
1628849040,1758.94,75
1628849100,1759.04,80
1628849160,1759.13,52
1628849220,1759.13,17
1628849280,1759.21,41
1628849340,1759.71,106
1628849400,1759.21,98
1628849460,1759.30,49
1628849520,1759.21,96
1628849580,1759.30,53
1628849640,1759.30,113
1628849700,1759.58,114
1628849760,1759.57,75
1628849820,1759.83,91
1628849880,1759.73,65
1628849940,1759.94,77
1628850000,1760.13,58
1628850060,1759.99,94
1628850120,1760.01,65
1628850180,1759.81,67
1628850240,1759.71,44
1628850300,1759.91,99
1628850360,1760.92,162
1628850420,1760.55,109
1628850480,1760.48,123
1628850540,1759.94,117
1628850600,1760.39,142
1628850660,1760.87,96
1628850720,1760.68,114
1628850780,1760.48,74
1628850840,1761.21,120
1628850900,1761.00,110
1628850960,1761.71,147
1628851020,1760.95,88
1628851080,1761.21,114
1628851140,1760.72,110
1628851200,1760.77,86
1628851260,1761.36,112
1628851320,1760.95,77
1628851380,1760.63,61
1628851440,1760.38,74
1628851500,1760.37,57
1628851560,1760.37,40
1628851620,1760.27,44
1628851680,1760.56,60
1628851740,1760.45,48
1628851800,1760.36,55
1628851860,1760.36,34
1628851920,1760.37,45
1628851980,1760.55,53
1628852040,1760.17,67
1628852100,1760.16,54
1628852160,1760.07,53
1628852220,1759.78,59
1628852280,1759.66,82
1628852340,1759.77,75
1628852400,1759.84,140
1628852460,1759.50,52
1628852520,1759.98,66
1628852580,1759.62,58
1628852640,1759.40,35
1628852700,1759.54,57
1628852760,1759.69,101
1628852820,1759.41,99
1628852880,1759.50,91
1628852940,1759.33,90
1628853000,1759.50,115
1628853060,1759.60,54
1628853120,1759.73,77
1628853180,1759.78,98
1628853240,1760.05,76
1628853300,1759.91,103
1628853360,1759.78,80
1628853420,1759.28,38
1628853480,1759.69,94
1628853540,1759.62,72
1628853600,1758.92,86
1628853660,1758.94,63
1628853720,1758.92,59
1628853780,1758.61,104
1628853840,1758.44,99
1628853900,1759.13,147
1628853960,1758.89,112
1628854020,1759.07,106
1628854080,1759.93,94
1628854140,1759.48,170
1628854200,1759.44,177
1628854260,1759.77,182
1628854320,1759.91,148
1628854380,1760.81,244
1628854440,1760.81,145
1628854500,1760.73,153
1628854560,1760.37,129
1628854620,1760.28,137
1628854680,1760.21,103
1628854740,1760.49,107
1628854800,1760.59,89
1628854860,1760.44,92
1628854920,1760.44,42
1628854980,1759.77,99
1628855040,1759.83,134
1628855100,1759.72,85
1628855160,1759.49,66
1628855220,1759.32,100
1628855280,1758.92,132
1628855340,1759.14,136
1628855400,1759.04,131
1628855460,1759.67,88
1628855520,1758.99,62
1628855580,1759.06,100
1628855640,1758.89,87
1628855700,1758.98,54
1628855760,1759.60,74
1628855820,1759.41,66
1628855880,1759.26,64
1628855940,1759.31,36
1628856000,1759.30,139
1628856060,1759.13,167
1628856120,1759.46,121
1628856180,1759.38,130
1628856240,1759.78,146
1628856300,1759.01,171
1628856360,1759.10,200
1628856420,1758.97,123
1628856480,1758.82,103
1628856540,1758.86,141
1628856600,1758.95,106
1628856660,1759.28,101
1628856720,1758.55,170
1628856780,1758.41,183
1628856840,1758.51,132
1628856900,1757.89,224
1628856960,1758.05,198
1628857020,1757.13,215
1628857080,1757.26,226
1628857140,1757.25,210
1628857200,1758.46,253
1628857260,1758.97,234
1628857320,1758.46,198
1628857380,1757.81,213
1628857440,1758.50,190
1628857500,1757.76,145
1628857560,1757.87,102
1628857620,1758.92,183
1628857680,1758.87,116
1628857740,1759.22,184
1628857800,1759.52,162
1628857860,1760.25,212
1628857920,1760.55,235
1628857980,1761.45,246
1628858040,1761.79,221
1628858100,1761.39,237
1628858160,1761.32,196
1628858220,1760.93,123
1628858280,1760.84,112
1628858340,1760.54,154
1628858400,1760.62,148
1628858460,1760.03,190
1628858520,1759.27,179
1628858580,1759.67,199
1628858640,1760.19,138
1628858700,1760.40,162
1628858760,1760.67,167
1628858820,1761.16,178
1628858880,1761.15,116
1628858940,1760.99,165
1628859000,1761.07,191
1628859060,1760.25,142
1628859120,1760.75,170
1628859180,1761.24,207
1628859240,1761.48,180
1628859300,1761.33,188
1628859360,1761.66,181
1628859420,1761.27,183
1628859480,1763.05,245
1628859540,1762.95,243
1628859600,1762.72,280
1628859660,1763.28,243
1628859720,1763.04,277
1628859780,1763.36,260
1628859840,1763.79,195
1628859900,1764.60,293
1628859960,1763.80,233
1628860020,1763.22,210
1628860080,1763.32,177
1628860140,1762.41,181
1628860200,1762.32,209
1628860260,1762.76,177
1628860320,1763.19,184
1628860380,1763.34,161
1628860440,1762.89,193
1628860500,1763.33,235
1628860560,1763.57,247
1628860620,1763.71,220
1628860680,1763.87,220
1628860740,1763.48,190
1628860800,1763.56,193
1628860860,1764.16,181
1628860920,1763.34,205
1628860980,1763.76,189
1628861040,1764.02,154
1628861100,1765.00,164
1628861160,1764.50,174
1628861220,1764.47,210
1628861280,1764.34,179
1628861340,1764.06,146
1628861400,1764.28,306
1628861460,1765.11,360
1628861520,1764.60,281
1628861580,1764.92,266
1628861640,1764.05,244
1628861700,1764.11,354
1628861760,1764.16,235
1628861820,1763.36,271
1628861880,1763.63,220
1628861940,1764.07,273
1628862000,1763.63,222
1628862060,1763.55,214
1628862120,1762.77,255
1628862180,1763.10,234
1628862240,1763.85,228
1628862300,1763.31,226
1628862360,1762.77,200
1628862420,1763.33,189
1628862480,1762.85,177
1628862540,1763.28,191
1628862600,1764.08,264
1628862660,1763.86,199
1628862720,1763.94,178
1628862780,1764.11,182
1628862840,1763.84,239
1628862900,1764.12,227
1628862960,1764.37,267
1628863020,1765.10,280
1628863080,1765.33,233
1628863140,1764.90,234
1628863200,1766.64,415
1628863260,1768.03,396
1628863320,1768.41,389
1628863380,1768.15,337
1628863440,1769.29,310
1628863500,1771.86,377
1628863560,1772.64,382
1628863620,1772.53,370
1628863680,1772.83,362
1628863740,1773.34,372
1628863800,1773.73,361
1628863860,1773.42,356
1628863920,1773.82,350
1628863980,1773.26,296
1628864040,1772.40,345
1628864100,1774.27,323
1628864160,1773.29,259
1628864220,1773.11,253
1628864280,1772.71,295
1628864340,1772.78,287
1628864400,1772.32,301
1628864460,1772.79,319
1628864520,1773.23,262
1628864580,1773.21,266
1628864640,1773.73,283
1628864700,1773.85,300
1628864760,1772.63,347
1628864820,1771.84,384
1628864880,1771.14,296
1628864940,1769.97,317
1628865000,1770.28,337
1628865060,1770.88,319
1628865120,1770.54,255
1628865180,1770.90,281
1628865240,1771.30,222
1628865300,1771.25,196
1628865360,1771.99,224
1628865420,1772.03,230
1628865480,1771.78,221
1628865540,1771.36,255
1628865600,1771.10,283
1628865660,1771.95,275
1628865720,1772.48,195
1628865780,1772.36,168
1628865840,1771.97,173
1628865900,1772.33,175
1628865960,1772.42,269
1628866020,1772.65,160
1628866080,1772.29,211
1628866140,1771.76,230
1628866200,1771.77,216
1628866260,1772.11,172
1628866320,1772.60,185
1628866380,1772.89,150
1628866440,1772.78,191
1628866500,1773.42,185
1628866560,1772.65,166
1628866620,1772.51,143
1628866680,1772.84,204
1628866740,1773.34,236
1628866800,1773.25,244
1628866860,1773.51,201
1628866920,1773.45,184
1628866980,1773.77,173
1628867040,1773.63,223
1628867100,1772.87,265
1628867160,1772.82,172
1628867220,1773.09,194
1628867280,1773.48,139
1628867340,1773.18,133
1628867400,1773.38,95
1628867460,1773.33,146
1628867520,1773.96,216
1628867580,1773.97,187
1628867640,1774.18,157
1628867700,1774.55,182
1628867760,1774.19,227
1628867820,1774.02,208
1628867880,1773.89,188
1628867940,1773.71,192
1628868000,1773.87,175
1628868060,1774.42,284
1628868120,1774.51,170
1628868180,1774.70,149
1628868240,1774.70,162
1628868300,1774.37,163
1628868360,1773.94,139
1628868420,1774.53,177
1628868480,1774.83,173
1628868540,1775.00,198
1628868600,1774.99,87
1628868660,1775.08,154
1628868720,1775.43,190
1628868780,1775.45,138
1628868840,1776.33,203
1628868900,1776.78,203
1628868960,1777.05,220
1628869020,1777.60,188
1628869080,1777.69,219
1628869140,1777.25,153
1628869200,1777.61,127
1628869260,1777.59,153
1628869320,1777.30,129
1628869380,1777.40,95
1628869440,1777.82,176
1628869500,1777.89,91
1628869560,1777.57,106
1628869620,1777.58,60
1628869680,1776.74,142
1628869740,1776.78,168
1628869800,1776.58,139
1628869860,1776.47,104
1628869920,1776.44,148
1628869980,1776.18,128
1628870040,1776.12,140
1628870100,1776.25,132
1628870160,1776.30,112
1628870220,1776.03,103
1628870280,1776.33,112
1628870340,1776.67,139
1628870400,1776.65,96
1628870460,1777.68,128
1628870520,1777.32,87
1628870580,1777.36,77
1628870640,1777.35,104
1628870700,1777.73,103
1628870760,1777.82,53
1628870820,1778.30,171
1628870880,1778.42,124
1628870940,1778.55,130
1628871000,1779.05,149
1628871060,1778.79,129
1628871120,1778.90,117
1628871180,1778.65,81
1628871240,1778.76,85
1628871300,1779.24,125
1628871360,1778.96,79
1628871420,1778.67,64
1628871480,1778.76,114
1628871540,1778.43,76
1628871600,1778.09,150
1628871660,1778.39,128
1628871720,1778.42,75
1628871780,1778.17,53
1628871840,1778.57,139
1628871900,1778.61,158
1628871960,1778.54,139
1628872020,1778.54,68
1628872080,1778.35,62
1628872140,1778.62,78
1628872200,1778.46,116
1628872260,1778.54,148
1628872320,1778.36,102
1628872380,1778.45,73
1628872440,1778.27,51
1628872500,1777.89,127
1628872560,1777.93,142
1628872620,1777.89,94
1628872680,1777.61,83
1628872740,1777.52,123
1628872800,1778.06,100
1628872860,1777.61,156
1628872920,1777.37,112
1628872980,1777.56,112
1628873040,1777.65,108
1628873100,1777.37,111
1628873160,1777.46,96
1628873220,1777.11,73
1628873280,1776.61,147
1628873340,1776.79,92
1628873400,1777.07,88
1628873460,1777.27,100
1628873520,1776.99,108
1628873580,1777.10,79
1628873640,1776.41,96
1628873700,1776.79,132
1628873760,1776.70,97
1628873820,1776.90,89
1628873880,1776.71,93
1628873940,1776.63,125
1628874000,1776.33,106
1628874060,1776.77,137
1628874120,1776.58,123
1628874180,1776.51,92
1628874240,1776.89,136
1628874300,1776.94,82
1628874360,1777.33,108
1628874420,1776.95,98
1628874480,1777.30,88
1628874540,1777.45,111
1628874600,1777.26,114
1628874660,1777.23,112
1628874720,1777.11,144
1628874780,1777.02,85
1628874840,1777.24,102
1628874900,1777.13,97
1628874960,1776.91,117
1628875020,1776.98,49
1628875080,1777.57,92
1628875140,1777.26,72
1628875200,1777.05,68
1628875260,1777.14,52
1628875320,1777.02,75
1628875380,1777.43,50
1628875440,1777.48,122
1628875500,1777.01,112
1628875560,1776.82,102
1628875620,1777.23,74
1628875680,1776.73,47
1628875740,1776.53,276
1628875800,1776.22,141
1628875860,1776.18,71
1628875920,1776.21,73
1628875980,1776.39,90
1628876040,1776.12,74
1628876100,1776.28,91
1628876160,1776.28,71
1628876220,1776.20,64
1628876280,1776.17,72
1628876340,1776.07,44
1628876400,1776.40,72
1628876460,1776.72,121
1628876520,1776.60,62
1628876580,1776.60,60
1628876640,1776.76,48
1628876700,1776.67,29
1628876760,1776.58,42
1628876820,1776.57,86
1628876880,1776.78,50
1628876940,1777.10,64
1628877000,1777.11,44
1628877060,1777.30,52
1628877120,1777.51,48
1628877180,1777.55,31
1628877240,1777.64,66
1628877300,1777.63,62
1628877360,1777.69,83
1628877420,1777.58,105
1628877480,1777.56,108
1628877540,1777.71,68
1628877600,1777.63,109
1628877660,1777.62,141
1628877720,1777.52,49
1628877780,1777.51,65
1628877840,1777.61,138
1628877900,1777.69,82
1628877960,1777.77,73
1628878020,1777.66,57
1628878080,1777.95,87
1628878140,1778.13,91
1628878200,1778.46,102
1628878260,1778.73,89
1628878320,1778.75,72
1628878380,1778.62,63
1628878440,1778.43,12
1628878500,1778.14,82
1628878560,1777.94,35
1628878620,1777.74,57
1628878680,1777.94,65
1628878740,1778.12,30
1628878800,1778.27,47
1628878860,1778.14,61
1628878920,1777.78,63
1628878980,1777.75,80
1628879040,1777.91,112
1628879100,1778.18,79
1628879160,1778.22,77
1628879220,1778.36,36
1628879280,1778.35,38
1628879340,1778.16,86
1628879400,1777.83,53
1628879460,1777.84,63
1628879520,1777.74,62
1628879580,1777.83,38
1628879640,1777.74,26
1628879700,1777.74,51
1628879760,1778.17,54
1628879820,1778.14,61
1628879880,1778.22,43
1628879940,1778.13,100
1628880000,1778.22,38
1628880060,1778.32,55
1628880120,1778.31,44
1628880180,1778.12,53
1628880240,1778.11,48
1628880300,1778.11,68
1628880360,1778.11,34
1628880420,1778.11,23
1628880480,1778.11,8
1628880540,1778.11,23
1628880600,1777.91,21
1628880660,1777.52,35
1628880720,1776.85,79
1628880780,1776.93,51
1628880840,1776.93,109
1628880900,1776.89,58
1628880960,1777.11,101
1628881020,1777.11,81
1628881080,1776.81,61
1628881140,1776.89,128
1628881200,1776.53,139
1628881260,1776.53,101
1628881320,1776.23,69
1628881380,1776.14,55
1628881440,1776.14,81
1628881500,1776.05,73
1628881560,1775.96,59
1628881620,1775.96,92
1628881680,1776.05,113
1628881740,1776.24,64
1628881800,1776.45,66
1628881860,1776.43,50
1628881920,1776.50,98
1628881980,1776.52,111
1628882040,1776.79,118
1628882100,1776.88,81
1628882160,1776.98,71
1628882220,1777.38,94
1628882280,1777.37,103
1628882340,1777.28,83
1628882400,1777.49,93
1628882460,1777.24,77
1628882520,1777.29,32
1628882580,1777.59,98
1628882640,1777.59,94
1628882700,1777.29,53
1628882760,1776.99,44
1628882820,1776.98,19
1628882880,1776.98,10
1628882940,1777.13,30
1628883000,1777.15,63
1628883060,1776.95,41
1628883120,1777.03,31
1628883180,1777.04,37
1628883240,1777.04,27
1628883300,1777.38,60
1628883360,1777.35,54
1628883420,1777.37,69
1628883480,1777.47,42
1628883540,1777.46,39
1628883600,1777.17,51
1628883660,1777.06,59
1628883720,1777.15,17
1628883780,1777.24,33
1628883840,1777.33,37
1628883900,1777.61,52
1628883960,1777.51,28
1628884020,1777.53,69
1628884080,1777.90,82
1628884140,1777.92,81
1628884200,1777.74,76
1628884260,1777.90,29
1628884320,1777.82,41
1628884380,1778.05,65
1628884440,1778.15,46
1628884500,1778.23,55
1628884560,1778.36,69
1628884620,1778.45,44
1628884680,1778.60,79
1628884740,1778.80,164
1628884800,1778.49,79
1628884860,1778.40,40
1628884920,1778.42,45
1628884980,1778.28,45
1628885040,1778.49,28
1628885100,1778.49,41
1628885160,1778.38,38
1628885220,1778.41,21
1628885280,1778.49,25
1628885340,1778.39,26
1628885400,1778.40,18
1628885460,1778.51,23
1628885520,1778.48,20
1628885580,1778.42,23
1628885640,1778.41,30
1628885700,1778.32,35
1628885760,1778.23,29
1628885820,1778.31,19
1628885880,1778.16,18
1628885940,1778.24,18
1628886000,1778.15,24
1628886060,1778.22,27
1628886120,1778.34,21
1628886180,1778.15,21
1628886240,1778.25,20
1628886300,1778.06,27
1628886360,1778.16,19
1628886420,1778.07,30
1628886480,1778.15,27
1628886540,1778.07,13
1628886600,1778.41,30
1628886660,1778.07,30
1628886720,1778.46,28
1628886780,1778.73,19
1628886840,1778.36,36
1628886900,1778.82,48
1628886960,1778.73,39
1628887020,1778.76,21
1628887080,1778.65,22
1628887140,1778.75,14
1628887200,1779.12,26
1628887260,1779.12,16
1628887320,1778.85,28
1628887380,1778.96,18
1628887440,1778.93,14
1628887500,1778.98,55
1628887560,1778.98,20
1628887620,1778.91,20
1628887680,1778.97,12
1628887740,1779.16,43
1628887800,1779.52,56
1628887860,1779.49,19
1628887920,1779.60,52
1628887980,1779.70,36
1628888040,1779.79,83
1628888100,1779.37,74
1628888160,1779.38,11
1629064920,1779.65,120
1629064980,1779.33,51
1629065040,1779.19,90
1629065100,1778.98,72
1629065160,1778.76,84
1629065220,1778.77,67
1629065280,1778.65,54
1629065340,1778.83,43
1629065400,1778.97,39
1629065460,1778.78,36
1629065520,1779.17,53
1629065580,1779.69,51
1629065640,1779.70,61
1629065700,1778.86,63
1629065760,1778.96,119
1629065820,1779.06,41
1629065880,1779.05,66
1629065940,1779.21,60
1629066000,1779.24,33
1629066060,1779.43,27
1629066120,1779.48,33
1629066180,1779.73,33
1629066240,1779.45,19
1629066300,1779.17,35
1629066360,1779.07,23
1629066420,1779.07,66
1629066480,1778.81,68
1629066540,1778.99,92
1629066600,1779.26,95
1629066660,1779.35,29
1629066720,1779.07,37
1629066780,1778.78,18
1629066840,1778.69,24
1629066900,1778.97,69
1629066960,1779.11,49
1629067020,1779.16,37
1629067080,1779.16,36
1629067140,1779.36,62
1629067200,1779.23,27
1629067260,1779.13,30
1629067320,1779.13,14
1629067380,1779.13,21
1629067440,1779.11,34
1629067500,1779.11,6
1629067560,1779.11,15
1629067620,1779.11,18
1629067680,1779.11,11
1629067740,1779.17,12
1629067800,1779.11,12
1629067860,1779.13,24
1629067920,1779.14,29
1629067980,1779.11,24
1629068040,1779.12,23
1629068100,1779.10,30
1629068160,1779.10,32
1629068220,1779.39,37
1629068280,1779.23,45
1629068340,1779.10,34
1629068400,1779.20,18
1629068460,1779.35,44
1629068520,1779.41,44
1629068580,1779.55,34
1629068640,1779.58,36
1629068700,1779.45,24
1629068760,1779.55,59
1629068820,1779.62,38
1629068880,1779.86,73
1629068940,1779.80,57
1629069000,1779.79,40
1629069060,1779.88,45
1629069120,1779.88,14
1629069180,1779.88,35
1629069240,1779.80,24
1629069300,1779.90,27
1629069360,1779.85,39
1629069420,1779.84,24
1629069480,1779.65,32
1629069540,1779.62,21
1629069600,1779.44,42
1629069660,1779.35,35
1629069720,1779.32,51
1629069780,1779.25,23
1629069840,1779.13,35
1629069900,1779.19,20
1629069960,1779.18,30
1629070020,1779.12,14
1629070080,1779.12,21
1629070140,1779.12,29
1629070200,1779.19,46
1629070260,1779.17,39
1629070320,1779.26,33
1629070380,1779.16,23
1629070440,1779.13,30
1629070500,1779.15,9
1629070560,1779.19,37
1629070620,1779.17,35
1629070680,1779.09,36
1629070740,1779.27,48
1629070800,1779.30,32
1629070860,1779.56,45
1629070920,1779.77,34
1629070980,1779.52,64
1629071040,1779.51,34
1629071100,1779.21,69
1629071160,1779.21,47
1629071220,1779.31,40
1629071280,1779.31,56
1629071340,1779.29,49
1629071400,1779.30,54
1629071460,1779.22,55
1629071520,1779.24,74
1629071580,1779.17,40
1629071640,1778.89,87
1629071700,1778.77,79
1629071760,1778.75,52
1629071820,1778.57,43
1629071880,1778.48,74
1629071940,1778.96,83
1629072000,1778.78,120
1629072060,1778.92,116
1629072120,1778.41,100
1629072180,1778.47,103
1629072240,1778.38,173
1629072300,1779.05,159
1629072360,1778.78,140
1629072420,1778.64,116
1629072480,1779.04,77
1629072540,1779.01,63
1629072600,1779.26,103
1629072660,1779.82,113
1629072720,1779.14,135
1629072780,1778.77,91
1629072840,1778.87,76
1629072900,1778.82,157
1629072960,1778.76,155
1629073020,1778.97,58
1629073080,1779.32,66
1629073140,1779.42,113
1629073200,1779.42,80
1629073260,1778.62,90
1629073320,1778.38,139
1629073380,1778.37,69
1629073440,1778.74,107
1629073500,1778.56,105
1629073560,1778.65,80
1629073620,1778.84,96
1629073680,1778.59,74
1629073740,1778.68,90
1629073800,1778.54,94
1629073860,1778.63,59
1629073920,1778.87,100
1629073980,1778.79,62
1629074040,1778.51,36
1629074100,1778.60,59
1629074160,1778.60,57
1629074220,1778.82,71
1629074280,1778.78,21
1629074340,1778.50,54
1629074400,1778.39,65
1629074460,1778.80,47
1629074520,1779.06,65
1629074580,1778.90,46
1629074640,1778.86,68
1629074700,1779.36,62
1629074760,1779.32,55
1629074820,1779.34,85
1629074880,1779.28,82
1629074940,1779.44,68
1629075000,1779.66,127
1629075060,1780.09,133
1629075120,1779.83,152
1629075180,1780.13,167
1629075240,1780.29,200
1629075300,1780.15,147
1629075360,1780.06,173
1629075420,1780.07,138
1629075480,1780.04,79
1629075540,1780.56,80
1629075600,1779.92,398
1629075660,1780.14,256
1629075720,1780.19,147
1629075780,1781.00,204
1629075840,1780.62,158
1629075900,1781.36,194
1629075960,1781.63,212
1629076020,1781.75,173
1629076080,1781.95,203
1629076140,1782.58,207
1629076200,1782.06,146
1629076260,1782.24,130
1629076320,1782.53,132
1629076380,1782.21,160
1629076440,1781.85,148
1629076500,1781.86,193
1629076560,1782.02,185
1629076620,1781.91,157
1629076680,1781.45,171
1629076740,1781.29,166
1629076800,1781.69,120
1629076860,1781.67,102
1629076920,1781.61,105
1629076980,1781.49,130
1629077040,1781.42,128
1629077100,1781.60,109
1629077160,1781.62,62
1629077220,1781.85,129
1629077280,1781.75,133
1629077340,1781.49,114
1629077400,1781.78,133
1629077460,1781.72,179
1629077520,1781.50,164
1629077580,1780.80,139
1629077640,1781.10,118
1629077700,1780.72,139
1629077760,1780.77,147
1629077820,1780.30,86
1629077880,1780.69,98
1629077940,1780.04,172
1629078000,1780.19,160
1629078060,1779.85,121
1629078120,1779.95,117
1629078180,1780.03,100
1629078240,1779.85,98
1629078300,1779.72,131
1629078360,1779.59,129
1629078420,1779.62,88
1629078480,1779.78,182
1629078540,1779.77,157
1629078600,1779.96,159
1629078660,1779.49,132
1629078720,1779.67,166
1629078780,1779.39,127
1629078840,1779.23,120
1629078900,1778.96,129
1629078960,1778.83,233
1629079020,1778.18,191
1629079080,1778.18,111
1629079140,1777.19,126
1629079200,1777.46,193
1629079260,1777.56,207
1629079320,1777.38,214
1629079380,1778.34,217
1629079440,1778.62,238
1629079500,1778.97,172
1629079560,1779.08,160
1629079620,1779.14,156
1629079680,1778.92,164
1629079740,1778.91,137
1629079800,1778.65,96
1629079860,1778.45,93
1629079920,1778.29,146
1629079980,1778.20,166
1629080040,1778.46,182
1629080100,1778.27,97
1629080160,1777.95,120
1629080220,1777.72,114
1629080280,1777.49,76
1629080340,1777.74,124
1629080400,1777.83,55
1629080460,1778.03,101
1629080520,1778.18,85
1629080580,1777.95,110
1629080640,1777.85,110
1629080700,1777.92,77
1629080760,1778.09,75
1629080820,1777.83,62
1629080880,1778.01,54
1629080940,1777.87,96
1629081000,1778.17,185
1629081060,1778.47,174
1629081120,1778.93,143
1629081180,1779.25,176
1629081240,1779.42,153
1629081300,1779.48,108
1629081360,1779.63,201
1629081420,1779.38,101
1629081480,1779.82,125
1629081540,1779.63,139
1629081600,1779.35,76
1629081660,1779.42,79
1629081720,1779.46,90
1629081780,1779.46,138
1629081840,1779.37,113
1629081900,1779.40,84
1629081960,1779.68,125
1629082020,1779.89,152
1629082080,1780.11,142
1629082140,1780.10,80
1629082200,1779.81,131
1629082260,1779.85,95
1629082320,1780.03,135
1629082380,1779.82,120
1629082440,1779.85,92
1629082500,1779.53,162
1629082560,1779.28,185
1629082620,1779.20,185
1629082680,1779.25,125
1629082740,1779.23,89
1629082800,1778.80,144
1629082860,1778.62,139
1629082920,1778.52,148
1629082980,1778.76,131
1629083040,1778.74,159
1629083100,1778.76,122
1629083160,1778.48,89
1629083220,1778.39,77
1629083280,1778.28,128
1629083340,1778.19,74
1629083400,1778.09,88
1629083460,1777.89,75
1629083520,1777.49,113
1629083580,1777.58,112
1629083640,1777.50,109
1629083700,1777.79,92
1629083760,1777.50,117
1629083820,1777.40,99
1629083880,1777.58,69
1629083940,1777.29,126
1629084000,1777.39,123
1629084060,1777.81,86
1629084120,1777.52,93
1629084180,1777.35,82
1629084240,1777.24,65
1629084300,1777.45,86
1629084360,1777.26,84
1629084420,1777.16,89
1629084480,1777.32,104
1629084540,1777.10,102
1629084600,1777.50,104
1629084660,1777.45,52
1629084720,1777.16,52
1629084780,1777.30,22
1629084840,1777.02,49
1629084900,1777.02,68
1629084960,1776.83,76
1629085020,1776.80,58
1629085080,1776.78,72
1629085140,1777.01,62
1629085200,1777.04,53
1629085260,1777.01,39
1629085320,1777.01,33
1629085380,1776.79,45
1629085440,1777.08,49
1629085500,1777.25,41
1629085560,1777.41,47
1629085620,1777.44,50
1629085680,1777.45,54
1629085740,1777.57,39
1629085800,1777.54,11
1629085860,1777.44,31
1629085920,1777.53,32
1629085980,1777.62,56
1629086040,1777.53,38
1629086100,1777.34,54
1629086160,1777.26,79
1629086220,1777.15,54
1629086280,1777.08,50
1629086340,1776.80,57
1629086400,1776.24,115
1629086460,1776.22,87
1629086520,1776.02,53
1629086580,1776.29,85
1629086640,1776.46,47
1629086700,1776.44,59
1629086760,1776.08,46
1629086820,1775.79,110
1629086880,1775.97,75
1629086940,1775.99,49
1629087000,1775.82,120
1629087060,1775.70,97
1629087120,1775.72,32
1629087180,1775.71,39
1629087240,1775.84,84
1629087300,1775.67,71
1629087360,1775.93,97
1629087420,1776.27,98
1629087480,1776.04,60
1629087540,1776.20,86
1629087600,1776.21,72
1629087660,1776.23,65
1629087720,1776.23,78
1629087780,1776.26,82
1629087840,1776.25,77
1629087900,1776.17,58
1629087960,1776.09,51
1629088020,1776.18,31
1629088080,1776.21,83
1629088140,1776.16,80
1629088200,1776.45,112
1629088260,1776.14,100
1629088320,1776.04,69
1629088380,1776.08,83
1629088440,1776.09,71
1629088500,1776.06,83
1629088560,1775.87,74
1629088620,1775.85,32
1629088680,1775.93,41
1629088740,1776.38,52
1629088800,1776.53,61
1629088860,1776.31,51
1629088920,1776.33,70
1629088980,1776.27,68
1629089040,1776.04,107
1629089100,1776.17,52
1629089160,1776.25,64
1629089220,1776.46,72
1629089280,1776.38,21
1629089340,1776.36,46
1629089400,1776.27,57
1629089460,1776.68,84
1629089520,1777.03,83
1629089580,1777.26,74
1629089640,1777.36,62
1629089700,1777.48,111
1629089760,1777.36,50
1629089820,1777.34,78
1629089880,1777.21,108
1629089940,1777.09,49
1629090000,1776.88,75
1629090060,1777.00,37
1629090120,1776.65,63
1629090180,1776.85,71
1629090240,1776.44,53
1629090300,1776.39,77
1629090360,1776.43,52
1629090420,1776.32,74
1629090480,1776.51,56
1629090540,1776.41,71
1629090600,1776.45,50
1629090660,1776.60,42
1629090720,1776.62,52
1629090780,1775.38,102
1629090840,1775.54,72
1629090900,1775.76,55
1629090960,1775.84,41
1629091020,1774.81,140
1629091080,1774.77,84
1629091140,1774.61,60
1629091200,1774.36,46
1629091260,1774.50,49
1629091320,1774.59,35
1629091380,1774.14,80
1629091440,1773.82,81
1629091500,1773.81,84
1629091560,1773.78,91
1629091620,1774.12,58
1629091680,1774.27,69
1629091740,1774.17,56
1629091800,1774.16,274
1629091860,1774.29,197
1629091920,1774.62,162
1629091980,1774.06,192
1629092040,1774.28,207
1629092100,1774.38,206
1629092160,1774.31,136
1629092220,1774.17,175
1629092280,1773.82,186
1629092340,1773.44,254
1629092400,1773.78,198
1629092460,1774.25,101
1629092520,1774.25,91
1629092580,1774.13,93
1629092640,1774.27,87
1629092700,1773.34,118
1629092760,1773.61,149
1629092820,1773.53,93
1629092880,1773.90,105
1629092940,1773.94,137
1629093000,1773.93,124
1629093060,1774.08,113
1629093120,1773.82,123
1629093180,1773.85,112
1629093240,1773.50,146
1629093300,1773.54,184
1629093360,1773.52,147
1629093420,1773.90,126
1629093480,1774.30,100
1629093540,1774.39,82
1629093600,1774.37,156
1629093660,1774.23,208
1629093720,1774.28,184
1629093780,1773.65,157
1629093840,1773.52,207
1629093900,1772.76,239
1629093960,1772.43,234
1629094020,1772.13,230
1629094080,1772.46,255
1629094140,1772.21,216
1629094200,1772.75,192
1629094260,1773.11,155
1629094320,1772.78,143
1629094380,1772.76,142
1629094440,1772.58,144
1629094500,1773.41,143
1629094560,1773.23,136
1629094620,1773.06,114
1629094680,1773.30,70
1629094740,1773.36,125
1629094800,1773.82,151
1629094860,1773.62,112
1629094920,1773.73,127
1629094980,1774.11,101
1629095040,1774.38,142
1629095100,1774.57,155
1629095160,1774.85,129
1629095220,1774.83,161
1629095280,1774.86,137
1629095340,1775.33,180
1629095400,1774.81,207
1629095460,1775.30,159
1629095520,1774.87,103
1629095580,1774.42,73
1629095640,1774.33,77
1629095700,1774.35,121
1629095760,1774.19,102
1629095820,1773.47,185
1629095880,1773.24,124
1629095940,1773.12,124
1629096000,1773.49,150
1629096060,1773.00,100
1629096120,1773.19,110
1629096180,1772.82,103
1629096240,1773.35,129
1629096300,1773.31,129
1629096360,1773.22,97
1629096420,1772.99,91
1629096480,1773.48,86
1629096540,1773.54,115
1629096600,1773.35,157
1629096660,1773.61,173
1629096720,1773.75,227
1629096780,1773.96,215
1629096840,1773.78,220
1629096900,1773.07,165
1629096960,1773.84,148
1629097020,1773.55,145
1629097080,1773.19,183
1629097140,1773.32,127
1629097200,1773.85,239
1629097260,1773.94,259
1629097320,1773.79,209
1629097380,1774.54,216
1629097440,1774.37,221
1629097500,1774.40,176
1629097560,1775.04,198
1629097620,1774.59,220
1629097680,1774.89,127
1629097740,1774.76,145
1629097800,1774.77,139
1629097860,1775.54,157
1629097920,1775.23,200
1629097980,1775.41,155
1629098040,1775.93,115
1629098100,1776.35,164
1629098160,1776.40,162
1629098220,1776.40,103
1629098280,1776.52,120
1629098340,1776.68,110
1629098400,1775.87,226
1629098460,1776.20,186
1629098520,1776.74,156
1629098580,1776.99,212
1629098640,1776.49,202
1629098700,1776.69,170
1629098760,1776.72,169
1629098820,1776.77,130
1629098880,1776.72,162
1629098940,1776.79,136
1629099000,1776.57,157
1629099060,1776.77,148
1629099120,1777.32,165
1629099180,1776.55,87
1629099240,1776.40,120
1629099300,1776.22,156
1629099360,1776.74,136
1629099420,1776.11,143
1629099480,1775.96,196
1629099540,1775.68,138
1629099600,1776.02,171
1629099660,1775.39,102
1629099720,1775.47,79
1629099780,1775.86,138
1629099840,1775.65,113
1629099900,1775.48,140
1629099960,1775.82,127
1629100020,1775.52,129
1629100080,1775.75,109
1629100140,1775.80,131
1629100200,1775.79,159
1629100260,1775.72,179
1629100320,1775.51,137
1629100380,1775.91,176
1629100440,1775.99,140
1629100500,1775.55,184
1629100560,1775.47,148
1629100620,1774.92,78
1629100680,1774.54,186
1629100740,1774.66,146
1629100800,1775.01,192
1629100860,1774.30,220
1629100920,1774.12,164
1629100980,1774.55,146
1629101040,1774.62,159
1629101100,1774.40,150
1629101160,1774.47,150
1629101220,1774.64,148
1629101280,1774.64,140
1629101340,1774.73,158
1629101400,1774.87,159
1629101460,1774.79,130
1629101520,1774.31,152
1629101580,1774.25,157
1629101640,1774.19,173
1629101700,1774.74,138
1629101760,1774.70,113
1629101820,1774.41,94
1629101880,1774.29,89
1629101940,1774.12,136
1629102000,1773.87,168
1629102060,1774.27,173
1629102120,1774.71,99
1629102180,1775.22,95
1629102240,1775.37,126
1629102300,1775.51,128
1629102360,1775.54,115
1629102420,1775.87,137
1629102480,1775.85,173
1629102540,1775.90,160
1629102600,1776.06,151
1629102660,1776.15,160
1629102720,1775.95,105
1629102780,1776.26,177
1629102840,1775.94,176
1629102900,1775.35,117
1629102960,1775.54,166
1629103020,1775.68,107
1629103080,1775.55,64
1629103140,1775.96,142
1629103200,1775.89,136
1629103260,1775.89,184
1629103320,1775.67,143
1629103380,1775.79,155
1629103440,1776.05,97
1629103500,1775.37,97
1629103560,1775.75,103
1629103620,1776.22,92
1629103680,1776.43,111
1629103740,1776.53,138
1629103800,1776.41,110
1629103860,1776.31,66
1629103920,1776.21,46
1629103980,1775.92,53
1629104040,1775.85,66
1629104100,1775.66,67
1629104160,1775.24,124
1629104220,1775.61,145
1629104280,1775.80,76
1629104340,1776.00,62
1629104400,1776.10,58
1629104460,1775.98,27
1629104520,1775.81,48
1629104580,1775.71,48
1629104640,1775.60,50
1629104700,1775.60,40
1629104760,1775.71,94
1629104820,1775.53,147
1629104880,1775.33,96
1629104940,1775.12,103
1629105000,1775.48,104
1629105060,1775.55,74
1629105120,1775.58,62
1629105180,1775.86,52
1629105240,1775.58,89
1629105300,1775.71,112
1629105360,1775.56,94
1629105420,1775.17,101
1629105480,1775.22,79
1629105540,1775.09,104
1629105600,1775.48,118
1629105660,1775.27,108
1629105720,1775.43,59
1629105780,1775.69,72
1629105840,1775.69,94
1629105900,1775.70,106
1629105960,1775.69,73
1629106020,1775.52,83
1629106080,1775.69,91
1629106140,1775.20,105
1629106200,1775.88,178
1629106260,1775.63,154
1629106320,1775.45,178
1629106380,1775.59,177
1629106440,1775.59,174
1629106500,1775.76,131
1629106560,1775.55,140
1629106620,1775.22,123
1629106680,1775.25,95
1629106740,1775.04,88
1629106800,1775.28,87
1629106860,1774.93,117
1629106920,1774.46,164
1629106980,1774.17,139
1629107040,1773.87,130
1629107100,1774.17,104
1629107160,1774.17,68
1629107220,1774.34,73
1629107280,1774.95,112
1629107340,1775.56,88
1629107400,1776.18,111
1629107460,1775.23,159
1629107520,1775.78,232
1629107580,1775.92,148
1629107640,1775.91,108
1629107700,1776.04,101
1629107760,1776.05,126
1629107820,1776.14,164
1629107880,1775.89,94
1629107940,1776.18,118
1629108000,1775.67,182
1629108060,1775.83,94
1629108120,1775.69,118
1629108180,1775.58,98
1629108240,1775.88,142
1629108300,1775.58,117
1629108360,1775.69,117
1629108420,1775.97,89
1629108480,1776.04,123
1629108540,1775.81,112
1629108600,1776.28,107
1629108660,1776.51,152
1629108720,1776.63,221
1629108780,1776.22,123
1629108840,1776.12,161
1629108900,1775.62,240
1629108960,1775.89,112
1629109020,1775.72,122
1629109080,1775.87,47
1629109140,1776.05,38
1629109200,1775.98,82
1629109260,1776.05,151
1629109320,1775.92,115
1629109380,1776.54,151
1629109440,1776.36,169
1629109500,1776.46,91
1629109560,1776.47,113
1629109620,1776.58,167
1629109680,1775.87,143
1629109740,1775.79,161
1629109800,1775.66,195
1629109860,1775.95,93
1629109920,1775.73,87
1629109980,1775.62,72
1629110040,1775.60,111
1629110100,1775.50,80
1629110160,1775.53,115
1629110220,1775.47,112
1629110280,1775.75,39
1629110340,1775.38,75
1629110400,1775.51,123
1629110460,1775.67,120
1629110520,1775.83,143
1629110580,1775.53,94
1629110640,1775.73,56
1629110700,1775.73,51
1629110760,1775.95,78
1629110820,1775.69,83
1629110880,1775.76,91
1629110940,1775.66,75
1629111000,1775.56,85
1629111060,1775.29,104
1629111120,1775.35,85
1629111180,1775.61,110
1629111240,1775.50,112
1629111300,1775.22,98
1629111360,1775.19,73
1629111420,1775.10,44
1629111480,1774.74,99
1629111540,1774.78,91
1629111600,1774.62,137
1629111660,1774.44,100
1629111720,1774.43,80
1629111780,1774.33,91
1629111840,1774.33,109
1629111900,1774.57,135
1629111960,1774.69,186
1629112020,1774.69,142
1629112080,1774.69,121
1629112140,1774.48,110
1629112200,1774.39,119
1629112260,1773.32,208
1629112320,1773.53,119
1629112380,1772.96,129
1629112440,1773.32,193
1629112500,1773.46,162
1629112560,1773.79,137
1629112620,1773.53,111
1629112680,1774.04,156
1629112740,1773.84,112
1629112800,1773.51,135
1629112860,1772.87,178
1629112920,1773.15,126
1629112980,1772.57,89
1629113040,1772.76,125
1629113100,1773.05,101
1629113160,1772.86,73
1629113220,1773.18,113
1629113280,1773.14,158
1629113340,1772.69,106
1629113400,1773.08,121
1629113460,1772.61,112
1629113520,1772.51,104
1629113580,1772.15,241
1629113640,1771.93,208
1629113700,1771.66,249
1629113760,1771.94,179
1629113820,1772.08,169
1629113880,1773.12,243
1629113940,1773.16,149
1629114000,1773.27,136
1629114060,1772.80,142
1629114120,1772.84,86
1629114180,1772.83,98
1629114240,1772.72,182
1629114300,1772.72,148
1629114360,1772.25,166
1629114420,1772.06,149
1629114480,1771.25,165
1629114540,1771.73,206
1629114600,1771.36,192
1629114660,1771.66,188
1629114720,1771.66,125
1629114780,1771.52,180
1629114840,1771.64,131
1629114900,1771.31,160
1629114960,1771.22,150
1629115020,1771.15,117
1629115080,1771.21,114
1629115140,1772.20,199
1629115200,1772.07,221
1629115260,1773.90,300
1629115320,1774.25,270
1629115380,1773.89,238
1629115440,1773.66,210
1629115500,1773.59,154
1629115560,1773.65,179
1629115620,1774.41,156
1629115680,1774.54,173
1629115740,1774.87,155
1629115800,1774.63,200
1629115860,1774.85,212
1629115920,1774.91,185
1629115980,1774.46,163
1629116040,1774.58,165
1629116100,1774.37,163
1629116160,1774.48,174
1629116220,1774.78,206
1629116280,1774.95,156
1629116340,1775.06,190
1629116400,1775.41,272
1629116460,1776.07,284
1629116520,1775.12,254
1629116580,1773.97,268
1629116640,1774.82,259
1629116700,1774.63,273
1629116760,1775.43,227
1629116820,1775.33,213
1629116880,1776.10,210
1629116940,1776.07,188
1629117000,1775.38,354
1629117060,1776.25,292
1629117120,1775.73,321
1629117180,1777.23,284
1629117240,1778.24,372
1629117300,1778.88,316
1629117360,1778.66,316
1629117420,1778.71,229
1629117480,1779.12,229
1629117540,1779.11,306
1629117600,1779.09,247
1629117660,1779.71,160
1629117720,1779.93,258
1629117780,1781.11,259
1629117840,1781.17,287
1629117900,1780.97,240
1629117960,1780.49,289
1629118020,1780.98,183
1629118080,1780.50,297
1629118140,1780.48,197
1629118200,1780.21,227
1629118260,1779.53,239
1629118320,1778.91,255
1629118380,1779.03,178
1629118440,1778.79,200
1629118500,1778.90,147
1629118560,1779.11,177
1629118620,1779.00,106
1629118680,1778.25,246
1629118740,1778.34,216
1629118800,1778.13,305
1629118860,1778.67,276
1629118920,1779.28,346
1629118980,1779.40,305
1629119040,1780.17,268
1629119100,1779.49,261
1629119160,1779.89,218
1629119220,1779.87,219
1629119280,1780.17,267
1629119340,1780.00,349
1629119400,1781.49,301
1629119460,1780.91,197
1629119520,1781.47,194
1629119580,1781.88,293
1629119640,1782.43,188
1629119700,1781.84,262
1629119760,1782.62,290
1629119820,1781.91,264
1629119880,1781.68,266
1629119940,1781.68,149
1629120000,1781.57,173
1629120060,1781.56,124
1629120120,1781.31,122
1629120180,1781.76,154
1629120240,1782.11,256
1629120300,1781.63,326
1629120360,1781.52,201
1629120420,1781.24,245
1629120480,1782.17,233
1629120540,1782.19,165
1629120600,1781.58,319
1629120660,1781.27,277
1629120720,1782.35,226
1629120780,1781.57,314
1629120840,1782.13,315
1629120900,1782.42,370
1629120960,1784.95,407
1629121020,1785.72,340
1629121080,1785.71,344
1629121140,1785.24,291
1629121200,1784.45,316
1629121260,1785.40,315
1629121320,1784.50,281
1629121380,1784.39,310
1629121440,1784.11,313
1629121500,1784.84,350
1629121560,1784.77,346
1629121620,1785.43,281
1629121680,1784.98,256
1629121740,1785.06,283
1629121800,1785.74,263
1629121860,1785.81,323
1629121920,1785.68,287
1629121980,1786.03,264
1629122040,1786.19,278
1629122100,1785.79,291
1629122160,1786.64,280
1629122220,1786.68,273
1629122280,1786.73,304
1629122340,1786.65,264
1629122400,1785.58,343
1629122460,1785.57,293
1629122520,1785.02,344
1629122580,1784.72,326
1629122640,1785.56,257
1629122700,1785.41,258
1629122760,1785.24,257
1629122820,1785.07,334
1629122880,1783.96,331
1629122940,1783.20,306
1629123000,1783.36,258
1629123060,1783.22,197
1629123120,1782.77,205
1629123180,1783.21,227
1629123240,1783.26,248
1629123300,1783.56,242
1629123360,1784.46,315
1629123420,1784.56,259
1629123480,1785.03,276
1629123540,1785.18,305
1629123600,1784.91,267
1629123660,1785.26,228
1629123720,1785.30,258
1629123780,1785.20,285
1629123840,1785.66,223
1629123900,1785.75,251
1629123960,1786.09,252
1629124020,1786.44,242
1629124080,1786.63,277
1629124140,1786.07,284
1629124200,1786.05,307
1629124260,1786.38,274
1629124320,1786.90,249
1629124380,1787.20,269
1629124440,1787.42,288
1629124500,1786.99,305
1629124560,1787.38,254
1629124620,1787.71,247
1629124680,1788.05,230
1629124740,1788.07,284
1629124800,1788.34,255
1629124860,1788.88,227
1629124920,1788.39,269
1629124980,1788.03,198
1629125040,1788.15,212
1629125100,1788.12,194
1629125160,1787.51,216
1629125220,1788.37,200
1629125280,1788.70,170
1629125340,1788.83,172
1629125400,1788.64,171
1629125460,1788.88,178
1629125520,1788.83,227
1629125580,1788.88,206
1629125640,1788.75,223
1629125700,1789.05,209
1629125760,1788.74,161
1629125820,1788.65,229
1629125880,1788.82,228
1629125940,1788.50,207
1629126000,1788.13,295
1629126060,1788.73,267
1629126120,1789.01,190
1629126180,1788.72,199
1629126240,1787.86,152
1629126300,1787.38,184
1629126360,1787.08,198
1629126420,1787.07,196
1629126480,1787.17,156
1629126540,1786.90,168
1629126600,1786.60,124
1629126660,1786.12,138
1629126720,1786.64,156
1629126780,1786.85,164
1629126840,1787.25,148
1629126900,1787.80,187
1629126960,1787.57,169
1629127020,1788.03,147
1629127080,1788.26,135
1629127140,1787.26,155
1629127200,1787.13,200
1629127260,1786.81,132
1629127320,1786.88,84
1629127380,1787.21,135
1629127440,1787.23,144
1629127500,1787.29,116
1629127560,1786.79,147
1629127620,1786.76,141
1629127680,1786.38,176
1629127740,1786.46,181
1629127800,1786.32,141
1629127860,1785.65,154
1629127920,1785.68,173
1629127980,1785.53,101
1629128040,1785.23,144
1629128100,1784.83,164
1629128160,1784.61,220
1629128220,1784.07,189
1629128280,1784.44,156
1629128340,1784.40,146
1629128400,1784.81,190
1629128460,1785.20,164
1629128520,1784.83,147
1629128580,1785.00,50
1629128640,1785.84,187
1629128700,1785.52,154
1629128760,1785.42,125
1629128820,1785.65,144
1629128880,1785.48,141
1629128940,1785.09,87
1629129000,1785.04,95
1629129060,1785.22,108
1629129120,1785.28,99
1629129180,1784.98,79
1629129240,1785.50,153
1629129300,1785.35,153
1629129360,1785.87,116
1629129420,1785.88,124
1629129480,1786.38,89
1629129540,1786.11,89
1629129600,1785.48,121
1629129660,1785.62,96
1629129720,1786.21,95
1629129780,1786.16,94
1629129840,1785.96,83
1629129900,1786.24,61
1629129960,1786.46,79
1629130020,1786.52,68
1629130080,1786.54,103
1629130140,1786.55,162
1629130200,1786.63,94
1629130260,1786.42,92
1629130320,1786.32,80
1629130380,1786.32,69
1629130440,1786.49,51
1629130500,1786.32,50
1629130560,1786.03,99
1629130620,1786.45,114
1629130680,1786.04,144
1629130740,1785.88,49
1629130800,1785.67,66
1629130860,1785.87,72
1629130920,1785.72,55
1629130980,1785.80,75
1629131040,1785.73,90
1629131100,1785.88,72
1629131160,1785.84,67
1629131220,1785.75,66
1629131280,1786.02,78
1629131340,1786.08,68
1629131400,1786.05,98
1629131460,1785.97,53
1629131520,1786.09,62
1629131580,1786.15,66
1629131640,1786.24,86
1629131700,1786.43,85
1629131760,1786.43,66
1629131820,1786.21,72
1629131880,1786.22,48
1629131940,1786.26,50
1629132000,1786.40,83
1629132060,1786.32,70
1629132120,1786.38,75
1629132180,1786.28,106
1629132240,1786.40,80
1629132300,1786.45,113
1629132360,1786.60,30
1629132420,1786.61,67
1629132480,1786.79,91
1629132540,1786.80,82
1629132600,1786.69,106
1629132660,1786.69,81
1629132720,1786.56,60
1629132780,1786.46,79
1629132840,1786.16,57
1629132900,1786.46,78
1629132960,1786.36,55
1629133020,1786.36,59
1629133080,1786.52,83
1629133140,1786.70,113
1629133200,1786.96,79
1629133260,1786.65,106
1629133320,1786.78,87
1629133380,1786.80,30
1629133440,1786.66,45
1629133500,1786.49,61
1629133560,1786.39,58
1629133620,1786.31,85
1629133680,1786.20,88
1629133740,1786.10,34
1629133800,1785.84,94
1629133860,1785.94,41
1629133920,1785.98,52
1629133980,1786.31,79
1629134040,1786.14,61
1629134100,1786.16,136
1629134160,1786.05,123
1629134220,1786.26,108
1629134280,1786.35,42
1629134340,1786.31,49
1629134400,1786.38,85
1629134460,1786.44,85
1629134520,1786.61,95
1629134580,1786.78,78
1629134640,1786.73,125
1629134700,1786.94,109
1629134760,1787.01,75
1629134820,1787.08,114
1629134880,1787.22,128
1629134940,1787.88,267
1629135000,1787.25,103
1629135060,1787.13,82
1629135120,1787.31,45
1629135180,1787.29,75
1629135240,1787.00,73
1629135300,1786.98,37
1629135360,1787.18,72
1629135420,1786.99,62
1629135480,1786.79,56
1629135540,1786.71,53
1629135600,1786.86,44
1629135660,1786.67,65
1629135720,1786.87,101
1629135780,1786.99,81
1629135840,1786.96,101
1629135900,1786.77,83
1629135960,1787.16,93
1629136020,1787.27,72
1629136080,1787.36,44
1629136140,1787.45,79
1629136200,1787.26,84
1629136260,1786.98,84
1629136320,1787.18,54
1629136380,1787.09,33
1629136440,1787.07,41
1629136500,1787.18,91
1629136560,1787.08,75
1629136620,1786.98,81
1629136680,1786.89,84
1629136740,1786.99,48
1629136800,1786.79,70
1629136860,1786.89,42
1629136920,1786.79,36
1629136980,1786.60,44
1629137040,1786.03,99
1629137100,1786.52,74
1629137160,1786.61,38
1629137220,1786.47,62
1629137280,1786.26,70
1629137340,1786.15,47
1629137400,1786.26,35
1629137460,1786.45,30
1629137520,1786.17,72
1629137580,1786.26,41
1629137640,1786.26,62
1629137700,1786.17,58
1629137760,1786.36,80
1629137820,1786.26,86
1629137880,1786.46,79
1629137940,1786.65,87
1629138000,1786.94,56
1629138060,1787.04,73
1629138120,1787.13,33
1629138180,1786.95,65
1629138240,1786.85,61
1629138300,1786.95,50
1629138360,1786.98,34
1629138420,1786.85,21
1629138480,1786.74,34
1629138540,1786.64,40
1629138600,1786.73,25
1629138660,1786.95,73
1629138720,1786.98,43
1629138780,1787.09,37
1629138840,1787.12,70
1629138900,1787.19,39
1629138960,1787.18,37
1629139020,1787.08,24
1629139080,1786.98,38
1629139140,1786.99,34
1629139200,1787.16,68
1629139260,1787.32,77
1629139320,1787.22,42
1629139380,1787.20,57
1629139440,1786.98,84
1629139500,1787.04,89
1629139560,1786.88,72
1629139620,1786.89,124
1629139680,1786.88,93
1629139740,1787.06,106
1629139800,1787.17,131
1629139860,1787.27,110
1629139920,1787.33,56
1629139980,1787.41,56
1629140040,1787.32,37
1629140100,1787.41,45
1629140160,1787.41,103
1629140220,1787.51,68
1629140280,1787.51,73
1629140340,1787.50,118
1629140400,1787.57,113
1629140460,1787.65,56
1629140520,1787.99,66
1629140580,1787.74,112
1629140640,1787.63,88
1629140700,1787.84,52
1629140760,1787.72,55
1629140820,1787.81,71
1629140880,1787.90,28
1629140940,1787.93,23
1629141000,1787.91,42
1629141060,1788.01,36
1629141120,1788.19,63
1629141180,1788.00,17
1629141240,1787.90,41
1629141300,1787.82,33
1629141360,1787.76,36
1629141420,1787.78,22
1629141480,1787.93,49
1629141540,1787.94,84
1629141600,1787.84,69
1629141660,1787.69,60
1629141720,1787.85,52
1629141780,1787.70,38
1629141840,1787.68,44
1629141900,1787.65,93
1629141960,1787.75,58
1629142020,1787.55,80
1629142080,1787.54,91
1629142140,1787.65,77
1629142200,1787.64,51
1629142260,1787.64,34
1629142320,1787.64,63
1629142380,1787.74,41
1629142440,1787.74,68
1629142500,1787.63,51
1629142560,1787.63,54
1629142620,1787.54,25
1629142680,1787.93,73
1629142740,1788.03,91
1629142800,1788.03,80
1629142860,1788.33,106
1629142920,1788.15,62
1629142980,1787.96,33
1629143040,1787.85,65
1629143100,1787.86,41
1629143160,1788.10,34
1629143220,1788.14,38
1629143280,1787.95,48
1629143340,1787.68,102
1629143400,1787.97,92
1629143460,1787.99,55
1629143520,1787.85,55
1629143580,1787.91,46
1629143640,1788.12,68
1629143700,1787.91,75
1629143760,1787.90,54
1629143820,1788.05,80
1629143880,1787.72,184
1629143940,1787.43,192
1629144000,1787.53,149
1629144060,1787.53,32
1629144120,1787.53,13
1629144180,1787.37,33
1629144240,1787.34,35
1629144300,1787.25,13
1629144360,1787.25,12
1629144420,1787.25,22
1629144480,1787.25,18
1629144540,1787.16,17
1629144600,1787.16,27
1629144660,1787.16,50
1629144720,1787.26,49
1629144780,1787.27,31
1629144840,1787.12,58
1629144900,1787.23,55
1629144960,1787.27,34
1629145020,1787.37,29
1629145080,1787.27,74
1629145140,1787.17,45
1629145200,1787.18,63
1629145260,1787.16,29
1629145320,1787.36,45
1629145380,1787.26,14
1629145440,1787.14,44
1629145500,1787.27,62
1629145560,1787.07,81
1629145620,1787.06,20
1629145680,1786.78,39
1629145740,1786.68,57
1629145800,1786.61,75
1629145860,1786.69,25
1629145920,1787.58,29
1629145980,1787.28,37
1629146040,1787.22,30
1629146100,1787.19,56
1629146160,1787.12,6
1629146220,1787.08,12
1629146280,1787.02,4
1629146340,1787.19,16
1629146400,1787.34,13
1629146460,1787.18,11
1629146520,1787.24,13
1629146580,1787.22,12
1629146640,1787.43,40
1629146700,1787.33,46
1629146760,1787.28,29
1629146820,1787.47,28
1629146880,1787.52,42
1629146940,1787.75,41
1629147000,1787.58,69
1629147060,1787.48,42
1629147120,1787.49,15
1629147180,1787.49,19
1629147240,1787.29,12
1629147300,1787.27,41
1629147360,1787.17,6
1629151320,1787.27,39
1629151380,1787.16,21
1629151440,1787.25,21
1629151500,1787.17,20
1629151560,1787.07,16
1629151620,1787.11,20
1629151680,1787.16,11
1629151740,1787.08,20
1629151800,1787.14,9
1629151860,1787.08,11
1629151920,1787.14,27
1629151980,1787.14,11
1629152040,1787.14,13
1629152100,1787.02,11
1629152160,1787.10,17
1629152220,1787.03,13
1629152280,1787.19,18
1629152340,1787.23,11
1629152400,1787.21,18
1629152460,1787.26,11
1629152520,1787.24,13
1629152580,1787.29,13
1629152640,1787.26,13
1629152700,1787.23,9
1629152760,1787.28,15
1629152820,1787.34,8
1629152880,1787.35,25
1629152940,1787.33,12
1629153000,1787.23,34
1629153060,1787.22,34
1629153120,1787.21,17
1629153180,1787.21,9
1629153240,1787.11,26
1629153300,1787.11,15
1629153360,1787.07,24
1629153420,1787.11,42
1629153480,1787.01,18
1629153540,1787.02,11
1629153600,1787.11,21
1629153660,1787.01,38
1629153720,1786.93,62
1629153780,1786.82,34
1629153840,1786.92,45
1629153900,1787.07,62
1629153960,1787.66,64
1629154020,1787.48,58
1629154080,1787.52,23
1629154140,1787.58,15
1629154200,1787.55,23
1629154260,1787.46,15
1629154320,1787.59,63
1629154380,1787.70,27
1629154440,1787.77,37
1629154500,1787.53,43
1629154560,1787.50,9
1629154620,1787.56,14
1629154680,1787.53,11
1629154740,1787.55,11
1629154800,1787.82,67
1629154860,1787.98,45
1629154920,1787.95,30
1629154980,1788.02,14
1629155040,1788.13,27
1629155100,1788.07,52
1629155160,1788.20,48
1629155220,1788.30,16
1629155280,1788.05,37
1629155340,1788.24,42
1629155400,1788.16,47
1629155460,1787.92,54
1629155520,1788.20,42
1629155580,1788.25,40
1629155640,1788.39,58
1629155700,1788.39,15
1629155760,1788.34,61
1629155820,1788.36,79
1629155880,1788.08,36
1629155940,1788.05,16
1629156000,1787.95,69
1629156060,1787.76,72
1629156120,1787.85,20
1629156180,1787.86,32
1629156240,1787.77,18
1629156300,1787.77,7
1629156360,1787.85,14
1629156420,1787.77,19
1629156480,1787.81,20
1629156540,1787.65,16
1629156600,1787.83,27
1629156660,1787.67,32
1629156720,1787.63,16
1629156780,1787.72,10
1629156840,1787.52,26
1629156900,1787.15,46
1629156960,1787.13,30
1629157020,1787.32,9
1629157080,1787.22,9
1629157140,1787.22,19
1629157200,1787.12,14
1629157260,1787.20,11
1629157320,1787.30,13
1629157380,1787.11,34
1629157440,1787.19,33
1629157500,1787.09,30
1629157560,1787.28,52
1629157620,1787.36,17
1629157680,1787.07,9
1629157740,1787.06,17
1629157800,1787.26,24
1629157860,1787.72,51
1629157920,1787.71,35
1629157980,1787.52,30
1629158040,1787.32,24
1629158100,1787.41,24
1629158160,1787.41,31
1629158220,1787.31,22
1629158280,1787.48,39
1629158340,1787.57,34
1629158400,1787.50,58
1629158460,1787.18,68
1629158520,1786.78,71
1629158580,1786.93,110
1629158640,1786.59,92
1629158700,1786.78,61
1629158760,1786.81,57
1629158820,1786.90,59
1629158880,1786.80,63
1629158940,1786.68,65
1629159000,1787.06,71
1629159060,1786.84,107
1629159120,1786.66,98
1629159180,1786.61,70
1629159240,1786.51,64
1629159300,1786.60,45
1629159360,1786.59,19
1629159420,1786.58,67
1629159480,1786.48,50
1629159540,1786.66,61
1629159600,1786.58,46
1629159660,1786.49,42
1629159720,1786.63,47
1629159780,1786.68,51
1629159840,1786.81,71
1629159900,1786.49,76
1629159960,1786.56,31
1629160020,1786.46,74
1629160080,1786.73,63
1629160140,1786.87,73
1629160200,1787.05,53
1629160260,1786.95,58
1629160320,1786.80,63
1629160380,1786.61,30
1629160440,1786.60,34
1629160500,1786.56,50
1629160560,1786.78,72
1629160620,1786.65,122
1629160680,1786.87,88
1629160740,1787.11,89
1629160800,1786.99,98
1629160860,1786.99,103
1629160920,1786.88,50
1629160980,1786.84,146
1629161040,1786.92,92
1629161100,1787.05,88
1629161160,1786.83,65
1629161220,1786.61,68
1629161280,1787.05,103
1629161340,1787.23,86
1629161400,1787.00,131
1629161460,1786.81,131
1629161520,1786.54,94
1629161580,1786.49,64
1629161640,1786.79,119
1629161700,1786.80,127
1629161760,1786.98,85
1629161820,1787.20,46
1629161880,1786.99,54
1629161940,1786.89,48
1629162000,1787.49,297
1629162060,1786.54,295
1629162120,1786.77,236
1629162180,1787.57,195
1629162240,1787.74,157
1629162300,1788.29,178
1629162360,1788.70,168
1629162420,1788.22,182
1629162480,1787.70,185
1629162540,1787.53,159
1629162600,1787.45,157
1629162660,1787.20,128
1629162720,1787.19,156
1629162780,1787.39,129
1629162840,1787.04,124
1629162900,1787.25,115
1629162960,1787.16,136
1629163020,1787.03,195
1629163080,1786.89,175
1629163140,1786.75,149
1629163200,1786.61,142
1629163260,1786.70,115
1629163320,1786.70,87
1629163380,1786.32,161
1629163440,1786.50,149
1629163500,1786.13,105
1629163560,1786.43,137
1629163620,1786.48,155
1629163680,1786.54,125
1629163740,1786.64,144
1629163800,1786.65,179
1629163860,1786.47,182
1629163920,1785.33,212
1629163980,1785.56,265
1629164040,1785.35,287
1629164100,1785.55,222
1629164160,1785.46,188
1629164220,1785.49,136
1629164280,1785.66,174
1629164340,1785.19,95
1629164400,1785.09,125
1629164460,1784.97,122
1629164520,1785.10,99
1629164580,1784.88,119
1629164640,1785.26,101
1629164700,1785.20,97
1629164760,1785.18,129
1629164820,1784.97,99
1629164880,1785.49,206
1629164940,1785.50,167
1629165000,1785.98,159
1629165060,1785.55,168
1629165120,1785.38,75
1629165180,1785.38,86
1629165240,1785.38,95
1629165300,1785.17,123
1629165360,1785.12,92
1629165420,1784.78,104
1629165480,1784.75,122
1629165540,1784.87,159
1629165600,1785.62,146
1629165660,1786.00,156
1629165720,1785.93,121
1629165780,1786.06,182
1629165840,1785.40,143
1629165900,1785.59,140
1629165960,1785.91,76
1629166020,1786.45,82
1629166080,1786.11,119
1629166140,1786.05,102
1629166200,1786.25,109
1629166260,1786.60,128
1629166320,1786.60,75
1629166380,1786.32,87
1629166440,1786.18,114
1629166500,1786.35,56
1629166560,1786.32,16
1629166620,1786.42,27
1629166680,1786.32,53
1629166740,1786.12,45
1629166800,1786.04,52
1629166860,1786.14,54
1629166920,1786.02,62
1629166980,1786.27,46
1629167040,1786.25,37
1629167100,1786.31,60
1629167160,1786.25,57
1629167220,1785.94,53
1629167280,1786.02,67
1629167340,1786.34,94
1629167400,1786.78,111
1629167460,1786.49,105
1629167520,1786.41,109
1629167580,1786.19,171
1629167640,1785.28,225
1629167700,1785.31,170
1629167760,1785.40,159
1629167820,1785.39,202
1629167880,1785.55,184
1629167940,1785.75,129
1629168000,1785.39,133
1629168060,1785.38,132
1629168120,1785.40,175
1629168180,1785.42,169
1629168240,1785.71,171
1629168300,1785.77,130
1629168360,1785.71,100
1629168420,1786.94,162
1629168480,1787.01,132
1629168540,1787.33,116
1629168600,1787.55,72
1629168660,1787.54,92
1629168720,1787.26,122
1629168780,1787.20,141
1629168840,1787.38,196
1629168900,1786.99,139
1629168960,1787.04,157
1629169020,1786.88,126
1629169080,1786.66,90
1629169140,1786.66,118
1629169200,1786.62,131
1629169260,1786.76,58
1629169320,1786.29,86
1629169380,1786.29,59
1629169440,1787.03,133
1629169500,1786.98,103
1629169560,1787.36,116
1629169620,1787.27,99
1629169680,1787.44,175
1629169740,1787.16,97
1629169800,1787.35,134
1629169860,1787.55,106
1629169920,1786.87,74
1629169980,1786.77,86
1629170040,1786.77,51
1629170100,1786.88,55
1629170160,1786.97,55
1629170220,1786.90,58
1629170280,1786.72,125
1629170340,1786.79,44
1629170400,1786.69,64
1629170460,1786.79,33
1629170520,1786.45,36
1629170580,1786.39,26
1629170640,1786.35,77
1629170700,1786.31,65
1629170760,1786.34,56
1629170820,1786.34,57
1629170880,1786.15,80
1629170940,1785.96,82
1629171000,1786.26,61
1629171060,1786.63,45
1629171120,1786.44,62
1629171180,1786.54,15
1629171240,1786.53,39
1629171300,1786.35,69
1629171360,1786.35,84
1629171420,1786.34,39
1629171480,1786.25,80
1629171540,1786.34,71
1629171600,1786.43,54
1629171660,1786.54,29
1629171720,1786.44,36
1629171780,1786.24,62
1629171840,1786.25,79
1629171900,1786.28,84
1629171960,1786.14,37
1629172020,1786.05,33
1629172080,1786.12,43
1629172140,1786.18,25
1629172200,1786.17,42
1629172260,1785.95,26
1629172320,1785.95,23
1629172380,1786.04,55
1629172440,1785.91,22
1629172500,1785.99,72
1629172560,1786.18,41
1629172620,1786.00,32
1629172680,1785.91,16
1629172740,1785.99,18
1629172800,1786.17,37
1629172860,1785.98,64
1629172920,1786.83,64
1629172980,1786.70,60
1629173040,1786.60,50
1629173100,1786.51,25
1629173160,1786.40,40
1629173220,1786.31,30
1629173280,1786.30,32
1629173340,1786.31,48
1629173400,1786.20,29
1629173460,1786.57,44
1629173520,1786.68,27
1629173580,1786.67,49
1629173640,1786.55,18
1629173700,1786.35,41
1629173760,1786.44,21
1629173820,1786.20,52
1629173880,1786.22,60
1629173940,1786.12,44
1629174000,1786.02,51
1629174060,1786.14,50
1629174120,1786.32,39
1629174180,1786.44,23
1629174240,1786.34,23
1629174300,1786.59,47
1629174360,1786.31,63
1629174420,1786.22,35
1629174480,1786.33,23
1629174540,1786.25,31
1629174600,1786.23,53
1629174660,1786.41,34
1629174720,1786.33,38
1629174780,1786.05,40
1629174840,1786.14,58
1629174900,1786.21,58
1629174960,1786.40,41
1629175020,1786.25,68
1629175080,1785.58,78
1629175140,1785.74,63
1629175200,1785.75,72
1629175260,1786.03,100
1629175320,1785.62,79
1629175380,1785.83,42
1629175440,1785.95,48
1629175500,1785.84,72
1629175560,1785.94,30
1629175620,1786.04,48
1629175680,1786.26,63
1629175740,1786.19,33
1629175800,1786.14,45
1629175860,1786.23,53
1629175920,1785.92,65
1629175980,1785.89,73
1629176040,1786.01,74
1629176100,1786.10,76
1629176160,1786.19,47
1629176220,1786.19,73
1629176280,1786.20,79
1629176340,1786.11,56
1629176400,1786.15,107
1629176460,1786.23,74
1629176520,1786.54,85
1629176580,1786.63,92
1629176640,1786.87,59
1629176700,1786.66,81
1629176760,1787.15,54
1629176820,1787.04,45
1629176880,1787.13,28
1629176940,1787.09,29
1629177000,1787.29,34
1629177060,1787.40,99
1629177120,1787.40,67
1629177180,1787.62,82
1629177240,1787.42,111
1629177300,1787.81,104
1629177360,1787.74,116
1629177420,1787.76,73
1629177480,1787.31,55
1629177540,1787.04,77
1629177600,1787.23,45
1629177660,1787.51,81
1629177720,1787.97,61
1629177780,1787.57,62
1629177840,1787.53,66
1629177900,1787.51,43
1629177960,1787.53,77
1629178020,1787.71,62
1629178080,1787.56,41
1629178140,1787.40,82
1629178200,1787.18,188
1629178260,1788.50,176
1629178320,1787.77,194
1629178380,1788.18,122
1629178440,1788.71,191
1629178500,1788.52,144
1629178560,1789.25,140
1629178620,1790.30,299
1629178680,1790.99,266
1629178740,1791.23,250
1629178800,1791.46,226
1629178860,1791.47,173
1629178920,1790.86,191
1629178980,1790.62,182
1629179040,1790.65,85
1629179100,1791.10,171
1629179160,1790.86,136
1629179220,1791.13,142
1629179280,1791.26,122
1629179340,1791.85,146
1629179400,1792.17,171
1629179460,1792.25,126
1629179520,1792.22,167
1629179580,1792.13,155
1629179640,1791.45,183
1629179700,1791.64,162
1629179760,1791.48,157
1629179820,1791.40,125
1629179880,1791.50,124
1629179940,1791.54,153
1629180000,1792.44,202
1629180060,1792.17,233
1629180120,1792.41,247
1629180180,1792.53,211
1629180240,1792.10,195
1629180300,1791.44,163
1629180360,1791.62,177
1629180420,1791.82,120
1629180480,1791.71,186
1629180540,1791.70,129
1629180600,1791.65,162
1629180660,1791.59,140
1629180720,1791.44,143
1629180780,1791.51,162
1629180840,1791.52,144
1629180900,1792.04,155
1629180960,1792.08,73
1629181020,1792.17,125
1629181080,1792.36,97
1629181140,1792.15,108
1629181200,1792.46,121
1629181260,1792.37,118
1629181320,1792.76,191
1629181380,1792.76,213
1629181440,1792.82,188
1629181500,1792.50,157
1629181560,1792.38,131
1629181620,1792.15,109
1629181680,1792.09,112
1629181740,1791.77,168
1629181800,1792.25,145
1629181860,1792.28,85
1629181920,1791.97,180
1629181980,1791.87,156
1629182040,1791.96,132
1629182100,1792.05,186
1629182160,1792.06,115
1629182220,1792.38,110
1629182280,1791.93,204
1629182340,1791.24,217
1629182400,1791.03,167
1629182460,1791.39,135
1629182520,1791.41,94
1629182580,1791.73,127
1629182640,1791.49,131
1629182700,1791.67,98
1629182760,1792.06,164
1629182820,1791.73,108
1629182880,1791.78,104
1629182940,1791.40,114
1629183000,1791.16,88
1629183060,1791.46,49
1629183120,1791.90,174
1629183180,1791.86,142
1629183240,1791.66,164
1629183300,1791.66,102
1629183360,1791.93,191
1629183420,1791.55,88
1629183480,1791.33,158
1629183540,1791.09,166
1629183600,1791.31,194
1629183660,1791.66,205
1629183720,1791.67,247
1629183780,1792.02,237
1629183840,1792.92,182
1629183900,1792.95,190
1629183960,1793.44,221
1629184020,1793.54,146
1629184080,1793.17,140
1629184140,1793.70,121
1629184200,1793.84,152
1629184260,1793.07,166
1629184320,1793.54,216
1629184380,1794.50,198
1629184440,1794.44,193
1629184500,1793.50,221
1629184560,1793.99,162
1629184620,1793.98,168
1629184680,1794.02,117
1629184740,1794.47,132
1629184800,1794.74,123
1629184860,1794.58,77
1629184920,1795.03,163
1629184980,1794.05,181
1629185040,1794.04,124
1629185100,1794.68,142
1629185160,1794.90,188
1629185220,1795.15,151
1629185280,1794.74,170
1629185340,1794.84,209
1629185400,1795.19,206
1629185460,1794.45,191
1629185520,1794.56,138
1629185580,1794.34,90
1629185640,1794.36,121
1629185700,1793.25,153
1629185760,1793.53,183
1629185820,1793.83,198
1629185880,1793.76,152
1629185940,1793.85,198
1629186000,1794.62,174
1629186060,1794.43,174
1629186120,1794.56,182
1629186180,1794.36,124
1629186240,1794.07,148
1629186300,1793.88,151
1629186360,1793.59,155
1629186420,1793.49,90
1629186480,1793.33,94
1629186540,1793.19,92
1629186600,1793.70,131
1629186660,1793.67,107
1629186720,1793.64,102
1629186780,1793.36,97
1629186840,1793.06,137
1629186900,1793.28,82
1629186960,1793.11,143
1629187020,1792.93,86
1629187080,1793.02,100
1629187140,1792.92,115
1629187200,1792.22,170
1629187260,1791.85,192
1629187320,1791.76,148
1629187380,1791.44,158
1629187440,1791.56,147
1629187500,1791.48,132
1629187560,1791.85,121
1629187620,1791.80,116
1629187680,1791.98,57
1629187740,1791.91,105
1629187800,1792.08,167
1629187860,1792.41,150
1629187920,1792.44,140
1629187980,1792.33,115
1629188040,1791.84,162
1629188100,1792.18,116
1629188160,1792.25,109
1629188220,1792.17,123
1629188280,1792.24,164
1629188340,1792.53,149
1629188400,1793.01,169
1629188460,1793.03,162
1629188520,1792.58,119
1629188580,1792.84,163
1629188640,1793.23,103
1629188700,1793.80,226
1629188760,1794.00,159
1629188820,1793.60,169
1629188880,1793.56,93
1629188940,1793.59,128
1629189000,1793.42,145
1629189060,1793.21,110
1629189120,1793.20,118
1629189180,1793.23,115
1629189240,1793.12,111
1629189300,1793.39,116
1629189360,1793.24,128
1629189420,1793.46,45
1629189480,1793.46,104
1629189540,1793.50,71
1629189600,1793.48,71
1629189660,1793.20,84
1629189720,1793.22,116
1629189780,1793.03,64
1629189840,1793.12,75
1629189900,1793.32,69
1629189960,1793.17,139
1629190020,1792.95,101
1629190080,1793.09,136
1629190140,1793.22,130
1629190200,1793.86,113
1629190260,1794.33,114
1629190320,1793.87,149
1629190380,1793.68,148
1629190440,1793.75,148
1629190500,1794.19,89
1629190560,1794.23,133
1629190620,1794.41,101
1629190680,1794.51,84
1629190740,1794.59,119
1629190800,1794.48,70
1629190860,1794.58,94
1629190920,1794.14,188
1629190980,1794.16,179
1629191040,1794.27,58
1629191100,1793.95,149
1629191160,1794.12,73
1629191220,1793.98,89
1629191280,1793.94,115
1629191340,1794.04,78
1629191400,1793.84,86
1629191460,1792.89,122
1629191520,1793.17,104
1629191580,1793.13,94
1629191640,1793.30,58
1629191700,1793.48,69
1629191760,1793.28,89
1629191820,1793.00,108
1629191880,1793.12,125
1629191940,1793.42,127
1629192000,1793.20,142
1629192060,1793.27,136
1629192120,1793.12,62
1629192180,1793.14,144
1629192240,1793.14,129
1629192300,1793.49,95
1629192360,1793.35,59
1629192420,1793.27,66
1629192480,1793.46,66
1629192540,1793.34,80
1629192600,1792.95,144
1629192660,1792.96,120
1629192720,1793.73,121
1629192780,1794.11,138
1629192840,1794.08,102
1629192900,1794.08,120
1629192960,1794.19,96
1629193020,1794.34,75
1629193080,1794.35,82
1629193140,1794.30,94
1629193200,1794.50,108
1629193260,1794.84,134
1629193320,1794.96,86
1629193380,1794.87,58
1629193440,1794.89,40
1629193500,1794.81,106
1629193560,1794.00,141
1629193620,1794.13,102
1629193680,1794.14,121
1629193740,1794.44,70
1629193800,1794.25,98
1629193860,1794.51,61
1629193920,1794.59,76
1629193980,1793.92,116
1629194040,1793.95,164
1629194100,1794.29,199
1629194160,1794.32,55
1629194220,1794.24,65
1629194280,1793.86,83
1629194340,1793.93,51
1629194400,1794.30,130
1629194460,1794.43,100
1629194520,1794.51,84
1629194580,1794.46,100
1629194640,1794.56,77
1629194700,1794.30,87
1629194760,1794.22,72
1629194820,1793.91,95
1629194880,1793.97,59
1629194940,1793.90,68
1629195000,1793.80,49
1629195060,1793.87,75
1629195120,1794.29,40
1629195180,1794.05,59
1629195240,1794.38,66
1629195300,1794.45,61
1629195360,1794.19,100
1629195420,1794.22,70
1629195480,1794.30,45
1629195540,1794.41,49
1629195600,1794.73,87
1629195660,1794.89,70
1629195720,1794.65,121
1629195780,1794.77,75
1629195840,1794.65,53
1629195900,1794.35,75
1629195960,1794.53,79
1629196020,1794.53,115
1629196080,1794.62,98
1629196140,1794.33,59
1629196200,1794.14,26
1629196260,1794.31,52
1629196320,1793.93,90
1629196380,1793.99,78
1629196440,1794.06,85
1629196500,1794.23,79
1629196560,1794.79,63
1629196620,1794.90,72
1629196680,1794.63,96
1629196740,1794.48,90
1629196800,1794.76,99
1629196860,1794.80,82
1629196920,1794.85,58
1629196980,1794.88,62
1629197040,1794.95,98
1629197100,1794.84,120
1629197160,1794.64,61
1629197220,1794.54,60
1629197280,1794.63,69
1629197340,1794.91,95
1629197400,1794.88,41
1629197460,1795.05,124
1629197520,1794.87,86
1629197580,1794.84,108
1629197640,1794.88,89
1629197700,1794.80,75
1629197760,1794.84,66
1629197820,1794.79,64
1629197880,1794.92,99
1629197940,1794.97,125
1629198000,1794.68,164
1629198060,1794.52,121
1629198120,1794.47,76
1629198180,1794.44,70
1629198240,1794.54,68
1629198300,1794.44,102
1629198360,1794.16,73
1629198420,1794.06,53
1629198480,1794.52,95
1629198540,1794.42,110
1629198600,1794.42,88
1629198660,1794.42,98
1629198720,1794.32,81
1629198780,1794.41,59
1629198840,1794.49,87
1629198900,1794.94,97
1629198960,1794.85,106
1629199020,1794.76,70
1629199080,1794.94,169
1629199140,1793.99,134
1629199200,1794.00,181
1629199260,1794.08,125
1629199320,1793.99,158
1629199380,1794.18,153
1629199440,1794.45,136
1629199500,1794.12,153
1629199560,1793.70,149
1629199620,1793.59,115
1629199680,1793.59,132
1629199740,1793.71,119
1629199800,1793.50,138
1629199860,1793.77,178
1629199920,1793.76,106
1629199980,1793.49,111
1629200040,1793.76,103
1629200100,1793.90,119
1629200160,1793.70,118
1629200220,1793.70,159
1629200280,1793.32,136
1629200340,1793.53,55
1629200400,1793.85,90
1629200460,1793.55,81
1629200520,1793.43,71
1629200580,1793.51,76
1629200640,1793.39,59
1629200700,1793.37,76
1629200760,1793.38,49
1629200820,1793.28,40
1629200880,1792.72,96
1629200940,1792.39,151
1629201000,1792.67,180
1629201060,1792.74,128
1629201120,1792.75,111
1629201180,1792.18,127
1629201240,1792.18,197
1629201300,1792.58,122
1629201360,1792.44,125
1629201420,1792.50,119
1629201480,1792.31,102
1629201540,1791.41,220
1629201600,1791.90,188
1629201660,1791.82,179
1629201720,1791.76,129
1629201780,1791.27,127
1629201840,1791.13,240
1629201900,1791.38,173
1629201960,1791.38,135
1629202020,1791.71,156
1629202080,1791.86,123
1629202140,1792.03,135
1629202200,1792.34,98
1629202260,1792.52,159
1629202320,1792.30,87
1629202380,1792.34,135
1629202440,1792.47,133
1629202500,1792.63,133
1629202560,1792.44,101
1629202620,1792.91,79
1629202680,1792.75,295
1629202740,1792.49,184
1629202800,1792.94,227
1629202860,1793.45,281
1629202920,1793.68,205
1629202980,1793.03,191
1629203040,1793.18,158
1629203100,1792.63,222
1629203160,1792.35,212
1629203220,1792.51,131
1629203280,1792.02,136
1629203340,1792.27,193
1629203400,1793.18,439
1629203460,1793.27,405
1629203520,1790.40,445
1629203580,1788.59,476
1629203640,1788.19,435
1629203700,1790.41,403
1629203760,1790.92,346
1629203820,1791.55,370
1629203880,1791.44,304
1629203940,1791.96,271
1629204000,1792.48,361
1629204060,1791.27,360
1629204120,1790.91,349
1629204180,1790.29,304
1629204240,1790.18,311
1629204300,1790.80,370
1629204360,1790.78,289
1629204420,1791.05,311
1629204480,1791.01,288
1629204540,1790.64,317
1629204600,1790.87,275
1629204660,1790.22,278
1629204720,1789.28,315
1629204780,1789.32,278
1629204840,1789.56,302
1629204900,1789.50,238
1629204960,1789.69,209
1629205020,1789.41,209
1629205080,1789.02,207
1629205140,1789.52,249
1629205200,1789.28,378
1629205260,1788.94,335
1629205320,1789.53,256
1629205380,1789.96,302
1629205440,1789.46,378
1629205500,1789.84,293
1629205560,1790.30,277
1629205620,1790.32,275
1629205680,1790.16,288
1629205740,1790.35,236
1629205800,1790.31,272
1629205860,1790.17,240
1629205920,1789.65,258
1629205980,1789.37,257
1629206040,1789.43,241
1629206100,1787.80,323
1629206160,1788.68,253
1629206220,1787.03,353
1629206280,1787.31,319
1629206340,1788.30,285
1629206400,1787.59,272
1629206460,1788.24,226
1629206520,1788.04,257
1629206580,1787.52,307
1629206640,1787.36,289
1629206700,1787.89,270
1629206760,1788.56,244
1629206820,1788.49,225
1629206880,1788.52,265
1629206940,1788.26,201
1629207000,1788.52,415
1629207060,1789.69,400
1629207120,1790.21,373
1629207180,1789.95,354
1629207240,1791.06,374
1629207300,1790.07,354
1629207360,1789.27,340
1629207420,1790.55,377
1629207480,1791.43,309
1629207540,1790.30,350
1629207600,1792.04,343
1629207660,1791.36,296
1629207720,1791.49,237
1629207780,1791.47,266
1629207840,1791.43,281
1629207900,1792.07,291
1629207960,1792.11,387
1629208020,1792.40,263
1629208080,1791.68,249
1629208140,1791.56,184
1629208200,1792.07,267
1629208260,1791.73,236
1629208320,1791.70,221
1629208380,1791.00,239
1629208440,1791.03,268
1629208500,1791.37,272
1629208560,1790.80,194
1629208620,1790.32,176
1629208680,1790.41,167
1629208740,1789.83,217
1629208800,1789.78,370
1629208860,1789.25,330
1629208920,1789.28,280
1629208980,1789.22,261
1629209040,1788.86,255
1629209100,1788.07,267
1629209160,1788.58,318
1629209220,1788.90,224
1629209280,1788.29,201
1629209340,1787.71,211
1629209400,1788.32,220
1629209460,1787.06,277
1629209520,1784.89,420
1629209580,1783.44,338
1629209640,1782.44,390
1629209700,1782.03,376
1629209760,1782.26,369
1629209820,1782.12,393
1629209880,1782.12,316
1629209940,1783.14,305
1629210000,1783.86,336
1629210060,1783.80,270
1629210120,1783.92,242
1629210180,1784.77,263
1629210240,1784.75,211
1629210300,1784.97,225
1629210360,1785.40,197
1629210420,1786.22,252
1629210480,1786.42,216
1629210540,1786.59,243
1629210600,1785.79,278
1629210660,1785.29,302
1629210720,1785.43,230
1629210780,1784.76,265
1629210840,1784.67,268
1629210900,1785.17,287
1629210960,1784.92,267
1629211020,1785.37,245
1629211080,1784.91,162
1629211140,1784.99,222
1629211200,1784.68,180
1629211260,1785.03,240
1629211320,1785.14,180
1629211380,1785.23,203
1629211440,1785.07,182
1629211500,1785.53,257
1629211560,1786.21,262
1629211620,1786.37,196
1629211680,1785.94,195
1629211740,1786.30,186
1629211800,1786.21,237
1629211860,1785.71,239
1629211920,1785.85,196
1629211980,1785.56,152
1629212040,1785.32,167
1629212100,1785.02,142
1629212160,1784.15,220
1629212220,1783.87,215
1629212280,1783.99,199
1629212340,1783.42,232
1629212400,1782.85,224
1629212460,1782.55,224
1629212520,1782.53,186
1629212580,1781.78,210
1629212640,1782.72,224
1629212700,1783.11,165
1629212760,1782.67,176
1629212820,1783.23,176
1629212880,1783.68,185
1629212940,1783.98,154
1629213000,1783.83,133
1629213060,1783.28,194
1629213120,1782.42,152
1629213180,1782.59,170
1629213240,1783.14,144
1629213300,1782.77,132
1629213360,1782.79,161
1629213420,1782.79,116
1629213480,1782.59,111
1629213540,1782.47,102
1629213600,1781.78,123
1629213660,1782.24,170
1629213720,1782.98,160
1629213780,1783.12,136
1629213840,1783.21,130
1629213900,1783.16,87
1629213960,1783.60,164
1629214020,1783.46,134
1629214080,1783.28,130
1629214140,1782.84,102
1629214200,1782.43,141
1629214260,1781.91,136
1629214320,1781.77,120
1629214380,1781.89,145
1629214440,1781.70,134
1629214500,1781.88,209
1629214560,1781.41,117
1629214620,1781.25,163
1629214680,1781.72,152
1629214740,1781.98,131
1629214800,1781.20,190
1629214860,1781.51,150
1629214920,1781.82,209
1629214980,1781.27,188
1629215040,1781.39,129
1629215100,1781.80,220
1629215160,1781.49,153
1629215220,1781.29,188
1629215280,1781.19,99
1629215340,1781.13,203
1629215400,1781.01,154
1629215460,1781.40,155
1629215520,1781.82,124
1629215580,1781.89,118
1629215640,1781.79,69
1629215700,1781.97,124
1629215760,1782.10,109
1629215820,1782.24,142
1629215880,1782.84,140
1629215940,1782.74,155
1629216000,1782.56,142
1629216060,1782.74,109
1629216120,1783.41,134
1629216180,1783.31,111
1629216240,1783.50,92
1629216300,1783.28,93
1629216360,1783.29,90
1629216420,1783.20,89
1629216480,1783.11,118
1629216540,1783.02,69
1629216600,1783.46,123
1629216660,1783.21,83
1629216720,1783.33,85
1629216780,1783.90,148
1629216840,1784.00,103
1629216900,1783.88,157
1629216960,1783.74,95
1629217020,1783.42,130
1629217080,1783.62,145
1629217140,1783.35,93
1629217200,1783.30,107
1629217260,1783.32,108
1629217320,1783.60,104
1629217380,1783.40,69
1629217440,1783.55,104
1629217500,1783.31,86
1629217560,1783.25,75
1629217620,1783.49,90
1629217680,1783.59,44
1629217740,1783.69,99
1629217800,1783.50,73
1629217860,1783.40,76
1629217920,1783.41,51
1629217980,1783.38,47
1629218040,1783.39,40
1629218100,1783.49,78
1629218160,1783.49,80
1629218220,1783.23,86
1629218280,1783.00,75
1629218340,1783.05,78
1629218400,1783.12,116
1629218460,1783.01,101
1629218520,1783.33,114
1629218580,1783.06,121
1629218640,1783.00,108
1629218700,1783.18,105
1629218760,1783.18,90
1629218820,1782.80,106
1629218880,1782.69,69
1629218940,1783.08,110
1629219000,1783.17,99
1629219060,1782.87,88
1629219120,1782.78,88
1629219180,1782.71,117
1629219240,1782.80,94
1629219300,1782.70,85
1629219360,1782.70,82
1629219420,1782.59,112
1629219480,1782.78,102
1629219540,1782.49,82
1629219600,1782.78,151
1629219660,1782.97,137
1629219720,1783.06,87
1629219780,1782.88,77
1629219840,1782.91,92
1629219900,1782.40,94
1629219960,1782.30,112
1629220020,1782.97,120
1629220080,1783.09,139
1629220140,1782.98,131
1629220200,1783.06,92
1629220260,1783.74,94
1629220320,1783.85,99
1629220380,1784.58,161
1629220440,1784.66,184
1629220500,1784.41,214
1629220560,1784.76,161
1629220620,1784.50,158
1629220680,1784.18,119
1629220740,1784.29,143
1629220800,1784.75,164
1629220860,1784.45,145
1629220920,1784.50,147
1629220980,1784.75,145
1629221040,1784.99,156
1629221100,1785.52,164
1629221160,1785.97,128
1629221220,1785.96,139
1629221280,1786.17,124
1629221340,1785.72,230
1629221400,1785.90,205
1629221460,1786.05,160
1629221520,1785.60,134
1629221580,1785.32,126
1629221640,1785.61,115
1629221700,1785.61,108
1629221760,1785.68,61
1629221820,1785.40,178
1629221880,1785.21,116
1629221940,1785.22,141
1629222000,1785.30,82
1629222060,1785.39,139
1629222120,1785.53,85
1629222180,1785.69,112
1629222240,1785.50,92
1629222300,1785.40,110
1629222360,1785.49,58
1629222420,1785.49,43
1629222480,1785.40,33
1629222540,1785.29,62
1629222600,1785.01,75
1629222660,1785.10,67
1629222720,1784.91,70
1629222780,1785.11,92
1629222840,1785.11,88
1629222900,1784.89,129
1629222960,1784.78,62
1629223020,1784.26,176
1629223080,1784.21,131
1629223140,1784.30,163
1629223200,1784.57,192
1629223260,1784.61,107
1629223320,1783.99,142
1629223380,1784.36,110
1629223440,1783.94,83
1629223500,1784.34,112
1629223560,1784.25,70
1629223620,1784.40,83
1629223680,1784.44,78
1629223740,1784.15,47
1629223800,1784.35,68
1629223860,1783.95,61
1629223920,1783.95,81
1629223980,1783.90,46
1629224040,1784.26,108
1629224100,1784.31,67
1629224160,1784.45,96
1629224220,1784.46,85
1629224280,1784.39,70
1629224340,1784.47,78
1629224400,1784.60,106
1629224460,1784.45,65
1629224520,1784.45,49
1629224580,1784.44,68
1629224640,1784.87,91
1629224700,1784.68,89
1629224760,1784.55,112
1629224820,1784.15,84
1629224880,1784.21,90
1629224940,1784.29,68
1629225000,1783.98,110
1629225060,1783.61,96
1629225120,1783.51,62
1629225180,1783.33,89
1629225240,1783.57,102
1629225300,1783.60,69
1629225360,1783.64,90
1629225420,1783.93,112
1629225480,1783.53,51
1629225540,1783.32,37
1629225600,1783.12,71
1629225660,1783.32,75
1629225720,1783.04,64
1629225780,1783.13,79
1629225840,1783.01,101
1629225900,1782.97,77
1629225960,1783.32,47
1629226020,1783.13,24
1629226080,1783.22,27
1629226140,1783.02,31
1629226200,1783.01,65
1629226260,1782.92,64
1629226320,1782.93,70
1629226380,1782.98,91
1629226440,1783.21,74
1629226500,1783.12,58
1629226560,1782.83,64
1629226620,1783.19,70
1629226680,1783.03,58
1629226740,1783.16,123
1629226800,1783.01,81
1629226860,1782.83,71
1629226920,1783.11,87
1629226980,1783.06,102
1629227040,1783.10,63
1629227100,1783.00,80
1629227160,1783.00,37
1629227220,1782.70,57
1629227280,1782.49,88
1629227340,1782.65,77
1629227400,1782.73,51
1629227460,1782.73,42
1629227520,1782.93,55
1629227580,1782.93,13
1629227640,1782.84,56
1629227700,1782.87,57
1629227760,1782.88,29
1629227820,1782.98,24
1629227880,1782.98,30
1629227940,1782.90,53
1629228000,1782.81,21
1629228060,1782.76,30
1629228120,1782.71,46
1629228180,1782.79,27
1629228240,1782.78,32
1629228300,1782.90,27
1629228360,1782.91,42
1629228420,1782.91,57
1629228480,1782.82,38
1629228540,1782.90,60
1629228600,1783.09,55
1629228660,1783.09,70
1629228720,1783.17,30
1629228780,1783.17,65
1629228840,1783.14,114
1629228900,1783.10,91
1629228960,1783.10,57
1629229020,1783.09,62
1629229080,1783.11,31
1629229140,1783.11,64
1629229200,1783.12,77
1629229260,1783.22,50
1629229320,1783.48,49
1629229380,1783.58,23
1629229440,1783.57,35
1629229500,1783.57,53
1629229560,1783.71,58
1629229620,1783.68,123
1629229680,1783.90,144
1629229740,1784.07,107
1629229800,1784.46,134
1629229860,1784.49,69
1629229920,1784.76,46
1629229980,1784.83,49
1629230040,1784.86,89
1629230100,1784.98,83
1629230160,1785.01,41
1629230220,1785.24,87
1629230280,1785.52,62
1629230340,1785.20,112
1629230400,1785.19,93
1629230460,1785.01,61
1629230520,1784.90,28
1629230580,1784.99,22
1629230640,1784.90,18
1629230700,1784.88,37
1629230760,1784.89,26
1629230820,1784.79,14
1629230880,1785.00,16
1629230940,1785.00,13
1629231000,1785.00,24
1629231060,1785.00,13
1629231120,1784.96,11
1629231180,1784.97,28
1629231240,1785.06,26
1629231300,1785.30,31
1629231360,1785.25,18
1629231420,1785.25,29
1629231480,1785.22,17
1629231540,1785.23,28
1629231600,1785.21,13
1629231660,1784.95,20
1629231720,1784.87,23
1629231780,1784.96,6
1629231840,1784.97,12
1629231900,1784.97,4
1629231960,1785.15,14
1629232020,1785.25,7
1629232080,1785.10,8
1629232140,1785.16,12
1629232200,1785.09,33
1629232260,1785.00,21
1629232320,1785.06,14
1629232380,1785.00,18
1629232440,1785.18,18
1629232500,1785.28,17
1629232560,1785.21,13
1629232620,1785.19,14
1629232680,1785.20,23
1629232740,1785.19,10
1629232800,1785.18,9
1629232860,1785.21,30
1629232920,1785.37,13
1629232980,1785.39,1
1629233040,1785.38,18
1629233100,1785.47,21
1629233160,1785.58,26
1629233220,1785.66,10
1629233280,1785.66,25
1629233340,1785.76,32
1629233400,1785.85,28
1629233460,1785.85,9
1629233520,1785.86,12
1629233580,1785.87,21
1629233640,1785.85,19
1629233700,1785.95,24
1629233760,1786.04,9
1629237720,1785.91,34
1629237780,1786.18,57
1629237840,1786.22,44
1629237900,1786.10,22
1629237960,1786.02,30
1629238020,1785.94,27
1629238080,1786.02,15
1629238140,1786.02,4
1629238200,1785.92,19
1629238260,1785.77,40
1629238320,1785.77,19
1629238380,1785.85,18
1629238440,1785.85,20
1629238500,1785.81,20
1629238560,1785.87,22
1629238620,1785.88,12
1629238680,1785.88,8
1629238740,1785.78,13
1629238800,1785.73,26
1629238860,1785.67,36
1629238920,1785.69,55
1629238980,1785.62,66
1629239040,1785.69,52
1629239100,1785.85,86
1629239160,1785.82,23
1629239220,1785.92,81
1629239280,1785.96,54
1629239340,1785.86,41
1629239400,1786.45,71
1629239460,1786.30,41
1629239520,1786.30,12
1629239580,1786.38,21
1629239640,1786.53,34
1629239700,1786.32,35
1629239760,1786.43,32
1629239820,1786.11,103
1629239880,1785.99,32
1629239940,1786.18,39
1629240000,1786.26,30
1629240060,1786.35,36
1629240120,1786.45,43
1629240180,1786.78,65
1629240240,1786.67,50
1629240300,1786.67,38
1629240360,1786.78,27
1629240420,1786.47,88
1629240480,1786.63,60
1629240540,1786.85,56
1629240600,1786.84,44
1629240660,1786.84,27
1629240720,1786.83,14
1629240780,1786.74,9
1629240840,1786.74,31
1629240900,1786.54,49
1629240960,1786.69,27
1629241020,1786.68,15
1629241080,1786.57,32
1629241140,1786.37,41
1629241200,1786.64,15
1629241260,1786.47,59
1629241320,1786.37,31
1629241380,1786.17,25
1629241440,1786.26,22
1629241500,1786.07,52
1629241560,1786.16,30
1629241620,1786.16,21
1629241680,1786.26,21
1629241740,1786.16,18
1629241800,1785.97,21
1629241860,1786.06,32
1629241920,1785.88,24
1629241980,1785.79,37
1629242040,1785.78,64
1629242100,1785.83,73
1629242160,1786.06,32
1629242220,1785.93,48
1629242280,1785.81,30
1629242340,1785.82,32
1629242400,1785.85,32
1629242460,1785.89,20
1629242520,1786.00,25
1629242580,1785.88,20
1629242640,1785.98,20
1629242700,1785.99,10
1629242760,1785.73,52
1629242820,1785.71,26
1629242880,1785.84,16
1629242940,1785.84,13
1629243000,1785.84,23
1629243060,1785.94,36
1629243120,1785.94,7
1629243180,1785.94,17
1629243240,1785.94,15
1629243300,1785.85,16
1629243360,1785.72,27
1629243420,1785.72,14
1629243480,1785.73,23
1629243540,1785.70,26
1629243600,1785.67,20
1629243660,1785.85,23
1629243720,1786.00,35
1629243780,1785.81,31
1629243840,1785.51,68
1629243900,1785.56,70
1629243960,1785.81,40
1629244020,1785.54,53
1629244080,1785.55,35
1629244140,1785.57,50
1629244200,1785.59,41
1629244260,1785.76,45
1629244320,1785.69,32
1629244380,1785.80,38
1629244440,1785.74,28
1629244500,1785.64,33
1629244560,1785.73,46
1629244620,1785.94,41
1629244680,1786.10,32
1629244740,1786.21,44
1629244800,1786.04,90
1629244860,1785.76,91
1629244920,1785.80,115
1629244980,1785.54,78
1629245040,1785.78,101
1629245100,1785.94,78
1629245160,1786.09,56
1629245220,1786.04,77
1629245280,1785.75,65
1629245340,1786.05,77
1629245400,1786.23,62
1629245460,1786.38,56
1629245520,1786.26,69
1629245580,1786.30,41
1629245640,1786.38,74
1629245700,1786.39,63
1629245760,1786.57,68
1629245820,1786.79,102
1629245880,1786.62,43
1629245940,1786.75,59
1629246000,1786.32,83
1629246060,1786.57,89
1629246120,1786.47,78
1629246180,1786.45,59
1629246240,1786.44,110
1629246300,1786.13,71
1629246360,1786.04,58
1629246420,1786.38,50
1629246480,1786.05,50
1629246540,1786.19,51
1629246600,1786.19,65
1629246660,1786.32,50
1629246720,1786.09,54
1629246780,1786.30,52
1629246840,1786.38,45
1629246900,1786.51,45
1629246960,1786.23,63
1629247020,1785.65,56
1629247080,1785.38,31
1629247140,1785.64,39
1629247200,1785.53,93
1629247260,1785.65,85
1629247320,1785.45,90
1629247380,1785.31,125
1629247440,1785.17,94
1629247500,1785.14,86
1629247560,1785.87,142
1629247620,1785.80,89
1629247680,1785.56,52
1629247740,1785.34,69
1629247800,1785.59,90
1629247860,1785.84,69
1629247920,1785.95,65
1629247980,1785.66,60
1629248040,1785.93,137
1629248100,1785.98,84
1629248160,1785.68,64
1629248220,1785.84,76
1629248280,1785.62,90
1629248340,1785.96,84
1629248400,1786.32,328
1629248460,1786.39,191
1629248520,1785.86,175
1629248580,1786.06,170
1629248640,1786.43,196
1629248700,1787.37,233
1629248760,1787.46,202
1629248820,1787.43,164
1629248880,1787.83,154
1629248940,1787.70,150
1629249000,1787.99,194
1629249060,1788.03,229
1629249120,1788.44,143
1629249180,1788.22,181
1629249240,1788.18,144
1629249300,1788.49,190
1629249360,1788.74,156
1629249420,1788.10,138
1629249480,1787.73,126
1629249540,1787.86,134
1629249600,1788.21,98
1629249660,1788.79,136
1629249720,1788.78,110
1629249780,1788.44,133
1629249840,1788.85,118
1629249900,1788.86,119
1629249960,1788.59,114
1629250020,1788.87,130
1629250080,1788.91,117
1629250140,1788.78,193
1629250200,1789.03,140
1629250260,1789.08,119
1629250320,1789.10,131
1629250380,1789.23,177
1629250440,1789.35,136
1629250500,1789.11,106
1629250560,1789.12,204
1629250620,1789.01,138
1629250680,1788.88,141
1629250740,1788.74,151
1629250800,1788.81,161
1629250860,1788.63,159
1629250920,1788.42,148
1629250980,1788.22,114
1629251040,1788.21,124
1629251100,1788.01,129
1629251160,1787.87,133
1629251220,1788.12,97
1629251280,1788.80,162
1629251340,1789.04,166
1629251400,1789.12,137
1629251460,1789.16,129
1629251520,1789.26,103
1629251580,1789.29,119
1629251640,1789.56,114
1629251700,1789.70,140
1629251760,1789.56,108
1629251820,1789.76,65
1629251880,1789.69,97
1629251940,1789.86,100
1629252000,1789.78,333
1629252060,1789.44,223
1629252120,1788.81,199
1629252180,1788.95,168
1629252240,1788.97,150
1629252300,1788.74,151
1629252360,1788.76,137
1629252420,1788.83,128
1629252480,1788.83,165
1629252540,1788.77,184
1629252600,1788.92,155
1629252660,1788.82,153
1629252720,1788.82,88
1629252780,1788.73,164
1629252840,1788.81,170
1629252900,1788.86,106
1629252960,1788.82,126
1629253020,1788.61,99
1629253080,1788.85,114
1629253140,1788.60,62
1629253200,1788.49,95
1629253260,1788.77,79
1629253320,1788.62,73
1629253380,1788.78,61
1629253440,1788.48,91
1629253500,1788.43,52
1629253560,1788.51,77
1629253620,1788.80,87
1629253680,1789.20,61
1629253740,1789.12,103
1629253800,1789.50,158
1629253860,1789.41,111
1629253920,1789.69,108
1629253980,1790.00,138
1629254040,1789.76,106
1629254100,1789.89,156
1629254160,1790.00,130
1629254220,1789.93,81
1629254280,1789.82,110
1629254340,1789.72,102
1629254400,1789.94,122
1629254460,1789.88,96
1629254520,1789.96,92
1629254580,1789.93,133
1629254640,1789.74,174
1629254700,1789.83,138
1629254760,1790.28,128
1629254820,1790.65,119
1629254880,1790.58,162
1629254940,1790.35,142
1629255000,1790.61,121
1629255060,1790.47,82
1629255120,1790.47,92
1629255180,1790.58,67
1629255240,1790.71,70
1629255300,1790.70,69
1629255360,1790.70,98
1629255420,1790.80,134
1629255480,1791.11,86
1629255540,1791.27,42
1629255600,1791.71,103
1629255660,1791.87,123
1629255720,1792.01,171
1629255780,1792.00,138
1629255840,1791.69,126
1629255900,1791.66,100
1629255960,1791.71,84
1629256020,1791.80,96
1629256080,1791.74,102
1629256140,1791.89,60
1629256200,1791.89,87
1629256260,1791.89,94
1629256320,1792.04,92
1629256380,1792.00,36
1629256440,1791.68,86
1629256500,1791.24,165
1629256560,1791.27,108
1629256620,1791.21,99
1629256680,1791.25,54
1629256740,1790.92,102
1629256800,1790.81,72
1629256860,1790.71,59
1629256920,1790.71,45
1629256980,1790.71,53
1629257040,1790.26,58
1629257100,1790.76,102
1629257160,1790.87,119
1629257220,1790.88,83
1629257280,1790.89,110
1629257340,1791.10,123
1629257400,1790.64,109
1629257460,1790.66,46
1629257520,1790.67,48
1629257580,1790.46,62
1629257640,1790.25,84
1629257700,1790.19,53
1629257760,1790.25,52
1629257820,1790.26,38
1629257880,1790.42,30
1629257940,1790.36,27
1629258000,1790.46,49
1629258060,1790.49,98
1629258120,1790.68,32
1629258180,1790.15,58
1629258240,1790.27,68
1629258300,1790.32,32
1629258360,1790.24,57
1629258420,1790.34,46
1629258480,1790.24,48
1629258540,1789.90,65
1629258600,1789.85,67
1629258660,1789.95,57
1629258720,1789.87,86
1629258780,1790.12,73
1629258840,1790.20,59
1629258900,1790.18,70
1629258960,1790.14,72
1629259020,1790.25,51
1629259080,1790.16,74
1629259140,1790.27,41
1629259200,1789.96,76
1629259260,1790.05,46
1629259320,1790.13,56
1629259380,1790.23,49
1629259440,1790.23,58
1629259500,1790.26,36
1629259560,1790.26,61
1629259620,1790.35,69
1629259680,1790.37,65
1629259740,1790.35,90
1629259800,1790.24,54
1629259860,1789.94,136
1629259920,1789.76,81
1629259980,1789.81,82
1629260040,1789.41,84
1629260100,1789.94,128
1629260160,1789.91,79
1629260220,1789.71,91
1629260280,1789.43,110
1629260340,1789.65,94
1629260400,1789.66,80
1629260460,1789.77,79
1629260520,1789.66,69
1629260580,1789.70,58
1629260640,1789.61,6
1629260700,1789.75,39
1629260760,1789.81,42
1629260820,1789.86,76
1629260880,1789.83,53
1629260940,1789.80,112
1629261000,1789.50,105
1629261060,1789.88,56
1629261120,1789.60,80
1629261180,1789.50,35
1629261240,1789.64,90
1629261300,1789.42,49
1629261360,1789.61,104
1629261420,1789.62,63
1629261480,1789.51,63
1629261540,1789.51,70
1629261600,1789.44,59
1629261660,1789.49,63
1629261720,1789.60,79
1629261780,1789.62,20
1629261840,1789.22,43
1629261900,1789.42,97
1629261960,1789.32,39
1629262020,1789.59,62
1629262080,1789.34,84
1629262140,1789.01,54
1629262200,1788.90,77
1629262260,1788.83,68
1629262320,1789.06,100
1629262380,1788.86,90
1629262440,1788.78,99
1629262500,1789.18,121
1629262560,1789.04,98
1629262620,1789.18,127
1629262680,1789.44,106
1629262740,1789.46,75
1629262800,1789.47,85
1629262860,1789.44,78
1629262920,1789.53,57
1629262980,1789.66,72
1629263040,1789.60,99
1629263100,1789.57,55
1629263160,1789.94,48
1629263220,1789.90,63
1629263280,1789.99,53
1629263340,1790.03,74
1629263400,1790.03,93
1629263460,1789.93,118
1629263520,1790.14,85
1629263580,1789.88,31
1629263640,1789.51,78
1629263700,1789.27,41
1629263760,1789.16,33
1629263820,1789.08,31
1629263880,1789.07,67
1629263940,1788.98,29
1629264000,1789.06,52
1629264060,1789.04,21
1629264120,1789.02,52
1629264180,1789.08,13
1629264240,1788.81,32
1629264300,1788.79,39
1629264360,1788.96,30
1629264420,1788.96,27
1629264480,1788.97,71
1629264540,1788.89,76
1629264600,1789.23,207
1629264660,1788.38,256
1629264720,1788.23,131
1629264780,1788.38,130
1629264840,1788.58,151
1629264900,1788.64,127
1629264960,1788.32,140
1629265020,1788.14,166
1629265080,1788.04,109
1629265140,1788.59,123
1629265200,1788.95,116
1629265260,1789.33,132
1629265320,1789.19,133
1629265380,1789.01,127
1629265440,1789.01,78
1629265500,1789.49,137
1629265560,1789.44,83
1629265620,1789.53,93
1629265680,1789.59,52
1629265740,1789.73,60
1629265800,1789.95,85
1629265860,1789.89,97
1629265920,1790.02,66
1629265980,1790.24,70
1629266040,1790.60,71
1629266100,1790.67,103
1629266160,1790.24,149
1629266220,1790.16,114
1629266280,1790.32,102
1629266340,1790.69,98
1629266400,1790.96,154
1629266460,1790.77,166
1629266520,1791.07,147
1629266580,1791.30,105
1629266640,1791.38,185
1629266700,1791.51,139
1629266760,1791.12,87
1629266820,1791.18,131
1629266880,1791.37,88
1629266940,1791.35,129
1629267000,1791.86,154
1629267060,1791.71,148
1629267120,1791.90,124
1629267180,1791.70,184
1629267240,1791.88,128
1629267300,1791.74,159
1629267360,1791.18,67
1629267420,1791.62,116
1629267480,1792.03,103
1629267540,1792.31,123
1629267600,1791.74,172
1629267660,1791.84,117
1629267720,1791.96,96
1629267780,1791.65,116
1629267840,1791.63,79
1629267900,1791.91,84
1629267960,1791.99,84
1629268020,1791.87,102
1629268080,1792.12,87
1629268140,1791.69,100
1629268200,1792.00,92
1629268260,1791.91,95
1629268320,1792.29,123
1629268380,1792.93,155
1629268440,1792.86,189
1629268500,1792.70,151
1629268560,1792.85,148
1629268620,1792.84,124
1629268680,1792.88,73
1629268740,1792.35,99
1629268800,1792.31,126
1629268860,1792.22,68
1629268920,1792.31,95
1629268980,1792.89,88
1629269040,1793.23,93
1629269100,1793.12,115
1629269160,1792.72,92
1629269220,1792.86,139
1629269280,1793.06,99
1629269340,1793.13,98
1629269400,1792.87,40
1629269460,1793.13,114
1629269520,1792.43,146
1629269580,1792.96,116
1629269640,1793.03,131
1629269700,1792.72,95
1629269760,1792.26,115
1629269820,1792.28,99
1629269880,1792.13,125
1629269940,1791.77,168
1629270000,1792.30,245
1629270060,1792.59,173
1629270120,1791.99,134
1629270180,1791.59,142
1629270240,1791.81,198
1629270300,1791.81,150
1629270360,1791.90,119
1629270420,1791.70,105
1629270480,1791.82,122
1629270540,1791.81,103
1629270600,1792.02,96
1629270660,1792.31,168
1629270720,1792.21,92
1629270780,1792.64,67
1629270840,1792.68,129
1629270900,1793.13,138
1629270960,1792.94,113
1629271020,1792.58,124
1629271080,1792.56,165
1629271140,1792.67,97
1629271200,1793.09,160
1629271260,1792.71,93
1629271320,1792.67,103
1629271380,1792.99,79
1629271440,1792.82,108
1629271500,1792.54,110
1629271560,1792.44,143
1629271620,1792.69,101
1629271680,1793.24,160
1629271740,1793.12,126
1629271800,1793.39,190
1629271860,1793.19,139
1629271920,1793.29,170
1629271980,1793.43,105
1629272040,1793.40,86
1629272100,1793.74,136
1629272160,1793.59,155
1629272220,1793.38,148
1629272280,1792.56,149
1629272340,1792.93,92
1629272400,1793.04,121
1629272460,1792.66,77
1629272520,1792.21,136
1629272580,1792.30,156
1629272640,1792.50,122
1629272700,1792.22,105
1629272760,1791.84,144
1629272820,1792.50,127
1629272880,1792.37,131
1629272940,1791.88,150
1629273000,1791.87,124
1629273060,1791.79,112
1629273120,1791.31,165
1629273180,1791.08,128
1629273240,1791.22,107
1629273300,1790.76,91
1629273360,1790.78,91
1629273420,1790.65,93
1629273480,1790.55,110
1629273540,1790.29,129
1629273600,1790.17,110
1629273660,1789.61,141
1629273720,1789.34,115
1629273780,1789.02,144
1629273840,1788.83,156
1629273900,1788.59,188
1629273960,1788.81,128
1629274020,1789.02,151
1629274080,1788.57,135
1629274140,1788.20,138
1629274200,1788.01,156
1629274260,1787.77,145
1629274320,1787.64,161
1629274380,1787.90,132
1629274440,1787.80,114
1629274500,1787.53,131
1629274560,1787.39,133
1629274620,1787.16,114
1629274680,1787.22,104
1629274740,1786.78,109
1629274800,1786.53,204
1629274860,1787.15,140
1629274920,1787.36,181
1629274980,1787.65,114
1629275040,1787.47,146
1629275100,1787.13,120
1629275160,1787.34,112
1629275220,1787.89,74
1629275280,1787.97,110
1629275340,1787.84,78
1629275400,1787.64,74
1629275460,1787.33,64
1629275520,1787.25,88
1629275580,1787.55,125
1629275640,1787.59,101
1629275700,1787.20,94
1629275760,1786.97,102
1629275820,1787.36,104
1629275880,1787.38,83
1629275940,1787.68,95
1629276000,1787.86,82
1629276060,1787.76,41
1629276120,1787.99,73
1629276180,1788.33,121
1629276240,1788.14,88
1629276300,1788.37,121
1629276360,1788.24,116
1629276420,1788.10,45
1629276480,1788.05,69
1629276540,1788.17,72
1629276600,1788.24,105
1629276660,1788.17,78
1629276720,1788.04,79
1629276780,1788.18,55
1629276840,1788.40,76
1629276900,1788.30,95
1629276960,1788.04,59
1629277020,1788.16,111
1629277080,1787.83,58
1629277140,1787.80,92
1629277200,1787.86,110
1629277260,1787.67,125
1629277320,1787.82,64
1629277380,1787.54,81
1629277440,1787.76,100
1629277500,1787.26,81
1629277560,1787.38,74
1629277620,1787.56,116
1629277680,1787.55,104
1629277740,1787.48,53
1629277800,1787.55,82
1629277860,1787.56,90
1629277920,1787.41,94
1629277980,1787.02,102
1629278040,1787.49,117
1629278100,1787.72,145
1629278160,1786.91,155
1629278220,1787.83,185
1629278280,1787.34,152
1629278340,1787.16,82
1629278400,1787.34,66
1629278460,1787.20,86
1629278520,1787.01,81
1629278580,1787.27,74
1629278640,1787.42,97
1629278700,1787.60,92
1629278760,1788.05,99
1629278820,1788.28,126
1629278880,1788.28,75
1629278940,1788.00,85
1629279000,1787.75,78
1629279060,1788.02,57
1629279120,1788.00,87
1629279180,1788.08,61
1629279240,1788.15,80
1629279300,1788.04,77
1629279360,1788.02,91
1629279420,1788.12,55
1629279480,1788.12,61
1629279540,1788.41,81
1629279600,1788.22,65
1629279660,1788.02,55
1629279720,1787.89,47
1629279780,1787.80,55
1629279840,1787.72,81
1629279900,1787.62,61
1629279960,1787.71,54
1629280020,1787.71,71
1629280080,1788.21,95
1629280140,1788.29,46
1629280200,1788.49,36
1629280260,1788.58,51
1629280320,1788.87,70
1629280380,1788.59,82
1629280440,1788.60,95
1629280500,1788.41,39
1629280560,1788.11,78
1629280620,1788.21,52
1629280680,1787.95,104
1629280740,1788.12,116
1629280800,1788.44,149
1629280860,1788.12,125
1629280920,1788.34,82
1629280980,1788.41,97
1629281040,1788.69,63
1629281100,1788.43,106
1629281160,1788.35,63
1629281220,1788.07,165
1629281280,1787.72,129
1629281340,1787.99,103
1629281400,1787.83,61
1629281460,1787.84,52
1629281520,1787.88,90
1629281580,1787.88,48
1629281640,1788.20,63
1629281700,1788.19,52
1629281760,1788.28,32
1629281820,1788.14,63
1629281880,1788.03,44
1629281940,1787.90,80
1629282000,1787.80,48
1629282060,1788.05,82
1629282120,1787.70,72
1629282180,1787.68,66
1629282240,1787.53,101
1629282300,1787.69,36
1629282360,1788.17,80
1629282420,1787.96,48
1629282480,1788.35,79
1629282540,1788.01,95
1629282600,1787.88,57
1629282660,1787.68,47
1629282720,1787.57,62
1629282780,1787.37,91
1629282840,1787.77,117
1629282900,1787.66,95
1629282960,1787.93,74
1629283020,1788.03,80
1629283080,1788.02,61
1629283140,1788.10,53
1629283200,1787.89,36
1629283260,1787.44,87
1629283320,1787.45,126
1629283380,1786.84,161
1629283440,1786.76,133
1629283500,1787.14,187
1629283560,1787.18,184
1629283620,1786.76,102
1629283680,1787.18,152
1629283740,1787.28,145
1629283800,1787.38,71
1629283860,1787.09,74
1629283920,1786.97,104
1629283980,1787.06,73
1629284040,1786.94,97
1629284100,1786.74,61
1629284160,1786.48,93
1629284220,1786.42,116
1629284280,1785.96,130
1629284340,1785.58,187
1629284400,1785.24,234
1629284460,1785.17,249
1629284520,1785.38,138
1629284580,1785.48,178
1629284640,1785.75,167
1629284700,1785.66,149
1629284760,1785.19,108
1629284820,1785.34,146
1629284880,1785.38,126
1629284940,1785.20,118
1629285000,1785.37,93
1629285060,1785.20,216
1629285120,1784.82,198
1629285180,1784.79,127
1629285240,1784.98,80
1629285300,1784.98,110
1629285360,1784.85,101
1629285420,1784.55,75
1629285480,1784.56,98
1629285540,1784.46,55
1629285600,1784.72,130
1629285660,1784.31,143
1629285720,1784.05,170
1629285780,1783.87,170
1629285840,1783.79,201
1629285900,1783.44,161
1629285960,1783.54,129
1629286020,1783.33,154
1629286080,1783.13,81
1629286140,1783.18,99
1629286200,1783.71,152
1629286260,1783.81,132
1629286320,1784.38,171
1629286380,1784.06,115
1629286440,1783.95,71
1629286500,1783.94,88
1629286560,1783.80,107
1629286620,1783.56,109
1629286680,1783.40,101
1629286740,1783.68,106
1629286800,1783.67,112
1629286860,1783.72,121
1629286920,1783.82,80
1629286980,1784.21,107
1629287040,1784.37,95
1629287100,1784.40,111
1629287160,1784.22,91
1629287220,1784.76,115
1629287280,1784.64,134
1629287340,1784.85,138
1629287400,1784.90,124
1629287460,1785.30,163
1629287520,1785.53,188
1629287580,1785.37,104
1629287640,1785.84,118
1629287700,1786.11,177
1629287760,1786.29,132
1629287820,1786.66,131
1629287880,1787.02,139
1629287940,1787.05,124
1629288000,1786.98,169
1629288060,1787.11,144
1629288120,1786.82,167
1629288180,1786.89,98
1629288240,1786.61,94
1629288300,1786.66,112
1629288360,1786.95,84
1629288420,1786.74,102
1629288480,1786.90,80
1629288540,1787.30,99
1629288600,1787.70,214
1629288660,1787.56,146
1629288720,1787.73,150
1629288780,1787.35,109
1629288840,1787.82,121
1629288900,1787.73,133
1629288960,1787.40,121
1629289020,1788.21,211
1629289080,1788.73,141
1629289140,1788.03,164
1629289200,1789.16,205
1629289260,1789.07,212
1629289320,1789.77,284
1629289380,1789.51,226
1629289440,1789.59,166
1629289500,1789.22,188
1629289560,1789.48,165
1629289620,1789.41,176
1629289680,1789.79,137
1629289740,1789.75,145
1629289800,1789.58,282
1629289860,1789.11,261
1629289920,1789.16,236
1629289980,1790.49,256
1629290040,1790.37,270
1629290100,1789.85,221
1629290160,1789.10,221
1629290220,1789.12,192
1629290280,1789.49,139
1629290340,1789.88,144
1629290400,1789.53,256
1629290460,1789.20,174
1629290520,1789.58,176
1629290580,1788.50,140
1629290640,1788.74,149
1629290700,1788.56,200
1629290760,1788.45,241
1629290820,1788.15,224
1629290880,1788.06,203
1629290940,1788.12,203
1629291000,1787.73,271
1629291060,1788.69,246
1629291120,1787.96,204
1629291180,1787.93,188
1629291240,1787.89,125
1629291300,1787.89,140
1629291360,1788.05,131
1629291420,1787.89,120
1629291480,1788.61,139
1629291540,1788.25,195
1629291600,1788.50,283
1629291660,1788.76,238
1629291720,1789.10,265
1629291780,1789.94,233
1629291840,1790.31,247
1629291900,1789.84,228
1629291960,1790.10,156
1629292020,1790.35,147
1629292080,1790.15,201
1629292140,1789.18,152
1629292200,1789.35,219
1629292260,1788.89,205
1629292320,1788.25,250
1629292380,1788.47,190
1629292440,1789.33,176
1629292500,1789.59,281
1629292560,1789.01,249
1629292620,1789.36,223
1629292680,1788.86,191
1629292740,1788.59,211
1629292800,1788.59,171
1629292860,1788.07,176
1629292920,1787.29,300
1629292980,1787.64,155
1629293040,1787.82,205
1629293100,1788.20,211
1629293160,1787.15,216
1629293220,1788.02,234
1629293280,1787.44,232
1629293340,1787.63,202
1629293400,1786.74,406
1629293460,1784.72,426
1629293520,1786.20,392
1629293580,1786.05,313
1629293640,1786.21,312
1629293700,1785.05,391
1629293760,1785.77,327
1629293820,1785.58,263
1629293880,1786.10,298
1629293940,1786.51,243
1629294000,1786.72,272
1629294060,1786.84,230
1629294120,1786.73,267
1629294180,1786.40,225
1629294240,1785.78,220
1629294300,1786.57,223
1629294360,1786.69,274
1629294420,1786.47,260
1629294480,1786.17,316
1629294540,1786.41,291
1629294600,1786.50,269
1629294660,1786.52,269
1629294720,1786.31,233
1629294780,1786.42,246
1629294840,1786.52,228
1629294900,1786.29,271
1629294960,1785.87,279
1629295020,1785.79,281
1629295080,1786.24,237
1629295140,1786.04,234
1629295200,1784.22,423
1629295260,1784.22,377
1629295320,1785.10,324
1629295380,1785.22,270
1629295440,1785.16,322
1629295500,1784.97,252
1629295560,1785.42,164
1629295620,1785.90,144
1629295680,1786.08,197
1629295740,1784.68,319
1629295800,1785.19,306
1629295860,1784.65,284
1629295920,1784.00,272
1629295980,1785.01,327
1629296040,1785.33,219
1629296100,1784.32,293
1629296160,1784.30,262
1629296220,1784.47,232
1629296280,1784.60,229
1629296340,1783.88,271
1629296400,1783.37,369
1629296460,1783.17,252
1629296520,1782.98,284
1629296580,1783.35,213
1629296640,1782.61,248
1629296700,1783.37,275
1629296760,1782.94,228
1629296820,1782.17,302
1629296880,1781.46,352
1629296940,1782.65,322
1629297000,1783.07,310
1629297060,1781.84,294
1629297120,1781.74,301
1629297180,1781.84,255
1629297240,1781.39,289
1629297300,1780.84,206
1629297360,1780.80,272
1629297420,1780.52,329
1629297480,1780.46,281
1629297540,1780.37,226
1629297600,1781.13,290
1629297660,1781.12,236
1629297720,1781.58,197
1629297780,1781.37,175
1629297840,1781.42,245
1629297900,1782.30,204
1629297960,1781.08,322
1629298020,1781.48,240
1629298080,1781.65,245
1629298140,1781.03,248
1629298200,1780.50,307
1629298260,1780.32,255
1629298320,1780.94,350
1629298380,1781.48,198
1629298440,1781.25,228
1629298500,1781.80,158
1629298560,1782.13,164
1629298620,1782.19,201
1629298680,1782.23,279
1629298740,1781.96,242
1629298800,1782.06,228
1629298860,1781.66,156
1629298920,1781.28,192
1629298980,1781.40,159
1629299040,1781.44,228
1629299100,1780.53,206
1629299160,1780.54,267
1629299220,1780.68,227
1629299280,1780.81,236
1629299340,1780.90,282
1629299400,1780.56,209
1629299460,1780.89,238
1629299520,1780.17,258
1629299580,1779.97,244
1629299640,1779.88,221
1629299700,1778.47,325
1629299760,1777.80,333
1629299820,1778.77,298
1629299880,1779.20,197
1629299940,1778.51,226
1629300000,1779.25,196
1629300060,1779.22,158
1629300120,1779.17,112
1629300180,1780.03,177
1629300240,1780.19,156
1629300300,1779.82,139
1629300360,1779.92,237
1629300420,1780.53,140
1629300480,1780.68,161
1629300540,1780.86,158
1629300600,1781.18,184
1629300660,1781.04,133
1629300720,1781.18,159
1629300780,1781.45,75
1629300840,1781.38,138
1629300900,1781.44,90
1629300960,1781.62,72
1629301020,1781.51,92
1629301080,1781.32,114
1629301140,1781.41,103
1629301200,1781.21,93
1629301260,1780.91,109
1629301320,1781.30,115
1629301380,1781.40,79
1629301440,1781.62,132
1629301500,1781.80,108
1629301560,1782.38,192
1629301620,1782.60,177
1629301680,1782.86,214
1629301740,1783.50,209
1629301800,1783.28,204
1629301860,1783.08,126
1629301920,1783.54,119
1629301980,1783.56,68
1629302040,1783.89,99
1629302100,1783.75,93
1629302160,1783.87,64
1629302220,1783.55,105
1629302280,1783.78,98
1629302340,1783.89,54
1629302400,1784.79,135
1629302460,1784.55,110
1629302520,1785.00,114
1629302580,1784.80,111
1629302640,1784.58,120
1629302700,1784.75,120
1629302760,1784.99,120
1629302820,1784.61,173
1629302880,1784.56,100
1629302940,1783.92,125
1629303000,1783.85,181
1629303060,1784.13,125
1629303120,1784.12,112
1629303180,1783.65,116
1629303240,1783.33,106
1629303300,1783.13,122
1629303360,1782.64,134
1629303420,1782.30,151
1629303480,1782.21,91
1629303540,1782.78,122
1629303600,1782.70,95
1629303660,1782.60,63
1629303720,1782.60,40
1629303780,1782.65,67
1629303840,1782.45,87
1629303900,1782.55,72
1629303960,1782.64,83
1629304020,1782.84,96
1629304080,1783.03,118
1629304140,1783.51,126
1629304200,1783.48,184
1629304260,1783.63,161
1629304320,1783.90,189
1629304380,1784.23,197
1629304440,1784.17,179
1629304500,1784.07,120
1629304560,1784.04,145
1629304620,1784.23,91
1629304680,1784.10,135
1629304740,1784.29,152
1629304800,1783.98,93
1629304860,1783.89,115
1629304920,1784.13,116
1629304980,1784.08,70
1629305040,1783.97,37
1629305100,1783.52,98
1629305160,1783.93,75
1629305220,1783.77,86
1629305280,1783.95,123
1629305340,1783.47,85
1629305400,1783.09,75
1629305460,1782.79,97
1629305520,1782.32,117
1629305580,1782.44,117
1629305640,1782.25,110
1629305700,1782.38,65
1629305760,1782.48,86
1629305820,1782.61,128
1629305880,1782.95,127
1629305940,1783.04,75
1629306000,1782.47,119
1629306060,1782.38,103
1629306120,1783.04,189
1629306180,1783.63,208
1629306240,1783.27,158
1629306300,1783.25,200
1629306360,1783.35,123
1629306420,1783.80,112
1629306480,1783.77,70
1629306540,1783.46,83
1629306600,1783.48,96
1629306660,1783.28,72
1629306720,1783.37,59
1629306780,1783.28,77
1629306840,1782.95,148
1629306900,1782.99,107
1629306960,1783.15,108
1629307020,1783.25,95
1629307080,1782.91,97
1629307140,1782.88,131
1629307200,1783.23,135
1629307260,1783.20,97
1629307320,1783.53,98
1629307380,1783.65,100
1629307440,1783.29,119
1629307500,1783.33,142
1629307560,1783.13,102
1629307620,1782.70,123
1629307680,1782.79,164
1629307740,1782.70,260
1629307800,1782.12,165
1629307860,1781.90,100
1629307920,1781.98,102
1629307980,1781.72,120
1629308040,1781.93,107
1629308100,1781.80,93
1629308160,1781.96,87
1629308220,1781.80,72
1629308280,1781.76,53
1629308340,1781.82,62
1629308400,1781.99,59
1629308460,1781.83,37
1629308520,1781.71,47
1629308580,1781.72,37
1629308640,1781.82,26
1629308700,1781.72,58
1629308760,1781.74,83
1629308820,1781.53,78
1629308880,1781.32,71
1629308940,1781.40,79
1629309000,1781.50,72
1629309060,1781.21,67
1629309120,1781.22,87
1629309180,1780.84,68
1629309240,1780.84,50
1629309300,1780.84,78
1629309360,1780.74,59
1629309420,1780.85,76
1629309480,1780.64,99
1629309540,1781.00,123
1629309600,1781.16,112
1629309660,1783.41,397
1629309720,1784.86,430
1629309780,1786.36,450
1629309840,1788.90,460
1629309900,1789.79,486
1629309960,1788.07,416
1629310020,1788.29,421
1629310080,1787.25,453
1629310140,1787.83,417
1629310200,1787.53,380
1629310260,1786.44,375
1629310320,1783.23,419
1629310380,1784.68,412
1629310440,1784.66,345
1629310500,1784.30,356
1629310560,1784.25,354
1629310620,1784.10,345
1629310680,1784.76,335
1629310740,1784.85,321
1629310800,1784.24,335
1629310860,1785.02,337
1629310920,1785.58,327
1629310980,1785.64,301
1629311040,1786.03,307
1629311100,1787.06,293
1629311160,1788.60,295
1629311220,1787.79,252
1629311280,1788.77,289
1629311340,1788.84,319
1629311400,1788.97,248
1629311460,1788.78,168
1629311520,1788.86,177
1629311580,1788.84,190
1629311640,1788.68,179
1629311700,1788.76,184
1629311760,1788.56,181
1629311820,1788.93,190
1629311880,1788.73,182
1629311940,1787.79,220
1629312000,1787.80,219
1629312060,1787.74,191
1629312120,1786.97,183
1629312180,1787.50,243
1629312240,1787.47,189
1629312300,1786.71,159
1629312360,1787.02,132
1629312420,1786.46,130
1629312480,1785.99,227
1629312540,1786.66,176
1629312600,1787.00,111
1629312660,1786.66,161
1629312720,1786.53,144
1629312780,1786.84,146
1629312840,1786.24,118
1629312900,1786.15,189
1629312960,1785.58,218
1629313020,1786.11,193
1629313080,1785.92,181
1629313140,1785.61,267
1629313200,1785.81,224
1629313260,1786.13,162
1629313320,1786.57,158
1629313380,1786.25,175
1629313440,1786.84,235
1629313500,1787.20,211
1629313560,1786.93,216
1629313620,1787.16,175
1629313680,1787.12,170
1629313740,1786.95,204
1629313800,1786.78,257
1629313860,1787.10,163
1629313920,1787.18,157
1629313980,1787.39,162
1629314040,1787.47,193
1629314100,1787.89,102
1629314160,1787.99,101
1629314220,1788.01,98
1629314280,1787.83,84
1629314340,1787.83,72
1629314400,1787.74,90
1629314460,1788.11,87
1629314520,1787.86,101
1629314580,1787.76,79
1629314640,1787.38,70
1629314700,1787.77,86
1629314760,1787.76,60
1629314820,1787.98,110
1629314880,1787.88,92
1629314940,1788.00,136
1629315000,1787.41,93
1629315060,1787.02,120
1629315120,1786.63,96
1629315180,1786.15,103
1629315240,1785.77,110
1629315300,1785.75,142
1629315360,1785.94,162
1629315420,1785.73,120
1629315480,1785.55,106
1629315540,1785.70,134
1629315600,1785.79,134
1629315660,1785.79,124
1629315720,1785.52,102
1629315780,1785.62,112
1629315840,1785.62,104
1629315900,1785.43,100
1629315960,1785.07,161
1629316020,1785.28,108
1629316080,1785.23,111
1629316140,1784.97,105
1629316200,1785.07,143
1629316260,1785.47,131
1629316320,1785.65,148
1629316380,1785.74,120
1629316440,1786.09,136
1629316500,1785.87,126
1629316560,1786.16,104
1629316620,1786.27,132
1629316680,1786.18,163
1629316740,1786.60,205
1629316800,1786.64,179
1629316860,1786.87,62
1629316920,1786.84,76
1629316980,1786.98,67
1629317040,1786.59,77
1629317100,1786.57,65
1629317160,1786.19,101
1629317220,1785.91,21
1629317280,1785.88,47
1629317340,1785.88,23
1629317400,1785.97,36
1629317460,1785.88,30
1629317520,1785.88,3
1629317580,1786.36,48
1629317640,1786.17,44
1629317700,1786.06,52
1629317760,1786.00,34
1629317820,1785.96,26
1629317880,1785.86,30
1629317940,1785.76,22
1629318000,1785.69,60
1629318060,1785.88,42
1629318120,1785.94,48
1629318180,1786.05,30
1629318240,1786.44,37
1629318300,1786.37,34
1629318360,1786.57,32
1629318420,1786.87,27
1629318480,1787.23,40
1629318540,1787.13,30
1629318600,1786.95,77
1629318660,1786.85,38
1629318720,1786.81,48
1629318780,1787.00,59
1629318840,1786.87,18
1629318900,1787.02,41
1629318960,1787.08,47
1629319020,1787.57,97
1629319080,1787.63,57
1629319140,1788.02,92
1629319200,1788.02,59
1629319260,1787.90,63
1629319320,1788.02,26
1629319380,1788.04,33
1629319440,1787.96,27
1629319500,1787.82,20
1629319560,1788.00,29
1629319620,1788.01,31
1629319680,1788.00,26
1629319740,1788.12,34
1629319800,1788.33,72
1629319860,1787.82,48
1629319920,1787.74,23
1629319980,1787.64,15
1629320040,1787.74,21
1629320100,1787.73,36
1629320160,1787.53,20
1629324120,1787.63,34
1629324180,1787.46,32
1629324240,1787.39,32
1629324300,1787.58,54
1629324360,1787.53,31
1629324420,1787.73,38
1629324480,1787.75,10
1629324540,1787.68,24
1629324600,1787.62,30
1629324660,1787.66,28
1629324720,1787.52,32
1629324780,1787.42,31
1629324840,1787.28,24
1629324900,1787.29,44
1629324960,1787.43,40
1629325020,1787.42,11
1629325080,1787.43,8
1629325140,1787.53,33
1629325200,1787.67,53
1629325260,1787.72,39
1629325320,1787.79,46
1629325380,1787.59,25
1629325440,1787.39,24
1629325500,1787.60,45
1629325560,1787.54,43
1629325620,1787.46,31
1629325680,1787.45,7
1629325740,1787.43,31
1629325800,1787.41,55
1629325860,1787.56,114
1629325920,1787.52,49
1629325980,1787.32,77
1629326040,1787.67,36
1629326100,1787.58,24
1629326160,1787.25,43
1629326220,1787.76,45
1629326280,1787.75,49
1629326340,1787.66,31
1629326400,1787.64,40
1629326460,1787.55,37
1629326520,1787.67,47
1629326580,1787.69,42
1629326640,1787.61,38
1629326700,1787.61,65
1629326760,1787.67,79
1629326820,1787.71,67
1629326880,1787.80,61
1629326940,1787.75,74
1629327000,1787.95,158
1629327060,1788.04,76
1629327120,1788.06,23
1629327180,1788.23,52
1629327240,1788.03,24
1629327300,1788.23,27
1629327360,1788.23,26
1629327420,1788.44,38
1629327480,1788.32,34
1629327540,1788.32,11
1629327600,1788.42,27
1629327660,1788.32,17
1629327720,1788.51,42
1629327780,1788.31,36
1629327840,1788.40,38
1629327900,1788.39,30
1629327960,1788.77,94
1629328020,1788.86,40
1629328080,1788.36,60
1629328140,1788.53,47
1629328200,1788.51,69
1629328260,1788.21,54
1629328320,1788.48,48
1629328380,1788.28,27
1629328440,1788.47,27
1629328500,1788.35,40
1629328560,1788.25,23
1629328620,1788.35,34
1629328680,1788.16,27
1629328740,1788.03,50
1629328800,1788.04,47
1629328860,1787.84,61
1629328920,1787.84,50
1629328980,1787.73,42
1629329040,1787.92,46
1629329100,1787.83,57
1629329160,1788.02,46
1629329220,1787.92,88
1629329280,1787.82,43
1629329340,1787.83,101
1629329400,1787.73,145
1629329460,1787.55,97
1629329520,1787.70,105
1629329580,1787.86,41
1629329640,1787.93,62
1629329700,1788.20,52
1629329760,1788.29,41
1629329820,1788.26,45
1629329880,1788.32,41
1629329940,1788.55,53
1629330000,1788.35,26
1629330060,1788.08,34
1629330120,1787.80,42
1629330180,1787.70,33
1629330240,1787.70,30
1629330300,1787.89,30
1629330360,1787.43,44
1629330420,1787.61,27
1629330480,1787.63,21
1629330540,1787.35,39
1629330600,1787.41,56
1629330660,1787.50,33
1629330720,1787.32,51
1629330780,1787.24,53
1629330840,1787.18,64
1629330900,1787.24,61
1629330960,1787.48,43
1629331020,1787.38,34
1629331080,1787.45,24
1629331140,1787.50,28
1629331200,1786.59,120
1629331260,1786.82,88
1629331320,1786.61,94
1629331380,1787.05,86
1629331440,1787.25,73
1629331500,1787.05,92
1629331560,1787.14,48
1629331620,1786.82,59
1629331680,1786.86,72
1629331740,1786.67,86
1629331800,1786.66,41
1629331860,1786.27,79
1629331920,1786.20,111
1629331980,1786.05,54
1629332040,1785.74,73
1629332100,1785.98,77
1629332160,1785.90,53
1629332220,1785.93,55
1629332280,1785.60,42
1629332340,1785.44,99
1629332400,1785.72,93
1629332460,1785.66,55
1629332520,1785.18,107
1629332580,1785.15,67
1629332640,1785.26,79
1629332700,1785.33,211
1629332760,1785.44,126
1629332820,1785.23,89
1629332880,1785.33,115
1629332940,1785.05,71
1629333000,1785.11,92
1629333060,1785.34,86
1629333120,1785.58,73
1629333180,1785.59,56
1629333240,1785.41,58
1629333300,1785.59,81
1629333360,1785.43,59
1629333420,1785.42,58
1629333480,1785.45,72
1629333540,1785.34,71
1629333600,1784.94,90
1629333660,1785.08,45
1629333720,1784.97,52
1629333780,1785.00,78
1629333840,1784.92,80
1629333900,1785.03,81
1629333960,1784.73,74
1629334020,1784.71,72
1629334080,1785.01,111
1629334140,1785.06,59
1629334200,1785.57,77
1629334260,1785.60,56
1629334320,1785.60,45
1629334380,1785.23,79
1629334440,1784.79,78
1629334500,1784.23,65
1629334560,1784.27,82
1629334620,1784.29,133
1629334680,1784.16,120
1629334740,1784.48,154
1629334800,1784.08,325
1629334860,1784.03,209
1629334920,1784.52,171
1629334980,1783.81,146
1629335040,1783.45,174
1629335100,1783.45,163
1629335160,1783.99,171
1629335220,1784.00,159
1629335280,1783.34,143
1629335340,1783.61,134
1629335400,1783.02,165
1629335460,1783.35,133
1629335520,1783.54,147
1629335580,1783.53,201
1629335640,1784.01,180
1629335700,1784.40,207
1629335760,1784.50,197
1629335820,1784.57,86
1629335880,1784.54,114
1629335940,1784.95,105
1629336000,1784.54,87
1629336060,1784.57,96
1629336120,1784.71,124
1629336180,1784.23,110
1629336240,1784.26,120
1629336300,1784.30,113
1629336360,1783.96,127
1629336420,1784.60,132
1629336480,1784.96,120
1629336540,1785.06,68
1629336600,1785.03,218
1629336660,1785.10,169
1629336720,1784.97,172
1629336780,1784.99,125
1629336840,1784.78,51
1629336900,1784.48,181
1629336960,1784.43,121
1629337020,1784.73,120
1629337080,1784.38,142
1629337140,1784.41,139
1629337200,1784.46,142
1629337260,1784.28,113
1629337320,1784.14,107
1629337380,1783.68,167
1629337440,1783.63,151
1629337500,1783.62,126
1629337560,1783.09,142
1629337620,1783.53,112
1629337680,1783.47,133
1629337740,1783.43,139
1629337800,1783.13,162
1629337860,1783.57,126
1629337920,1783.43,102
1629337980,1782.88,130
1629338040,1782.98,141
1629338100,1782.88,141
1629338160,1782.99,138
1629338220,1781.68,308
1629338280,1781.71,197
1629338340,1781.83,172
1629338400,1782.31,215
1629338460,1782.14,140
1629338520,1781.74,160
1629338580,1781.80,172
1629338640,1781.67,152
1629338700,1781.91,137
1629338760,1781.84,207
1629338820,1782.17,151
1629338880,1782.05,155
1629338940,1781.92,159
1629339000,1781.98,173
1629339060,1781.90,135
1629339120,1782.21,198
1629339180,1782.25,197
1629339240,1782.01,124
1629339300,1782.05,111
1629339360,1782.00,80
1629339420,1782.18,93
1629339480,1782.07,80
1629339540,1781.52,103
1629339600,1781.68,76
1629339660,1781.43,73
1629339720,1781.66,95
1629339780,1781.66,116
1629339840,1782.06,146
1629339900,1781.77,101
1629339960,1781.90,170
1629340020,1781.61,184
1629340080,1781.00,146
1629340140,1781.04,144
1629340200,1781.12,228
1629340260,1781.09,157
1629340320,1781.15,121
1629340380,1780.82,216
1629340440,1781.46,214
1629340500,1780.86,257
1629340560,1780.94,245
1629340620,1781.09,206
1629340680,1781.16,156
1629340740,1781.39,161
1629340800,1781.45,146
1629340860,1781.12,115
1629340920,1781.24,157
1629340980,1781.06,110
1629341040,1781.29,144
1629341100,1781.21,138
1629341160,1780.94,94
1629341220,1781.30,136
1629341280,1781.27,87
1629341340,1781.14,91
1629341400,1781.05,115
1629341460,1781.14,97
1629341520,1781.29,132
1629341580,1781.10,139
1629341640,1781.24,103
1629341700,1781.55,127
1629341760,1781.42,147
1629341820,1781.51,131
1629341880,1781.35,131
1629341940,1780.97,129
1629342000,1780.51,88
1629342060,1780.11,112
1629342120,1780.09,102
1629342180,1780.21,99
1629342240,1780.03,65
1629342300,1780.03,69
1629342360,1780.04,98
1629342420,1779.40,234
1629342480,1778.56,197
1629342540,1778.28,234
1629342600,1777.78,130
1629342660,1775.70,267
1629342720,1774.87,352
1629342780,1775.61,242
1629342840,1775.63,274
1629342900,1775.94,255
1629342960,1776.65,177
1629343020,1776.66,141
1629343080,1777.28,205
1629343140,1776.95,220
1629343200,1776.57,204
1629343260,1776.29,111
1629343320,1776.26,136
1629343380,1776.29,234
1629343440,1776.53,197
1629343500,1776.82,150
1629343560,1776.56,163
1629343620,1776.54,148
1629343680,1776.44,122
1629343740,1777.04,217
1629343800,1776.97,132
1629343860,1777.79,156
1629343920,1777.62,98
1629343980,1777.70,91
1629344040,1778.09,98
1629344100,1778.26,99
1629344160,1778.22,61
1629344220,1778.33,53
1629344280,1778.33,66
1629344340,1778.06,61
1629344400,1778.13,58
1629344460,1777.92,48
1629344520,1778.14,54
1629344580,1778.33,27
1629344640,1778.16,23
1629344700,1778.34,46
1629344760,1778.33,11
1629344820,1778.64,33
1629344880,1778.64,30
1629344940,1778.91,63
1629345000,1778.98,80
1629345060,1779.28,79
1629345120,1779.38,76
1629345180,1779.52,85
1629345240,1779.82,134
1629345300,1779.72,80
1629345360,1779.80,93
1629345420,1779.99,49
1629345480,1779.92,31
1629345540,1780.00,31
1629345600,1779.99,108
1629345660,1779.52,75
1629345720,1779.56,62
1629345780,1779.79,32
1629345840,1779.82,52
1629345900,1779.70,72
1629345960,1779.56,55
1629346020,1779.50,60
1629346080,1779.41,81
1629346140,1779.12,70
1629346200,1779.22,48
1629346260,1779.27,43
1629346320,1779.52,60
1629346380,1779.56,10
1629346440,1779.42,48
1629346500,1779.01,70
1629346560,1778.99,39
1629346620,1778.90,46
1629346680,1778.94,45
1629346740,1778.94,41
1629346800,1779.34,49
1629346860,1778.80,84
1629346920,1778.68,49
1629346980,1778.86,45
1629347040,1778.65,43
1629347100,1778.54,45
1629347160,1778.45,30
1629347220,1778.54,44
1629347280,1778.49,37
1629347340,1778.04,51
1629347400,1778.13,78
1629347460,1778.35,71
1629347520,1778.64,54
1629347580,1778.73,46
1629347640,1778.53,55
1629347700,1778.70,19
1629347760,1778.52,44
1629347820,1778.32,75
1629347880,1778.47,85
1629347940,1778.58,90
1629348000,1778.51,50
1629348060,1778.63,54
1629348120,1778.79,87
1629348180,1778.70,62
1629348240,1778.65,83
1629348300,1778.53,108
1629348360,1778.61,81
1629348420,1778.57,58
1629348480,1778.56,45
1629348540,1778.56,43
1629348600,1778.51,17
1629348660,1778.53,30
1629348720,1778.57,46
1629348780,1778.58,26
1629348840,1778.19,66
1629348900,1778.00,93
1629348960,1777.83,116
1629349020,1777.30,103
1629349080,1777.19,91
1629349140,1777.50,109
1629349200,1777.78,188
1629349260,1778.35,110
1629349320,1778.44,68
1629349380,1779.11,104
1629349440,1779.12,93
1629349500,1779.19,86
1629349560,1778.89,60
1629349620,1779.22,61
1629349680,1779.10,86
1629349740,1778.88,86
1629349800,1778.92,89
1629349860,1779.24,59
1629349920,1779.21,71
1629349980,1778.95,61
1629350040,1778.92,61
1629350100,1779.03,46
1629350160,1778.89,52
1629350220,1778.76,55
1629350280,1778.58,50
1629350340,1778.42,91
1629350400,1778.49,91
1629350460,1778.24,60
1629350520,1778.07,89
1629350580,1778.09,81
1629350640,1778.22,82
1629350700,1778.10,76
1629350760,1778.07,70
1629350820,1778.03,50
1629350880,1778.04,87
1629350940,1777.70,145
1629351000,1778.20,275
1629351060,1779.81,221
1629351120,1779.43,285
1629351180,1779.37,254
1629351240,1778.82,217
1629351300,1779.78,248
1629351360,1779.24,204
1629351420,1779.37,165
1629351480,1779.04,164
1629351540,1778.96,186
1629351600,1778.75,214
1629351660,1778.27,164
1629351720,1778.29,213
1629351780,1778.43,196
1629351840,1778.29,168
1629351900,1778.34,162
1629351960,1778.05,188
1629352020,1778.99,186
1629352080,1778.75,99
1629352140,1779.07,85
1629352200,1779.18,126
1629352260,1779.43,120
1629352320,1779.14,169
1629352380,1778.52,157
1629352440,1778.12,192
1629352500,1778.44,176
1629352560,1778.24,146
1629352620,1778.46,135
1629352680,1778.85,140
1629352740,1778.88,72
1629352800,1779.04,136
1629352860,1778.33,192
1629352920,1778.49,122
1629352980,1778.60,153
1629353040,1778.63,256
1629353100,1777.78,253
1629353160,1777.76,201
1629353220,1777.99,226
1629353280,1777.63,209
1629353340,1777.12,271
1629353400,1776.29,245
1629353460,1776.19,260
1629353520,1776.65,115
1629353580,1777.18,214
1629353640,1776.99,152
1629353700,1776.86,187
1629353760,1776.94,97
1629353820,1776.37,95
1629353880,1776.53,116
1629353940,1776.57,123
1629354000,1776.57,147
1629354060,1776.56,180
1629354120,1776.62,185
1629354180,1776.83,141
1629354240,1776.84,154
1629354300,1776.44,175
1629354360,1776.40,219
1629354420,1776.95,211
1629354480,1777.09,209
1629354540,1777.95,246
1629354600,1778.26,199
1629354660,1778.68,242
1629354720,1778.45,252
1629354780,1778.93,165
1629354840,1779.01,125
1629354900,1779.45,159
1629354960,1779.66,213
1629355020,1779.89,154
1629355080,1780.08,169
1629355140,1780.01,203
1629355200,1779.94,206
1629355260,1780.50,234
1629355320,1779.99,188
1629355380,1780.10,156
1629355440,1780.23,148
1629355500,1780.21,130
1629355560,1780.59,189
1629355620,1780.33,146
1629355680,1780.83,153
1629355740,1780.84,119
1629355800,1780.60,217
1629355860,1780.46,160
1629355920,1780.07,176
1629355980,1780.54,195
1629356040,1780.32,190
1629356100,1781.15,230
1629356160,1781.36,167
1629356220,1781.57,213
1629356280,1781.97,235
1629356340,1782.08,251
1629356400,1782.34,301
1629356460,1781.48,272
1629356520,1781.60,271
1629356580,1781.21,239
1629356640,1781.01,224
1629356700,1781.43,292
1629356760,1780.94,257
1629356820,1780.55,265
1629356880,1780.17,267
1629356940,1780.84,227
1629357000,1780.76,229
1629357060,1780.95,283
1629357120,1780.60,299
1629357180,1780.75,237
1629357240,1780.95,202
1629357300,1781.31,190
1629357360,1781.48,239
1629357420,1781.29,192
1629357480,1781.15,173
1629357540,1781.16,190
1629357600,1782.45,273
1629357660,1781.92,239
1629357720,1782.18,249
1629357780,1781.70,190
1629357840,1781.59,203
1629357900,1781.16,172
1629357960,1780.53,166
1629358020,1780.15,172
1629358080,1779.96,179
1629358140,1779.97,170
1629358200,1780.33,218
1629358260,1780.21,151
1629358320,1779.60,161
1629358380,1779.63,217
1629358440,1780.02,147
1629358500,1780.25,108
1629358560,1780.57,103
1629358620,1780.42,123
1629358680,1780.84,133
1629358740,1781.01,138
1629358800,1780.62,165
1629358860,1780.06,179
1629358920,1780.84,261
1629358980,1780.65,224
1629359040,1780.10,219
1629359100,1780.16,170
1629359160,1780.14,134
1629359220,1779.93,179
1629359280,1780.27,164
1629359340,1779.97,135
1629359400,1780.25,135
1629359460,1780.24,136
1629359520,1780.41,189
1629359580,1780.64,131
1629359640,1780.77,176
1629359700,1780.65,182
1629359760,1780.88,138
1629359820,1781.09,159
1629359880,1781.62,148
1629359940,1781.51,170
1629360000,1782.14,174
1629360060,1781.37,158
1629360120,1780.85,144
1629360180,1780.00,213
1629360240,1780.11,165
1629360300,1779.53,147
1629360360,1780.07,147
1629360420,1779.79,163
1629360480,1780.27,177
1629360540,1780.02,75
1629360600,1780.20,76
1629360660,1780.79,177
1629360720,1780.49,163
1629360780,1780.37,143
1629360840,1779.99,105
1629360900,1780.02,151
1629360960,1780.13,125
1629361020,1779.78,143
1629361080,1779.78,65
1629361140,1778.84,130
1629361200,1779.51,129
1629361260,1778.63,140
1629361320,1778.82,145
1629361380,1778.74,151
1629361440,1778.94,121
1629361500,1778.65,102
1629361560,1778.02,167
1629361620,1778.14,157
1629361680,1778.24,179
1629361740,1778.62,189
1629361800,1778.92,150
1629361860,1778.87,141
1629361920,1779.24,165
1629361980,1779.43,171
1629362040,1779.43,134
1629362100,1780.38,165
1629362160,1780.92,164
1629362220,1781.66,230
1629362280,1783.40,264
1629362340,1785.05,304
1629362400,1785.10,358
1629362460,1785.04,314
1629362520,1785.22,247
1629362580,1785.76,271
1629362640,1787.06,317
1629362700,1787.15,286
1629362760,1786.37,238
1629362820,1786.38,249
1629362880,1786.94,190
1629362940,1786.28,194
1629363000,1786.52,222
1629363060,1786.41,161
1629363120,1785.23,271
1629363180,1785.37,130
1629363240,1785.30,163
1629363300,1784.98,202
1629363360,1784.74,147
1629363420,1784.78,190
1629363480,1784.79,123
1629363540,1785.36,135
1629363600,1785.27,168
1629363660,1786.14,173
1629363720,1786.10,229
1629363780,1785.71,150
1629363840,1785.47,140
1629363900,1785.26,151
1629363960,1784.98,163
1629364020,1785.21,156
1629364080,1785.80,159
1629364140,1786.30,195
1629364200,1786.85,154
1629364260,1786.47,161
1629364320,1786.83,148
1629364380,1786.70,161
1629364440,1787.30,211
1629364500,1786.89,239
1629364560,1787.35,258
1629364620,1787.38,145
1629364680,1787.78,213
1629364740,1787.96,158
1629364800,1788.80,256
1629364860,1788.79,193
1629364920,1788.53,190
1629364980,1788.71,152
1629365040,1788.13,192
1629365100,1788.31,175
1629365160,1788.66,178
1629365220,1788.77,172
1629365280,1788.65,160
1629365340,1789.50,233
1629365400,1788.71,236
1629365460,1788.73,116
1629365520,1788.66,145
1629365580,1788.28,230
1629365640,1788.25,142
1629365700,1788.68,135
1629365760,1789.32,200
1629365820,1788.80,204
1629365880,1788.95,189
1629365940,1788.27,170
1629366000,1788.41,100
1629366060,1788.12,76
1629366120,1788.13,103
1629366180,1788.21,97
1629366240,1787.72,174
1629366300,1788.48,166
1629366360,1788.16,97
1629366420,1788.54,162
1629366480,1788.33,91
1629366540,1788.73,141
1629366600,1788.72,128
1629366660,1789.00,106
1629366720,1788.69,93
1629366780,1788.60,93
1629366840,1788.41,123
1629366900,1788.50,126
1629366960,1788.89,158
1629367020,1788.99,142
1629367080,1789.27,108
1629367140,1789.08,72
1629367200,1788.81,134
1629367260,1788.60,92
1629367320,1788.30,114
1629367380,1788.30,96
1629367440,1788.69,92
1629367500,1788.22,122
1629367560,1788.16,109
1629367620,1787.84,120
1629367680,1787.92,170
1629367740,1788.27,168
1629367800,1788.07,139
1629367860,1788.07,131
1629367920,1787.92,124
1629367980,1788.01,123
1629368040,1788.28,104
1629368100,1788.53,133
1629368160,1788.79,97
1629368220,1788.61,101
1629368280,1788.64,140
1629368340,1788.87,144
1629368400,1788.83,157
1629368460,1788.89,109
1629368520,1788.92,134
1629368580,1788.95,180
1629368640,1789.33,129
1629368700,1789.57,98
1629368760,1789.15,119
1629368820,1789.34,106
1629368880,1788.70,165
1629368940,1788.50,99
1629369000,1788.32,129
1629369060,1788.22,170
1629369120,1788.38,85
1629369180,1788.19,64
1629369240,1788.24,45
1629369300,1788.65,70
1629369360,1788.74,42
1629369420,1789.08,100
1629369480,1789.06,110
1629369540,1788.96,66
1629369600,1789.21,125
1629369660,1789.76,177
1629369720,1789.56,138
1629369780,1789.81,81
1629369840,1789.75,77
1629369900,1789.90,69
1629369960,1789.87,60
1629370020,1789.86,107
1629370080,1789.79,83
1629370140,1789.65,141
1629370200,1789.70,147
1629370260,1789.51,121
1629370320,1789.15,143
1629370380,1789.44,158
1629370440,1789.52,156
1629370500,1789.19,166
1629370560,1789.48,147
1629370620,1789.42,134
1629370680,1789.21,139
1629370740,1789.11,155
1629370800,1789.20,172
1629370860,1789.11,163
1629370920,1789.39,112
1629370980,1789.74,119
1629371040,1789.49,67
1629371100,1788.92,109
1629371160,1789.21,83
1629371220,1789.12,70
1629371280,1789.41,126
1629371340,1789.21,80
1629371400,1789.01,123
1629371460,1788.94,91
1629371520,1789.14,65
1629371580,1788.98,155
1629371640,1788.97,94
1629371700,1788.76,111
1629371760,1788.85,64
1629371820,1788.48,64
1629371880,1788.00,152
1629371940,1788.38,97
1629372000,1788.28,74
1629372060,1788.65,111
1629372120,1788.54,121
1629372180,1788.85,109
1629372240,1789.08,75
1629372300,1789.77,131
1629372360,1789.94,130
1629372420,1789.54,163
1629372480,1789.08,103
1629372540,1789.08,33
1629372600,1788.89,81
1629372660,1789.01,54
1629372720,1788.54,58
1629372780,1788.97,140
1629372840,1789.02,60
1629372900,1788.66,137
1629372960,1788.38,129
1629373020,1787.86,159
1629373080,1787.69,122
1629373140,1787.84,127
1629373200,1786.94,192
1629373260,1787.01,110
1629373320,1787.01,155
1629373380,1787.44,140
1629373440,1788.22,137
1629373500,1788.02,194
1629373560,1787.75,143
1629373620,1787.98,106
1629373680,1787.85,65
1629373740,1787.92,115
1629373800,1787.96,129
1629373860,1787.79,131
1629373920,1787.68,156
1629373980,1787.40,119
1629374040,1787.48,124
1629374100,1787.59,174
1629374160,1788.23,184
1629374220,1787.98,193
1629374280,1787.79,127
1629374340,1786.97,238
1629374400,1787.97,272
1629374460,1787.60,233
1629374520,1787.40,197
1629374580,1786.75,161
1629374640,1786.81,176
1629374700,1787.20,180
1629374760,1786.59,175
1629374820,1787.03,237
1629374880,1786.95,158
1629374940,1786.47,193
1629375000,1786.26,187
1629375060,1785.85,222
1629375120,1785.16,239
1629375180,1785.61,252
1629375240,1785.26,205
1629375300,1785.20,223
1629375360,1784.49,235
1629375420,1784.33,222
1629375480,1783.87,157
1629375540,1784.08,192
1629375600,1784.65,340
1629375660,1786.29,268
1629375720,1786.77,286
1629375780,1786.43,261
1629375840,1786.76,210
1629375900,1787.50,217
1629375960,1787.20,175
1629376020,1787.01,155
1629376080,1787.36,160
1629376140,1787.77,223
1629376200,1788.12,353
1629376260,1787.82,266
1629376320,1787.99,231
1629376380,1788.82,267
1629376440,1788.98,280
1629376500,1789.53,342
1629376560,1789.41,228
1629376620,1788.85,298
1629376680,1789.38,260
1629376740,1788.73,296
1629376800,1787.63,322
1629376860,1786.99,336
1629376920,1787.48,292
1629376980,1787.45,246
1629377040,1786.96,242
1629377100,1787.06,182
1629377160,1787.57,222
1629377220,1787.99,232
1629377280,1787.79,253
1629377340,1788.26,249
1629377400,1788.31,214
1629377460,1787.61,242
1629377520,1787.21,229
1629377580,1787.55,251
1629377640,1787.79,204
1629377700,1788.16,180
1629377760,1787.40,174
1629377820,1787.83,209
1629377880,1788.22,173
1629377940,1788.86,281
1629378000,1788.84,340
1629378060,1788.33,323
1629378120,1788.58,272
1629378180,1788.98,271
1629378240,1789.54,317
1629378300,1789.57,312
1629378360,1790.42,306
1629378420,1791.21,334
1629378480,1791.41,272
1629378540,1791.09,267
1629378600,1791.22,213
1629378660,1791.36,291
1629378720,1791.42,222
1629378780,1790.37,217
1629378840,1790.87,219
1629378900,1790.55,229
1629378960,1790.66,281
1629379020,1790.82,237
1629379080,1790.25,279
1629379140,1789.80,287
1629379200,1788.22,361
1629379260,1787.89,310
1629379320,1788.67,275
1629379380,1788.57,261
1629379440,1788.86,222
1629379500,1788.89,181
1629379560,1788.37,189
1629379620,1788.37,182
1629379680,1788.62,208
1629379740,1787.95,192
1629379800,1787.30,364
1629379860,1786.41,400
1629379920,1786.02,374
1629379980,1786.28,399
1629380040,1786.16,341
1629380100,1786.69,372
1629380160,1787.15,360
1629380220,1786.36,343
1629380280,1786.08,298
1629380340,1786.17,296
1629380400,1785.41,261
1629380460,1785.27,267
1629380520,1785.00,318
1629380580,1785.30,266
1629380640,1783.48,357
1629380700,1782.98,324
1629380760,1784.15,346
1629380820,1784.20,268
1629380880,1784.04,210
1629380940,1783.32,264
1629381000,1783.43,312
1629381060,1782.97,326
1629381120,1783.28,284
1629381180,1783.82,327
1629381240,1783.83,220
1629381300,1782.68,258
1629381360,1783.35,358
1629381420,1783.20,307
1629381480,1783.07,246
1629381540,1784.20,237
1629381600,1783.10,355
1629381660,1783.03,351
1629381720,1782.20,387
1629381780,1781.57,346
1629381840,1782.77,284
1629381900,1781.08,324
1629381960,1780.49,301
1629382020,1779.49,348
1629382080,1778.83,370
1629382140,1778.13,377
1629382200,1778.24,306
1629382260,1778.04,316
1629382320,1777.33,314
1629382380,1778.17,255
1629382440,1779.90,298
1629382500,1780.69,332
1629382560,1779.68,271
1629382620,1780.46,281
1629382680,1780.46,337
1629382740,1780.37,281
1629382800,1780.38,287
1629382860,1780.20,219
1629382920,1780.62,205
1629382980,1780.41,137
1629383040,1780.74,221
1629383100,1780.36,227
1629383160,1780.19,290
1629383220,1780.59,249
1629383280,1779.84,177
1629383340,1780.08,187
1629383400,1780.86,224
1629383460,1781.97,283
1629383520,1781.76,287
1629383580,1781.70,257
1629383640,1781.25,254
1629383700,1781.30,206
1629383760,1781.57,207
1629383820,1781.70,153
1629383880,1781.71,182
1629383940,1781.78,200
1629384000,1782.37,199
1629384060,1782.91,230
1629384120,1781.86,208
1629384180,1782.25,149
1629384240,1782.48,97
1629384300,1782.36,219
1629384360,1782.16,246
1629384420,1781.51,275
1629384480,1781.57,230
1629384540,1781.64,221
1629384600,1781.04,269
1629384660,1780.86,277
1629384720,1780.68,323
1629384780,1781.02,260
1629384840,1780.76,253
1629384900,1779.76,256
1629384960,1780.43,231
1629385020,1781.23,271
1629385080,1780.67,228
1629385140,1780.59,271
1629385200,1780.97,251
1629385260,1780.59,258
1629385320,1780.95,177
1629385380,1781.64,195
1629385440,1782.15,314
1629385500,1781.79,195
1629385560,1781.91,194
1629385620,1782.44,155
1629385680,1783.01,198
1629385740,1782.77,135
1629385800,1782.81,121
1629385860,1781.93,176
1629385920,1781.63,132
1629385980,1781.62,152
1629386040,1781.53,142
1629386100,1782.33,198
1629386160,1782.16,155
1629386220,1782.18,140
1629386280,1782.08,101
1629386340,1781.89,132
1629386400,1781.38,131
1629386460,1780.91,160
1629386520,1781.40,140
1629386580,1781.28,156
1629386640,1781.47,106
1629386700,1781.87,90
1629386760,1782.57,147
1629386820,1782.69,194
1629386880,1782.22,256
1629386940,1782.21,156
1629387000,1782.82,155
1629387060,1782.86,136
1629387120,1782.83,127
1629387180,1782.80,126
1629387240,1782.64,131
1629387300,1782.59,139
1629387360,1782.47,125
1629387420,1782.57,128
1629387480,1782.64,92
1629387540,1782.89,107
1629387600,1782.52,86
1629387660,1782.51,101
1629387720,1781.99,65
1629387780,1782.86,194
1629387840,1783.11,156
1629387900,1783.23,193
1629387960,1783.50,141
1629388020,1783.30,189
1629388080,1783.11,109
1629388140,1783.16,122
1629388200,1783.40,142
1629388260,1782.76,115
1629388320,1783.29,137
1629388380,1783.60,136
1629388440,1783.61,126
1629388500,1783.75,108
1629388560,1783.47,161
1629388620,1783.03,136
1629388680,1783.01,111
1629388740,1783.11,82
1629388800,1782.78,172
1629388860,1782.11,94
1629388920,1782.32,116
1629388980,1781.91,118
1629389040,1782.11,114
1629389100,1781.75,117
1629389160,1781.60,103
1629389220,1781.70,119
1629389280,1781.51,139
1629389340,1781.66,126
1629389400,1781.66,156
1629389460,1781.30,71
1629389520,1781.26,90
1629389580,1781.21,141
1629389640,1781.15,105
1629389700,1780.96,89
1629389760,1780.92,91
1629389820,1781.12,107
1629389880,1781.24,95
1629389940,1781.33,69
1629390000,1781.95,124
1629390060,1781.57,103
1629390120,1781.99,77
1629390180,1781.83,112
1629390240,1782.13,82
1629390300,1781.87,58
1629390360,1781.91,97
1629390420,1781.98,85
1629390480,1782.07,109
1629390540,1781.90,77
1629390600,1781.88,63
1629390660,1781.59,124
1629390720,1781.84,90
1629390780,1781.91,88
1629390840,1782.08,91
1629390900,1782.17,114
1629390960,1781.79,103
1629391020,1781.71,51
1629391080,1781.60,125
1629391140,1781.91,136
1629391200,1781.58,126
1629391260,1781.72,105
1629391320,1781.77,59
1629391380,1781.92,70
1629391440,1781.92,91
1629391500,1782.22,106
1629391560,1781.93,83
1629391620,1782.25,90
1629391680,1782.50,93
1629391740,1782.69,114
1629391800,1782.72,167
1629391860,1782.72,158
1629391920,1782.73,154
1629391980,1782.69,152
1629392040,1782.65,154
1629392100,1782.48,63
1629392160,1782.58,51
1629392220,1782.76,93
1629392280,1782.87,62
1629392340,1782.62,81
1629392400,1782.82,85
1629392460,1782.34,50
1629392520,1782.53,67
1629392580,1782.60,100
1629392640,1782.38,61
1629392700,1782.20,115
1629392760,1782.14,104
1629392820,1782.05,93
1629392880,1782.43,111
1629392940,1782.16,93
1629393000,1782.21,119
1629393060,1782.27,120
1629393120,1782.63,79
1629393180,1782.81,45
1629393240,1782.95,93
1629393300,1782.65,84
1629393360,1782.76,65
1629393420,1782.51,59
1629393480,1782.05,68
1629393540,1782.06,60
1629393600,1781.88,72
1629393660,1781.96,67
1629393720,1781.79,94
1629393780,1782.07,80
1629393840,1781.70,119
1629393900,1781.78,96
1629393960,1781.78,93
1629394020,1781.49,57
1629394080,1781.24,133
1629394140,1781.25,139
1629394200,1780.55,200
1629394260,1780.63,140
1629394320,1780.42,92
1629394380,1780.39,102
1629394440,1780.51,98
1629394500,1780.60,62
1629394560,1780.56,100
1629394620,1780.54,47
1629394680,1780.82,64
1629394740,1780.83,59
1629394800,1780.64,25
1629394860,1780.82,37
1629394920,1780.75,40
1629394980,1780.74,106
1629395040,1781.25,92
1629395100,1781.24,75
1629395160,1781.34,74
1629395220,1781.04,91
1629395280,1780.86,108
1629395340,1780.94,146
1629395400,1781.03,150
1629395460,1781.22,151
1629395520,1781.29,138
1629395580,1781.21,131
1629395640,1781.34,86
1629395700,1781.36,100
1629395760,1781.09,96
1629395820,1781.11,50
1629395880,1780.82,73
1629395940,1780.82,81
1629396000,1780.90,104
1629396060,1780.72,38
1629396120,1780.33,136
1629396180,1780.30,131
1629396240,1779.93,115
1629396300,1779.82,133
1629396360,1779.63,99
1629396420,1779.92,85
1629396480,1779.83,116
1629396540,1779.76,61
1629396600,1779.70,88
1629396660,1779.75,83
1629396720,1779.54,81
1629396780,1779.05,121
1629396840,1778.96,89
1629396900,1778.99,130
1629396960,1778.76,115
1629397020,1778.64,106
1629397080,1778.58,77
1629397140,1778.83,89
1629397200,1778.95,71
1629397260,1778.57,92
1629397320,1779.00,69
1629397380,1778.87,76
1629397440,1778.95,92
1629397500,1778.61,89
1629397560,1778.59,92
1629397620,1778.53,77
1629397680,1778.57,54
1629397740,1778.21,103
1629397800,1777.75,132
1629397860,1777.97,104
1629397920,1778.17,80
1629397980,1779.14,92
1629398040,1779.05,114
1629398100,1779.31,120
1629398160,1779.18,84
1629398220,1778.90,98
1629398280,1779.10,93
1629398340,1779.47,57
1629398400,1779.59,80
1629398460,1780.06,79
1629398520,1779.88,107
1629398580,1780.06,94
1629398640,1779.98,47
1629398700,1779.96,157
1629398760,1779.59,117
1629398820,1779.49,103
1629398880,1780.26,109
1629398940,1780.37,106
1629399000,1780.10,137
1629399060,1779.95,125
1629399120,1780.42,105
1629399180,1780.42,159
1629399240,1779.92,102
1629399300,1780.44,102
1629399360,1780.37,96
1629399420,1780.71,134
1629399480,1780.34,143
1629399540,1780.09,190
1629399600,1779.62,165
1629399660,1779.57,78
1629399720,1779.08,144
1629399780,1779.56,132
1629399840,1779.35,88
1629399900,1778.88,69
1629399960,1779.08,128
1629400020,1779.01,120
1629400080,1779.39,75
1629400140,1779.28,53
1629400200,1778.95,96
1629400260,1778.57,102
1629400320,1778.07,128
1629400380,1777.76,172
1629400440,1776.81,177
1629400500,1777.20,170
1629400560,1776.98,139
1629400620,1776.98,126
1629400680,1777.13,133
1629400740,1776.78,150
1629400800,1776.66,147
1629400860,1776.76,125
1629400920,1777.56,140
1629400980,1777.43,100
1629401040,1777.57,136
1629401100,1777.55,103
1629401160,1777.39,79
1629401220,1777.60,78
1629401280,1777.68,104
1629401340,1777.83,76
1629401400,1778.38,92
1629401460,1778.70,114
1629401520,1779.06,146
1629401580,1778.90,114
1629401640,1779.26,118
1629401700,1779.50,65
1629401760,1779.56,58
1629401820,1779.83,54
1629401880,1780.23,87
1629401940,1780.57,104
1629402000,1780.37,171
1629402060,1780.33,155
1629402120,1780.32,125
1629402180,1780.22,122
1629402240,1780.46,115
1629402300,1780.56,59
1629402360,1780.51,66
1629402420,1780.88,61
1629402480,1780.78,51
1629402540,1780.77,55
1629402600,1780.86,65
1629402660,1780.65,70
1629402720,1780.64,71
1629402780,1780.80,52
1629402840,1781.01,53
1629402900,1781.04,84
1629402960,1781.02,45
1629403020,1781.31,81
1629403080,1781.16,78
1629403140,1781.03,116
1629403200,1781.04,82
1629403260,1780.84,84
1629403320,1780.86,48
1629403380,1781.02,33
1629403440,1781.02,6
1629403500,1780.97,22
1629403560,1780.84,31
1629403620,1781.06,19
1629403680,1781.17,22
1629403740,1781.20,3
1629403800,1781.12,12
1629403860,1781.24,13
1629403920,1781.26,6
1629403980,1781.22,22
1629404040,1781.26,22
1629404100,1781.25,18
1629404160,1781.31,7
1629404220,1781.24,9
1629404280,1781.30,16
1629404340,1781.25,38
1629404400,1780.93,23
1629404460,1780.70,25
1629404520,1780.91,39
1629404580,1780.82,12
1629404640,1780.92,9
1629404700,1781.01,9
1629404760,1781.01,4
1629404820,1780.91,12
1629404880,1780.91,3
1629404940,1780.82,16
1629405000,1780.64,65
1629405060,1780.72,31
1629405120,1780.61,16
1629405180,1780.13,32
1629405240,1780.23,21
1629405300,1780.42,18
1629405360,1780.35,24
1629405420,1780.33,12
1629405480,1780.42,25
1629405540,1780.33,23
1629405600,1780.63,26
1629405660,1780.43,33
1629405720,1780.33,7
1629405780,1780.25,18
1629405840,1780.43,32
1629405900,1780.23,41
1629405960,1780.23,19
1629406020,1780.32,18
1629406080,1780.42,24
1629406140,1780.13,51
1629406200,1780.23,37
1629406260,1780.14,18
1629406320,1780.14,17
1629406440,1780.13,9
1629406500,1780.14,27
1629406560,1780.05,35
1629410520,1779.97,24
1629410580,1779.73,29
1629410640,1780.19,34
1629410700,1780.16,25
1629410760,1779.99,57
1629410820,1780.22,32
1629410880,1780.48,35
1629410940,1780.42,14
1629411000,1780.52,17
1629411060,1780.49,27
1629411120,1780.59,25
1629411180,1780.58,3
1629411240,1780.56,3
1629411300,1780.30,17
1629411360,1780.44,12
1629411420,1780.65,28
1629411480,1780.82,19
1629411540,1781.02,21
1629411600,1781.01,19
1629411660,1781.04,14
1629411720,1781.11,17
1629411780,1781.20,9
1629411840,1781.08,15
1629411900,1781.32,28
1629411960,1781.48,32
1629412020,1781.17,34
1629412080,1780.68,38
1629412140,1780.75,7
1629412200,1780.53,14
1629412260,1780.26,11
1629412320,1780.34,4
1629412380,1780.39,18
1629412440,1780.13,29
1629412500,1780.12,30
1629412560,1779.93,33
1629412620,1779.82,36
1629412680,1779.78,49
1629412740,1779.93,103
1629412800,1780.12,73
1629412860,1780.14,38
1629412920,1780.62,42
1629412980,1780.74,31
1629413040,1780.57,23
1629413100,1780.62,26
1629413160,1780.52,17
1629413220,1780.41,18
1629413280,1780.41,11
1629413340,1780.49,15
1629413400,1780.40,30
1629413460,1780.40,27
1629413520,1780.30,11
1629413580,1780.70,27
1629413640,1780.64,22
1629413700,1780.74,20
1629413760,1780.97,22
1629413820,1780.97,29
1629413880,1780.78,53
1629413940,1780.94,38
1629414000,1780.56,49
1629414060,1780.55,51
1629414120,1780.43,53
1629414180,1780.49,35
1629414240,1780.66,29
1629414300,1780.71,27
1629414360,1780.79,31
1629414420,1780.68,57
1629414480,1780.51,108
1629414540,1780.77,45
1629414600,1780.76,60
1629414660,1781.02,74
1629414720,1780.85,45
1629414780,1780.93,83
1629414840,1780.85,23
1629414900,1780.92,72
1629414960,1780.92,55
1629415020,1780.92,24
1629415080,1780.73,25
1629415140,1780.24,52
1629415200,1780.51,30
1629415260,1780.41,22
1629415320,1780.29,48
1629415380,1780.32,25
1629415440,1780.39,20
1629415500,1780.78,62
1629415560,1780.85,32
1629415620,1780.36,39
1629415680,1780.61,45
1629415740,1780.64,58
1629415800,1780.37,56
1629415860,1780.16,96
1629415920,1780.50,185
1629415980,1779.81,163
1629416040,1779.65,93
1629416100,1779.31,141
1629416160,1779.65,96
1629416220,1779.37,82
1629416280,1779.63,30
1629416340,1779.76,65
1629416400,1779.37,112
1629416460,1779.36,96
1629416520,1779.46,16
1629416580,1779.46,8
1629416640,1779.15,71
1629416700,1779.28,161
1629416760,1779.27,200
1629416820,1779.76,95
1629416880,1779.49,75
1629416940,1779.07,61
1629417000,1778.86,47
1629417060,1778.89,43
1629417120,1779.04,26
1629417180,1779.14,27
1629417240,1778.74,53
1629417300,1779.11,52
1629417360,1778.82,34
1629417420,1778.98,33
1629417480,1779.13,54
1629417540,1779.05,55
1629417600,1779.24,96
1629417660,1779.46,70
1629417720,1779.31,38
1629417780,1779.57,58
1629417840,1779.95,55
1629417900,1780.06,62
1629417960,1780.26,49
1629418020,1780.54,83
1629418080,1780.02,109
1629418140,1780.38,108
1629418200,1780.29,42
1629418260,1780.43,51
1629418320,1780.64,56
1629418380,1780.25,57
1629418440,1780.23,60
1629418500,1780.32,91
1629418560,1780.04,93
1629418620,1779.95,69
1629418680,1779.87,55
1629418740,1780.24,79
1629418800,1780.30,24
1629418860,1779.90,65
1629418920,1779.93,88
1629418980,1780.30,83
1629419040,1780.21,76
1629419100,1780.11,48
1629419160,1780.10,60
1629419220,1780.18,21
1629419280,1779.77,37
1629419340,1779.89,47
1629419400,1779.78,62
1629419460,1779.84,67
1629419520,1780.16,42
1629419580,1780.33,23
1629419640,1780.06,39
1629419700,1780.14,64
1629419760,1779.96,34
1629419820,1780.31,34
1629419880,1780.55,24
1629419940,1780.45,54
1629420000,1780.34,51
1629420060,1780.32,12
1629420120,1780.25,34
1629420180,1780.60,49
1629420240,1780.24,21
1629420300,1780.32,60
1629420360,1780.59,57
1629420420,1780.69,49
1629420480,1780.80,55
1629420540,1780.59,64
1629420600,1780.59,57
1629420660,1780.62,46
1629420720,1780.87,35
1629420780,1781.08,48
1629420840,1781.15,99
1629420900,1780.93,79
1629420960,1780.72,39
1629421020,1780.92,70
1629421080,1780.90,42
1629421140,1781.04,72
1629421200,1781.97,257
1629421260,1781.67,210
1629421320,1781.95,158
1629421380,1781.74,170
1629421440,1782.36,214
1629421500,1782.44,219
1629421560,1782.36,143
1629421620,1782.65,165
1629421680,1782.47,172
1629421740,1782.62,123
1629421800,1782.76,136
1629421860,1782.69,99
1629421920,1782.17,147
1629421980,1782.28,113
1629422040,1782.39,117
1629422100,1782.90,176
1629422160,1782.96,148
1629422220,1783.14,130
1629422280,1783.61,120
1629422340,1783.86,140
1629422400,1783.96,90
1629422460,1783.66,76
1629422520,1783.56,55
1629422580,1783.49,65
1629422640,1783.54,74
1629422700,1783.71,51
1629422760,1784.04,95
1629422820,1784.36,72
1629422880,1784.29,80
1629422940,1784.25,52
1629423000,1784.17,107
1629423060,1784.20,121
1629423120,1784.12,128
1629423180,1784.08,101
1629423240,1783.86,116
1629423300,1784.18,138
1629423360,1783.63,97
1629423420,1783.56,152
1629423480,1783.98,117
1629423540,1784.03,178
1629423600,1784.53,164
1629423660,1784.94,155
1629423720,1785.14,181
1629423780,1784.93,119
1629423840,1784.65,152
1629423900,1783.59,208
1629423960,1783.42,236
1629424020,1783.59,196
1629424080,1783.19,197
1629424140,1783.31,182
1629424200,1783.01,156
1629424260,1783.31,109
1629424320,1783.50,144
1629424380,1783.92,131
1629424440,1783.82,173
1629424500,1784.07,216
1629424560,1784.02,194
1629424620,1783.18,205
1629424680,1783.05,137
1629424740,1782.99,158
1629424800,1783.22,195
1629424860,1783.25,177
1629424920,1783.00,108
1629424980,1782.76,94
1629425040,1783.15,191
1629425100,1782.69,183
1629425160,1782.91,195
1629425220,1782.79,149
1629425280,1782.99,99
1629425340,1782.72,113
1629425400,1782.74,134
1629425460,1782.67,138
1629425520,1782.34,157
1629425580,1782.42,110
1629425640,1782.53,133
1629425700,1782.58,112
1629425760,1782.95,129
1629425820,1783.07,90
1629425880,1783.14,134
1629425940,1782.90,136
1629426000,1783.05,108
1629426060,1783.16,87
1629426120,1782.92,126
1629426180,1783.00,105
1629426240,1782.95,62
1629426300,1783.01,52
1629426360,1782.83,80
1629426420,1782.82,78
1629426480,1782.88,56
1629426540,1782.87,46
1629426600,1782.81,129
1629426660,1782.93,107
1629426720,1783.01,108
1629426780,1782.99,99
1629426840,1782.72,97
1629426900,1782.64,124
1629426960,1782.66,56
1629427020,1783.12,65
1629427080,1783.49,139
1629427140,1783.42,123
1629427200,1783.23,150
1629427260,1783.31,84
1629427320,1783.34,135
1629427380,1783.43,125
1629427440,1783.28,119
1629427500,1783.35,187
1629427560,1783.00,143
1629427620,1782.72,93
1629427680,1782.47,109
1629427740,1782.47,84
1629427800,1782.62,111
1629427860,1782.92,96
1629427920,1782.97,81
1629427980,1783.03,44
1629428040,1783.47,92
1629428100,1783.92,127
1629428160,1783.87,70
1629428220,1783.78,57
1629428280,1783.82,72
1629428340,1783.86,172
1629428400,1784.02,135
1629428460,1783.65,117
1629428520,1783.37,86
1629428580,1783.33,96
1629428640,1783.52,136
1629428700,1783.44,124
1629428760,1783.53,169
1629428820,1783.30,97
1629428880,1783.19,68
1629428940,1783.26,77
1629429000,1783.62,55
1629429060,1783.74,85
1629429120,1783.83,89
1629429180,1783.79,46
1629429240,1783.66,39
1629429300,1783.68,62
1629429360,1783.77,49
1629429420,1783.54,82
1629429480,1783.82,58
1629429540,1783.77,99
1629429600,1783.79,81
1629429660,1783.97,55
1629429720,1784.09,49
1629429780,1783.65,45
1629429840,1783.82,46
1629429900,1783.67,93
1629429960,1783.42,64
1629430020,1783.51,76
1629430080,1783.78,71
1629430140,1783.88,49
1629430200,1784.03,74
1629430260,1783.70,53
1629430320,1783.44,45
1629430380,1783.38,54
1629430440,1783.56,77
1629430500,1783.40,83
1629430560,1783.75,58
1629430620,1783.77,47
1629430680,1783.88,44
1629430740,1783.96,39
1629430800,1784.18,60
1629430860,1784.07,45
1629430920,1784.07,39
1629430980,1784.20,40
1629431040,1784.33,66
1629431100,1784.67,158
1629431160,1784.73,123
1629431220,1784.70,124
1629431280,1784.65,110
1629431340,1784.68,103
1629431400,1784.75,108
1629431460,1784.60,117
1629431520,1784.38,75
1629431580,1784.44,55
1629431640,1784.49,66
1629431700,1784.57,80
1629431760,1785.34,119
1629431820,1785.20,153
1629431880,1785.24,100
1629431940,1785.27,72
1629432000,1785.51,72
1629432060,1785.54,129
1629432120,1785.61,45
1629432180,1785.86,100
1629432240,1785.87,70
1629432300,1785.95,60
1629432360,1785.77,33
1629432420,1785.99,48
1629432480,1785.69,75
1629432540,1785.95,64
1629432600,1785.72,42
1629432660,1785.77,59
1629432720,1786.04,39
1629432780,1786.16,70
1629432840,1786.19,73
1629432900,1785.92,61
1629432960,1786.03,55
1629433020,1786.12,71
1629433080,1786.29,28
1629433140,1786.29,55
1629433200,1786.19,43
1629433260,1786.10,49
1629433320,1786.31,33
1629433380,1786.13,33
1629433440,1785.92,77
1629433500,1786.27,73
1629433560,1786.56,77
1629433620,1786.27,53
1629433680,1786.53,31
1629433740,1786.36,46
1629433800,1786.26,48
1629433860,1786.09,63
1629433920,1785.97,32
1629433980,1785.92,42
1629434040,1786.09,62
1629434100,1786.01,33
1629434160,1785.88,60
1629434220,1785.89,69
1629434280,1785.73,59
1629434340,1785.62,62
1629434400,1785.72,53
1629434460,1785.60,36
1629434520,1785.69,24
1629434580,1785.74,24
1629434640,1785.67,46
1629434700,1785.77,32
1629434760,1785.57,26
1629434820,1785.57,45
1629434880,1785.67,15
1629434940,1785.67,7
1629435000,1785.86,27
1629435060,1785.81,12
1629435120,1785.65,38
1629435180,1785.85,33
1629435240,1785.80,16
1629435300,1785.83,39
1629435360,1785.96,28
1629435420,1786.08,56
1629435480,1786.09,55
1629435540,1785.93,60
1629435600,1786.01,85
1629435660,1785.63,77
1629435720,1785.77,127
1629435780,1785.92,94
1629435840,1786.03,89
1629435900,1786.38,104
1629435960,1786.43,146
1629436020,1786.22,101
1629436080,1786.06,119
1629436140,1786.32,109
1629436200,1786.57,96
1629436260,1786.44,53
1629436320,1786.15,41
1629436380,1786.08,109
1629436440,1785.24,138
1629436500,1785.22,205
1629436560,1785.30,173
1629436620,1785.01,189
1629436680,1785.20,195
1629436740,1785.87,130
1629436800,1785.11,184
1629436860,1784.90,150
1629436920,1784.91,120
1629436980,1784.98,106
1629437040,1784.78,91
1629437100,1784.96,65
1629437160,1785.16,68
1629437220,1785.05,83
1629437280,1784.93,105
1629437340,1785.11,150
1629437400,1785.71,245
1629437460,1785.15,146
1629437520,1784.46,143
1629437580,1784.40,116
1629437640,1784.07,127
1629437700,1784.63,129
1629437760,1785.18,143
1629437820,1785.91,128
1629437880,1785.44,137
1629437940,1785.62,132
1629438000,1786.17,217
1629438060,1785.90,198
1629438120,1785.83,190
1629438180,1785.94,171
1629438240,1786.39,98
1629438300,1786.42,131
1629438360,1786.31,127
1629438420,1786.20,151
1629438480,1786.58,128
1629438540,1786.48,130
1629438600,1786.69,150
1629438660,1786.70,196
1629438720,1786.68,180
1629438780,1786.30,172
1629438840,1786.64,110
1629438900,1786.62,126
1629438960,1786.23,142
1629439020,1786.23,115
1629439080,1786.15,138
1629439140,1786.48,106
1629439200,1785.18,213
1629439260,1785.36,180
1629439320,1785.84,140
1629439380,1786.64,179
1629439440,1786.86,186
1629439500,1787.26,141
1629439560,1786.95,169
1629439620,1786.94,144
1629439680,1787.23,151
1629439740,1787.07,177
1629439800,1787.03,136
1629439860,1786.87,95
1629439920,1787.02,137
1629439980,1787.14,135
1629440040,1787.17,99
1629440100,1786.96,102
1629440160,1787.34,111
1629440220,1787.32,117
1629440280,1786.96,104
1629440340,1787.03,125
1629440400,1786.79,105
1629440460,1786.51,102
1629440520,1787.51,157
1629440580,1787.61,160
1629440640,1787.38,137
1629440700,1787.36,85
1629440760,1787.56,76
1629440820,1787.48,130
1629440880,1787.36,107
1629440940,1786.92,96
1629441000,1786.82,108
1629441060,1786.37,147
1629441120,1786.72,212
1629441180,1786.87,123
1629441240,1787.66,136
1629441300,1787.91,115
1629441360,1788.00,165
1629441420,1787.96,115
1629441480,1787.95,100
1629441540,1787.61,101
1629441600,1787.54,100
1629441660,1787.33,89
1629441720,1787.20,115
1629441780,1787.50,78
1629441840,1787.10,65
1629441900,1787.09,95
1629441960,1787.37,86
1629442020,1787.65,104
1629442080,1787.62,147
1629442140,1787.62,157
1629442200,1787.95,112
1629442260,1787.74,127
1629442320,1787.66,48
1629442380,1787.55,78
1629442440,1787.76,85
1629442500,1787.81,127
1629442560,1788.18,146
1629442620,1788.21,178
1629442680,1788.03,101
1629442740,1787.49,164
1629442800,1787.17,212
1629442860,1787.78,218
1629442920,1787.41,178
1629442980,1787.40,127
1629443040,1787.39,136
1629443100,1786.84,131
1629443160,1787.10,131
1629443220,1786.53,105
1629443280,1786.89,194
1629443340,1787.02,198
1629443400,1786.74,93
1629443460,1786.87,109
1629443520,1786.62,126
1629443580,1786.72,137
1629443640,1787.11,112
1629443700,1786.90,133
1629443760,1786.90,117
1629443820,1787.19,120
1629443880,1786.80,134
1629443940,1786.65,127
1629444000,1786.52,117
1629444060,1786.82,67
1629444120,1786.44,87
1629444180,1786.61,100
1629444240,1786.55,128
1629444300,1786.69,205
1629444360,1786.99,136
1629444420,1787.38,142
1629444480,1787.46,131
1629444540,1787.53,156
1629444600,1786.30,122
1629444660,1786.34,187
1629444720,1787.08,129
1629444780,1787.51,119
1629444840,1787.49,94
1629444900,1787.72,145
1629444960,1787.37,135
1629445020,1787.48,149
1629445080,1787.79,120
1629445140,1788.03,210
1629445200,1787.32,211
1629445260,1787.39,193
1629445320,1787.19,132
1629445380,1787.19,121
1629445440,1786.86,168
1629445500,1786.62,220
1629445560,1786.64,183
1629445620,1786.56,112
1629445680,1786.27,113
1629445740,1786.24,156
1629445800,1785.98,150
1629445860,1786.00,162
1629445920,1786.40,164
1629445980,1786.32,100
1629446040,1786.36,101
1629446100,1786.17,119
1629446160,1786.10,90
1629446220,1785.73,133
1629446280,1785.84,78
1629446340,1785.43,114
1629446400,1785.77,119
1629446460,1786.06,161
1629446520,1786.36,108
1629446580,1786.03,129
1629446640,1786.15,116
1629446700,1786.41,149
1629446760,1786.15,129
1629446820,1786.25,125
1629446880,1786.41,102
1629446940,1786.21,102
1629447000,1786.11,114
1629447060,1786.01,73
1629447120,1785.82,109
1629447180,1786.10,93
1629447240,1786.44,84
1629447300,1787.07,141
1629447360,1786.90,127
1629447420,1786.38,125
1629447480,1786.27,63
1629447540,1785.79,85
1629447600,1785.64,103
1629447660,1785.51,119
1629447720,1785.42,51
1629447780,1785.30,69
1629447840,1785.31,101
1629447900,1785.01,131
1629447960,1784.92,88
1629448020,1785.11,66
1629448080,1785.19,97
1629448140,1784.62,75
1629448200,1784.39,102
1629448260,1784.20,103
1629448320,1784.18,115
1629448380,1784.18,119
1629448440,1784.39,105
1629448500,1784.28,83
1629448560,1783.96,82
1629448620,1784.00,89
1629448680,1784.27,118
1629448740,1784.06,106
1629448800,1783.82,127
1629448860,1783.57,117
1629448920,1783.57,119
1629448980,1783.06,151
1629449040,1783.45,139
1629449100,1783.01,131
1629449160,1782.45,164
1629449220,1782.11,190
1629449280,1781.81,119
1629449340,1781.62,137
1629449400,1781.33,190
1629449460,1781.27,162
1629449520,1780.68,211
1629449580,1781.66,171
1629449640,1781.92,150
1629449700,1781.96,115
1629449760,1782.14,109
1629449820,1782.42,135
1629449880,1782.53,108
1629449940,1782.61,76
1629450000,1782.60,115
1629450060,1782.40,110
1629450120,1782.79,127
1629450180,1783.04,105
1629450240,1783.01,106
1629450300,1782.93,85
1629450360,1782.62,150
1629450420,1782.43,85
1629450480,1782.41,21
1629450540,1782.11,92
1629450600,1782.25,97
1629450660,1782.14,94
1629450720,1782.06,116
1629450780,1782.46,126
1629450840,1782.68,107
1629450900,1782.77,66
1629450960,1782.70,93
1629451020,1782.39,85
1629451080,1782.39,49
1629451140,1782.10,96
1629451200,1782.23,87
1629451260,1782.23,84
1629451320,1782.29,93
1629451380,1782.48,88
1629451440,1782.87,79
1629451500,1783.20,125
1629451560,1782.99,88
1629451620,1783.07,57
1629451680,1782.34,109
1629451740,1781.88,71
1629451800,1782.82,140
1629451860,1783.08,123
1629451920,1782.78,125
1629451980,1782.76,50
1629452040,1782.65,59
1629452100,1782.44,49
1629452160,1782.41,70
1629452220,1782.41,90
1629452280,1782.12,67
1629452340,1782.14,55
1629452400,1782.33,53
1629452460,1782.34,29
1629452520,1782.34,24
1629452580,1782.34,27
1629452640,1782.30,51
1629452700,1782.11,22
1629452760,1782.01,64
1629452820,1781.81,55
1629452880,1781.49,83
1629452940,1781.90,71
1629453000,1781.82,140
1629453060,1781.64,82
1629453120,1781.46,65
1629453180,1781.57,97
1629453240,1781.57,99
1629453300,1781.68,105
1629453360,1781.49,110
1629453420,1781.49,80
1629453480,1781.80,76
1629453540,1781.79,105
1629453600,1782.12,106
1629453660,1782.32,64
1629453720,1781.91,52
1629453780,1781.91,73
1629453840,1782.50,50
1629453900,1781.46,112
1629453960,1781.62,82
1629454020,1781.33,57
1629454080,1780.79,120
1629454140,1781.37,142
1629454200,1780.71,105
1629454260,1780.58,121
1629454320,1780.30,75
1629454380,1780.20,100
1629454440,1780.50,103
1629454500,1780.84,70
1629454560,1781.42,45
1629454620,1781.20,125
1629454680,1781.20,57
1629454740,1781.60,92
1629454800,1781.88,78
1629454860,1781.85,95
1629454920,1781.97,55
1629454980,1781.97,62
1629455040,1782.09,49
1629455100,1782.35,75
1629455160,1782.34,64
1629455220,1782.60,50
1629455280,1783.08,104
1629455340,1783.23,113
1629455400,1783.53,119
1629455460,1783.25,111
1629455520,1783.58,97
1629455580,1783.54,71
1629455640,1783.52,33
1629455700,1783.52,58
1629455760,1783.63,73
1629455820,1783.65,47
1629455880,1783.75,92
1629455940,1783.63,77
1629456000,1783.69,59
1629456060,1783.85,31
1629456120,1784.23,105
1629456180,1784.35,80
1629456240,1784.24,91
1629456300,1783.79,107
1629456360,1783.98,77
1629456420,1784.04,55
1629456480,1783.97,55
1629456540,1784.00,72
1629456600,1784.03,53
1629456660,1783.86,57
1629456720,1784.08,31
1629456780,1784.17,53
1629456840,1784.39,54
1629456900,1784.57,88
1629456960,1784.57,84
1629457020,1785.05,98
1629457080,1785.17,53
1629457140,1784.91,102
1629457200,1784.58,118
1629457260,1784.58,95
1629457320,1785.00,85
1629457380,1785.19,97
1629457440,1785.41,142
1629457500,1785.36,70
1629457560,1785.23,91
1629457620,1785.26,117
1629457680,1785.25,61
1629457740,1785.04,83
1629457800,1785.21,124
1629457860,1785.23,74
1629457920,1785.08,85
1629457980,1784.96,60
1629458040,1786.05,150
1629458100,1785.60,97
1629458160,1785.06,92
1629458220,1785.17,93
1629458280,1785.13,72
1629458340,1784.71,87
1629458400,1784.68,95
1629458460,1784.71,50
1629458520,1784.83,60
1629458580,1784.90,72
1629458640,1785.00,65
1629458700,1785.09,54
1629458760,1785.00,90
1629458820,1785.22,68
1629458880,1785.14,86
1629458940,1785.23,73
1629459000,1785.41,84
1629459060,1785.19,73
1629459120,1784.83,109
1629459180,1784.50,124
1629459240,1784.37,113
1629459300,1784.37,101
1629459360,1783.99,187
1629459420,1783.61,194
1629459480,1783.97,133
1629459540,1784.31,96
1629459600,1783.92,139
1629459660,1783.72,61
1629459720,1783.40,78
1629459780,1783.60,73
1629459840,1783.78,52
1629459900,1783.83,63
1629459960,1784.10,91
1629460020,1784.01,59
1629460080,1784.01,39
1629460140,1783.73,48
1629460200,1784.28,136
1629460260,1784.00,107
1629460320,1784.50,96
1629460380,1784.72,78
1629460440,1784.57,113
1629460500,1784.40,92
1629460560,1784.53,80
1629460620,1784.81,61
1629460680,1785.10,72
1629460740,1784.72,127
1629460800,1784.70,148
1629460860,1785.09,131
1629460920,1785.21,155
1629460980,1785.10,141
1629461040,1784.82,127
1629461100,1784.86,140
1629461160,1784.93,103
1629461220,1784.85,96
1629461280,1784.66,102
1629461340,1785.24,138
1629461400,1785.25,154
1629461460,1785.52,90
1629461520,1785.62,130
1629461580,1785.42,99
1629461640,1785.61,79
1629461700,1785.32,93
1629461760,1784.65,74
1629461820,1784.65,70
1629461880,1784.64,48
1629461940,1784.65,64
1629462000,1782.95,216
1629462060,1784.00,224
1629462120,1784.02,210
1629462180,1785.01,246
1629462240,1785.42,214
1629462300,1785.52,170
1629462360,1785.87,193
1629462420,1785.67,186
1629462480,1784.90,203
1629462540,1785.23,172
1629462600,1785.28,269
1629462660,1785.71,117
1629462720,1785.56,209
1629462780,1785.66,229
1629462840,1785.34,141
1629462900,1786.24,218
1629462960,1785.85,174
1629463020,1786.06,178
1629463080,1785.97,160
1629463140,1785.79,118
1629463200,1786.46,223
1629463260,1786.21,134
1629463320,1785.28,90
1629463380,1785.17,149
1629463440,1784.88,117
1629463500,1784.61,168
1629463560,1784.73,165
1629463620,1784.86,149
1629463680,1784.90,131
1629463740,1784.62,97
1629463800,1784.80,115
1629463860,1784.53,70
1629463920,1784.04,130
1629463980,1783.65,126
1629464040,1783.38,184
1629464100,1783.35,251
1629464160,1782.79,222
1629464220,1782.30,221
1629464280,1782.63,179
1629464340,1782.17,220
1629464400,1781.58,320
1629464460,1781.23,246
1629464520,1781.23,291
1629464580,1779.83,276
1629464640,1780.40,300
1629464700,1780.69,268
1629464760,1780.42,249
1629464820,1780.68,267
1629464880,1780.58,272
1629464940,1782.17,315
1629465000,1782.38,347
1629465060,1783.31,307
1629465120,1783.24,271
1629465180,1782.74,202
1629465240,1782.20,143
1629465300,1782.68,191
1629465360,1782.87,234
1629465420,1782.06,221
1629465480,1781.72,275
1629465540,1781.90,251
1629465600,1782.20,240
1629465660,1781.93,179
1629465720,1782.35,227
1629465780,1782.66,169
1629465840,1782.70,160
1629465900,1782.73,147
1629465960,1782.35,227
1629466020,1783.02,232
1629466080,1783.58,226
1629466140,1783.33,242
1629466200,1783.91,371
1629466260,1783.87,361
1629466320,1783.87,358
1629466380,1784.35,334
1629466440,1784.44,275
1629466500,1784.49,400
1629466560,1784.17,353
1629466620,1784.28,298
1629466680,1784.84,307
1629466740,1785.33,293
1629466800,1785.57,304
1629466860,1785.10,325
1629466920,1784.18,313
1629466980,1783.92,249
1629467040,1784.71,257
1629467100,1783.07,343
1629467160,1782.64,356
1629467220,1782.68,374
1629467280,1782.91,261
1629467340,1781.45,288
1629467400,1781.22,321
1629467460,1781.85,357
1629467520,1781.34,241
1629467580,1781.01,279
1629467640,1780.72,249
1629467700,1779.69,308
1629467760,1780.46,275
1629467820,1780.38,303
1629467880,1781.30,288
1629467940,1781.54,333
1629468000,1780.26,354
1629468060,1780.51,349
1629468120,1780.38,305
1629468180,1781.11,310
1629468240,1780.86,278
1629468300,1780.30,286
1629468360,1780.33,214
1629468420,1781.44,278
1629468480,1780.82,376
1629468540,1781.97,346
1629468600,1780.83,302
1629468660,1781.54,256
1629468720,1780.65,235
1629468780,1780.72,211
1629468840,1781.33,195
1629468900,1781.33,196
1629468960,1781.53,259
1629469020,1780.54,277
1629469080,1780.48,290
1629469140,1780.68,258
1629469200,1780.37,224
1629469260,1779.37,325
1629469320,1780.33,298
1629469380,1780.54,270
1629469440,1781.52,220
1629469500,1780.71,227
1629469560,1780.39,256
1629469620,1780.80,187
1629469680,1780.14,233
1629469740,1780.49,280
1629469800,1780.42,221
1629469860,1778.82,371
1629469920,1779.86,388
1629469980,1779.72,271
1629470040,1779.33,253
1629470100,1778.53,323
1629470160,1779.59,369
1629470220,1779.53,286
1629470280,1779.89,329
1629470340,1779.75,354
1629470400,1779.17,319
1629470460,1779.44,214
1629470520,1780.78,206
1629470580,1781.33,221
1629470640,1781.80,232
1629470700,1782.13,229
1629470760,1782.75,255
1629470820,1782.99,225
1629470880,1782.74,191
1629470940,1783.05,189
1629471000,1782.77,228
1629471060,1782.74,241
1629471120,1782.43,155
1629471180,1782.54,188
1629471240,1782.85,181
1629471300,1783.27,208
1629471360,1783.18,150
1629471420,1783.01,170
1629471480,1782.85,203
1629471540,1782.49,208
1629471600,1781.65,207
1629471660,1781.83,157
1629471720,1781.33,181
1629471780,1782.01,193
1629471840,1782.19,158
1629471900,1782.20,148
1629471960,1781.74,163
1629472020,1782.10,127
1629472080,1782.09,119
1629472140,1782.40,75
1629472200,1783.04,186
1629472260,1783.62,238
1629472320,1783.11,150
1629472380,1783.23,208
1629472440,1782.56,178
1629472500,1782.62,181
1629472560,1782.66,132
1629472620,1783.03,143
1629472680,1783.22,168
1629472740,1783.48,155
1629472800,1783.65,152
1629472860,1783.91,141
1629472920,1783.28,162
1629472980,1783.58,161
1629473040,1784.03,149
1629473100,1784.25,130
1629473160,1783.85,155
1629473220,1783.85,134
1629473280,1783.97,50
1629473340,1783.83,137
1629473400,1784.05,142
1629473460,1783.35,116
1629473520,1783.34,72
1629473580,1783.62,83
1629473640,1783.82,99
1629473700,1783.54,105
1629473760,1783.68,128
1629473820,1783.11,82
1629473880,1783.31,179
1629473940,1783.36,117
1629474000,1783.15,87
1629474060,1783.05,58
1629474120,1782.75,55
1629474180,1782.65,98
1629474240,1783.00,89
1629474300,1782.92,132
1629474360,1782.84,111
1629474420,1782.93,59
1629474480,1782.93,37
1629474540,1782.83,67
1629474600,1782.49,89
1629474660,1783.12,73
1629474720,1783.34,123
1629474780,1783.70,131
1629474840,1783.87,147
1629474900,1784.05,143
1629474960,1784.13,62
1629475020,1784.35,150
1629475080,1784.43,208
1629475140,1784.91,119
1629475200,1785.09,69
1629475260,1785.31,215
1629475320,1785.14,134
1629475380,1785.89,182
1629475440,1785.66,190
1629475500,1786.05,169
1629475560,1785.95,137
1629475620,1786.07,104
1629475680,1786.55,147
1629475740,1786.22,119
1629475800,1785.58,166
1629475860,1785.41,124
1629475920,1785.33,149
1629475980,1785.36,72
1629476040,1785.35,148
1629476100,1785.12,137
1629476160,1785.18,129
1629476220,1785.14,144
1629476280,1785.49,90
1629476340,1785.39,111
1629476400,1785.39,89
1629476460,1785.19,115
1629476520,1785.18,114
1629476580,1785.43,77
1629476640,1785.58,73
1629476700,1785.59,80
1629476760,1785.56,99
1629476820,1785.49,118
1629476880,1785.50,130
1629476940,1785.40,107
1629477000,1785.21,89
1629477060,1784.82,63
1629477120,1784.61,77
1629477180,1784.62,67
1629477240,1784.92,109
1629477300,1784.92,92
1629477360,1785.53,111
1629477420,1785.21,67
1629477480,1785.27,114
1629477540,1785.38,124
1629477600,1785.12,54
1629477660,1785.06,60
1629477720,1785.32,67
1629477780,1785.32,70
1629477840,1785.31,55
1629477900,1785.33,94
1629477960,1785.52,108
1629478020,1785.42,73
1629478080,1785.52,103
1629478140,1785.00,137
1629478200,1784.80,117
1629478260,1784.72,154
1629478320,1784.89,95
1629478380,1784.62,110
1629478440,1784.41,63
1629478500,1784.11,99
1629478560,1783.82,105
1629478620,1783.63,69
1629478680,1783.73,95
1629478740,1783.88,70
1629478800,1784.01,91
1629478860,1784.02,50
1629478920,1784.42,65
1629478980,1784.22,81
1629479040,1784.20,85
1629479100,1784.19,73
1629479160,1783.81,56
1629479220,1783.42,75
1629479280,1783.55,100
1629479340,1783.66,78
1629479400,1783.78,78
1629479460,1783.59,79
1629479520,1783.60,60
1629479580,1783.80,79
1629479640,1783.99,131
1629479700,1783.41,100
1629479760,1783.50,109
1629479820,1783.50,56
1629479880,1783.10,86
1629479940,1783.40,57
1629480000,1783.14,99
1629480060,1783.43,96
1629480120,1782.92,88
1629480180,1782.73,112
1629480240,1782.32,108
1629480300,1782.67,145
1629480360,1782.38,115
1629480420,1781.99,118
1629480480,1781.91,116
1629480540,1782.51,170
1629480600,1782.32,133
1629480660,1782.41,82
1629480720,1782.51,93
1629480780,1782.33,81
1629480840,1782.58,90
1629480900,1782.67,119
1629480960,1782.69,88
1629481020,1783.03,66
1629481080,1783.18,93
1629481140,1783.20,94
1629481200,1783.31,110
1629481260,1783.38,110
1629481320,1783.18,58
1629481380,1783.08,89
1629481440,1783.42,92
1629481500,1783.51,50
1629481560,1783.37,49
1629481620,1783.28,62
1629481680,1783.17,48
1629481740,1783.39,109
1629481800,1783.19,75
1629481860,1782.89,88
1629481920,1783.09,92
1629481980,1783.20,46
1629482040,1783.00,72
1629482100,1782.88,61
1629482160,1782.64,82
1629482220,1782.75,59
1629482280,1782.68,57
1629482340,1782.78,47
1629482400,1782.83,82
1629482460,1782.83,50
1629482520,1782.82,56
1629482580,1782.68,75
1629482640,1782.62,81
1629482700,1782.08,130
1629482760,1782.12,85
1629482820,1782.11,68
1629482880,1782.15,57
1629482940,1782.36,74
1629483000,1782.68,40
1629483060,1782.57,41
1629483120,1782.47,47
1629483180,1782.41,48
1629483240,1782.51,137
1629483300,1782.06,57
1629483360,1782.12,48
1629483420,1782.23,43
1629483480,1782.70,56
1629483540,1782.60,117
1629483600,1782.81,64
1629483660,1783.05,86
1629483720,1783.03,56
1629483780,1782.88,80
1629483840,1782.95,38
1629483900,1783.14,67
1629483960,1782.78,42
1629484020,1782.59,57
1629484080,1782.67,45
1629484140,1782.83,72
1629484200,1782.81,48
1629484260,1782.68,25
1629484320,1782.75,23
1629484380,1782.80,41
1629484440,1782.71,31
1629484500,1782.54,60
1629484560,1782.82,55
1629484620,1782.74,30
1629484680,1782.86,31
1629484740,1782.83,37
1629484800,1782.86,40
1629484860,1782.73,50
1629484920,1782.60,38
1629484980,1782.37,25
1629485040,1782.41,20
1629485100,1782.21,38
1629485160,1782.15,27
1629485220,1782.32,33
1629485280,1782.35,20
1629485340,1782.64,37
1629485400,1782.56,34
1629485460,1782.73,29
1629485520,1782.64,26
1629485580,1782.53,13
1629485640,1782.40,36
1629485700,1782.44,41
1629485760,1782.50,25
1629485820,1782.61,32
1629485880,1782.67,23
1629485940,1782.77,47
1629486000,1782.39,128
1629486060,1782.39,64
1629486120,1782.44,24
1629486180,1782.54,39
1629486240,1782.41,25
1629486300,1782.20,24
1629486360,1782.12,55
1629486420,1782.33,33
1629486480,1782.70,27
1629486540,1782.43,38
1629486600,1782.29,39
1629486660,1782.65,39
1629486720,1782.72,29
1629486780,1782.72,33
1629486840,1782.66,32
1629486900,1782.61,29
1629486960,1782.66,33
1629487020,1782.51,47
1629487080,1782.70,33
1629487140,1782.63,50
1629487200,1782.67,44
1629487260,1782.68,23
1629487320,1783.06,43
1629487380,1782.82,55
1629487440,1782.79,69
1629487500,1782.58,54
1629487560,1782.66,48
1629487620,1782.61,46
1629487680,1782.70,34
1629487740,1782.44,40
1629487800,1782.52,37
1629487860,1782.58,41
1629487920,1782.57,23
1629487980,1782.65,35
1629488040,1782.71,45
1629488100,1782.84,29
1629488160,1783.25,48
1629488220,1783.14,19
1629488280,1782.96,51
1629488340,1782.71,64
1629488400,1782.45,23
1629488460,1782.53,42
1629488520,1782.62,28
1629488580,1782.59,34
1629488640,1782.55,34
1629488700,1782.64,25
1629488760,1782.74,22
1629488820,1782.62,32
1629488880,1782.52,53
1629488940,1782.50,51
1629489000,1782.39,86
1629489060,1782.30,76
1629489120,1782.39,57
1629489180,1782.43,40
1629489240,1782.37,69
1629489300,1782.47,80
1629489360,1782.38,77
1629489420,1782.47,58
1629489480,1782.37,76
1629489540,1782.47,99
1629489600,1782.14,62
1629489660,1782.15,39
1629489720,1782.26,24
1629489780,1782.16,26
1629489840,1781.98,26
1629489900,1781.90,21
1629489960,1781.79,29
1629490020,1781.94,33
1629490080,1782.01,17
1629490140,1782.08,19
1629490200,1782.12,12
1629490260,1782.30,8
1629490320,1782.34,17
1629490380,1782.28,8
1629490440,1782.29,21
1629490500,1781.99,34
1629490560,1782.08,14
1629490620,1781.99,38
1629490680,1781.89,13
1629490740,1782.07,29
1629490800,1781.78,14
1629490860,1781.87,15
1629490920,1781.87,1
1629490980,1781.77,13
1629491040,1781.69,31
1629491100,1781.77,7
1629491160,1781.74,21
1629491220,1781.88,20
1629491280,1781.80,13
1629491340,1781.78,15
1629491400,1781.72,17
1629491460,1781.57,11
1629491520,1781.53,23
1629491580,1781.63,15
1629491640,1781.55,11
1629491700,1781.53,21
1629491760,1781.53,17
1629491820,1781.34,22
1629491880,1781.24,24
1629491940,1781.15,23
1629492000,1781.06,34
1629492060,1781.19,25
1629492120,1781.18,29
1629492180,1781.35,23
1629492240,1781.26,34
1629492300,1781.26,19
1629492360,1781.26,13
1629492420,1781.16,15
1629492480,1781.06,21
1629492540,1780.48,71
1629492600,1780.72,73
1629492660,1781.01,20
1629492720,1780.92,36
1629492780,1780.92,15
1629492840,1781.03,40
1629492900,1780.96,68
1629492960,1780.96,11
1629669720,1781.60,87
1629669780,1781.33,76
1629669840,1781.53,64
1629669900,1781.39,65
1629669960,1781.48,85
1629670020,1781.46,70
1629670080,1781.59,48
1629670140,1781.72,62
1629670200,1781.93,89
1629670260,1782.03,115
1629670320,1781.96,131
1629670380,1781.88,105
1629670440,1782.28,69
1629670500,1782.00,98
1629670560,1781.44,49
1629670620,1781.36,17
1629670680,1780.88,60
1629670740,1781.02,61
1629670800,1780.93,59
1629670860,1780.51,59
1629670920,1780.25,37
1629670980,1779.93,68
1629671040,1780.04,13
1629671100,1780.02,22
1629671160,1780.14,28
1629671220,1780.19,45
1629671280,1780.19,7
1629671340,1780.43,20
1629671400,1780.15,44
1629671460,1780.27,33
1629671520,1780.29,53
1629671580,1780.60,42
1629671640,1780.53,27
1629671700,1779.92,59
1629671760,1779.83,42
1629671820,1779.77,46
1629671880,1779.76,68
1629671940,1779.23,82
1629672000,1779.51,53
1629672060,1779.55,41
1629672120,1779.44,33
1629672180,1779.43,41
1629672240,1779.21,42
1629672300,1779.19,40
1629672360,1779.16,18
1629672420,1779.21,9
1629672480,1779.29,40
1629672540,1779.24,37
1629672600,1779.10,97
1629672660,1778.78,91
1629672720,1779.09,51
1629672780,1779.01,50
1629672840,1779.04,26
1629672900,1778.91,39
1629672960,1778.72,46
1629673020,1778.35,55
1629673080,1778.34,30
1629673140,1778.25,21
1629673200,1777.86,103
1629673260,1777.99,75
1629673320,1778.18,35
1629673380,1778.35,37
1629673440,1778.37,42
1629673500,1778.39,43
1629673560,1778.34,37
1629673620,1778.05,70
1629673680,1778.37,33
1629673740,1777.96,59
1629673800,1778.11,26
1629673860,1778.26,41
1629673920,1778.29,26
1629673980,1778.23,20
1629674040,1778.02,28
1629674100,1777.87,18
1629674160,1778.35,40
1629674220,1778.37,24
1629674280,1778.37,37
1629674340,1777.93,53
1629674400,1778.04,42
1629674460,1777.95,40
1629674520,1777.65,48
1629674580,1777.99,46
1629674640,1777.61,65
1629674700,1777.56,76
1629674760,1777.71,43
1629674820,1777.88,18
1629674880,1778.29,37
1629674940,1778.30,30
1629675000,1778.25,43
1629675060,1778.24,44
1629675120,1778.28,42
1629675180,1778.35,20
1629675240,1778.38,42
1629675300,1778.35,45
1629675360,1778.46,35
1629675420,1778.43,16
1629675480,1778.37,27
1629675540,1778.32,33
1629675600,1778.25,22
1629675660,1778.21,18
1629675720,1778.47,33
1629675780,1778.32,22
1629675840,1778.35,34
1629675900,1778.40,46
1629675960,1778.43,17
1629676020,1778.43,26
1629676080,1778.43,18
1629676140,1778.44,18
1629676200,1778.89,18
1629676260,1778.84,60
1629676320,1779.12,47
1629676380,1779.21,67
1629676440,1778.94,98
1629676500,1778.97,100
1629676560,1778.34,87
1629676620,1778.50,60
1629676680,1778.53,34
1629676740,1778.65,74
1629676800,1779.31,162
1629676860,1779.47,62
1629676920,1779.71,104
1629676980,1778.90,113
1629677040,1778.96,99
1629677100,1778.62,125
1629677160,1778.49,65
1629677220,1778.09,94
1629677280,1777.46,103
1629677340,1777.60,93
1629677400,1777.63,69
1629677460,1778.06,75
1629677520,1777.87,92
1629677580,1777.66,102
1629677640,1777.75,40
1629677700,1777.62,73
1629677760,1777.62,91
1629677820,1777.68,100
1629677880,1777.43,78
1629677940,1777.43,95
1629678000,1777.77,69
1629678060,1777.76,38
1629678120,1777.95,54
1629678180,1778.09,78
1629678240,1778.25,61
1629678300,1778.10,57
1629678360,1778.33,77
1629678420,1778.31,69
1629678480,1778.66,75
1629678540,1778.88,91
1629678600,1778.93,66
1629678660,1778.85,58
1629678720,1779.07,72
1629678780,1778.97,88
1629678840,1779.14,40
1629678900,1779.04,59
1629678960,1779.13,49
1629679020,1779.16,37
1629679080,1779.42,38
1629679140,1779.70,56
1629679200,1779.21,96
1629679260,1778.80,106
1629679320,1778.45,87
1629679380,1778.76,91
1629679440,1778.75,63
1629679500,1779.02,103
1629679560,1778.88,68
1629679620,1779.02,97
1629679680,1779.06,75
1629679740,1779.16,114
1629679800,1779.25,99
1629679860,1779.22,81
1629679920,1779.42,144
1629679980,1779.26,119
1629680040,1779.10,134
1629680100,1779.17,110
1629680160,1779.49,101
1629680220,1779.36,89
1629680280,1779.29,93
1629680340,1779.14,87
1629680400,1778.65,358
1629680460,1779.29,262
1629680520,1777.75,295
1629680580,1777.45,283
1629680640,1777.69,220
1629680700,1777.22,232
1629680760,1778.53,252
1629680820,1779.29,218
1629680880,1778.11,210
1629680940,1777.95,237
1629681000,1777.57,214
1629681060,1777.81,222
1629681120,1777.51,215
1629681180,1776.82,257
1629681240,1777.35,204
1629681300,1777.91,198
1629681360,1777.60,153
1629681420,1777.76,170
1629681480,1777.41,182
1629681540,1777.42,204
1629681600,1777.15,190
1629681660,1776.74,161
1629681720,1776.96,172
1629681780,1777.93,167
1629681840,1778.23,186
1629681900,1777.95,183
1629681960,1778.48,126
1629682020,1778.26,176
1629682080,1777.68,157
1629682140,1777.35,245
1629682200,1777.26,225
1629682260,1777.29,140
1629682320,1777.59,119
1629682380,1777.35,110
1629682440,1777.04,148
1629682500,1777.16,152
1629682560,1777.18,156
1629682620,1777.94,140
1629682680,1778.48,133
1629682740,1777.98,179
1629682800,1778.18,196
1629682860,1778.24,156
1629682920,1778.68,169
1629682980,1778.75,243
1629683040,1778.88,167
1629683100,1780.25,246
1629683160,1779.83,284
1629683220,1780.58,221
1629683280,1781.80,256
1629683340,1782.13,190
1629683400,1782.75,236
1629683460,1782.75,254
1629683520,1784.82,323
1629683580,1784.93,314
1629683640,1785.68,288
1629683700,1785.68,330
1629683760,1785.34,244
1629683820,1785.08,204
1629683880,1785.39,140
1629683940,1785.57,160
1629684000,1785.23,191
1629684060,1785.56,139
1629684120,1785.70,188
1629684180,1785.77,189
1629684240,1785.99,131
1629684300,1786.32,243
1629684360,1786.01,148
1629684420,1786.03,216
1629684480,1786.21,126
1629684540,1786.34,118
1629684600,1786.34,102
1629684660,1786.10,113
1629684720,1785.88,148
1629684780,1785.70,127
1629684840,1785.38,160
1629684900,1785.18,122
1629684960,1785.59,162
1629685020,1786.16,113
1629685080,1786.50,70
1629685140,1786.20,90
1629685200,1785.79,71
1629685260,1786.18,55
1629685320,1785.84,75
1629685380,1785.98,61
1629685440,1786.19,62
1629685500,1785.87,78
1629685560,1785.85,58
1629685620,1785.85,36
1629685680,1786.03,45
1629685740,1786.05,80
1629685800,1786.18,100
1629685860,1785.43,87
1629685920,1785.68,90
1629685980,1785.84,88
1629686040,1786.00,82
1629686100,1785.91,43
1629686160,1785.98,81
1629686220,1786.39,55
1629686280,1786.42,65
1629686340,1786.45,90
1629686400,1786.71,90
1629686460,1786.73,72
1629686520,1786.90,88
1629686580,1786.97,130
1629686640,1786.53,142
1629686700,1786.41,103
1629686760,1786.36,34
1629686820,1786.24,71
1629686880,1786.02,82
1629686940,1786.27,81
1629687000,1786.81,138
1629687060,1786.79,176
1629687120,1786.94,144
1629687180,1786.96,111
1629687240,1787.20,154
1629687300,1787.18,100
1629687360,1787.30,127
1629687420,1787.71,135
1629687480,1787.77,94
1629687540,1787.96,157
1629687600,1787.65,115
1629687660,1787.99,87
1629687720,1787.90,132
1629687780,1787.09,169
1629687840,1787.12,125
1629687900,1786.99,115
1629687960,1787.18,88
1629688020,1787.25,92
1629688080,1786.64,115
1629688140,1786.40,122
1629688200,1786.33,172
1629688260,1786.50,142
1629688320,1786.58,131
1629688380,1787.00,171
1629688440,1786.70,158
1629688500,1787.22,142
1629688560,1787.40,106
1629688620,1787.43,79
1629688680,1787.61,45
1629688740,1787.60,95
1629688800,1787.96,170
1629688860,1788.47,179
1629688920,1787.93,166
1629688980,1787.79,141
1629689040,1787.30,118
1629689100,1787.07,121
1629689160,1787.05,139
1629689220,1787.24,85
1629689280,1786.86,82
1629689340,1786.85,129
1629689400,1787.15,77
1629689460,1787.00,73
1629689520,1786.95,40
1629689580,1787.00,69
1629689640,1786.96,41
1629689700,1787.06,65
1629689760,1787.04,65
1629689820,1787.04,49
1629689880,1787.15,32
1629689940,1787.49,59
1629690000,1787.12,52
1629690060,1787.01,60
1629690120,1786.77,84
1629690180,1787.11,49
1629690240,1787.19,58
1629690300,1787.06,47
1629690360,1787.39,55
1629690420,1787.30,33
1629690480,1787.40,58
1629690540,1787.40,46
1629690600,1787.17,85
1629690660,1787.20,37
1629690720,1787.20,25
1629690780,1787.12,51
1629690840,1787.37,60
1629690900,1787.25,46
1629690960,1786.96,56
1629691020,1787.08,41
1629691080,1786.89,46
1629691140,1786.96,71
1629691200,1786.91,74
1629691260,1786.92,59
1629691320,1787.90,116
1629691380,1787.68,68
1629691440,1787.73,67
1629691500,1787.68,56
1629691560,1787.44,59
1629691620,1787.33,54
1629691680,1787.72,87
1629691740,1787.68,58
1629691800,1787.85,53
1629691860,1787.86,94
1629691920,1787.95,58
1629691980,1788.05,57
1629692040,1787.96,37
1629692100,1787.75,74
1629692160,1788.03,63
1629692220,1787.30,116
1629692280,1787.20,69
1629692340,1787.34,37
1629692400,1787.46,38
1629692460,1787.34,56
1629692520,1787.47,37
1629692580,1787.16,44
1629692640,1787.14,65
1629692700,1787.40,102
1629692760,1787.35,46
1629692820,1787.20,34
1629692880,1787.37,51
1629692940,1787.25,50
1629693000,1787.23,52
1629693060,1787.26,32
1629693120,1787.75,50
1629693180,1788.13,50
1629693240,1788.17,51
1629693300,1787.76,52
1629693360,1787.62,52
1629693420,1788.35,68
1629693480,1787.94,129
1629693540,1787.55,86
1629693600,1787.71,47
1629693660,1787.70,76
1629693720,1787.60,47
1629693780,1787.69,76
1629693840,1787.69,33
1629693900,1787.56,41
1629693960,1787.72,26
1629694020,1787.83,23
1629694080,1787.74,79
1629694140,1787.62,33
1629694200,1787.73,41
1629694260,1787.71,48
1629694320,1788.11,47
1629694380,1787.90,40
1629694440,1787.84,21
1629694500,1787.90,54
1629694560,1788.01,48
1629694620,1787.91,49
1629694680,1787.81,44
1629694740,1787.71,48
1629694800,1787.53,64
1629694860,1787.80,56
1629694920,1787.90,49
1629694980,1788.19,50
1629695040,1787.95,33
1629695100,1787.70,65
1629695160,1787.40,69
1629695220,1787.58,43
1629695280,1787.52,33
1629695340,1787.56,61
1629695400,1787.27,61
1629695460,1787.16,46
1629695520,1787.35,54
1629695580,1787.26,40
1629695640,1787.17,42
1629695700,1786.96,58
1629695760,1786.91,68
1629695820,1787.10,96
1629695880,1786.70,86
1629695940,1786.52,59
1629696000,1786.41,50
1629696060,1786.31,48
1629696120,1786.69,67
1629696180,1786.67,53
1629696240,1786.74,59
1629696300,1786.71,51
1629696360,1787.01,43
1629696420,1787.04,79
1629696480,1787.02,70
1629696540,1786.93,24
1629696600,1787.48,215
1629696660,1787.46,198
1629696720,1787.12,111
1629696780,1787.01,129
1629696840,1786.79,155
1629696900,1786.75,103
1629696960,1786.33,101
1629697020,1786.34,125
1629697080,1786.55,98
1629697140,1786.79,79
1629697200,1786.94,85
1629697260,1786.84,66
1629697320,1786.68,87
1629697380,1786.86,70
1629697440,1786.95,83
1629697500,1787.18,91
1629697560,1787.22,69
1629697620,1787.77,125
1629697680,1787.67,146
1629697740,1787.83,144
1629697800,1787.47,116
1629697860,1787.37,125
1629697920,1787.09,96
1629697980,1787.39,113
1629698040,1787.20,66
1629698100,1787.19,94
1629698160,1786.81,79
1629698220,1786.48,142
1629698280,1786.50,108
1629698340,1786.30,89
1629698400,1786.75,215
1629698460,1786.75,184
1629698520,1786.72,87
1629698580,1786.04,169
1629698640,1786.16,115
1629698700,1786.06,112
1629698760,1785.97,112
1629698820,1785.88,140
1629698880,1785.42,176
1629698940,1785.41,90
1629699000,1786.11,100
1629699060,1785.88,100
1629699120,1785.33,160
1629699180,1785.69,167
1629699240,1786.03,81
1629699300,1785.81,109
1629699360,1786.21,106
1629699420,1785.44,184
1629699480,1785.39,107
1629699540,1785.49,78
1629699600,1785.21,108
1629699660,1784.96,120
1629699720,1785.61,144
1629699780,1785.40,105
1629699840,1785.19,157
1629699900,1785.30,121
1629699960,1785.23,131
1629700020,1785.43,166
1629700080,1786.04,113
1629700140,1786.01,118
1629700200,1786.13,85
1629700260,1785.91,104
1629700320,1786.20,88
1629700380,1786.37,83
1629700440,1786.60,109
1629700500,1786.09,84
1629700560,1785.94,100
1629700620,1785.38,96
1629700680,1785.29,129
1629700740,1785.39,78
1629700800,1785.74,102
1629700860,1785.68,106
1629700920,1785.09,103
1629700980,1785.09,90
1629701040,1785.02,103
1629701100,1785.11,149
1629701160,1785.08,99
1629701220,1785.01,109
1629701280,1785.41,125
1629701340,1785.50,92
1629701400,1785.52,82
1629701460,1785.74,111
1629701520,1785.87,76
1629701580,1785.45,106
1629701640,1785.41,62
1629701700,1786.27,92
1629701760,1786.40,89
1629701820,1786.26,76
1629701880,1786.00,141
1629701940,1785.93,126
1629702000,1785.47,139
1629702060,1785.80,121
1629702120,1785.97,135
1629702180,1786.15,63
1629702240,1785.77,89
1629702300,1785.90,101
1629702360,1785.89,117
1629702420,1785.79,119
1629702480,1786.15,110
1629702540,1785.70,113
1629702600,1785.95,101
1629702660,1786.03,105
1629702720,1786.13,75
1629702780,1786.11,56
1629702840,1786.11,82
1629702900,1785.89,145
1629702960,1785.82,110
1629703020,1785.93,79
1629703080,1785.65,87
1629703140,1785.59,79
1629703200,1785.40,85
1629703260,1785.06,89
1629703320,1785.07,140
1629703380,1785.12,111
1629703440,1784.79,177
1629703500,1785.15,148
1629703560,1784.87,142
1629703620,1784.76,152
1629703680,1784.64,156
1629703740,1784.97,160
1629703800,1784.54,203
1629703860,1785.05,120
1629703920,1785.58,109
1629703980,1786.34,139
1629704040,1786.16,132
1629704100,1786.24,113
1629704160,1786.43,118
1629704220,1786.52,100
1629704280,1786.94,162
1629704340,1786.71,132
1629704400,1786.94,135
1629704460,1787.21,118
1629704520,1786.86,129
1629704580,1786.80,162
1629704640,1786.76,70
1629704700,1786.68,107
1629704760,1786.47,93
1629704820,1786.01,113
1629704880,1786.23,75
1629704940,1785.97,81
1629705000,1786.13,103
1629705060,1785.81,132
1629705120,1786.42,107
1629705180,1786.11,85
1629705240,1786.02,82
1629705300,1786.13,42
1629705360,1786.29,71
1629705420,1786.11,91
1629705480,1785.72,57
1629705540,1785.40,84
1629705600,1785.08,170
1629705660,1785.06,142
1629705720,1785.04,150
1629705780,1785.13,81
1629705840,1785.12,82
1629705900,1785.12,107
1629705960,1784.96,126
1629706020,1784.97,165
1629706080,1785.09,180
1629706140,1785.26,146
1629706200,1785.94,194
1629706260,1786.12,141
1629706320,1786.03,83
1629706380,1785.74,83
1629706440,1785.37,136
1629706500,1785.40,96
1629706560,1785.10,114
1629706620,1785.01,168
1629706680,1785.02,118
1629706740,1785.07,93
1629706800,1785.53,222
1629706860,1785.94,129
1629706920,1786.01,116
1629706980,1786.03,82
1629707040,1785.08,145
1629707100,1784.97,149
1629707160,1785.63,118
1629707220,1785.87,107
1629707280,1786.37,129
1629707340,1785.57,122
1629707400,1785.46,163
1629707460,1784.92,154
1629707520,1785.30,164
1629707580,1785.98,78
1629707640,1785.98,122
1629707700,1786.40,127
1629707760,1786.34,138
1629707820,1786.45,124
1629707880,1786.35,77
1629707940,1786.61,71
1629708000,1786.46,148
1629708060,1786.63,100
1629708120,1786.60,89
1629708180,1786.18,132
1629708240,1786.12,123
1629708300,1786.62,88
1629708360,1786.99,142
1629708420,1786.91,92
1629708480,1787.03,103
1629708540,1786.95,124
1629708600,1787.08,103
1629708660,1787.12,135
1629708720,1787.21,178
1629708780,1787.25,193
1629708840,1787.32,83
1629708900,1787.50,90
1629708960,1787.58,68
1629709020,1788.11,238
1629709080,1788.04,160
1629709140,1788.00,180
1629709200,1787.65,146
1629709260,1787.36,125
1629709320,1787.63,153
1629709380,1788.13,99
1629709440,1788.46,109
1629709500,1788.22,162
1629709560,1788.14,115
1629709620,1788.03,92
1629709680,1787.96,156
1629709740,1787.88,83
1629709800,1787.87,59
1629709860,1788.56,92
1629709920,1788.65,92
1629709980,1788.16,64
1629710040,1788.25,72
1629710100,1788.29,74
1629710160,1788.50,78
1629710220,1788.22,134
1629710280,1787.97,84
1629710340,1788.03,100
1629710400,1788.08,107
1629710460,1788.27,89
1629710520,1788.27,79
1629710580,1788.37,94
1629710640,1788.34,90
1629710700,1788.05,79
1629710760,1787.72,114
1629710820,1787.57,131
1629710880,1787.58,122
1629710940,1787.36,89
1629711000,1787.29,118
1629711060,1786.97,131
1629711120,1787.06,126
1629711180,1787.64,133
1629711240,1787.59,94
1629711300,1787.65,90
1629711360,1787.47,49
1629711420,1787.32,62
1629711480,1787.17,36
1629711540,1787.20,74
1629711600,1787.36,62
1629711660,1787.46,22
1629711720,1787.63,44
1629711780,1787.81,67
1629711840,1787.38,86
1629711900,1787.33,48
1629711960,1787.22,57
1629712020,1787.51,57
1629712080,1787.50,39
1629712140,1787.33,64
1629712200,1787.50,59
1629712260,1787.58,42
1629712320,1787.48,22
1629712380,1787.58,82
1629712440,1787.55,113
1629712500,1787.66,74
1629712560,1787.68,74
1629712620,1787.69,58
1629712680,1787.99,52
1629712740,1788.16,65
1629712800,1787.94,107
1629712860,1787.92,59
1629712920,1788.13,60
1629712980,1787.99,46
1629713040,1788.27,51
1629713100,1788.20,89
1629713160,1788.57,41
1629713220,1788.42,103
1629713280,1788.04,103
1629713340,1788.03,67
1629713400,1788.12,34
1629713460,1788.12,37
1629713520,1787.84,48
1629713580,1788.26,45
1629713640,1788.41,29
1629713700,1788.39,50
1629713760,1788.13,34
1629713820,1788.12,33
1629713880,1788.05,95
1629713940,1788.17,91
1629714000,1788.44,64
1629714060,1788.82,106
1629714120,1788.64,134
1629714180,1788.57,93
1629714240,1788.53,106
1629714300,1788.50,112
1629714360,1788.78,84
1629714420,1788.75,108
1629714480,1788.69,119
1629714540,1788.78,82
1629714600,1788.51,144
1629714660,1788.39,90
1629714720,1788.39,144
1629714780,1788.32,56
1629714840,1788.41,34
1629714900,1788.41,46
1629714960,1788.41,53
1629715020,1788.41,34
1629715080,1788.51,37
1629715140,1788.50,66
1629715200,1788.31,111
1629715260,1788.11,133
1629715320,1788.60,92
1629715380,1788.89,71
1629715440,1788.59,53
1629715500,1788.95,131
1629715560,1789.07,133
1629715620,1789.09,70
1629715680,1788.89,138
1629715740,1789.17,53
1629715800,1788.97,55
1629715860,1789.35,58
1629715920,1789.51,158
1629715980,1789.87,75
1629716040,1789.87,93
1629716100,1790.03,69
1629716160,1790.00,177
1629716220,1789.77,113
1629716280,1790.14,103
1629716340,1790.40,161
1629716400,1790.65,168
1629716460,1790.58,166
1629716520,1790.52,156
1629716580,1790.97,129
1629716640,1790.53,83
1629716700,1790.48,80
1629716760,1790.55,65
1629716820,1790.65,92
1629716880,1790.27,56
1629716940,1790.45,88
1629717000,1790.54,63
1629717060,1790.28,86
1629717120,1790.69,96
1629717180,1790.30,51
1629717240,1790.21,53
1629717300,1790.31,81
1629717360,1790.41,66
1629717420,1790.22,40
1629717480,1790.22,25
1629717540,1790.13,47
1629717600,1790.73,97
1629717660,1790.73,76
1629717720,1790.59,66
1629717780,1790.70,76
1629717840,1790.73,49
1629717900,1790.66,29
1629717960,1790.65,30
1629718020,1790.75,52
1629718080,1792.03,130
1629718140,1791.57,173
1629718200,1792.10,79
1629718260,1792.62,177
1629718320,1792.78,128
1629718380,1792.74,121
1629718440,1792.78,106
1629718500,1792.46,153
1629718560,1792.00,134
1629718620,1792.43,147
1629718680,1792.71,118
1629718740,1792.41,111
1629718800,1792.12,58
1629718860,1792.22,56
1629718920,1792.44,66
1629718980,1792.61,66
1629719040,1792.84,91
1629719100,1792.96,79
1629719160,1792.94,59
1629719220,1792.66,82
1629719280,1792.47,46
1629719340,1792.26,103
1629719400,1791.96,102
1629719460,1791.59,121
1629719520,1791.05,158
1629719580,1791.25,95
1629719640,1791.55,145
1629719700,1790.86,153
1629719760,1790.69,115
1629719820,1790.83,112
1629719880,1790.92,104
1629719940,1790.93,122
1629720000,1790.53,128
1629720060,1790.44,192
1629720120,1790.87,92
1629720180,1790.36,118
1629720240,1790.44,178
1629720300,1790.92,124
1629720360,1791.30,133
1629720420,1791.37,106
1629720480,1791.48,120
1629720540,1791.93,151
1629720600,1791.57,143
1629720660,1791.48,133
1629720720,1791.54,103
1629720780,1791.16,151
1629720840,1791.80,116
1629720900,1791.54,176
1629720960,1792.07,167
1629721020,1792.11,129
1629721080,1792.08,113
1629721140,1791.70,118
1629721200,1791.53,200
1629721260,1791.61,142
1629721320,1792.00,153
1629721380,1791.79,186
1629721440,1792.79,191
1629721500,1792.80,298
1629721560,1793.09,190
1629721620,1793.07,151
1629721680,1793.44,138
1629721740,1793.45,151
1629721800,1793.85,204
1629721860,1794.56,272
1629721920,1794.96,229
1629721980,1795.85,240
1629722040,1797.58,394
1629722100,1798.77,367
1629722160,1799.08,352
1629722220,1798.99,292
1629722280,1797.78,299
1629722340,1798.21,222
1629722400,1799.02,245
1629722460,1799.35,184
1629722520,1798.85,189
1629722580,1798.64,156
1629722640,1798.10,168
1629722700,1797.97,143
1629722760,1797.97,132
1629722820,1798.34,189
1629722880,1798.95,147
1629722940,1799.43,210
1629723000,1800.00,193
1629723060,1799.52,135
1629723120,1799.18,157
1629723180,1799.30,186
1629723240,1799.32,153
1629723300,1799.92,171
1629723360,1799.71,124
1629723420,1799.58,123
1629723480,1799.61,187
1629723540,1799.96,173
1629723600,1800.94,369
1629723660,1801.08,353
1629723720,1801.70,288
1629723780,1802.04,277
1629723840,1802.70,315
1629723900,1802.61,289
1629723960,1803.04,284
1629724020,1803.72,221
1629724080,1803.58,251
1629724140,1804.36,224
1629724200,1803.69,285
1629724260,1803.49,210
1629724320,1803.52,161
1629724380,1803.52,187
1629724440,1803.94,151
1629724500,1803.85,219
1629724560,1803.66,218
1629724620,1803.47,216
1629724680,1803.84,191
1629724740,1803.83,191
1629724800,1803.90,240
1629724860,1803.71,223
1629724920,1803.62,172
1629724980,1803.52,109
1629725040,1804.15,217
1629725100,1805.01,209
1629725160,1805.36,256
1629725220,1806.07,326
1629725280,1806.13,273
1629725340,1804.94,244
1629725400,1804.40,360
1629725460,1805.06,314
1629725520,1805.06,392
1629725580,1804.72,329
1629725640,1805.23,339
1629725700,1804.19,320
1629725760,1804.40,277
1629725820,1804.50,301
1629725880,1803.65,336
1629725940,1803.60,292
1629726000,1802.84,309
1629726060,1802.84,310
1629726120,1802.65,315
1629726180,1802.43,197
1629726240,1801.90,212
1629726300,1802.68,445
1629726360,1803.79,290
1629726420,1804.12,330
1629726480,1804.23,348
1629726540,1804.63,328
1629726600,1805.32,307
1629726660,1804.80,273
1629726720,1803.38,314
1629726780,1803.77,370
1629726840,1803.96,326
1629726900,1804.56,289
1629726960,1804.55,285
1629727020,1804.69,238
1629727080,1804.02,230
1629727140,1803.24,201
1629727200,1803.91,265
1629727260,1802.94,272
1629727320,1802.29,275
1629727380,1802.50,250
1629727440,1802.09,231
1629727500,1801.77,235
1629727560,1801.68,158
1629727620,1802.44,292
1629727680,1800.99,276
1629727740,1801.24,254
1629727800,1800.88,258
1629727860,1800.20,238
1629727920,1800.25,234
1629727980,1799.68,297
1629728040,1799.40,261
1629728100,1798.45,286
1629728160,1799.18,293
1629728220,1798.06,300
1629728280,1796.16,353
1629728340,1795.76,358
1629728400,1797.08,334
1629728460,1797.81,315
1629728520,1798.04,306
1629728580,1797.71,258
1629728640,1798.44,251
1629728700,1798.52,312
1629728760,1797.85,234
1629728820,1797.75,194
1629728880,1797.62,221
1629728940,1797.82,175
1629729000,1799.14,220
1629729060,1799.03,236
1629729120,1799.49,223
1629729180,1800.02,368
1629729240,1800.73,286
1629729300,1801.00,224
1629729360,1800.68,217
1629729420,1800.86,156
1629729480,1801.07,161
1629729540,1800.74,173
1629729600,1801.14,144
1629729660,1801.42,178
1629729720,1801.67,166
1629729780,1801.54,219
1629729840,1802.62,241
1629729900,1803.01,256
1629729960,1803.93,234
1629730020,1804.13,216
1629730080,1804.20,221
1629730140,1803.84,212
1629730200,1804.11,169
1629730260,1803.55,270
1629730320,1804.15,149
1629730380,1804.46,165
1629730440,1804.36,201
1629730500,1805.00,269
1629730560,1805.17,192
1629730620,1805.17,161
1629730680,1804.45,196
1629730740,1804.23,193
1629730800,1803.95,196
1629730860,1803.56,185
1629730920,1803.26,172
1629730980,1802.84,166
1629731040,1802.75,183
1629731100,1802.94,186
1629731160,1803.59,191
1629731220,1803.43,188
1629731280,1803.63,138
1629731340,1803.49,102
1629731400,1803.76,130
1629731460,1802.91,192
1629731520,1802.98,128
1629731580,1803.06,130
1629731640,1802.40,250
1629731700,1802.81,204
1629731760,1802.22,130
1629731820,1802.15,156
1629731880,1802.34,148
1629731940,1801.79,194
1629732000,1802.23,195
1629732060,1802.74,165
1629732120,1803.15,145
1629732180,1803.86,152
1629732240,1804.19,131
1629732300,1804.40,116
1629732360,1804.48,86
1629732420,1804.48,64
1629732480,1804.59,76
1629732540,1804.49,120
1629732600,1804.66,139
1629732660,1804.12,167
1629732720,1803.80,107
1629732780,1803.89,124
1629732840,1804.23,98
1629732900,1804.39,92
1629732960,1804.20,108
1629733020,1804.40,98
1629733080,1804.12,91
1629733140,1803.93,91
1629733200,1804.19,118
1629733260,1804.29,52
1629733320,1804.32,80
1629733380,1804.21,117
1629733440,1804.09,125
1629733500,1804.36,102
1629733560,1804.18,73
1629733620,1804.36,60
1629733680,1804.34,87
1629733740,1804.16,107
1629733800,1804.30,72
1629733860,1804.20,43
1629733920,1804.21,65
1629733980,1804.33,76
1629734040,1804.24,93
1629734100,1804.24,105
1629734160,1804.32,73
1629734220,1804.34,46
1629734280,1804.49,69
1629734340,1804.58,108
1629734400,1805.09,120
1629734460,1805.38,116
1629734520,1805.15,99
1629734580,1805.51,93
1629734640,1805.41,85
1629734700,1805.20,110
1629734760,1805.15,99
1629734820,1804.90,109
1629734880,1804.41,60
1629734940,1804.96,142
1629735000,1805.27,110
1629735060,1805.21,96
1629735120,1804.99,67
1629735180,1805.09,125
1629735240,1805.05,127
1629735300,1805.01,93
1629735360,1805.30,83
1629735420,1805.03,40
1629735480,1804.81,70
1629735540,1804.91,43
1629735600,1804.72,41
1629735660,1804.43,87
1629735720,1804.57,86
1629735780,1804.45,39
1629735840,1804.44,66
1629735900,1804.75,104
1629735960,1804.65,81
1629736020,1804.84,81
1629736080,1804.84,67
1629736140,1804.74,61
1629736200,1804.93,65
1629736260,1804.55,84
1629736320,1804.65,62
1629736380,1804.85,41
1629736440,1805.04,47
1629736500,1805.13,16
1629736560,1805.05,59
1629736620,1804.93,36
1629736680,1804.73,56
1629736740,1804.74,87
1629736800,1804.83,34
1629736860,1805.03,25
1629736920,1805.04,36
1629736980,1805.26,63
1629737040,1805.25,50
1629737100,1804.70,96
1629737160,1804.91,79
1629737220,1804.68,51
1629737280,1804.79,44
1629737340,1804.59,44
1629737400,1804.31,53
1629737460,1804.21,54
1629737520,1804.02,38
1629737580,1804.02,31
1629737640,1803.77,57
1629737700,1803.31,204
1629737760,1803.01,92
1629737820,1802.88,94
1629737880,1803.26,68
1629737940,1803.15,57
1629738000,1802.96,65
1629738060,1803.03,101
1629738120,1803.20,59
1629738180,1803.36,74
1629738240,1803.56,86
1629738300,1803.27,73
1629738360,1803.48,58
1629738420,1803.18,45
1629738480,1803.19,41
1629738540,1803.38,80
1629738600,1803.46,70
1629738660,1803.27,64
1629738720,1803.07,54
1629738780,1802.86,62
1629738840,1802.89,95
1629738900,1802.85,65
1629738960,1802.92,84
1629739020,1802.90,42
1629739080,1802.81,25
1629739140,1802.81,74
1629739200,1802.70,58
1629739260,1802.80,40
1629739320,1802.90,57
1629739380,1803.26,97
1629739440,1803.26,81
1629739500,1803.17,114
1629739560,1803.13,93
1629739620,1803.44,89
1629739680,1803.53,97
1629739740,1803.78,145
1629739800,1803.59,105
1629739860,1803.67,72
1629739920,1803.37,57
1629739980,1803.29,44
1629740040,1803.48,68
1629740100,1803.44,40
1629740160,1803.37,62
1629740220,1803.57,44
1629740280,1803.61,81
1629740340,1803.86,59
1629740400,1803.68,38
1629740460,1803.87,92
1629740520,1803.67,69
1629740580,1803.77,34
1629740640,1803.87,42
1629740700,1803.87,33
1629740760,1804.01,66
1629740820,1804.00,41
1629740880,1804.04,55
1629740940,1804.21,57
1629741000,1804.16,68
1629741060,1804.51,33
1629741120,1804.22,65
1629741180,1804.26,46
1629741240,1804.29,24
1629741300,1804.30,34
1629741360,1804.39,49
1629741420,1804.39,44
1629741480,1804.42,52
1629741540,1804.33,48
1629741600,1804.23,20
1629741660,1804.14,13
1629741720,1804.07,35
1629741780,1804.07,66
1629741840,1804.21,25
1629741900,1804.27,23
1629741960,1804.36,14
1629742020,1804.17,35
1629742080,1804.26,28
1629742140,1804.37,28
1629742200,1804.45,40
1629742260,1804.45,25
1629742320,1804.36,36
1629742380,1804.36,48
1629742440,1804.27,56
1629742500,1804.48,71
1629742560,1804.44,37
1629742620,1804.36,28
1629742680,1804.36,51
1629742740,1804.26,29
1629742800,1804.45,85
1629742860,1804.64,66
1629742920,1804.65,37
1629742980,1804.93,102
1629743040,1804.76,103
1629743100,1804.85,114
1629743160,1804.93,49
1629743220,1804.82,56
1629743280,1804.63,22
1629743340,1804.64,111
1629743400,1804.64,47
1629743460,1804.57,34
1629743520,1804.47,26
1629743580,1804.55,32
1629743640,1804.51,72
1629743700,1804.49,25
1629743760,1804.52,27
1629743820,1804.47,107
1629743880,1804.38,77
1629743940,1804.40,87
1629744000,1804.36,90
1629744060,1804.45,44
1629744120,1804.57,91
1629744180,1804.47,88
1629744240,1804.54,105
1629744300,1804.62,94
1629744360,1804.35,98
1629744420,1804.30,94
1629744480,1804.63,84
1629744540,1804.60,95
1629744600,1804.46,63
1629744660,1804.45,22
1629744720,1804.55,15
1629744780,1804.64,32
1629744840,1804.46,36
1629744900,1804.64,49
1629744960,1804.56,25
1629745020,1804.74,85
1629745080,1804.79,133
1629745140,1804.97,153
1629745200,1804.92,130
1629745260,1804.89,77
1629745320,1804.87,91
1629745380,1804.98,72
1629745440,1805.09,50
1629745500,1804.98,54
1629745560,1805.07,35
1629745620,1805.07,41
1629745680,1805.09,38
1629745740,1805.09,70
1629745800,1805.09,42
1629745860,1805.13,46
1629745920,1805.06,52
1629745980,1804.90,108
1629746040,1805.01,93
1629746100,1804.97,38
1629746160,1805.17,74
1629746220,1805.09,91
1629746280,1805.05,63
1629746340,1805.00,47
1629746400,1804.90,21
1629746460,1804.79,68
1629746520,1804.71,32
1629746580,1804.78,21
1629746640,1804.78,33
1629746700,1804.68,43
1629746760,1804.58,15
1629746820,1804.64,41
1629746880,1804.66,9
1629746940,1804.64,12
1629747000,1804.71,48
1629747060,1804.56,45
1629747120,1804.58,19
1629747180,1804.67,12
1629747240,1804.71,78
1629747300,1804.67,55
1629747360,1804.48,64
1629747420,1804.43,26
1629747480,1804.20,49
1629747540,1804.10,40
1629747600,1804.00,20
1629747660,1804.01,42
1629747720,1803.82,72
1629747780,1803.92,21
1629747840,1804.01,18
1629747900,1803.64,66
1629747960,1803.59,54
1629748020,1803.64,39
1629748080,1803.54,51
1629748140,1803.54,20
1629748200,1803.75,67
1629748260,1803.75,51
1629748320,1803.66,32
1629748380,1803.35,85
1629748440,1803.12,58
1629748500,1803.28,90
1629748560,1803.38,73
1629748620,1803.21,96
1629748680,1803.34,108
1629748740,1803.70,132
1629748800,1804.57,150
1629748860,1804.78,110
1629748920,1804.29,74
1629748980,1804.26,37
1629749040,1804.27,43
1629749100,1804.17,47
1629749160,1804.13,14
1629749220,1804.63,35
1629749280,1804.66,14
1629749340,1804.77,24
1629749400,1804.67,39
1629749460,1804.66,18
1629749520,1804.65,36
1629749580,1804.62,18
1629749640,1804.70,46
1629749700,1804.65,35
1629749760,1804.77,17
1629749820,1804.62,12
1629749880,1804.65,16
1629749940,1804.63,9
1629750000,1804.83,21
1629750060,1804.75,23
1629750120,1804.66,30
1629750180,1804.83,11
1629750240,1804.66,28
1629750300,1804.67,33
1629750360,1804.66,6
1629750420,1804.67,11
1629750480,1804.60,10
1629750540,1804.50,11
1629750600,1804.56,17
1629750660,1804.49,11
1629750720,1804.52,6
1629750780,1804.72,12
1629750840,1804.93,14
1629750900,1804.97,23
1629750960,1805.20,22
1629751020,1805.03,24
1629751080,1805.06,9
1629751140,1804.83,7
1629751200,1804.97,17
1629751260,1805.10,21
1629751320,1805.10,11
1629751380,1805.08,5
1629751440,1805.09,12
1629751500,1805.04,22
1629751560,1804.93,23
1629751620,1805.02,8
1629751680,1805.04,24
1629751740,1804.94,22
1629751800,1804.93,41
1629751860,1804.97,9
1629751920,1804.95,43
1629751980,1805.10,17
1629752040,1805.25,22
1629752100,1805.35,32
1629752160,1805.41,24
1629756120,1805.15,27
1629756180,1805.18,11
1629756240,1805.53,23
1629756300,1805.22,48
1629756360,1805.44,23
1629756420,1805.41,12
1629756480,1805.29,24
1629756540,1805.25,12
1629756600,1805.52,21
1629756660,1805.56,18
1629756720,1805.50,11
1629756780,1805.57,9
1629756840,1805.79,20
1629756900,1805.53,37
1629756960,1805.66,16
1629757020,1805.76,19
1629757080,1805.82,23
1629757140,1805.81,37
1629757200,1805.77,23
1629757260,1805.76,31
1629757320,1805.77,6
1629757380,1805.73,22
1629757440,1805.80,10
1629757500,1805.85,14
1629757560,1805.85,10
1629757620,1805.93,2
1629757740,1805.81,8
1629757800,1805.77,25
1629757860,1805.80,21
1629757920,1805.78,16
1629757980,1805.61,19
1629758040,1805.63,18
1629758100,1805.58,10
1629758160,1805.46,16
1629758220,1805.39,27
1629758280,1805.20,17
1629758340,1805.17,15
1629758400,1805.31,26
1629758460,1805.19,18
1629758520,1805.23,10
1629758580,1805.22,21
1629758640,1805.20,6
1629758700,1805.15,12
1629758760,1805.36,43
1629758820,1805.42,17
1629758880,1805.37,14
1629758940,1805.18,16
1629759000,1804.98,23
1629759060,1805.02,11
1629759120,1805.01,19
1629759180,1805.04,14
1629759240,1805.05,20
1629759300,1805.07,17
1629759360,1805.00,23
1629759420,1804.84,18
1629759480,1804.90,24
1629759540,1804.82,15
1629759600,1804.98,40
1629759660,1805.01,10
1629759720,1805.17,11
1629759780,1805.11,9
1629759840,1805.13,10
1629759900,1805.18,7
1629759960,1805.20,4
1629760020,1805.24,13
1629760080,1805.21,13
1629760140,1805.23,4
1629760200,1805.18,9
1629760260,1805.25,20
1629760320,1805.36,9
1629760380,1805.33,6
1629760440,1805.23,20
1629760500,1805.14,18
1629760560,1805.08,14
1629760620,1805.06,20
1629760680,1805.06,3
1629760740,1804.96,19
1629760800,1804.87,19
1629760860,1805.17,21
1629760920,1805.17,19
1629760980,1804.91,38
1629761040,1805.13,16
1629761100,1805.28,19
1629761160,1805.17,17
1629761220,1805.00,23
1629761280,1805.08,15
1629761340,1805.08,19
1629761400,1804.98,14
1629761460,1805.18,9
1629761520,1805.17,9
1629761580,1805.17,14
1629761640,1804.88,30
1629761700,1804.98,14
1629761760,1805.08,30
1629761820,1805.21,32
1629761880,1805.40,23
1629761940,1805.38,19
1629762000,1805.25,31
1629762060,1805.63,49
1629762120,1805.64,33
1629762180,1805.68,60
1629762240,1805.65,81
1629762300,1805.41,95
1629762360,1805.42,33
1629762420,1805.41,23
1629762480,1805.41,15
1629762540,1805.22,30
1629762600,1805.11,17
1629762660,1805.22,34
1629762720,1805.20,21
1629762780,1805.15,22
1629762840,1804.91,33
1629762900,1804.93,23
1629762960,1804.97,28
1629763020,1804.92,33
1629763080,1804.80,39
1629763140,1804.82,31
1629763200,1804.53,87
1629763260,1804.55,54
1629763320,1804.74,87
1629763380,1804.96,58
1629763440,1804.93,36
1629763500,1804.55,42
1629763560,1804.37,31
1629763620,1804.49,43
1629763680,1804.36,29
1629763740,1804.29,53
1629763800,1804.36,19
1629763860,1804.27,29
1629763920,1804.17,26
1629763980,1804.17,12
1629764040,1804.25,26
1629764100,1804.15,24
1629764160,1804.35,49
1629764220,1804.17,57
1629764280,1804.27,45
1629764340,1803.95,37
1629764400,1803.94,15
1629764460,1803.94,17
1629764520,1803.65,74
1629764580,1803.93,75
1629764640,1803.92,73
1629764700,1803.62,87
1629764760,1803.53,44
1629764820,1803.59,44
1629764880,1803.63,41
1629764940,1803.48,72
1629765000,1803.43,68
1629765060,1803.34,30
1629765120,1803.38,31
1629765180,1803.43,64
1629765240,1803.45,49
1629765300,1803.63,49
1629765360,1803.43,30
1629765420,1803.24,52
1629765480,1803.33,46
1629765540,1803.13,17
1629765600,1802.84,43
1629765660,1802.92,67
1629765720,1802.83,55
1629765780,1802.73,55
1629765840,1802.73,29
1629765900,1802.76,48
1629765960,1802.69,71
1629766020,1802.62,24
1629766080,1802.62,16
1629766140,1802.41,51
1629766200,1802.50,58
1629766260,1802.76,96
1629766320,1802.60,46
1629766380,1802.44,42
1629766440,1802.44,71
1629766500,1802.53,64
1629766560,1802.37,19
1629766620,1802.35,82
1629766680,1802.05,101
1629766740,1801.99,34
1629766800,1801.88,234
1629766860,1801.98,198
1629766920,1801.88,173
1629766980,1802.37,143
1629767040,1802.60,110
1629767100,1802.49,103
1629767160,1802.41,91
1629767220,1802.99,162
1629767280,1803.02,110
1629767340,1802.79,99
1629767400,1802.75,121
1629767460,1802.47,105
1629767520,1802.59,103
1629767580,1802.38,142
1629767640,1802.19,100
1629767700,1802.35,101
1629767760,1802.29,169
1629767820,1802.62,122
1629767880,1802.63,131
1629767940,1801.85,112
1629768000,1801.97,97
1629768060,1801.73,140
1629768120,1801.68,79
1629768180,1801.66,52
1629768240,1801.73,141
1629768300,1802.69,141
1629768360,1802.88,180
1629768420,1803.03,127
1629768480,1803.37,144
1629768540,1802.88,158
1629768600,1802.88,167
1629768660,1802.68,88
1629768720,1802.57,114
1629768780,1802.92,114
1629768840,1802.67,104
1629768900,1802.55,65
1629768960,1802.76,116
1629769020,1802.60,112
1629769080,1803.07,92
1629769140,1802.77,82
1629769200,1803.18,134
1629769260,1803.16,123
1629769320,1803.06,100
1629769380,1803.41,73
1629769440,1803.79,145
1629769500,1804.20,95
1629769560,1804.21,79
1629769620,1804.21,85
1629769680,1804.52,38
1629769740,1804.31,100
1629769800,1804.37,88
1629769860,1803.96,86
1629769920,1804.01,97
1629769980,1804.22,126
1629770040,1804.43,91
1629770100,1804.65,107
1629770160,1804.54,96
1629770220,1804.34,70
1629770280,1804.24,67
1629770340,1804.14,82
1629770400,1804.34,122
1629770460,1804.04,71
1629770520,1803.25,110
1629770580,1802.61,123
1629770640,1802.24,117
1629770700,1802.78,160
1629770760,1802.44,149
1629770820,1802.08,133
1629770880,1801.99,82
1629770940,1802.22,160
1629771000,1802.11,157
1629771060,1801.88,69
1629771120,1802.16,50
1629771180,1802.06,69
1629771240,1802.10,56
1629771300,1802.44,48
1629771360,1802.49,52
1629771420,1802.76,78
1629771480,1802.84,86
1629771540,1802.71,95
1629771600,1802.72,89
1629771660,1802.86,78
1629771720,1802.52,68
1629771780,1802.34,89
1629771840,1802.34,60
1629771900,1801.98,58
1629771960,1801.95,60
1629772020,1801.75,60
1629772080,1801.85,26
1629772140,1802.05,21
1629772200,1801.44,134
1629772260,1801.42,138
1629772320,1801.64,80
1629772380,1801.87,90
1629772440,1801.95,75
1629772500,1801.92,55
1629772560,1801.88,81
1629772620,1802.29,83
1629772680,1802.20,48
1629772740,1802.22,50
1629772800,1802.29,43
1629772860,1802.49,49
1629772920,1802.25,35
1629772980,1802.30,49
1629773040,1802.30,59
1629773100,1802.60,29
1629773160,1802.64,38
1629773220,1802.46,82
1629773280,1802.60,41
1629773340,1802.46,72
1629773400,1802.46,72
1629773460,1802.87,62
1629773520,1802.92,96
1629773580,1803.04,63
1629773640,1803.23,58
1629773700,1803.14,65
1629773760,1803.03,44
1629773820,1802.91,116
1629773880,1802.94,134
1629773940,1802.84,128
1629774000,1802.80,86
1629774060,1802.65,33
1629774120,1802.94,51
1629774180,1802.71,45
1629774240,1802.57,72
1629774300,1802.19,95
1629774360,1802.28,61
1629774420,1802.08,58
1629774480,1802.17,84
1629774540,1801.73,103
1629774600,1801.72,97
1629774660,1801.74,129
1629774720,1801.93,114
1629774780,1802.24,78
1629774840,1802.23,29
1629774900,1801.90,90
1629774960,1802.02,100
1629775020,1801.87,54
1629775080,1801.79,93
1629775140,1801.78,96
1629775200,1801.84,87
1629775260,1801.92,26
1629775320,1801.94,47
1629775380,1802.04,40
1629775440,1802.17,49
1629775500,1801.80,81
1629775560,1801.79,37
1629775620,1801.97,50
1629775680,1801.81,19
1629775740,1801.90,61
1629775800,1801.89,22
1629775860,1801.92,22
1629775920,1801.86,13
1629775980,1801.80,17
1629776040,1801.87,13
1629776100,1801.87,10
1629776160,1801.94,12
1629776220,1801.93,7
1629776280,1801.88,22
1629776340,1802.13,18
1629776400,1801.94,17
1629776460,1801.84,8
1629776520,1801.92,12
1629776580,1801.94,22
1629776640,1801.85,15
1629776700,1801.85,25
1629776760,1801.85,9
1629776820,1801.75,20
1629776880,1801.55,26
1629776940,1801.45,42
1629777000,1801.45,17
1629777060,1801.45,23
1629777120,1801.26,62
1629777180,1801.26,21
1629777240,1801.26,12
1629777300,1801.16,11
1629777360,1801.05,31
1629777420,1800.89,7
1629777480,1800.95,11
1629777540,1801.15,28
1629777600,1801.10,30
1629777660,1801.31,48
1629777720,1801.36,26
1629777780,1801.41,37
1629777840,1801.40,27
1629777900,1801.21,23
1629777960,1800.93,33
1629778020,1801.02,22
1629778080,1801.11,5
1629778140,1801.10,5
1629778200,1801.10,19
1629778260,1801.00,19
1629778320,1801.01,40
1629778380,1801.01,20
1629778440,1801.11,25
1629778500,1801.30,50
1629778560,1801.30,8
1629778620,1801.30,33
1629778680,1801.40,36
1629778740,1801.31,9
1629778800,1801.30,21
1629778860,1801.22,29
1629778920,1801.02,25
1629778980,1801.03,8
1629779040,1801.04,26
1629779100,1801.03,11
1629779160,1801.12,9
1629779220,1801.02,11
1629779280,1801.02,16
1629779340,1800.84,31
1629779400,1800.91,32
1629779460,1800.98,26
1629779520,1801.20,37
1629779580,1801.37,42
1629779640,1801.31,41
1629779700,1801.22,24
1629779760,1801.13,14
1629779820,1801.22,33
1629779880,1801.31,24
1629779940,1801.41,20
1629780000,1801.33,31
1629780060,1801.13,14
1629780120,1801.14,35
1629780180,1801.24,18
1629780240,1801.15,13
1629780300,1801.15,22
1629780360,1801.15,25
1629780420,1801.68,38
1629780480,1801.71,28
1629780540,1801.66,24
1629780600,1801.54,17
1629780660,1801.77,43
1629780720,1801.60,42
1629780780,1801.60,24
1629780840,1801.71,17
1629780900,1801.82,15
1629780960,1801.82,22
1629781020,1801.82,2
1629781080,1801.82,31
1629781140,1802.00,32
1629781200,1801.90,70
1629781260,1801.63,48
1629781320,1801.70,29
1629781380,1801.62,18
1629781440,1801.59,34
1629781500,1801.58,21
1629781560,1802.21,68
1629781620,1802.08,25
1629781680,1801.98,33
1629781740,1801.98,17
1629781800,1802.26,56
1629781860,1802.17,58
1629781920,1802.17,42
1629781980,1802.14,28
1629782040,1801.92,49
1629782100,1801.88,11
1629782160,1801.91,14
1629782220,1802.19,31
1629782280,1802.27,34
1629782340,1802.18,58
1629782400,1802.24,30
1629782460,1802.68,30
1629782520,1802.59,57
1629782580,1801.99,83
1629782640,1801.79,58
1629782700,1801.42,72
1629782760,1801.52,30
1629782820,1801.38,41
1629782880,1801.44,71
1629782940,1801.57,47
1629783000,1802.10,158
1629783060,1802.09,114
1629783120,1802.65,63
1629783180,1802.04,103
1629783240,1802.28,124
1629783300,1802.22,88
1629783360,1802.68,124
1629783420,1802.72,76
1629783480,1802.84,122
1629783540,1802.61,122
1629783600,1802.88,82
1629783660,1802.78,90
1629783720,1802.83,99
1629783780,1802.93,129
1629783840,1802.89,64
1629783900,1802.97,103
1629783960,1803.41,100
1629784020,1803.94,128
1629784080,1803.68,90
1629784140,1803.69,113
1629784200,1803.77,150
1629784260,1803.18,175
1629784320,1803.33,98
1629784380,1803.54,82
1629784440,1803.64,41
1629784500,1803.44,105
1629784560,1803.45,87
1629784620,1803.40,67
1629784680,1803.65,87
1629784740,1803.55,65
1629784800,1803.64,175
1629784860,1803.22,148
1629784920,1803.25,104
1629784980,1803.02,91
1629785040,1803.08,104
1629785100,1803.04,109
1629785160,1803.03,84
1629785220,1802.75,82
1629785280,1803.25,121
1629785340,1802.89,117
1629785400,1802.95,95
1629785460,1803.03,102
1629785520,1803.06,84
1629785580,1803.22,59
1629785640,1803.38,37
1629785700,1803.39,75
1629785760,1803.57,54
1629785820,1803.94,167
1629785880,1804.20,104
1629785940,1804.26,136
1629786000,1804.58,115
1629786060,1804.76,177
1629786120,1804.82,121
1629786180,1804.87,99
1629786240,1804.41,126
1629786300,1804.53,87
1629786360,1804.48,84
1629786420,1804.42,71
1629786480,1804.29,132
1629786540,1804.01,113
1629786600,1804.20,97
1629786660,1804.80,97
1629786720,1804.82,82
1629786780,1804.60,112
1629786840,1805.07,96
1629786900,1804.83,104
1629786960,1804.87,134
1629787020,1804.54,140
1629787080,1804.34,147
1629787140,1804.30,125
1629787200,1804.45,129
1629787260,1803.85,154
1629787320,1803.64,91
1629787380,1803.64,58
1629787440,1803.66,108
1629787500,1803.67,104
1629787560,1803.65,100
1629787620,1803.65,124
1629787680,1803.95,80
1629787740,1804.01,159
1629787800,1803.83,204
1629787860,1804.02,163
1629787920,1803.37,158
1629787980,1803.25,126
1629788040,1803.49,161
1629788100,1803.30,185
1629788160,1803.33,139
1629788220,1802.94,204
1629788280,1803.20,229
1629788340,1803.54,200
1629788400,1803.11,256
1629788460,1803.65,189
1629788520,1803.40,244
1629788580,1802.92,142
1629788640,1803.71,153
1629788700,1803.36,155
1629788760,1802.73,135
1629788820,1803.20,206
1629788880,1803.08,128
1629788940,1803.05,95
1629789000,1803.00,93
1629789060,1803.02,84
1629789120,1803.09,89
1629789180,1802.70,92
1629789240,1802.61,170
1629789300,1803.70,242
1629789360,1804.63,186
1629789420,1804.17,135
1629789480,1803.70,132
1629789540,1803.60,126
1629789600,1803.83,184
1629789660,1803.84,128
1629789720,1803.88,93
1629789780,1803.87,120
1629789840,1803.68,92
1629789900,1803.91,113
1629789960,1803.36,94
1629790020,1803.30,126
1629790080,1802.69,220
1629790140,1802.18,195
1629790200,1802.02,156
1629790260,1802.02,191
1629790320,1801.78,145
1629790380,1801.52,114
1629790440,1801.79,48
1629790500,1801.88,99
1629790560,1801.81,101
1629790620,1801.70,115
1629790680,1801.31,176
1629790740,1801.10,176
1629790800,1801.03,101
1629790860,1800.92,69
1629790920,1801.02,96
1629790980,1801.47,122
1629791040,1801.79,133
1629791100,1801.60,99
1629791160,1801.59,160
1629791220,1801.20,146
1629791280,1801.45,84
1629791340,1801.97,100
1629791400,1802.24,73
1629791460,1802.15,107
1629791520,1802.22,112
1629791580,1802.44,113
1629791640,1801.89,123
1629791700,1801.96,90
1629791760,1801.77,76
1629791820,1801.67,61
1629791880,1801.78,86
1629791940,1801.96,115
1629792000,1801.75,144
1629792060,1801.78,92
1629792120,1801.69,79
1629792180,1801.21,41
1629792240,1801.28,81
1629792300,1801.41,66
1629792360,1801.47,80
1629792420,1801.28,79
1629792480,1801.72,186
1629792540,1801.73,81
1629792600,1801.21,102
1629792660,1801.43,114
1629792720,1801.44,77
1629792780,1801.59,60
1629792840,1801.46,116
1629792900,1801.25,103
1629792960,1801.07,124
1629793020,1801.11,88
1629793080,1801.10,58
1629793140,1801.39,184
1629793200,1801.44,67
1629793260,1801.36,62
1629793320,1801.24,73
1629793380,1801.07,96
1629793440,1800.88,77
1629793500,1801.02,95
1629793560,1801.55,120
1629793620,1801.56,98
1629793680,1801.50,60
1629793740,1801.26,107
1629793800,1801.39,101
1629793860,1801.34,103
1629793920,1801.52,109
1629793980,1801.91,102
1629794040,1802.02,88
1629794100,1801.85,79
1629794160,1802.06,51
1629794220,1802.02,195
1629794280,1801.39,152
1629794340,1801.47,169
1629794400,1801.40,103
1629794460,1801.28,79
1629794520,1801.23,73
1629794580,1801.02,62
1629794640,1801.18,96
1629794700,1801.44,61
1629794760,1801.87,75
1629794820,1801.72,60
1629794880,1801.60,61
1629794940,1801.96,60
1629795000,1802.10,50
1629795060,1801.60,138
1629795120,1801.42,93
1629795180,1801.23,67
1629795240,1801.46,95
1629795300,1801.56,60
1629795360,1801.64,94
1629795420,1801.69,75
1629795480,1801.79,63
1629795540,1802.02,78
1629795600,1802.05,173
1629795660,1801.74,120
1629795720,1801.63,79
1629795780,1801.79,48
1629795840,1801.76,63
1629795900,1801.96,94
1629795960,1801.92,71
1629796020,1801.59,54
1629796080,1801.66,61
1629796140,1801.80,39
1629796200,1802.09,56
1629796260,1802.04,55
1629796320,1801.69,77
1629796380,1801.65,25
1629796440,1801.63,21
1629796500,1801.55,38
1629796560,1801.84,57
1629796620,1802.17,46
1629796680,1802.39,39
1629796740,1802.21,82
1629796800,1802.63,109
1629796860,1802.60,72
1629796920,1802.59,42
1629796980,1802.64,82
1629797040,1802.39,177
1629797100,1802.84,92
1629797160,1802.38,109
1629797220,1802.75,56
1629797280,1803.04,99
1629797340,1803.09,92
1629797400,1803.03,117
1629797460,1802.91,105
1629797520,1803.16,118
1629797580,1803.32,121
1629797640,1803.41,76
1629797700,1803.21,59
1629797760,1802.81,112
1629797820,1802.83,81
1629797880,1802.96,68
1629797940,1802.86,43
1629798000,1802.68,75
1629798060,1802.96,109
1629798120,1803.53,102
1629798180,1803.36,88
1629798240,1803.34,46
1629798300,1803.03,100
1629798360,1803.14,75
1629798420,1803.14,47
1629798480,1803.15,34
1629798540,1802.97,100
1629798600,1803.26,90
1629798660,1803.18,65
1629798720,1803.09,69
1629798780,1802.88,102
1629798840,1803.07,117
1629798900,1803.18,63
1629798960,1803.08,96
1629799020,1802.98,54
1629799080,1802.88,75
1629799140,1802.98,58
1629799200,1802.98,105
1629799260,1803.27,81
1629799320,1803.24,49
1629799380,1803.05,67
1629799440,1803.01,68
1629799500,1803.44,65
1629799560,1803.67,61
1629799620,1803.53,52
1629799680,1803.71,85
1629799740,1803.81,41
1629799800,1803.80,65
1629799860,1803.82,64
1629799920,1803.73,57
1629799980,1803.94,78
1629800040,1804.05,91
1629800100,1804.11,53
1629800160,1804.29,67
1629800220,1804.28,77
1629800280,1804.24,101
1629800340,1804.61,73
1629800400,1804.51,114
1629800460,1803.94,123
1629800520,1804.25,127
1629800580,1804.26,92
1629800640,1803.38,145
1629800700,1804.03,105
1629800760,1804.06,76
1629800820,1803.84,99
1629800880,1803.90,57
1629800940,1803.90,81
1629801000,1804.25,61
1629801060,1804.31,13
1629801120,1804.53,65
1629801180,1804.92,86
1629801240,1804.81,72
1629801300,1804.74,44
1629801360,1804.99,61
1629801420,1805.04,52
1629801480,1804.95,56
1629801540,1804.96,72
1629801600,1804.94,38
1629801660,1804.99,48
1629801720,1804.89,57
1629801780,1804.98,46
1629801840,1804.67,41
1629801900,1804.61,50
1629801960,1804.60,45
1629802020,1804.73,61
1629802080,1804.85,59
1629802140,1804.70,48
1629802200,1804.80,61
1629802260,1804.63,74
1629802320,1804.77,43
1629802380,1804.75,27
1629802440,1804.76,28
1629802500,1804.66,39
1629802560,1804.25,70
1629802620,1804.14,47
1629802680,1804.49,56
1629802740,1804.43,88
1629802800,1804.49,87
1629802860,1804.58,81
1629802920,1804.64,87
1629802980,1804.86,68
1629803040,1804.97,57
1629803100,1805.20,53
1629803160,1805.36,73
1629803220,1805.25,60
1629803280,1805.38,63
1629803340,1805.56,87
1629803400,1805.35,57
1629803460,1805.35,63
1629803520,1805.17,50
1629803580,1805.07,65
1629803640,1804.90,47
1629803700,1805.17,83
1629803760,1805.14,61
1629803820,1805.12,47
1629803880,1804.86,72
1629803940,1805.09,83
1629804000,1804.96,67
1629804060,1804.96,33
1629804120,1805.09,58
1629804180,1805.31,35
1629804240,1805.22,60
1629804300,1805.03,48
1629804360,1804.88,39
1629804420,1804.85,35
1629804480,1804.85,19
1629804540,1804.64,59
1629804600,1804.71,68
1629804660,1804.83,44
1629804720,1805.01,74
1629804780,1805.29,46
1629804840,1805.66,65
1629804900,1805.46,69
1629804960,1805.37,75
1629805020,1805.32,28
1629805080,1805.57,39
1629805140,1805.56,38
1629805200,1805.16,49
1629805260,1804.98,55
1629805320,1804.88,68
1629805380,1804.95,76
1629805440,1804.34,96
1629805500,1803.90,114
1629805560,1803.98,105
1629805620,1804.21,102
1629805680,1804.07,69
1629805740,1804.02,110
1629805800,1803.85,53
1629805860,1803.96,29
1629805920,1803.63,82
1629805980,1803.79,84
1629806040,1803.89,20
1629806100,1803.99,71
1629806160,1803.99,35
1629806220,1803.78,40
1629806280,1803.97,56
1629806340,1804.31,95
1629806400,1804.34,73
1629806460,1803.97,97
1629806520,1803.68,54
1629806580,1803.61,82
1629806640,1803.57,64
1629806700,1803.63,50
1629806760,1803.54,40
1629806820,1803.72,80
1629806880,1804.41,81
1629806940,1804.46,69
1629807000,1804.38,88
1629807060,1804.12,143
1629807120,1805.12,126
1629807180,1806.10,171
1629807240,1806.53,221
1629807300,1807.04,291
1629807360,1807.25,215
1629807420,1807.23,117
1629807480,1807.12,153
1629807540,1806.28,201
1629807600,1805.98,234
1629807660,1804.62,266
1629807720,1802.42,373
1629807780,1802.89,358
1629807840,1802.82,226
1629807900,1803.83,206
1629807960,1803.49,186
1629808020,1802.96,153
1629808080,1803.92,178
1629808140,1803.85,139
1629808200,1804.25,238
1629808260,1805.01,251
1629808320,1805.13,246
1629808380,1805.77,182
1629808440,1806.25,212
1629808500,1805.25,254
1629808560,1805.59,166
1629808620,1805.59,207
1629808680,1805.38,211
1629808740,1805.99,150
1629808800,1806.31,172
1629808860,1807.33,229
1629808920,1809.07,337
1629808980,1809.18,311
1629809040,1809.35,180
1629809100,1808.52,233
1629809160,1807.90,238
1629809220,1807.91,314
1629809280,1808.25,223
1629809340,1808.73,267
1629809400,1808.17,140
1629809460,1808.72,177
1629809520,1808.35,190
1629809580,1808.74,206
1629809640,1807.44,219
1629809700,1807.38,203
1629809760,1807.68,144
1629809820,1807.95,167
1629809880,1807.37,240
1629809940,1807.80,200
1629810000,1807.11,286
1629810060,1807.14,263
1629810120,1807.73,201
1629810180,1808.69,223
1629810240,1809.21,274
1629810300,1808.74,302
1629810360,1808.97,241
1629810420,1808.40,231
1629810480,1808.41,240
1629810540,1808.13,238
1629810600,1807.50,288
1629810660,1808.01,287
1629810720,1808.29,205
1629810780,1808.74,128
1629810840,1808.45,180
1629810900,1809.05,166
1629810960,1809.02,166
1629811020,1808.96,194
1629811080,1808.86,161
1629811140,1808.37,148
1629811200,1808.09,126
1629811260,1807.68,163
1629811320,1807.61,134
1629811380,1807.59,125
1629811440,1807.50,171
1629811500,1807.61,152
1629811560,1808.28,184
1629811620,1808.08,138
1629811680,1807.69,120
1629811740,1807.33,219
1629811800,1806.72,349
1629811860,1806.33,285
1629811920,1804.27,425
1629811980,1804.17,353
1629812040,1802.35,397
1629812100,1803.36,387
1629812160,1803.05,328
1629812220,1804.14,341
1629812280,1804.32,321
1629812340,1804.98,318
1629812400,1804.42,324
1629812460,1804.45,221
1629812520,1803.97,264
1629812580,1803.57,246
1629812640,1804.26,240
1629812700,1804.82,291
1629812760,1804.94,252
1629812820,1805.40,230
1629812880,1805.89,208
1629812940,1806.43,238
1629813000,1807.63,302
1629813060,1807.51,233
1629813120,1806.25,284
1629813180,1805.98,312
1629813240,1806.91,293
1629813300,1807.30,274
1629813360,1807.31,351
1629813420,1807.10,197
1629813480,1806.73,205
1629813540,1806.74,185
1629813600,1806.28,253
1629813660,1807.08,342
1629813720,1808.69,327
1629813780,1808.69,308
1629813840,1808.73,223
1629813900,1807.84,311
1629813960,1806.87,266
1629814020,1807.53,266
1629814080,1807.72,238
1629814140,1807.96,247
1629814200,1807.66,250
1629814260,1807.17,267
1629814320,1807.08,282
1629814380,1807.37,239
1629814440,1807.56,217
1629814500,1807.56,245
1629814560,1807.01,284
1629814620,1807.15,194
1629814680,1806.87,220
1629814740,1807.34,181
1629814800,1807.64,163
1629814860,1806.98,146
1629814920,1806.69,212
1629814980,1806.39,210
1629815040,1805.66,356
1629815100,1806.13,241
1629815160,1806.24,307
1629815220,1807.01,201
1629815280,1806.10,219
1629815340,1806.21,273
1629815400,1806.05,253
1629815460,1806.91,239
1629815520,1806.45,249
1629815580,1806.43,217
1629815640,1806.45,190
1629815700,1806.26,175
1629815760,1805.69,247
1629815820,1805.44,250
1629815880,1806.58,248
1629815940,1806.63,171
1629816000,1806.37,194
1629816060,1806.17,156
1629816120,1806.88,178
1629816180,1807.72,253
1629816240,1807.70,199
1629816300,1807.21,228
1629816360,1806.93,219
1629816420,1806.27,224
1629816480,1805.57,171
1629816540,1805.45,244
1629816600,1805.26,171
1629816660,1804.95,160
1629816720,1805.16,185
1629816780,1806.05,172
1629816840,1805.22,161
1629816900,1805.44,177
1629816960,1805.09,168
1629817020,1804.71,201
1629817080,1804.36,147
1629817140,1804.67,186
1629817200,1804.81,147
1629817260,1804.51,141
1629817320,1804.17,180
1629817380,1804.18,207
1629817440,1804.91,190
1629817500,1804.99,104
1629817560,1805.22,117
1629817620,1804.96,115
1629817680,1805.06,42
1629817740,1805.43,92
1629817800,1805.68,111
1629817860,1805.88,80
1629817920,1805.83,146
1629817980,1805.35,141
1629818040,1805.81,112
1629818100,1805.64,95
1629818160,1806.27,125
1629818220,1805.88,140
1629818280,1806.03,107
1629818340,1806.42,119
1629818400,1806.66,92
1629818460,1806.87,121
1629818520,1807.09,90
1629818580,1807.08,63
1629818640,1806.73,116
1629818700,1807.00,117
1629818760,1806.86,128
1629818820,1807.03,94
1629818880,1807.03,105
1629818940,1806.69,110
1629819000,1807.13,139
1629819060,1806.55,123
1629819120,1806.60,126
1629819180,1806.68,138
1629819240,1806.76,125
1629819300,1806.61,91
1629819360,1806.32,109
1629819420,1806.39,47
1629819480,1806.13,109
1629819540,1806.13,71
1629819600,1806.41,88
1629819660,1806.53,50
1629819720,1806.87,98
1629819780,1806.89,76
1629819840,1806.99,84
1629819900,1806.71,68
1629819960,1806.31,119
1629820020,1806.46,76
1629820080,1806.74,79
1629820140,1806.92,40
1629820200,1806.73,53
1629820260,1806.62,66
1629820320,1806.54,85
1629820380,1806.05,45
1629820440,1806.17,115
1629820500,1806.15,67
1629820560,1806.31,78
1629820620,1806.55,109
1629820680,1806.58,94
1629820740,1806.68,69
1629820800,1806.88,86
1629820860,1807.08,100
1629820920,1806.91,60
1629820980,1807.00,70
1629821040,1806.70,45
1629821100,1806.59,54
1629821160,1806.39,64
1629821220,1806.38,27
1629821280,1807.33,83
1629821340,1806.93,45
1629821400,1807.08,51
1629821460,1806.73,54
1629821520,1806.69,71
1629821580,1806.60,52
1629821640,1806.77,91
1629821700,1806.56,66
1629821760,1806.64,86
1629821820,1806.41,79
1629821880,1806.55,50
1629821940,1806.28,35
1629822000,1806.45,61
1629822060,1806.19,58
1629822120,1806.35,53
1629822180,1806.06,40
1629822240,1805.89,59
1629822300,1805.86,59
1629822360,1805.75,22
1629822420,1805.57,44
1629822480,1805.48,7
1629822540,1805.23,42
1629822600,1805.28,40
1629822660,1805.47,39
1629822720,1805.57,62
1629822780,1805.56,40
1629822840,1805.55,49
1629822900,1805.76,56
1629822960,1805.85,43
1629823020,1805.76,60
1629823080,1805.46,51
1629823140,1805.74,40
1629823200,1805.45,40
1629823260,1805.42,22
1629823320,1805.64,44
1629823380,1805.74,19
1629823440,1805.83,31
1629823500,1805.92,33
1629823560,1805.92,8
1629823620,1806.12,41
1629823680,1805.83,36
1629823740,1805.69,37
1629823800,1806.02,25
1629823860,1806.02,32
1629823920,1806.03,26
1629823980,1806.21,28
1629824040,1806.13,15
1629824100,1806.22,33
1629824160,1806.04,26
1629824220,1805.83,23
1629824280,1806.06,22
1629824340,1806.31,52
1629824400,1806.22,38
1629824460,1806.41,94
1629824520,1806.41,114
1629824580,1806.81,104
1629824640,1806.41,94
1629824700,1806.90,90
1629824760,1807.02,101
1629824820,1806.85,57
1629824880,1806.58,38
1629824940,1806.84,77
1629825000,1806.63,60
1629825060,1806.71,48
1629825120,1806.81,50
1629825180,1806.57,61
1629825240,1806.59,71
1629825300,1806.81,63
1629825360,1806.77,26
1629825420,1806.74,56
1629825480,1806.78,22
1629825540,1806.87,43
1629825600,1806.47,95
1629825660,1806.21,73
1629825720,1806.23,77
1629825780,1806.26,69
1629825840,1806.05,86
1629825900,1806.45,107
1629825960,1806.15,83
1629826020,1806.24,53
1629826080,1806.61,100
1629826140,1806.29,135
1629826200,1806.31,91
1629826260,1806.28,57
1629826320,1806.09,34
1629826380,1805.97,52
1629826440,1805.77,71
1629826500,1805.57,55
1629826560,1805.56,61
1629826620,1805.47,40
1629826680,1805.70,53
1629826740,1805.86,42
1629826800,1805.79,30
1629826860,1805.77,58
1629826920,1805.71,36
1629826980,1805.66,30
1629827040,1805.60,53
1629827100,1805.56,61
1629827160,1805.55,39
1629827220,1805.46,32
1629827280,1805.46,22
1629827340,1805.38,30
1629827400,1805.55,57
1629827460,1805.54,40
1629827520,1805.84,50
1629827580,1805.71,35
1629827640,1805.80,43
1629827700,1805.68,48
1629827760,1805.52,58
1629827820,1805.47,27
1629827880,1805.49,25
1629827940,1805.60,40
1629828000,1805.47,51
1629828060,1805.48,52
1629828120,1805.12,49
1629828180,1805.06,59
1629828240,1804.86,110
1629828300,1805.04,46
1629828360,1804.99,47
1629828420,1805.10,68
1629828480,1805.03,60
1629828540,1804.79,97
1629828600,1805.22,71
1629828660,1805.44,64
1629828720,1805.34,80
1629828780,1805.11,40
1629828840,1805.14,43
1629828900,1805.15,26
1629828960,1805.24,33
1629829020,1804.96,24
1629829080,1805.05,49
1629829140,1805.23,37
1629829200,1805.42,33
1629829260,1805.61,32
1629829320,1805.52,30
1629829380,1805.70,35
1629829440,1805.52,36
1629829500,1805.62,32
1629829560,1805.62,11
1629829620,1805.72,48
1629829680,1805.72,32
1629829740,1805.63,35
1629829800,1805.63,11
1629829860,1805.55,36
1629829920,1805.64,31
1629829980,1805.37,50
1629830040,1805.46,63
1629830100,1805.56,31
1629830160,1805.56,61
1629830220,1805.56,6
1629830280,1805.55,10
1629830340,1805.65,25
1629830400,1805.65,14
1629830460,1805.64,25
1629830520,1805.64,13
1629830580,1805.64,10
1629830640,1805.55,11
1629830700,1805.64,17
1629830760,1805.55,13
1629830820,1805.26,26
1629830880,1805.46,36
1629830940,1805.63,48
1629831000,1806.17,68
1629831060,1806.12,34
1629831120,1806.34,44
1629831180,1806.23,21
1629831240,1806.40,17
1629831300,1806.20,42
1629831360,1806.20,22
1629831420,1806.01,34
1629831480,1806.09,25
1629831540,1805.94,105
1629831600,1806.06,94
1629831660,1805.96,22
1629831720,1805.96,15
1629831780,1806.04,35
1629831840,1806.04,23
1629831900,1805.95,52
1629831960,1806.11,31
1629832020,1806.08,32
1629832080,1805.98,14
1629832140,1805.81,26
1629832200,1805.72,11
1629832260,1805.74,29
1629832320,1805.65,18
1629832380,1805.65,21
1629832440,1805.65,13
1629832500,1805.74,34
1629832560,1805.74,32
1629832620,1805.60,54
1629832680,1805.59,71
1629832740,1805.59,18
1629832800,1805.60,10
1629832860,1805.65,53
1629832920,1805.60,16
1629832980,1805.60,6
1629833040,1805.61,15
1629833100,1805.51,16
1629833160,1805.41,30
1629833220,1805.42,8
1629833280,1805.42,18
1629833340,1805.35,36
1629833400,1805.24,33
1629833460,1805.15,23
1629833520,1805.15,6
1629833580,1805.17,6
1629833640,1805.15,47
1629833700,1805.16,32
1629833760,1805.23,40
1629833820,1805.24,30
1629833880,1804.67,60
1629833940,1804.35,68
1629834000,1804.75,55
1629834060,1804.57,38
1629834120,1804.66,17
1629834180,1804.38,27
1629834240,1804.29,19
1629834300,1804.28,45
1629834360,1804.18,11
1629834420,1804.09,23
1629834480,1803.99,25
1629834540,1803.90,26
1629834600,1803.80,60
1629834660,1803.71,45
1629834720,1803.52,39
1629834780,1803.62,33
1629834840,1803.63,43
1629834900,1803.63,34
1629834960,1803.82,38
1629835020,1803.73,42
1629835080,1803.54,47
1629835140,1803.24,116
1629835200,1803.44,111
1629835260,1803.54,43
1629835320,1803.76,35
1629835380,1803.73,9
1629835440,1803.63,15
1629835500,1803.72,20
1629835560,1803.82,14
1629835620,1803.63,24
1629835680,1803.55,19
1629835740,1803.81,34
1629835800,1803.72,17
1629835860,1803.81,24
1629835920,1803.71,19
1629835980,1803.71,10
1629836040,1803.61,15
1629836100,1803.61,20
1629836160,1803.43,31
1629836220,1803.51,21
1629836280,1803.52,36
1629836340,1803.72,23
1629836400,1803.72,26
1629836460,1803.81,10
1629836520,1803.62,19
1629836580,1803.62,16
1629836640,1803.62,7
1629836700,1803.72,11
1629836760,1803.90,11
1629836820,1803.82,9
1629836880,1803.91,11
1629836940,1803.92,21
1629837000,1803.91,23
1629837060,1803.82,7
1629837120,1803.72,18
1629837180,1803.64,13
1629837240,1803.63,14
1629837300,1803.63,30
1629837360,1803.63,4
1629837420,1803.72,30
1629837480,1803.72,7
1629837540,1803.63,33
1629837600,1803.44,19
1629837660,1803.63,32
1629837720,1803.72,8
1629837780,1803.55,11
1629837840,1803.55,10
1629837900,1803.54,25
1629837960,1803.53,12
1629838020,1803.43,17
1629838080,1803.34,8
1629838140,1803.14,38
1629838200,1803.15,43
1629838260,1803.19,18
1629838320,1803.06,47
1629838380,1803.06,41
1629838440,1802.87,17
1629838500,1802.95,26
1629838560,1802.95,7
1629842520,1802.50,34
1629842580,1802.45,36
1629842640,1802.53,16
1629842700,1802.57,13
1629842760,1802.60,9
1629842820,1802.63,5
1629842880,1802.72,10
1629842940,1802.72,10
1629843000,1802.72,6
1629843060,1802.74,19
1629843120,1802.73,16
1629843180,1802.79,12
1629843240,1802.72,10
1629843300,1802.72,8
1629843360,1802.73,13
1629843420,1802.74,20
1629843480,1802.75,26
1629843540,1802.77,12
1629843600,1802.73,14
1629843660,1802.65,21
1629843720,1802.71,11
1629843780,1802.66,14
1629843840,1802.63,13
1629843900,1802.52,27
1629843960,1802.51,7
1629844020,1802.51,5
1629844080,1802.47,36
1629844140,1802.44,20
1629844200,1802.56,22
1629844260,1802.57,17
1629844320,1802.62,13
1629844380,1802.62,9
1629844440,1802.53,12
1629844500,1802.63,9
1629844560,1802.62,19
1629844620,1802.64,29
1629844680,1802.68,19
1629844740,1802.71,20
1629844800,1802.68,13
1629844860,1802.52,15
1629844920,1802.48,8
1629844980,1802.44,25
1629845040,1802.43,14
1629845100,1802.53,15
1629845220,1802.53,9
1629845280,1802.53,2
1629845340,1802.54,2
1629845400,1802.57,6
1629845460,1802.65,9
1629845520,1802.55,15
1629845580,1802.47,8
1629845640,1802.46,5
1629845700,1802.48,4
1629845760,1802.45,12
1629845820,1802.45,6
1629845880,1802.45,7
1629845940,1802.50,4
1629846000,1802.12,52
1629846060,1801.97,36
1629846120,1801.96,37
1629846180,1801.97,25
1629846240,1802.04,33
1629846300,1802.07,14
1629846360,1802.12,11
1629846420,1802.04,28
1629846480,1801.96,39
1629846540,1801.95,29
1629846600,1801.86,21
1629846660,1801.94,32
1629846720,1801.96,22
1629846780,1801.95,3
1629846840,1802.00,18
1629846900,1801.86,7
1629846960,1801.95,29
1629847020,1801.88,13
1629847080,1801.95,29
1629847140,1801.87,23
1629847200,1801.85,3
1629847260,1801.87,9
1629847320,1801.97,15
1629847560,1801.99,12
1629847620,1801.99,5
1629847680,1802.03,5
1629847740,1802.03,11
1629847800,1801.95,22
1629847860,1801.84,17
1629847920,1801.76,15
1629847980,1801.75,13
1629848040,1801.76,7
1629848100,1801.95,7
1629848160,1801.95,7
1629848220,1801.95,3
1629848280,1801.95,7
1629848340,1801.95,6
1629848400,1801.95,2
1629848460,1801.85,11
1629848520,1801.81,12
1629848580,1801.81,18
1629848640,1801.85,17
1629848700,1801.81,23
1629848760,1801.71,32
1629848820,1801.38,38
1629848880,1801.31,56
1629848940,1801.29,31
1629849000,1801.26,16
1629849060,1801.65,19
1629849120,1801.72,12
1629849180,1801.62,15
1629849240,1801.73,15
1629849300,1801.82,30
1629849360,1802.03,45
1629849420,1802.09,24
1629849480,1801.96,20
1629849540,1801.81,48
1629849600,1802.09,66
1629849660,1802.40,66
1629849720,1802.52,63
1629849780,1802.46,69
1629849840,1802.63,50
1629849900,1802.54,76
1629849960,1801.86,87
1629850020,1801.97,48
1629850080,1801.96,58
1629850140,1802.05,27
1629850200,1802.02,26
1629850260,1801.76,76
1629850320,1801.76,57
1629850380,1801.66,13
1629850440,1802.07,40
1629850500,1801.66,88
1629850560,1801.94,62
1629850620,1801.75,39
1629850680,1801.69,52
1629850740,1801.75,21
1629850800,1801.85,34
1629850860,1801.79,55
1629850920,1801.71,63
1629850980,1801.56,55
1629851040,1800.79,108
1629851100,1800.97,97
1629851160,1800.84,49
1629851220,1800.87,83
1629851280,1800.69,53
1629851340,1800.67,52
1629851400,1800.54,55
1629851460,1800.16,83
1629851520,1800.16,48
1629851580,1799.59,103
1629851640,1799.05,100
1629851700,1798.84,112
1629851760,1798.53,75
1629851820,1798.17,132
1629851880,1797.61,132
1629851940,1797.17,151
1629852000,1796.77,152
1629852060,1797.02,181
1629852120,1795.56,130
1629852180,1795.99,246
1629852240,1794.62,221
1629852300,1794.51,179
1629852360,1794.73,161
1629852420,1795.62,148
1629852480,1796.08,195
1629852540,1795.55,134
1629852600,1795.91,114
1629852660,1796.02,121
1629852720,1796.07,130
1629852780,1796.09,108
1629852840,1795.69,100
1629852900,1795.77,97
1629852960,1795.95,68
1629853020,1796.00,78
1629853080,1795.80,83
1629853140,1795.95,88
1629853200,1796.59,254
1629853260,1795.53,228
1629853320,1795.14,211
1629853380,1795.56,203
1629853440,1795.43,208
1629853500,1796.24,119
1629853560,1796.95,124
1629853620,1796.41,129
1629853680,1796.11,124
1629853740,1795.76,99
1629853800,1796.27,104
1629853860,1795.99,76
1629853920,1796.29,89
1629853980,1796.34,91
1629854040,1796.45,91
1629854100,1796.55,142
1629854160,1796.57,147
1629854220,1796.75,105
1629854280,1796.63,68
1629854340,1796.69,55
1629854400,1796.69,79
1629854460,1796.84,86
1629854520,1796.51,104
1629854580,1796.94,86
1629854640,1797.08,59
1629854700,1796.86,51
1629854760,1797.01,65
1629854820,1796.57,79
1629854880,1796.48,79
1629854940,1796.32,77
1629855000,1796.39,114
1629855060,1796.48,94
1629855120,1796.35,81
1629855180,1796.85,68
1629855240,1797.10,41
1629855300,1797.10,60
1629855360,1796.92,60
1629855420,1796.90,82
1629855480,1796.92,57
1629855540,1797.15,99
1629855600,1797.41,67
1629855660,1797.50,117
1629855720,1797.49,67
1629855780,1797.78,89
1629855840,1797.67,83
1629855900,1797.52,115
1629855960,1797.22,143
1629856020,1796.52,122
1629856080,1796.26,161
1629856140,1795.54,98
1629856200,1795.23,95
1629856260,1795.30,143
1629856320,1795.23,135
1629856380,1794.51,134
1629856440,1795.03,104
1629856500,1794.74,83
1629856560,1794.99,95
1629856620,1794.54,86
1629856680,1794.53,87
1629856740,1794.58,136
1629856800,1794.57,147
1629856860,1794.67,99
1629856920,1794.07,97
1629856980,1794.48,162
1629857040,1794.46,88
1629857100,1794.17,142
1629857160,1794.71,140
1629857220,1794.38,116
1629857280,1793.69,94
1629857340,1793.85,135
1629857400,1794.01,94
1629857460,1794.19,91
1629857520,1794.74,150
1629857580,1794.76,109
1629857640,1794.90,97
1629857700,1794.85,68
1629857760,1794.96,43
1629857820,1795.16,35
1629857880,1794.89,52
1629857940,1794.90,60
1629858000,1795.20,51
1629858060,1793.94,126
1629858120,1793.73,98
1629858180,1793.90,113
1629858240,1793.77,165
1629858300,1793.92,135
1629858360,1794.23,106
1629858420,1794.20,107
1629858480,1794.28,96
1629858540,1793.77,63
1629858600,1794.67,171
1629858660,1794.89,107
1629858720,1794.56,100
1629858780,1794.76,107
1629858840,1794.94,98
1629858900,1795.33,148
1629858960,1794.92,103
1629859020,1795.32,115
1629859080,1795.26,115
1629859140,1795.17,84
1629859200,1795.26,81
1629859260,1795.35,56
1629859320,1795.45,43
1629859380,1795.24,76
1629859440,1795.54,85
1629859500,1795.94,75
1629859560,1795.98,133
1629859620,1795.82,163
1629859680,1796.13,133
1629859740,1796.14,94
1629859800,1796.02,78
1629859860,1796.04,84
1629859920,1796.14,54
1629859980,1795.88,37
1629860040,1795.98,82
1629860100,1796.02,56
1629860160,1795.94,66
1629860220,1795.96,53
1629860280,1795.97,74
1629860340,1795.94,83
1629860400,1795.65,94
1629860460,1795.64,93
1629860520,1795.13,97
1629860580,1794.82,144
1629860640,1794.93,87
1629860700,1794.41,79
1629860760,1794.20,86
1629860820,1794.50,76
1629860880,1794.47,112
1629860940,1794.35,107
1629861000,1794.30,98
1629861060,1794.75,122
1629861120,1795.17,125
1629861180,1795.14,71
1629861240,1794.93,51
1629861300,1794.71,82
1629861360,1794.75,69
1629861420,1794.91,62
1629861480,1794.80,44
1629861540,1794.90,45
1629861600,1794.74,13
1629861660,1794.82,90
1629861720,1794.48,52
1629861780,1794.65,37
1629861840,1794.60,52
1629861900,1794.78,67
1629861960,1794.70,67
1629862020,1794.43,83
1629862080,1794.34,78
1629862140,1794.53,52
1629862200,1794.71,54
1629862260,1794.53,44
1629862320,1794.61,22
1629862380,1794.42,31
1629862440,1794.41,41
1629862500,1794.70,60
1629862560,1794.70,36
1629862620,1794.79,50
1629862680,1794.51,53
1629862740,1794.40,48
1629862800,1794.31,32
1629862860,1794.40,27
1629862920,1794.22,42
1629862980,1794.43,28
1629863040,1794.32,30
1629863100,1794.12,27
1629863160,1794.31,30
1629863220,1794.31,26
1629863280,1794.02,49
1629863340,1794.11,92
1629863400,1794.46,47
1629863460,1794.42,31
1629863520,1794.43,59
1629863580,1794.43,31
1629863640,1795.00,79
1629863700,1795.43,90
1629863760,1795.24,53
1629863820,1795.42,42
1629863880,1795.09,43
1629863940,1794.89,56
1629864000,1794.87,39
1629864060,1794.93,72
1629864120,1794.97,27
1629864180,1794.78,51
1629864240,1794.72,55
1629864300,1794.78,66
1629864360,1794.84,67
1629864420,1794.76,46
1629864480,1794.68,65
1629864540,1794.76,99
1629864600,1794.76,71
1629864660,1794.73,33
1629864720,1794.67,47
1629864780,1794.84,37
1629864840,1794.84,18
1629864900,1794.84,9
1629864960,1794.98,33
1629865020,1795.03,11
1629865080,1794.78,37
1629865140,1794.68,22
1629865200,1794.68,18
1629865260,1794.68,9
1629865320,1794.59,30
1629865380,1794.78,23
1629865440,1794.59,24
1629865500,1794.68,55
1629865560,1794.64,39
1629865620,1794.54,27
1629865680,1794.63,27
1629865740,1794.49,39
1629865800,1792.24,195
1629865860,1793.46,150
1629865920,1792.98,98
1629865980,1792.08,65
1629866040,1792.04,116
1629866100,1792.55,59
1629866160,1792.66,65
1629866220,1793.09,54
1629866280,1793.29,48
1629866340,1793.46,42
1629866400,1793.07,58
1629866460,1793.31,50
1629866520,1793.15,103
1629866580,1793.45,45
1629866640,1793.59,61
1629866700,1793.62,43
1629866760,1793.56,64
1629866820,1793.58,29
1629866880,1793.51,40
1629866940,1793.59,35
1629867000,1793.70,36
1629867060,1793.57,54
1629867120,1793.57,15
1629867180,1793.57,21
1629867240,1793.64,33
1629867300,1793.87,9
1629867360,1793.84,20
1629867420,1793.67,56
1629867480,1793.90,27
1629867540,1794.25,67
1629867600,1794.56,110
1629867660,1794.69,45
1629867720,1794.71,33
1629867780,1794.61,34
1629867840,1794.63,15
1629867900,1794.92,54
1629867960,1794.80,44
1629868020,1794.66,41
1629868080,1794.83,21
1629868140,1794.92,19
1629868200,1795.02,26
1629868260,1794.98,34
1629868320,1794.89,31
1629868380,1794.71,40
1629868440,1794.35,69
1629868500,1794.52,52
1629868560,1794.64,28
1629868620,1794.92,32
1629868680,1795.01,28
1629868740,1794.88,31
1629868800,1795.42,73
1629868860,1795.17,40
1629868920,1795.20,17
1629868980,1795.13,21
1629869040,1795.21,14
1629869100,1795.18,72
1629869160,1795.16,74
1629869220,1795.11,21
1629869280,1795.16,54
1629869340,1795.27,35
1629869400,1795.57,134
1629869460,1795.94,57
1629869520,1795.63,107
1629869580,1795.58,57
1629869640,1795.53,85
1629869700,1795.30,127
1629869760,1795.56,83
1629869820,1795.64,63
1629869880,1795.76,44
1629869940,1795.92,38
1629870000,1795.76,41
1629870060,1795.94,66
1629870120,1796.04,33
1629870180,1796.49,131
1629870240,1796.54,89
1629870300,1796.58,42
1629870360,1796.45,87
1629870420,1796.60,61
1629870480,1796.48,90
1629870540,1796.30,64
1629870600,1796.45,30
1629870660,1796.41,43
1629870720,1796.31,37
1629870780,1796.14,42
1629870840,1796.17,51
1629870900,1796.11,28
1629870960,1795.72,61
1629871020,1795.74,72
1629871080,1795.62,97
1629871140,1795.06,112
1629871200,1795.16,137
1629871260,1794.78,104
1629871320,1795.23,89
1629871380,1795.16,100
1629871440,1795.12,84
1629871500,1795.35,95
1629871560,1795.42,59
1629871620,1795.15,88
1629871680,1795.27,84
1629871740,1794.99,62
1629871800,1795.02,49
1629871860,1795.14,49
1629871920,1795.62,71
1629871980,1795.59,50
1629872040,1795.73,130
1629872100,1795.58,105
1629872160,1795.65,80
1629872220,1795.53,58
1629872280,1795.98,75
1629872340,1795.58,84
1629872400,1796.45,131
1629872460,1796.57,90
1629872520,1796.41,98
1629872580,1796.62,80
1629872640,1796.56,92
1629872700,1796.92,71
1629872760,1796.57,172
1629872820,1796.57,150
1629872880,1796.84,133
1629872940,1797.00,71
1629873000,1797.48,130
1629873060,1797.34,62
1629873120,1797.15,77
1629873180,1796.91,126
1629873240,1796.41,129
1629873300,1796.34,78
1629873360,1796.19,111
1629873420,1796.51,71
1629873480,1796.24,86
1629873540,1795.91,85
1629873600,1795.75,113
1629873660,1795.56,73
1629873720,1795.38,57
1629873780,1795.58,138
1629873840,1795.40,80
1629873900,1795.58,156
1629873960,1795.09,91
1629874020,1794.97,54
1629874080,1795.28,74
1629874140,1795.64,67
1629874200,1795.56,63
1629874260,1795.12,102
1629874320,1794.98,120
1629874380,1794.73,95
1629874440,1794.41,141
1629874500,1794.43,167
1629874560,1794.00,158
1629874620,1793.38,158
1629874680,1793.63,128
1629874740,1793.57,159
1629874800,1794.22,157
1629874860,1794.12,81
1629874920,1794.77,139
1629874980,1794.38,160
1629875040,1794.29,118
1629875100,1794.17,142
1629875160,1794.16,166
1629875220,1794.15,157
1629875280,1794.01,167
1629875340,1793.99,191
1629875400,1793.88,139
1629875460,1793.86,116
1629875520,1793.56,177
1629875580,1793.08,123
1629875640,1792.92,189
1629875700,1793.20,198
1629875760,1793.06,123
1629875820,1793.18,110
1629875880,1793.11,76
1629875940,1793.00,72
1629876000,1793.53,149
1629876060,1792.57,133
1629876120,1793.13,148
1629876180,1793.18,87
1629876240,1793.52,84
1629876300,1793.50,116
1629876360,1793.18,139
1629876420,1793.26,107
1629876480,1793.19,38
1629876540,1792.76,69
1629876600,1792.30,172
1629876660,1791.91,189
1629876720,1791.86,88
1629876780,1792.09,89
1629876840,1792.35,150
1629876900,1792.32,100
1629876960,1792.86,182
1629877020,1792.94,83
1629877080,1793.04,49
1629877140,1793.11,153
1629877200,1793.24,81
1629877260,1793.65,120
1629877320,1793.39,82
1629877380,1793.71,93
1629877440,1794.18,152
1629877500,1794.60,116
1629877560,1795.14,129
1629877620,1795.07,107
1629877680,1795.27,86
1629877740,1795.28,115
1629877800,1795.37,71
1629877860,1794.94,86
1629877920,1795.83,84
1629877980,1795.73,86
1629878040,1795.37,152
1629878100,1794.77,107
1629878160,1794.67,59
1629878220,1795.12,102
1629878280,1794.82,78
1629878340,1794.45,111
1629878400,1793.24,233
1629878460,1793.09,225
1629878520,1793.14,178
1629878580,1793.26,91
1629878640,1793.07,192
1629878700,1793.72,133
1629878760,1794.13,136
1629878820,1793.57,154
1629878880,1793.85,113
1629878940,1793.84,62
1629879000,1793.69,144
1629879060,1793.96,107
1629879120,1794.58,108
1629879180,1794.61,83
1629879240,1794.86,70
1629879300,1795.22,88
1629879360,1795.09,96
1629879420,1794.98,80
1629879480,1796.13,147
1629879540,1795.85,164
1629879600,1795.88,138
1629879660,1795.72,148
1629879720,1796.00,106
1629879780,1795.33,122
1629879840,1794.95,134
1629879900,1794.74,143
1629879960,1794.47,230
1629880020,1794.11,162
1629880080,1793.92,153
1629880140,1793.85,182
1629880200,1793.67,181
1629880260,1793.76,117
1629880320,1794.06,154
1629880380,1794.25,234
1629880440,1793.95,153
1629880500,1794.43,107
1629880560,1794.86,90
1629880620,1794.89,117
1629880680,1795.30,102
1629880740,1794.22,235
1629880800,1794.42,118
1629880860,1794.37,75
1629880920,1794.30,70
1629880980,1795.18,107
1629881040,1794.88,127
1629881100,1795.06,79
1629881160,1795.35,78
1629881220,1795.28,65
1629881280,1795.37,49
1629881340,1795.45,58
1629881400,1795.60,82
1629881460,1795.35,59
1629881520,1795.20,64
1629881580,1794.85,91
1629881640,1794.30,114
1629881700,1794.14,112
1629881760,1794.26,100
1629881820,1794.29,87
1629881880,1794.08,81
1629881940,1793.81,95
1629882000,1793.81,188
1629882060,1794.29,113
1629882120,1794.11,88
1629882180,1793.71,137
1629882240,1793.41,190
1629882300,1793.49,149
1629882360,1793.24,138
1629882420,1792.81,172
1629882480,1793.64,163
1629882540,1793.73,122
1629882600,1793.65,121
1629882660,1793.98,104
1629882720,1793.94,72
1629882780,1794.12,117
1629882840,1793.94,78
1629882900,1794.11,123
1629882960,1794.49,81
1629883020,1794.59,62
1629883080,1794.44,73
1629883140,1794.44,73
1629883200,1794.57,73
1629883260,1794.61,57
1629883320,1794.66,82
1629883380,1794.40,35
1629883440,1794.26,38
1629883500,1794.41,81
1629883560,1795.20,155
1629883620,1794.69,122
1629883680,1794.94,113
1629883740,1794.54,77
1629883800,1794.89,121
1629883860,1794.89,75
1629883920,1794.66,113
1629883980,1794.75,63
1629884040,1794.55,103
1629884100,1794.25,112
1629884160,1794.13,100
1629884220,1794.47,82
1629884280,1794.47,53
1629884340,1794.29,77
1629884400,1794.12,78
1629884460,1794.29,65
1629884520,1794.33,58
1629884580,1794.11,52
1629884640,1794.23,72
1629884700,1794.31,77
1629884760,1794.46,64
1629884820,1794.50,113
1629884880,1794.39,87
1629884940,1794.30,89
1629885000,1794.23,116
1629885060,1794.40,90
1629885120,1794.45,93
1629885180,1794.55,130
1629885240,1794.77,82
1629885300,1794.48,164
1629885360,1794.49,108
1629885420,1794.33,90
1629885480,1794.39,81
1629885540,1794.16,76
1629885600,1794.17,91
1629885660,1794.83,83
1629885720,1794.65,84
1629885780,1794.71,62
1629885840,1794.55,87
1629885900,1794.81,76
1629885960,1794.50,65
1629886020,1794.33,44
1629886080,1794.22,52
1629886140,1794.37,80
1629886200,1794.27,54
1629886260,1794.83,56
1629886320,1794.74,52
1629886380,1794.65,41
1629886440,1794.76,87
1629886500,1794.44,57
1629886560,1794.45,17
1629886620,1794.47,41
1629886680,1794.39,39
1629886740,1794.58,34
1629886800,1794.63,78
1629886860,1794.45,35
1629886920,1794.42,78
1629886980,1794.35,66
1629887040,1794.17,62
1629887100,1794.24,82
1629887160,1794.49,49
1629887220,1794.30,61
1629887280,1794.35,67
1629887340,1794.46,42
1629887400,1794.17,46
1629887460,1794.36,68
1629887520,1794.08,82
1629887580,1794.23,23
1629887640,1793.68,81
1629887700,1793.70,135
1629887760,1793.76,112
1629887820,1793.56,67
1629887880,1793.79,87
1629887940,1794.00,105
1629888000,1794.23,133
1629888060,1793.85,121
1629888120,1793.66,161
1629888180,1793.81,148
1629888240,1793.49,162
1629888300,1793.74,176
1629888360,1793.14,121
1629888420,1793.54,116
1629888480,1793.90,146
1629888540,1794.04,54
1629888600,1793.86,100
1629888660,1793.56,87
1629888720,1793.79,80
1629888780,1793.95,55
1629888840,1793.77,90
1629888900,1793.97,39
1629888960,1794.03,37
1629889020,1794.09,56
1629889080,1794.24,50
1629889140,1794.32,85
1629889200,1793.85,101
1629889260,1794.26,105
1629889320,1794.25,90
1629889380,1794.35,50
1629889440,1793.83,60
1629889500,1794.02,114
1629889560,1793.44,99
1629889620,1793.45,96
1629889680,1793.35,129
1629889740,1793.23,163
1629889800,1793.04,154
1629889860,1793.00,98
1629889920,1792.93,97
1629889980,1792.53,128
1629890040,1792.74,104
1629890100,1792.73,68
1629890160,1792.52,135
1629890220,1792.46,145
1629890280,1792.66,170
1629890340,1792.87,126
1629890400,1792.85,103
1629890460,1792.93,59
1629890520,1792.35,104
1629890580,1792.36,54
1629890640,1792.26,46
1629890700,1790.97,205
1629890760,1790.63,190
1629890820,1791.02,245
1629890880,1790.66,182
1629890940,1790.99,137
1629891000,1790.80,123
1629891060,1791.96,151
1629891120,1792.02,113
1629891180,1792.58,152
1629891240,1792.79,174
1629891300,1792.83,137
1629891360,1793.23,176
1629891420,1793.94,163
1629891480,1794.44,125
1629891540,1794.76,185
1629891600,1794.27,173
1629891660,1794.17,134
1629891720,1794.46,124
1629891780,1794.69,150
1629891840,1794.64,131
1629891900,1795.13,185
1629891960,1794.81,118
1629892020,1794.64,120
1629892080,1794.66,110
1629892140,1794.57,112
1629892200,1794.44,112
1629892260,1794.28,121
1629892320,1794.15,76
1629892380,1794.23,94
1629892440,1793.85,81
1629892500,1793.97,89
1629892560,1794.08,104
1629892620,1794.19,135
1629892680,1794.22,103
1629892740,1794.25,127
1629892800,1795.34,245
1629892860,1795.05,217
1629892920,1794.21,186
1629892980,1793.76,151
1629893040,1793.11,209
1629893100,1793.38,148
1629893160,1793.07,129
1629893220,1793.62,205
1629893280,1793.29,109
1629893340,1792.88,146
1629893400,1792.90,102
1629893460,1792.64,118
1629893520,1793.13,186
1629893580,1792.69,144
1629893640,1792.69,164
1629893700,1792.38,197
1629893760,1792.62,125
1629893820,1792.69,128
1629893880,1792.66,130
1629893940,1792.93,125
1629894000,1793.76,236
1629894060,1793.44,175
1629894120,1794.01,181
1629894180,1793.65,265
1629894240,1793.41,198
1629894300,1793.68,188
1629894360,1794.17,175
1629894420,1794.14,117
1629894480,1793.70,87
1629894540,1792.79,113
1629894600,1792.28,326
1629894660,1794.14,288
1629894720,1793.89,237
1629894780,1794.28,249
1629894840,1794.41,249
1629894900,1793.81,217
1629894960,1792.94,247
1629895020,1791.99,226
1629895080,1791.65,262
1629895140,1791.22,220
1629895200,1791.76,358
1629895260,1792.80,282
1629895320,1793.00,262
1629895380,1793.78,243
1629895440,1794.03,223
1629895500,1795.63,321
1629895560,1795.87,215
1629895620,1795.79,283
1629895680,1795.99,255
1629895740,1796.08,199
1629895800,1796.67,232
1629895860,1796.12,205
1629895920,1796.72,231
1629895980,1796.77,222
1629896040,1797.28,262
1629896100,1797.39,233
1629896160,1796.69,200
1629896220,1796.50,193
1629896280,1796.41,158
1629896340,1795.75,226
1629896400,1795.86,311
1629896460,1795.86,211
1629896520,1796.10,248
1629896580,1795.63,222
1629896640,1795.24,230
1629896700,1796.01,218
1629896760,1796.31,213
1629896820,1797.06,314
1629896880,1797.40,275
1629896940,1797.51,263
1629897000,1796.85,250
1629897060,1796.49,218
1629897120,1796.33,227
1629897180,1795.83,202
1629897240,1795.87,213
1629897300,1795.99,189
1629897360,1795.64,130
1629897420,1795.24,218
1629897480,1795.19,164
1629897540,1795.39,125
1629897600,1795.26,158
1629897660,1795.66,177
1629897720,1795.42,167
1629897780,1795.76,125
1629897840,1795.28,107
1629897900,1794.94,142
1629897960,1794.88,122
1629898020,1794.64,276
1629898080,1794.95,168
1629898140,1794.66,172
1629898200,1794.89,252
1629898260,1794.59,303
1629898320,1792.93,346
1629898380,1792.02,320
1629898440,1791.39,369
1629898500,1792.31,353
1629898560,1792.34,322
1629898620,1792.43,237
1629898680,1792.36,240
1629898740,1790.63,381
1629898800,1787.64,424
1629898860,1787.35,408
1629898920,1788.62,414
1629898980,1790.27,371
1629899040,1790.60,372
1629899100,1792.53,408
1629899160,1792.53,300
1629899220,1791.18,295
1629899280,1790.45,317
1629899340,1789.03,391
1629899400,1787.99,348
1629899460,1787.61,392
1629899520,1786.37,382
1629899580,1786.41,356
1629899640,1786.09,357
1629899700,1786.67,311
1629899760,1787.90,335
1629899820,1789.10,412
1629899880,1789.81,344
1629899940,1789.35,313
1629900000,1786.38,369
1629900060,1787.99,367
1629900120,1788.16,365
1629900180,1787.94,316
1629900240,1788.32,265
1629900300,1788.91,332
1629900360,1789.00,259
1629900420,1789.01,323
1629900480,1787.97,260
1629900540,1787.03,319
1629900600,1788.09,301
1629900660,1787.96,300
1629900720,1788.96,317
1629900780,1788.72,265
1629900840,1788.14,260
1629900900,1788.90,323
1629900960,1787.94,221
1629901020,1788.14,223
1629901080,1788.68,233
1629901140,1788.28,168
1629901200,1787.73,250
1629901260,1786.47,278
1629901320,1786.25,297
1629901380,1786.89,287
1629901440,1786.55,296
1629901500,1785.66,315
1629901560,1785.41,380
1629901620,1786.28,301
1629901680,1786.27,283
1629901740,1786.80,281
1629901800,1786.34,288
1629901860,1786.03,273
1629901920,1786.69,271
1629901980,1786.58,279
1629902040,1786.43,272
1629902100,1784.60,403
1629902160,1785.64,317
1629902220,1785.12,277
1629902280,1785.77,297
1629902340,1787.48,349
1629902400,1786.41,330
1629902460,1786.84,309
1629902520,1786.16,260
1629902580,1786.43,240
1629902640,1786.93,251
1629902700,1786.19,264
1629902760,1786.71,281
1629902820,1786.13,245
1629902880,1785.94,267
1629902940,1785.84,207
1629903000,1786.41,295
1629903060,1785.48,294
1629903120,1786.33,257
1629903180,1785.75,160
1629903240,1786.08,214
1629903300,1785.41,251
1629903360,1784.62,305
1629903420,1784.66,198
1629903480,1784.16,174
1629903540,1784.41,226
1629903600,1784.52,319
1629903660,1785.13,252
1629903720,1785.54,273
1629903780,1785.67,206
1629903840,1785.22,317
1629903900,1785.47,251
1629903960,1786.18,245
1629904020,1786.25,204
1629904080,1786.84,238
1629904140,1785.90,225
1629904200,1786.01,185
1629904260,1785.80,187
1629904320,1785.65,171
1629904380,1786.43,195
1629904440,1786.76,182
1629904500,1786.88,140
1629904560,1786.78,206
1629904620,1786.57,168
1629904680,1786.38,182
1629904740,1786.30,103
1629904800,1786.39,115
1629904860,1785.96,157
1629904920,1785.69,151
1629904980,1785.61,133
1629905040,1785.80,154
1629905100,1785.82,99
1629905160,1786.41,129
1629905220,1786.43,142
1629905280,1786.11,163
1629905340,1786.23,124
1629905400,1786.18,149
1629905460,1786.35,137
1629905520,1786.70,109
1629905580,1787.38,166
1629905640,1787.78,184
1629905700,1787.22,225
1629905760,1786.90,172
1629905820,1787.39,165
1629905880,1786.83,104
1629905940,1787.13,111
1629906000,1787.22,102
1629906060,1787.45,91
1629906120,1787.35,112
1629906180,1787.49,109
1629906240,1787.19,139
1629906300,1786.60,110
1629906360,1787.06,117
1629906420,1787.10,136
1629906480,1787.50,89
1629906540,1787.94,143
1629906600,1788.12,173
1629906660,1787.99,193
1629906720,1788.38,191
1629906780,1788.23,208
1629906840,1788.58,128
1629906900,1788.37,111
1629906960,1788.36,141
1629907020,1788.86,136
1629907080,1788.76,125
1629907140,1789.09,103
1629907200,1789.36,155
1629907260,1789.25,151
1629907320,1789.19,120
1629907380,1789.81,107
1629907440,1789.86,119
1629907500,1789.76,94
1629907560,1790.14,57
1629907620,1790.26,96
1629907680,1790.33,167
1629907740,1790.71,157
1629907800,1790.42,209
1629907860,1790.06,148
1629907920,1789.94,99
1629907980,1790.29,81
1629908040,1790.21,80
1629908100,1790.20,61
1629908160,1790.19,106
1629908220,1790.28,82
1629908280,1790.10,53
1629908340,1790.17,49
1629908400,1790.09,53
1629908460,1790.25,61
1629908520,1790.16,45
1629908580,1790.13,27
1629908640,1790.19,44
1629908700,1790.18,45
1629908760,1790.25,35
1629908820,1789.92,106
1629908880,1790.23,107
1629908940,1790.04,102
1629909000,1790.16,116
1629909060,1790.57,107
1629909120,1790.77,128
1629909180,1790.62,121
1629909240,1790.81,114
1629909300,1791.26,99
1629909360,1791.62,171
1629909420,1791.30,124
1629909480,1791.07,104
1629909540,1790.82,75
1629909600,1790.42,108
1629909660,1790.99,87
1629909720,1791.24,122
1629909780,1790.93,103
1629909840,1790.92,55
1629909900,1791.46,71
1629909960,1791.46,134
1629910020,1790.87,106
1629910080,1790.58,69
1629910140,1790.60,70
1629910200,1790.59,60
1629910260,1790.77,85
1629910320,1790.60,87
1629910380,1790.12,96
1629910440,1790.41,140
1629910500,1790.02,78
1629910560,1789.92,69
1629910620,1789.75,117
1629910680,1789.84,120
1629910740,1789.91,130
1629910800,1789.92,78
1629910860,1790.05,75
1629910920,1790.00,155
1629910980,1789.71,97
1629911040,1790.29,91
1629911100,1790.13,90
1629911160,1790.29,49
1629911220,1789.88,78
1629911280,1789.50,102
1629911340,1789.31,134
1629911400,1789.67,140
1629911460,1789.75,142
1629911520,1789.78,99
1629911580,1789.48,89
1629911640,1789.97,140
1629911700,1789.58,63
1629911760,1789.47,83
1629911820,1789.48,51
1629911880,1789.39,91
1629911940,1789.32,107
1629912000,1789.50,96
1629912060,1789.17,67
1629912120,1788.95,110
1629912180,1789.21,135
1629912240,1789.11,109
1629912300,1789.20,134
1629912360,1789.24,112
1629912420,1789.33,76
1629912480,1789.34,126
1629912540,1789.22,208
1629912600,1789.18,135
1629912660,1789.48,76
1629912720,1789.11,76
1629912780,1788.72,59
1629912840,1788.62,102
1629912900,1788.63,60
1629912960,1788.52,86
1629913020,1788.56,70
1629913080,1788.39,75
1629913140,1788.41,41
1629913200,1788.70,76
1629913260,1788.61,65
1629913320,1788.89,74
1629913380,1789.07,127
1629913440,1789.09,57
1629913500,1789.13,71
1629913560,1788.81,92
1629913620,1788.44,77
1629913680,1788.35,47
1629913740,1788.47,78
1629913800,1788.85,88
1629913860,1788.94,59
1629913920,1788.93,81
1629913980,1788.73,61
1629914040,1788.90,73
1629914100,1789.08,49
1629914160,1789.07,49
1629914220,1789.20,63
1629914280,1789.18,73
1629914340,1789.28,33
1629914400,1789.42,90
1629914460,1789.40,54
1629914520,1789.61,57
1629914580,1789.73,52
1629914640,1789.70,43
1629914700,1789.72,40
1629914760,1789.92,61
1629914820,1790.26,79
1629914880,1790.27,69
1629914940,1790.70,82
1629915000,1790.98,89
1629915060,1791.29,121
1629915120,1791.72,127
1629915180,1791.57,130
1629915240,1792.10,97
1629915300,1791.73,134
1629915360,1791.68,88
1629915420,1792.20,104
1629915480,1792.18,88
1629915540,1792.47,115
1629915600,1792.89,128
1629915660,1792.67,55
1629915720,1792.68,82
1629915780,1792.58,107
1629915840,1792.25,109
1629915900,1792.15,99
1629915960,1791.90,55
1629916020,1792.19,93
1629916080,1792.31,54
1629916140,1792.71,70
1629916200,1792.72,97
1629916260,1792.34,77
1629916320,1792.50,60
1629916380,1792.59,63
1629916440,1792.81,72
1629916500,1792.78,64
1629916560,1792.39,61
1629916620,1792.30,74
1629916680,1792.46,55
1629916740,1792.28,60
1629916800,1792.59,62
1629916860,1792.33,76
1629916920,1792.40,44
1629916980,1792.52,55
1629917040,1792.54,72
1629917100,1792.80,64
1629917160,1792.81,62
1629917220,1792.77,25
1629917280,1792.78,49
1629917340,1792.58,48
1629917400,1792.79,48
1629917460,1792.89,48
1629917520,1792.87,31
1629917580,1792.45,44
1629917640,1792.46,72
1629917700,1792.35,51
1629917760,1792.46,65
1629917820,1792.36,100
1629917880,1792.69,116
1629917940,1792.26,91
1629918000,1792.20,105
1629918060,1792.34,74
1629918120,1792.25,73
1629918180,1792.09,61
1629918240,1792.36,53
1629918300,1792.14,81
1629918360,1792.05,81
1629918420,1792.04,47
1629918480,1792.13,66
1629918540,1792.01,51
1629918600,1792.13,48
1629918660,1791.84,49
1629918720,1791.45,34
1629918780,1791.46,77
1629918840,1791.74,43
1629918900,1791.51,46
1629918960,1791.55,41
1629919020,1791.81,23
1629919080,1791.80,47
1629919140,1791.53,28
1629919200,1791.52,43
1629919260,1791.63,52
1629919320,1791.43,15
1629919380,1791.62,25
1629919440,1791.73,47
1629919500,1791.72,39
1629919560,1791.63,46
1629919620,1791.72,14
1629919680,1791.96,32
1629919740,1792.01,40
1629919800,1791.63,54
1629919860,1791.53,26
1629919920,1791.53,22
1629919980,1791.33,35
1629920040,1791.25,51
1629920100,1791.33,24
1629920160,1791.23,17
1629920220,1791.33,6
1629920280,1790.95,33
1629920340,1790.86,35
1629920400,1790.87,35
1629920460,1790.96,20
1629920520,1790.87,38
1629920580,1790.97,53
1629920640,1790.66,46
1629920700,1790.67,56
1629920760,1790.53,36
1629920820,1790.41,45
1629920880,1790.42,40
1629920940,1791.03,55
1629921000,1791.16,52
1629921060,1791.16,63
1629921120,1790.88,46
1629921180,1790.89,53
1629921240,1791.10,75
1629921300,1791.21,59
1629921360,1791.21,64
1629921420,1791.01,65
1629921480,1790.92,72
1629921540,1790.88,157
1629921600,1790.57,127
1629921660,1790.49,37
1629921720,1790.67,42
1629921780,1790.76,15
1629921840,1790.85,18
1629921900,1790.85,15
1629921960,1790.75,29
1629922020,1790.84,22
1629922080,1790.85,13
1629922140,1790.85,19
1629922200,1790.84,24
1629922260,1790.64,34
1629922320,1790.73,22
1629922380,1790.64,24
1629922440,1790.64,29
1629922500,1790.73,17
1629922560,1790.82,27
1629922620,1790.62,17
1629922680,1790.63,9
1629922740,1790.63,13
1629922800,1790.53,17
1629922860,1790.52,20
1629922920,1790.62,10
1629922980,1790.43,9
1629923040,1790.62,15
1629923100,1790.64,16
1629923160,1790.62,3
1629923220,1790.43,20
1629923280,1790.43,19
1629923340,1790.43,7
1629923400,1790.05,49
1629923460,1790.14,16
1629923520,1790.14,14
1629923580,1790.24,18
1629923640,1790.04,21
1629923700,1789.96,30
1629923760,1789.96,6
1629923820,1789.96,6
1629923880,1789.86,19
1629923940,1789.97,15
1629924000,1790.06,19
1629924060,1790.13,24
1629924120,1790.17,21
1629924180,1790.16,15
1629924240,1789.98,32
1629924300,1789.97,31
1629924360,1790.07,20
1629924420,1789.99,19
1629924480,1790.18,27
1629924540,1790.18,7
1629924600,1790.10,34
1629924660,1790.19,12
1629924720,1790.38,41
1629924780,1790.48,23
1629924840,1790.29,10
1629924900,1790.28,22
1629924960,1790.27,18
1629928920,1791.02,8
1629928980,1790.92,13
1629929040,1790.94,8
1629929100,1790.92,41
1629929160,1790.81,14
1629929220,1790.90,19
1629929280,1790.87,9
1629929340,1790.87,2
1629929400,1790.68,22
1629929460,1790.68,27
1629929520,1790.58,16
1629929580,1790.78,27
1629929640,1790.83,11
1629929700,1790.87,11
1629929760,1790.86,6
1629929820,1790.96,4
1629929880,1790.96,5
1629929940,1790.89,9
1629930000,1790.67,15
1629930060,1790.92,29
1629930120,1790.90,8
1629930180,1790.89,8
1629930240,1790.98,10
1629930300,1790.74,13
1629930360,1790.75,17
1629930420,1790.80,10
1629930480,1790.87,7
1629930540,1790.70,15
1629930600,1790.60,17
1629930660,1790.51,13
1629930720,1790.68,23
1629930780,1790.68,21
1629930840,1790.68,26
1629930900,1790.61,18
1629930960,1790.75,39
1629931020,1790.75,22
1629931080,1790.66,3
1629931140,1790.68,6
1629931200,1790.75,12
1629931260,1790.75,11
1629931320,1790.85,8
1629931380,1790.85,5
1629931440,1790.91,4
1629931500,1790.86,25
1629931560,1790.76,6
1629931620,1790.77,2
1629931680,1790.86,7
1629931740,1790.91,14
1629931800,1790.96,7
1629931860,1791.05,17
1629931920,1791.05,25
1629931980,1790.96,19
1629932040,1791.14,17
1629932100,1791.23,32
1629932160,1791.13,5
1629932220,1790.93,14
1629932280,1790.93,3
1629932340,1790.83,17
1629932400,1790.95,17
1629932460,1791.02,21
1629932520,1790.92,8
1629932580,1791.02,10
1629932640,1791.02,15
1629932700,1790.92,11
1629932760,1790.83,11
1629932820,1790.83,1
1629932880,1790.84,12
1629932940,1790.96,13
1629933000,1790.92,14
1629933060,1791.01,7
1629933120,1791.02,1
1629933180,1791.01,9
1629933300,1791.01,2
1629933360,1790.94,4
1629933420,1791.01,4
1629933480,1791.01,4
1629933540,1791.05,5
1629933600,1791.13,24
1629933660,1791.13,14
1629933720,1791.04,16
1629933780,1791.04,2
1629933840,1791.13,4
1629933900,1791.07,11
1629933960,1791.16,15
1629934020,1791.15,19
1629934080,1791.20,4
1629934140,1791.19,20
1629934200,1791.15,14
1629934260,1791.19,6
1629934320,1791.20,8
1629934380,1791.16,10
1629934440,1791.30,15
1629934500,1791.39,15
1629934560,1791.39,2
1629934620,1791.37,9
1629934680,1791.44,7
1629934740,1791.45,10
1629934800,1791.37,6
1629934860,1791.35,1
1629934920,1791.47,9
1629934980,1791.40,12
1629935040,1791.42,17
1629935100,1791.24,26
1629935160,1791.29,33
1629935220,1791.22,21
1629935280,1791.23,11
1629935340,1791.23,17
1629935400,1791.14,12
1629935460,1791.14,15
1629935520,1791.22,26
1629935580,1791.21,13
1629935640,1791.21,10
1629935700,1791.23,10
1629935760,1791.35,10
1629935820,1791.42,29
1629935880,1791.53,21
1629935940,1791.65,21
1629936000,1791.15,63
1629936060,1791.11,60
1629936120,1791.09,23
1629936180,1791.63,57
1629936240,1791.81,42
1629936300,1791.99,32
1629936360,1791.78,43
1629936420,1791.54,13
1629936480,1791.37,36
1629936540,1791.43,53
1629936600,1791.58,61
1629936660,1791.59,23
1629936720,1791.59,24
1629936780,1791.38,35
1629936840,1791.46,51
1629936900,1791.28,87
1629936960,1791.41,34
1629937020,1791.46,26
1629937080,1791.46,39
1629937140,1791.34,39
1629937200,1791.17,72
1629937260,1791.29,50
1629937320,1791.36,28
1629937380,1791.55,34
1629937440,1791.69,39
1629937500,1791.40,55
1629937560,1791.09,71
1629937620,1791.38,68
1629937680,1791.19,60
1629937740,1791.18,46
1629937800,1790.87,59
1629937860,1790.68,52
1629937920,1790.76,77
1629937980,1790.99,40
1629938040,1790.66,61
1629938100,1790.54,40
1629938160,1790.74,36
1629938220,1790.90,40
1629938280,1790.80,40
1629938340,1790.82,39
1629938400,1790.70,33
1629938460,1790.70,17
1629938520,1790.80,10
1629938580,1790.79,13
1629938640,1790.83,30
1629938700,1790.88,40
1629938760,1790.88,16
1629938820,1790.68,27
1629938880,1790.70,16
1629938940,1790.86,45
1629939000,1790.86,25
1629939060,1791.17,47
1629939120,1791.10,65
1629939180,1790.88,40
1629939240,1790.13,97
1629939300,1790.21,90
1629939360,1790.11,70
1629939420,1790.15,41
1629939480,1790.11,29
1629939540,1790.22,56
1629939600,1789.97,222
1629939660,1789.77,92
1629939720,1789.69,130
1629939780,1789.60,109
1629939840,1789.41,83
1629939900,1789.89,97
1629939960,1789.69,78
1629940020,1789.02,78
1629940080,1788.93,127
1629940140,1788.68,61
1629940200,1788.48,136
1629940260,1788.61,107
1629940320,1788.26,102
1629940380,1788.38,118
1629940440,1788.34,161
1629940500,1788.62,117
1629940560,1789.08,150
1629940620,1788.81,126
1629940680,1788.91,118
1629940740,1789.12,90
1629940800,1788.66,129
1629940860,1788.67,52
1629940920,1788.29,74
1629940980,1788.26,185
1629941040,1788.63,83
1629941100,1788.87,64
1629941160,1788.63,74
1629941220,1788.82,77
1629941280,1788.88,103
1629941340,1789.42,100
1629941400,1789.14,117
1629941460,1789.15,100
1629941520,1789.51,142
1629941580,1789.81,110
1629941640,1789.92,103
1629941700,1789.91,95
1629941760,1789.74,76
1629941820,1789.35,85
1629941880,1789.54,82
1629941940,1789.56,83
1629942000,1789.74,51
1629942060,1789.71,102
1629942120,1789.86,60
1629942180,1789.75,57
1629942240,1789.79,69
1629942300,1789.74,58
1629942360,1789.89,72
1629942420,1790.28,65
1629942480,1790.55,111
1629942540,1790.64,172
1629942600,1790.67,66
1629942660,1791.06,63
1629942720,1791.00,92
1629942780,1790.83,73
1629942840,1790.85,85
1629942900,1790.83,110
1629942960,1790.62,138
1629943020,1791.06,101
1629943080,1790.60,129
1629943140,1790.29,91
1629943200,1790.03,91
1629943260,1789.90,64
1629943320,1789.78,81
1629943380,1790.02,95
1629943440,1790.04,47
1629943500,1790.02,88
1629943560,1790.20,108
1629943620,1789.99,77
1629943680,1789.97,89
1629943740,1789.80,56
1629943800,1789.79,71
1629943860,1789.61,74
1629943920,1789.86,56
1629943980,1789.69,71
1629944040,1789.67,66
1629944100,1789.63,41
1629944160,1789.73,35
1629944220,1789.16,77
1629944280,1789.35,45
1629944340,1789.13,61
1629944400,1789.10,18
1629944460,1789.09,38
1629944520,1789.30,59
1629944580,1789.13,39
1629944640,1789.26,20
1629944700,1789.36,54
1629944760,1789.35,34
1629944820,1789.02,45
1629944880,1788.90,24
1629944940,1788.80,69
1629945000,1788.73,90
1629945060,1788.46,83
1629945120,1788.07,89
1629945180,1788.11,81
1629945240,1788.40,105
1629945300,1788.93,101
1629945360,1788.96,69
1629945420,1788.83,50
1629945480,1788.75,41
1629945540,1788.27,90
1629945600,1788.09,120
1629945660,1788.01,102
1629945720,1787.39,98
1629945780,1787.78,162
1629945840,1788.14,85
1629945900,1788.09,62
1629945960,1788.06,39
1629946020,1788.40,48
1629946080,1788.38,42
1629946140,1788.47,61
1629946200,1788.53,40
1629946260,1788.47,47
1629946320,1788.51,44
1629946380,1788.74,75
1629946440,1788.79,85
1629946500,1789.02,127
1629946560,1789.10,116
1629946620,1788.77,77
1629946680,1788.75,80
1629946740,1788.75,41
1629946800,1788.67,50
1629946860,1788.56,52
1629946920,1788.16,54
1629946980,1788.53,47
1629947040,1788.58,41
1629947100,1788.44,45
1629947160,1788.58,41
1629947220,1788.77,29
1629947280,1788.89,43
1629947340,1789.13,43
1629947400,1789.03,39
1629947460,1788.97,46
1629947520,1788.80,55
1629947580,1788.56,60
1629947640,1788.59,48
1629947700,1788.63,81
1629947760,1788.73,61
1629947820,1788.83,33
1629947880,1789.05,47
1629947940,1789.11,48
1629948000,1788.93,52
1629948060,1788.83,55
1629948120,1788.79,49
1629948180,1788.79,52
1629948240,1788.87,39
1629948300,1788.42,64
1629948360,1788.38,35
1629948420,1788.38,40
1629948480,1788.12,39
1629948540,1788.21,36
1629948600,1788.36,35
1629948660,1788.06,56
1629948720,1787.79,55
1629948780,1787.87,44
1629948840,1787.97,32
1629948900,1787.98,36
1629948960,1788.04,37
1629949020,1788.04,21
1629949080,1787.98,61
1629949140,1787.97,45
1629949200,1788.25,41
1629949260,1788.05,19
1629949320,1788.20,25
1629949380,1788.15,16
1629949440,1787.86,26
1629949500,1788.16,25
1629949560,1788.20,9
1629949620,1787.97,36
1629949680,1787.97,21
1629949740,1787.88,26
1629949800,1787.78,64
1629949860,1787.69,13
1629949920,1787.92,15
1629949980,1787.88,17
1629950040,1787.75,33
1629950100,1787.80,15
1629950160,1787.80,38
1629950220,1787.79,14
1629950280,1787.95,35
1629950340,1787.88,21
1629950400,1787.70,10
1629950460,1788.02,26
1629950520,1788.00,27
1629950580,1787.98,19
1629950640,1788.16,15
1629950700,1787.35,66
1629950760,1787.22,46
1629950820,1787.13,31
1629950880,1787.12,43
1629950940,1787.25,38
1629951000,1787.22,56
1629951060,1787.30,34
1629951120,1787.28,14
1629951180,1787.31,35
1629951240,1787.40,62
1629951300,1787.72,45
1629951360,1787.82,22
1629951420,1787.82,24
1629951540,1787.72,15
1629951600,1787.34,34
1629951660,1787.58,113
1629951720,1787.35,90
1629951780,1787.46,48
1629951840,1787.77,57
1629951900,1787.77,16
1629951960,1787.57,29
1629952020,1787.60,20
1629952080,1787.59,7
1629952140,1787.54,38
1629952200,1787.64,30
1629952260,1787.80,28
1629952320,1787.87,23
1629952380,1787.74,36
1629952440,1787.74,25
1629952500,1787.57,39
1629952560,1787.48,27
1629952620,1787.75,32
1629952680,1787.60,14
1629952740,1787.64,20
1629952800,1787.63,1
1629952860,1787.54,18
1629952920,1787.56,31
1629952980,1787.55,27
1629953040,1787.54,28
1629953100,1787.27,35
1629953160,1787.15,43
1629953220,1787.10,40
1629953280,1787.02,36
1629953340,1787.18,22
1629953400,1787.14,40
1629953460,1787.09,27
1629953520,1786.94,28
1629953580,1786.87,36
1629953640,1786.86,40
1629953700,1786.80,35
1629953760,1787.02,59
1629953820,1786.83,59
1629953880,1787.13,62
1629953940,1787.06,48
1629954000,1786.86,67
1629954060,1786.94,54
1629954120,1787.41,66
1629954180,1787.06,55
1629954240,1786.98,42
1629954300,1787.10,16
1629954360,1786.99,34
1629954420,1786.99,64
1629954480,1786.82,52
1629954540,1786.82,48
1629954600,1786.79,12
1629954660,1786.79,24
1629954720,1787.18,32
1629954780,1787.20,48
1629954840,1787.17,45
1629954900,1787.17,39
1629954960,1787.71,67
1629955020,1787.71,61
1629955080,1787.38,60
1629955140,1787.65,72
1629955200,1787.69,43
1629955260,1788.21,95
1629955320,1788.02,121
1629955380,1787.94,69
1629955440,1787.91,43
1629955500,1787.56,44
1629955560,1787.35,77
1629955620,1787.22,37
1629955680,1787.25,45
1629955740,1787.31,67
1629955800,1787.48,84
1629955860,1787.41,83
1629955920,1787.94,91
1629955980,1787.83,104
1629956040,1787.11,143
1629956100,1786.68,155
1629956160,1787.30,144
1629956220,1787.27,59
1629956280,1786.82,129
1629956340,1786.79,97
1629956400,1786.61,93
1629956460,1786.66,93
1629956520,1787.21,86
1629956580,1787.22,116
1629956640,1787.05,122
1629956700,1786.83,95
1629956760,1786.96,87
1629956820,1787.00,157
1629956880,1787.27,94
1629956940,1787.06,82
1629957000,1786.96,144
1629957060,1786.80,118
1629957120,1786.25,143
1629957180,1786.86,85
1629957240,1786.83,94
1629957300,1786.81,79
1629957360,1786.84,62
1629957420,1786.63,64
1629957480,1786.44,65
1629957540,1786.44,98
1629957600,1786.38,157
1629957660,1786.65,92
1629957720,1786.64,141
1629957780,1786.82,112
1629957840,1786.93,81
1629957900,1787.03,78
1629957960,1787.04,124
1629958020,1786.61,70
1629958080,1786.21,133
1629958140,1786.11,79
1629958200,1786.29,100
1629958260,1786.26,82
1629958320,1786.35,90
1629958380,1786.05,79
1629958440,1786.23,80
1629958500,1786.37,79
1629958560,1785.90,104
1629958620,1785.81,59
1629958680,1785.80,90
1629958740,1785.39,153
1629958800,1785.38,141
1629958860,1786.19,122
1629958920,1786.34,86
1629958980,1786.29,62
1629959040,1786.00,118
1629959100,1785.77,76
1629959160,1785.35,90
1629959220,1785.50,94
1629959280,1785.20,145
1629959340,1785.05,139
1629959400,1784.84,191
1629959460,1785.37,155
1629959520,1785.45,166
1629959580,1785.40,108
1629959640,1785.23,80
1629959700,1785.22,97
1629959760,1785.02,104
1629959820,1784.62,86
1629959880,1784.93,97
1629959940,1784.70,96
1629960000,1784.81,108
1629960060,1784.43,104
1629960120,1784.56,124
1629960180,1785.04,104
1629960240,1785.48,95
1629960300,1785.59,51
1629960360,1785.62,88
1629960420,1784.97,122
1629960480,1784.83,113
1629960540,1785.00,104
1629960600,1785.14,88
1629960660,1785.01,68
1629960720,1784.80,91
1629960780,1784.57,138
1629960840,1784.66,171
1629960900,1784.20,178
1629960960,1784.13,181
1629961020,1784.33,107
1629961080,1784.16,207
1629961140,1784.59,229
1629961200,1785.04,191
1629961260,1785.58,146
1629961320,1785.57,125
1629961380,1785.65,130
1629961440,1785.07,101
1629961500,1784.94,150
1629961560,1785.55,142
1629961620,1785.48,123
1629961680,1784.83,79
1629961740,1785.02,99
1629961800,1784.96,139
1629961860,1784.66,122
1629961920,1784.55,102
1629961980,1785.05,120
1629962040,1785.70,125
1629962100,1785.72,98
1629962160,1786.10,66
1629962220,1786.54,78
1629962280,1785.86,109
1629962340,1785.77,66
1629962400,1786.21,86
1629962460,1786.17,145
1629962520,1785.71,148
1629962580,1785.92,125
1629962640,1785.93,105
1629962700,1786.44,132
1629962760,1786.45,87
1629962820,1786.48,80
1629962880,1786.56,98
1629962940,1786.66,120
1629963000,1787.02,131
1629963060,1786.53,101
1629963120,1786.26,108
1629963180,1785.38,153
1629963240,1785.87,157
1629963300,1786.81,178
1629963360,1786.88,180
1629963420,1786.84,120
1629963480,1787.88,183
1629963540,1787.15,177
1629963600,1786.61,169
1629963660,1787.20,119
1629963720,1787.28,93
1629963780,1787.22,74
1629963840,1787.07,154
1629963900,1786.70,151
1629963960,1786.94,117
1629964020,1786.36,191
1629964080,1786.84,127
1629964140,1786.89,156
1629964200,1786.73,163
1629964260,1786.54,135
1629964320,1786.51,115
1629964380,1786.32,116
1629964440,1786.60,102
1629964500,1787.05,118
1629964560,1786.86,92
1629964620,1786.83,113
1629964680,1786.96,88
1629964740,1787.07,81
1629964800,1786.41,96
1629964860,1785.85,143
1629964920,1785.94,86
1629964980,1785.94,80
1629965040,1786.13,85
1629965100,1785.53,109
1629965160,1785.23,96
1629965220,1785.46,89
1629965280,1785.63,104
1629965340,1785.30,138
1629965400,1785.32,139
1629965460,1785.14,127
1629965520,1785.35,149
1629965580,1785.81,112
1629965640,1785.41,88
1629965700,1785.16,111
1629965760,1785.46,123
1629965820,1785.23,128
1629965880,1784.76,85
1629965940,1785.06,108
1629966000,1785.40,166
1629966060,1785.19,127
1629966120,1784.69,202
1629966180,1784.42,158
1629966240,1784.31,121
1629966300,1784.72,99
1629966360,1784.79,98
1629966420,1785.24,131
1629966480,1785.32,102
1629966540,1784.61,89
1629966600,1784.58,153
1629966660,1784.63,122
1629966720,1784.11,135
1629966780,1784.12,105
1629966840,1784.42,123
1629966900,1783.44,170
1629966960,1783.84,146
1629967020,1783.88,158
1629967080,1783.99,148
1629967140,1784.24,90
1629967200,1784.16,123
1629967260,1784.64,75
1629967320,1784.76,106
1629967380,1784.67,127
1629967440,1784.80,142
1629967500,1785.01,73
1629967560,1785.27,99
1629967620,1784.96,64
1629967680,1784.74,102
1629967740,1784.69,59
1629967800,1784.82,67
1629967860,1784.56,60
1629967920,1784.51,99
1629967980,1784.42,58
1629968040,1784.42,24
1629968100,1784.39,29
1629968160,1784.76,61
1629968220,1784.20,70
1629968280,1784.55,43
1629968340,1784.50,74
1629968400,1784.73,89
1629968460,1785.05,89
1629968520,1784.88,61
1629968580,1784.94,63
1629968640,1784.99,73
1629968700,1784.73,66
1629968760,1784.77,88
1629968820,1785.18,43
1629968880,1785.57,62
1629968940,1785.79,92
1629969000,1785.87,99
1629969060,1785.52,73
1629969120,1785.35,67
1629969180,1785.68,155
1629969240,1785.54,134
1629969300,1785.08,146
1629969360,1785.05,53
1629969420,1785.15,87
1629969480,1785.04,67
1629969540,1784.97,102
1629969600,1784.76,97
1629969660,1784.75,62
1629969720,1784.87,87
1629969780,1785.05,37
1629969840,1784.86,63
1629969900,1785.07,90
1629969960,1785.06,93
1629970020,1785.32,45
1629970080,1785.37,60
1629970140,1785.24,53
1629970200,1784.67,144
1629970260,1784.63,104
1629970320,1784.11,151
1629970380,1784.41,90
1629970440,1784.49,59
1629970500,1784.59,63
1629970560,1784.75,64
1629970620,1784.95,44
1629970680,1785.24,43
1629970740,1785.49,83
1629970800,1785.23,60
1629970860,1785.17,84
1629970920,1785.22,53
1629970980,1785.15,61
1629971040,1785.33,49
1629971100,1785.09,49
1629971160,1785.14,82
1629971220,1785.28,45
1629971280,1785.31,45
1629971340,1785.29,71
1629971400,1785.25,38
1629971460,1785.38,62
1629971520,1785.42,57
1629971580,1785.66,26
1629971640,1785.82,43
1629971700,1785.67,24
1629971760,1785.55,48
1629971820,1785.78,43
1629971880,1785.56,42
1629971940,1785.53,69
1629972000,1785.28,71
1629972060,1785.42,99
1629972120,1785.41,64
1629972180,1785.51,53
1629972240,1785.83,93
1629972300,1785.94,80
1629972360,1786.15,47
1629972420,1785.93,80
1629972480,1786.04,40
1629972540,1786.12,67
1629972600,1786.25,74
1629972660,1786.12,91
1629972720,1786.51,98
1629972780,1787.43,123
1629972840,1787.76,105
1629972900,1787.58,101
1629972960,1787.32,78
1629973020,1787.30,60
1629973080,1787.56,44
1629973140,1787.31,56
1629973200,1787.23,68
1629973260,1787.42,56
1629973320,1787.64,54
1629973380,1787.41,42
1629973440,1786.59,125
1629973500,1786.56,71
1629973560,1786.76,67
1629973620,1786.76,47
1629973680,1787.31,84
1629973740,1787.21,74
1629973800,1787.07,75
1629973860,1786.99,114
1629973920,1786.70,89
1629973980,1786.70,49
1629974040,1787.06,71
1629974100,1787.44,100
1629974160,1787.14,99
1629974220,1786.71,102
1629974280,1786.67,92
1629974340,1786.66,59
1629974400,1786.67,114
1629974460,1786.64,24
1629974520,1786.73,28
1629974580,1786.66,82
1629974640,1786.77,67
1629974700,1787.03,84
1629974760,1786.65,87
1629974820,1786.84,69
1629974880,1786.97,49
1629974940,1787.12,72
1629975000,1787.83,125
1629975060,1787.88,91
1629975120,1788.20,91
1629975180,1788.29,100
1629975240,1788.58,109
1629975300,1788.69,110
1629975360,1788.33,121
1629975420,1788.02,105
1629975480,1788.07,68
1629975540,1787.97,56
1629975600,1788.18,117
1629975660,1788.44,117
1629975720,1788.55,97
1629975780,1788.89,88
1629975840,1788.70,110
1629975900,1788.79,129
1629975960,1788.65,96
1629976020,1788.70,93
1629976080,1788.85,62
1629976140,1789.10,85
1629976200,1789.08,153
1629976260,1789.12,76
1629976320,1789.48,106
1629976380,1789.72,117
1629976440,1789.90,73
1629976500,1789.91,88
1629976560,1789.81,94
1629976620,1789.55,118
1629976680,1789.79,140
1629976740,1789.89,119
1629976800,1789.87,106
1629976860,1789.59,129
1629976920,1789.71,97
1629976980,1789.53,95
1629977040,1789.75,108
1629977100,1789.59,120
1629977160,1789.89,84
1629977220,1789.90,64
1629977280,1789.79,62
1629977340,1789.72,92
1629977400,1789.42,132
1629977460,1788.95,143
1629977520,1788.63,192
1629977580,1788.98,142
1629977640,1788.66,124
1629977700,1788.23,188
1629977760,1788.44,107
1629977820,1788.55,167
1629977880,1788.48,107
1629977940,1788.36,113
1629978000,1788.55,115
1629978060,1788.82,104
1629978120,1789.26,149
1629978180,1788.85,106
1629978240,1789.04,100
1629978300,1789.22,138
1629978360,1789.14,92
1629978420,1789.41,101
1629978480,1790.18,136
1629978540,1789.88,99
1629978600,1789.91,79
1629978660,1790.08,102
1629978720,1789.59,98
1629978780,1789.89,82
1629978840,1790.12,54
1629978900,1789.69,103
1629978960,1789.55,154
1629979020,1788.55,133
1629979080,1788.67,179
1629979140,1788.55,95
1629979200,1788.11,138
1629979260,1788.22,130
1629979320,1788.04,134
1629979380,1788.04,187
1629979440,1787.67,135
1629979500,1787.76,128
1629979560,1787.66,146
1629979620,1787.98,102
1629979680,1788.05,129
1629979740,1788.04,79
1629979800,1788.24,101
1629979860,1787.65,120
1629979920,1787.36,158
1629979980,1787.55,157
1629980040,1787.91,150
1629980100,1788.09,160
1629980160,1788.14,135
1629980220,1788.09,150
1629980280,1788.87,138
1629980340,1789.24,175
1629980400,1788.86,243
1629980460,1789.23,256
1629980520,1789.36,156
1629980580,1788.54,156
1629980640,1788.49,209
1629980700,1788.36,163
1629980760,1788.27,186
1629980820,1788.51,104
1629980880,1788.59,65
1629980940,1788.23,101
1629981000,1789.77,376
1629981060,1788.67,316
1629981120,1788.68,208
1629981180,1788.28,226
1629981240,1788.01,236
1629981300,1785.56,322
1629981360,1786.39,477
1629981420,1786.65,367
1629981480,1785.53,371
1629981540,1786.60,317
1629981600,1785.75,307
1629981660,1782.73,398
1629981720,1783.12,404
1629981780,1782.90,361
1629981840,1782.27,355
1629981900,1781.89,354
1629981960,1783.84,368
1629982020,1782.87,288
1629982080,1782.37,274
1629982140,1782.81,248
1629982200,1782.92,238
1629982260,1782.10,245
1629982320,1782.27,402
1629982380,1782.43,238
1629982440,1782.93,240
1629982500,1782.89,262
1629982560,1783.22,240
1629982620,1783.37,258
1629982680,1783.51,229
1629982740,1784.16,323
1629982800,1784.45,400
1629982860,1784.06,289
1629982920,1783.72,248
1629982980,1783.46,252
1629983040,1783.61,264
1629983100,1781.09,313
1629983160,1780.66,378
1629983220,1782.33,335
1629983280,1781.91,341
1629983340,1782.75,285
1629983400,1782.33,261
1629983460,1783.09,212
1629983520,1783.14,264
1629983580,1782.97,232
1629983640,1786.03,373
1629983700,1785.34,362
1629983760,1786.08,369
1629983820,1786.32,323
1629983880,1786.62,265
1629983940,1786.52,327
1629984000,1786.69,258
1629984060,1786.31,282
1629984120,1787.20,285
1629984180,1786.97,256
1629984240,1786.97,283
1629984300,1786.88,259
1629984360,1787.11,257
1629984420,1787.19,193
1629984480,1787.42,215
1629984540,1787.70,270
1629984600,1786.67,366
1629984660,1787.45,364
1629984720,1786.83,281
1629984780,1786.86,352
1629984840,1784.95,375
1629984900,1784.66,364
1629984960,1784.66,317
1629985020,1784.51,287
1629985080,1784.91,281
1629985140,1785.13,273
1629985200,1783.79,320
1629985260,1784.63,337
1629985320,1785.39,306
1629985380,1785.88,277
1629985440,1787.44,303
1629985500,1787.94,340
1629985560,1787.75,312
1629985620,1787.48,284
1629985680,1787.19,248
1629985740,1786.82,361
1629985800,1787.35,282
1629985860,1786.90,361
1629985920,1786.26,238
1629985980,1785.68,238
1629986040,1785.58,279
1629986100,1785.52,228
1629986160,1785.73,256
1629986220,1786.49,216
1629986280,1786.18,253
1629986340,1786.11,319
1629986400,1786.10,321
1629986460,1786.36,309
1629986520,1786.00,286
1629986580,1786.28,238
1629986640,1786.47,159
1629986700,1787.05,192
1629986760,1787.37,307
1629986820,1787.59,240
1629986880,1786.80,219
1629986940,1786.91,261
1629987000,1786.76,237
1629987060,1787.04,246
1629987120,1787.44,204
1629987180,1788.08,335
1629987240,1787.93,276
1629987300,1788.86,340
1629987360,1789.29,243
1629987420,1789.18,260
1629987480,1790.19,243
1629987540,1790.08,217
1629987600,1790.19,243
1629987660,1790.04,215
1629987720,1790.36,225
1629987780,1790.34,161
1629987840,1790.05,180
1629987900,1789.37,240
1629987960,1789.75,309
1629988020,1790.43,335
1629988080,1791.47,281
1629988140,1791.09,257
1629988200,1792.86,258
1629988260,1794.59,425
1629988320,1793.57,349
1629988380,1792.89,292
1629988440,1792.98,278
1629988500,1792.59,285
1629988560,1790.80,283
1629988620,1790.59,225
1629988680,1790.63,263
1629988740,1790.01,285
1629988800,1790.56,258
1629988860,1791.23,183
1629988920,1791.06,211
1629988980,1790.15,210
1629989040,1790.25,346
1629989100,1790.25,249
1629989160,1789.86,232
1629989220,1789.71,261
1629989280,1789.01,254
1629989340,1790.14,201
1629989400,1791.37,259
1629989460,1791.23,262
1629989520,1791.33,250
1629989580,1791.79,232
1629989640,1792.10,227
1629989700,1791.67,236
1629989760,1791.96,188
1629989820,1791.82,213
1629989880,1791.47,197
1629989940,1791.64,186
1629990000,1792.72,189
1629990060,1793.38,283
1629990120,1794.01,295
1629990180,1794.16,274
1629990240,1794.46,284
1629990300,1794.67,267
1629990360,1796.26,323
1629990420,1796.90,351
1629990480,1796.94,315
1629990540,1797.78,231
1629990600,1797.80,305
1629990660,1796.00,285
1629990720,1796.32,267
1629990780,1795.69,221
1629990840,1795.67,212
1629990900,1796.25,227
1629990960,1796.48,156
1629991020,1796.30,222
1629991080,1795.83,221
1629991140,1795.55,196
1629991200,1794.76,192
1629991260,1794.65,186
1629991320,1794.45,152
1629991380,1794.36,131
1629991440,1794.37,137
1629991500,1794.63,175
1629991560,1794.82,96
1629991620,1794.61,98
1629991680,1794.43,98
1629991740,1794.85,107
1629991800,1794.75,120
1629991860,1794.61,129
1629991920,1794.04,134
1629991980,1794.25,140
1629992040,1794.73,96
1629992100,1794.83,96
1629992160,1794.83,100
1629992220,1794.75,126
1629992280,1794.37,106
1629992340,1794.76,113
1629992400,1794.58,103
1629992460,1793.64,179
1629992520,1793.17,154
1629992580,1793.18,139
1629992640,1792.90,133
1629992700,1793.14,174
1629992760,1793.03,129
1629992820,1793.18,105
1629992880,1793.43,109
1629992940,1793.35,118
1629993000,1793.35,103
1629993060,1793.15,53
1629993120,1793.16,106
1629993180,1793.35,125
1629993240,1793.33,99
1629993300,1793.34,93
1629993360,1793.35,137
1629993420,1792.97,85
1629993480,1792.95,124
1629993540,1793.15,93
1629993600,1792.84,129
1629993660,1792.97,94
1629993720,1792.36,77
1629993780,1792.84,105
1629993840,1793.05,104
1629993900,1793.11,70
1629993960,1793.34,83
1629994020,1793.32,90
1629994080,1793.16,83
1629994140,1792.95,47
1629994200,1792.45,95
1629994260,1792.66,83
1629994320,1792.55,55
1629994380,1792.18,90
1629994440,1791.87,86
1629994500,1791.89,107
1629994560,1791.61,114
1629994620,1791.61,88
1629994680,1791.40,115
1629994740,1791.87,112
1629994800,1791.87,89
1629994860,1791.96,66
1629994920,1791.84,89
1629994980,1791.82,53
1629995040,1791.93,81
1629995100,1791.72,82
1629995160,1791.43,109
1629995220,1791.71,43
1629995280,1792.19,73
1629995340,1792.49,106
1629995400,1792.49,73
1629995460,1792.50,46
1629995520,1792.78,60
1629995580,1792.78,63
1629995640,1792.69,40
1629995700,1792.68,42
1629995760,1792.59,36
1629995820,1792.69,79
1629995880,1792.97,67
1629995940,1792.77,39
1629996000,1792.86,58
1629996060,1793.09,47
1629996120,1793.26,64
1629996180,1793.07,32
1629996240,1792.57,57
1629996300,1792.61,49
1629996360,1792.46,48
1629996420,1792.18,93
1629996480,1792.07,86
1629996540,1792.26,81
1629996600,1792.27,42
1629996660,1792.18,68
1629996720,1792.09,40
1629996780,1792.47,43
1629996840,1792.69,91
1629996900,1792.51,66
1629996960,1792.31,55
1629997020,1792.12,52
1629997080,1792.13,90
1629997140,1792.23,86
1629997200,1791.74,126
1629997260,1791.79,157
1629997320,1791.69,310
1629997380,1792.20,174
1629997440,1792.67,122
1629997500,1793.44,212
1629997560,1793.49,180
1629997620,1793.71,111
1629997680,1793.74,159
1629997740,1793.82,91
1629997800,1794.09,91
1629997860,1793.88,89
1629997920,1793.81,83
1629997980,1793.29,72
1629998040,1792.84,150
1629998100,1792.64,60
1629998160,1792.46,68
1629998220,1792.58,53
1629998280,1792.57,52
1629998340,1792.57,31
1629998400,1792.97,59
1629998460,1792.76,81
1629998520,1792.85,70
1629998580,1792.57,74
1629998640,1792.63,119
1629998700,1792.84,160
1629998760,1792.82,123
1629998820,1792.86,104
1629998880,1793.31,161
1629998940,1793.44,270
1629999000,1792.84,116
1629999060,1792.91,79
1629999120,1793.02,75
1629999180,1793.16,63
1629999240,1792.76,75
1629999300,1792.85,67
1629999360,1792.67,47
1629999420,1792.48,75
1629999480,1792.37,62
1629999540,1792.53,72
1629999600,1792.39,104
1629999660,1792.53,77
1629999720,1792.55,49
1629999780,1792.58,70
1629999840,1792.26,78
1629999900,1792.31,86
1629999960,1792.27,89
1630000020,1792.35,68
1630000080,1792.35,63
1630000140,1792.34,68
1630000200,1792.24,53
1630000260,1792.23,64
1630000320,1791.95,93
1630000380,1792.02,52
1630000440,1791.95,63
1630000500,1791.75,75
1630000560,1791.46,82
1630000620,1791.47,54
1630000680,1791.48,73
1630000740,1791.53,63
1630000800,1791.49,62
1630000860,1791.49,49
1630000920,1791.58,53
1630000980,1791.49,44
1630001040,1791.02,107
1630001100,1790.91,113
1630001160,1790.80,77
1630001220,1790.80,78
1630001280,1790.79,67
1630001340,1790.71,64
1630001400,1790.81,61
1630001460,1790.62,43
1630001520,1790.61,90
1630001580,1790.50,54
1630001640,1790.41,74
1630001700,1790.51,92
1630001760,1790.42,49
1630001820,1790.61,58
1630001880,1790.53,49
1630001940,1790.24,66
1630002000,1790.86,96
1630002060,1790.74,80
1630002120,1790.73,39
1630002180,1790.93,33
1630002240,1790.83,47
1630002300,1790.88,58
1630002360,1790.85,62
1630002420,1791.05,53
1630002480,1791.27,92
1630002540,1791.23,47
1630002600,1791.13,39
1630002660,1791.28,43
1630002720,1791.28,42
1630002780,1791.19,42
1630002840,1791.00,41
1630002900,1791.10,22
1630002960,1791.29,42
1630003020,1791.12,51
1630003080,1790.90,44
1630003140,1790.90,25
1630003200,1791.30,32
1630003260,1791.52,30
1630003320,1791.63,68
1630003380,1791.64,50
1630003440,1791.74,37
1630003500,1791.78,29
1630003560,1791.93,40
1630003620,1791.66,76
1630003680,1791.57,52
1630003740,1791.46,62
1630003800,1791.46,83
1630003860,1791.53,45
1630003920,1791.44,52
1630003980,1791.52,49
1630004040,1791.25,68
1630004100,1791.35,71
1630004160,1791.44,37
1630004220,1791.55,46
1630004280,1791.36,41
1630004340,1791.05,132
1630004400,1791.31,80
1630004460,1791.23,32
1630004520,1791.42,34
1630004580,1791.41,36
1630004640,1791.41,33
1630004700,1791.31,30
1630004760,1790.93,45
1630004820,1791.03,51
1630004880,1791.31,64
1630004940,1791.30,66
1630005000,1791.20,43
1630005060,1791.19,40
1630005120,1791.48,51
1630005180,1791.64,72
1630005240,1791.60,70
1630005300,1791.60,53
1630005360,1791.67,58
1630005420,1791.88,71
1630005480,1791.91,59
1630005540,1791.80,70
1630005600,1791.53,46
1630005660,1791.49,47
1630005720,1791.50,58
1630005780,1791.69,47
1630005840,1791.70,28
1630005900,1791.51,24
1630005960,1791.70,28
1630006020,1791.82,38
1630006080,1791.79,58
1630006140,1791.70,44
1630006200,1791.53,52
1630006260,1791.80,65
1630006320,1791.89,50
1630006380,1792.08,52
1630006440,1792.25,40
1630006500,1792.17,31
1630006560,1792.18,43
1630006620,1792.18,27
1630006680,1791.89,29
1630006740,1791.89,28
1630006800,1792.18,49
1630006860,1792.37,50
1630006920,1792.17,56
1630006980,1791.97,32
1630007040,1792.06,45
1630007100,1791.87,36
1630007160,1791.95,45
1630007220,1792.34,52
1630007280,1792.43,49
1630007340,1792.33,32
1630007400,1792.42,32
1630007460,1792.51,52
1630007520,1792.51,13
1630007580,1792.51,11
1630007640,1792.69,30
1630007700,1792.78,44
1630007760,1792.68,21
1630007820,1792.68,35
1630007880,1792.68,91
1630007940,1792.70,154
1630008000,1792.65,75
1630008060,1792.44,82
1630008120,1792.25,27
1630008180,1792.25,3
1630008240,1792.34,4
1630008300,1792.26,30
1630008360,1792.24,17
1630008420,1792.34,35
1630008480,1792.35,11
1630008540,1792.34,22
1630008600,1792.34,25
1630008660,1792.44,9
1630008720,1792.34,19
1630008780,1792.34,8
1630008840,1792.15,9
1630008900,1792.15,13
1630008960,1791.97,19
1630009020,1791.87,12
1630009080,1791.77,8
1630009140,1791.97,17
1630009200,1791.59,41
1630009260,1791.60,27
1630009320,1791.72,18
1630009380,1791.71,34
1630009440,1791.76,27
1630009500,1791.93,20
1630009560,1791.91,12
1630009620,1791.91,22
1630009680,1791.82,13
1630009740,1791.72,25
1630009800,1791.62,58
1630009860,1791.83,12
1630009920,1791.80,31
1630009980,1791.71,26
1630010040,1791.80,13
1630010100,1791.86,17
1630010160,1791.86,6
1630010220,1791.67,9
1630010280,1791.68,10
1630010340,1791.67,16
1630010400,1791.76,18
1630010460,1791.77,16
1630010520,1791.77,12
1630010580,1791.68,30
1630010640,1791.40,28
1630010700,1791.60,44
1630010760,1791.60,12
1630010820,1791.67,17
1630010880,1791.60,17
1630010940,1791.80,35
1630011000,1791.71,30
1630011060,1791.76,26
1630011120,1791.71,17
1630011180,1791.62,23
1630011240,1791.71,28
1630011300,1791.80,31
1630011360,1791.79,14
1630015320,1792.28,62
1630015380,1792.53,38
1630015440,1792.40,29
1630015500,1792.54,40
1630015560,1792.73,56
1630015620,1792.71,29
1630015680,1792.59,14
1630015740,1792.46,15
1630015800,1792.76,18
1630015860,1792.80,11
1630015920,1792.83,11
1630015980,1792.88,33
1630016040,1792.83,19
1630016100,1792.93,21
1630016160,1792.91,9
1630016220,1792.82,17
1630016280,1792.88,28
1630016340,1792.97,18
1630016400,1792.99,12
1630016460,1792.85,22
1630016520,1792.94,27
1630016580,1792.90,8
1630016640,1792.91,16
1630016700,1792.96,14
1630016760,1792.88,13
1630016820,1792.77,10
1630016880,1792.86,15
1630016940,1792.86,2
1630017000,1792.99,18
1630017060,1792.98,16
1630017120,1793.02,6
1630017180,1792.86,13
1630017240,1792.66,27
1630017300,1792.81,32
1630017360,1792.77,16
1630017420,1792.78,4
1630017480,1792.78,3
1630017540,1792.78,11
1630017600,1792.78,8
1630017660,1792.77,3
1630017720,1793.01,20
1630017780,1792.99,15
1630017840,1793.25,29
1630017900,1793.20,16
1630017960,1793.06,23
1630018020,1793.06,4
1630018080,1792.96,8
1630018140,1792.87,14
1630018200,1792.76,31
1630018260,1792.67,25
1630018320,1792.61,16
1630018380,1792.71,20
1630018440,1792.77,11
1630018500,1792.73,13
1630018560,1792.66,13
1630018620,1792.76,7
1630018680,1792.92,17
1630018740,1792.89,13
1630018800,1792.82,12
1630018860,1792.90,25
1630018920,1792.96,21
1630019040,1792.76,23
1630019100,1792.76,5
1630019160,1792.96,8
1630019220,1792.86,9
1630019280,1792.77,14
1630019340,1792.73,21
1630019400,1792.88,18
1630019460,1792.93,39
1630019520,1792.98,13
1630019580,1793.01,17
1630019640,1793.02,10
1630019700,1793.01,17
1630019760,1793.00,16
1630019820,1792.93,15
1630019880,1792.81,18
1630019940,1792.96,11
1630020000,1792.96,13
1630020060,1793.05,18
1630020120,1793.09,18
1630020180,1793.09,19
1630020240,1793.00,12
1630020300,1793.10,10
1630020360,1793.05,30
1630020420,1793.12,8
1630020480,1793.25,8
1630020540,1793.18,27
1630020600,1793.19,11
1630020660,1793.10,19
1630020720,1793.11,4
1630020780,1793.13,7
1630020840,1793.04,21
1630020900,1793.07,14
1630020960,1793.07,28
1630021020,1793.15,9
1630021080,1793.07,4
1630021140,1793.16,12
1630021200,1793.16,7
1630021260,1793.16,8
1630021320,1793.26,14
1630021380,1793.26,6
1630021440,1793.07,15
1630021500,1793.10,23
1630021560,1793.16,18
1630021620,1792.97,23
1630021680,1793.13,23
1630021740,1793.22,24
1630021800,1793.30,24
1630021860,1793.33,16
1630021920,1793.32,30
1630021980,1793.26,23
1630022040,1793.46,10
1630022100,1793.51,6
1630022160,1793.70,21
1630022220,1793.71,14
1630022280,1793.69,13
1630022340,1793.56,29
1630022400,1793.25,114
1630022460,1793.57,82
1630022520,1793.18,61
1630022580,1793.03,58
1630022640,1793.46,86
1630022700,1793.66,58
1630022760,1793.46,27
1630022820,1793.51,36
1630022880,1793.51,63
1630022940,1793.47,30
1630023000,1793.74,27
1630023060,1793.68,49
1630023120,1793.54,45
1630023180,1793.61,73
1630023240,1793.85,144
1630023300,1793.71,65
1630023360,1793.82,68
1630023420,1793.45,52
1630023480,1793.45,93
1630023540,1793.28,48
1630023600,1793.28,53
1630023660,1793.29,51
1630023720,1793.37,69
1630023780,1793.29,68
1630023840,1793.42,56
1630023900,1793.39,86
1630023960,1793.56,45
1630024020,1793.63,41
1630024080,1793.83,65
1630024140,1793.63,42
1630024200,1793.55,85
1630024260,1793.59,66
1630024320,1793.48,47
1630024380,1793.18,60
1630024440,1793.27,48
1630024500,1793.43,51
1630024560,1793.53,28
1630024620,1793.45,29
1630024680,1793.45,31
1630024740,1793.45,20
1630024800,1793.26,48
1630024860,1793.35,46
1630024920,1793.52,52
1630024980,1793.74,35
1630025040,1793.94,38
1630025100,1793.98,45
1630025160,1793.86,28
1630025220,1793.96,31
1630025280,1794.00,54
1630025340,1794.07,50
1630025400,1794.22,64
1630025460,1794.27,44
1630025520,1794.41,35
1630025580,1794.48,67
1630025640,1794.16,97
1630025700,1794.24,72
1630025760,1793.96,80
1630025820,1794.38,71
1630025880,1794.24,77
1630025940,1793.95,69
1630026000,1794.12,242
1630026060,1794.54,188
1630026120,1794.96,200
1630026180,1794.57,86
1630026240,1794.20,199
1630026300,1794.02,137
1630026360,1793.75,97
1630026420,1794.03,97
1630026480,1794.01,79
1630026540,1793.84,99
1630026600,1793.96,69
1630026660,1794.76,104
1630026720,1794.98,86
1630026780,1795.09,101
1630026840,1795.01,103
1630026900,1794.99,69
1630026960,1794.76,86
1630027020,1794.82,119
1630027080,1794.96,78
1630027140,1794.63,92
1630027200,1794.76,56
1630027260,1794.57,51
1630027320,1794.38,58
1630027380,1794.28,66
1630027440,1794.28,62
1630027500,1794.00,99
1630027560,1794.47,93
1630027620,1794.40,59
1630027680,1794.50,63
1630027740,1794.59,107
1630027800,1794.67,103
1630027860,1794.56,111
1630027920,1794.56,82
1630027980,1795.06,118
1630028040,1795.26,71
1630028100,1795.02,96
1630028160,1795.26,93
1630028220,1795.36,64
1630028280,1795.39,68
1630028340,1795.58,82
1630028400,1795.46,79
1630028460,1795.46,50
1630028520,1795.37,76
1630028580,1795.18,63
1630028640,1795.17,43
1630028700,1795.20,36
1630028760,1795.07,57
1630028820,1795.07,67
1630028880,1794.78,52
1630028940,1794.90,86
1630029000,1794.92,128
1630029060,1794.64,92
1630029120,1794.66,114
1630029180,1794.56,62
1630029240,1794.36,89
1630029300,1794.36,50
1630029360,1794.44,75
1630029420,1794.76,29
1630029480,1794.69,43
1630029540,1794.76,74
1630029600,1795.14,85
1630029660,1795.29,77
1630029720,1795.52,94
1630029780,1795.97,177
1630029840,1795.83,91
1630029900,1796.07,175
1630029960,1796.46,135
1630030020,1796.03,87
1630030080,1796.28,88
1630030140,1796.38,92
1630030200,1796.59,106
1630030260,1796.73,86
1630030320,1796.23,111
1630030380,1796.17,47
1630030440,1796.43,61
1630030500,1796.01,80
1630030560,1796.01,27
1630030620,1795.92,56
1630030680,1795.94,35
1630030740,1795.79,57
1630030800,1795.88,38
1630030860,1795.96,33
1630030920,1795.87,35
1630030980,1796.26,39
1630031040,1796.28,51
1630031100,1796.36,33
1630031160,1796.66,70
1630031220,1796.66,45
1630031280,1796.89,55
1630031340,1797.03,69
1630031400,1797.08,98
1630031460,1797.36,72
1630031520,1797.30,124
1630031580,1797.60,102
1630031640,1798.47,146
1630031700,1798.99,202
1630031760,1798.66,144
1630031820,1798.56,146
1630031880,1798.43,129
1630031940,1798.24,114
1630032000,1797.99,78
1630032060,1797.78,46
1630032120,1798.02,56
1630032180,1797.89,69
1630032240,1797.96,69
1630032300,1797.73,107
1630032360,1797.68,140
1630032420,1797.10,129
1630032480,1797.18,109
1630032540,1797.12,140
1630032600,1797.06,81
1630032660,1797.23,93
1630032720,1797.77,127
1630032780,1797.88,45
1630032840,1797.70,79
1630032900,1797.34,67
1630032960,1796.99,54
1630033020,1797.01,80
1630033080,1797.18,68
1630033140,1797.29,98
1630033200,1797.30,83
1630033260,1797.67,58
1630033320,1797.69,50
1630033380,1797.69,38
1630033440,1798.00,51
1630033500,1798.00,33
1630033560,1797.85,45
1630033620,1797.94,54
1630033680,1797.92,56
1630033740,1798.32,106
1630033800,1798.55,102
1630033860,1798.66,89
1630033920,1798.75,80
1630033980,1798.91,50
1630034040,1798.28,104
1630034100,1798.21,112
1630034160,1798.52,65
1630034220,1798.85,57
1630034280,1798.94,79
1630034340,1798.93,79
1630034400,1798.99,88
1630034460,1799.14,59
1630034520,1798.61,130
1630034580,1798.88,64
1630034640,1798.58,91
1630034700,1798.56,84
1630034760,1798.80,71
1630034820,1798.87,91
1630034880,1798.95,72
1630034940,1798.96,107
1630035000,1798.84,105
1630035060,1799.04,46
1630035120,1798.78,52
1630035180,1798.83,46
1630035240,1798.83,43
1630035300,1798.83,53
1630035360,1798.93,32
1630035420,1798.47,52
1630035480,1798.35,43
1630035540,1798.26,43
1630035600,1798.44,26
1630035660,1798.50,39
1630035720,1798.45,13
1630035780,1798.45,52
1630035840,1798.46,31
1630035900,1798.36,24
1630035960,1798.37,20
1630036020,1798.46,21
1630036080,1798.38,54
1630036140,1798.27,86
1630036200,1798.14,68
1630036260,1798.17,39
1630036320,1798.03,30
1630036380,1797.98,36
1630036440,1797.90,24
1630036500,1797.91,13
1630036560,1797.92,38
1630036620,1798.07,38
1630036680,1798.17,75
1630036740,1798.08,47
1630036800,1798.15,77
1630036860,1798.10,34
1630036920,1797.88,53
1630036980,1797.96,40
1630037040,1797.91,40
1630037100,1797.87,38
1630037160,1797.88,38
1630037220,1798.02,25
1630037280,1798.12,35
1630037340,1798.30,35
1630037400,1798.49,67
1630037460,1798.47,27
1630037520,1798.47,16
1630037580,1798.35,54
1630037640,1798.20,35
1630037700,1798.21,25
1630037760,1798.13,21
1630037820,1798.19,40
1630037880,1797.94,34
1630037940,1797.95,24
1630038000,1797.97,55
1630038060,1798.07,61
1630038120,1798.24,42
1630038180,1798.15,41
1630038240,1798.43,57
1630038300,1798.62,39
1630038360,1798.57,33
1630038420,1798.59,50
1630038480,1798.85,64
1630038540,1798.86,67
1630038600,1798.97,47
1630038660,1798.97,35
1630038720,1799.29,43
1630038780,1799.28,23
1630038840,1799.36,65
1630038900,1799.37,79
1630038960,1799.77,80
1630039020,1799.55,83
1630039080,1799.42,30
1630039140,1799.25,49
1630039200,1799.11,54
1630039260,1799.08,54
1630039320,1798.87,39
1630039380,1799.06,34
1630039440,1799.06,6
1630039500,1799.17,31
1630039560,1799.35,29
1630039620,1799.16,40
1630039680,1799.15,48
1630039740,1799.44,59
1630039800,1799.36,80
1630039860,1799.46,43
1630039920,1799.62,52
1630039980,1799.81,88
1630040040,1799.89,53
1630040100,1799.90,44
1630040160,1799.90,24
1630040220,1799.77,46
1630040280,1799.81,51
1630040340,1799.92,27
1630040400,1799.70,103
1630040460,1799.81,52
1630040520,1799.67,68
1630040580,1799.58,23
1630040640,1799.51,23
1630040700,1799.59,45
1630040760,1799.69,16
1630040820,1799.71,33
1630040880,1799.89,42
1630040940,1799.82,58
1630041000,1799.91,43
1630041060,1800.03,46
1630041120,1799.78,53
1630041180,1799.61,69
1630041240,1799.58,41
1630041300,1799.76,81
1630041360,1800.04,76
1630041420,1800.22,58
1630041480,1800.33,61
1630041540,1800.32,43
1630041600,1800.72,117
1630041660,1800.75,124
1630041720,1800.41,179
1630041780,1800.52,125
1630041840,1800.58,119
1630041900,1800.84,95
1630041960,1800.77,121
1630042020,1801.15,78
1630042080,1800.75,67
1630042140,1800.97,75
1630042200,1801.63,168
1630042260,1801.68,138
1630042320,1802.31,92
1630042380,1802.19,178
1630042440,1802.44,164
1630042500,1801.56,158
1630042560,1801.49,150
1630042620,1801.65,116
1630042680,1801.50,118
1630042740,1801.90,123
1630042800,1801.90,113
1630042860,1802.05,101
1630042920,1802.01,82
1630042980,1801.71,98
1630043040,1802.10,108
1630043100,1801.82,88
1630043160,1802.00,116
1630043220,1802.10,82
1630043280,1802.19,97
1630043340,1801.91,75
1630043400,1801.81,69
1630043460,1802.11,60
1630043520,1802.60,69
1630043580,1801.82,101
1630043640,1801.76,120
1630043700,1801.75,51
1630043760,1801.68,58
1630043820,1801.68,58
1630043880,1801.76,74
1630043940,1801.77,54
1630044000,1802.41,208
1630044060,1802.54,133
1630044120,1802.82,104
1630044180,1802.87,106
1630044240,1802.81,118
1630044300,1802.71,148
1630044360,1802.89,83
1630044420,1802.65,91
1630044480,1802.55,121
1630044540,1802.72,123
1630044600,1802.82,142
1630044660,1802.56,130
1630044720,1802.68,134
1630044780,1803.07,150
1630044840,1802.98,85
1630044900,1803.06,86
1630044960,1802.87,100
1630045020,1803.17,119
1630045080,1803.37,97
1630045140,1802.90,82
1630045200,1802.29,156
1630045260,1802.62,157
1630045320,1803.41,147
1630045380,1803.41,113
1630045440,1803.82,75
1630045500,1803.72,85
1630045560,1803.37,116
1630045620,1803.73,57
1630045680,1803.70,158
1630045740,1803.97,185
1630045800,1804.25,153
1630045860,1804.70,159
1630045920,1805.03,137
1630045980,1804.29,143
1630046040,1804.73,109
1630046100,1804.88,109
1630046160,1804.75,115
1630046220,1804.40,114
1630046280,1804.17,136
1630046340,1804.18,119
1630046400,1804.17,79
1630046460,1804.15,138
1630046520,1803.80,117
1630046580,1804.09,133
1630046640,1803.62,127
1630046700,1803.64,137
1630046760,1803.64,89
1630046820,1803.83,97
1630046880,1803.80,99
1630046940,1803.50,138
1630047000,1803.43,162
1630047060,1803.54,94
1630047120,1803.55,99
1630047180,1803.31,110
1630047240,1803.23,65
1630047300,1803.00,111
1630047360,1802.75,117
1630047420,1803.24,188
1630047480,1802.90,112
1630047540,1803.30,165
1630047600,1803.37,179
1630047660,1803.23,117
1630047720,1803.42,122
1630047780,1803.18,95
1630047840,1803.23,91
1630047900,1803.62,93
1630047960,1803.36,93
1630048020,1803.59,97
1630048080,1803.64,71
1630048140,1803.77,71
1630048200,1803.86,64
1630048260,1804.04,60
1630048320,1804.04,69
1630048380,1803.85,90
1630048440,1803.73,78
1630048500,1803.67,107
1630048560,1803.64,88
1630048620,1803.80,73
1630048680,1803.54,77
1630048740,1803.73,54
1630048800,1803.82,67
1630048860,1803.73,63
1630048920,1803.92,45
1630048980,1803.83,72
1630049040,1803.70,80
1630049100,1802.81,93
1630049160,1802.37,167
1630049220,1802.51,94
1630049280,1802.17,115
1630049340,1801.90,104
1630049400,1802.00,86
1630049460,1801.70,123
1630049520,1801.20,127
1630049580,1801.45,123
1630049640,1801.26,135
1630049700,1801.25,94
1630049760,1801.32,73
1630049820,1801.62,87
1630049880,1800.86,94
1630049940,1800.90,139
1630050000,1800.79,108
1630050060,1800.73,124
1630050120,1800.98,131
1630050180,1800.63,125
1630050240,1800.52,126
1630050300,1800.87,97
1630050360,1801.06,94
1630050420,1800.97,107
1630050480,1800.92,80
1630050540,1801.10,49
1630050600,1801.18,49
1630050660,1801.45,88
1630050720,1801.22,102
1630050780,1801.20,56
1630050840,1801.10,94
1630050900,1801.47,58
1630050960,1801.28,59
1630051020,1801.38,41
1630051080,1801.39,35
1630051140,1801.57,72
1630051200,1801.59,68
1630051260,1801.25,97
1630051320,1800.57,125
1630051380,1800.49,138
1630051440,1799.70,154
1630051500,1799.23,133
1630051560,1799.31,154
1630051620,1799.39,130
1630051680,1798.86,141
1630051740,1798.58,102
1630051800,1798.68,147
1630051860,1798.53,132
1630051920,1798.65,81
1630051980,1798.49,100
1630052040,1798.27,88
1630052100,1798.18,83
1630052160,1798.19,62
1630052220,1798.56,97
1630052280,1798.47,79
1630052340,1798.71,99
1630052400,1798.18,95
1630052460,1798.09,92
1630052520,1798.02,65
1630052580,1797.65,71
1630052640,1796.67,207
1630052700,1796.53,169
1630052760,1796.73,120
1630052820,1796.10,165
1630052880,1795.85,157
1630052940,1795.87,126
1630053000,1795.80,132
1630053060,1795.54,207
1630053120,1794.98,167
1630053180,1795.33,114
1630053240,1795.20,77
1630053300,1795.30,127
1630053360,1795.39,117
1630053420,1795.50,87
1630053480,1795.60,95
1630053540,1795.13,92
1630053600,1795.33,123
1630053660,1795.23,91
1630053720,1795.30,95
1630053780,1795.69,117
1630053840,1795.75,105
1630053900,1795.80,108
1630053960,1795.49,86
1630054020,1796.06,71
1630054080,1796.16,115
1630054140,1796.49,147
1630054200,1796.65,106
1630054260,1796.35,80
1630054320,1796.83,75
1630054380,1797.17,103
1630054440,1797.12,97
1630054500,1797.04,98
1630054560,1796.94,80
1630054620,1797.04,51
1630054680,1797.08,60
1630054740,1797.08,33
1630054800,1797.01,76
1630054860,1796.93,78
1630054920,1797.20,101
1630054980,1796.75,52
1630055040,1796.93,61
1630055100,1797.28,40
1630055160,1797.02,84
1630055220,1797.16,56
1630055280,1797.21,46
1630055340,1797.28,36
1630055400,1796.85,57
1630055460,1796.86,70
1630055520,1796.88,39
1630055580,1797.03,68
1630055640,1796.94,65
1630055700,1796.69,55
1630055760,1796.74,54
1630055820,1796.37,39
1630055880,1796.25,49
1630055940,1796.37,48
1630056000,1795.96,71
1630056060,1796.36,80
1630056120,1796.09,60
1630056180,1796.02,58
1630056240,1795.89,100
1630056300,1795.82,65
1630056360,1795.81,60
1630056420,1795.80,41
1630056480,1795.62,86
1630056540,1795.91,106
1630056600,1795.68,82
1630056660,1796.02,85
1630056720,1796.08,75
1630056780,1796.07,60
1630056840,1796.06,37
1630056900,1796.33,61
1630056960,1796.23,35
1630057020,1795.94,35
1630057080,1795.94,42
1630057140,1796.13,15
1630057200,1796.03,27
1630057260,1795.94,40
1630057320,1795.75,36
1630057380,1795.66,40
1630057440,1795.89,71
1630057500,1795.77,43
1630057560,1796.17,44
1630057620,1796.12,31
1630057680,1796.03,65
1630057740,1796.13,48
1630057800,1796.31,53
1630057860,1796.31,54
1630057920,1796.11,19
1630057980,1796.10,47
1630058040,1796.56,39
1630058100,1796.39,43
1630058160,1796.25,34
1630058220,1796.54,38
1630058280,1796.49,71
1630058340,1796.92,88
1630058400,1796.47,108
1630058460,1796.39,56
1630058520,1796.18,32
1630058580,1796.37,45
1630058640,1796.50,98
1630058700,1796.53,53
1630058760,1796.39,77
1630058820,1796.37,45
1630058880,1796.11,79
1630058940,1795.86,58
1630059000,1795.78,51
1630059060,1795.76,30
1630059120,1795.68,70
1630059180,1795.70,55
1630059240,1795.67,30
1630059300,1795.74,45
1630059360,1795.49,101
1630059420,1795.29,59
1630059480,1795.28,69
1630059540,1795.59,54
1630059600,1795.67,72
1630059660,1795.67,48
1630059720,1795.67,19
1630059780,1795.77,49
1630059840,1795.96,57
1630059900,1795.12,101
1630059960,1795.32,42
1630060020,1795.65,45
1630060080,1795.37,68
1630060140,1795.46,72
1630060200,1794.98,84
1630060260,1794.90,61
1630060320,1794.93,57
1630060380,1794.91,52
1630060440,1794.79,75
1630060500,1794.82,58
1630060560,1795.06,70
1630060620,1795.07,48
1630060680,1794.97,52
1630060740,1794.78,27
1630060800,1794.84,78
1630060860,1794.62,47
1630060920,1794.81,30
1630060980,1794.81,32
1630061040,1794.80,54
1630061100,1794.89,41
1630061160,1794.99,59
1630061220,1794.80,34
1630061280,1794.81,22
1630061340,1794.81,30
1630061400,1794.90,22
1630061460,1794.92,81
1630061520,1794.84,87
1630061580,1794.77,42
1630061640,1794.66,34
1630061700,1794.47,27
1630061760,1794.56,50
1630061820,1794.56,50
1630061880,1794.38,92
1630061940,1794.58,28
1630062000,1794.20,87
1630062060,1793.54,138
1630062120,1793.50,125
1630062180,1794.05,90
1630062240,1793.98,53
1630062300,1793.41,39
1630062360,1792.75,145
1630062420,1793.15,125
1630062480,1792.86,104
1630062540,1793.14,91
1630062600,1792.95,78
1630062660,1793.15,102
1630062720,1793.15,103
1630062780,1793.04,25
1630062840,1792.85,104
1630062900,1793.03,76
1630062960,1793.47,91
1630063020,1793.69,100
1630063080,1794.20,114
1630063140,1794.22,67
1630063200,1794.35,32
1630063260,1794.42,56
1630063320,1794.44,85
1630063380,1794.83,55
1630063440,1794.60,51
1630063500,1794.64,52
1630063560,1794.44,62
1630063620,1794.63,101
1630063680,1794.86,79
1630063740,1794.77,58
1630063800,1794.97,42
1630063860,1795.00,86
1630063920,1795.07,82
1630063980,1795.32,74
1630064040,1795.69,78
1630064100,1795.34,94
1630064160,1795.39,109
1630064220,1796.04,113
1630064280,1795.65,95
1630064340,1795.64,54
1630064400,1795.81,56
1630064460,1795.90,48
1630064520,1795.48,152
1630064580,1795.39,69
1630064640,1795.31,76
1630064700,1795.21,51
1630064760,1795.31,74
1630064820,1795.96,88
1630064880,1796.04,48
1630064940,1796.03,79
1630065000,1796.11,47
1630065060,1796.16,139
1630065120,1796.00,103
1630065180,1796.42,102
1630065240,1796.14,52
1630065300,1796.05,105
1630065360,1796.16,81
1630065420,1796.20,99
1630065480,1796.47,101
1630065540,1796.66,75
1630065600,1796.94,109
1630065660,1796.84,107
1630065720,1795.69,120
1630065780,1795.92,154
1630065840,1795.64,66
1630065900,1795.84,115
1630065960,1795.08,140
1630066020,1794.99,73
1630066080,1794.79,87
1630066140,1794.90,94
1630066200,1795.15,78
1630066260,1795.67,113
1630066320,1795.62,112
1630066380,1795.30,64
1630066440,1795.08,79
1630066500,1794.89,121
1630066560,1794.89,118
1630066620,1795.09,82
1630066680,1795.53,124
1630066740,1795.25,152
1630066800,1795.58,170
1630066860,1795.72,149
1630066920,1795.86,98
1630066980,1796.34,145
1630067040,1796.27,118
1630067100,1795.47,165
1630067160,1795.04,159
1630067220,1794.63,147
1630067280,1795.06,135
1630067340,1795.29,129
1630067400,1795.51,266
1630067460,1794.82,214
1630067520,1795.18,212
1630067580,1795.58,211
1630067640,1797.42,225
1630067700,1796.68,264
1630067760,1796.58,222
1630067820,1796.65,174
1630067880,1796.33,176
1630067940,1796.71,222
1630068000,1796.69,196
1630068060,1796.45,153
1630068120,1796.43,117
1630068180,1797.45,178
1630068240,1798.06,234
1630068300,1798.14,208
1630068360,1797.77,191
1630068420,1798.01,170
1630068480,1797.60,181
1630068540,1797.66,130
1630068600,1797.88,193
1630068660,1798.53,182
1630068720,1800.04,335
1630068780,1800.14,269
1630068840,1800.27,249
1630068900,1799.67,243
1630068960,1800.07,166
1630069020,1799.31,167
1630069080,1799.37,199
1630069140,1798.57,225
1630069200,1799.07,316
1630069260,1798.48,206
1630069320,1798.17,234
1630069380,1798.18,230
1630069440,1797.24,217
1630069500,1797.62,250
1630069560,1794.55,330
1630069620,1794.66,327
1630069680,1795.98,256
1630069740,1794.77,188
1630069800,1794.68,289
1630069860,1792.62,421
1630069920,1791.68,348
1630069980,1791.53,335
1630070040,1791.76,371
1630070100,1791.15,371
1630070160,1792.30,395
1630070220,1791.92,335
1630070280,1792.05,302
1630070340,1791.86,260
1630070400,1791.31,277
1630070460,1791.78,262
1630070520,1792.34,210
1630070580,1791.95,228
1630070640,1791.05,262
1630070700,1791.07,315
1630070760,1791.46,284
1630070820,1791.00,252
1630070880,1791.78,227
1630070940,1791.26,242
1630071000,1788.65,368
1630071060,1790.17,396
1630071120,1790.98,378
1630071180,1790.44,370
1630071240,1789.72,340
1630071300,1790.29,355
1630071360,1789.64,365
1630071420,1789.62,305
1630071480,1789.57,351
1630071540,1788.68,412
1630071600,1789.60,411
1630071660,1788.72,370
1630071720,1789.07,366
1630071780,1788.80,277
1630071840,1788.67,294
1630071900,1790.27,303
1630071960,1790.87,351
1630072020,1789.59,272
1630072080,1791.27,293
1630072140,1792.43,377
1630072200,1792.88,378
1630072260,1793.83,323
1630072320,1794.52,399
1630072380,1794.56,382
1630072440,1793.84,389
1630072500,1792.81,328
1630072560,1792.01,343
1630072620,1792.96,292
1630072680,1793.21,237
1630072740,1792.36,268
1630072800,1798.13,534
1630072860,1799.92,499
1630072920,1799.60,505
1630072980,1796.24,496
1630073040,1795.32,464
1630073100,1795.70,475
1630073160,1797.96,494
1630073220,1796.70,403
1630073280,1796.98,425
1630073340,1798.08,426
1630073400,1798.53,438
1630073460,1799.84,451
1630073520,1800.90,444
1630073580,1802.87,470
1630073640,1802.45,435
1630073700,1805.44,461
1630073760,1805.21,483
1630073820,1804.17,443
1630073880,1804.84,444
1630073940,1805.07,411
1630074000,1803.49,448
1630074060,1801.36,460
1630074120,1800.73,440
1630074180,1802.14,428
1630074240,1801.04,308
1630074300,1802.21,311
1630074360,1801.72,340
1630074420,1799.88,399
1630074480,1800.47,368
1630074540,1801.90,336
1630074600,1802.08,363
1630074660,1800.59,313
1630074720,1801.51,266
1630074780,1802.76,235
1630074840,1803.37,278
1630074900,1803.47,225
1630074960,1803.18,284
1630075020,1802.93,303
1630075080,1803.85,253
1630075140,1804.33,262
1630075200,1804.82,344
1630075260,1805.25,286
1630075320,1804.89,318
1630075380,1805.77,279
1630075440,1807.17,331
1630075500,1807.30,401
1630075560,1807.92,354
1630075620,1808.52,343
1630075680,1808.07,315
1630075740,1806.19,388
1630075800,1806.96,342
1630075860,1806.55,313
1630075920,1807.16,327
1630075980,1807.33,338
1630076040,1808.81,399
1630076100,1808.29,415
1630076160,1808.18,295
1630076220,1807.25,334
1630076280,1807.36,332
1630076340,1807.78,290
1630076400,1808.67,276
1630076460,1807.02,303
1630076520,1807.21,329
1630076580,1807.20,294
1630076640,1807.21,244
1630076700,1807.06,191
1630076760,1806.86,160
1630076820,1806.02,264
1630076880,1806.19,248
1630076940,1806.61,237
1630077000,1807.47,264
1630077060,1806.74,189
1630077120,1807.04,204
1630077180,1807.45,185
1630077240,1807.62,168
1630077300,1807.13,170
1630077360,1807.16,177
1630077420,1807.55,147
1630077480,1807.93,204
1630077540,1808.01,233
1630077600,1807.73,194
1630077660,1807.19,152
1630077720,1807.16,153
1630077780,1807.59,136
1630077840,1807.23,102
1630077900,1807.38,103
1630077960,1807.57,127
1630078020,1807.73,140
1630078080,1807.64,126
1630078140,1807.23,174
1630078200,1807.68,174
1630078260,1807.59,146
1630078320,1807.98,121
1630078380,1807.95,142
1630078440,1808.46,169
1630078500,1808.53,145
1630078560,1807.88,208
1630078620,1807.87,129
1630078680,1808.26,126
1630078740,1808.15,133
1630078800,1808.29,151
1630078860,1808.36,108
1630078920,1808.85,135
1630078980,1809.02,115
1630079040,1808.74,189
1630079100,1810.39,301
1630079160,1809.93,233
1630079220,1810.55,185
1630079280,1811.45,252
1630079340,1811.84,252
1630079400,1811.53,201
1630079460,1811.24,159
1630079520,1811.14,142
1630079580,1811.14,110
1630079640,1811.36,93
1630079700,1811.52,113
1630079760,1812.04,112
1630079820,1812.96,159
1630079880,1813.03,228
1630079940,1812.97,176
1630080000,1813.96,257
1630080060,1814.10,179
1630080120,1813.56,173
1630080180,1813.65,152
1630080240,1813.82,161
1630080300,1814.31,152
1630080360,1814.62,142
1630080420,1814.50,210
1630080480,1814.31,153
1630080540,1814.72,144
1630080600,1814.50,167
1630080660,1814.50,130
1630080720,1814.78,107
1630080780,1814.51,131
1630080840,1814.58,138
1630080900,1814.84,112
1630080960,1814.72,125
1630081020,1813.85,159
1630081080,1813.45,188
1630081140,1814.02,170
1630081200,1814.05,151
1630081260,1814.33,118
1630081320,1814.33,126
1630081380,1814.55,150
1630081440,1814.33,129
1630081500,1814.56,149
1630081560,1814.62,90
1630081620,1814.54,71
1630081680,1814.43,97
1630081740,1814.44,85
1630081800,1815.55,115
1630081860,1815.87,165
1630081920,1815.58,176
1630081980,1815.45,118
1630082040,1815.16,109
1630082100,1815.07,92
1630082160,1814.58,56
1630082220,1814.54,111
1630082280,1814.84,58
1630082340,1814.57,89
1630082400,1815.26,153
1630082460,1815.60,133
1630082520,1815.57,118
1630082580,1816.68,215
1630082640,1816.40,161
1630082700,1816.48,181
1630082760,1816.37,110
1630082820,1816.32,105
1630082880,1816.52,126
1630082940,1816.61,129
1630083000,1816.80,89
1630083060,1817.00,144
1630083120,1815.72,185
1630083180,1815.87,162
1630083240,1816.26,92
1630083300,1816.74,95
1630083360,1816.67,86
1630083420,1816.62,122
1630083480,1816.81,162
1630083540,1816.92,135
1630083600,1816.93,124
1630083660,1816.85,119
1630083720,1816.92,108
1630083780,1816.22,146
1630083840,1816.03,79
1630083900,1815.71,130
1630083960,1816.30,107
1630084020,1816.49,82
1630084080,1816.49,92
1630084140,1816.77,55
1630084200,1816.95,93
1630084260,1816.88,74
1630084320,1816.79,55
1630084380,1816.89,77
1630084440,1816.89,100
1630084500,1816.70,64
1630084560,1816.67,88
1630084620,1816.45,63
1630084680,1816.55,71
1630084740,1816.23,102
1630084800,1816.11,90
1630084860,1815.74,68
1630084920,1815.35,105
1630084980,1815.74,114
1630085040,1816.23,123
1630085100,1816.08,131
1630085160,1816.05,94
1630085220,1816.09,70
1630085280,1815.88,100
1630085340,1817.09,270
1630085400,1816.81,220
1630085460,1817.08,171
1630085520,1817.49,79
1630085580,1817.46,57
1630085640,1817.26,33
1630085700,1817.63,83
1630085760,1817.73,97
1630085820,1817.63,60
1630085880,1817.65,74
1630085940,1818.02,104
1630086000,1817.83,95
1630086060,1818.01,72
1630086120,1818.51,136
1630086180,1818.41,85
1630086240,1818.69,96
1630086300,1818.40,100
1630086360,1818.40,113
1630086420,1818.46,72
1630086480,1818.04,104
1630086540,1818.03,19
1630086600,1817.58,82
1630086660,1817.56,70
1630086720,1817.36,58
1630086780,1816.75,56
1630086840,1816.83,97
1630086900,1817.37,68
1630086960,1817.66,58
1630087020,1817.94,45
1630087080,1817.65,65
1630087140,1818.03,117
1630087200,1817.38,108
1630087260,1816.70,96
1630087320,1816.60,100
1630087380,1816.58,58
1630087440,1816.29,71
1630087500,1817.14,128
1630087560,1816.96,90
1630087620,1816.95,73
1630087680,1817.18,76
1630087740,1816.98,66
1630087800,1816.88,74
1630087860,1816.97,43
1630087920,1816.76,49
1630087980,1816.93,74
1630088040,1816.91,56
1630088100,1816.82,43
1630088160,1816.34,98
1630088220,1816.29,67
1630088280,1816.51,58
1630088340,1816.73,81
1630088400,1817.30,66
1630088460,1816.79,111
1630088520,1817.11,96
1630088580,1817.32,60
1630088640,1817.61,87
1630088700,1817.78,64
1630088760,1817.43,61
1630088820,1817.66,105
1630088880,1817.81,62
1630088940,1818.06,93
1630089000,1818.26,76
1630089060,1818.03,49
1630089120,1817.73,57
1630089180,1818.42,50
1630089240,1818.32,78
1630089300,1818.33,45
1630089360,1818.32,48
1630089420,1818.23,18
1630089480,1818.14,44
1630089540,1817.86,45
1630089600,1817.66,50
1630089660,1817.91,61
1630089720,1818.10,33
1630089780,1818.20,53
1630089840,1818.00,82
1630089900,1817.67,52
1630089960,1817.23,28
1630090020,1817.28,41
1630090080,1817.58,45
1630090140,1818.01,58
1630090200,1818.19,40
1630090260,1817.70,54
1630090320,1817.60,28
1630090380,1817.41,51
1630090440,1817.32,48
1630090500,1817.42,45
1630090560,1817.61,50
1630090620,1817.32,53
1630090680,1817.29,66
1630090740,1817.67,122
1630090800,1817.39,134
1630090860,1817.40,57
1630090920,1817.77,25
1630090980,1817.77,33
1630091040,1818.05,54
1630091100,1817.56,52
1630091160,1817.46,57
1630091220,1817.46,31
1630091280,1817.57,34
1630091340,1817.65,25
1630091400,1818.20,85
1630091460,1818.30,80
1630091520,1817.99,80
1630091580,1817.78,50
1630091640,1817.86,91
1630091700,1818.17,89
1630091760,1818.08,90
1630091820,1818.04,99
1630091880,1818.42,78
1630091940,1818.24,95
1630092000,1818.51,87
1630092060,1818.51,70
1630092120,1818.50,79
1630092180,1818.60,82
1630092240,1818.40,48
1630092300,1818.42,66
1630092360,1818.13,72
1630092420,1818.24,52
1630092480,1818.25,52
1630092540,1818.45,74
1630092600,1818.39,99
1630092660,1818.08,79
1630092720,1818.08,60
1630092780,1817.85,48
1630092840,1817.79,93
1630092900,1818.08,135
1630092960,1818.17,70
1630093020,1817.98,58
1630093080,1818.08,67
1630093140,1818.26,98
1630093200,1818.27,68
1630093260,1818.26,38
1630093320,1818.26,78
1630093380,1818.26,60
1630093440,1818.16,40
1630093500,1818.42,76
1630093560,1818.32,39
1630093620,1818.32,24
1630093680,1818.42,38
1630093740,1818.40,65
1630093800,1818.54,45
1630093860,1818.73,74
1630093920,1818.76,110
1630093980,1818.81,70
1630094040,1818.66,94
1630094100,1818.37,98
1630094160,1818.60,107
1630094220,1818.33,113
1630094280,1819.09,119
1630094340,1819.03,236
1630094400,1818.40,121
1630094460,1818.83,52
1630094520,1819.06,44
1630094580,1818.57,44
1630094640,1818.45,21
1630094700,1818.48,29
1630094760,1818.54,38
1630094820,1818.51,62
1630094880,1818.51,23
1630094940,1818.59,18
1630095000,1818.80,25
1630095060,1818.77,18
1630095120,1818.69,18
1630095180,1818.58,4
1630095240,1818.77,16
1630095300,1818.76,8
1630095360,1818.73,7
1630095420,1818.67,10
1630095480,1818.49,14
1630095540,1818.20,16
1630095600,1818.39,16
1630095660,1818.39,11
1630095780,1818.29,8
1630095840,1818.39,14
1630095900,1818.48,8
1630095960,1818.38,5
1630096020,1818.30,27
1630096080,1818.21,12
1630096140,1818.21,16
1630096200,1818.56,65
1630096260,1818.17,18
1630096320,1818.10,23
1630096380,1818.10,17
1630096440,1818.24,10
1630096500,1818.50,17
1630096560,1818.24,22
1630096620,1818.32,20
1630096680,1818.42,22
1630096740,1818.32,5
1630096800,1818.41,10
1630096860,1818.45,2
1630096920,1818.42,11
1630096980,1818.22,32
1630097040,1818.21,33
1630097100,1818.19,35
1630097160,1818.08,36
1630097220,1818.08,33
1630097280,1817.70,34
1630097340,1817.60,36
1630097400,1817.87,45
1630097460,1817.95,23
1630097520,1817.86,20
1630097580,1817.96,46
1630097640,1817.87,35
1630097700,1818.11,64
1630097760,1818.22,33
1630274520,1817.80,94
1630274580,1817.91,48
1630274640,1818.05,91
1630274700,1817.93,80
1630274760,1818.26,134
1630274820,1818.24,89
1630274880,1818.37,85
1630274940,1818.44,53
1630275000,1818.28,41
1630275060,1818.44,45
1630275120,1818.76,85
1630275180,1818.65,62
1630275240,1818.94,46
1630275300,1818.49,36
1630275360,1818.49,53
1630275420,1818.50,36
1630275480,1818.42,28
1630275540,1818.42,6
1630275600,1818.62,24
1630275660,1818.53,22
1630275720,1818.52,8
1630275780,1818.71,23
1630275840,1818.81,35
1630275900,1818.70,20
1630275960,1818.99,49
1630276020,1818.55,56
1630276080,1818.46,8
1630276140,1818.55,23
1630276200,1818.24,33
1630276260,1818.09,34
1630276320,1818.10,8
1630276380,1818.01,26
1630276440,1817.97,18
1630276500,1817.79,64
1630276560,1817.75,20
1630276620,1817.64,36
1630276680,1817.54,21
1630276740,1817.75,44
1630276800,1817.74,22
1630276860,1817.74,10
1630276920,1818.02,30
1630276980,1817.83,31
1630277040,1817.93,19
1630277100,1817.83,15
1630277160,1817.83,16
1630277220,1817.51,44
1630277280,1817.68,39
1630277340,1817.58,57
1630277400,1817.66,38
1630277460,1817.66,26
1630277520,1817.93,23
1630277580,1817.76,30
1630277640,1817.76,17
1630277700,1817.54,21
1630277760,1817.93,37
1630277820,1817.65,28
1630277880,1817.71,16
1630277940,1817.85,30
1630278000,1817.84,59
1630278060,1817.99,8
1630278120,1818.03,18
1630278180,1818.03,9
1630278240,1818.03,5
1630278300,1818.12,27
1630278360,1818.12,14
1630278420,1818.12,15
1630278480,1818.12,13
1630278540,1818.03,17
1630278600,1817.77,45
1630278660,1817.87,21
1630278720,1818.06,37
1630278780,1818.07,10
1630278840,1818.07,3
1630278900,1818.08,28
1630278960,1817.89,23
1630279020,1817.98,28
1630279080,1817.91,30
1630279140,1818.11,25
1630279200,1818.11,21
1630279260,1818.20,19
1630279320,1818.06,13
1630279380,1818.12,18
1630279440,1818.22,20
1630279500,1818.03,18
1630279560,1818.03,18
1630279620,1818.03,16
1630279680,1817.94,14
1630279740,1817.94,13
1630279800,1817.94,8
1630279860,1817.94,7
1630279920,1818.02,14
1630279980,1817.92,26
1630280040,1818.19,51
1630280100,1818.30,29
1630280160,1818.32,17
1630280220,1818.32,14
1630280280,1817.93,32
1630280340,1817.66,56
1630280400,1817.76,31
1630280460,1818.09,61
1630280520,1818.29,44
1630280580,1818.31,25
1630280640,1818.47,38
1630280700,1818.61,45
1630280760,1818.49,22
1630280820,1818.88,16
1630280880,1818.64,33
1630280940,1818.70,19
1630281000,1818.62,8
1630281060,1818.61,5
1630281120,1818.62,42
1630281180,1818.62,25
1630281240,1818.63,20
1630281300,1818.64,43
1630281360,1818.44,18
1630281420,1818.44,4
1630281480,1818.45,1
1630281540,1818.45,6
1630281600,1819.01,61
1630281660,1818.58,122
1630281720,1818.13,57
1630281780,1817.90,81
1630281840,1817.98,82
1630281900,1817.71,65
1630281960,1817.63,76
1630282020,1817.70,51
1630282080,1817.70,38
1630282140,1817.53,61
1630282200,1817.53,42
1630282260,1817.63,64
1630282320,1817.73,82
1630282380,1817.73,76
1630282440,1817.63,64
1630282500,1817.54,91
1630282560,1818.28,88
1630282620,1818.35,71
1630282680,1818.33,103
1630282740,1818.57,75
1630282800,1819.21,80
1630282860,1819.24,128
1630282920,1819.12,125
1630282980,1819.09,89
1630283040,1819.18,85
1630283100,1819.17,57
1630283160,1818.71,86
1630283220,1819.01,58
1630283280,1819.11,33
1630283340,1819.43,48
1630283400,1819.74,124
1630283460,1819.91,57
1630283520,1820.17,92
1630283580,1820.37,76
1630283640,1819.78,95
1630283700,1820.39,69
1630283760,1820.30,85
1630283820,1819.93,89
1630283880,1819.74,47
1630283940,1819.51,62
1630284000,1819.82,87
1630284060,1820.14,126
1630284120,1819.79,55
1630284180,1819.78,46
1630284240,1819.89,34
1630284300,1820.03,90
1630284360,1820.07,64
1630284420,1820.24,101
1630284480,1820.23,83
1630284540,1820.28,60
1630284600,1820.26,47
1630284660,1820.57,97
1630284720,1820.40,99
1630284780,1821.06,137
1630284840,1820.99,161
1630284900,1820.67,71
1630284960,1820.98,124
1630285020,1820.93,153
1630285080,1820.94,46
1630285140,1820.99,137
1630285200,1821.72,372
1630285260,1821.95,268
1630285320,1821.93,234
1630285380,1820.96,237
1630285440,1822.06,248
1630285500,1822.57,260
1630285560,1822.50,249
1630285620,1823.16,219
1630285680,1822.55,159
1630285740,1822.44,159
1630285800,1822.85,214
1630285860,1822.64,189
1630285920,1822.26,116
1630285980,1822.19,145
1630286040,1821.95,148
1630286100,1821.76,130
1630286160,1821.32,109
1630286220,1821.10,111
1630286280,1821.61,150
1630286340,1821.08,116
1630286400,1820.52,98
1630286460,1820.51,131
1630286520,1820.16,144
1630286580,1820.28,129
1630286640,1821.33,151
1630286700,1821.01,142
1630286760,1821.09,179
1630286820,1820.02,265
1630286880,1820.11,176
1630286940,1819.92,137
1630287000,1819.55,205
1630287060,1819.70,110
1630287120,1819.34,129
1630287180,1819.30,131
1630287240,1819.11,123
1630287300,1818.43,179
1630287360,1818.33,216
1630287420,1817.72,148
1630287480,1819.53,232
1630287540,1818.28,221
1630287600,1817.91,224
1630287660,1817.19,260
1630287720,1816.67,312
1630287780,1817.01,290
1630287840,1817.63,151
1630287900,1817.24,214
1630287960,1816.53,198
1630288020,1816.47,166
1630288080,1817.07,107
1630288140,1817.06,129
1630288200,1817.46,124
1630288260,1817.55,170
1630288320,1817.56,142
1630288380,1817.38,165
1630288440,1817.07,171
1630288500,1817.25,172
1630288560,1817.29,174
1630288620,1817.45,161
1630288680,1817.44,196
1630288740,1817.59,224
1630288800,1817.32,234
1630288860,1817.58,122
1630288920,1818.03,148
1630288980,1817.81,115
1630289040,1818.20,166
1630289100,1818.65,190
1630289160,1818.45,214
1630289220,1818.23,163
1630289280,1818.24,142
1630289340,1817.70,161
1630289400,1818.05,108
1630289460,1818.08,131
1630289520,1817.92,179
1630289580,1817.93,155
1630289640,1817.34,154
1630289700,1817.21,118
1630289760,1817.07,95
1630289820,1817.29,111
1630289880,1817.54,128
1630289940,1816.90,113
1630290000,1816.44,122
1630290060,1816.49,137
1630290120,1816.56,115
1630290180,1816.49,154
1630290240,1816.17,132
1630290300,1816.04,161
1630290360,1815.80,174
1630290420,1815.83,157
1630290480,1815.94,128
1630290540,1816.23,100
1630290600,1816.44,255
1630290660,1816.77,157
1630290720,1816.90,122
1630290780,1816.07,121
1630290840,1816.05,102
1630290900,1815.77,140
1630290960,1815.76,141
1630291020,1815.56,94
1630291080,1815.12,134
1630291140,1815.01,148
1630291200,1815.10,148
1630291260,1815.17,144
1630291320,1815.07,68
1630291380,1814.48,179
1630291440,1814.50,109
1630291500,1814.57,147
1630291560,1814.56,139
1630291620,1814.62,67
1630291680,1815.04,127
1630291740,1815.10,185
1630291800,1814.90,127
1630291860,1814.52,136
1630291920,1814.64,73
1630291980,1814.46,43
1630292040,1814.63,116
1630292100,1814.25,146
1630292160,1813.72,193
1630292220,1813.99,163
1630292280,1813.78,141
1630292340,1813.61,222
1630292400,1813.43,166
1630292460,1814.29,184
1630292520,1813.82,145
1630292580,1814.05,122
1630292640,1814.36,157
1630292700,1814.69,158
1630292760,1814.54,123
1630292820,1814.83,79
1630292880,1815.14,124
1630292940,1815.05,105
1630293000,1814.95,108
1630293060,1815.28,104
1630293120,1815.22,134
1630293180,1815.01,75
1630293240,1815.12,92
1630293300,1814.94,120
1630293360,1815.06,138
1630293420,1815.00,121
1630293480,1814.89,150
1630293540,1814.83,152
1630293600,1814.65,128
1630293660,1814.52,128
1630293720,1814.75,111
1630293780,1814.74,101
1630293840,1814.86,105
1630293900,1814.80,84
1630293960,1814.76,74
1630294020,1814.48,51
1630294080,1814.58,95
1630294140,1814.56,62
1630294200,1814.66,50
1630294260,1814.83,49
1630294320,1815.31,79
1630294380,1815.47,72
1630294440,1815.39,77
1630294500,1815.39,65
1630294560,1815.43,60
1630294620,1815.65,51
1630294680,1815.40,65
1630294740,1815.45,52
1630294800,1815.35,30
1630294860,1815.36,19
1630294920,1815.25,40
1630294980,1815.11,44
1630295040,1815.43,72
1630295100,1815.26,47
1630295160,1815.19,37
1630295220,1815.27,30
1630295280,1815.29,22
1630295340,1815.28,34
1630295400,1815.08,32
1630295460,1815.21,21
1630295520,1815.07,30
1630295580,1814.97,48
1630295640,1815.06,43
1630295700,1814.97,21
1630295760,1814.97,43
1630295820,1814.96,39
1630295880,1814.97,46
1630295940,1815.13,56
1630296000,1814.74,34
1630296060,1814.64,37
1630296120,1814.45,30
1630296180,1814.64,14
1630296240,1814.55,24
1630296300,1814.64,34
1630296360,1814.83,22
1630296420,1815.02,31
1630296480,1815.01,37
1630296540,1815.01,22
1630296600,1815.01,37
1630296660,1814.83,29
1630296720,1814.82,38
1630296780,1814.82,32
1630296840,1814.91,40
1630296900,1815.00,53
1630296960,1814.92,28
1630297020,1815.11,48
1630297080,1815.11,25
1630297140,1815.64,89
1630297200,1815.52,83
1630297260,1815.65,82
1630297320,1815.69,69
1630297380,1815.81,67
1630297440,1815.96,64
1630297500,1815.90,73
1630297560,1815.98,59
1630297620,1816.08,20
1630297680,1815.91,29
1630297740,1815.73,11
1630297800,1815.83,45
1630297860,1815.54,42
1630297920,1815.63,40
1630297980,1815.66,54
1630298040,1815.63,42
1630298100,1816.13,98
1630298160,1816.13,58
1630298220,1815.85,87
1630298280,1816.11,78
1630298340,1816.20,63
1630298400,1816.29,88
1630298460,1816.26,102
1630298520,1816.28,30
1630298580,1815.86,79
1630298640,1815.83,32
1630298700,1815.88,63
1630298760,1815.98,31
1630298820,1815.93,28
1630298880,1815.93,7
1630298940,1815.94,5
1630299000,1815.92,53
1630299060,1815.86,36
1630299120,1815.93,51
1630299180,1815.91,28
1630299240,1816.08,27
1630299300,1816.21,21
1630299360,1816.21,20
1630299420,1816.13,21
1630299480,1816.19,31
1630299540,1816.12,22
1630299600,1816.18,33
1630299660,1816.19,26
1630299720,1816.12,47
1630299780,1816.13,30
1630299840,1816.34,56
1630299900,1816.52,30
1630299960,1816.30,50
1630300020,1816.05,66
1630300080,1816.11,74
1630300140,1816.20,53
1630300200,1816.21,52
1630300260,1816.30,52
1630300320,1816.37,60
1630300380,1816.48,52
1630300440,1816.27,43
1630300500,1816.07,85
1630300560,1815.83,73
1630300620,1816.00,60
1630300680,1816.25,85
1630300740,1816.28,51
1630300800,1816.14,53
1630300860,1816.28,76
1630300920,1816.31,45
1630300980,1816.34,45
1630301040,1816.64,69
1630301100,1816.61,49
1630301160,1816.51,30
1630301220,1816.43,46
1630301280,1816.76,52
1630301340,1817.13,95
1630301400,1817.70,246
1630301460,1817.74,148
1630301520,1817.78,168
1630301580,1817.88,132
1630301640,1817.93,106
1630301700,1817.58,92
1630301760,1817.65,123
1630301820,1817.22,128
1630301880,1817.41,185
1630301940,1817.18,178
1630302000,1816.49,184
1630302060,1816.29,167
1630302120,1816.21,174
1630302180,1816.20,111
1630302240,1816.19,82
1630302300,1815.87,93
1630302360,1815.58,127
1630302420,1815.58,94
1630302480,1815.65,140
1630302540,1815.16,120
1630302600,1815.16,122
1630302660,1815.54,165
1630302720,1815.21,89
1630302780,1815.09,109
1630302840,1815.17,119
1630302900,1814.93,108
1630302960,1815.13,174
1630303020,1815.12,106
1630303080,1814.96,107
1630303140,1815.12,71
1630303200,1814.90,185
1630303260,1814.76,180
1630303320,1814.81,146
1630303380,1814.38,126
1630303440,1814.27,118
1630303500,1814.23,73
1630303560,1814.32,114
1630303620,1814.15,62
1630303680,1813.92,134
1630303740,1813.75,100
1630303800,1813.70,172
1630303860,1813.37,117
1630303920,1813.35,144
1630303980,1813.35,132
1630304040,1813.34,158
1630304100,1813.45,153
1630304160,1814.22,171
1630304220,1813.95,149
1630304280,1814.18,119
1630304340,1814.63,126
1630304400,1814.95,120
1630304460,1814.68,107
1630304520,1814.44,47
1630304580,1814.62,87
1630304640,1814.33,68
1630304700,1814.08,38
1630304760,1814.09,62
1630304820,1814.39,82
1630304880,1814.60,87
1630304940,1813.96,129
1630305000,1814.44,118
1630305060,1813.97,97
1630305120,1813.95,86
1630305180,1814.12,26
1630305240,1813.77,99
1630305300,1813.79,121
1630305360,1813.76,95
1630305420,1813.21,116
1630305480,1813.24,158
1630305540,1813.72,138
1630305600,1813.32,164
1630305660,1812.97,136
1630305720,1813.32,163
1630305780,1813.62,113
1630305840,1813.69,79
1630305900,1813.81,118
1630305960,1813.77,120
1630306020,1813.96,124
1630306080,1814.19,86
1630306140,1814.03,131
1630306200,1814.27,119
1630306260,1814.40,97
1630306320,1814.17,105
1630306380,1814.24,118
1630306440,1814.37,139
1630306500,1814.04,138
1630306560,1814.13,177
1630306620,1813.88,105
1630306680,1814.44,159
1630306740,1814.45,210
1630306800,1814.03,167
1630306860,1814.01,77
1630306920,1814.32,82
1630306980,1814.43,93
1630307040,1814.66,120
1630307100,1814.81,75
1630307160,1814.49,136
1630307220,1814.51,107
1630307280,1814.19,86
1630307340,1814.10,127
1630307400,1814.10,72
1630307460,1814.19,73
1630307520,1814.09,67
1630307580,1813.81,63
1630307640,1814.20,62
1630307700,1814.21,96
1630307760,1814.47,70
1630307820,1813.82,128
1630307880,1813.86,101
1630307940,1813.67,157
1630308000,1813.70,109
1630308060,1813.65,106
1630308120,1813.88,76
1630308180,1813.93,92
1630308240,1813.69,80
1630308300,1813.91,57
1630308360,1813.89,70
1630308420,1814.07,33
1630308480,1813.97,53
1630308540,1813.88,33
1630308600,1813.50,68
1630308660,1813.49,74
1630308720,1813.31,113
1630308780,1813.20,63
1630308840,1813.20,85
1630308900,1813.65,93
1630308960,1813.90,59
1630309020,1814.06,32
1630309080,1813.91,68
1630309140,1813.75,67
1630309200,1813.70,84
1630309260,1813.39,77
1630309320,1813.58,41
1630309380,1813.20,67
1630309440,1813.02,94
1630309500,1814.12,131
1630309560,1814.08,97
1630309620,1814.15,62
1630309680,1814.21,71
1630309740,1814.13,89
1630309800,1814.28,88
1630309860,1814.39,50
1630309920,1814.40,32
1630309980,1814.41,55
1630310040,1814.56,68
1630310100,1814.56,61
1630310160,1814.65,28
1630310220,1814.64,54
1630310280,1814.72,74
1630310340,1815.12,84
1630310400,1814.34,136
1630310460,1814.68,102
1630310520,1814.34,134
1630310580,1814.37,61
1630310640,1814.32,78
1630310700,1813.92,68
1630310760,1813.93,92
1630310820,1813.83,53
1630310880,1814.02,68
1630310940,1814.02,26
1630311000,1813.91,51
1630311060,1813.90,45
1630311120,1813.79,35
1630311180,1814.14,92
1630311240,1814.40,52
1630311300,1814.55,43
1630311360,1814.80,48
1630311420,1814.87,69
1630311480,1814.96,90
1630311540,1814.98,92
1630311600,1814.85,109
1630311660,1815.13,101
1630311720,1814.79,60
1630311780,1814.92,79
1630311840,1815.02,81
1630311900,1814.95,63
1630311960,1815.17,55
1630312020,1815.20,60
1630312080,1815.53,64
1630312140,1815.16,107
1630312200,1814.93,65
1630312260,1815.27,67
1630312320,1815.15,70
1630312380,1815.19,104
1630312440,1815.14,51
1630312500,1815.17,52
1630312560,1815.18,98
1630312620,1814.97,64
1630312680,1815.59,138
1630312740,1815.50,92
1630312800,1814.89,76
1630312860,1814.74,120
1630312920,1814.82,54
1630312980,1814.87,59
1630313040,1814.90,96
1630313100,1814.98,49
1630313160,1814.93,59
1630313220,1814.57,64
1630313280,1814.19,118
1630313340,1814.36,102
1630313400,1814.76,69
1630313460,1815.06,70
1630313520,1814.68,137
1630313580,1814.64,105
1630313640,1814.80,80
1630313700,1814.89,84
1630313760,1815.19,58
1630313820,1815.09,71
1630313880,1815.06,37
1630313940,1814.99,38
1630314000,1815.36,74
1630314060,1815.08,67
1630314120,1814.69,117
1630314180,1814.58,73
1630314240,1814.82,79
1630314300,1814.54,68
1630314360,1814.45,37
1630314420,1814.74,41
1630314480,1814.79,41
1630314540,1814.83,64
1630314600,1815.01,60
1630314660,1814.92,36
1630314720,1814.71,61
1630314780,1814.74,18
1630314840,1814.97,44
1630314900,1815.12,42
1630314960,1815.03,48
1630315020,1814.86,57
1630315080,1815.11,29
1630315140,1814.92,54
1630315200,1814.96,43
1630315260,1815.14,27
1630315320,1815.26,23
1630315380,1815.19,40
1630315440,1815.22,47
1630315500,1815.61,56
1630315560,1815.56,61
1630315620,1815.53,46
1630315680,1815.56,47
1630315740,1815.44,35
1630315800,1815.06,66
1630315860,1815.06,70
1630315920,1815.25,53
1630315980,1814.98,61
1630316040,1815.15,63
1630316100,1815.34,75
1630316160,1815.53,40
1630316220,1815.68,52
1630316280,1815.74,31
1630316340,1815.24,65
1630316400,1815.20,79
1630316460,1815.42,43
1630316520,1815.42,46
1630316580,1815.69,52
1630316640,1815.32,72
1630316700,1815.49,51
1630316760,1815.24,29
1630316820,1815.03,60
1630316880,1815.09,66
1630316940,1815.32,30
1630317000,1815.03,40
1630317060,1815.05,80
1630317120,1814.95,53
1630317180,1814.92,24
1630317240,1814.96,48
1630317300,1814.88,58
1630317360,1815.83,130
1630317420,1815.95,80
1630317480,1816.01,16
1630317540,1815.93,56
1630317600,1815.78,46
1630317660,1815.95,47
1630317720,1816.55,105
1630317780,1816.68,55
1630317840,1816.01,104
1630317900,1816.10,95
1630317960,1815.80,55
1630318020,1815.69,38
1630318080,1815.32,71
1630318140,1815.22,80
1630318200,1815.28,26
1630318260,1815.21,65
1630318320,1815.20,41
1630318380,1815.21,41
1630318440,1815.17,69
1630318500,1815.40,105
1630318560,1815.27,49
1630318620,1815.56,53
1630318680,1815.59,16
1630318740,1815.68,37
1630318800,1815.93,69
1630318860,1815.77,59
1630318920,1816.15,46
1630318980,1816.07,36
1630319040,1816.22,72
1630319100,1816.25,68
1630319160,1816.34,64
1630319220,1816.23,65
1630319280,1816.39,66
1630319340,1816.42,45
1630319400,1815.89,100
1630319460,1815.89,74
1630319520,1816.23,70
1630319580,1816.12,40
1630319640,1815.79,61
1630319700,1815.79,41
1630319760,1815.81,23
1630319820,1815.97,25
1630319880,1815.82,77
1630319940,1815.85,46
1630320000,1815.78,60
1630320060,1816.19,57
1630320120,1816.18,58
1630320180,1816.03,42
1630320240,1815.97,67
1630320300,1816.07,58
1630320360,1816.24,50
1630320420,1816.28,30
1630320480,1816.15,48
1630320540,1816.05,76
1630320600,1816.17,48
1630320660,1816.16,27
1630320720,1816.17,6
1630320780,1816.28,58
1630320840,1816.35,35
1630320900,1816.05,57
1630320960,1816.30,61
1630321020,1816.35,70
1630321080,1816.38,70
1630321140,1816.37,77
1630321200,1816.14,57
1630321260,1816.07,52
1630321320,1815.99,60
1630321380,1816.01,34
1630321440,1815.93,86
1630321500,1815.93,56
1630321560,1815.85,47
1630321620,1816.40,97
1630321680,1816.44,75
1630321740,1816.35,64
1630321800,1816.35,50
1630321860,1816.44,32
1630321920,1816.54,41
1630321980,1816.45,59
1630322040,1816.10,108
1630322100,1815.88,104
1630322160,1815.50,101
1630322220,1815.50,46
1630322280,1815.41,49
1630322340,1815.86,88
1630322400,1815.80,112
1630322460,1815.91,98
1630322520,1815.96,73
1630322580,1815.97,46
1630322640,1816.31,71
1630322700,1816.60,31
1630322760,1816.69,84
1630322820,1817.29,111
1630322880,1817.12,76
1630322940,1816.86,92
1630323000,1817.11,67
1630323060,1816.93,71
1630323120,1817.37,77
1630323180,1817.03,76
1630323240,1817.23,68
1630323300,1817.30,88
1630323360,1817.33,93
1630323420,1817.24,44
1630323480,1817.50,54
1630323540,1817.10,86
1630323600,1817.05,81
1630323660,1816.93,89
1630323720,1816.79,86
1630323780,1817.12,49
1630323840,1816.72,73
1630323900,1816.73,41
1630323960,1816.84,29
1630324020,1816.96,57
1630324080,1817.07,94
1630324140,1817.24,53
1630324200,1817.35,23
1630324260,1817.32,78
1630324320,1817.34,66
1630324380,1817.34,63
1630324440,1817.34,50
1630324500,1817.25,97
1630324560,1817.22,77
1630324620,1816.93,70
1630324680,1817.63,112
1630324740,1817.17,123
1630324800,1816.77,152
1630324860,1816.68,162
1630324920,1817.18,150
1630324980,1817.27,127
1630325040,1816.92,148
1630325100,1816.84,101
1630325160,1816.61,141
1630325220,1816.69,122
1630325280,1816.28,111
1630325340,1816.19,76
1630325400,1815.93,102
1630325460,1816.42,89
1630325520,1816.49,116
1630325580,1816.98,104
1630325640,1816.55,123
1630325700,1816.80,126
1630325760,1816.46,106
1630325820,1816.55,125
1630325880,1816.09,156
1630325940,1816.21,120
1630326000,1816.43,277
1630326060,1815.87,186
1630326120,1815.82,119
1630326180,1815.78,146
1630326240,1816.26,122
1630326300,1815.96,166
1630326360,1816.11,159
1630326420,1816.58,117
1630326480,1815.99,141
1630326540,1816.08,178
1630326600,1815.43,226
1630326660,1816.88,183
1630326720,1816.77,198
1630326780,1816.17,131
1630326840,1816.19,103
1630326900,1815.89,145
1630326960,1815.34,137
1630327020,1815.11,140
1630327080,1815.36,153
1630327140,1815.47,108
1630327200,1815.04,111
1630327260,1815.15,137
1630327320,1815.34,119
1630327380,1815.21,113
1630327440,1815.32,156
1630327500,1815.14,88
1630327560,1815.13,146
1630327620,1815.14,112
1630327680,1815.33,92
1630327740,1815.14,90
1630327800,1815.02,128
1630327860,1814.78,115
1630327920,1814.84,130
1630327980,1815.22,100
1630328040,1815.31,97
1630328100,1814.68,99
1630328160,1815.51,104
1630328220,1815.05,111
1630328280,1814.90,196
1630328340,1814.61,133
1630328400,1814.56,281
1630328460,1814.67,199
1630328520,1813.97,239
1630328580,1813.87,142
1630328640,1814.20,179
1630328700,1813.61,162
1630328760,1813.62,171
1630328820,1813.98,190
1630328880,1813.22,162
1630328940,1813.70,146
1630329000,1813.14,160
1630329060,1813.41,165
1630329120,1813.47,122
1630329180,1814.36,107
1630329240,1814.06,131
1630329300,1814.10,106
1630329360,1814.15,152
1630329420,1814.67,153
1630329480,1814.59,119
1630329540,1814.51,99
1630329600,1814.25,81
1630329660,1813.94,171
1630329720,1813.94,156
1630329780,1813.55,232
1630329840,1813.63,155
1630329900,1813.39,172
1630329960,1812.98,187
1630330020,1813.27,170
1630330080,1813.59,142
1630330140,1813.97,140
1630330200,1814.39,288
1630330260,1813.48,264
1630330320,1813.77,187
1630330380,1813.12,210
1630330440,1813.22,296
1630330500,1812.86,243
1630330560,1812.74,246
1630330620,1813.35,254
1630330680,1813.16,227
1630330740,1813.09,184
1630330800,1814.01,267
1630330860,1814.06,179
1630330920,1813.33,260
1630330980,1813.67,249
1630331040,1814.49,194
1630331100,1815.54,268
1630331160,1814.90,253
1630331220,1815.18,164
1630331280,1814.97,232
1630331340,1814.58,207
1630331400,1813.50,215
1630331460,1812.28,265
1630331520,1812.90,213
1630331580,1812.77,225
1630331640,1812.88,247
1630331700,1813.01,209
1630331760,1813.19,253
1630331820,1813.24,203
1630331880,1812.91,245
1630331940,1812.36,206
1630332000,1813.83,346
1630332060,1814.81,362
1630332120,1814.41,285
1630332180,1814.50,250
1630332240,1815.30,253
1630332300,1814.81,279
1630332360,1814.57,200
1630332420,1813.81,157
1630332480,1814.06,179
1630332540,1813.57,164
1630332600,1813.98,158
1630332660,1813.51,191
1630332720,1813.90,236
1630332780,1813.70,183
1630332840,1813.60,223
1630332900,1813.68,146
1630332960,1813.48,208
1630333020,1812.13,292
1630333080,1811.97,259
1630333140,1812.70,294
1630333200,1812.45,230
1630333260,1812.22,230
1630333320,1812.20,192
1630333380,1812.47,186
1630333440,1811.69,222
1630333500,1812.36,241
1630333560,1812.09,158
1630333620,1812.30,121
1630333680,1812.19,129
1630333740,1811.70,218
1630333800,1810.86,263
1630333860,1810.59,235
1630333920,1810.58,203
1630333980,1810.50,212
1630334040,1810.34,179
1630334100,1811.52,188
1630334160,1811.61,196
1630334220,1811.06,162
1630334280,1811.52,147
1630334340,1811.54,192
1630334400,1812.23,214
1630334460,1812.75,143
1630334520,1812.46,179
1630334580,1812.62,191
1630334640,1812.69,161
1630334700,1812.53,157
1630334760,1812.83,167
1630334820,1812.94,150
1630334880,1812.77,117
1630334940,1813.12,133
1630335000,1813.07,172
1630335060,1813.33,149
1630335120,1813.03,160
1630335180,1812.61,198
1630335240,1811.80,182
1630335300,1811.60,213
1630335360,1811.19,222
1630335420,1811.42,186
1630335480,1811.87,235
1630335540,1811.74,212
1630335600,1811.13,217
1630335660,1810.90,147
1630335720,1810.97,159
1630335780,1811.15,170
1630335840,1810.55,173
1630335900,1810.76,200
1630335960,1811.11,198
1630336020,1811.50,187
1630336080,1812.28,209
1630336140,1811.67,186
1630336200,1811.40,135
1630336260,1811.70,121
1630336320,1811.29,145
1630336380,1811.02,124
1630336440,1811.40,162
1630336500,1810.92,86
1630336560,1811.15,200
1630336620,1811.53,152
1630336680,1811.54,129
1630336740,1811.07,137
1630336800,1810.70,168
1630336860,1811.03,128
1630336920,1811.21,114
1630336980,1811.54,99
1630337040,1811.37,91
1630337100,1811.28,110
1630337160,1811.53,114
1630337220,1811.38,126
1630337280,1811.29,80
1630337340,1811.40,110
1630337400,1810.70,78
1630337460,1810.51,154
1630337520,1810.45,170
1630337580,1809.89,90
1630337640,1810.06,150
1630337700,1809.35,156
1630337760,1809.93,193
1630337820,1810.43,139
1630337880,1810.80,205
1630337940,1810.49,105
1630338000,1810.39,150
1630338060,1810.28,168
1630338120,1809.70,126
1630338180,1809.74,149
1630338240,1809.89,138
1630338300,1810.17,114
1630338360,1809.82,90
1630338420,1809.79,93
1630338480,1810.09,102
1630338540,1810.14,118
1630338600,1810.20,125
1630338660,1809.90,115
1630338720,1809.89,121
1630338780,1809.88,84
1630338840,1810.24,87
1630338900,1810.42,110
1630338960,1810.13,63
1630339020,1810.33,93
1630339080,1810.44,91
1630339140,1810.22,89
1630339200,1810.65,145
1630339260,1810.16,121
1630339320,1810.02,123
1630339380,1810.35,72
1630339440,1810.66,84
1630339500,1810.37,125
1630339560,1810.67,68
1630339620,1810.62,94
1630339680,1810.62,88
1630339740,1810.52,144
1630339800,1810.45,73
1630339860,1810.84,63
1630339920,1810.63,82
1630339980,1810.53,59
1630340040,1810.58,102
1630340100,1810.49,90
1630340160,1810.37,78
1630340220,1810.40,53
1630340280,1810.28,57
1630340340,1810.37,64
1630340400,1810.47,32
1630340460,1810.38,30
1630340520,1810.37,58
1630340580,1810.58,57
1630340640,1810.24,60
1630340700,1810.17,50
1630340760,1810.16,110
1630340820,1810.15,71
1630340880,1810.16,66
1630340940,1809.87,45
1630341000,1810.06,72
1630341060,1809.97,27
1630341120,1810.06,34
1630341180,1809.78,30
1630341240,1810.00,39
1630341300,1809.97,57
1630341360,1810.00,48
1630341420,1810.05,70
1630341480,1809.88,64
1630341540,1810.04,49
1630341600,1810.18,60
1630341660,1810.34,75
1630341720,1810.32,97
1630341780,1810.21,58
1630341840,1810.12,78
1630341900,1810.55,89
1630341960,1810.65,89
1630342020,1810.84,70
1630342080,1810.56,75
1630342140,1810.39,29
1630342200,1810.26,59
1630342260,1810.57,72
1630342320,1810.71,48
1630342380,1810.58,51
1630342440,1810.37,39
1630342500,1810.28,30
1630342560,1810.26,28
1630342620,1810.28,28
1630342680,1810.64,54
1630342740,1810.65,37
1630342800,1810.67,69
1630342860,1810.66,68
1630342920,1810.85,49
1630342980,1810.87,47
1630343040,1810.75,53
1630343100,1810.67,24
1630343160,1810.65,47
1630343220,1810.64,54
1630343280,1810.55,70
1630343340,1810.56,49
1630343400,1810.47,48
1630343460,1810.28,26
1630343520,1810.50,42
1630343580,1810.39,39
1630343640,1810.18,45
1630343700,1810.15,106
1630343760,1810.11,72
1630343820,1810.19,55
1630343880,1809.91,41
1630343940,1809.93,85
1630344000,1810.02,29
1630344060,1809.73,50
1630344120,1809.73,18
1630344180,1809.45,60
1630344240,1809.53,105
1630344300,1809.82,74
1630344360,1809.64,60
1630344420,1809.82,47
1630344480,1809.79,58
1630344540,1809.92,143
1630344600,1809.32,70
1630344660,1809.89,61
1630344720,1809.89,43
1630344780,1810.00,33
1630344840,1809.94,66
1630344900,1809.96,35
1630344960,1809.88,29
1630345020,1809.88,22
1630345080,1809.79,34
1630345140,1809.78,43
1630345200,1809.88,15
1630345260,1810.08,28
1630345320,1810.00,36
1630345380,1809.89,54
1630345440,1810.09,10
1630345500,1809.99,14
1630345560,1810.08,19
1630345620,1810.08,16
1630345680,1810.07,16
1630345740,1810.07,7
1630345800,1810.11,19
1630345860,1810.01,41
1630345920,1809.89,31
1630345980,1810.03,43
1630346040,1809.88,50
1630346100,1809.81,32
1630346160,1809.69,19
1630346220,1809.89,40
1630346280,1809.69,31
1630346340,1809.94,43
1630346400,1809.69,30
1630346460,1809.49,32
1630346520,1809.64,45
1630346580,1809.60,20
1630346640,1809.42,50
1630346700,1809.42,56
1630346760,1809.06,83
1630346820,1809.20,59
1630346880,1809.22,56
1630346940,1809.01,63
1630347000,1809.02,46
1630347060,1808.92,63
1630347120,1808.96,58
1630347180,1809.05,39
1630347240,1809.03,50
1630347300,1809.16,55
1630347360,1808.82,55
1630347420,1808.64,49
1630347480,1808.77,46
1630347540,1808.93,59
1630347600,1808.87,51
1630347660,1809.11,65
1630347720,1809.00,28
1630347780,1809.00,47
1630347840,1809.06,52
1630347900,1809.18,51
1630347960,1809.07,43
1630348020,1809.21,25
1630348080,1808.99,59
1630348140,1808.74,85
1630348200,1808.42,62
1630348260,1808.18,83
1630348320,1808.10,67
1630348380,1807.88,42
1630348440,1807.89,56
1630348500,1807.80,49
1630348560,1808.00,36
1630348620,1808.19,54
1630348680,1808.53,41
1630348740,1808.53,42
1630348800,1808.78,36
1630348860,1808.62,46
1630348920,1808.49,59
1630348980,1808.52,29
1630349040,1808.44,46
1630349100,1808.41,54
1630349160,1808.55,34
1630349220,1808.62,46
1630349280,1808.83,30
1630349340,1808.99,47
1630349400,1809.68,73
1630349460,1809.94,91
1630349520,1809.57,48
1630349580,1809.70,16
1630349640,1810.04,52
1630349700,1810.04,55
1630349760,1809.93,43
1630349820,1810.34,45
1630349880,1810.52,92
1630349940,1811.02,56
1630350000,1810.88,78
1630350060,1810.96,51
1630350120,1810.79,27
1630350180,1810.54,34
1630350240,1810.61,63
1630350300,1810.42,26
1630350360,1810.50,19
1630350420,1810.29,81
1630350480,1810.34,31
1630350540,1810.56,22
1630350600,1810.43,29
1630350660,1810.52,37
1630350720,1810.43,28
1630350780,1810.35,30
1630350840,1810.61,30
1630350900,1810.38,27
1630350960,1810.48,33
1630351020,1810.31,23
1630351080,1810.26,37
1630351140,1810.70,25
1630351200,1810.69,63
1630351260,1810.69,36
1630351320,1810.55,40
1630351380,1810.55,26
1630351440,1810.57,36
1630351500,1810.55,22
1630351560,1810.67,28
1630351620,1810.86,39
1630351680,1811.07,56
1630351740,1811.05,26
1630351800,1810.90,64
1630351860,1811.09,44
1630351920,1811.05,48
1630351980,1811.10,48
1630352040,1811.12,38
1630352100,1811.05,23
1630352160,1811.23,43
1630352220,1811.06,30
1630352280,1811.26,42
1630352340,1811.27,22
1630352400,1811.13,41
1630352460,1811.01,26
1630352520,1810.62,47
1630352580,1810.57,66
1630352640,1810.42,65
1630352700,1810.41,66
1630352760,1810.32,79
1630352820,1810.48,76
1630352880,1810.60,69
1630352940,1810.50,44
1630353000,1810.58,96
1630353060,1810.78,88
1630353120,1811.00,70
1630353180,1810.77,79
1630353240,1810.86,38
1630353300,1810.86,74
1630353360,1811.05,64
1630353420,1811.05,42
1630353480,1811.04,89
1630353540,1810.63,127
1630353600,1810.67,71
1630353660,1810.67,24
1630353720,1810.67,28
1630353780,1810.96,27
1630353840,1810.96,31
1630353900,1810.86,25
1630353960,1810.67,19
1630354020,1810.77,20
1630354080,1810.69,27
1630354140,1810.79,27
1630354200,1810.87,31
1630354260,1810.97,18
1630354320,1810.87,22
1630354380,1810.68,15
1630354440,1810.68,35
1630354500,1810.67,23
1630354560,1810.77,17
1630354620,1810.58,15
1630354680,1810.58,9
1630354740,1810.48,19
1630354800,1810.55,39
1630354860,1810.55,15
1630354920,1810.64,20
1630354980,1810.64,22
1630355040,1810.44,23
1630355100,1810.44,26
1630355160,1810.25,10
1630355220,1810.27,14
1630355280,1810.25,10
1630355340,1810.26,9
1630355400,1809.57,100
1630355460,1809.59,44
1630355520,1809.57,21
1630355580,1809.48,14
1630355640,1809.50,22
1630355700,1809.53,20
1630355760,1809.68,16
1630355820,1809.87,18
1630355880,1809.99,13
1630355940,1809.97,8
1630356000,1810.07,19
1630356060,1810.06,14
1630356120,1809.87,13
1630356180,1810.01,12
1630356240,1810.08,15
1630356300,1810.05,25
1630356360,1810.05,19
1630356420,1810.15,11
1630356480,1810.05,20
1630356540,1809.96,28
1630356600,1810.06,34
1630356660,1810.06,14
1630356720,1810.15,7
1630356780,1810.16,10
1630356840,1810.16,22
1630356900,1810.06,14
1630356960,1810.05,11
1630360920,1810.00,26
1630360980,1809.73,29
1630361040,1810.02,22
1630361100,1809.82,12
1630361160,1809.70,20
1630361220,1809.79,19
1630361280,1809.99,22
1630361340,1810.04,6
1630361400,1810.10,23
1630361460,1810.27,25
1630361520,1810.28,27
1630361580,1810.23,9
1630361640,1810.17,15
1630361700,1810.20,9
1630361760,1810.16,11
1630361820,1810.11,13
1630361880,1810.17,11
1630361940,1810.15,6
1630362000,1810.12,13
1630362060,1810.13,7
1630362120,1810.25,11
1630362180,1810.21,12
1630362240,1810.21,23
1630362300,1810.20,16
1630362360,1810.17,31
1630362420,1810.22,10
1630362480,1810.17,7
1630362540,1810.20,11
1630362600,1810.20,16
1630362660,1810.27,15
1630362720,1810.25,16
1630362780,1810.33,19
1630362840,1810.39,23
1630362900,1810.41,24
1630362960,1810.12,30
1630363020,1810.15,22
1630363080,1810.10,21
1630363140,1810.26,10
1630363200,1810.25,17
1630363260,1810.21,16
1630363320,1810.20,16
1630363380,1810.13,14
1630363440,1810.13,21
1630363500,1810.16,20
1630363560,1810.08,17
1630363620,1810.14,5
1630363680,1810.14,10
1630363740,1810.06,23
1630363800,1810.04,20
1630363860,1810.04,7
1630363920,1810.07,26
1630363980,1810.08,8
1630364040,1810.12,15
1630364100,1810.05,18
1630364160,1810.10,27
1630364220,1810.06,9
1630364280,1810.14,8
1630364340,1810.14,10
1630364400,1810.05,26
1630364460,1810.21,15
1630364520,1810.24,13
1630364580,1810.28,9
1630364640,1810.30,19
1630364700,1810.34,10
1630364760,1810.35,21
1630364820,1810.24,19
1630364880,1810.35,16
1630364940,1810.24,9
1630365000,1810.24,6
1630365060,1810.24,10
1630365120,1810.24,10
1630365180,1810.24,2
1630365240,1810.28,17
1630365300,1810.14,12
1630365360,1810.24,7
1630365420,1810.14,4
1630365480,1810.14,15
1630365540,1810.14,4
1630365600,1810.14,12
1630365660,1810.14,12
1630365720,1810.24,5
1630365780,1810.24,4
1630365840,1810.24,15
1630365900,1810.16,6
1630365960,1810.43,15
1630366020,1810.34,9
1630366080,1810.36,5
1630366140,1810.16,12
1630366200,1810.30,14
1630366260,1810.51,12
1630366320,1810.51,6
1630366380,1810.41,45
1630366440,1810.41,13
1630366500,1810.31,9
1630366560,1810.61,14
1630366620,1810.61,2
1630366680,1810.55,6
1630366740,1810.55,5
1630366800,1810.61,10
1630366860,1810.71,22
1630366920,1810.71,3
1630366980,1810.81,12
1630367040,1810.98,11
1630367100,1811.11,26
1630367160,1810.92,14
1630367220,1811.12,12
1630367280,1811.03,43
1630367340,1810.69,65
1630367400,1810.68,22
1630367460,1810.47,28
1630367520,1810.58,21
1630367580,1810.67,13
1630367640,1810.65,14
1630367700,1810.54,23
1630367760,1810.57,38
1630367820,1810.46,41
1630367880,1810.47,23
1630367940,1810.46,46
1630368000,1810.31,52
1630368060,1810.38,53
1630368120,1809.97,75
1630368180,1810.53,69
1630368240,1810.91,70
1630368300,1810.89,71
1630368360,1810.59,40
1630368420,1810.59,57
1630368480,1810.50,50
1630368540,1810.71,46
1630368600,1810.64,46
1630368660,1810.82,56
1630368720,1810.76,54
1630368780,1810.66,37
1630368840,1810.83,39
1630368900,1811.02,54
1630368960,1810.90,35
1630369020,1811.00,37
1630369080,1811.70,111
1630369140,1811.47,196
1630369200,1811.47,117
1630369260,1811.79,51
1630369320,1811.48,75
1630369380,1811.25,89
1630369440,1811.37,102
1630369500,1811.28,92
1630369560,1811.13,63
1630369620,1811.21,40
1630369680,1811.20,26
1630369740,1811.40,39
1630369800,1811.10,46
1630369860,1811.23,44
1630369920,1811.36,70
1630369980,1811.30,64
1630370040,1811.04,40
1630370100,1811.39,57
1630370160,1811.38,37
1630370220,1811.58,31
1630370280,1811.62,37
1630370340,1811.63,48
1630370400,1811.65,72
1630370460,1811.62,43
1630370520,1811.72,35
1630370580,1811.69,54
1630370640,1811.74,57
1630370700,1811.76,42
1630370760,1811.56,34
1630370820,1811.77,37
1630370880,1811.78,41
1630370940,1812.00,38
1630371000,1812.00,32
1630371060,1811.93,30
1630371120,1811.90,53
1630371180,1812.09,33
1630371240,1812.09,45
1630371300,1812.32,70
1630371360,1812.50,64
1630371420,1812.30,34
1630371480,1812.81,65
1630371540,1812.70,103
1630371600,1812.95,283
1630371660,1812.27,203
1630371720,1811.75,209
1630371780,1812.34,207
1630371840,1812.97,192
1630371900,1813.39,142
1630371960,1813.73,144
1630372020,1813.34,115
1630372080,1813.10,125
1630372140,1812.67,87
1630372200,1812.58,110
1630372260,1812.68,90
1630372320,1812.78,63
1630372380,1812.58,85
1630372440,1812.57,78
1630372500,1812.57,123
1630372560,1812.52,83
1630372620,1812.58,62
1630372680,1812.89,114
1630372740,1813.24,172
1630372800,1813.70,145
1630372860,1813.65,92
1630372920,1813.63,97
1630372980,1813.60,134
1630373040,1813.38,169
1630373100,1813.82,139
1630373160,1813.89,86
1630373220,1814.09,99
1630373280,1813.62,115
1630373340,1813.64,147
1630373400,1813.74,141
1630373460,1813.85,108
1630373520,1813.91,128
1630373580,1813.61,87
1630373640,1813.90,86
1630373700,1813.63,96
1630373760,1813.55,93
1630373820,1813.82,109
1630373880,1813.98,79
1630373940,1814.01,111
1630374000,1813.80,124
1630374060,1813.74,91
1630374120,1813.43,87
1630374180,1813.53,58
1630374240,1813.84,73
1630374300,1813.57,80
1630374360,1813.66,69
1630374420,1813.75,45
1630374480,1813.73,51
1630374540,1813.87,81
1630374600,1813.87,91
1630374660,1813.96,117
1630374720,1813.59,106
1630374780,1813.62,122
1630374840,1813.31,82
1630374900,1813.40,104
1630374960,1813.06,69
1630375020,1812.97,95
1630375080,1812.86,48
1630375140,1812.77,60
1630375200,1812.58,52
1630375260,1812.56,71
1630375320,1812.17,94
1630375380,1812.28,85
1630375440,1812.46,152
1630375500,1812.65,174
1630375560,1812.87,183
1630375620,1813.11,90
1630375680,1813.22,98
1630375740,1813.03,102
1630375800,1813.21,121
1630375860,1812.67,98
1630375920,1812.67,100
1630375980,1812.89,90
1630376040,1812.81,55
1630376100,1812.92,58
1630376160,1812.97,39
1630376220,1813.12,37
1630376280,1812.90,28
1630376340,1812.96,52
1630376400,1812.95,42
1630376460,1812.96,53
1630376520,1812.95,40
1630376580,1812.85,36
1630376640,1812.89,35
1630376700,1812.75,53
1630376760,1812.84,38
1630376820,1812.94,22
1630376880,1812.92,46
1630376940,1813.04,20
1630377000,1812.80,85
1630377060,1813.13,36
1630377120,1813.09,25
1630377180,1813.21,79
1630377240,1813.25,45
1630377300,1813.25,35
1630377360,1813.15,22
1630377420,1813.05,56
1630377480,1813.36,47
1630377540,1813.26,25
1630377600,1813.36,59
1630377660,1813.67,48
1630377720,1813.77,43
1630377780,1813.78,37
1630377840,1813.79,21
1630377900,1813.80,52
1630377960,1813.90,30
1630378020,1813.91,71
1630378080,1813.76,42
1630378140,1813.62,39
1630378200,1813.65,32
1630378260,1812.97,77
1630378320,1812.89,115
1630378380,1812.69,69
1630378440,1812.71,78
1630378500,1812.50,81
1630378560,1812.57,108
1630378620,1812.41,117
1630378680,1812.83,111
1630378740,1812.69,108
1630378800,1812.84,92
1630378860,1812.99,73
1630378920,1813.04,50
1630378980,1813.23,60
1630379040,1813.23,40
1630379100,1813.15,42
1630379160,1813.15,53
1630379220,1813.32,36
1630379280,1813.50,69
1630379340,1813.34,57
1630379400,1813.29,85
1630379460,1813.44,51
1630379520,1813.56,60
1630379580,1813.38,52
1630379640,1813.11,50
1630379700,1813.33,67
1630379760,1813.31,49
1630379820,1813.59,43
1630379880,1813.74,104
1630379940,1813.81,78
1630380000,1814.10,82
1630380060,1814.49,128
1630380120,1814.33,74
1630380180,1814.84,120
1630380240,1814.58,187
1630380300,1814.57,68
1630380360,1814.78,86
1630380420,1814.99,152
1630380480,1815.08,124
1630380540,1815.05,102
1630380600,1814.74,95
1630380660,1814.76,57
1630380720,1814.74,48
1630380780,1814.65,39
1630380840,1814.96,61
1630380900,1814.79,104
1630380960,1814.83,56
1630381020,1814.74,53
1630381080,1814.74,23
1630381140,1814.64,32
1630381200,1814.73,28
1630381260,1814.76,50
1630381320,1814.63,57
1630381380,1814.83,51
1630381440,1815.15,78
1630381500,1815.07,35
1630381560,1815.20,36
1630381620,1815.13,41
1630381680,1815.11,29
1630381740,1815.14,60
1630381800,1815.38,85
1630381860,1815.41,57
1630381920,1815.28,30
1630381980,1815.42,53
1630382040,1815.42,6
1630382100,1815.49,91
1630382160,1815.47,39
1630382220,1815.62,45
1630382280,1815.80,72
1630382340,1815.84,67
1630382400,1815.97,62
1630382460,1815.90,32
1630382520,1815.86,46
1630382580,1815.91,83
1630382640,1815.78,87
1630382700,1815.59,33
1630382760,1815.57,36
1630382820,1815.31,54
1630382880,1815.22,44
1630382940,1815.19,32
1630383000,1815.09,21
1630383060,1815.19,27
1630383120,1815.01,40
1630383180,1815.01,53
1630383240,1814.90,19
1630383300,1815.23,62
1630383360,1815.25,73
1630383420,1815.24,39
1630383480,1815.05,48
1630383540,1815.19,100
1630383600,1814.66,78
1630383660,1815.10,49
1630383720,1815.19,81
1630383780,1814.81,74
1630383840,1814.71,46
1630383900,1814.89,56
1630383960,1815.08,44
1630384020,1814.92,35
1630384080,1814.84,32
1630384140,1814.74,51
1630384200,1814.79,106
1630384260,1814.76,54
1630384320,1814.90,46
1630384380,1814.88,47
1630384440,1814.90,12
1630384500,1814.95,27
1630384560,1814.82,25
1630384620,1814.60,32
1630384680,1814.80,28
1630384740,1814.82,44
1630384800,1814.85,52
1630384860,1814.79,26
1630384920,1814.78,36
1630384980,1815.01,51
1630385040,1815.17,69
1630385100,1814.87,25
1630385160,1814.95,34
1630385220,1815.03,38
1630385280,1814.62,48
1630385340,1814.70,41
1630385400,1814.78,32
1630385460,1814.81,36
1630385520,1814.85,23
1630385580,1815.03,34
1630385640,1814.88,29
1630385700,1814.80,40
1630385760,1814.82,34
1630385820,1814.82,44
1630385880,1814.84,34
1630385940,1814.75,77
1630386000,1815.22,84
1630386060,1815.29,133
1630386120,1815.40,80
1630386180,1815.28,72
1630386240,1815.42,73
1630386300,1815.34,69
1630386360,1815.57,46
1630386420,1815.25,82
1630386480,1815.36,37
1630386540,1815.36,16
1630386600,1815.58,52
1630386660,1815.73,61
1630386720,1815.45,55
1630386780,1815.69,80
1630386840,1815.31,56
1630386900,1815.59,51
1630386960,1815.81,70
1630387020,1815.90,67
1630387080,1815.94,77
1630387140,1815.84,41
1630387200,1815.92,59
1630387260,1815.86,55
1630387320,1815.99,101
1630387380,1816.04,22
1630387440,1816.04,41
1630387500,1816.04,29
1630387560,1816.24,41
1630387620,1816.25,41
1630387680,1816.42,14
1630387740,1816.32,14
1630387800,1816.21,173
1630387860,1816.39,166
1630387920,1816.25,138
1630387980,1816.39,98
1630388040,1816.65,150
1630388100,1816.71,149
1630388160,1816.82,138
1630388220,1817.04,112
1630388280,1816.42,127
1630388340,1816.23,76
1630388400,1816.51,94
1630388460,1816.56,161
1630388520,1816.72,122
1630388580,1816.56,98
1630388640,1816.28,109
1630388700,1816.28,102
1630388760,1816.40,58
1630388820,1816.51,109
1630388880,1816.83,164
1630388940,1817.08,112
1630389000,1817.03,116
1630389060,1816.74,131
1630389120,1816.71,101
1630389180,1816.98,183
1630389240,1817.13,78
1630389300,1817.08,115
1630389360,1817.01,51
1630389420,1816.93,95
1630389480,1817.21,87
1630389540,1817.24,98
1630389600,1817.43,117
1630389660,1817.31,77
1630389720,1817.14,115
1630389780,1817.62,148
1630389840,1817.89,102
1630389900,1817.85,119
1630389960,1817.91,127
1630390020,1817.63,110
1630390080,1817.04,127
1630390140,1817.42,121
1630390200,1817.19,154
1630390260,1817.06,140
1630390320,1817.12,160
1630390380,1817.20,169
1630390440,1817.18,166
1630390500,1817.22,143
1630390560,1817.51,141
1630390620,1817.17,127
1630390680,1817.13,127
1630390740,1817.52,151
1630390800,1817.45,139
1630390860,1817.27,96
1630390920,1817.29,82
1630390980,1817.66,70
1630391040,1817.79,66
1630391100,1817.78,98
1630391160,1817.77,92
1630391220,1817.56,73
1630391280,1817.72,73
1630391340,1817.93,88
1630391400,1818.20,94
1630391460,1818.91,163
1630391520,1818.96,110
1630391580,1819.10,125
1630391640,1818.83,100
1630391700,1818.76,58
1630391760,1819.05,75
1630391820,1818.67,100
1630391880,1818.30,112
1630391940,1817.86,114
1630392000,1817.21,205
1630392060,1816.70,187
1630392120,1815.61,262
1630392180,1815.56,142
1630392240,1815.79,141
1630392300,1815.22,156
1630392360,1815.43,131
1630392420,1816.04,143
1630392480,1816.02,79
1630392540,1815.75,108
1630392600,1815.94,107
1630392660,1815.42,119
1630392720,1815.41,100
1630392780,1815.24,124
1630392840,1814.95,106
1630392900,1814.56,160
1630392960,1814.73,150
1630393020,1814.94,149
1630393080,1815.09,175
1630393140,1814.89,127
1630393200,1815.41,229
1630393260,1815.48,130
1630393320,1815.46,131
1630393380,1815.58,124
1630393440,1815.99,157
1630393500,1816.10,108
1630393560,1815.71,143
1630393620,1815.59,107
1630393680,1815.37,138
1630393740,1815.56,122
1630393800,1816.02,120
1630393860,1816.33,125
1630393920,1816.06,142
1630393980,1815.81,131
1630394040,1816.19,104
1630394100,1816.19,159
1630394160,1816.42,104
1630394220,1816.16,141
1630394280,1815.85,115
1630394340,1816.14,87
1630394400,1816.02,87
1630394460,1816.31,72
1630394520,1815.98,73
1630394580,1816.17,88
1630394640,1816.27,102
1630394700,1816.09,110
1630394760,1815.66,109
1630394820,1815.73,133
1630394880,1815.47,116
1630394940,1815.48,92
1630395000,1815.49,122
1630395060,1815.89,91
1630395120,1816.09,122
1630395180,1816.40,134
1630395240,1816.49,143
1630395300,1816.24,104
1630395360,1816.44,89
1630395420,1816.38,124
1630395480,1816.20,92
1630395540,1815.82,97
1630395600,1815.83,113
1630395660,1815.69,110
1630395720,1815.60,87
1630395780,1815.64,120
1630395840,1815.58,113
1630395900,1816.03,129
1630395960,1816.06,94
1630396020,1816.36,87
1630396080,1816.21,113
1630396140,1816.25,79
1630396200,1816.17,75
1630396260,1815.79,89
1630396320,1815.71,52
1630396380,1815.51,42
1630396440,1815.23,165
1630396500,1815.14,102
1630396560,1815.27,92
1630396620,1815.29,65
1630396680,1815.41,63
1630396740,1815.40,71
1630396800,1815.01,117
1630396860,1814.93,86
1630396920,1814.93,115
1630396980,1815.25,96
1630397040,1815.52,83
1630397100,1815.67,53
1630397160,1816.08,71
1630397220,1815.72,107
1630397280,1815.62,81
1630397340,1815.59,105
1630397400,1815.65,88
1630397460,1815.70,88
1630397520,1815.81,71
1630397580,1816.13,104
1630397640,1816.13,102
1630397700,1816.03,101
1630397760,1816.18,77
1630397820,1816.11,87
1630397880,1816.27,80
1630397940,1816.12,79
1630398000,1816.07,84
1630398060,1816.20,70
1630398120,1816.14,75
1630398180,1816.32,92
1630398240,1815.91,109
1630398300,1816.27,81
1630398360,1816.06,71
1630398420,1816.05,56
1630398480,1816.06,84
1630398540,1815.95,60
1630398600,1815.59,108
1630398660,1815.73,95
1630398720,1815.34,85
1630398780,1815.46,83
1630398840,1816.09,100
1630398900,1815.68,79
1630398960,1815.54,85
1630399020,1815.03,93
1630399080,1815.07,161
1630399140,1815.43,107
1630399200,1815.77,150
1630399260,1815.79,97
1630399320,1815.54,89
1630399380,1815.45,57
1630399440,1815.16,84
1630399500,1815.25,62
1630399560,1814.95,132
1630399620,1815.50,147
1630399680,1815.58,126
1630399740,1814.60,144
1630399800,1815.09,101
1630399860,1814.71,103
1630399920,1814.50,142
1630399980,1814.63,154
1630400040,1814.07,140
1630400100,1814.99,166
1630400160,1815.09,127
1630400220,1814.87,75
1630400280,1815.06,84
1630400340,1815.07,95
1630400400,1814.93,177
1630400460,1814.94,107
1630400520,1815.33,125
1630400580,1815.25,71
1630400640,1815.40,82
1630400700,1815.40,83
1630400760,1815.47,87
1630400820,1815.42,127
1630400880,1815.49,76
1630400940,1815.83,72
1630401000,1815.28,106
1630401060,1815.27,73
1630401120,1815.05,71
1630401180,1814.76,106
1630401240,1814.72,91
1630401300,1814.85,85
1630401360,1815.14,69
1630401420,1815.24,33
1630401480,1814.85,57
1630401540,1815.13,96
1630401600,1814.99,74
1630401660,1815.03,94
1630401720,1815.03,64
1630401780,1815.03,58
1630401840,1814.94,38
1630401900,1814.84,69
1630401960,1814.91,114
1630402020,1814.94,72
1630402080,1814.98,92
1630402140,1814.21,130
1630402200,1814.50,115
1630402260,1814.69,84
1630402320,1814.50,98
1630402380,1814.44,73
1630402440,1814.20,80
1630402500,1814.09,103
1630402560,1814.00,78
1630402620,1814.19,92
1630402680,1813.98,69
1630402740,1814.46,127
1630402800,1814.24,70
1630402860,1814.30,55
1630402920,1814.31,58
1630402980,1814.41,85
1630403040,1814.39,67
1630403100,1814.59,115
1630403160,1814.47,50
1630403220,1814.33,64
1630403280,1814.42,69
1630403340,1814.35,87
1630403400,1814.39,41
1630403460,1814.29,47
1630403520,1814.37,66
1630403580,1814.38,65
1630403640,1814.47,54
1630403700,1814.49,66
1630403760,1814.29,62
1630403820,1814.24,100
1630403880,1814.40,78
1630403940,1814.39,75
1630404000,1814.78,108
1630404060,1814.87,92
1630404120,1814.87,46
1630404180,1814.88,56
1630404240,1814.98,75
1630404300,1815.04,49
1630404360,1815.23,72
1630404420,1815.25,88
1630404480,1815.46,67
1630404540,1815.62,82
1630404600,1815.35,105
1630404660,1815.35,53
1630404720,1815.52,79
1630404780,1815.46,39
1630404840,1815.40,54
1630404900,1815.93,114
1630404960,1816.07,168
1630405020,1816.01,71
1630405080,1816.15,147
1630405140,1816.23,125
1630405200,1816.13,69
1630405260,1816.33,66
1630405320,1816.93,217
1630405380,1816.74,102
1630405440,1816.89,103
1630405500,1816.58,82
1630405560,1816.77,93
1630405620,1816.65,48
1630405680,1816.88,47
1630405740,1816.91,54
1630405800,1816.81,40
1630405860,1816.85,56
1630405920,1816.86,54
1630405980,1816.51,93
1630406040,1816.37,82
1630406100,1816.39,94
1630406160,1816.28,128
1630406220,1816.40,96
1630406280,1816.60,80
1630406340,1816.76,109
1630406400,1816.72,104
1630406460,1816.85,67
1630406520,1816.81,70
1630406580,1816.43,88
1630406640,1816.24,93
1630406700,1815.84,101
1630406760,1815.85,369
1630406820,1814.99,230
1630406880,1814.87,112
1630406940,1814.29,118
1630407000,1814.06,173
1630407060,1814.69,188
1630407120,1814.25,227
1630407180,1813.34,206
1630407240,1813.47,256
1630407300,1813.06,224
1630407360,1812.25,233
1630407420,1812.61,148
1630407480,1812.67,221
1630407540,1812.35,188
1630407600,1812.24,230
1630407660,1813.13,188
1630407720,1813.11,185
1630407780,1812.98,112
1630407840,1812.68,161
1630407900,1813.07,124
1630407960,1813.00,161
1630408020,1813.25,110
1630408080,1813.54,191
1630408140,1813.67,159
1630408200,1813.41,129
1630408260,1813.87,130
1630408320,1814.07,107
1630408380,1813.97,74
1630408440,1813.87,72
1630408500,1813.91,65
1630408560,1814.11,75
1630408620,1813.93,106
1630408680,1814.32,113
1630408740,1814.15,57
1630408800,1814.24,62
1630408860,1814.34,84
1630408920,1814.39,92
1630408980,1813.73,210
1630409040,1813.74,118
1630409100,1813.78,105
1630409160,1813.95,104
1630409220,1814.04,112
1630409280,1814.14,74
1630409340,1813.78,109
1630409400,1813.87,115
1630409460,1813.42,94
1630409520,1813.42,125
1630409580,1813.48,141
1630409640,1813.48,114
1630409700,1813.92,129
1630409760,1813.91,70
1630409820,1813.63,73
1630409880,1813.25,111
1630409940,1813.19,77
1630410000,1812.99,63
1630410060,1812.84,91
1630410120,1813.17,81
1630410180,1812.50,103
1630410240,1812.67,112
1630410300,1812.82,122
1630410360,1813.20,139
1630410420,1813.08,90
1630410480,1813.06,84
1630410540,1812.49,104
1630410600,1812.29,116
1630410660,1812.47,87
1630410720,1812.78,93
1630410780,1812.80,140
1630410840,1813.14,102
1630410900,1812.86,95
1630410960,1812.68,110
1630411020,1812.75,95
1630411080,1812.72,65
1630411140,1812.73,124
1630411200,1813.23,168
1630411260,1813.04,114
1630411320,1812.75,117
1630411380,1812.64,98
1630411440,1813.06,120
1630411500,1812.89,76
1630411560,1813.37,145
1630411620,1813.63,120
1630411680,1813.79,151
1630411740,1813.34,124
1630411800,1813.45,126
1630411860,1813.06,109
1630411920,1813.06,104
1630411980,1813.03,118
1630412040,1813.40,103
1630412100,1812.68,102
1630412160,1813.08,94
1630412220,1813.76,167
1630412280,1813.90,155
1630412340,1813.73,157
1630412400,1813.34,211
1630412460,1811.97,230
1630412520,1813.14,253
1630412580,1813.57,246
1630412640,1813.09,254
1630412700,1812.34,268
1630412760,1812.48,256
1630412820,1812.30,206
1630412880,1812.19,180
1630412940,1812.11,199
1630413000,1811.92,345
1630413060,1812.20,312
1630413120,1812.08,234
1630413180,1812.06,254
1630413240,1812.15,229
1630413300,1812.88,273
1630413360,1812.77,228
1630413420,1812.50,262
1630413480,1812.73,201
1630413540,1812.86,151
1630413600,1812.22,197
1630413660,1811.87,265
1630413720,1811.84,248
1630413780,1811.43,221
1630413840,1810.81,248
1630413900,1811.67,273
1630413960,1811.18,198
1630414020,1812.29,200
1630414080,1812.02,183
1630414140,1811.90,180
1630414200,1811.80,173
1630414260,1811.33,196
1630414320,1811.02,175
1630414380,1810.67,138
1630414440,1810.52,238
1630414500,1810.80,231
1630414560,1810.51,157
1630414620,1809.96,128
1630414680,1809.21,269
1630414740,1809.58,276
1630414800,1810.40,344
1630414860,1809.48,318
1630414920,1809.10,322
1630414980,1806.88,306
1630415040,1806.36,434
1630415100,1805.92,409
1630415160,1803.96,369
1630415220,1803.67,445
1630415280,1802.54,427
1630415340,1803.42,372
1630415400,1803.74,361
1630415460,1804.47,289
1630415520,1804.53,244
1630415580,1803.94,273
1630415640,1803.55,318
1630415700,1804.29,355
1630415760,1804.61,320
1630415820,1804.98,327
1630415880,1804.88,213
1630415940,1805.05,266
1630416000,1806.03,301
1630416060,1805.73,216
1630416120,1805.94,250
1630416180,1806.15,244
1630416240,1807.24,264
1630416300,1807.57,288
1630416360,1807.03,241
1630416420,1808.54,277
1630416480,1809.02,280
1630416540,1809.40,329
1630416600,1809.44,386
1630416660,1809.37,341
1630416720,1808.96,311
1630416780,1809.24,299
1630416840,1810.66,327
1630416900,1811.23,305
1630416960,1811.54,324
1630417020,1812.84,351
1630417080,1813.13,331
1630417140,1813.86,316
1630417200,1813.56,305
1630417260,1813.85,283
1630417320,1814.41,273
1630417380,1815.01,293
1630417440,1814.16,319
1630417500,1813.63,348
1630417560,1812.98,313
1630417620,1813.49,323
1630417680,1813.63,288
1630417740,1813.29,255
1630417800,1813.62,260
1630417860,1813.68,222
1630417920,1813.67,252
1630417980,1813.90,235
1630418040,1814.35,275
1630418100,1813.17,299
1630418160,1812.28,297
1630418220,1812.28,356
1630418280,1810.75,336
1630418340,1810.55,267
1630418400,1813.64,427
1630418460,1814.13,351
1630418520,1814.92,335
1630418580,1815.09,313
1630418640,1814.47,244
1630418700,1814.43,328
1630418760,1813.67,254
1630418820,1812.98,310
1630418880,1811.48,334
1630418940,1810.98,268
1630419000,1811.24,294
1630419060,1810.93,294
1630419120,1810.67,316
1630419180,1810.75,297
1630419240,1810.90,301
1630419300,1807.98,406
1630419360,1808.39,318
1630419420,1809.78,321
1630419480,1808.53,270
1630419540,1809.69,269
1630419600,1808.98,273
1630419660,1809.52,229
1630419720,1810.13,305
1630419780,1810.23,225
1630419840,1810.75,238
1630419900,1810.66,282
1630419960,1810.95,174
1630420020,1810.74,174
1630420080,1810.45,195
1630420140,1811.29,210
1630420200,1811.10,224
1630420260,1811.34,270
1630420320,1811.92,269
1630420380,1812.36,296
1630420440,1812.43,299
1630420500,1812.14,252
1630420560,1812.18,178
1630420620,1812.59,278
1630420680,1813.20,304
1630420740,1812.56,242
1630420800,1812.89,214
1630420860,1811.76,209
1630420920,1811.68,239
1630420980,1811.65,210
1630421040,1811.77,220
1630421100,1812.29,197
1630421160,1811.63,207
1630421220,1812.17,171
1630421280,1811.90,205
1630421340,1809.82,346
1630421400,1808.90,425
1630421460,1808.25,324
1630421520,1807.85,353
1630421580,1808.71,345
1630421640,1808.11,319
1630421700,1808.00,363
1630421760,1807.66,403
1630421820,1806.01,396
1630421880,1806.32,424
1630421940,1807.04,326
1630422000,1807.26,348
1630422060,1806.91,326
1630422120,1807.67,375
1630422180,1806.32,324
1630422240,1805.73,314
1630422300,1804.85,332
1630422360,1805.19,310
1630422420,1806.38,372
1630422480,1806.47,276
1630422540,1806.42,265
1630422600,1806.13,313
1630422660,1806.75,228
1630422720,1807.39,272
1630422780,1807.45,324
1630422840,1806.13,321
1630422900,1805.13,293
1630422960,1805.36,296
1630423020,1805.56,250
1630423080,1805.01,260
1630423140,1805.44,261
1630423200,1805.46,192
1630423260,1804.44,227
1630423320,1805.22,281
1630423380,1805.68,238
1630423440,1806.10,241
1630423500,1805.71,268
1630423560,1805.71,273
1630423620,1806.28,257
1630423680,1806.38,236
1630423740,1806.86,212
1630423800,1807.56,243
1630423860,1808.07,202
1630423920,1808.71,244
1630423980,1808.83,208
1630424040,1808.42,190
1630424100,1807.91,175
1630424160,1808.02,177
1630424220,1808.27,191
1630424280,1807.98,203
1630424340,1807.97,171
1630424400,1807.76,204
1630424460,1807.45,195
1630424520,1807.39,197
1630424580,1807.88,160
1630424640,1807.89,160
1630424700,1808.29,236
1630424760,1808.32,217
1630424820,1808.21,176
1630424880,1808.08,167
1630424940,1808.35,143
1630425000,1807.84,135
1630425060,1807.67,131
1630425120,1807.30,150
1630425180,1807.87,177
1630425240,1807.87,117
1630425300,1807.98,142
1630425360,1808.29,149
1630425420,1807.84,159
1630425480,1807.48,87
1630425540,1807.86,119
1630425600,1807.87,129
1630425660,1808.27,143
1630425720,1808.51,153
1630425780,1808.84,154
1630425840,1808.98,136
1630425900,1809.20,135
1630425960,1809.56,229
1630426020,1810.07,197
1630426080,1809.70,219
1630426140,1810.53,202
1630426200,1810.01,206
1630426260,1809.97,174
1630426320,1810.01,176
1630426380,1809.91,119
1630426440,1809.90,109
1630426500,1809.71,83
1630426560,1810.01,112
1630426620,1809.79,97
1630426680,1809.72,105
1630426740,1809.80,74
1630426800,1809.67,90
1630426860,1810.07,67
1630426920,1810.25,93
1630426980,1810.11,145
1630427040,1810.36,133
1630427100,1809.98,95
1630427160,1809.96,82
1630427220,1810.11,127
1630427280,1810.56,165
1630427340,1810.62,205
1630427400,1810.44,227
1630427460,1810.11,92
1630427520,1810.20,123
1630427580,1811.09,180
1630427640,1811.50,191
1630427700,1811.44,126
1630427760,1811.70,120
1630427820,1812.07,211
1630427880,1812.29,161
1630427940,1811.98,128
1630428000,1812.66,145
1630428060,1812.53,164
1630428120,1812.51,106
1630428180,1812.99,147
1630428240,1812.62,118
1630428300,1812.44,151
1630428360,1812.70,133
1630428420,1812.23,112
1630428480,1812.42,119
1630428540,1812.62,124
1630428600,1813.04,118
1630428660,1812.71,110
1630428720,1812.80,89
1630428780,1813.20,90
1630428840,1813.30,116
1630428900,1813.07,115
1630428960,1813.84,135
1630429020,1813.72,158
1630429080,1813.90,156
1630429140,1814.03,146
1630429200,1813.80,147
1630429260,1814.18,154
1630429320,1814.70,158
1630429380,1814.84,113
1630429440,1815.13,208
1630429500,1815.32,143
1630429560,1815.19,145
1630429620,1815.43,150
1630429680,1815.75,200
1630429740,1815.92,152
1630429800,1816.01,125
1630429860,1816.12,148
1630429920,1815.50,123
1630429980,1815.92,155
1630430040,1815.72,135
1630430100,1814.62,211
1630430160,1815.28,163
1630430220,1815.02,135
1630430280,1814.66,99
1630430340,1814.47,78
1630430400,1814.70,142
1630430460,1814.70,122
1630430520,1814.66,107
1630430580,1814.65,116
1630430640,1814.65,95
1630430700,1814.67,111
1630430760,1814.47,96
1630430820,1814.75,131
1630430880,1816.23,188
1630430940,1815.77,359
1630431000,1815.58,159
1630431060,1815.33,193
1630431120,1815.58,123
1630431180,1815.70,103
1630431240,1815.96,157
1630431300,1815.27,151
1630431360,1815.03,68
1630431420,1815.02,113
1630431480,1814.98,73
1630431540,1815.21,122
1630431600,1814.73,93
1630431660,1814.62,138
1630431720,1814.66,104
1630431780,1814.77,84
1630431840,1814.71,57
1630431900,1814.28,81
1630431960,1814.74,127
1630432020,1814.90,105
1630432080,1814.98,90
1630432140,1814.91,59
1630432200,1814.73,64
1630432260,1814.71,76
1630432320,1814.61,61
1630432380,1814.59,63
1630432440,1814.61,62
1630432500,1814.63,60
1630432560,1814.63,80
1630432620,1814.52,73
1630432680,1814.31,59
1630432740,1814.51,96
1630432800,1814.49,124
1630432860,1814.58,118
1630432920,1814.49,43
1630432980,1814.11,64
1630433040,1814.09,62
1630433100,1814.27,104
1630433160,1814.25,76
1630433220,1814.38,103
1630433280,1814.54,77
1630433340,1814.55,26
1630433400,1814.53,81
1630433460,1814.24,63
1630433520,1814.48,54
1630433580,1814.73,72
1630433640,1814.38,84
1630433700,1814.84,90
1630433760,1814.74,77
1630433820,1814.67,63
1630433880,1814.76,52
1630433940,1814.80,72
1630434000,1815.15,133
1630434060,1815.19,112
1630434120,1815.54,83
1630434180,1815.51,83
1630434240,1815.49,64
1630434300,1815.63,63
1630434360,1815.67,34
1630434420,1815.49,136
1630434480,1815.25,94
1630434540,1815.12,108
1630434600,1815.04,76
1630434660,1814.97,91
1630434720,1814.65,100
1630434780,1814.80,88
1630434840,1814.91,78
1630434900,1814.89,78
1630434960,1814.99,60
1630435020,1815.08,61
1630435080,1814.87,45
1630435140,1814.94,38
1630435200,1815.14,52
1630435260,1815.14,56
1630435320,1815.20,54
1630435380,1815.30,43
1630435440,1815.21,34
1630435500,1815.12,28
1630435560,1815.11,12
1630435620,1815.22,55
1630435680,1815.02,43
1630435740,1815.01,81
1630435800,1815.00,84
1630435860,1814.92,72
1630435920,1815.11,50
1630435980,1815.11,78
1630436040,1815.14,51
1630436100,1815.19,67
1630436160,1815.16,43
1630436220,1815.03,81
1630436280,1815.05,71
1630436340,1815.14,165
1630436400,1815.39,142
1630436460,1814.94,108
1630436520,1815.33,47
1630436580,1815.22,30
1630436640,1815.28,31
1630436700,1815.13,38
1630436760,1815.13,50
1630436820,1815.15,51
1630436880,1815.27,45
1630436940,1815.17,28
1630437000,1815.08,36
1630437060,1814.89,46
1630437120,1814.99,31
1630437180,1814.97,70
1630437240,1815.14,62
1630437300,1815.10,84
1630437360,1815.11,54
1630437420,1815.29,41
1630437480,1815.20,55
1630437540,1815.40,59
1630437600,1815.30,39
1630437660,1815.29,31
1630437720,1815.29,14
1630437780,1815.28,29
1630437840,1815.47,55
1630437900,1815.29,50
1630437960,1815.39,36
1630438020,1815.29,35
1630438080,1815.18,25
1630438140,1815.09,41
1630438200,1815.07,87
1630438260,1814.97,54
1630438320,1814.86,59
1630438380,1815.08,42
1630438440,1815.23,78
1630438500,1815.08,43
1630438560,1815.08,50
1630438620,1815.08,80
1630438680,1814.70,57
1630438740,1814.42,74
1630438800,1814.91,80
1630438860,1814.81,41
1630438920,1814.91,43
1630438980,1814.73,76
1630439040,1814.90,63
1630439100,1814.94,64
1630439160,1814.83,54
1630439220,1814.73,57
1630439280,1814.64,54
1630439340,1814.74,75
1630439400,1814.74,119
1630439460,1814.42,108
1630439520,1814.40,152
1630439580,1814.19,183
1630439640,1814.27,138
1630439700,1814.45,141
1630439760,1814.46,114
1630439820,1814.40,65
1630439880,1814.76,106
1630439940,1814.85,137
1630440000,1814.56,81
1630440060,1814.65,50
1630440120,1814.35,46
1630440180,1814.74,52
1630440240,1814.59,47
1630440300,1814.56,65
1630440360,1814.67,54
1630440420,1815.00,59
1630440480,1814.86,29
1630440540,1814.88,34
1630440600,1814.85,30
1630440660,1814.81,22
1630440720,1814.67,14
1630440780,1814.66,19
1630440840,1814.86,46
1630440900,1814.78,28
1630440960,1814.72,25
1630441020,1814.84,25
1630441080,1814.89,16
1630441140,1814.95,34
1630441200,1814.67,40
1630441260,1814.67,22
1630441320,1814.68,49
1630441380,1814.62,60
1630441440,1814.67,33
1630441500,1814.68,20
1630441560,1814.76,15
1630441620,1814.71,14
1630441680,1814.77,22
1630441740,1814.73,13
1630441800,1815.03,96
1630441860,1814.99,25
1630441920,1815.04,28
1630441980,1815.19,17
1630442040,1815.26,19
1630442100,1815.18,31
1630442160,1815.20,5
1630442220,1815.17,7
1630442280,1815.20,27
1630442340,1814.91,39
1630442400,1815.07,15
1630442460,1815.64,53
1630442520,1815.39,18
1630442580,1815.41,14
1630442640,1815.40,16
1630442700,1815.06,35
1630442760,1815.12,6
1630442820,1815.25,5
1630442880,1814.45,80
1630442940,1814.44,30
1630443000,1814.43,28
1630443060,1814.43,6
1630443120,1814.33,4
1630443180,1814.30,19
1630443240,1814.29,26
1630443300,1814.31,47
1630443360,1814.32,11
1630447320,1814.42,26
1630447380,1814.52,37
1630447440,1814.43,25
1630447500,1814.35,25
1630447560,1814.43,30
1630447620,1814.57,27
1630447680,1814.55,14
1630447740,1814.56,7
1630447800,1814.51,12
1630447860,1814.68,21
1630447920,1814.69,3
1630447980,1814.69,5
1630448040,1814.66,4
1630448100,1814.68,14
1630448160,1814.64,7
1630448220,1814.54,20
1630448280,1814.52,15
1630448340,1814.45,13
1630448400,1814.45,25
1630448460,1814.12,30
1630448520,1814.22,9
1630448580,1814.23,29
1630448640,1814.19,18
1630448700,1814.11,47
1630448760,1814.10,19
1630448820,1814.02,13
1630448880,1814.04,29
1630448940,1814.03,22
1630449000,1814.10,17
1630449060,1814.11,16
1630449120,1814.10,12
1630449180,1814.14,18
1630449240,1814.17,11
1630449300,1814.17,19
1630449360,1813.94,40
1630449420,1813.94,9
1630449480,1813.95,17
1630449540,1813.97,8
1630449600,1813.97,15
1630449660,1813.76,27
1630449720,1813.96,21
1630449780,1814.14,24
1630449840,1813.88,33
1630449900,1813.80,19
1630449960,1814.06,24
1630450020,1814.06,8
1630450080,1814.03,19
1630450140,1813.95,13
1630450200,1813.97,15
1630450260,1813.85,21
1630450320,1813.94,36
1630450380,1814.08,30
1630450440,1813.96,12
1630450500,1814.03,12
1630450560,1814.18,9
1630450620,1813.99,7
1630450680,1813.96,10
1630450740,1814.01,22
1630450800,1814.40,38
1630450860,1814.40,10
1630450920,1813.96,41
1630450980,1814.00,21
1630451040,1814.08,10
1630451100,1814.05,28
1630451160,1813.85,27
1630451220,1813.86,6
1630451280,1814.00,22
1630451340,1813.97,17
1630451400,1813.87,7
1630451460,1813.97,15
1630451520,1813.78,26
1630451580,1813.85,17
1630451640,1813.81,17
1630451700,1813.87,15
1630451760,1813.99,11
1630451820,1814.07,14
1630451880,1814.06,14
1630451940,1813.94,12
1630452000,1813.93,4
1630452060,1814.14,22
1630452120,1813.97,18
1630452180,1814.00,13
1630452240,1813.98,9
1630452300,1813.94,21
1630452360,1813.90,8
1630452420,1814.06,24
1630452480,1813.95,20
1630452540,1814.19,36
1630452600,1814.02,25
1630452660,1814.00,16
1630452720,1814.24,22
1630452780,1814.39,20
1630452840,1814.79,16
1630452900,1814.72,22
1630452960,1814.83,16
1630453020,1814.47,33
1630453080,1814.59,55
1630453140,1814.56,44
1630453200,1814.55,33
1630453260,1814.45,34
1630453320,1814.26,28
1630453380,1814.16,22
1630453440,1814.16,11
1630453500,1814.20,17
1630453560,1814.44,50
1630453620,1814.83,32
1630453680,1814.89,29
1630453740,1814.77,16
1630453800,1814.74,24
1630453860,1814.84,31
1630453920,1814.92,25
1630453980,1815.00,37
1630454040,1814.95,18
1630454100,1814.84,33
1630454160,1814.83,56
1630454220,1814.60,53
1630454280,1814.49,37
1630454340,1814.54,46
