timestamp_utc,close,tick_volume
1459468800,1232.00,76
1459468860,1231.87,38
1459468920,1232.16,18
1459468980,1232.21,8
1459469040,1231.97,36
1459469100,1231.97,36
1459469160,1231.97,6
1459469280,1232.11,42
1459469340,1232.67,28
1459469400,1232.67,14
1459469460,1232.61,10
1459469520,1232.86,20
1459469580,1232.96,86
1459469640,1233.07,24
1459469700,1232.93,34
1459469760,1232.97,42
1459469820,1232.86,20
1459469880,1232.27,12
1459469940,1232.57,54
1459470000,1232.66,26
1459470060,1232.57,22
1459470120,1232.67,14
1459470180,1232.68,26
1459470240,1233.27,84
1459470300,1233.17,20
1459470360,1233.06,48
1459470420,1232.86,24
1459470480,1232.66,26
1459470540,1233.07,24
1459470600,1233.30,12
1459470660,1232.86,26
1459470720,1232.86,22
1459470780,1232.80,26
1459470840,1233.01,16
1459470900,1232.86,32
1459470960,1232.86,56
1459471020,1232.97,44
1459471080,1233.06,34
1459471140,1232.86,42
1459471200,1232.67,20
1459471260,1232.67,6
1459471320,1232.66,8
1459471380,1232.27,28
1459471440,1232.56,20
1459471500,1232.44,16
1459471560,1232.47,36
1459471620,1232.36,10
1459471680,1232.07,26
1459471740,1232.37,24
1459471800,1232.46,16
1459471860,1232.26,28
1459471920,1231.76,14
1459471980,1231.87,44
1459472040,1232.26,56
1459472100,1232.27,26
1459472160,1232.27,24
1459472220,1231.86,34
1459472280,1231.96,30
1459472340,1231.97,46
1459472400,1233.54,388
1459472460,1233.35,146
1459472520,1233.65,60
1459472580,1233.65,66
1459472640,1233.69,46
1459472700,1233.55,40
1459472760,1233.44,40
1459472820,1233.65,12
1459472880,1233.27,30
1459472940,1233.47,36
1459473000,1233.02,52
1459473060,1233.02,36
1459473120,1233.18,32
1459473180,1233.08,16
1459473240,1233.21,4
1459473300,1233.48,22
1459473360,1232.97,70
1459473420,1232.68,32
1459473480,1232.15,64
1459473540,1232.18,54
1459473600,1231.68,52
1459473660,1231.77,36
1459473720,1232.01,26
1459473780,1232.01,30
1459473840,1231.88,26
1459473900,1232.07,30
1459473960,1232.01,28
1459474020,1232.07,20
1459474080,1232.27,66
1459474140,1232.65,92
1459474200,1232.37,222
1459474260,1231.85,166
1459474320,1231.60,150
1459474380,1231.48,88
1459474440,1231.45,54
1459474500,1231.75,62
1459474560,1231.95,36
1459474620,1232.05,30
1459474680,1232.16,74
1459474740,1231.96,18
1459474800,1231.89,12
1459474860,1231.86,106
1459474920,1231.95,22
1459474980,1231.70,146
1459475040,1231.66,80
1459475100,1231.26,220
1459475160,1231.56,140
1459475220,1231.56,68
1459475280,1231.86,78
1459475340,1232.06,130
1459475400,1232.06,80
1459475460,1231.85,46
1459475520,1231.76,34
1459475580,1231.65,174
1459475640,1231.86,172
1459475700,1231.56,58
1459475760,1231.46,76
1459475820,1231.76,84
1459475880,1231.76,46
1459475940,1231.56,144
1459476000,1231.40,154
1459476060,1231.66,56
1459476120,1231.55,46
1459476180,1231.54,142
1459476240,1231.67,28
1459476300,1231.88,22
1459476360,1231.87,32
1459476420,1231.77,12
1459476480,1231.88,2
1459476540,1231.78,24
1459476600,1231.62,50
1459476660,1231.46,42
1459476720,1231.43,48
1459476780,1231.55,74
1459476840,1231.32,54
1459476900,1231.02,38
1459476960,1231.09,70
1459477020,1230.87,58
1459477080,1230.27,162
1459477140,1230.37,26
1459477200,1230.44,36
1459477260,1230.29,38
1459477320,1229.60,48
1459477380,1229.79,30
1459477440,1229.60,54
1459477500,1229.70,34
1459477560,1229.79,40
1459477620,1229.88,74
1459477680,1229.59,170
1459477740,1229.68,84
1459477800,1229.62,88
1459477860,1229.61,168
1459477920,1229.72,180
1459477980,1229.85,104
1459478040,1229.85,118
1459478100,1229.94,126
1459478160,1229.90,22
1459478220,1231.28,154
1459478280,1231.45,176
1459478340,1231.60,46
1459478400,1231.40,52
1459478460,1231.60,42
1459478520,1231.41,48
1459478580,1230.97,26
1459478640,1230.73,136
1459478700,1230.87,20
1459478760,1230.61,40
1459478820,1230.67,38
1459478880,1230.68,2
1459478940,1230.51,14
1459479000,1230.44,36
1459479060,1230.52,24
1459479120,1230.45,24
1459479180,1230.40,52
1459479240,1230.40,10
1459479300,1230.44,6
1459479360,1230.43,22
1459479420,1230.96,30
1459479480,1230.81,22
1459479540,1230.81,14
1459479600,1230.73,10
1459479660,1230.65,34
1459479720,1230.66,56
1459479780,1230.55,52
1459479840,1230.54,56
1459479900,1230.54,12
1459479960,1230.55,38
1459480020,1230.42,30
1459480080,1230.54,52
1459480140,1230.52,46
1459480200,1230.41,30
1459480260,1230.34,8
1459480320,1230.52,38
1459480380,1230.52,38
1459480440,1230.76,20
1459480500,1230.70,38
1459480560,1230.62,34
1459480620,1230.63,14
1459480680,1230.68,28
1459480740,1230.77,18
1459480800,1230.67,6
1459480920,1230.68,26
1459480980,1230.68,28
1459481040,1230.58,16
1459481100,1230.61,26
1459481160,1230.61,4
1459481220,1230.77,8
1459481280,1231.07,8
1459481340,1230.77,10
1459481400,1230.58,32
1459481460,1230.68,42
1459481520,1230.37,42
1459481580,1230.48,26
1459481640,1230.27,16
1459481700,1230.08,32
1459481760,1229.88,44
1459481820,1229.88,12
1459481880,1229.77,18
1459481940,1229.98,6
1459482060,1229.91,22
1459482120,1229.97,16
1459482180,1229.88,10
1459482240,1230.07,12
1459482300,1229.97,16
1459482360,1230.07,20
1459482420,1230.08,10
1459482480,1229.98,20
1459482540,1230.38,24
1459482600,1230.22,8
1459482660,1230.07,12
1459482720,1230.07,20
1459482780,1229.88,38
1459482900,1229.87,8
1459482960,1229.67,12
1459483020,1229.91,32
1459483080,1230.02,8
1459483140,1229.81,18
1459483200,1229.81,26
1459483260,1229.91,36
1459483320,1229.94,40
1459483380,1229.98,102
1459483440,1229.85,82
1459483500,1230.15,66
1459483560,1230.27,52
1459483620,1230.35,10
1459483680,1230.33,22
1459483740,1230.39,42
1459483800,1230.65,66
1459483860,1230.56,34
1459483920,1230.56,4
1459484040,1230.86,22
1459484100,1230.76,2
1459484160,1230.66,12
1459484220,1230.65,20
1459484280,1230.65,10
1459484340,1230.26,14
1459484400,1230.11,14
1459484460,1230.51,32
1459484520,1230.52,8
1459484580,1230.58,24
1459484640,1230.38,18
1459484700,1230.11,14
1459484760,1230.27,8
1459484820,1230.31,6
1459484880,1230.58,6
1459484940,1230.48,14
1459485000,1230.37,22
1459485060,1230.27,30
1459485120,1230.08,36
1459485180,1230.27,46
1459485240,1230.68,18
1459485300,1230.93,46
1459485360,1231.27,26
1459485420,1231.27,22
1459485480,1231.21,26
1459485540,1231.11,34
1459485600,1231.54,54
1459485660,1231.52,42
1459485720,1231.37,8
1459485780,1231.38,10
1459485840,1231.57,10
1459485900,1231.61,24
1459485960,1231.96,32
1459486020,1231.70,28
1459486080,1231.69,42
1459486140,1231.66,2
1459486200,1231.35,44
1459486260,1231.40,42
1459486320,1231.31,40
1459486380,1231.09,32
1459486440,1231.28,42
1459486500,1231.28,28
1459486560,1230.96,20
1459486620,1230.86,10
1459486680,1231.16,10
1459486740,1230.95,20
1459486800,1230.62,48
1459486860,1230.89,46
1459486920,1230.79,10
1459486980,1231.17,20
1459487040,1230.96,24
1459487100,1231.00,14
1459487160,1231.05,14
1459487220,1231.00,6
1459487280,1230.75,24
1459487340,1230.65,16
1459487400,1230.81,28
1459487460,1230.77,30
1459487520,1230.69,18
1459487580,1230.99,22
1459487640,1231.45,26
1459487700,1231.55,30
1459487760,1231.46,24
1459487820,1231.65,14
1459487880,1231.66,18
1459487940,1231.35,50
1459488000,1231.75,16
1459488060,1231.56,14
1459488120,1231.50,44
1459488180,1231.47,34
1459488240,1231.55,34
1459488300,1231.77,74
1459488360,1231.47,162
1459488420,1231.57,200
1459488480,1231.37,122
1459488540,1231.35,138
1459488600,1231.25,18
1459488660,1231.26,4
1459488720,1231.57,94
1459488780,1231.87,140
1459488840,1232.15,112
1459488900,1232.27,68
1459488960,1232.04,92
1459489020,1231.85,96
1459489080,1232.12,86
1459489140,1231.99,40
1459489200,1232.52,32
1459489260,1232.60,58
1459489320,1232.82,126
1459489380,1232.72,24
1459489440,1232.71,60
1459489500,1232.85,178
1459489560,1232.65,118
1459489620,1232.57,126
1459489680,1232.62,24
1459489740,1232.67,10
1459489800,1232.62,36
1459489860,1232.66,28
1459489920,1232.64,86
1459489980,1232.64,34
1459490040,1232.40,50
1459490100,1232.38,44
1459490160,1232.57,52
1459490220,1232.71,56
1459490280,1232.50,30
1459490340,1232.53,12
1459490400,1232.20,98
1459490460,1232.26,76
1459490520,1232.39,22
1459490580,1232.55,50
1459490640,1232.39,42
1459490700,1232.30,92
1459490760,1232.41,44
1459490820,1232.19,66
1459490880,1232.22,54
1459490940,1231.99,52
1459491000,1231.77,108
1459491060,1232.09,102
1459491120,1232.09,202
1459491180,1231.97,120
1459491240,1231.82,134
1459491300,1231.95,122
1459491360,1231.99,62
1459491420,1232.12,8
1459491480,1232.20,64
1459491540,1232.21,62
1459491600,1232.69,164
1459491660,1232.75,86
1459491720,1232.62,146
1459491780,1232.49,130
1459491840,1232.72,110
1459491900,1233.32,214
1459491960,1232.95,212
1459492020,1233.09,116
1459492080,1233.52,162
1459492140,1233.51,108
1459492200,1234.45,188
1459492260,1234.36,198
1459492320,1234.13,148
1459492380,1234.68,146
1459492440,1235.08,146
1459492500,1234.84,124
1459492560,1234.43,126
1459492620,1234.63,94
1459492680,1234.85,86
1459492740,1234.51,84
1459492800,1234.49,38
1459492860,1234.12,70
1459492920,1234.04,30
1459492980,1233.99,22
1459493040,1233.80,134
1459493100,1233.90,38
1459493160,1234.01,84
1459493220,1233.72,46
1459493280,1233.61,32
1459493340,1233.90,80
1459493400,1233.99,66
1459493460,1233.85,64
1459493520,1233.52,84
1459493580,1233.47,156
1459493640,1233.70,136
1459493700,1233.68,92
1459493760,1233.79,98
1459493820,1233.76,200
1459493880,1233.79,154
1459493940,1233.66,158
1459494000,1233.12,184
1459494060,1232.93,188
1459494120,1233.26,154
1459494180,1233.19,60
1459494240,1233.35,46
1459494300,1233.13,86
1459494360,1232.97,84
1459494420,1233.03,144
1459494480,1232.91,186
1459494540,1232.78,132
1459494600,1232.47,220
1459494660,1232.73,66
1459494720,1232.68,68
1459494780,1232.89,88
1459494840,1232.98,136
1459494900,1233.38,158
1459494960,1233.68,100
1459495020,1233.72,144
1459495080,1233.42,100
1459495140,1233.32,92
1459495200,1233.55,114
1459495260,1234.03,148
1459495320,1233.87,122
1459495380,1234.28,142
1459495440,1234.25,118
1459495500,1233.95,184
1459495560,1234.07,84
1459495620,1234.18,80
1459495680,1234.17,156
1459495740,1234.12,118
1459495800,1234.22,78
1459495860,1233.98,130
1459495920,1234.17,84
1459495980,1234.30,104
1459496040,1234.36,80
1459496100,1233.88,188
1459496160,1233.97,98
1459496220,1233.68,96
1459496280,1234.07,96
1459496340,1234.17,52
1459496400,1234.46,224
1459496460,1233.76,76
1459496520,1233.37,118
1459496580,1233.09,206
1459496640,1233.17,148
1459496700,1233.22,22
1459496760,1233.37,12
1459496820,1233.42,22
1459496880,1233.42,12
1459496940,1233.18,52
1459497000,1233.42,26
1459497120,1233.42,30
1459497180,1233.92,36
1459497240,1233.70,58
1459497300,1233.71,72
1459497360,1233.79,80
1459497420,1233.51,60
1459497480,1233.40,16
1459497540,1233.21,48
1459497600,1232.80,126
1459497660,1231.98,78
1459497720,1232.36,64
1459497780,1232.21,60
1459497840,1231.67,102
1459497900,1232.07,18
1459497960,1232.21,38
1459498020,1232.29,68
1459498080,1232.47,24
1459498140,1232.52,52
1459498200,1232.41,34
1459498260,1232.43,38
1459498320,1232.42,50
1459498380,1232.42,54
1459498440,1232.47,76
1459498500,1232.54,16
1459498560,1232.42,90
1459498620,1232.62,76
1459498680,1232.83,30
1459498740,1232.94,90
1459498800,1232.91,106
1459498860,1233.12,88
1459498920,1233.42,132
1459498980,1233.32,134
1459499040,1233.30,124
1459499100,1233.63,124
1459499160,1233.83,130
1459499220,1233.43,98
1459499280,1233.43,140
1459499340,1233.28,132
1459499400,1233.02,102
1459499460,1232.99,12
1459499520,1233.15,34
1459499580,1233.22,116
1459499640,1233.03,114
1459499700,1232.84,96
1459499760,1232.84,128
1459499820,1232.91,84
1459499880,1232.88,88
1459499940,1232.61,32
1459500000,1232.79,22
1459500060,1232.81,36
1459500120,1232.79,44
1459500180,1232.69,56
1459500240,1233.06,50
1459500300,1232.89,36
1459500360,1233.02,26
1459500420,1233.11,60
1459500480,1232.99,40
1459500540,1232.92,34
1459500600,1233.21,34
1459500660,1233.00,56
1459500720,1233.08,16
1459500780,1233.21,34
1459500840,1233.20,32
1459500900,1233.44,60
1459500960,1233.30,90
1459501020,1233.19,42
1459501080,1233.12,4
1459501140,1233.24,30
1459501200,1233.26,46
1459501260,1233.33,22
1459501320,1233.32,40
1459501380,1233.44,6
1459501440,1233.45,20
1459501500,1233.51,38
1459501560,1233.41,32
1459501620,1233.30,22
1459501680,1233.22,44
1459501740,1233.28,44
1459501800,1233.61,22
1459501860,1233.72,42
1459501920,1233.65,24
1459501980,1233.54,52
1459502040,1233.45,82
1459502100,1233.41,62
1459502160,1233.72,30
1459502220,1233.83,50
1459502280,1233.89,70
1459502340,1233.31,132
1459502400,1233.38,102
1459502460,1233.52,130
1459502520,1233.42,140
1459502580,1232.83,188
1459502640,1232.85,90
1459502700,1232.73,194
1459502760,1232.85,182
1459502820,1232.96,154
1459502880,1233.17,134
1459502940,1232.86,182
1459503000,1232.21,210
1459503060,1232.34,170
1459503120,1232.41,216
1459503180,1232.62,170
1459503240,1232.64,150
1459503300,1232.83,138
1459503360,1232.80,192
1459503420,1232.64,172
1459503480,1232.77,120
1459503540,1232.55,126
1459503600,1232.59,140
1459503660,1232.57,168
1459503720,1232.58,50
1459503780,1232.53,100
1459503840,1232.54,152
1459503900,1232.43,196
1459503960,1232.24,124
1459504020,1232.24,142
1459504080,1232.21,200
1459504140,1232.11,116
1459504200,1232.29,164
1459504260,1232.11,168
1459504320,1231.88,140
1459504380,1231.73,230
1459504440,1231.61,212
1459504500,1231.18,258
1459504560,1231.24,270
1459504620,1231.42,194
1459504680,1231.26,166
1459504740,1231.24,180
1459504800,1231.44,70
1459504860,1231.34,58
1459504920,1231.44,98
1459504980,1231.24,90
1459505040,1231.25,148
1459505100,1231.01,120
1459505160,1230.99,20
1459505220,1231.15,32
1459505280,1231.34,80
1459505340,1230.74,112
1459505400,1231.04,54
1459505460,1231.14,36
1459505520,1231.24,58
1459505580,1231.24,128
1459505640,1231.54,56
1459505700,1231.04,36
1459505760,1231.27,74
1459505820,1231.36,22
1459505880,1231.37,62
1459505940,1231.26,82
1459506000,1231.12,78
1459506060,1231.00,32
1459506120,1231.05,86
1459506180,1231.34,88
1459506240,1231.57,80
1459506300,1231.47,176
1459506360,1231.36,98
1459506420,1231.27,118
1459506480,1231.34,104
1459506540,1231.19,162
1459506600,1231.46,168
1459506660,1231.54,154
1459506720,1231.62,124
1459506780,1231.47,134
1459506840,1231.87,298
1459506900,1231.84,196
1459506960,1231.76,134
1459507020,1231.55,296
1459507080,1231.89,184
1459507140,1231.77,168
1459507200,1231.87,188
1459507260,1231.99,156
1459507320,1232.14,104
1459507380,1231.89,134
1459507440,1231.85,146
1459507500,1232.04,80
1459507560,1232.06,142
1459507620,1232.12,94
1459507680,1232.10,8
1459507740,1232.06,44
1459507800,1232.14,94
1459507860,1232.06,42
1459507920,1232.15,112
1459507980,1232.03,136
1459508040,1232.17,78
1459508100,1232.06,120
1459508160,1232.01,124
1459508220,1231.96,66
1459508280,1231.97,140
1459508340,1232.09,202
1459508400,1231.95,278
1459508460,1231.86,248
1459508520,1231.26,240
1459508580,1231.27,80
1459508640,1231.47,124
1459508700,1231.43,86
1459508760,1231.31,24
1459508820,1231.37,88
1459508880,1231.34,98
1459508940,1231.37,154
1459509000,1231.06,138
1459509060,1230.19,146
1459509120,1230.11,294
1459509180,1230.62,116
1459509240,1230.57,122
1459509300,1230.46,108
1459509360,1230.45,90
1459509420,1230.43,160
1459509480,1230.56,154
1459509540,1230.37,176
1459509600,1230.28,48
1459509660,1230.45,20
1459509720,1230.53,56
1459509780,1230.78,24
1459509840,1230.76,10
1459509900,1230.55,40
1459509960,1230.26,44
1459510020,1230.28,18
1459510080,1228.25,96
1459510140,1229.00,182
1459510200,1228.78,52
1459510260,1229.20,52
1459510320,1229.10,26
1459510380,1229.28,36
1459510440,1229.18,42
1459510500,1229.15,56
1459510560,1228.98,22
1459510620,1229.30,32
1459510680,1229.50,36
1459510740,1229.08,38
1459510800,1229.08,20
1459510860,1228.97,28
1459510920,1228.60,94
1459510980,1228.07,128
1459511040,1228.08,128
1459511100,1228.68,92
1459511160,1228.71,206
1459511220,1229.16,204
1459511280,1229.21,214
1459511340,1229.60,136
1459511400,1229.50,108
1459511460,1229.77,140
1459511520,1229.53,122
1459511580,1229.59,114
1459511640,1229.82,58
1459511700,1229.97,56
1459511760,1229.87,44
1459511820,1230.08,30
1459511880,1229.75,24
1459511940,1229.17,60
1459512000,1229.33,142
1459512060,1229.68,120
1459512120,1229.40,150
1459512180,1229.56,124
1459512240,1229.89,120
1459512300,1229.90,154
1459512360,1229.99,182
1459512420,1229.69,236
1459512480,1229.81,214
1459512540,1230.09,114
1459512600,1230.37,110
1459512660,1230.50,214
1459512720,1231.27,236
1459512780,1231.17,264
1459512840,1231.39,174
1459512900,1231.64,304
1459512960,1231.61,242
1459513020,1231.68,248
1459513080,1232.24,270
1459513140,1232.11,296
1459513200,1232.11,280
1459513260,1232.18,204
1459513320,1231.33,292
1459513380,1231.22,50
1459513440,1230.79,132
1459513500,1232.69,132
1459513560,1231.96,130
1459513620,1232.12,74
1459513680,1232.14,74
1459513740,1232.75,120
1459513800,1228.14,444
1459513860,1228.99,480
1459513920,1229.32,542
1459513980,1229.17,536
1459514040,1227.99,544
1459514100,1225.40,510
1459514160,1227.74,426
1459514220,1226.94,422
1459514280,1227.17,314
1459514340,1228.64,492
1459514400,1229.67,470
1459514460,1228.44,342
1459514520,1227.84,482
1459514580,1225.72,394
1459514640,1226.59,422
1459514700,1222.87,522
1459514760,1222.78,490
1459514820,1221.48,488
1459514880,1220.49,426
1459514940,1219.97,472
1459515000,1217.57,464
1459515060,1218.47,450
1459515120,1218.49,244
1459515180,1217.57,398
1459515240,1219.02,346
1459515300,1219.97,434
1459515360,1221.23,386
1459515420,1219.85,422
1459515480,1219.88,456
1459515540,1218.41,428
1459515600,1218.20,410
1459515660,1218.84,256
1459515720,1218.78,458
1459515780,1218.76,446
1459515840,1218.53,400
1459515900,1219.65,322
1459515960,1219.71,286
1459516020,1219.38,314
1459516080,1219.86,196
1459516140,1219.84,262
1459516200,1219.43,274
1459516260,1219.26,286
1459516320,1218.20,254
1459516380,1218.83,364
1459516440,1218.09,340
1459516500,1217.84,400
1459516560,1217.88,392
1459516620,1216.73,384
1459516680,1215.92,234
1459516740,1216.27,418
1459516800,1213.72,420
1459516860,1214.01,306
1459516920,1214.43,234
1459516980,1215.24,322
1459517040,1214.35,410
1459517100,1214.77,372
1459517160,1214.71,338
1459517220,1213.68,380
1459517280,1214.12,278
1459517340,1215.04,332
1459517400,1215.09,398
1459517460,1215.36,272
1459517520,1215.55,416
1459517580,1216.05,346
1459517640,1216.42,288
1459517700,1216.52,72
1459517760,1216.01,370
1459517820,1216.55,408
1459517880,1217.32,216
1459517940,1217.53,244
1459518000,1217.51,216
1459518060,1217.62,192
1459518120,1218.22,206
1459518180,1218.02,206
1459518240,1217.59,348
1459518300,1217.04,386
1459518360,1217.34,308
1459518420,1217.79,336
1459518480,1217.62,180
1459518540,1217.90,42
1459518600,1216.90,376
1459518660,1216.88,326
1459518720,1217.05,232
1459518780,1216.38,306
1459518840,1216.19,180
1459518900,1215.22,312
1459518960,1214.37,276
1459519020,1214.96,150
1459519080,1214.49,194
1459519140,1214.80,410
1459519200,1213.21,482
1459519260,1213.76,426
1459519320,1214.36,368
1459519380,1213.66,330
1459519440,1212.42,344
1459519500,1211.46,404
1459519560,1211.47,276
1459519620,1211.62,320
1459519680,1210.75,474
1459519740,1211.06,438
1459519800,1209.88,400
1459519860,1210.22,188
1459519920,1211.43,228
1459519980,1211.22,268
1459520040,1211.53,184
1459520100,1211.51,260
1459520160,1211.55,286
1459520220,1211.73,294
1459520280,1211.70,170
1459520340,1213.27,234
1459520400,1213.48,242
1459520460,1213.70,168
1459520520,1213.80,218
1459520580,1213.46,160
1459520640,1213.00,186
1459520700,1213.30,126
1459520760,1213.82,298
1459520820,1213.12,214
1459520880,1213.71,228
1459520940,1214.09,310
1459521000,1213.62,342
1459521060,1213.72,236
1459521120,1213.22,326
1459521180,1214.07,146
1459521240,1214.45,274
1459521300,1214.07,236
1459521360,1213.60,216
1459521420,1213.14,150
1459521480,1212.98,266
1459521540,1212.97,298
1459521600,1213.21,172
1459521660,1212.78,310
1459521720,1212.29,330
1459521780,1212.08,306
1459521840,1211.77,252
1459521900,1211.55,362
1459521960,1212.03,372
1459522020,1212.41,396
1459522080,1212.51,354
1459522140,1213.07,336
1459522200,1213.09,254
1459522260,1213.19,170
1459522320,1212.92,262
1459522380,1212.40,160
1459522440,1211.14,310
1459522500,1211.68,358
1459522560,1212.09,278
1459522620,1211.75,304
1459522680,1212.83,216
1459522740,1212.48,126
1459522800,1211.90,212
1459522860,1211.80,106
1459522920,1211.92,266
1459522980,1212.28,286
1459523040,1212.60,322
1459523100,1212.16,242
1459523160,1212.20,210
1459523220,1212.64,144
1459523280,1212.81,164
1459523340,1213.21,106
1459523400,1213.11,144
1459523460,1213.20,140
1459523520,1213.01,202
1459523580,1212.83,224
1459523640,1212.67,74
1459523700,1212.76,170
1459523760,1212.67,200
1459523820,1212.51,188
1459523880,1212.70,96
1459523940,1212.70,192
1459524000,1212.01,238
1459524060,1212.70,178
1459524120,1212.03,198
1459524180,1211.62,186
1459524240,1211.96,50
1459524300,1212.27,186
1459524360,1212.04,204
1459524420,1212.06,134
1459524480,1211.63,256
1459524540,1211.67,262
1459524600,1210.39,430
1459524660,1211.36,212
1459524720,1212.39,256
1459524780,1212.92,94
1459524840,1213.20,78
1459524900,1213.42,160
1459524960,1213.25,50
1459525020,1213.02,78
1459525080,1213.37,30
1459525140,1213.29,98
1459525200,1214.37,128
1459525260,1214.31,184
1459525320,1213.72,128
1459525380,1213.70,70
1459525440,1213.49,48
1459525500,1213.24,78
1459525560,1213.37,44
1459525620,1213.48,128
1459525680,1213.96,112
1459525740,1214.00,22
1459525800,1213.74,206
1459525860,1213.89,246
1459525920,1213.99,174
1459525980,1213.90,26
1459526040,1213.71,18
1459526100,1213.69,38
1459526160,1213.68,90
1459526220,1213.68,144
1459526280,1213.96,174
1459526340,1214.18,174
1459526400,1214.08,162
1459526460,1213.86,196
1459526520,1213.47,130
1459526580,1213.52,196
1459526640,1213.50,128
1459526700,1213.23,194
1459526760,1213.81,258
1459526820,1214.01,212
1459526880,1214.58,276
1459526940,1214.08,160
1459527000,1214.07,128
1459527060,1214.29,156
1459527120,1215.39,260
1459527180,1215.51,280
1459527240,1215.29,70
1459527300,1215.46,96
1459527360,1216.04,132
1459527420,1216.04,152
1459527480,1215.56,134
1459527540,1215.63,96
1459527600,1215.56,124
1459527660,1215.53,106
1459527720,1215.55,108
1459527780,1216.05,62
1459527840,1216.45,70
1459527900,1215.65,198
1459527960,1215.66,46
1459528020,1215.65,62
1459528080,1216.25,136
1459528140,1216.04,98
1459528200,1215.96,84
1459528260,1215.76,64
1459528320,1215.47,112
1459528380,1215.26,92
1459528440,1215.12,96
1459528500,1215.57,46
1459528560,1215.37,68
1459528620,1215.08,98
1459528680,1215.56,106
1459528740,1216.66,128
1459528800,1216.37,114
1459528860,1216.67,100
1459528920,1216.67,112
1459528980,1216.95,134
1459529040,1216.87,96
1459529100,1217.17,76
1459529160,1217.08,148
1459529220,1217.16,124
1459529280,1217.59,150
1459529340,1217.89,296
1459529400,1217.62,190
1459529460,1217.56,192
1459529520,1217.37,114
1459529580,1216.84,80
1459529640,1217.09,176
1459529700,1217.14,168
1459529760,1216.96,90
1459529820,1216.64,132
1459529880,1216.45,120
1459529940,1216.74,54
1459530000,1216.92,160
1459530060,1216.75,68
1459530120,1216.66,84
1459530180,1216.35,78
1459530240,1216.27,98
1459530300,1216.67,50
1459530360,1217.07,64
1459530420,1217.47,112
1459530480,1217.80,84
1459530540,1218.02,168
1459530600,1218.33,200
1459530660,1218.53,146
1459530720,1218.58,66
1459530780,1219.73,166
1459530840,1220.07,286
1459530900,1221.42,216
1459530960,1220.97,226
1459531020,1221.13,212
1459531080,1221.40,236
1459531140,1221.38,150
1459531200,1222.19,92
1459531260,1222.09,140
1459531320,1222.05,34
1459531380,1222.24,36
1459531440,1222.06,128
1459531500,1223.36,198
1459531560,1222.85,106
1459531620,1221.90,92
1459531680,1221.54,150
1459531740,1222.16,140
1459531800,1223.26,74
1459531860,1222.26,66
1459531920,1222.06,26
1459531980,1222.15,66
1459532040,1222.54,84
1459532100,1222.33,42
1459532160,1222.05,58
1459532220,1222.23,34
1459532280,1221.39,132
1459532340,1221.37,72
1459532400,1221.39,44
1459532460,1221.98,64
1459532520,1221.77,120
1459532580,1221.54,86
1459532640,1221.24,62
1459532700,1221.36,104
1459532760,1221.31,66
1459532820,1221.17,98
1459532880,1221.16,82
1459532940,1221.30,82
1459533000,1220.91,222
1459533060,1220.69,188
1459533120,1220.66,166
1459533180,1220.72,180
1459533240,1220.58,114
1459533300,1220.48,98
1459533360,1220.29,26
1459533420,1220.56,164
1459533480,1220.25,188
1459533540,1219.93,264
1459533600,1220.37,194
1459533660,1220.57,174
1459533720,1221.03,156
1459533780,1220.98,132
1459533840,1220.95,166
1459533900,1220.95,112
1459533960,1221.26,144
1459534020,1221.35,186
1459534080,1221.35,136
1459534140,1221.24,130
1459534200,1221.14,114
1459534260,1220.64,122
1459534320,1220.54,56
1459534380,1220.23,56
1459534440,1219.75,34
1459534500,1219.69,66
1459534560,1220.20,48
1459534620,1220.09,102
1459534680,1220.29,122
1459534740,1220.04,64
1459534800,1220.44,46
1459534860,1220.39,18
1459534920,1220.38,68
1459534980,1220.28,106
1459535040,1220.18,62
1459535100,1220.38,70
1459535160,1220.58,30
1459535220,1220.58,58
1459535280,1220.58,100
1459535340,1220.78,90
1459535400,1220.58,98
1459535460,1220.53,38
1459535520,1220.52,66
1459535580,1220.47,50
1459535640,1220.57,6
1459535700,1220.57,12
1459535760,1220.17,54
1459535820,1220.17,36
1459535880,1219.87,52
1459535940,1220.17,40
1459536000,1220.16,18
1459536060,1220.27,22
1459536120,1219.97,68
1459536180,1219.87,26
1459536240,1219.77,30
1459536300,1219.97,46
1459536360,1219.97,34
1459536420,1219.95,58
1459536480,1219.99,90
1459536540,1220.43,130
1459536600,1220.08,42
1459536660,1219.93,24
1459536720,1219.90,114
1459536780,1219.47,80
1459536840,1219.47,34
1459536900,1219.87,86
1459536960,1220.50,44
1459537020,1220.47,78
1459537080,1220.27,142
1459537140,1220.17,90
1459537200,1220.67,66
1459537260,1220.87,72
1459537320,1220.97,22
1459537380,1221.27,50
1459537440,1221.12,62
1459537500,1221.04,24
1459537560,1220.82,92
1459537620,1221.07,54
1459537680,1221.15,46
1459537740,1221.13,82
1459537800,1221.37,112
1459537860,1221.56,150
1459537920,1222.03,148
1459537980,1221.78,126
1459538040,1221.76,138
1459538100,1221.94,140
1459538160,1222.21,152
1459538220,1222.43,196
1459538280,1223.02,202
1459538340,1223.13,58
1459538400,1222.83,42
1459538460,1222.73,32
1459538520,1222.73,72
1459538580,1222.87,112
1459538640,1222.91,168
1459538700,1222.52,176
1459538760,1222.43,112
1459538820,1222.53,86
1459538880,1222.45,58
1459538940,1222.33,112
1459539000,1222.51,106
1459539060,1222.91,76
1459539120,1222.95,128
1459539180,1222.81,86
1459539240,1222.64,138
1459539300,1222.60,108
1459539360,1222.74,120
1459539420,1222.65,134
1459539480,1222.54,160
1459539540,1222.59,98
1459539600,1222.93,150
1459539660,1223.96,232
1459539720,1223.78,272
1459539780,1223.32,188
1459539840,1222.92,204
1459539900,1222.91,276
1459539960,1222.92,260
1459540020,1223.21,232
1459540080,1223.57,46
1459540140,1223.72,240
1459540200,1223.72,242
1459540260,1223.63,290
1459540320,1223.24,230
1459540380,1222.77,298
1459540440,1222.37,238
1459540500,1222.36,248
1459540560,1222.79,188
1459540620,1222.69,212
1459540680,1222.83,220
1459540740,1223.52,200
1459540800,1223.51,54
1459540860,1223.61,34
1459540920,1223.28,34
1459540980,1223.21,34
1459541040,1222.75,40
1459541100,1222.79,50
1459541160,1222.93,46
1459541220,1223.09,32
1459541280,1222.89,38
1459541340,1223.06,38
1459541400,1223.06,4
1459541460,1222.74,22
1459541520,1222.90,14
1459541580,1222.83,12
1459541640,1222.83,14
1459541700,1222.58,14
1459541760,1221.88,30
1459541820,1222.14,26
1459541880,1222.28,16
1459541940,1222.21,14
1459542000,1222.24,12
1459542060,1221.93,30
1459542120,1221.95,22
1459542180,1221.94,6
1459542240,1222.06,10
1459542300,1222.01,8
1459542360,1221.77,14
1459542420,1221.95,14
1459542480,1221.79,42
1459542540,1221.66,26
1459542600,1221.76,10
1459542660,1221.76,12
1459542780,1221.86,10
1459542840,1221.57,22
1459542900,1221.76,20
1459542960,1221.92,24
1459543020,1221.74,12
1459543080,1221.74,10
1459543140,1221.88,14
1459543200,1221.98,20
1459543260,1222.14,10
1459543320,1222.24,4
1459543380,1222.24,4
1459543440,1222.31,32
1459543500,1222.51,30
1459543560,1222.48,20
1459543620,1222.15,38
1459543680,1222.09,22
1459543740,1222.09,4
1459543800,1221.89,6
1459543860,1222.22,30
1459543920,1222.25,28
1459543980,1222.25,18
1459544040,1222.28,32
1459544100,1222.31,18
1459544160,1222.11,16
1459544220,1222.18,18
1459544280,1222.22,16
1459720800,1220.51,138
1459720860,1220.51,68
1459720920,1220.59,16
1459720980,1220.69,30
1459721040,1220.46,26
1459721100,1220.47,36
1459721160,1220.52,14
1459721220,1220.29,34
1459721280,1219.93,24
1459721340,1219.81,28
1459721400,1219.71,38
1459721460,1220.11,24
1459721520,1219.94,18
1459721580,1219.91,82
1459721640,1219.81,26
1459721700,1219.83,22
1459721760,1219.91,12
1459721820,1219.91,28
1459721880,1219.85,26
1459721940,1220.15,50
1459722000,1220.15,22
1459722060,1220.12,16
1459722120,1220.10,4
1459722180,1220.06,18
1459722240,1220.06,14
1459722300,1220.08,14
1459722360,1220.08,50
1459722420,1220.12,56
1459722480,1219.85,28
1459722540,1220.03,24
1459722600,1219.75,20
1459722660,1219.71,48
1459722720,1219.50,52
1459722780,1219.66,20
1459722840,1219.41,28
1459722900,1218.62,48
1459722960,1218.14,58
1459723020,1218.79,62
1459723080,1218.84,36
1459723140,1218.94,12
1459723200,1219.09,18
1459723260,1218.84,28
1459723320,1218.74,20
1459723380,1218.65,16
1459723440,1218.94,30
1459723500,1219.08,16
1459723560,1218.95,38
1459723620,1218.12,20
1459723680,1218.44,30
1459723740,1218.45,18
1459723800,1218.39,8
1459723860,1218.48,24
1459723920,1218.40,6
1459723980,1218.66,18
1459724040,1218.95,22
1459724100,1218.95,8
1459724160,1218.75,20
1459724220,1218.28,26
1459724280,1218.84,36
1459724340,1218.72,18
1459724400,1218.72,16
1459724460,1219.10,24
1459724520,1219.51,36
1459724580,1219.95,60
1459724640,1219.69,34
1459724700,1220.05,32
1459724760,1220.38,26
1459724820,1220.39,20
1459724880,1220.09,12
1459724940,1220.05,6
1459725000,1220.39,16
1459725060,1220.54,8
1459725120,1220.58,14
1459725180,1220.85,14
1459725240,1220.35,26
1459725300,1219.94,34
1459725360,1220.04,4
1459725420,1220.07,42
1459725480,1219.65,68
1459725540,1219.55,6
1459725600,1219.71,108
1459725660,1219.72,50
1459725720,1219.19,54
1459725780,1219.49,34
1459725840,1219.68,16
1459725900,1219.74,20
1459725960,1219.64,60
1459726020,1219.55,36
1459726080,1219.59,40
1459726140,1219.34,14
1459726200,1219.34,80
1459726260,1219.65,78
1459726380,1219.15,20
1459726440,1219.14,38
1459726500,1218.99,40
1459726560,1218.89,38
1459726620,1219.15,42
1459726680,1219.35,10
1459726740,1219.28,6
1459726860,1219.34,58
1459726920,1219.55,32
1459726980,1219.49,24
1459727040,1219.49,8
1459727100,1219.09,48
1459727160,1219.04,66
1459727220,1219.01,44
1459727280,1219.49,30
1459727340,1219.54,4
1459727400,1219.64,22
1459727460,1219.55,20
1459727520,1219.44,6
1459727580,1219.24,28
1459727640,1219.24,40
1459727700,1219.32,56
1459727760,1219.67,46
1459727820,1219.94,20
1459727880,1220.26,92
1459727940,1220.47,134
1459728000,1220.78,64
1459728060,1220.44,60
1459728120,1220.34,82
1459728180,1220.05,74
1459728240,1220.91,82
1459728300,1220.77,124
1459728360,1220.66,200
1459728420,1220.81,134
1459728480,1220.99,184
1459728540,1220.68,194
1459728600,1221.08,268
1459728660,1220.62,246
1459728720,1220.62,154
1459728780,1220.44,164
1459728840,1220.14,112
1459728900,1220.20,300
1459728960,1220.39,222
1459729020,1220.76,138
1459729080,1220.87,154
1459729140,1220.56,184
1459729200,1220.69,154
1459729260,1220.65,10
1459729320,1220.89,76
1459729380,1221.19,32
1459729440,1221.39,88
1459729500,1221.09,46
1459729560,1221.19,50
1459729620,1221.30,34
1459729680,1221.35,44
1459729740,1221.35,100
1459729800,1221.49,84
1459729860,1221.59,32
1459729920,1221.39,40
1459729980,1221.32,54
1459730040,1221.32,48
1459730100,1221.32,34
1459730160,1221.39,6
1459730220,1221.13,18
1459730280,1221.32,24
1459730340,1221.39,14
1459730400,1221.48,26
1459730460,1221.43,34
1459730520,1221.48,20
1459730580,1221.39,10
1459730640,1221.49,26
1459730700,1221.59,18
1459730760,1221.59,16
1459730820,1221.59,4
1459730880,1221.89,26
1459730940,1221.89,26
1459731000,1221.78,26
1459731060,1221.82,52
1459731120,1221.88,38
1459731180,1222.02,20
1459731240,1221.98,28
1459731300,1221.99,28
1459731360,1221.99,18
1459731420,1221.89,12
1459731480,1221.98,44
1459731540,1222.29,44
1459731600,1222.39,78
1459731660,1221.98,18
1459731720,1221.78,30
1459731780,1221.65,30
1459731840,1221.45,48
1459731900,1221.29,14
1459731960,1220.96,48
1459732020,1220.98,154
1459732080,1220.76,110
1459732140,1220.95,50
1459732200,1220.84,102
1459732260,1220.92,70
1459732320,1220.72,72
1459732380,1220.52,72
1459732440,1220.39,36
1459732500,1220.29,16
1459732560,1220.09,30
1459732620,1219.58,74
1459732680,1219.68,50
1459732740,1219.36,22
1459732800,1218.52,92
1459732860,1218.79,44
1459732920,1219.19,38
1459732980,1219.41,28
1459733040,1219.32,38
1459733100,1219.22,18
1459733160,1219.29,20
1459733220,1219.49,20
1459733280,1219.59,14
1459733340,1219.68,28
1459733400,1218.79,30
1459733460,1218.79,20
1459733520,1218.78,38
1459733580,1217.72,86
1459733640,1217.72,80
1459733700,1218.09,50
1459733760,1218.03,34
1459733820,1217.69,42
1459733880,1217.68,32
1459733940,1217.42,16
1459734000,1216.79,46
1459734060,1216.79,22
1459734120,1216.78,30
1459734180,1216.38,18
1459734240,1216.69,30
1459734300,1216.85,68
1459734360,1217.04,42
1459734420,1216.65,62
1459734480,1216.75,62
1459734540,1216.59,38
1459734600,1216.45,42
1459734660,1216.48,54
1459734720,1216.44,22
1459734780,1216.55,36
1459734840,1216.75,38
1459734900,1217.04,66
1459734960,1217.39,108
1459735020,1217.44,102
1459735080,1217.44,88
1459735140,1217.46,122
1459735200,1217.86,90
1459735260,1217.67,108
1459735320,1217.82,90
1459735380,1217.84,72
1459735440,1218.11,24
1459735500,1218.11,10
1459735560,1218.37,20
1459735620,1218.36,18
1459735680,1218.75,72
1459735740,1218.76,84
1459735800,1218.67,62
1459735860,1218.91,78
1459735920,1219.43,128
1459735980,1219.51,204
1459736040,1219.13,122
1459736100,1218.73,88
1459736160,1218.37,146
1459736220,1218.29,116
1459736280,1218.35,108
1459736340,1218.44,88
1459736400,1218.44,52
1459736460,1218.28,40
1459736520,1218.04,48
1459736580,1218.14,78
1459736640,1218.14,88
1459736700,1218.35,118
1459736760,1218.54,52
1459736820,1218.74,70
1459736880,1218.57,96
1459736940,1218.36,92
1459737000,1218.54,126
1459737060,1218.44,64
1459737120,1218.68,106
1459737180,1218.69,170
1459737240,1218.68,118
1459737300,1218.56,78
1459737360,1218.46,84
1459737420,1218.47,134
1459737480,1218.53,44
1459737540,1218.34,78
1459737600,1218.50,108
1459737660,1218.34,116
1459737720,1218.28,144
1459737780,1218.33,124
1459737840,1218.42,108
1459737900,1218.45,74
1459737960,1218.53,102
1459738020,1218.51,154
1459738080,1218.53,98
1459738140,1218.36,92
1459738200,1218.44,80
1459738260,1218.35,82
1459738320,1218.04,120
1459738380,1217.63,40
1459738440,1217.18,174
1459738500,1216.75,190
1459738560,1217.14,134
1459738620,1217.34,100
1459738680,1217.57,54
1459738740,1217.23,42
1459738800,1217.51,72
1459738860,1217.88,112
1459738920,1217.93,128
1459738980,1217.90,84
1459739040,1217.71,100
1459739100,1217.85,86
1459739160,1217.66,70
1459739220,1217.94,90
1459739280,1217.64,80
1459739340,1217.33,118
1459739400,1217.24,32
1459739460,1217.27,6
1459739520,1217.38,30
1459739580,1217.38,30
1459739640,1217.55,52
1459739700,1217.64,54
1459739760,1217.54,32
1459739820,1217.65,110
1459739880,1217.86,76
1459739940,1217.94,42
1459740000,1217.94,94
1459740060,1217.83,76
1459740120,1217.45,108
1459740180,1217.56,30
1459740240,1217.26,68
1459740300,1217.37,82
1459740360,1217.39,48
1459740420,1217.39,120
1459740480,1217.31,76
1459740540,1217.24,86
1459740600,1217.02,168
1459740660,1216.74,170
1459740720,1217.03,142
1459740780,1216.96,204
1459740840,1217.13,194
1459740900,1216.94,186
1459740960,1217.25,96
1459741020,1216.97,104
1459741080,1217.17,220
1459741140,1216.93,180
1459741200,1217.13,166
1459741260,1216.72,200
1459741320,1216.80,158
1459741380,1216.77,200
1459741440,1216.65,104
1459741500,1216.87,190
1459741560,1216.86,152
1459741620,1217.04,102
1459741680,1217.11,186
1459741740,1217.54,214
1459741800,1217.45,162
1459741860,1217.25,86
1459741920,1217.73,252
1459741980,1217.74,154
1459742040,1217.81,96
1459742100,1217.81,158
1459742160,1217.93,162
1459742220,1217.84,128
1459742280,1218.14,148
1459742340,1218.69,216
1459742400,1217.96,150
1459742460,1218.41,128
1459742520,1218.33,62
1459742580,1218.25,110
1459742640,1218.01,42
1459742700,1218.12,80
1459742760,1217.99,188
1459742820,1218.31,154
1459742880,1218.30,164
1459742940,1218.66,112
1459743000,1218.62,72
1459743060,1218.71,118
1459743120,1218.71,98
1459743180,1218.73,92
1459743240,1218.21,62
1459743300,1218.31,20
1459743360,1218.26,44
1459743420,1218.11,30
1459743480,1217.86,22
1459743540,1217.81,20
1459743600,1217.61,18
1459743660,1217.61,6
1459743720,1217.51,32
1459743780,1217.61,6
1459743840,1217.71,18
1459743900,1217.71,24
1459743960,1217.86,26
1459744020,1217.81,18
1459744080,1217.81,34
1459744140,1217.76,12
1459744200,1217.50,14
1459744260,1217.51,6
1459744320,1217.41,2
1459744380,1217.36,12
1459744440,1217.21,10
1459744500,1217.11,2
1459744560,1217.26,4
1459744620,1217.51,10
1459744680,1217.51,32
1459744740,1217.46,22
1459744800,1217.61,48
1459744860,1217.41,26
1459744920,1217.55,10
1459744980,1217.61,4
1459745040,1217.41,14
1459745100,1217.51,6
1459745160,1217.81,12
1459745220,1217.91,2
1459745280,1217.86,10
1459745340,1217.91,14
1459745400,1217.83,30
1459745460,1217.83,74
1459745520,1217.81,52
1459745580,1217.81,54
1459745640,1217.59,80
1459745700,1217.46,94
1459745760,1217.40,152
1459745820,1217.56,78
1459745880,1217.55,46
1459745940,1217.61,52
1459746000,1217.76,142
1459746060,1217.51,66
1459746120,1217.79,54
1459746180,1217.82,106
1459746240,1217.74,72
1459746300,1217.82,132
1459746360,1217.59,106
1459746420,1217.63,52
1459746480,1217.54,110
1459746540,1217.64,134
1459746600,1217.59,112
1459746660,1217.61,98
1459746720,1217.73,122
1459746780,1217.94,132
1459746840,1217.87,120
1459746900,1217.87,122
1459746960,1217.53,172
1459747020,1217.55,188
1459747080,1217.66,254
1459747140,1217.67,166
1459747200,1217.59,134
1459747260,1217.68,212
1459747320,1218.02,190
1459747380,1218.16,186
1459747440,1218.23,230
1459747500,1218.02,196
1459747560,1218.12,108
1459747620,1218.13,168
1459747680,1218.05,162
1459747740,1218.10,152
1459747800,1217.92,140
1459747860,1218.02,130
1459747920,1218.31,168
1459747980,1218.21,138
1459748040,1218.21,198
1459748100,1218.32,192
1459748160,1218.30,170
1459748220,1218.65,170
1459748280,1218.92,108
1459748340,1218.89,50
1459748400,1218.42,208
1459748460,1218.92,100
1459748520,1219.03,64
1459748580,1219.08,110
1459748640,1219.01,138
1459748700,1219.00,158
1459748760,1218.92,110
1459748820,1219.01,186
1459748880,1218.92,138
1459748940,1218.85,102
1459749000,1219.04,150
1459749060,1219.13,186
1459749120,1219.32,172
1459749180,1219.14,90
1459749240,1219.12,132
1459749300,1219.17,102
1459749360,1219.18,114
1459749420,1219.12,92
1459749480,1219.12,160
1459749540,1219.16,156
1459749600,1218.64,262
1459749660,1218.56,212
1459749720,1218.41,150
1459749780,1218.51,198
1459749840,1218.34,272
1459749900,1217.99,136
1459749960,1217.94,130
1459750020,1217.73,198
1459750080,1217.87,122
1459750140,1217.66,210
1459750200,1217.29,246
1459750260,1216.61,334
1459750320,1217.01,254
1459750380,1217.16,56
1459750440,1217.30,278
1459750500,1217.18,194
1459750560,1216.43,262
1459750620,1216.87,252
1459750680,1217.03,128
1459750740,1217.14,222
1459750800,1217.25,128
1459750860,1217.15,168
1459750920,1217.26,222
1459750980,1217.28,228
1459751040,1217.17,196
1459751100,1217.28,200
1459751160,1217.20,210
1459751220,1216.85,224
1459751280,1216.37,208
1459751340,1216.57,156
1459751400,1215.97,192
1459751460,1215.26,152
1459751520,1214.65,166
1459751580,1215.59,274
1459751640,1216.07,204
1459751700,1216.21,136
1459751760,1216.54,48
1459751820,1216.51,62
1459751880,1216.28,200
1459751940,1216.26,154
1459752000,1215.99,184
1459752060,1216.08,162
1459752120,1215.76,108
1459752180,1216.30,62
1459752240,1216.37,8
1459752300,1216.24,116
1459752360,1216.18,144
1459752420,1216.15,76
1459752480,1216.29,72
1459752540,1216.39,24
1459752600,1216.19,38
1459752660,1216.49,66
1459752720,1216.59,84
1459752780,1216.47,110
1459752840,1216.49,130
1459752900,1216.44,106
1459752960,1216.19,128
1459753020,1215.69,108
1459753080,1215.89,92
1459753140,1216.29,110
1459753200,1216.54,76
1459753260,1216.59,120
1459753320,1216.54,102
1459753380,1216.71,58
1459753440,1217.09,220
1459753500,1217.68,112
1459753560,1217.74,348
1459753620,1217.38,186
1459753680,1217.13,76
1459753740,1217.38,134
1459753800,1217.39,170
1459753860,1217.88,190
1459753920,1217.86,160
1459753980,1217.86,176
1459754040,1217.82,240
1459754100,1217.79,218
1459754160,1217.49,304
1459754220,1217.45,300
1459754280,1217.42,264
1459754340,1217.32,228
1459754400,1217.95,282
1459754460,1217.70,244
1459754520,1217.69,206
1459754580,1217.79,256
1459754640,1217.69,144
1459754700,1217.79,154
1459754760,1217.83,172
1459754820,1218.09,214
1459754880,1217.67,158
1459754940,1217.49,128
1459755000,1217.51,170
1459755060,1217.51,234
1459755120,1217.71,226
1459755180,1217.90,146
1459755240,1218.00,30
1459755300,1218.09,38
1459755360,1217.81,66
1459755420,1217.50,142
1459755480,1217.55,72
1459755540,1217.60,78
1459755600,1217.47,58
1459755660,1217.70,78
1459755720,1217.70,34
1459755780,1217.70,88
1459755840,1217.61,76
1459755900,1217.79,218
1459755960,1217.97,146
1459756020,1217.65,212
1459756080,1218.05,196
1459756140,1217.85,176
1459756200,1217.95,128
1459756260,1217.78,172
1459756320,1217.55,198
1459756380,1217.36,274
1459756440,1217.35,96
1459756500,1217.60,224
1459756560,1217.68,178
1459756620,1217.73,208
1459756680,1217.57,204
1459756740,1217.37,162
1459756800,1217.69,190
1459756860,1217.80,220
1459756920,1218.00,80
1459756980,1218.02,172
1459757040,1218.30,90
1459757100,1218.06,194
1459757160,1217.97,128
1459757220,1218.15,150
1459757280,1218.17,210
1459757340,1218.06,212
1459757400,1218.81,288
1459757460,1218.98,246
1459757520,1218.90,196
1459757580,1218.56,322
1459757640,1218.41,278
1459757700,1218.31,178
1459757760,1218.78,188
1459757820,1218.07,248
1459757880,1218.30,320
1459757940,1218.13,100
1459758000,1218.11,198
1459758060,1218.27,202
1459758120,1218.39,162
1459758180,1218.49,62
1459758240,1218.12,98
1459758300,1218.08,30
1459758360,1218.01,108
1459758420,1217.86,106
1459758480,1217.88,74
1459758540,1217.96,104
1459758600,1217.36,86
1459758660,1217.13,170
1459758720,1217.48,52
1459758780,1217.41,100
1459758840,1217.03,100
1459758900,1217.48,58
1459758960,1217.38,86
1459759020,1217.08,48
1459759080,1217.08,74
1459759140,1217.24,48
1459759200,1217.05,98
1459759260,1216.52,184
1459759320,1216.54,238
1459759380,1216.62,252
1459759440,1216.77,286
1459759500,1216.56,290
1459759560,1216.45,174
1459759620,1216.65,166
1459759680,1216.65,78
1459759740,1216.75,182
1459759800,1216.95,180
1459759860,1217.15,186
1459759920,1217.11,166
1459759980,1216.93,162
1459760040,1216.81,192
1459760100,1216.82,180
1459760160,1216.84,106
1459760220,1216.89,102
1459760280,1216.79,138
1459760340,1216.64,162
1459760400,1216.75,174
1459760460,1217.00,130
1459760520,1217.01,190
1459760580,1217.07,210
1459760640,1217.08,150
1459760700,1217.07,168
1459760760,1217.08,96
1459760820,1217.01,136
1459760880,1216.80,232
1459760940,1216.75,224
1459761000,1216.78,142
1459761060,1216.63,50
1459761120,1216.63,130
1459761180,1216.79,110
1459761240,1216.65,112
1459761300,1216.58,168
1459761360,1216.50,40
1459761420,1216.55,40
1459761480,1216.65,18
1459761540,1216.60,20
1459761600,1216.55,20
1459761660,1216.53,104
1459761720,1216.45,172
1459761780,1216.20,24
1459761840,1216.25,26
1459761900,1215.79,150
1459761960,1215.77,194
1459762020,1215.70,86
1459762080,1215.65,78
1459762140,1215.40,70
1459762200,1215.17,158
1459762260,1215.67,84
1459762320,1215.86,130
1459762380,1215.96,72
1459762440,1216.23,44
1459762500,1216.75,50
1459762560,1216.85,56
1459762620,1216.75,44
1459762680,1216.55,24
1459762740,1216.45,38
1459762800,1216.30,50
1459762860,1216.02,58
1459762920,1215.75,44
1459762980,1216.08,126
1459763040,1216.15,76
1459763100,1215.95,32
1459763160,1216.04,50
1459763220,1215.93,182
1459763280,1215.90,52
1459763340,1215.47,162
1459763400,1215.50,126
1459763460,1215.40,46
1459763520,1215.50,54
1459763580,1215.97,52
1459763640,1216.11,96
1459763700,1216.11,130
1459763760,1216.14,132
1459763820,1216.21,134
1459763880,1216.02,212
1459763940,1215.83,218
1459764000,1215.83,210
1459764060,1215.40,230
1459764120,1214.99,156
1459764180,1215.38,42
1459764240,1215.55,36
1459764300,1215.60,194
1459764360,1215.29,256
1459764420,1215.52,214
1459764480,1215.40,162
1459764540,1215.39,100
1459764600,1215.40,116
1459764660,1215.54,162
1459764720,1215.93,122
1459764780,1215.58,202
1459764840,1215.56,178
1459764900,1215.29,116
1459764960,1215.35,142
1459765020,1215.81,164
1459765080,1215.79,108
1459765140,1215.92,124
1459765200,1216.02,88
1459765260,1215.82,70
1459765320,1215.82,72
1459765380,1215.91,124
1459765440,1215.76,160
1459765500,1215.78,156
1459765560,1215.77,126
1459765620,1215.84,116
1459765680,1216.25,180
1459765740,1216.11,64
1459765800,1216.04,182
1459765860,1216.00,172
1459765920,1215.79,174
1459765980,1215.57,136
1459766040,1215.74,128
1459766100,1215.79,52
1459766160,1215.84,56
1459766220,1215.94,24
1459766280,1216.04,14
1459766340,1216.15,38
1459766400,1216.29,36
1459766460,1216.22,40
1459766520,1216.32,204
1459766580,1216.21,122
1459766640,1216.48,120
1459766700,1216.64,72
1459766760,1216.68,134
1459766820,1216.80,162
1459766880,1216.77,126
1459766940,1217.11,192
1459767000,1217.44,118
1459767060,1217.33,212
1459767120,1217.41,162
1459767180,1217.44,114
1459767240,1216.94,62
1459767300,1216.94,72
1459767360,1217.02,22
1459767420,1216.82,18
1459767480,1216.91,24
1459767600,1216.61,144
1459767660,1216.31,196
1459767720,1216.99,98
1459767780,1216.93,28
1459767840,1216.85,136
1459767900,1217.00,214
1459767960,1217.06,92
1459768020,1217.06,76
1459768080,1217.12,70
1459768140,1217.07,54
1459768200,1217.33,198
1459768260,1217.38,100
1459768320,1217.32,136
1459768380,1217.05,194
1459768440,1216.88,216
1459768500,1216.99,240
1459768560,1217.04,60
1459768620,1217.44,100
1459768680,1217.55,122
1459768740,1218.09,86
1459768800,1217.99,188
1459768860,1218.45,148
1459768920,1218.01,204
1459768980,1218.02,128
1459769040,1218.00,50
1459769100,1218.23,104
1459769160,1218.18,138
1459769220,1217.70,246
1459769280,1217.72,120
1459769340,1217.92,210
1459769400,1217.90,202
1459769460,1217.82,114
1459769520,1217.59,18
1459769580,1217.64,136
1459769640,1217.96,120
1459769700,1218.02,82
1459769760,1217.94,130
1459769820,1217.89,178
1459769880,1217.73,90
1459769940,1218.39,180
1459770000,1218.20,64
1459770060,1218.22,94
1459770120,1218.10,136
1459770180,1218.29,66
1459770240,1218.39,128
1459770300,1218.60,74
1459770360,1218.74,52
1459770420,1218.64,44
1459770480,1218.69,64
1459770540,1218.51,56
1459770600,1218.61,18
1459770660,1218.79,58
1459770720,1219.09,112
1459770780,1218.98,102
1459770840,1218.92,116
1459770900,1219.31,92
1459770960,1219.90,234
1459771020,1219.63,300
1459771080,1219.50,158
1459771140,1219.41,86
1459771200,1219.40,74
1459771260,1219.20,92
1459771320,1219.21,152
1459771380,1219.04,60
1459771440,1219.00,84
1459771500,1218.97,114
1459771560,1219.11,96
1459771620,1218.92,108
1459771680,1219.28,182
1459771740,1219.09,152
1459771800,1219.03,144
1459771860,1218.97,146
1459771920,1219.10,88
1459771980,1219.00,108
1459772040,1219.21,154
1459772100,1219.67,254
1459772160,1219.82,148
1459772220,1220.17,122
1459772280,1219.93,134
1459772340,1219.88,76
1459772400,1220.57,244
1459772460,1220.76,182
1459772520,1220.66,190
1459772580,1220.40,208
1459772640,1220.44,102
1459772700,1220.17,130
1459772760,1220.67,132
1459772820,1220.47,108
1459772880,1220.22,150
1459772940,1220.08,102
1459773000,1220.27,170
1459773060,1220.03,168
1459773120,1220.10,128
1459773180,1220.67,102
1459773240,1220.57,58
1459773300,1220.38,106
1459773360,1220.71,78
1459773420,1220.76,102
1459773480,1220.80,206
1459773540,1220.96,116
1459773600,1220.96,68
1459773660,1221.46,100
1459773720,1221.61,108
1459773780,1220.86,158
1459773840,1221.28,154
1459773900,1221.48,74
1459773960,1221.16,110
1459774020,1221.35,90
1459774080,1221.46,92
1459774140,1220.97,96
1459774200,1221.16,74
1459774260,1221.57,50
1459774320,1221.78,68
1459774380,1222.36,104
1459774440,1222.11,96
1459774500,1222.56,182
1459774560,1222.08,318
1459774620,1222.17,188
1459774680,1222.21,90
1459774740,1222.14,152
1459774800,1221.91,204
1459774860,1221.44,192
1459774920,1221.54,144
1459774980,1221.58,102
1459775040,1221.45,180
1459775100,1221.45,124
1459775160,1221.84,76
1459775220,1221.74,140
1459775280,1221.37,116
1459775340,1220.97,136
1459775400,1220.55,234
1459775460,1220.23,204
1459775520,1220.34,208
1459775580,1220.32,90
1459775640,1220.89,60
1459775700,1220.79,112
1459775760,1220.88,70
1459775820,1220.69,218
1459775880,1221.08,128
1459775940,1220.96,158
1459776000,1221.05,112
1459776060,1220.82,152
1459776120,1220.82,184
1459776180,1220.59,214
1459776240,1220.49,26
1459776300,1220.86,104
1459776360,1220.93,112
1459776420,1220.55,180
1459776480,1220.52,186
1459776540,1220.58,222
1459776600,1221.02,364
1459776660,1220.76,292
1459776720,1220.95,252
1459776780,1219.82,228
1459776840,1218.37,364
1459776900,1218.14,268
1459776960,1218.13,326
1459777020,1217.64,436
1459777080,1217.79,364
1459777140,1217.86,374
1459777200,1217.88,282
1459777260,1218.20,308
1459777320,1218.31,292
1459777380,1218.81,112
1459777440,1219.31,176
1459777500,1218.96,136
1459777560,1219.27,130
1459777620,1218.72,220
1459777680,1218.88,256
1459777740,1219.21,142
1459777800,1219.01,92
1459777860,1219.48,116
1459777920,1219.41,126
1459777980,1218.68,178
1459778040,1218.68,202
1459778100,1218.48,126
1459778160,1218.59,100
1459778220,1218.88,46
1459778280,1219.06,30
1459778340,1218.95,108
1459778400,1219.82,190
1459778460,1219.78,252
1459778520,1220.08,208
1459778580,1220.06,260
1459778640,1220.55,190
1459778700,1220.04,172
1459778760,1219.95,242
1459778820,1220.15,266
1459778880,1219.99,300
1459778940,1219.63,320
1459779000,1219.71,340
1459779060,1220.05,266
1459779120,1219.66,356
1459779180,1218.71,348
1459779240,1218.91,104
1459779300,1218.51,316
1459779360,1218.45,280
1459779420,1218.64,150
1459779480,1219.06,316
1459779540,1218.94,268
1459779600,1219.04,236
1459779660,1218.85,188
1459779720,1218.84,182
1459779780,1219.04,216
1459779840,1218.50,194
1459779900,1218.54,204
1459779960,1217.91,264
1459780020,1218.25,266
1459780080,1218.49,314
1459780140,1218.65,300
1459780200,1218.86,244
1459780260,1218.81,244
1459780320,1218.69,220
1459780380,1218.76,160
1459780440,1218.59,230
1459780500,1218.15,210
1459780560,1216.98,332
1459780620,1217.25,202
1459780680,1217.45,242
1459780740,1217.59,110
1459780800,1217.71,258
1459780860,1217.70,138
1459780920,1217.86,178
1459780980,1217.80,108
1459781040,1217.57,194
1459781100,1217.10,144
1459781160,1217.37,162
1459781220,1217.85,134
1459781280,1218.04,228
1459781340,1217.65,200
1459781400,1217.57,278
1459781460,1217.80,210
1459781520,1217.87,156
1459781580,1218.07,94
1459781640,1217.97,84
1459781700,1218.27,64
1459781760,1218.27,90
1459781820,1218.51,100
1459781880,1218.37,46
1459781940,1218.27,86
1459782000,1218.05,236
1459782060,1218.41,224
1459782120,1218.64,134
1459782180,1218.54,180
1459782240,1218.35,80
1459782300,1217.98,158
1459782360,1218.04,248
1459782420,1218.27,212
1459782480,1218.26,226
1459782540,1218.05,282
1459782600,1218.07,286
1459782660,1218.48,212
1459782720,1218.54,186
1459782780,1218.76,220
1459782840,1218.46,230
1459782900,1218.68,342
1459782960,1218.51,134
1459783020,1218.78,82
1459783080,1218.88,66
1459783140,1218.87,70
1459783200,1218.71,84
1459783260,1219.01,96
1459783320,1218.78,94
1459783380,1218.69,140
1459783440,1218.06,190
1459783500,1218.00,184
1459783560,1218.26,150
1459783620,1218.36,192
1459783680,1218.06,134
1459783740,1217.86,200
1459783800,1217.71,204
1459783860,1217.46,238
1459783920,1217.73,178
1459783980,1217.66,74
1459784040,1217.66,150
1459784100,1217.70,86
1459784160,1218.16,58
1459784220,1218.29,80
1459784280,1218.67,114
1459784340,1218.56,92
1459784400,1218.81,70
1459784460,1218.89,52
1459784520,1218.89,36
1459784580,1218.99,60
1459784640,1219.34,72
1459784700,1219.49,46
1459784760,1219.69,32
1459784820,1219.99,16
1459784880,1220.03,86
1459784940,1219.53,132
1459785000,1219.17,108
1459785060,1218.97,42
1459785120,1218.87,38
1459785180,1219.27,74
1459785240,1219.37,20
1459785300,1219.44,50
1459785360,1219.63,212
1459785420,1219.23,196
1459785480,1219.25,188
1459785540,1219.29,68
1459785600,1218.95,202
1459785660,1218.74,144
1459785720,1218.95,64
1459785780,1219.07,94
1459785840,1219.03,112
1459785900,1218.97,78
1459785960,1219.17,124
1459786020,1219.38,114
1459786080,1218.96,144
1459786140,1218.99,270
1459786200,1218.76,152
1459786260,1218.75,98
1459786320,1218.78,182
1459786380,1218.90,142
1459786440,1219.06,242
1459786500,1219.19,186
1459786560,1218.88,172
1459786620,1218.40,224
1459786680,1218.00,202
1459786740,1217.40,276
1459786800,1217.00,174
1459786860,1216.70,212
1459786920,1216.70,102
1459786980,1216.60,138
1459787040,1216.40,110
1459787100,1216.39,54
1459787160,1216.50,78
1459787220,1216.70,90
1459787280,1216.45,120
1459787340,1216.45,46
1459787400,1216.40,94
1459787460,1216.60,108
1459787520,1216.70,142
1459787580,1216.36,102
1459787640,1216.40,96
1459787700,1216.26,96
1459787760,1215.63,212
1459787820,1215.40,320
1459787880,1215.60,52
1459787940,1215.70,140
1459788000,1216.30,70
1459788060,1216.40,50
1459788120,1216.45,46
1459788180,1216.56,104
1459788240,1216.74,108
1459788300,1216.80,124
1459788360,1217.00,100
1459788420,1217.10,38
1459788480,1216.90,38
1459788540,1217.20,56
1459788600,1216.80,132
1459788660,1216.94,120
1459788720,1217.01,40
1459788780,1217.10,26
1459788840,1216.83,50
1459788900,1216.93,170
1459788960,1217.21,86
1459789020,1217.51,58
1459789080,1217.35,46
1459789140,1217.01,98
1459789200,1217.05,54
1459789260,1216.99,120
1459789320,1216.88,102
1459789380,1216.94,130
1459789440,1216.85,62
1459789500,1216.81,76
1459789560,1216.81,38
1459789620,1216.31,90
1459789680,1216.71,36
1459789740,1216.41,24
1459789800,1216.61,10
1459789860,1216.81,42
1459789920,1217.01,30
1459789980,1217.11,22
1459790040,1217.01,72
1459790100,1216.91,36
1459790160,1216.91,38
1459790220,1217.31,56
1459790280,1217.21,14
1459790340,1217.31,8
1459790400,1217.41,36
1459790460,1217.51,12
1459790520,1217.41,18
1459790580,1217.11,26
1459790640,1217.15,28
1459790700,1217.11,68
1459790760,1217.41,32
1459790820,1217.51,40
1459790880,1217.81,70
1459790940,1218.01,66
1459791000,1218.01,30
1459791060,1218.35,148
1459791120,1218.27,48
1459791180,1218.16,116
1459791240,1218.36,110
1459791300,1218.34,78
1459791360,1218.33,88
1459791420,1218.43,60
1459791480,1218.43,24
1459791540,1218.34,70
1459791600,1218.26,26
1459791660,1218.13,108
1459791720,1218.03,76
1459791780,1218.03,48
1459791840,1218.23,44
1459791900,1218.43,46
1459791960,1218.43,30
1459792020,1218.18,60
1459792080,1218.03,48
1459792140,1218.33,38
1459792200,1218.13,36
1459792260,1218.03,114
1459792320,1218.13,70
1459792380,1218.13,42
1459792440,1218.13,58
1459792500,1218.23,42
1459792560,1218.14,60
1459792620,1218.03,62
1459792680,1218.03,30
1459792740,1218.23,46
1459792800,1218.23,38
1459792860,1218.22,16
1459792920,1217.92,64
1459792980,1218.02,38
1459793040,1218.12,38
1459793100,1218.12,30
1459793160,1217.92,32
1459793220,1217.94,44
1459793280,1217.93,56
1459793340,1217.92,44
1459793400,1217.72,22
1459793460,1217.74,34
1459793520,1217.73,14
1459793580,1217.73,4
1459793640,1217.64,8
1459793700,1217.68,4
1459793760,1217.73,8
1459793820,1217.74,2
1459793880,1217.85,28
1459793940,1218.48,28
1459794000,1218.28,84
1459794060,1218.18,24
1459794120,1218.08,10
1459794180,1218.08,18
1459794240,1217.98,4
1459794300,1217.88,24
1459794360,1217.48,20
1459794420,1216.88,92
1459794480,1216.82,30
1459794540,1216.98,4
1459794600,1216.88,8
1459794660,1216.72,22
1459794720,1216.88,6
1459794780,1217.38,22
1459794840,1217.35,18
1459794900,1216.88,32
1459794960,1216.78,6
1459795080,1216.88,6
1459795140,1216.78,2
1459795200,1216.38,40
1459795260,1216.68,20
1459795380,1216.68,10
1459795440,1216.48,8
1459795500,1216.18,26
1459795560,1216.12,16
1459795620,1216.12,16
1459795680,1216.18,10
1459795740,1216.20,6
1459795800,1216.10,32
1459795860,1216.10,4
1459795920,1216.08,2
1459795980,1215.66,20
1459796040,1216.06,30
1459796160,1216.06,12
1459796220,1216.16,12
1459796280,1216.06,12
1459796340,1215.96,30
1459796400,1216.10,26
1459796460,1216.16,14
1459796520,1216.10,8
1459796580,1216.16,22
1459796640,1215.66,22
1459796700,1215.96,8
1459796820,1216.48,24
1459796880,1216.16,24
1459796940,1216.26,14
1459797000,1216.16,10
1459797060,1216.36,4
1459797120,1216.46,2
1459797300,1216.37,28
1459797360,1216.66,42
1459797420,1216.46,12
1459797480,1216.76,12
1459797540,1216.76,6
1459797600,1216.86,20
1459797660,1216.76,18
1459797720,1216.86,4
1459797780,1216.76,8
1459797840,1216.70,26
1459797900,1216.45,56
1459797960,1216.26,52
1459798020,1216.16,14
1459798080,1216.56,32
1459798140,1216.26,8
1459798200,1216.16,18
1459798260,1216.06,16
1459798320,1216.10,10
1459798380,1216.06,18
1459798440,1216.36,6
1459798500,1215.56,26
1459798560,1215.36,30
1459798620,1215.15,36
1459798680,1215.20,52
1459798740,1215.24,120
1459798800,1214.94,6
1459798860,1215.04,38
1459798920,1215.31,72
1459798980,1215.54,88
1459799040,1215.24,46
1459799100,1215.45,100
1459799160,1215.78,54
1459799220,1215.64,28
1459799280,1215.34,22
1459799340,1215.14,106
1459799400,1214.74,96
1459799460,1215.04,52
1459799520,1215.14,64
1459799580,1215.24,42
1459799640,1215.30,100
1459799700,1215.30,28
1459799760,1215.10,36
1459799820,1214.74,28
1459799880,1215.04,52
1459799940,1214.96,42
1459800000,1215.56,60
1459800060,1215.36,130
1459800120,1215.02,120
1459800180,1215.12,46
1459800240,1215.06,26
1459800300,1215.35,62
1459800360,1215.59,120
1459800420,1215.61,70
1459800480,1215.63,100
1459800540,1215.67,80
1459800600,1215.66,60
1459800660,1215.69,94
1459800720,1215.86,48
1459800780,1215.87,80
1459800840,1216.13,70
1459800900,1215.97,92
1459800960,1216.08,30
1459801020,1216.10,82
1459801080,1215.99,70
1459801140,1216.10,16
1459801200,1216.10,18
1459801260,1216.07,60
1459801320,1215.90,26
1459801380,1216.00,14
1459801440,1216.05,8
1459801500,1215.95,12
1459801560,1215.85,4
1459801620,1215.71,80
1459801680,1215.56,30
1459801740,1215.80,82
1459801800,1215.73,10
1459801920,1215.78,6
1459801980,1215.74,2
1459802100,1215.83,4
1459802160,1215.83,4
1459802220,1215.94,2
1459802340,1215.97,6
1459802400,1215.94,14
1459802520,1215.87,2
1459802580,1215.83,10
1459802640,1215.87,16
1459802700,1215.74,14
1459802760,1215.64,22
1459802820,1215.64,10
1459802880,1215.44,8
1459802940,1215.57,4
1459803000,1215.47,6
1459803060,1215.37,4
1459803120,1215.67,14
1459803180,1215.57,12
1459803300,1215.53,16
1459803360,1215.53,8
1459803420,1215.23,16
1459803480,1215.23,14
1459807200,1215.21,38
1459807260,1215.46,38
1459807320,1215.74,76
1459807380,1215.84,52
1459807440,1215.80,80
1459807500,1216.01,42
1459807560,1216.17,22
1459807620,1216.18,32
1459807680,1216.34,34
1459807740,1216.20,22
1459807800,1216.28,38
1459807860,1216.20,26
1459807920,1216.15,18
1459807980,1216.19,34
1459808040,1216.26,36
1459808100,1215.94,86
1459808160,1215.45,68
1459808220,1215.47,22
1459808280,1215.52,70
1459808340,1215.50,40
1459808400,1215.39,52
1459808460,1215.69,36
1459808520,1215.46,16
1459808580,1215.56,50
1459808640,1215.68,28
1459808700,1215.70,34
1459808760,1215.77,16
1459808820,1215.98,46
1459808880,1215.95,14
1459808940,1215.91,46
1459809000,1215.70,10
1459809060,1215.59,2
1459809120,1216.09,24
1459809180,1216.00,4
1459809240,1216.25,6
1459809300,1216.20,2
1459809360,1215.95,10
1459809420,1216.00,2
1459809480,1216.06,10
1459809540,1216.30,6
1459809600,1216.25,8
1459809660,1216.25,6
1459809720,1216.30,2
1459809780,1216.29,14
1459809900,1216.15,12
1459809960,1216.10,16
1459810140,1216.06,2
1459810200,1216.15,2
1459810260,1216.06,12
1459810380,1216.19,4
1459810440,1216.19,10
1459810500,1216.09,4
1459810560,1216.09,4
1459810620,1216.09,4
1459810680,1216.16,2
1459810740,1216.09,6
1459810800,1216.29,32
1459810860,1216.29,8
1459810920,1216.26,12
1459810980,1216.35,6
1459811100,1216.45,6
1459811220,1216.45,4
1459811400,1216.46,2
1459811460,1216.40,6
1459811520,1216.40,6
1459811580,1216.16,22
1459811640,1216.16,18
1459811700,1216.18,4
1459811760,1216.36,10
1459811820,1216.45,4
1459811880,1216.48,36
1459811940,1216.45,12
1459812000,1216.54,38
1459812060,1216.60,18
1459812120,1216.80,22
1459812180,1216.59,20
1459812360,1216.42,48
1459812420,1216.37,20
1459812480,1216.39,26
1459812540,1216.51,50
1459812600,1216.46,38
1459812660,1216.57,28
1459812720,1216.53,24
1459812780,1216.46,28
1459812840,1216.55,44
1459812900,1216.69,40
1459812960,1216.55,32
1459813020,1216.68,46
1459813080,1216.89,34
1459813140,1216.89,84
1459813200,1216.80,44
1459813260,1216.46,20
1459813320,1216.30,112
1459813380,1216.29,58
1459813440,1215.99,50
1459813500,1215.76,74
1459813560,1215.90,52
1459813620,1215.99,22
1459813680,1215.75,58
1459813740,1215.66,82
1459813800,1215.59,80
1459813860,1215.66,62
1459813920,1215.59,34
1459813980,1215.46,52
1459814040,1215.35,32
1459814100,1215.26,18
1459814160,1215.19,10
1459814220,1215.10,12
1459814280,1215.05,48
1459814340,1215.26,52
1459814400,1215.25,58
1459814460,1215.15,36
1459814520,1215.10,62
1459814580,1215.36,116
1459814640,1215.47,98
1459814700,1215.66,160
1459814760,1215.89,84
1459814820,1215.75,168
1459814880,1215.55,122
1459814940,1215.90,122
1459815000,1215.91,196
1459815060,1216.15,222
1459815120,1216.14,174
1459815180,1216.31,116
1459815240,1216.60,176
1459815300,1216.65,162
1459815360,1217.84,132
1459815420,1217.46,150
1459815480,1217.75,122
1459815540,1217.49,228
1459815600,1217.48,132
1459815660,1217.40,138
1459815720,1218.07,74
1459815780,1218.17,104
1459815840,1217.97,124
1459815900,1218.21,128
1459815960,1218.51,24
1459816020,1218.51,26
1459816080,1218.23,40
1459816140,1218.15,36
1459816200,1218.21,12
1459816260,1218.12,24
1459816320,1218.35,114
1459816380,1218.38,22
1459816440,1218.26,46
1459816500,1218.06,112
1459816560,1218.16,140
1459816620,1218.23,74
1459816680,1218.47,122
1459816740,1218.29,134
1459816800,1217.96,70
1459816860,1217.82,50
1459816920,1217.46,32
1459816980,1217.37,94
1459817040,1217.57,146
1459817100,1217.57,88
1459817160,1217.65,166
1459817220,1217.55,188
1459817280,1217.57,162
1459817340,1217.70,76
1459817400,1217.77,166
1459817460,1217.96,132
1459817520,1217.96,40
1459817580,1218.18,172
1459817640,1218.65,156
1459817700,1218.64,166
1459817760,1218.85,142
1459817820,1218.84,150
1459817880,1218.83,86
1459817940,1219.06,158
1459818000,1221.02,388
1459818060,1221.53,388
1459818120,1221.04,336
1459818180,1222.03,330
1459818240,1221.86,176
1459818300,1222.03,204
1459818360,1221.50,194
1459818420,1221.45,96
1459818480,1221.94,202
1459818540,1221.29,152
1459818600,1221.75,132
1459818660,1222.06,184
1459818720,1221.88,68
1459818780,1223.79,286
1459818840,1223.32,362
1459818900,1224.09,312
1459818960,1223.94,292
1459819020,1223.24,296
1459819080,1223.24,240
1459819140,1223.21,150
1459819200,1222.95,180
1459819260,1223.03,66
1459819320,1222.92,264
1459819380,1223.10,274
1459819440,1222.59,184
1459819500,1222.52,206
1459819560,1222.89,88
1459819620,1222.89,54
1459819680,1222.77,64
1459819740,1223.02,152
1459819800,1222.55,192
1459819860,1222.64,140
1459819920,1222.73,248
1459819980,1222.54,222
1459820040,1222.32,122
1459820100,1222.32,202
1459820160,1222.63,68
1459820220,1222.99,82
1459820280,1223.15,182
1459820340,1223.01,162
1459820400,1222.83,162
1459820460,1223.07,156
1459820520,1223.00,128
1459820580,1223.34,192
1459820640,1223.65,240
1459820700,1223.71,202
1459820760,1223.91,206
1459820820,1223.82,182
1459820880,1224.50,228
1459820940,1225.33,128
1459821000,1225.03,288
1459821060,1225.36,276
1459821120,1224.79,180
1459821180,1225.04,190
1459821240,1224.64,166
1459821300,1224.89,120
1459821360,1224.94,82
1459821420,1225.20,94
1459821480,1225.52,78
1459821540,1225.28,142
1459821600,1225.37,180
1459821660,1225.27,182
1459821720,1225.70,156
1459821780,1225.54,106
1459821840,1225.69,294
1459821900,1226.04,238
1459821960,1226.52,210
1459822020,1226.53,216
1459822080,1226.29,250
1459822140,1226.13,230
1459822200,1225.84,214
1459822260,1225.73,106
1459822320,1225.50,148
1459822380,1225.51,80
1459822440,1225.54,122
1459822500,1225.42,144
1459822560,1225.23,92
1459822620,1225.31,176
1459822680,1225.15,152
1459822740,1225.19,138
1459822800,1225.05,90
1459822860,1225.36,118
1459822920,1224.84,176
1459822980,1224.71,194
1459823040,1224.82,130
1459823100,1224.92,144
1459823160,1224.94,78
1459823220,1224.99,44
1459823280,1224.97,106
1459823340,1224.89,134
1459823400,1224.97,134
1459823460,1224.82,104
1459823520,1225.10,68
1459823580,1224.85,150
1459823640,1224.82,108
1459823700,1224.72,28
1459823760,1224.57,38
1459823820,1224.57,176
1459823880,1224.21,32
1459823940,1224.55,132
1459824000,1224.42,82
1459824060,1224.29,132
1459824120,1224.57,34
1459824180,1224.42,106
1459824240,1224.57,144
1459824300,1224.55,148
1459824360,1224.82,126
1459824420,1225.09,38
1459824480,1224.92,96
1459824540,1224.82,20
1459824600,1224.75,58
1459824660,1225.13,78
1459824720,1225.16,120
1459824780,1225.21,30
1459824840,1225.21,16
1459824900,1225.30,32
1459824960,1225.41,28
1459825020,1225.55,28
1459825080,1225.41,6
1459825140,1225.50,32
1459825200,1225.81,40
1459825260,1225.81,78
1459825320,1225.70,92
1459825380,1225.63,14
1459825440,1225.53,56
1459825500,1225.43,66
1459825560,1225.44,76
1459825620,1225.05,86
1459825680,1224.96,70
1459825740,1225.13,96
1459825800,1225.11,38
1459825860,1224.76,100
1459825920,1224.98,100
1459825980,1224.86,100
1459826040,1224.76,46
1459826100,1224.66,60
1459826160,1224.68,62
1459826220,1225.06,24
1459826280,1224.91,72
1459826340,1225.26,58
1459826400,1225.14,150
1459826460,1225.11,22
1459826520,1225.08,26
1459826580,1225.00,14
1459826640,1225.17,36
1459826700,1225.20,106
1459826760,1225.00,84
1459826820,1225.06,112
1459826880,1224.94,110
1459826940,1224.88,96
1459827000,1225.08,94
1459827060,1224.97,98
1459827120,1225.18,124
1459827180,1225.20,156
1459827240,1225.23,92
1459827300,1224.78,80
1459827360,1224.65,114
1459827420,1224.68,68
1459827480,1224.96,96
1459827540,1225.08,78
1459827600,1224.97,102
1459827660,1225.29,62
1459827720,1224.94,66
1459827780,1225.20,54
1459827840,1224.99,70
1459827900,1225.22,96
1459827960,1225.15,76
1459828020,1225.24,38
1459828080,1225.08,72
1459828140,1225.06,90
1459828200,1225.15,42
1459828260,1225.24,62
1459828320,1225.45,110
1459828380,1225.57,84
1459828440,1225.37,90
1459828500,1225.46,68
1459828560,1225.40,48
1459828620,1225.35,84
1459828680,1225.26,102
1459828740,1225.16,114
1459828800,1225.38,154
1459828860,1225.14,148
1459828920,1225.09,122
1459828980,1225.05,156
1459829040,1224.77,148
1459829100,1224.61,114
1459829160,1224.54,170
1459829220,1224.19,192
1459829280,1224.46,124
1459829340,1224.16,148
1459829400,1224.47,128
1459829460,1224.28,120
1459829520,1224.46,188
1459829580,1224.46,124
1459829640,1224.29,112
1459829700,1224.01,188
1459829760,1224.07,164
1459829820,1224.39,200
1459829880,1224.09,126
1459829940,1224.18,144
1459830000,1224.21,140
1459830060,1224.27,34
1459830120,1224.37,118
1459830180,1224.58,138
1459830240,1224.63,150
1459830300,1224.59,130
1459830360,1224.69,92
1459830420,1224.67,152
1459830480,1224.64,152
1459830540,1224.50,96
1459830600,1224.53,66
1459830660,1224.74,158
1459830720,1224.66,156
1459830780,1224.79,242
1459830840,1225.01,246
1459830900,1224.89,262
1459830960,1224.75,156
1459831020,1224.98,154
1459831080,1224.98,194
1459831140,1225.03,108
1459831200,1225.08,152
1459831260,1225.28,184
1459831320,1225.50,206
1459831380,1226.05,200
1459831440,1226.07,42
1459831500,1225.88,226
1459831560,1225.97,138
1459831620,1226.57,110
1459831680,1226.50,102
1459831740,1226.19,260
1459831800,1225.84,216
1459831860,1225.78,86
1459831920,1225.69,80
1459831980,1225.66,134
1459832040,1225.80,114
1459832100,1225.78,144
1459832160,1225.77,156
1459832220,1225.75,168
1459832280,1225.58,102
1459832340,1225.54,218
1459832400,1225.47,264
1459832460,1225.43,124
1459832520,1225.34,40
1459832580,1225.33,22
1459832640,1225.33,24
1459832700,1225.54,68
1459832760,1225.63,68
1459832820,1225.68,40
1459832880,1225.68,100
1459832940,1225.75,44
1459833000,1225.65,30
1459833060,1225.44,74
1459833120,1225.53,132
1459833180,1225.53,120
1459833240,1225.44,90
1459833300,1225.65,52
1459833360,1225.56,50
1459833420,1225.48,76
1459833480,1225.59,180
1459833540,1225.55,142
1459833600,1225.53,128
1459833660,1225.62,152
1459833720,1225.44,134
1459833780,1225.54,66
1459833840,1225.56,80
1459833900,1225.58,124
1459833960,1225.45,108
1459834020,1225.34,106
1459834080,1225.44,24
1459834140,1225.64,112
1459834200,1225.83,64
1459834260,1226.14,16
1459834320,1226.37,22
1459834380,1226.16,204
1459834440,1226.33,248
1459834500,1226.55,122
1459834560,1226.53,132
1459834620,1226.47,194
1459834680,1226.77,158
1459834740,1226.86,214
1459834800,1226.74,208
1459834860,1226.66,140
1459834920,1226.71,124
1459834980,1226.23,122
1459835040,1226.38,84
1459835100,1226.45,150
1459835160,1226.13,96
1459835220,1226.44,58
1459835280,1226.53,58
1459835340,1226.52,192
1459835400,1226.55,212
1459835460,1226.57,78
1459835520,1226.24,166
1459835580,1226.39,62
1459835640,1226.47,46
1459835700,1226.47,34
1459835760,1226.47,12
1459835820,1226.54,64
1459835880,1226.52,72
1459835940,1226.52,46
1459836000,1226.56,156
1459836060,1226.97,38
1459836120,1227.23,76
1459836180,1227.23,94
1459836240,1227.23,88
1459836300,1227.23,50
1459836360,1227.05,96
1459836420,1227.27,92
1459836480,1227.33,42
1459836540,1227.13,54
1459836600,1227.24,126
1459836660,1227.17,94
1459836720,1227.26,34
1459836780,1227.32,34
1459836840,1227.34,58
1459836900,1227.43,30
1459836960,1227.23,30
1459837020,1226.94,22
1459837080,1227.00,18
1459837140,1227.03,24
1459837200,1227.00,46
1459837260,1226.70,118
1459837320,1226.43,170
1459837380,1226.31,110
1459837440,1225.99,56
1459837500,1226.11,52
1459837560,1226.09,70
1459837620,1226.26,78
1459837680,1226.20,96
1459837740,1226.35,56
1459837800,1226.29,70
1459837860,1226.20,46
1459837920,1226.09,56
1459837980,1226.09,40
1459838040,1225.89,52
1459838100,1225.89,26
1459838160,1225.84,62
1459838220,1225.59,30
1459838280,1225.38,26
1459838340,1225.38,40
1459838400,1225.29,50
1459838460,1225.19,24
1459838520,1225.43,66
1459838580,1225.53,48
1459838640,1225.59,72
1459838700,1225.38,106
1459838760,1225.47,38
1459838820,1225.48,40
1459838880,1225.47,32
1459838940,1225.52,30
1459839000,1225.78,32
1459839060,1225.59,26
1459839120,1225.88,100
1459839180,1226.14,124
1459839240,1226.17,116
1459839300,1226.50,284
1459839360,1226.47,244
1459839420,1226.62,176
1459839480,1226.14,78
1459839540,1225.63,242
1459839600,1225.93,232
1459839660,1225.98,180
1459839720,1226.09,250
1459839780,1225.67,68
1459839840,1225.52,96
1459839900,1225.38,94
1459839960,1225.23,150
1459840020,1225.67,150
1459840080,1225.64,104
1459840140,1225.55,148
1459840200,1226.17,148
1459840260,1226.28,164
1459840320,1226.28,108
1459840380,1225.83,164
1459840440,1226.02,206
1459840500,1225.89,230
1459840560,1225.87,298
1459840620,1226.09,230
1459840680,1225.77,272
1459840740,1225.60,284
1459840800,1225.32,314
1459840860,1224.71,408
1459840920,1224.97,468
1459840980,1224.99,316
1459841040,1224.96,310
1459841100,1224.69,234
1459841160,1224.73,270
1459841220,1224.86,278
1459841280,1224.66,262
1459841340,1224.88,238
1459841400,1225.38,228
1459841460,1226.12,128
1459841520,1226.15,138
1459841580,1226.49,296
1459841640,1226.38,188
1459841700,1227.16,166
1459841760,1228.44,308
1459841820,1228.19,270
1459841880,1228.06,282
1459841940,1228.25,312
1459842000,1228.40,192
1459842060,1228.00,148
1459842120,1227.61,324
1459842180,1227.97,164
1459842240,1227.78,236
1459842300,1228.01,178
1459842360,1227.85,154
1459842420,1228.05,128
1459842480,1227.94,80
1459842540,1227.84,108
1459842600,1228.26,76
1459842660,1228.14,42
1459842720,1228.24,54
1459842780,1228.51,76
1459842840,1229.24,112
1459842900,1228.93,106
1459842960,1228.83,66
1459843020,1228.61,90
1459843080,1228.83,82
1459843140,1228.89,46
1459843200,1228.93,96
1459843260,1228.77,116
1459843320,1228.76,74
1459843380,1229.12,58
1459843440,1229.21,64
1459843500,1229.42,110
1459843560,1229.37,136
1459843620,1230.18,186
1459843680,1230.13,144
1459843740,1230.28,150
1459843800,1230.24,238
1459843860,1231.64,248
1459843920,1232.31,190
1459843980,1232.61,150
1459844040,1232.12,204
1459844100,1232.34,118
1459844160,1232.21,70
1459844220,1231.78,88
1459844280,1231.66,90
1459844340,1231.76,122
1459844400,1232.11,226
1459844460,1231.80,150
1459844520,1231.62,194
1459844580,1231.61,182
1459844640,1232.05,192
1459844700,1232.50,186
1459844760,1232.50,210
1459844820,1232.48,114
1459844880,1232.80,134
1459844940,1233.52,144
1459845000,1233.96,256
1459845060,1233.86,256
1459845120,1234.62,250
1459845180,1234.24,358
1459845240,1234.04,224
1459845300,1234.10,110
1459845360,1233.75,130
1459845420,1233.47,132
1459845480,1233.69,218
1459845540,1233.53,184
1459845600,1233.94,270
1459845660,1233.90,158
1459845720,1233.48,118
1459845780,1233.36,88
1459845840,1233.46,66
1459845900,1233.86,76
1459845960,1233.73,92
1459846020,1233.51,182
1459846080,1233.36,118
1459846140,1233.32,64
1459846200,1233.36,130
1459846260,1233.06,180
1459846320,1232.96,188
1459846380,1232.88,170
1459846440,1233.06,144
1459846500,1232.93,158
1459846560,1232.88,30
1459846620,1232.89,60
1459846680,1232.58,144
1459846740,1232.70,146
1459846800,1232.65,124
1459846860,1232.46,102
1459846920,1232.74,80
1459846980,1232.69,28
1459847040,1233.16,40
1459847100,1233.37,84
1459847160,1232.94,172
1459847220,1232.87,90
1459847280,1232.97,64
1459847340,1232.87,154
1459847400,1233.36,136
1459847460,1232.98,82
1459847520,1232.65,146
1459847580,1232.64,108
1459847640,1232.63,100
1459847700,1232.74,186
1459847760,1232.73,32
1459847820,1232.76,42
1459847880,1232.73,38
1459847940,1232.22,98
1459848000,1232.16,78
1459848060,1231.96,104
1459848120,1231.92,114
1459848180,1231.98,122
1459848240,1231.77,246
1459848300,1231.77,264
1459848360,1231.55,230
1459848420,1231.60,218
1459848480,1231.36,98
1459848540,1231.50,198
1459848600,1231.46,82
1459848660,1231.83,190
1459848720,1231.96,48
1459848780,1231.67,134
1459848840,1231.93,160
1459848900,1232.10,46
1459848960,1232.26,24
1459849020,1232.06,12
1459849080,1232.33,90
1459849140,1232.00,142
1459849200,1232.05,144
1459849260,1231.93,116
1459849320,1232.06,142
1459849380,1232.25,72
1459849440,1232.17,166
1459849500,1232.36,114
1459849560,1232.20,102
1459849620,1232.21,46
1459849680,1232.27,68
1459849740,1232.26,116
1459849800,1232.40,70
1459849860,1232.34,22
1459849920,1232.14,78
1459849980,1231.84,114
1459850040,1231.64,128
1459850100,1231.77,130
1459850160,1231.66,164
1459850220,1231.70,178
1459850280,1231.50,110
1459850340,1231.45,100
1459850400,1231.34,174
1459850460,1230.90,170
1459850520,1230.86,236
1459850580,1231.06,152
1459850640,1231.10,50
1459850700,1231.31,110
1459850760,1231.63,116
1459850820,1231.71,94
1459850880,1231.80,86
1459850940,1231.77,38
1459851000,1231.87,88
1459851060,1231.86,36
1459851120,1231.77,26
1459851180,1231.90,14
1459851240,1232.01,36
1459851300,1231.96,14
1459851360,1231.86,66
1459851420,1231.70,38
1459851480,1231.56,20
1459851540,1231.56,22
1459851600,1230.89,110
1459851660,1230.70,128
1459851720,1230.96,48
1459851780,1230.96,16
1459851840,1231.06,28
1459851900,1230.88,16
1459851960,1230.77,40
1459852020,1230.76,36
1459852080,1230.86,16
1459852140,1231.36,32
1459852200,1231.50,48
1459852260,1231.56,40
1459852320,1231.66,48
1459852380,1231.46,32
1459852440,1231.56,70
1459852500,1231.70,74
1459852560,1231.50,32
1459852620,1231.76,34
1459852680,1231.20,60
1459852740,1231.21,68
1459852800,1231.11,58
1459852860,1231.31,102
1459852920,1231.30,54
1459852980,1231.36,64
1459853040,1231.26,90
1459853100,1231.29,132
1459853160,1231.36,118
1459853220,1231.86,82
1459853280,1232.36,122
1459853340,1232.46,208
1459853400,1232.44,232
1459853460,1233.08,234
1459853520,1233.50,264
1459853580,1233.29,260
1459853640,1233.60,88
1459853700,1233.30,112
1459853760,1233.16,122
1459853820,1233.00,166
1459853880,1233.20,144
1459853940,1232.88,84
1459854000,1233.26,92
1459854060,1233.40,72
1459854120,1233.29,148
1459854180,1232.94,116
1459854240,1232.84,116
1459854300,1232.92,146
1459854360,1232.80,162
1459854420,1232.76,192
1459854480,1232.73,78
1459854540,1232.74,112
1459854600,1233.23,76
1459854660,1233.19,116
1459854720,1233.04,176
1459854780,1232.98,138
1459854840,1232.81,198
1459854900,1232.68,190
1459854960,1232.69,92
1459855020,1232.80,158
1459855080,1232.84,128
1459855140,1232.67,152
1459855200,1232.68,166
1459855260,1232.89,126
1459855320,1232.49,164
1459855380,1232.30,152
1459855440,1232.20,162
1459855500,1232.47,84
1459855560,1232.49,68
1459855620,1232.33,164
1459855680,1232.09,142
1459855740,1231.99,196
1459855800,1231.82,106
1459855860,1231.24,164
1459855920,1231.29,178
1459855980,1231.29,100
1459856040,1231.29,92
1459856100,1231.41,46
1459856160,1231.39,26
1459856220,1231.40,58
1459856280,1231.54,32
1459856340,1232.08,60
1459856400,1231.97,72
1459856460,1231.91,82
1459856520,1231.66,36
1459856580,1231.30,132
1459856640,1231.36,34
1459856700,1231.54,44
1459856760,1231.89,66
1459856820,1232.13,70
1459856880,1232.01,72
1459856940,1231.89,62
1459857000,1231.49,342
1459857060,1231.40,196
1459857120,1231.53,86
1459857180,1231.43,48
1459857240,1231.49,70
1459857300,1231.48,34
1459857360,1231.43,86
1459857420,1231.54,180
1459857480,1231.61,138
1459857540,1231.66,102
1459857600,1231.23,332
1459857660,1231.29,176
1459857720,1231.20,244
1459857780,1231.22,266
1459857840,1231.20,200
1459857900,1231.20,122
1459857960,1231.34,212
1459858020,1231.42,228
1459858080,1231.30,202
1459858140,1231.65,214
1459858200,1231.69,172
1459858260,1231.70,258
1459858320,1231.81,104
1459858380,1232.14,20
1459858440,1232.20,70
1459858500,1232.19,198
1459858560,1232.09,200
1459858620,1231.72,186
1459858680,1231.73,218
1459858740,1231.85,164
1459858800,1231.38,294
1459858860,1231.77,182
1459858920,1231.87,130
1459858980,1231.87,138
1459859040,1232.27,88
1459859100,1231.97,58
1459859160,1232.07,50
1459859220,1232.57,84
1459859280,1232.67,80
1459859340,1232.87,106
1459859400,1233.37,184
1459859460,1232.80,100
1459859520,1233.58,108
1459859580,1233.13,190
1459859640,1233.87,188
1459859700,1234.67,304
1459859760,1236.46,276
1459859820,1235.75,356
1459859880,1235.92,270
1459859940,1236.24,84
1459860000,1236.05,114
1459860060,1236.14,62
1459860120,1235.84,110
1459860180,1236.42,182
1459860240,1235.93,110
1459860300,1236.13,88
1459860360,1235.23,114
1459860420,1235.13,80
1459860480,1235.40,108
1459860540,1235.33,38
1459860600,1235.43,92
1459860660,1235.77,100
1459860720,1235.43,88
1459860780,1235.10,80
1459860840,1234.53,122
1459860900,1234.61,92
1459860960,1234.63,38
1459861020,1234.87,100
1459861080,1234.35,200
1459861140,1234.53,198
1459861200,1232.54,352
1459861260,1232.94,204
1459861320,1233.00,90
1459861380,1231.78,308
1459861440,1232.25,286
1459861500,1232.08,220
1459861560,1232.16,120
1459861620,1232.13,84
1459861680,1232.74,92
1459861740,1232.74,158
1459861800,1232.85,262
1459861860,1232.92,200
1459861920,1232.65,162
1459861980,1232.75,112
1459862040,1232.82,118
1459862100,1233.36,186
1459862160,1233.25,188
1459862220,1233.43,156
1459862280,1233.72,190
1459862340,1233.48,188
1459862400,1233.82,124
1459862460,1233.28,120
1459862520,1232.43,136
1459862580,1232.72,110
1459862640,1232.45,128
1459862700,1232.34,118
1459862760,1232.04,118
1459862820,1232.34,80
1459862880,1232.34,68
1459862940,1232.03,178
1459863000,1231.85,256
1459863060,1232.05,160
1459863120,1232.63,186
1459863180,1231.95,182
1459863240,1231.96,172
1459863300,1231.37,280
1459863360,1231.72,262
1459863420,1231.93,230
1459863480,1231.82,334
1459863540,1232.04,360
1459863600,1232.45,304
1459863660,1232.47,164
1459863720,1232.07,138
1459863780,1232.77,148
1459863840,1232.80,284
1459863900,1232.81,220
1459863960,1232.33,288
1459864020,1232.45,304
1459864080,1232.26,290
1459864140,1232.66,224
1459864200,1232.49,126
1459864260,1233.55,204
1459864320,1232.79,190
1459864380,1232.85,144
1459864440,1232.66,264
1459864500,1232.00,332
1459864560,1232.37,160
1459864620,1232.19,154
1459864680,1232.28,112
1459864740,1232.13,218
1459864800,1230.02,348
1459864860,1230.42,250
1459864920,1230.13,250
1459864980,1229.94,232
1459865040,1229.84,242
1459865100,1227.37,312
1459865160,1227.72,268
1459865220,1227.58,224
1459865280,1227.47,172
1459865340,1228.29,150
1459865400,1228.05,132
1459865460,1228.85,104
1459865520,1228.45,162
1459865580,1228.46,130
1459865640,1228.21,68
1459865700,1228.57,224
1459865760,1229.27,86
1459865820,1228.87,102
1459865880,1228.47,90
1459865940,1228.27,88
1459866000,1228.47,164
1459866060,1227.94,144
1459866120,1228.34,138
1459866180,1228.39,84
1459866240,1228.05,102
1459866300,1228.04,130
1459866360,1227.34,96
1459866420,1226.84,124
1459866480,1226.95,136
1459866540,1227.56,116
1459866600,1227.66,124
1459866660,1227.36,76
1459866720,1228.08,70
1459866780,1228.48,82
1459866840,1228.75,78
1459866900,1228.45,88
1459866960,1228.65,38
1459867020,1228.55,68
1459867080,1228.71,54
1459867140,1228.85,64
1459867200,1228.75,54
1459867260,1228.55,58
1459867320,1228.80,138
1459867380,1228.48,76
1459867440,1228.53,44
1459867500,1228.33,72
1459867560,1228.33,72
1459867620,1228.33,98
1459867680,1228.32,68
1459867740,1228.47,56
1459867800,1228.57,66
1459867860,1228.57,68
1459867920,1228.43,62
1459867980,1228.63,88
1459868040,1228.73,58
1459868100,1229.14,82
1459868160,1229.32,142
1459868220,1229.62,116
1459868280,1229.62,128
1459868340,1229.82,76
1459868400,1229.91,270
1459868460,1230.01,254
1459868520,1229.41,258
1459868580,1229.47,30
1459868640,1229.67,52
1459868700,1229.71,136
1459868760,1229.92,144
1459868820,1229.52,54
1459868880,1229.32,46
1459868940,1229.09,136
1459869000,1228.82,144
1459869060,1229.12,84
1459869120,1228.91,90
1459869180,1229.22,60
1459869240,1229.11,68
1459869300,1228.91,144
1459869360,1229.22,72
1459869420,1229.51,66
1459869480,1229.33,74
1459869540,1229.22,78
1459869600,1229.01,86
1459869660,1228.75,56
1459869720,1228.90,98
1459869780,1228.92,156
1459869840,1228.90,88
1459869900,1229.12,96
1459869960,1228.80,270
1459870020,1228.90,96
1459870080,1228.52,200
1459870140,1228.40,166
1459870200,1228.32,232
1459870260,1228.94,270
1459870320,1229.24,220
1459870380,1228.74,146
1459870440,1228.94,140
1459870500,1228.99,182
1459870560,1229.13,168
1459870620,1228.97,180
1459870680,1228.64,180
1459870740,1228.54,64
1459870800,1228.84,162
1459870860,1228.79,158
1459870920,1229.14,92
1459870980,1229.20,86
1459871040,1229.36,118
1459871100,1229.46,108
1459871160,1230.26,166
1459871220,1230.14,142
1459871280,1230.07,92
1459871340,1230.74,140
1459871400,1231.62,160
1459871460,1230.86,196
1459871520,1230.72,66
1459871580,1230.92,114
1459871640,1230.82,56
1459871700,1230.72,72
1459871760,1230.52,164
1459871820,1230.02,168
1459871880,1229.92,156
1459871940,1229.86,262
1459872000,1228.72,352
1459872060,1228.81,310
1459872120,1228.53,316
1459872180,1229.02,166
1459872240,1229.03,268
1459872300,1228.97,214
1459872360,1229.11,208
1459872420,1229.04,232
1459872480,1228.64,164
1459872540,1228.64,218
1459872600,1228.61,198
1459872660,1228.48,214
1459872720,1228.71,174
1459872780,1228.49,168
1459872840,1228.63,90
1459872900,1228.51,210
1459872960,1227.96,242
1459873020,1228.10,134
1459873080,1228.16,166
1459873140,1227.84,118
1459873200,1227.28,188
1459873260,1227.89,82
1459873320,1227.99,60
1459873380,1228.16,40
1459873440,1228.26,66
1459873500,1228.34,94
1459873560,1227.84,108
1459873620,1227.85,58
1459873680,1228.04,56
1459873740,1228.26,24
1459873800,1228.46,76
1459873860,1228.86,66
1459873920,1228.35,96
1459873980,1228.60,66
1459874040,1229.15,72
1459874100,1228.54,60
1459874160,1228.77,112
1459874220,1229.07,20
1459874280,1229.07,50
1459874340,1228.87,56
1459874400,1228.52,88
1459874460,1228.52,72
1459874520,1228.76,48
1459874580,1228.68,42
1459874640,1228.72,52
1459874700,1228.77,78
1459874760,1229.02,56
1459874820,1228.97,82
1459874880,1228.84,22
1459874940,1228.94,70
1459875000,1229.04,24
1459875060,1229.14,100
1459875120,1229.14,42
1459875180,1228.56,54
1459875240,1228.56,58
1459875300,1228.36,50
1459875360,1228.56,28
1459875420,1228.36,78
1459875480,1228.36,70
1459875540,1228.35,82
1459875600,1228.30,34
1459875660,1228.58,40
1459875720,1228.78,38
1459875780,1228.58,34
1459875840,1228.68,10
1459875900,1228.58,18
1459875960,1228.98,30
1459876020,1229.26,72
1459876080,1229.26,16
1459876140,1229.36,52
1459876200,1229.16,34
1459876260,1228.96,42
1459876320,1228.86,30
1459876380,1228.66,36
1459876440,1228.56,10
1459876500,1228.26,38
1459876560,1228.36,14
1459876620,1228.76,26
1459876680,1228.76,18
1459876740,1228.96,16
1459876800,1228.99,34
1459876860,1228.86,22
1459876920,1228.89,56
1459876980,1228.86,24
1459877040,1228.77,70
1459877100,1228.89,48
1459877160,1228.66,22
1459877220,1228.36,44
1459877280,1228.13,66
1459877340,1228.41,144
1459877400,1226.04,346
1459877460,1226.39,258
1459877520,1226.68,136
1459877580,1227.44,114
1459877640,1226.95,204
1459877700,1227.40,156
1459877760,1227.15,126
1459877820,1227.44,118
1459877880,1227.44,26
1459877940,1228.36,206
1459878000,1228.85,314
1459878060,1228.46,112
1459878120,1228.36,28
1459878180,1228.06,26
1459878240,1228.22,90
1459878300,1228.41,104
1459878360,1228.41,96
1459878420,1228.45,44
1459878480,1228.55,52
1459878540,1228.44,70
1459878600,1228.36,70
1459878660,1228.14,54
1459878720,1227.94,110
1459878780,1227.84,66
1459878840,1228.24,46
1459878900,1228.18,44
1459878960,1228.58,30
1459879020,1229.72,292
1459879080,1229.75,132
1459879140,1229.75,26
1459879200,1229.46,88
1459879260,1230.05,40
1459879320,1228.95,120
1459879380,1229.13,70
1459879440,1229.03,80
1459879500,1228.73,100
1459879560,1228.67,60
1459879620,1228.74,76
1459879680,1228.74,64
1459879740,1229.03,76
1459879800,1229.03,34
1459879860,1228.93,58
1459879920,1228.73,20
1459879980,1228.63,74
1459880040,1228.67,48
1459880100,1228.88,32
1459880160,1228.73,44
1459880220,1228.53,88
1459880280,1228.53,20
1459880340,1228.43,40
1459880400,1228.35,38
1459880460,1228.34,64
1459880520,1228.23,34
1459880580,1227.95,64
1459880640,1228.14,92
1459880700,1228.13,52
1459880760,1227.93,16
1459880820,1227.93,24
1459880880,1228.13,40
1459880940,1227.95,52
1459881000,1228.23,50
1459881060,1228.45,82
1459881120,1228.45,78
1459881180,1228.45,68
1459881240,1228.13,56
1459881300,1228.34,82
1459881360,1228.24,50
1459881420,1228.24,22
1459881480,1228.41,58
1459881540,1228.23,46
1459881600,1228.11,60
1459881660,1228.13,28
1459881720,1228.09,42
1459881780,1228.03,44
1459881840,1228.02,18
1459881900,1228.04,48
1459881960,1227.99,18
1459882020,1227.99,10
1459882080,1227.98,14
1459882140,1227.95,28
1459882200,1227.91,4
1459882260,1227.46,78
1459882320,1227.36,60
1459882380,1227.58,76
1459882440,1228.19,36
1459882500,1227.86,50
1459882560,1227.96,6
1459882620,1228.16,6
1459882680,1228.26,64
1459882740,1228.47,48
1459882800,1228.36,64
1459882860,1228.12,18
1459882920,1229.06,80
1459882980,1229.26,22
1459883040,1229.06,12
1459883100,1228.96,22
1459883160,1229.66,46
1459883220,1229.74,34
1459883280,1229.52,14
1459883340,1229.38,28
1459883400,1229.53,50
1459883460,1229.48,10
1459883580,1229.28,14
1459883640,1228.94,42
1459883700,1228.74,14
1459883760,1228.66,14
1459883820,1228.74,26
1459883880,1229.04,18
1459883940,1229.05,2
1459884000,1228.95,34
1459884060,1228.54,14
1459884120,1228.74,6
1459884180,1228.84,2
1459884240,1228.95,2
1459884300,1228.88,26
1459884360,1229.04,32
1459884540,1229.57,36
1459884600,1229.76,48
1459884660,1230.27,46
1459884720,1230.06,36
1459884780,1229.96,46
1459884840,1229.96,4
1459884900,1229.91,6
1459884960,1229.56,62
1459885020,1229.52,52
1459885080,1230.00,42
1459885140,1230.28,32
1459885200,1229.87,30
1459885260,1229.18,182
1459885320,1228.49,314
1459885380,1228.55,66
1459885440,1228.98,76
1459885500,1229.28,146
1459885560,1229.56,112
1459885620,1229.36,136
1459885680,1229.36,30
1459885740,1229.26,56
1459885800,1228.77,104
1459885860,1229.06,58
1459885920,1229.01,14
1459885980,1231.40,130
1459886040,1231.36,174
1459886100,1231.77,168
1459886160,1231.66,134
1459886220,1231.07,260
1459886280,1230.74,108
1459886340,1230.44,122
1459886400,1230.14,166
1459886460,1230.29,60
1459886520,1230.08,54
1459886580,1230.10,38
1459886640,1229.90,70
1459886700,1229.83,62
1459886760,1229.80,50
1459886820,1229.82,84
1459886880,1229.91,24
1459886940,1229.89,46
1459887000,1229.62,42
1459887060,1229.89,50
1459887120,1230.07,36
1459887180,1230.09,80
1459887240,1230.24,102
1459887300,1230.25,44
1459887360,1230.40,38
1459887420,1230.34,64
1459887480,1230.64,72
1459887540,1230.64,6
1459887660,1230.74,10
1459887720,1230.78,6
1459887780,1230.86,26
1459887840,1230.94,16
1459887900,1230.48,12
1459887960,1230.58,36
1459888020,1230.68,34
1459888080,1230.64,12
1459888140,1230.64,16
1459888200,1230.04,14
1459888260,1229.94,10
1459888320,1230.01,2
1459888380,1230.47,34
1459888440,1230.85,26
1459888500,1230.97,20
1459888560,1231.05,12
1459888620,1231.06,10
1459888680,1231.12,4
1459888740,1231.12,8
1459888800,1231.03,4
1459888860,1231.05,12
1459888920,1230.81,8
1459888980,1230.81,8
1459889040,1230.85,10
1459889100,1230.75,20
1459889160,1230.75,10
1459889220,1230.65,16
1459889280,1230.75,10
1459889340,1230.65,8
1459889400,1230.55,8
1459889460,1230.55,16
1459889520,1230.48,14
1459889580,1230.55,6
1459889640,1230.55,4
1459889700,1230.41,26
1459889760,1230.65,16
1459889820,1231.11,18
1459889880,1231.21,8
1459893600,1231.51,76
1459893660,1231.61,70
1459893720,1231.15,24
1459893780,1230.93,20
1459893840,1230.51,22
1459893900,1230.35,20
1459893960,1230.45,20
1459894020,1230.20,34
1459894080,1230.25,22
1459894140,1230.20,12
1459894200,1230.21,56
1459894260,1230.49,38
1459894320,1230.31,36
1459894440,1230.33,26
1459894500,1230.24,86
1459894560,1230.25,40
1459894620,1229.84,46
1459894680,1229.96,34
1459894740,1229.85,26
1459894800,1229.94,38
1459894860,1230.05,18
1459894920,1230.14,30
1459894980,1229.96,52
1459895040,1229.91,30
1459895100,1229.91,28
1459895160,1229.91,8
1459895220,1229.91,8
1459895280,1229.91,8
1459895340,1229.91,8
1459895400,1229.93,10
1459895460,1230.01,6
1459895520,1229.99,2
1459895580,1229.93,8
1459895640,1229.94,6
1459895700,1229.91,2
1459895820,1229.90,14
1459895880,1230.32,34
1459896000,1230.13,44
1459896060,1229.80,14
1459896120,1229.69,12
1459896180,1229.64,6
1459896240,1229.70,12
1459896300,1229.84,34
1459896360,1229.71,6
1459896420,1230.22,26
1459896480,1230.59,32
1459896540,1229.81,110
1459896600,1229.91,22
1459896660,1229.83,32
1459896720,1229.69,26
1459896780,1229.70,28
1459896840,1229.64,4
1459896960,1229.64,12
1459897020,1229.63,34
1459897080,1229.51,26
1459897140,1229.59,12
1459897200,1229.49,30
1459897260,1229.40,26
1459897320,1229.49,18
1459897380,1229.69,18
1459897440,1229.69,10
1459897500,1229.69,14
1459897560,1229.83,38
1459897620,1229.81,20
1459897680,1229.82,12
1459897740,1229.90,44
1459897800,1229.95,30
1459897860,1230.09,92
1459897920,1230.13,38
1459897980,1230.18,52
1459898040,1230.21,62
1459898100,1230.41,46
1459898160,1230.58,94
1459898220,1230.56,28
1459898280,1230.54,40
1459898340,1230.64,34
1459898400,1230.67,58
1459898460,1230.55,30
1459898520,1230.46,64
1459898580,1230.44,18
1459898640,1230.34,14
1459898700,1230.35,38
1459898760,1230.35,26
1459898820,1230.42,24
1459898880,1230.28,44
1459898940,1230.29,30
1459899000,1230.35,78
1459899060,1230.31,36
1459899120,1230.31,46
1459899180,1230.30,68
1459899240,1230.32,10
1459899300,1230.41,18
1459899360,1230.38,40
1459899420,1230.54,56
1459899480,1230.71,86
1459899540,1230.62,52
1459899600,1230.59,42
1459899660,1230.68,30
1459899720,1230.71,58
1459899780,1230.72,48
1459899840,1230.75,16
1459899900,1230.79,52
1459899960,1230.79,58
1459900020,1230.74,46
1459900080,1230.74,42
1459900140,1230.81,46
1459900200,1230.59,64
1459900260,1230.36,54
1459900320,1230.60,84
1459900380,1230.75,92
1459900440,1230.69,78
1459900500,1230.81,74
1459900560,1230.70,12
1459900620,1230.64,16
1459900680,1230.71,8
1459900740,1230.91,48
1459900800,1230.61,86
1459900860,1230.30,156
1459900920,1230.55,150
1459900980,1230.81,164
1459901040,1230.89,154
1459901100,1231.04,196
1459901160,1231.11,156
1459901220,1230.82,128
1459901280,1230.79,118
1459901340,1230.95,90
1459901400,1230.77,128
1459901460,1230.41,124
1459901520,1230.39,108
1459901580,1230.53,88
1459901640,1230.60,176
1459901700,1230.57,90
1459901760,1230.08,42
1459901820,1229.86,140
1459901880,1230.07,200
1459901940,1230.06,314
1459902000,1230.23,238
1459902060,1230.00,190
1459902120,1230.54,224
1459902180,1230.83,246
1459902240,1231.41,266
1459902300,1231.87,314
1459902360,1232.00,244
1459902420,1231.85,132
1459902480,1231.81,164
1459902540,1231.50,58
1459902600,1231.22,182
1459902660,1230.91,148
1459902720,1231.13,38
1459902780,1230.90,80
1459902840,1230.20,150
1459902900,1230.13,178
1459902960,1229.81,130
1459903020,1229.62,196
1459903080,1229.06,292
1459903140,1228.68,300
1459903200,1229.12,162
1459903260,1229.27,14
1459903320,1229.40,60
1459903380,1229.56,218
1459903440,1229.75,172
1459903500,1230.01,182
1459903560,1230.18,162
1459903620,1230.30,208
1459903680,1230.30,50
1459903740,1230.37,36
1459903800,1230.21,16
1459903860,1230.05,44
1459903920,1230.15,96
1459903980,1230.37,66
1459904040,1230.47,34
1459904100,1230.67,30
1459904160,1230.77,6
1459904220,1230.67,22
1459904280,1230.57,12
1459904340,1231.27,132
1459904400,1230.55,186
1459904460,1230.79,108
1459904520,1230.29,154
1459904580,1230.41,78
1459904640,1230.30,116
1459904700,1229.90,100
1459904760,1229.74,124
1459904820,1229.97,104
1459904880,1229.87,110
1459904940,1229.92,52
1459905000,1229.74,158
1459905060,1229.63,80
1459905120,1229.42,86
1459905180,1229.48,114
1459905240,1229.47,158
1459905300,1229.44,184
1459905360,1229.34,242
1459905420,1229.42,134
1459905480,1229.57,90
1459905540,1229.57,20
1459905600,1229.97,42
1459905660,1229.67,24
1459905720,1229.87,22
1459905780,1229.87,12
1459905840,1230.03,44
1459905900,1230.01,16
1459905960,1230.02,60
1459906020,1230.03,72
1459906080,1230.42,126
1459906140,1230.43,112
1459906200,1230.48,102
1459906260,1230.33,60
1459906320,1230.33,26
1459906380,1230.18,76
1459906440,1229.92,90
1459906500,1230.13,84
1459906560,1230.11,102
1459906620,1230.13,114
1459906680,1230.14,74
1459906740,1229.89,96
1459906800,1230.13,104
1459906860,1229.93,90
1459906920,1229.72,76
1459906980,1229.70,88
1459907040,1229.68,110
1459907100,1229.65,146
1459907160,1229.54,78
1459907220,1229.63,164
1459907280,1229.56,166
1459907340,1229.44,146
1459907400,1229.30,152
1459907460,1229.81,142
1459907520,1229.63,102
1459907580,1229.69,88
1459907640,1229.71,70
1459907700,1229.90,64
1459907760,1230.01,104
1459907820,1229.92,46
1459907880,1229.43,72
1459907940,1229.36,108
1459908000,1229.42,184
1459908060,1229.47,176
1459908120,1229.42,128
1459908180,1229.57,168
1459908240,1229.59,84
1459908300,1229.68,76
1459908360,1229.56,82
1459908420,1229.73,132
1459908480,1229.49,126
1459908540,1229.48,140
1459908600,1229.47,126
1459908660,1229.47,46
1459908720,1229.25,42
1459908780,1229.32,30
1459908840,1229.41,16
1459908900,1229.12,38
1459908960,1229.05,38
1459909020,1228.62,72
1459909080,1228.67,30
1459909140,1228.82,28
1459909200,1228.63,76
1459909260,1228.74,90
1459909320,1228.84,98
1459909380,1228.84,48
1459909440,1228.94,26
1459909500,1228.74,18
1459909560,1228.63,58
1459909620,1228.67,40
1459909680,1228.64,34
1459909740,1228.64,66
1459909800,1228.26,142
1459909860,1228.28,126
1459909920,1228.33,174
1459909980,1228.40,114
1459910040,1228.91,190
1459910100,1229.08,96
1459910160,1229.13,10
1459910220,1229.13,26
1459910280,1229.17,124
1459910340,1229.17,40
1459910400,1229.17,34
1459910460,1229.27,34
1459910520,1229.17,24
1459910580,1229.67,82
1459910640,1229.77,66
1459910700,1230.07,98
1459910760,1230.23,102
1459910820,1230.04,86
1459910880,1229.93,62
1459910940,1229.97,74
1459911000,1229.94,78
1459911060,1229.91,48
1459911120,1229.91,30
1459911180,1229.97,16
1459911240,1230.14,58
1459911300,1230.14,8
1459911360,1230.14,52
1459911420,1230.12,20
1459911480,1230.23,42
1459911540,1230.13,44
1459911600,1230.13,52
1459911660,1229.81,146
1459911720,1229.85,116
1459911780,1229.83,18
1459911840,1229.63,18
1459911900,1229.55,18
1459911960,1229.94,46
1459912020,1229.95,34
1459912080,1229.87,40
1459912140,1229.94,56
1459912200,1229.96,46
1459912260,1229.95,34
1459912320,1229.95,36
1459912380,1230.14,104
1459912440,1230.03,50
1459912500,1230.19,54
1459912560,1230.13,88
1459912620,1230.03,98
1459912680,1229.86,50
1459912740,1229.70,136
1459912800,1229.80,72
1459912860,1229.74,38
1459912920,1229.77,108
1459912980,1229.93,92
1459913040,1229.94,88
1459913100,1229.77,122
1459913160,1230.00,6
1459913220,1229.80,128
1459913280,1229.74,16
1459913340,1229.73,42
1459913400,1229.65,60
1459913460,1229.56,6
1459913520,1229.93,108
1459913580,1229.94,96
1459913640,1229.85,56
1459913700,1230.13,80
1459913760,1230.00,40
1459913820,1229.91,46
1459913880,1229.93,56
1459913940,1229.90,74
1459914000,1229.68,28
1459914060,1229.54,44
1459914120,1229.16,104
1459914180,1229.32,156
1459914240,1229.29,64
1459914300,1229.40,56
1459914360,1229.32,34
1459914420,1229.44,30
1459914480,1229.54,34
1459914540,1229.43,66
1459914600,1229.25,40
1459914660,1229.24,40
1459914720,1229.24,44
1459914780,1229.22,90
1459914840,1229.39,54
1459914900,1229.23,60
1459914960,1229.34,58
1459915020,1229.34,20
1459915080,1229.15,46
1459915140,1229.24,72
1459915200,1229.13,62
1459915260,1229.23,42
1459915320,1229.17,8
1459915380,1229.14,22
1459915440,1229.33,28
1459915500,1229.38,78
1459915560,1229.53,48
1459915620,1229.53,22
1459915680,1229.53,72
1459915740,1229.66,44
1459915800,1229.83,110
1459915860,1230.05,132
1459915920,1229.87,70
1459915980,1229.87,126
1459916040,1230.04,84
1459916100,1229.93,100
1459916160,1229.92,44
1459916220,1229.93,56
1459916280,1229.98,70
1459916340,1230.16,124
1459916400,1230.05,134
1459916460,1230.21,142
1459916520,1231.50,242
1459916580,1231.75,206
1459916640,1231.52,134
1459916700,1230.90,138
1459916760,1230.92,72
1459916820,1231.03,60
1459916880,1230.21,132
1459916940,1230.40,132
1459917000,1230.09,82
1459917060,1229.66,162
1459917120,1229.23,320
1459917180,1229.29,264
1459917240,1229.57,122
1459917300,1229.43,106
1459917360,1229.43,72
1459917420,1229.55,70
1459917480,1229.51,52
1459917540,1229.52,70
1459917600,1229.52,94
1459917660,1229.88,144
1459917720,1229.72,68
1459917780,1229.72,76
1459917840,1229.63,58
1459917900,1229.74,86
1459917960,1229.73,20
1459918020,1229.67,64
1459918080,1229.63,60
1459918140,1229.74,112
1459918200,1229.81,80
1459918260,1229.78,60
1459918320,1229.58,118
1459918380,1229.55,58
1459918440,1229.50,68
1459918500,1229.40,14
1459918560,1229.40,22
1459918620,1229.40,26
1459918680,1229.50,8
1459918740,1229.45,18
1459918800,1229.19,90
1459918860,1229.15,50
1459918920,1229.35,62
1459918980,1229.38,68
1459919040,1229.59,74
1459919100,1229.77,46
1459919160,1229.56,36
1459919220,1229.55,18
1459919280,1229.56,8
1459919340,1229.56,8
1459919400,1229.29,56
1459919460,1229.51,100
1459919520,1229.34,52
1459919580,1229.44,34
1459919640,1229.47,72
1459919700,1229.44,54
1459919760,1229.48,60
1459919820,1229.49,64
1459919880,1229.65,118
1459919940,1229.65,98
1459920000,1229.48,98
1459920060,1229.49,82
1459920120,1229.49,120
1459920180,1229.49,132
1459920240,1229.53,60
1459920300,1229.55,64
1459920360,1229.36,134
1459920420,1229.62,224
1459920480,1229.68,130
1459920540,1229.63,102
1459920600,1229.53,20
1459920660,1229.34,16
1459920720,1229.24,20
1459920780,1229.15,96
1459920840,1229.00,58
1459920900,1228.38,72
1459920960,1228.67,86
1459921020,1228.49,26
1459921080,1228.62,4
1459921140,1228.62,24
1459921200,1228.62,30
1459921260,1228.82,26
1459921320,1228.79,88
1459921380,1228.72,154
1459921440,1228.66,32
1459921500,1228.57,66
1459921560,1228.69,20
1459921620,1228.74,20
1459921680,1228.79,32
1459921740,1229.06,22
1459921800,1229.14,48
1459921860,1229.09,10
1459921920,1229.14,26
1459921980,1229.23,22
1459922040,1229.13,20
1459922100,1229.04,18
1459922160,1228.86,32
1459922220,1228.94,86
1459922280,1228.84,26
1459922340,1228.85,48
1459922400,1228.34,40
1459922460,1228.14,12
1459922520,1228.42,20
1459922580,1228.42,140
1459922640,1228.40,80
1459922700,1227.84,196
1459922760,1228.03,174
1459922820,1228.21,116
1459922880,1228.14,30
1459922940,1228.24,10
1459923000,1228.54,12
1459923060,1228.39,56
1459923120,1228.62,88
1459923180,1228.51,74
1459923240,1228.46,152
1459923300,1228.47,118
1459923360,1228.76,148
1459923420,1228.59,130
1459923480,1228.34,136
1459923540,1228.46,170
1459923600,1228.34,140
1459923660,1227.46,190
1459923720,1227.04,244
1459923780,1227.44,186
1459923840,1227.20,94
1459923900,1227.14,156
1459923960,1227.39,88
1459924020,1227.25,156
1459924080,1227.17,116
1459924140,1226.65,186
1459924200,1226.86,168
1459924260,1226.85,152
1459924320,1226.66,124
1459924380,1226.37,178
1459924440,1226.69,148
1459924500,1226.74,72
1459924560,1227.22,24
1459924620,1226.59,72
1459924680,1227.10,80
1459924740,1227.27,130
1459924800,1227.08,162
1459924860,1227.10,182
1459924920,1227.14,48
1459924980,1227.14,20
1459925040,1227.15,66
1459925100,1227.29,132
1459925160,1227.20,66
1459925220,1227.06,62
1459925280,1226.97,106
1459925340,1227.02,70
1459925400,1226.83,30
1459925460,1227.03,68
1459925520,1226.83,168
1459925580,1226.75,146
1459925640,1226.74,136
1459925700,1226.74,120
1459925760,1226.83,116
1459925820,1226.75,78
1459925880,1226.75,104
1459925940,1227.47,216
1459926000,1227.45,228
1459926060,1227.39,90
1459926120,1227.68,82
1459926180,1227.69,70
1459926240,1227.88,122
1459926300,1227.88,188
1459926360,1227.76,254
1459926420,1227.51,282
1459926480,1227.19,58
1459926540,1227.04,232
1459926600,1227.06,188
1459926660,1226.44,320
1459926720,1226.67,244
1459926780,1226.14,190
1459926840,1226.06,132
1459926900,1225.75,146
1459926960,1225.26,212
1459927020,1225.20,218
1459927080,1225.39,122
1459927140,1225.49,164
1459927200,1225.09,108
1459927260,1225.33,42
1459927320,1225.58,190
1459927380,1225.67,124
1459927440,1225.88,210
1459927500,1226.26,134
1459927560,1226.03,240
1459927620,1225.91,154
1459927680,1225.98,104
1459927740,1225.97,108
1459927800,1225.61,236
1459927860,1226.08,106
1459927920,1225.98,28
1459927980,1225.96,20
1459928040,1225.88,40
1459928100,1225.88,22
1459928160,1226.10,42
1459928220,1225.73,94
1459928280,1225.80,180
1459928340,1225.30,168
1459928400,1225.80,124
1459928460,1225.60,40
1459928520,1225.80,116
1459928580,1225.84,78
1459928640,1225.86,182
1459928700,1225.96,82
1459928760,1225.87,136
1459928820,1225.65,280
1459928880,1225.90,262
1459928940,1226.20,112
1459929000,1226.30,86
1459929060,1226.30,68
1459929120,1226.40,86
1459929180,1226.55,150
1459929240,1226.21,220
1459929300,1226.13,66
1459929360,1226.23,138
1459929420,1226.41,98
1459929480,1226.58,136
1459929540,1226.53,128
1459929600,1226.51,72
1459929660,1225.85,180
1459929720,1225.80,100
1459929780,1225.74,106
1459929840,1225.70,128
1459929900,1225.81,166
1459929960,1225.83,126
1459930020,1225.70,76
1459930080,1225.85,32
1459930140,1225.90,40
1459930200,1225.70,20
1459930260,1225.75,64
1459930320,1225.86,134
1459930380,1225.50,184
1459930440,1225.29,130
1459930500,1225.44,190
1459930560,1225.47,150
1459930620,1225.47,234
1459930680,1224.90,184
1459930740,1224.98,48
1459930800,1225.10,90
1459930860,1224.89,138
1459930920,1225.00,194
1459930980,1224.92,156
1459931040,1224.89,212
1459931100,1224.63,170
1459931160,1224.61,198
1459931220,1224.89,294
1459931280,1224.82,94
1459931340,1225.20,164
1459931400,1225.05,142
1459931460,1225.00,198
1459931520,1225.19,238
1459931580,1225.89,150
1459931640,1225.80,36
1459931700,1226.28,54
1459931760,1226.39,36
1459931820,1226.28,94
1459931880,1226.20,40
1459931940,1226.04,126
1459932000,1226.10,106
1459932060,1226.11,172
1459932120,1226.02,112
1459932180,1226.02,106
1459932240,1226.10,110
1459932300,1225.98,142
1459932360,1226.34,120
1459932420,1226.31,130
1459932480,1226.00,178
1459932540,1226.16,182
1459932600,1226.25,136
1459932660,1226.15,112
1459932720,1226.35,134
1459932780,1226.55,162
1459932840,1226.50,162
1459932900,1226.60,62
1459932960,1226.83,54
1459933020,1226.72,214
1459933080,1226.78,90
1459933140,1226.73,64
1459933200,1226.58,154
1459933260,1226.68,102
1459933320,1226.61,220
1459933380,1226.60,196
1459933440,1226.45,240
1459933500,1226.27,236
1459933560,1226.23,110
1459933620,1226.01,150
1459933680,1225.94,110
1459933740,1225.67,168
1459933800,1225.83,138
1459933860,1226.07,110
1459933920,1226.07,124
1459933980,1226.19,112
1459934040,1226.08,96
1459934100,1226.02,68
1459934160,1225.89,74
1459934220,1225.69,188
1459934280,1225.50,82
1459934340,1225.62,140
1459934400,1225.45,178
1459934460,1225.50,232
1459934520,1225.75,150
1459934580,1225.80,150
1459934640,1225.69,204
1459934700,1225.67,168
1459934760,1225.72,170
1459934820,1225.78,148
1459934880,1225.82,150
1459934940,1225.69,142
1459935000,1225.52,190
1459935060,1225.72,168
1459935120,1225.54,254
1459935180,1225.68,178
1459935240,1225.81,210
1459935300,1225.79,138
1459935360,1225.43,114
1459935420,1225.50,196
1459935480,1225.51,116
1459935540,1225.39,116
1459935600,1225.55,38
1459935660,1225.53,2
1459935720,1225.53,18
1459935780,1225.42,106
1459935840,1225.29,130
1459935900,1225.29,86
1459935960,1225.29,110
1459936020,1225.39,126
1459936080,1225.59,76
1459936140,1225.49,42
1459936200,1225.53,32
1459936260,1225.38,70
1459936320,1225.39,96
1459936380,1225.40,32
1459936440,1225.38,18
1459936500,1225.42,126
1459936560,1225.31,50
1459936620,1225.31,42
1459936680,1225.18,118
1459936740,1225.03,30
1459936800,1224.53,96
1459936860,1224.20,124
1459936920,1224.53,92
1459936980,1224.64,50
1459937040,1224.93,40
1459937100,1224.76,114
1459937160,1224.63,48
1459937220,1224.39,210
1459937280,1224.52,64
1459937340,1224.55,134
1459937400,1224.65,24
1459937460,1224.55,16
1459937520,1224.77,106
1459937580,1224.85,42
1459937640,1225.27,44
1459937700,1225.22,26
1459937760,1225.47,16
1459937820,1225.57,26
1459937880,1225.57,16
1459937940,1225.24,28
1459938000,1225.13,112
1459938060,1225.23,58
1459938120,1225.14,84
1459938180,1225.17,116
1459938240,1225.13,148
1459938300,1225.37,134
1459938360,1225.19,214
1459938420,1225.17,174
1459938480,1225.22,94
1459938540,1225.17,80
1459938600,1225.30,44
1459938660,1225.00,62
1459938720,1224.96,90
1459938780,1225.04,96
1459938840,1224.90,48
1459938900,1224.96,132
1459938960,1225.00,28
1459939020,1225.20,4
1459939080,1225.00,18
1459939140,1225.14,16
1459939200,1225.10,8
1459939260,1225.12,20
1459939320,1225.07,10
1459939380,1225.17,40
1459939440,1225.17,4
1459939500,1225.14,6
1459939560,1225.22,16
1459939620,1225.13,24
1459939680,1225.09,4
1459939740,1225.23,26
1459939800,1225.19,16
1459939860,1225.21,24
1459939920,1225.27,82
1459939980,1225.27,24
1459940040,1225.19,132
1459940100,1225.29,30
1459940160,1225.29,168
1459940220,1225.20,108
1459940280,1225.19,116
1459940340,1225.09,176
1459940400,1225.02,168
1459940460,1225.18,92
1459940520,1225.19,48
1459940580,1225.19,44
1459940640,1225.19,32
1459940700,1225.09,46
1459940760,1224.89,30
1459940820,1224.99,80
1459940880,1224.91,78
1459940940,1225.09,96
1459941000,1225.12,112
1459941060,1225.11,116
1459941120,1224.91,78
1459941180,1224.89,126
1459941240,1224.95,30
1459941300,1225.15,4
1459941360,1225.05,2
1459941420,1224.95,30
1459941480,1225.45,30
1459941540,1225.46,88
1459941600,1225.36,50
1459941660,1225.41,88
1459941720,1225.32,60
1459941780,1225.06,92
1459941840,1225.06,66
1459941900,1225.11,100
1459941960,1224.46,64
1459942020,1223.26,182
1459942080,1222.53,288
1459942140,1222.63,234
1459942200,1222.02,330
1459942260,1222.26,84
1459942320,1222.17,118
1459942380,1222.18,126
1459942440,1222.05,144
1459942500,1221.74,144
1459942560,1221.52,108
1459942620,1221.91,84
1459942680,1222.22,52
1459942740,1222.52,66
1459942800,1222.46,44
1459942860,1222.52,26
1459942920,1222.12,40
1459942980,1221.97,36
1459943040,1221.74,210
1459943100,1221.39,286
1459943160,1220.33,384
1459943220,1220.52,132
1459943280,1220.62,70
1459943340,1220.62,28
1459943400,1220.54,48
1459943460,1220.64,80
1459943520,1220.95,78
1459943580,1221.45,60
1459943640,1221.35,62
1459943700,1220.86,210
1459943760,1220.87,220
1459943820,1220.61,222
1459943880,1219.81,236
1459943940,1219.80,226
1459944000,1220.10,236
1459944060,1219.56,252
1459944120,1219.13,180
1459944180,1219.20,212
1459944240,1219.18,214
1459944300,1219.87,90
1459944360,1220.17,120
1459944420,1220.10,96
1459944480,1220.09,198
1459944540,1220.19,172
1459944600,1220.35,140
1459944660,1220.75,188
1459944720,1220.73,202
1459944780,1221.04,170
1459944840,1220.95,148
1459944900,1220.65,200
1459944960,1220.81,172
1459945020,1220.87,246
1459945080,1220.76,152
1459945140,1220.96,112
1459945200,1220.88,176
1459945260,1220.66,136
1459945320,1220.16,158
1459945380,1220.00,140
1459945440,1219.92,186
1459945500,1220.10,108
1459945560,1220.10,82
1459945620,1220.37,72
1459945680,1220.37,122
1459945740,1220.42,90
1459945800,1220.47,160
1459945860,1220.22,118
1459945920,1220.07,124
1459945980,1220.03,198
1459946040,1219.79,190
1459946100,1218.85,334
1459946160,1218.90,242
1459946220,1218.81,90
1459946280,1218.62,124
1459946340,1218.63,116
1459946400,1217.41,222
1459946460,1218.01,128
1459946520,1218.39,116
1459946580,1218.31,200
1459946640,1218.31,214
1459946700,1217.91,168
1459946760,1218.02,96
1459946820,1217.81,212
1459946880,1218.01,154
1459946940,1218.36,102
1459947000,1218.85,126
1459947060,1219.16,84
1459947120,1218.84,58
1459947180,1219.10,216
1459947240,1219.33,192
1459947300,1218.95,118
1459947360,1218.89,122
1459947420,1218.79,60
1459947480,1218.99,118
1459947540,1218.99,110
1459947600,1218.91,238
1459947660,1219.44,120
1459947720,1219.94,176
1459947780,1219.95,224
1459947840,1219.64,200
1459947900,1219.74,166
1459947960,1219.91,146
1459948020,1219.86,264
1459948080,1220.13,200
1459948140,1220.09,172
1459948200,1219.42,220
1459948260,1219.32,110
1459948320,1219.21,184
1459948380,1219.36,286
1459948440,1219.40,170
1459948500,1219.65,162
1459948560,1220.08,112
1459948620,1220.15,42
1459948680,1220.02,154
1459948740,1220.63,224
1459948800,1220.46,230
1459948860,1220.51,150
1459948920,1220.90,184
1459948980,1221.23,312
1459949040,1220.92,146
1459949100,1220.56,106
1459949160,1220.50,168
1459949220,1220.47,68
1459949280,1220.53,80
1459949340,1220.88,96
1459949400,1221.63,100
1459949460,1220.95,228
1459949520,1220.78,104
1459949580,1220.50,22
1459949640,1221.19,172
1459949700,1221.36,82
1459949760,1222.26,256
1459949820,1221.80,138
1459949880,1221.64,148
1459949940,1222.03,120
1459950000,1222.35,162
1459950060,1222.98,242
1459950120,1222.74,192
1459950180,1222.61,124
1459950240,1223.05,108
1459950300,1222.81,136
1459950360,1222.31,76
1459950420,1222.25,78
1459950480,1222.22,102
1459950540,1222.48,94
1459950600,1221.71,158
1459950660,1221.93,38
1459950720,1222.37,106
1459950780,1222.06,306
1459950840,1222.18,212
1459950900,1222.28,96
1459950960,1221.73,142
1459951020,1221.63,144
1459951080,1221.57,124
1459951140,1221.61,160
1459951200,1221.37,232
1459951260,1221.59,260
1459951320,1221.88,162
1459951380,1221.84,182
1459951440,1222.23,146
1459951500,1221.95,136
1459951560,1222.09,270
1459951620,1222.29,76
1459951680,1222.05,100
1459951740,1222.07,102
1459951800,1222.25,310
1459951860,1222.56,410
1459951920,1222.51,270
1459951980,1222.86,278
1459952040,1222.74,166
1459952100,1222.96,230
1459952160,1223.02,300
1459952220,1222.56,274
1459952280,1223.19,244
1459952340,1223.50,190
1459952400,1222.95,354
1459952460,1222.19,284
1459952520,1220.64,426
1459952580,1220.84,236
1459952640,1220.99,300
1459952700,1221.21,432
1459952760,1220.81,384
1459952820,1221.12,376
1459952880,1221.38,302
1459952940,1221.40,266
1459953000,1221.81,376
1459953060,1221.72,352
1459953120,1221.57,348
1459953180,1221.54,368
1459953240,1221.35,336
1459953300,1220.50,208
1459953360,1220.90,256
1459953420,1220.80,388
1459953480,1220.68,380
1459953540,1220.71,336
1459953600,1220.61,222
1459953660,1220.49,338
1459953720,1220.92,294
1459953780,1220.92,308
1459953840,1221.37,358
1459953900,1222.12,254
1459953960,1221.79,252
1459954020,1221.73,190
1459954080,1221.60,234
1459954140,1221.44,270
1459954200,1221.96,268
1459954260,1222.09,218
1459954320,1221.92,248
1459954380,1221.84,244
1459954440,1222.09,254
1459954500,1222.00,190
1459954560,1221.99,130
1459954620,1222.17,262
1459954680,1221.92,350
1459954740,1221.94,336
1459954800,1221.91,282
1459954860,1221.71,228
1459954920,1221.63,290
1459954980,1221.89,220
1459955040,1221.91,282
1459955100,1221.64,280
1459955160,1221.66,250
1459955220,1221.94,282
1459955280,1221.64,292
1459955340,1221.83,268
1459955400,1221.91,148
1459955460,1222.02,72
1459955520,1221.89,100
1459955580,1221.92,108
1459955640,1221.92,70
1459955700,1221.92,108
1459955760,1221.82,100
1459955820,1221.97,86
1459955880,1221.76,108
1459955940,1221.72,154
1459956000,1221.57,190
1459956060,1221.61,166
1459956120,1222.32,264
1459956180,1222.27,88
1459956240,1222.31,42
1459956300,1222.26,40
1459956360,1222.52,66
1459956420,1222.62,36
1459956480,1222.62,60
1459956540,1222.27,46
1459956600,1221.92,90
1459956660,1221.53,50
1459956720,1222.02,62
1459956780,1221.71,84
1459956840,1221.82,134
1459956900,1222.12,70
1459956960,1222.40,96
1459957020,1222.77,190
1459957080,1224.76,304
1459957140,1224.95,138
1459957200,1225.15,132
1459957260,1225.60,168
1459957320,1226.20,158
1459957380,1226.00,106
1459957440,1226.20,106
1459957500,1226.80,184
1459957560,1226.56,122
1459957620,1226.65,122
1459957680,1226.72,128
1459957740,1227.00,148
1459957800,1227.14,248
1459957860,1227.61,200
1459957920,1227.65,106
1459957980,1227.39,200
1459958040,1227.13,136
1459958100,1227.16,124
1459958160,1226.33,104
1459958220,1226.36,126
1459958280,1226.25,114
1459958340,1226.75,110
1459958400,1227.18,194
1459958460,1226.98,138
1459958520,1226.33,68
1459958580,1226.33,82
1459958640,1226.43,88
1459958700,1226.44,96
1459958760,1225.85,148
1459958820,1225.97,78
1459958880,1225.65,78
1459958940,1225.75,172
1459959000,1225.46,222
1459959060,1225.67,142
1459959120,1225.53,98
1459959180,1225.01,148
1459959240,1225.09,262
1459959300,1224.96,246
1459959360,1224.85,212
1459959420,1225.09,162
1459959480,1224.94,224
1459959540,1224.79,186
1459959600,1225.07,184
1459959660,1224.70,200
1459959720,1224.58,224
1459959780,1224.27,256
1459959840,1224.39,200
1459959900,1224.49,64
1459959960,1224.69,92
1459960020,1224.59,70
1459960080,1224.09,124
1459960140,1224.09,38
1459960200,1223.86,194
1459960260,1223.64,294
1459960320,1223.63,120
1459960380,1223.67,178
1459960440,1223.46,222
1459960500,1223.55,210
1459960560,1223.05,136
1459960620,1223.24,174
1459960680,1223.03,246
1459960740,1222.86,182
1459960800,1222.63,318
1459960860,1222.99,158
1459960920,1223.35,98
1459960980,1223.15,146
1459961040,1223.00,92
1459961100,1223.03,106
1459961160,1222.44,156
1459961220,1222.59,250
1459961280,1222.74,124
1459961340,1222.69,172
1459961400,1222.74,110
1459961460,1222.74,150
1459961520,1222.28,184
1459961580,1222.58,146
1459961640,1222.67,92
1459961700,1222.14,176
1459961760,1222.15,154
1459961820,1222.56,166
1459961880,1222.24,144
1459961940,1222.17,282
1459962000,1222.61,104
1459962060,1222.34,174
1459962120,1222.94,54
1459962180,1222.34,38
1459962240,1222.68,168
1459962300,1222.51,134
1459962360,1222.62,152
1459962420,1222.49,74
1459962480,1222.59,132
1459962540,1222.39,30
1459962600,1222.44,20
1459962660,1222.36,86
1459962720,1222.19,146
1459962780,1222.32,176
1459962840,1222.45,90
1459962900,1222.55,18
1459962960,1222.38,26
1459963020,1222.44,58
1459963080,1222.39,20
1459963140,1222.29,38
1459963200,1222.39,18
1459963260,1222.49,34
1459963320,1222.69,36
1459963380,1222.69,44
1459963440,1222.79,36
1459963500,1222.79,18
1459963560,1222.69,40
1459963620,1222.45,48
1459963680,1222.99,42
1459963740,1222.77,128
1459963800,1222.88,68
1459963860,1223.07,46
1459963920,1223.08,48
1459963980,1223.18,52
1459964040,1223.17,52
1459964100,1223.25,40
1459964160,1223.57,30
1459964220,1223.14,152
1459964280,1223.07,58
1459964340,1222.87,24
1459964400,1222.98,64
1459964460,1222.79,62
1459964520,1222.77,40
1459964580,1222.98,20
1459964640,1222.88,36
1459964700,1222.28,88
1459964760,1222.26,104
1459964820,1222.78,124
1459964880,1222.68,76
1459964940,1222.49,76
1459965000,1222.47,54
1459965060,1222.67,100
1459965120,1222.67,64
1459965180,1222.88,92
1459965240,1222.68,104
1459965300,1222.67,94
1459965360,1222.65,36
1459965420,1222.35,62
1459965480,1222.28,114
1459965540,1222.04,116
1459965600,1218.88,342
1459965660,1223.16,468
1459965720,1225.15,478
1459965780,1224.40,364
1459965840,1223.31,370
1459965900,1222.38,436
1459965960,1221.68,264
1459966020,1223.10,394
1459966080,1222.45,406
1459966140,1221.82,404
1459966200,1223.18,406
1459966260,1222.06,308
1459966320,1222.19,314
1459966380,1222.30,276
1459966440,1222.77,212
1459966500,1222.94,328
1459966560,1222.87,260
1459966620,1223.78,288
1459966680,1223.55,180
1459966740,1223.37,140
1459966800,1223.07,122
1459966860,1222.86,128
1459966920,1222.82,92
1459966980,1223.26,122
1459967040,1223.05,200
1459967100,1223.01,156
1459967160,1223.18,106
1459967220,1223.48,154
1459967280,1223.33,102
1459967340,1223.72,134
1459967400,1223.68,160
1459967460,1223.44,80
1459967520,1223.91,32
1459967580,1223.94,56
1459967640,1224.66,64
1459967700,1224.94,138
1459967760,1224.65,116
1459967820,1223.52,104
1459967880,1224.12,100
1459967940,1223.82,32
1459968000,1223.50,80
1459968060,1223.13,92
1459968120,1223.40,90
1459968180,1223.28,48
1459968240,1222.50,80
1459968300,1222.27,102
1459968360,1221.73,188
1459968420,1221.65,202
1459968480,1221.22,84
1459968540,1221.62,106
1459968600,1221.56,154
1459968660,1221.89,150
1459968720,1221.70,86
1459968780,1222.22,112
1459968840,1222.18,86
1459968900,1222.28,146
1459968960,1222.62,114
1459969020,1222.70,62
1459969080,1222.76,110
1459969140,1222.82,224
1459969200,1223.20,104
1459969260,1223.12,74
1459969320,1223.23,44
1459969380,1223.26,106
1459969440,1223.14,152
1459969500,1223.14,156
1459969560,1223.10,76
1459969620,1223.13,80
1459969680,1223.14,82
1459969740,1222.91,88
1459969800,1223.03,68
1459969860,1223.09,70
1459969920,1222.94,66
1459969980,1222.85,50
1459970040,1222.90,50
1459970100,1222.82,104
1459970160,1222.91,50
1459970220,1222.70,50
1459970280,1222.19,52
1459970340,1221.01,102
1459970400,1220.92,174
1459970460,1220.88,82
1459970520,1221.10,108
1459970580,1221.34,64
1459970640,1221.32,60
1459970700,1220.75,116
1459970760,1220.84,170
1459970820,1220.67,74
1459970880,1221.13,64
1459970940,1221.33,68
1459971000,1221.93,40
1459971060,1221.93,34
1459971120,1221.94,38
1459971180,1222.24,22
1459971240,1222.24,16
1459971300,1222.23,60
1459971360,1222.24,88
1459971420,1222.23,56
1459971480,1222.44,112
1459971540,1222.71,98
1459971600,1222.73,70
1459971660,1222.68,94
1459971720,1222.65,84
1459971780,1222.55,78
1459971840,1222.38,82
1459971900,1222.45,10
1459971960,1222.66,44
1459972020,1222.42,70
1459972080,1222.44,42
1459972140,1222.40,46
1459972200,1223.07,164
1459972260,1222.95,180
1459972320,1223.25,146
1459972380,1223.33,92
1459972440,1223.58,72
1459972500,1223.74,24
1459972560,1223.73,12
1459972620,1223.63,42
1459972680,1223.33,24
1459972740,1223.43,124
1459972800,1223.36,110
1459972860,1223.31,114
1459972920,1223.22,230
1459972980,1223.52,42
1459973040,1223.41,10
1459973100,1223.72,28
1459973160,1223.71,52
1459973220,1223.66,174
1459973280,1223.81,84
1459973340,1223.92,50
1459973400,1223.71,128
1459973460,1223.78,54
1459973520,1223.78,130
1459973580,1223.75,58
1459973640,1223.80,4
1459973700,1223.69,20
1459973760,1223.69,74
1459973820,1223.69,20
1459973880,1223.58,38
1459973940,1223.59,28
1459974000,1223.52,78
1459974060,1223.19,74
1459974120,1223.29,172
1459974180,1222.81,248
1459974240,1222.73,222
1459974300,1222.59,192
1459974360,1222.55,42
1459974420,1222.43,18
1459974480,1222.40,32
1459974540,1222.41,64
1459974600,1222.59,16
1459974660,1222.72,12
1459974720,1222.52,2
1459974780,1222.49,2
1459974840,1222.18,4
1459974900,1222.49,4
1459974960,1222.52,6
1459975380,1222.47,2
1459975440,1222.43,4
1459975500,1222.42,6
1459975560,1222.39,10
1459975620,1222.39,12
1459975680,1222.39,8
1459975740,1222.32,8
1459975800,1222.35,16
1459975920,1222.34,8
1459975980,1222.21,6
1459976040,1222.09,30
1459976100,1221.99,26
1459976160,1222.09,8
1459976220,1222.04,16
1459980000,1222.86,64
1459980060,1223.17,14
1459980120,1223.17,4
1459980180,1222.97,2
1459980300,1222.97,6
1459980360,1223.01,4
1459980420,1222.97,10
1459980480,1222.87,18
1459980600,1222.84,24
1459980660,1222.87,2
1459980720,1222.77,8
1459980780,1222.77,4
1459980840,1222.84,2
1459980900,1222.87,2
1459980960,1223.07,2
1459981020,1223.00,2
1459981080,1223.05,12
1459981140,1223.11,12
1459981200,1223.09,24
1459981260,1223.05,26
1459981320,1222.97,34
1459981380,1222.97,4
1459981500,1223.03,2
1459981560,1222.97,2
1459981620,1222.93,8
1459981680,1223.01,12
1459981740,1222.87,16
1459981800,1222.73,16
1459981860,1222.70,8
1459981920,1223.18,26
1459981980,1223.65,40
1459982040,1223.65,20
1459982100,1223.79,10
1459982160,1223.22,54
1459982220,1223.22,6
1459982280,1223.32,2
1459982340,1223.32,6
1459982400,1223.22,2
1459982520,1223.23,20
1459982580,1223.24,6
1459982640,1223.32,6
1459982700,1223.42,10
1459982760,1223.29,8
1459982880,1223.32,8
1459982940,1223.32,20
1459983000,1223.32,6
1459983060,1223.25,26
1459983120,1223.15,36
1459983180,1223.22,28
1459983300,1223.24,16
1459983360,1223.22,16
1459983420,1223.12,20
1459983480,1223.12,24
1459983540,1223.12,14
1459983600,1223.13,14
1459983660,1223.14,30
1459983720,1223.12,32
1459983780,1223.20,44
1459983840,1223.33,44
1459983900,1223.35,20
1459983960,1223.35,34
1459984020,1223.42,40
1459984080,1223.62,24
1459984140,1223.70,24
1459984200,1223.62,20
1459984260,1223.65,14
1459984320,1223.82,32
1459984380,1223.68,14
1459984440,1223.62,34
1459984500,1223.62,22
1459984560,1223.65,6
1459984620,1223.62,42
1459984680,1223.59,14
1459984740,1223.65,16
1459984800,1223.62,10
1459984860,1223.64,10
1459984920,1223.73,26
1459984980,1223.65,28
1459985040,1223.62,28
1459985100,1223.69,52
1459985160,1223.62,22
1459985220,1223.62,20
1459985280,1223.63,30
1459985340,1223.60,24
1459985400,1224.02,100
1459985460,1224.29,44
1459985520,1224.42,44
1459985580,1224.29,36
1459985640,1224.29,32
1459985700,1224.26,24
1459985760,1224.29,46
1459985820,1224.22,14
1459985880,1224.13,16
1459985940,1224.05,60
1459986000,1224.15,56
1459986060,1224.18,32
1459986120,1224.22,34
1459986180,1224.14,18
1459986240,1224.21,72
1459986300,1224.26,24
1459986360,1224.22,20
1459986420,1224.24,64
1459986480,1224.32,52
1459986540,1224.72,78
1459986600,1224.75,68
1459986660,1224.77,88
1459986720,1224.93,86
1459986780,1224.97,88
1459986840,1225.00,104
1459986900,1224.96,136
1459986960,1224.92,102
1459987020,1225.13,108
1459987080,1225.37,108
1459987140,1225.21,150
1459987200,1224.79,322
1459987260,1224.89,212
1459987320,1225.11,228
1459987380,1225.24,150
1459987440,1225.21,126
1459987500,1225.56,102
1459987560,1225.12,70
1459987620,1225.22,38
1459987680,1225.32,32
1459987740,1225.42,156
1459987800,1225.43,148
1459987860,1225.13,188
1459987920,1225.37,140
1459987980,1225.45,108
1459988040,1225.32,128
1459988100,1225.23,144
1459988160,1225.45,132
1459988220,1225.34,172
1459988280,1225.43,78
1459988340,1225.32,108
1459988400,1225.65,166
1459988460,1225.84,174
1459988520,1225.92,142
1459988580,1225.79,120
1459988640,1225.75,170
1459988700,1225.58,122
1459988760,1225.55,172
1459988820,1225.81,216
1459988880,1226.08,248
1459988940,1225.97,290
1459989000,1225.49,186
1459989060,1225.00,62
1459989120,1225.10,38
1459989180,1225.00,34
1459989240,1225.01,42
1459989300,1224.74,184
1459989360,1224.60,72
1459989420,1224.54,98
1459989480,1224.39,80
1459989540,1224.44,104
1459989600,1223.94,112
1459989660,1223.96,152
1459989720,1223.93,164
1459989780,1224.49,80
1459989840,1224.57,74
1459989900,1224.59,72
1459989960,1225.15,226
1459990020,1225.39,160
1459990080,1225.40,118
1459990140,1225.80,146
1459990200,1226.30,130
1459990260,1225.51,84
1459990320,1224.99,84
1459990380,1225.19,62
1459990440,1225.19,50
1459990500,1225.28,34
1459990560,1224.99,130
1459990620,1224.99,92
1459990680,1224.79,30
1459990740,1224.50,158
1459990800,1224.69,234
1459990860,1224.69,98
1459990920,1225.19,104
1459990980,1224.95,168
1459991040,1225.19,92
1459991100,1225.24,66
1459991160,1225.54,62
1459991220,1225.42,44
1459991280,1225.39,44
1459991340,1225.59,24
1459991400,1225.79,42
1459991460,1225.69,22
1459991520,1225.54,48
1459991580,1225.24,68
1459991640,1225.25,44
1459991700,1225.09,16
1459991760,1224.87,122
1459991820,1224.82,208
1459991880,1224.79,106
1459991940,1224.79,70
1459992000,1224.49,74
1459992060,1224.33,114
1459992120,1224.20,126
1459992180,1224.35,120
1459992240,1224.30,90
1459992300,1224.13,60
1459992360,1224.20,42
1459992420,1224.49,70
1459992480,1224.65,96
1459992540,1224.73,140
1459992600,1224.25,224
1459992660,1224.60,238
1459992720,1224.61,170
1459992780,1224.58,154
1459992840,1224.60,240
1459992900,1224.48,216
1459992960,1224.43,158
1459993020,1224.23,194
1459993080,1224.20,190
1459993140,1224.35,58
1459993200,1224.20,46
1459993260,1224.35,126
1459993320,1224.15,232
1459993380,1224.45,140
1459993440,1224.38,232
1459993500,1224.57,220
1459993560,1224.62,168
1459993620,1224.83,190
1459993680,1225.42,340
1459993740,1225.75,294
1459993800,1226.02,170
1459993860,1226.10,60
1459993920,1225.71,46
1459993980,1225.98,48
1459994040,1225.95,44
1459994100,1225.58,36
1459994160,1225.49,44
1459994220,1225.11,36
1459994280,1225.10,14
1459994340,1225.71,26
1459994400,1225.78,32
1459994460,1225.79,12
1459994520,1225.99,26
1459994580,1226.00,18
1459994640,1226.09,32
1459994700,1225.99,38
1459994760,1226.14,34
1459994820,1226.23,36
1459994880,1226.13,34
1459994940,1225.93,42
1459995000,1225.73,14
1459995060,1226.13,44
1459995120,1225.83,24
1459995180,1225.54,26
1459995240,1225.74,28
1459995300,1225.54,36
1459995360,1225.63,46
1459995420,1225.94,60
1459995480,1225.79,40
1459995540,1226.24,54
1459995600,1226.13,26
1459995660,1225.83,46
1459995720,1225.94,8
1459995780,1226.03,24
1459995840,1226.13,72
1459995900,1226.23,28
1459995960,1226.14,40
1459996020,1225.93,36
1459996080,1225.94,38
1459996140,1225.93,50
1459996200,1225.59,46
1459996260,1226.24,146
1459996320,1225.94,32
1459996380,1226.09,92
1459996440,1225.99,38
1459996500,1225.89,38
1459996560,1225.89,16
1459996620,1226.04,18
1459996680,1225.83,42
1459996740,1225.94,82
1459996800,1226.09,26
1459996860,1225.94,12
1459996920,1225.65,118
1459996980,1225.73,126
1459997040,1225.56,104
1459997100,1225.64,98
1459997160,1225.74,42
1459997220,1225.94,18
1459997280,1225.74,28
1459997340,1225.64,60
1459997400,1225.64,84
1459997460,1225.53,30
1459997520,1225.43,54
1459997580,1225.40,48
1459997640,1225.54,106
1459997700,1225.64,92
1459997760,1225.64,54
1459997820,1225.65,18
1459997880,1225.53,84
1459997940,1225.45,48
1459998000,1225.65,52
1459998060,1225.63,20
1459998120,1225.53,66
1459998180,1225.49,66
1459998240,1225.34,84
1459998300,1225.35,64
1459998360,1225.26,112
1459998420,1225.35,104
1459998480,1225.33,134
1459998540,1225.35,122
1459998600,1225.35,90
1459998660,1225.65,180
1459998720,1225.56,112
1459998780,1225.60,94
1459998840,1225.54,66
1459998900,1225.64,46
1459998960,1225.83,22
1459999020,1225.73,52
1459999080,1225.85,20
1459999140,1226.03,24
1459999200,1226.09,24
1459999260,1226.04,4
1459999320,1226.44,34
1459999380,1226.79,60
1459999440,1226.54,56
1459999500,1226.39,20
1459999560,1226.60,26
1459999620,1226.42,26
1459999680,1226.37,8
1459999740,1226.46,16
1459999800,1226.67,34
1459999860,1226.76,44
1459999920,1226.91,40
1459999980,1227.12,52
1460000040,1226.82,34
1460000100,1226.96,38
1460000160,1227.16,44
1460000220,1227.08,18
1460000280,1227.08,50
1460000340,1226.92,38
1460000400,1226.87,26
1460000460,1227.11,16
1460000520,1227.38,50
1460000580,1227.28,58
1460000640,1227.19,6
1460000700,1227.08,10
1460000760,1227.06,24
1460000820,1226.97,8
1460000880,1226.96,56
1460000940,1226.76,42
1460001000,1226.67,18
1460001060,1226.62,12
1460001120,1226.58,22
1460001180,1226.66,12
1460001240,1226.86,18
1460001300,1226.62,26
1460001360,1226.46,20
1460001420,1226.08,46
1460001480,1225.99,98
1460001540,1225.77,64
1460001600,1225.89,52
1460001660,1226.13,14
1460001720,1226.23,14
1460001780,1226.28,22
1460001840,1226.18,40
1460001900,1226.17,18
1460001960,1226.17,10
1460002020,1226.12,12
1460002080,1225.97,36
1460002140,1226.12,6
1460002200,1225.97,28
1460002260,1226.08,22
1460002320,1226.58,36
1460002380,1226.38,14
1460002440,1226.37,10
1460002500,1226.37,10
1460002560,1226.52,32
1460002620,1226.57,20
1460002680,1226.58,24
1460002740,1226.47,24
1460002800,1226.67,12
1460002860,1226.52,12
1460002920,1226.62,14
1460002980,1226.75,30
1460003040,1226.69,32
1460003100,1226.59,10
1460003160,1226.58,12
1460003220,1226.58,14
1460003280,1226.57,22
1460003340,1226.67,36
1460003400,1227.08,42
1460003460,1227.08,16
1460003520,1227.32,58
1460003580,1227.42,46
1460003640,1227.67,32
1460003700,1227.86,24
1460003760,1227.97,64
1460003820,1227.58,42
1460003880,1227.77,10
1460003940,1227.87,20
1460004000,1227.97,18
1460004060,1227.76,14
1460004120,1227.76,22
1460004180,1227.76,40
1460004240,1226.87,166
1460004300,1226.25,262
1460004360,1225.55,190
1460004420,1225.95,72
1460004480,1226.07,38
1460004540,1226.57,78
1460004600,1226.07,200
1460004660,1226.97,156
1460004720,1227.72,150
1460004780,1228.89,102
1460004840,1229.77,154
1460004900,1229.47,112
1460004960,1229.35,134
1460005020,1229.28,38
1460005080,1229.48,50
1460005140,1229.64,26
1460005200,1229.58,74
1460005260,1229.68,32
1460005320,1231.47,194
1460005380,1231.69,148
1460005440,1231.18,182
1460005500,1230.85,162
1460005560,1230.13,134
1460005620,1231.06,160
1460005680,1230.63,126
1460005740,1230.77,72
1460005800,1230.07,84
1460005860,1230.35,70
1460005920,1230.35,48
1460005980,1230.46,30
1460006040,1230.26,32
1460006100,1230.15,16
1460006160,1230.05,16
1460006220,1230.35,48
1460006280,1230.35,124
1460006340,1230.44,50
1460006400,1230.58,82
1460006460,1230.45,38
1460006520,1230.52,26
1460006580,1230.77,46
1460006640,1230.52,44
1460006700,1230.47,34
1460006760,1230.47,26
1460006820,1230.14,18
1460006880,1230.44,28
1460006940,1230.73,34
1460007000,1230.54,128
1460007060,1230.24,46
1460007120,1230.24,52
1460007180,1230.47,120
1460007240,1230.24,26
1460007300,1230.54,54
1460007360,1230.23,134
1460007420,1229.83,64
1460007480,1229.83,66
1460007540,1229.54,72
1460007600,1229.50,62
1460007660,1229.30,68
1460007720,1229.20,42
1460007780,1229.11,30
1460007840,1229.28,38
1460007900,1229.22,22
1460007960,1228.91,34
1460008020,1229.01,44
1460008080,1229.11,16
1460008140,1229.23,22
1460008200,1229.41,42
1460008260,1229.22,34
1460008320,1229.21,2
1460008380,1229.32,4
1460008440,1229.12,22
1460008500,1229.12,14
1460008560,1228.62,38
1460008620,1228.62,36
1460008680,1228.62,14
1460008740,1228.51,32
1460008800,1228.71,66
1460008860,1228.72,42
1460008920,1228.11,60
1460008980,1228.44,110
1460009040,1228.71,150
1460009100,1228.67,116
1460009160,1228.52,158
1460009220,1228.55,90
1460009280,1228.41,202
1460009340,1228.12,132
1460009400,1228.24,106
1460009460,1228.22,122
1460009520,1228.12,58
1460009580,1227.81,134
1460009640,1228.53,98
1460009700,1228.51,56
1460009760,1228.62,54
1460009820,1228.57,44
1460009880,1228.37,30
1460009940,1228.22,14
1460010000,1228.11,36
1460010060,1228.22,74
1460010120,1228.21,102
1460010180,1228.57,100
1460010240,1228.51,62
1460010300,1228.52,100
1460010360,1228.87,176
1460010420,1229.13,264
1460010480,1229.02,150
1460010540,1229.01,74
1460010600,1228.85,148
1460010660,1228.73,104
1460010720,1228.82,110
1460010780,1229.77,266
1460010840,1230.12,96
1460010900,1230.62,150
1460010960,1230.27,54
1460011020,1230.22,56
1460011080,1230.21,104
1460011140,1228.56,316
1460011200,1227.55,406
1460011260,1227.44,294
1460011320,1228.12,244
1460011380,1228.12,276
1460011440,1228.57,236
1460011500,1228.39,248
1460011560,1228.27,176
1460011620,1228.34,180
1460011680,1228.34,66
1460011740,1228.29,64
1460011800,1228.34,44
1460011860,1228.44,82
1460011920,1228.89,116
1460011980,1229.46,154
1460012040,1229.22,152
1460012100,1229.14,140
1460012160,1228.96,214
1460012220,1228.76,156
1460012280,1228.75,168
1460012340,1228.73,188
1460012400,1228.53,138
1460012460,1228.57,228
1460012520,1228.80,308
1460012580,1229.10,166
1460012640,1228.64,80
1460012700,1228.71,36
1460012760,1228.51,106
1460012820,1228.54,82
1460012880,1228.84,100
1460012940,1228.41,58
1460013000,1228.41,78
1460013060,1228.41,78
1460013120,1228.11,106
1460013180,1228.41,88
1460013240,1227.25,280
1460013300,1226.88,360
1460013360,1226.80,232
1460013420,1226.86,188
1460013480,1227.19,196
1460013540,1227.15,216
1460013600,1227.14,108
1460013660,1227.05,136
1460013720,1226.91,86
1460013780,1226.91,106
1460013840,1226.15,220
1460013900,1225.99,194
1460013960,1226.11,140
1460014020,1226.40,192
1460014080,1226.31,114
1460014140,1226.40,102
1460014200,1226.50,98
1460014260,1226.51,200
1460014320,1226.44,212
1460014380,1226.22,168
1460014440,1226.65,82
1460014500,1226.90,200
1460014560,1227.40,234
1460014620,1227.33,178
1460014680,1227.20,164
1460014740,1226.80,232
1460014800,1227.04,202
1460014860,1228.06,182
1460014920,1227.77,126
1460014980,1227.48,198
1460015040,1227.53,208
1460015100,1227.82,138
1460015160,1227.93,220
1460015220,1228.08,222
1460015280,1228.23,114
1460015340,1228.11,174
1460015400,1228.37,170
1460015460,1228.58,270
1460015520,1228.73,148
1460015580,1228.87,80
1460015640,1228.88,188
1460015700,1229.47,228
1460015760,1229.81,138
1460015820,1229.74,318
1460015880,1229.53,264
1460015940,1229.36,204
1460016000,1229.47,180
1460016060,1229.13,100
1460016120,1228.96,122
1460016180,1228.67,250
1460016240,1228.88,158
1460016300,1228.88,38
1460016360,1228.83,58
1460016420,1228.86,122
1460016480,1228.81,60
1460016540,1228.96,82
1460016600,1228.75,54
1460016660,1228.88,188
1460016720,1228.56,94
1460016780,1228.76,100
1460016840,1228.78,180
1460016900,1228.94,200
1460016960,1228.93,256
1460017020,1228.93,42
1460017080,1228.98,122
1460017140,1228.74,92
1460017200,1228.80,104
1460017260,1228.95,92
1460017320,1229.28,208
1460017380,1229.17,212
1460017440,1228.06,150
1460017500,1228.79,222
1460017560,1228.32,272
1460017620,1227.72,224
1460017680,1227.64,82
1460017740,1227.46,90
1460017800,1227.65,78
1460017860,1227.93,116
1460017920,1228.23,148
1460017980,1228.19,108
1460018040,1228.01,106
1460018100,1228.01,156
1460018160,1227.87,80
1460018220,1227.77,96
1460018280,1227.92,132
1460018340,1227.92,128
1460018400,1227.89,118
1460018460,1228.00,94
1460018520,1227.92,114
1460018580,1228.17,158
1460018640,1228.31,98
1460018700,1228.28,128
1460018760,1228.11,158
1460018820,1227.93,162
1460018880,1227.93,136
1460018940,1228.29,128
1460019000,1228.30,100
1460019060,1228.41,130
1460019120,1229.44,100
1460019180,1230.73,218
1460019240,1232.99,360
1460019300,1233.25,374
1460019360,1233.76,342
1460019420,1233.85,230
1460019480,1235.16,318
1460019540,1235.71,308
1460019600,1235.62,264
1460019660,1234.90,314
1460019720,1234.65,282
1460019780,1234.52,218
1460019840,1234.64,190
1460019900,1234.54,214
1460019960,1235.10,116
1460020020,1235.90,184
1460020080,1235.61,216
1460020140,1235.69,132
1460020200,1238.82,354
1460020260,1238.12,340
1460020320,1238.91,234
1460020380,1239.13,254
1460020440,1238.98,190
1460020500,1239.02,194
1460020560,1239.06,214
1460020620,1238.99,158
1460020680,1238.09,208
1460020740,1237.79,300
1460020800,1238.29,314
1460020860,1238.41,218
1460020920,1238.25,172
1460020980,1238.48,210
1460021040,1238.35,106
1460021100,1238.58,144
1460021160,1238.93,128
1460021220,1238.27,162
1460021280,1239.02,184
1460021340,1238.45,178
1460021400,1237.40,334
1460021460,1237.20,202
1460021520,1237.34,208
1460021580,1236.96,144
1460021640,1236.46,130
1460021700,1237.16,114
1460021760,1237.56,114
1460021820,1237.46,118
1460021880,1237.63,54
1460021940,1237.69,222
1460022000,1237.84,280
1460022060,1237.87,300
1460022120,1237.87,266
1460022180,1237.91,218
1460022240,1238.04,308
1460022300,1238.22,326
1460022360,1237.91,308
1460022420,1238.06,192
1460022480,1238.03,106
1460022540,1237.36,250
1460022600,1237.64,106
1460022660,1237.33,274
1460022720,1237.55,130
1460022780,1237.36,148
1460022840,1237.26,68
1460022900,1237.16,108
1460022960,1237.18,214
1460023020,1236.93,236
1460023080,1236.74,224
1460023140,1236.78,230
1460023200,1236.84,268
1460023260,1236.85,190
1460023320,1236.82,174
1460023380,1236.99,214
1460023440,1236.58,182
1460023500,1236.63,164
1460023560,1236.59,78
1460023620,1236.71,162
1460023680,1236.70,74
1460023740,1236.56,120
1460023800,1236.47,100
1460023860,1236.12,150
1460023920,1235.86,154
1460023980,1235.66,160
1460024040,1235.87,62
1460024100,1235.70,136
1460024160,1235.06,198
1460024220,1235.39,104
1460024280,1235.76,72
1460024340,1235.60,56
1460024400,1235.35,160
1460024460,1235.24,124
1460024520,1235.27,170
1460024580,1234.96,86
1460024640,1235.19,198
1460024700,1235.20,160
1460024760,1235.18,210
1460024820,1235.24,70
1460024880,1235.15,194
1460024940,1235.58,90
1460025000,1235.49,118
1460025060,1235.60,78
1460025120,1235.68,66
1460025180,1235.51,80
1460025240,1235.20,60
1460025300,1235.16,78
1460025360,1235.06,84
1460025420,1235.46,46
1460025480,1235.96,72
1460025540,1236.16,18
1460025600,1236.08,46
1460025660,1236.12,54
1460025720,1235.96,38
1460025780,1235.58,56
1460025840,1235.76,60
1460025900,1235.56,60
1460025960,1235.77,80
1460026020,1235.96,40
1460026080,1236.11,38
1460026140,1236.37,48
1460026200,1236.26,72
1460026260,1236.35,86
1460026320,1236.76,82
1460026380,1236.63,62
1460026440,1236.76,80
1460026500,1236.87,88
1460026560,1237.36,120
1460026620,1237.33,176
1460026680,1237.42,140
1460026740,1237.25,100
1460026800,1238.18,242
1460026860,1238.06,138
1460026920,1238.00,188
1460026980,1238.33,112
1460027040,1238.03,130
1460027100,1238.06,154
1460027160,1237.54,128
1460027220,1237.39,248
1460027280,1237.34,66
1460027340,1237.22,158
1460027400,1237.28,154
1460027460,1237.15,44
1460027520,1237.21,108
1460027580,1237.89,206
1460027640,1237.64,262
1460027700,1237.80,228
1460027760,1237.61,156
1460027820,1237.51,170
1460027880,1237.61,172
1460027940,1237.66,176
1460028000,1237.70,166
1460028060,1237.93,214
1460028120,1237.74,122
1460028180,1237.84,128
1460028240,1237.54,144
1460028300,1237.56,120
1460028360,1237.49,72
1460028420,1237.28,128
1460028480,1237.64,78
1460028540,1237.43,128
1460028600,1237.49,158
1460028660,1237.91,88
1460028720,1238.64,100
1460028780,1238.77,88
1460028840,1238.90,152
1460028900,1238.71,244
1460028960,1239.29,184
1460029020,1238.54,292
1460029080,1238.01,108
1460029140,1237.97,184
1460029200,1237.40,210
1460029260,1237.24,206
1460029320,1237.07,98
1460029380,1236.94,212
1460029440,1236.85,180
1460029500,1236.66,110
1460029560,1236.54,130
1460029620,1236.07,100
1460029680,1236.39,110
1460029740,1236.38,64
1460029800,1236.91,146
1460029860,1236.74,96
1460029920,1236.54,226
1460029980,1236.44,90
1460030040,1236.51,108
1460030100,1235.74,196
1460030160,1235.84,174
1460030220,1235.64,162
1460030280,1235.99,172
1460030340,1235.94,112
1460030400,1235.51,256
1460030460,1234.71,200
1460030520,1234.66,292
1460030580,1234.53,194
1460030640,1234.62,156
1460030700,1234.68,130
1460030760,1234.50,224
1460030820,1234.66,174
1460030880,1234.77,220
1460030940,1235.15,194
1460031000,1235.59,236
1460031060,1235.40,282
1460031120,1235.09,148
1460031180,1235.22,90
1460031240,1235.64,62
1460031300,1235.88,180
1460031360,1235.78,152
1460031420,1235.91,146
1460031480,1235.64,186
1460031540,1235.71,194
1460031600,1236.14,148
1460031660,1236.60,210
1460031720,1237.31,294
1460031780,1237.28,326
1460031840,1237.47,170
1460031900,1237.87,196
1460031960,1238.34,228
1460032020,1237.94,274
1460032080,1237.76,308
1460032140,1237.84,278
1460032200,1237.38,258
1460032260,1237.48,170
1460032320,1237.28,166
1460032380,1237.56,114
1460032440,1237.38,174
1460032500,1237.46,148
1460032560,1237.79,158
1460032620,1237.46,128
1460032680,1237.46,136
1460032740,1238.07,182
1460032800,1238.52,198
1460032860,1238.19,250
1460032920,1238.35,236
1460032980,1238.15,264
1460033040,1238.14,264
1460033100,1238.27,170
1460033160,1239.09,308
1460033220,1238.69,184
1460033280,1238.82,142
1460033340,1238.39,124
1460033400,1238.58,62
1460033460,1238.68,44
1460033520,1239.37,174
1460033580,1239.61,172
1460033640,1239.53,168
1460033700,1239.36,142
1460033760,1239.37,172
1460033820,1239.66,106
1460033880,1239.73,192
1460033940,1239.40,264
1460034000,1238.60,344
1460034060,1238.76,218
1460034120,1238.70,186
1460034180,1237.92,312
1460034240,1237.66,300
1460034300,1237.46,202
1460034360,1237.44,296
1460034420,1237.56,194
1460034480,1237.86,130
1460034540,1237.78,158
1460034600,1236.46,344
1460034660,1237.16,206
1460034720,1237.14,178
1460034780,1237.56,70
1460034840,1237.96,104
1460034900,1237.80,74
1460034960,1238.86,134
1460035020,1238.46,298
1460035080,1239.03,184
1460035140,1238.86,262
1460035200,1238.66,300
1460035260,1238.86,178
1460035320,1238.96,218
1460035380,1239.13,182
1460035440,1239.31,234
1460035500,1239.76,114
1460035560,1239.56,170
1460035620,1239.66,128
1460035680,1239.66,98
1460035740,1241.61,266
1460035800,1241.14,404
1460035860,1241.71,298
1460035920,1242.61,258
1460035980,1241.97,218
1460036040,1242.28,172
1460036100,1241.84,358
1460036160,1242.31,386
1460036220,1242.89,190
1460036280,1242.29,254
1460036340,1242.19,132
1460036400,1242.39,154
1460036460,1242.69,104
1460036520,1242.66,166
1460036580,1242.95,140
1460036640,1242.55,102
1460036700,1242.40,210
1460036760,1242.79,152
1460036820,1242.33,230
1460036880,1242.07,162
1460036940,1242.26,104
1460037000,1241.88,174
1460037060,1241.37,134
1460037120,1242.10,116
1460037180,1242.34,110
1460037240,1242.34,132
1460037300,1242.04,194
1460037360,1241.78,178
1460037420,1241.43,198
1460037480,1241.53,224
1460037540,1241.57,130
1460037600,1241.73,272
1460037660,1241.82,330
1460037720,1241.86,220
1460037780,1241.56,170
1460037840,1240.71,246
1460037900,1241.21,158
1460037960,1241.22,224
1460038020,1241.21,292
1460038080,1241.41,204
1460038140,1241.44,270
1460038200,1241.35,222
1460038260,1242.16,266
1460038320,1242.19,300
1460038380,1242.00,278
1460038440,1241.96,292
1460038500,1242.06,356
1460038560,1242.12,274
1460038620,1241.91,232
1460038680,1242.27,220
1460038740,1242.08,206
1460038800,1242.11,276
1460038860,1241.57,312
1460038920,1241.58,272
1460038980,1241.39,248
1460039040,1241.29,222
1460039100,1241.33,266
1460039160,1241.07,266
1460039220,1239.96,262
1460039280,1240.85,204
1460039340,1241.50,248
1460039400,1241.65,192
1460039460,1241.30,276
1460039520,1240.75,176
1460039580,1240.99,186
1460039640,1240.85,302
1460039700,1239.10,356
1460039760,1239.35,228
1460039820,1239.82,240
1460039880,1239.45,208
1460039940,1238.52,76
1460040000,1239.04,166
1460040060,1238.89,120
1460040120,1238.64,162
1460040180,1238.77,120
1460040240,1238.09,252
1460040300,1238.19,304
1460040360,1238.49,240
1460040420,1238.29,180
1460040480,1238.64,188
1460040540,1238.72,126
1460040600,1238.84,224
1460040660,1238.80,158
1460040720,1238.90,70
1460040780,1239.00,132
1460040840,1239.27,40
1460040900,1238.86,262
1460040960,1239.12,218
1460041020,1238.91,242
1460041080,1239.04,228
1460041140,1239.16,242
1460041200,1239.60,178
1460041260,1239.56,206
1460041320,1240.06,132
1460041380,1240.11,140
1460041440,1239.86,110
1460041500,1240.25,268
1460041560,1239.73,272
1460041620,1239.72,186
1460041680,1240.28,296
1460041740,1239.97,228
1460041800,1239.76,192
1460041860,1240.02,180
1460041920,1239.66,190
1460041980,1239.70,198
1460042040,1239.63,192
1460042100,1239.20,278
1460042160,1239.62,168
1460042220,1239.38,224
1460042280,1239.52,250
1460042340,1239.75,258
1460042400,1240.10,276
1460042460,1239.99,328
1460042520,1240.11,280
1460042580,1240.11,318
1460042640,1240.57,250
1460042700,1240.72,238
1460042760,1240.43,322
1460042820,1240.79,126
1460042880,1240.70,238
1460042940,1240.41,228
1460043000,1240.62,144
1460043060,1239.94,240
1460043120,1239.71,188
1460043180,1239.72,100
1460043240,1239.51,142
1460043300,1239.31,202
1460043360,1239.72,72
1460043420,1240.14,124
1460043480,1239.63,192
1460043540,1239.92,162
1460043600,1239.93,204
1460043660,1239.76,82
1460043720,1239.67,158
1460043780,1239.84,114
1460043840,1239.61,106
1460043900,1240.02,146
1460043960,1239.92,56
1460044020,1240.16,78
1460044080,1240.22,106
1460044140,1240.22,128
1460044200,1240.47,56
1460044260,1240.12,134
1460044320,1239.85,172
1460044380,1239.22,272
1460044440,1239.37,82
1460044500,1239.22,114
1460044560,1239.32,104
1460044620,1239.22,46
1460044680,1239.27,186
1460044740,1237.89,144
1460044800,1238.07,190
1460044860,1237.93,192
1460044920,1238.49,60
1460044980,1238.49,50
1460045040,1238.99,56
1460045100,1238.82,62
1460045160,1238.74,74
1460045220,1238.94,74
1460045280,1238.92,80
1460045340,1238.62,64
1460045400,1239.12,56
1460045460,1238.72,60
1460045520,1238.53,56
1460045580,1238.34,96
1460045640,1237.70,240
1460045700,1238.21,196
1460045760,1238.45,122
1460045820,1239.01,206
1460045880,1239.00,186
1460045940,1238.88,200
1460046000,1238.84,250
1460046060,1238.75,228
1460046120,1238.35,82
1460046180,1238.19,164
1460046240,1238.71,108
1460046300,1238.41,150
1460046360,1238.02,270
1460046420,1237.81,202
1460046480,1238.13,162
1460046540,1238.04,186
1460046600,1238.11,154
1460046660,1237.93,140
1460046720,1238.11,194
1460046780,1238.36,84
1460046840,1238.71,54
1460046900,1238.57,214
1460046960,1238.84,202
1460047020,1239.10,214
1460047080,1239.20,120
1460047140,1238.64,238
1460047200,1238.82,234
1460047260,1238.71,174
1460047320,1238.77,142
1460047380,1238.80,102
1460047440,1238.55,172
1460047500,1238.41,144
1460047560,1238.21,106
1460047620,1238.31,82
1460047680,1238.36,104
1460047740,1238.31,118
1460047800,1238.26,126
1460047860,1238.31,80
1460047920,1238.13,118
1460047980,1237.65,184
1460048040,1237.46,276
1460048100,1236.96,122
1460048160,1236.72,234
1460048220,1235.93,230
1460048280,1236.44,162
1460048340,1236.91,112
1460048400,1236.57,218
1460048460,1236.56,164
1460048520,1236.81,60
1460048580,1236.91,42
1460048640,1237.01,42
1460048700,1236.82,98
1460048760,1236.72,60
1460048820,1236.62,52
1460048880,1236.70,106
1460048940,1236.62,86
1460049000,1236.69,58
1460049060,1236.29,56
1460049120,1236.39,50
1460049180,1235.89,68
1460049240,1235.83,102
1460049300,1236.01,74
1460049360,1236.12,82
1460049420,1235.91,134
1460049480,1236.21,110
1460049540,1235.87,148
1460049600,1235.67,190
1460049660,1235.61,206
1460049720,1235.38,160
1460049780,1235.16,94
1460049840,1235.47,96
1460049900,1235.12,36
1460049960,1234.98,116
1460050020,1234.93,174
1460050080,1235.57,136
1460050140,1235.64,122
1460050200,1235.81,186
1460050260,1236.09,80
1460050320,1236.49,34
1460050380,1236.39,22
1460050440,1236.59,42
1460050500,1236.69,54
1460050560,1236.64,74
1460050620,1236.91,152
1460050680,1236.99,90
1460050740,1236.98,34
1460050800,1237.48,116
1460050860,1237.16,148
1460050920,1236.74,144
1460050980,1236.78,38
1460051040,1236.77,18
1460051100,1237.07,46
1460051160,1237.10,82
1460051220,1237.04,214
1460051280,1237.12,158
1460051340,1237.11,156
1460051400,1237.11,164
1460051460,1237.34,174
1460051520,1237.38,132
1460051580,1237.57,186
1460051640,1237.84,202
1460051700,1238.00,94
1460051760,1237.71,180
1460051820,1237.82,102
1460051880,1237.75,48
1460051940,1237.65,32
1460052000,1237.45,84
1460052060,1237.45,42
1460052120,1237.22,152
1460052180,1237.27,90
1460052240,1237.25,44
1460052300,1237.45,70
1460052360,1237.22,42
1460052420,1237.57,54
1460052480,1237.67,44
1460052540,1237.47,68
1460052600,1237.42,60
1460052660,1237.42,58
1460052720,1237.57,52
1460052780,1237.44,32
1460052840,1237.29,20
1460052900,1237.29,26
1460052960,1237.09,38
1460053020,1237.05,52
1460053080,1236.69,104
1460053140,1237.19,38
1460053200,1237.53,46
1460053260,1237.49,52
1460053320,1237.19,44
1460053380,1237.34,42
1460053440,1237.29,18
1460053500,1237.43,62
1460053560,1237.69,48
1460053620,1237.94,38
1460053680,1238.67,72
1460053740,1238.16,84
1460053800,1238.56,62
1460053860,1238.79,52
1460053920,1239.44,78
1460053980,1239.15,36
1460054040,1239.45,44
1460054100,1239.29,42
1460054160,1239.05,22
1460054220,1239.25,16
1460054280,1239.47,66
1460054340,1239.35,20
1460054400,1239.33,38
1460054460,1239.45,98
1460054520,1239.77,60
1460054580,1239.94,132
1460054640,1240.46,188
1460054700,1240.76,78
1460054760,1240.74,78
1460054820,1240.67,136
1460054880,1240.76,164
1460054940,1240.66,130
1460055000,1240.53,124
1460055060,1240.64,94
1460055120,1240.62,102
1460055180,1240.42,128
1460055240,1240.03,112
1460055300,1239.96,86
1460055360,1240.02,8
1460055420,1240.00,70
1460055480,1239.94,52
1460055540,1240.24,34
1460055600,1240.54,38
1460055660,1240.64,32
1460055720,1240.55,24
1460055780,1240.05,42
1460055840,1238.95,66
1460055900,1238.55,74
1460055960,1238.74,68
1460056020,1238.95,58
1460056080,1239.64,72
1460056140,1239.54,16
1460056200,1239.45,70
1460056260,1239.64,10
1460056320,1239.62,22
1460056380,1239.64,22
1460056440,1239.52,10
1460056500,1239.35,58
1460056560,1239.15,32
1460056620,1238.94,56
1460056680,1239.34,56
1460056740,1239.25,34
1460056800,1239.29,16
1460056860,1239.35,10
1460056920,1239.54,30
1460056980,1239.45,12
1460057040,1239.53,40
1460057100,1239.64,40
1460057160,1239.94,12
1460057220,1239.94,12
1460057280,1239.95,48
1460057340,1240.07,76
1460057400,1239.83,138
1460057460,1239.95,40
1460057520,1239.85,12
1460057580,1240.05,88
1460057640,1239.65,104
1460057700,1239.49,142
1460057760,1239.64,116
1460057820,1239.76,30
1460057880,1239.84,14
1460057940,1240.37,44
1460058000,1240.58,22
1460058060,1240.68,22
1460058120,1240.36,32
1460058180,1240.25,100
1460058240,1240.25,16
1460058300,1240.10,70
1460058360,1240.35,124
1460058420,1240.55,28
1460058480,1240.45,20
1460058540,1240.77,112
1460058600,1240.55,80
1460058660,1240.67,16
1460058720,1240.97,30
1460058780,1240.86,58
1460058840,1241.07,20
1460058900,1241.07,76
1460058960,1241.24,38
1460059020,1241.26,74
1460059080,1241.14,100
1460059140,1240.72,178
1460059200,1240.30,40
1460059260,1240.43,40
1460059320,1240.31,16
1460059380,1240.25,12
1460059440,1240.25,16
1460059500,1240.41,14
1460059560,1240.55,14
1460059620,1240.45,18
1460059680,1240.41,12
1460059740,1240.41,16
1460059800,1240.35,18
1460059860,1240.71,14
1460059920,1240.71,12
1460059980,1240.71,6
1460060100,1240.85,4
1460060160,1241.01,12
1460060220,1240.78,20
1460060280,1240.67,10
1460060340,1240.67,24
1460060400,1240.77,12
1460060460,1240.77,32
1460060520,1240.81,16
1460060580,1240.90,6
1460060640,1241.10,14
1460060700,1241.20,6
1460061000,1240.79,12
1460061060,1240.89,10
1460061120,1240.45,10
1460061180,1240.49,6
1460061240,1240.69,8
1460061300,1240.49,10
1460061360,1240.49,10
1460061420,1240.49,4
1460061540,1240.40,6
1460061600,1240.12,6
1460061660,1240.41,6
1460061720,1240.45,6
1460061780,1240.49,4
1460061840,1240.47,2
1460061900,1240.56,4
1460061960,1240.69,8
1460062020,1240.73,10
1460062080,1240.83,10
1460062140,1240.79,8
1460062200,1240.69,10
1460062260,1240.69,24
1460062320,1240.73,6
1460062380,1240.86,10
1460062440,1240.73,16
1460062500,1240.68,4
1460062560,1240.55,22
1460062620,1240.52,10
1460062680,1240.28,28
1460066400,1239.65,148
1460066460,1239.55,34
1460066520,1239.58,24
1460066580,1239.52,12
1460066640,1239.48,10
1460066700,1239.18,12
1460066760,1238.95,16
1460066820,1238.98,18
1460066880,1239.68,28
1460066940,1239.72,18
1460067000,1239.68,10
1460067060,1239.68,20
1460067120,1239.75,20
1460067240,1239.88,14
1460067300,1239.88,18
1460067360,1239.72,22
1460067420,1239.68,10
1460067480,1239.75,12
1460067540,1239.75,26
1460067600,1239.68,6
1460067660,1240.25,16
1460067720,1240.08,14
1460067780,1240.05,32
1460067840,1240.19,16
1460067900,1240.28,2
1460067960,1240.18,18
1460068020,1240.32,6
1460068080,1240.58,12
1460068140,1240.42,16
1460068200,1240.38,6
1460068260,1240.38,10
1460068320,1240.35,6
1460068380,1240.35,4
1460068440,1240.34,2
1460068500,1240.49,12
1460068560,1240.38,8
1460068620,1240.38,8
1460068680,1240.49,18
1460068740,1240.49,6
1460068800,1240.38,12
1460068860,1240.48,4
1460068980,1240.48,4
1460069040,1240.48,12
1460069160,1240.44,2
1460069220,1240.45,4
1460069280,1240.38,4
1460069340,1240.35,2
1460069400,1240.35,4
1460069460,1240.58,12
1460069520,1240.68,2
1460069580,1240.59,12
1460069640,1240.58,2
1460069760,1240.58,14
1460069820,1240.38,10
1460069880,1240.35,22
1460069940,1240.32,2
1460070000,1240.28,10
1460070060,1240.34,12
1460070120,1240.29,8
1460070180,1240.28,2
1460070240,1240.28,4
1460070360,1240.08,10
1460070420,1240.08,8
1460070480,1240.18,12
1460070540,1240.18,4
1460070600,1239.88,12
1460070660,1239.88,4
1460070780,1239.94,12
1460070840,1239.94,8
1460070900,1239.88,4
1460070960,1239.70,16
1460071020,1239.79,14
1460071080,1239.85,6
1460071140,1239.88,6
1460071200,1239.78,4
1460071320,1239.34,14
1460071380,1239.48,6
1460071440,1239.28,14
1460071500,1239.35,2
1460071560,1239.18,12
1460071620,1239.18,18
1460071680,1239.18,4
1460071800,1239.38,8
1460071860,1239.48,2
1460072100,1239.48,8
1460072160,1239.48,4
1460072400,1239.58,4
1460072520,1239.68,2
1460072580,1239.48,16
1460072700,1239.38,16
1460072760,1239.28,14
1460072820,1239.18,14
1460072880,1239.37,16
1460072940,1239.38,4
1460073000,1239.48,4
1460073060,1239.38,2
1460073120,1239.25,8
1460073180,1239.26,24
1460073240,1239.28,22
1460073300,1239.14,8
1460073360,1239.07,26
1460073420,1238.87,12
1460073480,1238.67,32
1460073540,1238.71,46
1460073600,1238.68,52
1460073660,1238.79,26
1460073720,1238.78,30
1460073780,1238.87,30
1460073840,1239.07,12
1460073900,1239.08,12
1460073960,1239.07,38
1460074020,1239.08,28
1460074080,1238.75,50
1460074140,1238.74,56
1460074200,1238.25,82
1460074260,1238.04,32
1460074320,1237.95,66
1460074380,1237.87,58
1460074440,1238.06,32
1460074500,1237.67,62
1460074560,1237.77,48
1460074620,1237.15,84
1460074680,1237.57,108
1460074740,1237.58,48
1460074800,1237.42,54
1460074860,1237.75,32
1460074920,1238.05,14
1460074980,1238.05,12
1460075040,1238.25,16
1460075100,1238.16,40
1460075160,1238.26,24
1460075220,1238.48,36
1460075280,1238.30,18
1460075340,1238.00,22
1460075400,1237.95,16
1460075460,1238.25,16
1460075520,1238.35,8
1460075580,1238.15,4
1460075640,1237.90,10
1460075700,1237.88,20
1460075820,1237.78,30
1460075880,1237.45,34
1460075940,1237.65,12
1460076000,1237.69,24
1460076120,1237.69,14
1460076180,1237.49,16
1460076240,1237.39,26
1460076300,1237.39,14
1460076360,1237.29,18
1460076420,1237.62,58
1460076480,1237.49,10
1460076540,1237.49,4
1460076600,1237.27,62
1460076660,1237.47,98
1460076720,1237.29,54
1460076780,1237.39,60
1460076840,1237.39,144
1460076900,1237.57,182
1460076960,1238.11,100
1460077020,1237.77,100
1460077080,1237.69,54
1460077140,1237.68,46
1460077200,1237.77,240
1460077260,1238.01,134
1460077320,1237.79,130
1460077380,1237.59,138
1460077440,1236.99,196
1460077500,1237.32,202
1460077560,1237.18,174
1460077620,1237.48,82
1460077680,1237.50,68
1460077740,1237.52,38
1460077800,1237.48,154
1460077860,1237.36,132
1460077920,1237.43,118
1460077980,1237.43,78
1460078040,1237.39,248
1460078100,1237.42,112
1460078160,1237.22,86
1460078220,1236.64,344
1460078280,1236.15,232
1460078340,1236.39,168
1460078400,1236.43,22
1460078460,1236.60,52
1460078520,1236.60,32
1460078580,1236.43,152
1460078640,1236.35,102
1460078700,1236.95,22
1460078760,1237.20,100
1460078820,1237.20,88
1460078880,1237.03,30
1460078940,1237.66,90
1460079000,1237.77,144
1460079060,1237.49,76
1460079120,1237.29,52
1460079180,1236.85,142
1460079240,1237.09,166
1460079300,1237.03,64
1460079360,1236.89,64
1460079420,1236.99,74
1460079480,1236.81,50
1460079540,1236.70,76
1460079600,1237.01,44
1460079660,1236.78,34
1460079720,1236.48,44
1460079780,1236.29,54
1460079840,1237.14,50
1460079900,1237.24,18
1460079960,1236.99,6
1460080020,1236.89,46
1460080080,1236.45,38
1460080140,1236.90,40
1460080200,1236.85,56
1460080260,1236.77,36
1460080320,1236.67,54
1460080380,1236.23,38
1460080440,1236.07,84
1460080500,1236.07,68
1460080560,1236.05,26
1460080620,1236.02,32
1460080680,1236.17,38
1460080740,1235.97,16
1460080800,1236.24,52
1460080860,1236.47,20
1460080920,1236.64,22
1460080980,1236.41,10
1460081040,1236.61,32
1460081100,1236.41,32
1460081160,1236.50,26
1460081220,1236.54,20
1460081280,1236.70,30
1460081340,1236.81,12
1460081400,1237.08,46
1460081460,1237.58,58
1460081520,1237.29,36
1460081580,1237.39,20
1460081640,1237.37,2
1460081700,1237.45,26
1460081760,1237.41,70
1460081820,1237.41,42
1460081880,1237.73,54
1460081940,1237.39,24
1460082000,1237.29,56
1460082060,1237.29,30
1460082120,1237.39,6
1460082180,1237.17,20
1460082240,1237.17,40
1460082300,1237.04,46
1460082360,1236.77,36
1460082420,1236.87,54
1460082480,1236.97,12
1460082540,1237.07,32
1460082600,1237.17,42
1460082660,1237.27,22
1460082720,1236.67,60
1460082780,1236.56,38
1460082840,1236.58,18
1460082900,1236.48,4
1460082960,1236.49,16
1460083020,1236.61,50
1460083080,1236.67,30
1460083200,1236.74,16
1460083260,1236.82,24
1460083320,1236.88,22
1460083380,1237.08,28
1460083440,1236.89,46
1460083500,1236.85,56
1460083560,1236.91,64
1460083620,1236.88,34
1460083680,1237.02,28
1460083740,1237.09,68
1460083800,1236.77,36
1460083860,1236.79,22
1460083920,1236.77,48
1460083980,1236.76,74
1460084040,1236.70,90
1460084100,1236.48,132
1460084160,1236.11,160
1460084220,1236.90,176
1460084280,1236.88,62
1460084340,1236.83,112
1460084400,1236.72,140
1460084460,1236.84,88
1460084520,1236.94,56
1460084580,1236.94,44
1460084640,1237.08,88
1460084700,1237.18,66
1460084760,1237.25,56
1460084820,1237.18,8
1460084880,1237.15,10
1460084940,1237.05,58
1460085000,1237.31,56
1460085060,1237.64,64
1460085120,1237.74,74
1460085180,1237.31,140
1460085240,1237.35,90
1460085300,1237.34,16
1460085360,1237.36,14
1460085420,1237.27,10
1460085480,1237.17,40
1460085540,1237.36,24
1460085600,1237.21,22
1460085660,1237.17,12
1460085720,1237.27,36
1460085780,1237.11,12
1460085840,1237.05,42
1460085900,1237.17,22
1460085960,1237.37,44
1460086020,1237.47,40
1460086080,1237.87,64
1460086140,1237.81,68
1460086200,1237.56,28
1460086260,1237.46,4
1460086320,1237.81,56
1460086380,1237.51,24
1460086440,1237.64,118
1460086500,1237.54,90
1460086560,1237.68,64
1460086620,1237.90,94
1460086680,1237.84,56
1460086740,1237.99,112
1460086800,1237.79,30
1460086860,1237.78,54
1460086920,1237.78,38
1460086980,1237.79,24
1460087040,1237.72,32
1460087100,1237.99,62
1460087160,1238.09,64
1460087220,1238.19,38
1460087280,1238.15,80
1460087340,1238.27,110
1460087400,1238.13,148
1460087460,1238.10,64
1460087520,1238.15,152
1460087580,1238.17,82
1460087640,1237.96,64
1460087700,1238.02,150
1460087760,1237.99,92
1460087820,1237.93,112
1460087880,1237.92,58
1460087940,1237.79,134
1460088000,1237.43,134
1460088060,1237.52,92
1460088120,1237.37,58
1460088180,1237.16,98
1460088240,1237.17,112
1460088300,1237.34,56
1460088360,1237.07,30
1460088420,1236.97,6
1460088480,1237.07,22
1460088540,1237.13,60
1460088600,1236.88,28
1460088660,1236.77,26
1460088720,1236.68,74
1460088780,1236.61,80
1460088840,1236.68,110
1460088900,1236.49,86
1460088960,1236.62,98
1460089020,1236.61,76
1460089080,1236.86,54
1460089140,1236.79,114
1460089200,1236.78,144
1460089260,1236.82,132
1460089320,1236.97,148
1460089380,1236.93,128
1460089440,1236.93,122
1460089500,1236.62,208
1460089560,1236.80,156
1460089620,1236.82,104
1460089680,1236.62,80
1460089740,1236.28,140
1460089800,1236.39,220
1460089860,1236.28,172
1460089920,1236.49,146
1460089980,1236.43,174
1460090040,1236.58,176
1460090100,1236.54,100
1460090160,1236.52,84
1460090220,1236.41,68
1460090280,1236.72,122
1460090340,1236.73,158
1460090400,1236.83,98
1460090460,1236.81,88
1460090520,1236.59,140
1460090580,1236.85,38
1460090640,1237.31,102
1460090700,1236.47,166
1460090760,1236.18,222
1460090820,1236.08,154
1460090880,1236.18,170
1460090940,1236.34,188
1460091000,1236.29,88
1460091060,1236.19,94
1460091120,1236.26,72
1460091180,1236.30,34
1460091240,1236.30,40
1460091300,1236.10,72
1460091360,1236.14,74
1460091420,1236.21,50
1460091480,1236.08,90
1460091540,1235.87,154
1460091600,1235.99,164
1460091660,1235.96,176
1460091720,1235.94,132
1460091780,1235.98,66
1460091840,1236.08,58
1460091900,1235.91,120
1460091960,1235.88,74
1460092020,1235.75,120
1460092080,1235.58,194
1460092140,1235.47,56
1460092200,1235.04,226
1460092260,1235.58,144
1460092320,1235.38,96
1460092380,1235.47,56
1460092440,1235.58,46
1460092500,1235.58,58
1460092620,1235.33,94
1460092680,1235.38,86
1460092740,1235.23,44
1460092800,1235.10,112
1460092860,1235.05,126
1460092920,1235.09,76
1460092980,1235.18,66
1460093040,1235.18,52
1460093100,1235.27,68
1460093160,1235.28,112
1460093220,1235.45,92
1460093280,1235.45,26
1460093340,1235.25,16
1460093400,1235.39,80
1460093460,1235.45,228
1460093520,1235.70,104
1460093580,1235.72,156
1460093640,1235.50,170
1460093700,1235.72,136
1460093760,1235.62,12
1460093820,1235.67,26
1460093880,1235.49,80
1460093940,1235.57,108
1460094000,1235.57,34
1460094060,1235.72,48
1460094120,1235.71,110
1460094180,1235.77,92
1460094240,1235.86,96
1460094300,1236.08,96
1460094360,1236.08,76
1460094420,1235.89,70
1460094480,1235.99,116
1460094540,1236.00,74
1460094600,1235.79,90
1460094660,1235.79,210
1460094720,1235.82,108
1460094780,1235.71,102
1460094840,1235.78,150
1460094900,1235.96,116
1460094960,1236.00,166
1460095020,1236.10,208
1460095080,1236.06,166
1460095140,1236.20,220
1460095200,1236.32,282
1460095260,1236.18,278
1460095320,1236.20,248
1460095380,1236.11,200
1460095440,1236.20,196
1460095500,1236.27,172
1460095560,1236.21,172
1460095620,1236.31,156
1460095680,1236.26,208
1460095740,1236.18,148
1460095800,1236.20,150
1460095860,1236.37,130
1460095920,1236.26,52
1460095980,1236.74,118
1460096040,1236.84,276
1460096100,1236.89,194
1460096160,1236.79,154
1460096220,1236.88,176
1460096280,1236.62,150
1460096340,1236.72,142
1460096400,1236.62,198
1460096460,1237.00,134
1460096520,1236.90,140
1460096580,1237.07,106
1460096640,1236.79,156
1460096700,1236.89,172
1460096760,1236.97,156
1460096820,1236.97,198
1460096880,1237.01,92
1460096940,1236.97,110
1460097000,1236.71,154
1460097060,1236.89,122
1460097120,1236.71,88
1460097180,1237.16,54
1460097240,1237.07,24
1460097300,1236.97,28
1460097360,1236.76,22
1460097420,1236.37,66
1460097480,1235.72,186
1460097540,1235.23,254
1460097600,1235.17,194
1460097660,1234.95,220
1460097720,1234.88,164
1460097780,1234.70,164
1460097840,1234.67,252
1460097900,1234.87,142
1460097960,1235.47,136
1460098020,1235.29,178
1460098080,1235.27,150
1460098140,1235.47,50
1460098200,1235.57,28
1460098260,1235.67,88
1460098320,1235.87,90
1460098380,1235.93,144
1460098440,1235.91,146
1460098500,1235.57,148
1460098560,1235.26,210
1460098620,1235.52,86
1460098680,1235.40,100
1460098740,1235.48,152
1460098800,1234.58,176
1460098860,1231.86,346
1460098920,1232.17,168
1460098980,1232.17,206
1460099040,1232.35,232
1460099100,1232.54,90
1460099160,1232.47,132
1460099220,1232.07,212
1460099280,1231.76,324
1460099340,1232.41,248
1460099400,1232.77,172
1460099460,1232.91,84
1460099520,1232.85,338
1460099580,1232.56,210
1460099640,1232.48,256
1460099700,1232.74,104
1460099760,1232.67,240
1460099820,1232.82,94
1460099880,1232.67,52
1460099940,1232.62,34
1460100000,1232.62,58
1460100060,1232.77,92
1460100120,1232.44,186
1460100180,1232.73,200
1460100240,1232.53,238
1460100300,1232.57,162
1460100360,1232.49,146
1460100420,1232.40,126
1460100480,1232.87,28
1460100540,1232.88,46
1460100600,1232.97,40
1460100660,1233.05,80
1460100720,1233.19,250
1460100780,1233.45,234
1460100840,1233.39,164
1460100900,1233.57,42
1460100960,1233.57,28
1460101020,1233.78,86
1460101080,1233.59,152
1460101140,1233.44,138
1460101200,1233.41,194
1460101260,1232.89,256
1460101320,1232.56,280
1460101380,1232.36,324
1460101440,1232.80,302
1460101500,1233.00,290
1460101560,1232.79,168
1460101620,1232.79,210
1460101680,1233.05,176
1460101740,1233.89,254
1460101800,1234.07,94
1460101860,1233.87,36
1460101920,1233.86,38
1460101980,1233.90,130
1460102040,1234.10,210
1460102100,1233.91,234
1460102160,1233.90,332
1460102220,1234.62,230
1460102280,1235.18,62
1460102340,1234.84,228
1460102400,1234.81,220
1460102460,1234.68,160
1460102520,1235.02,76
1460102580,1237.04,290
1460102640,1237.03,240
1460102700,1237.03,90
1460102760,1237.14,112
1460102820,1237.03,86
1460102880,1236.94,84
1460102940,1236.49,94
1460103000,1235.65,106
1460103060,1235.53,338
1460103120,1236.01,214
1460103180,1235.88,206
1460103240,1235.56,196
1460103300,1236.23,80
1460103360,1236.00,124
1460103420,1236.06,36
1460103480,1235.78,144
1460103540,1235.85,156
1460103600,1236.04,144
1460103660,1236.07,202
1460103720,1236.26,150
1460103780,1236.36,52
1460103840,1236.41,142
1460103900,1234.76,360
1460103960,1233.59,342
1460104020,1233.86,242
1460104080,1233.55,106
1460104140,1233.54,126
1460104200,1233.75,108
1460104260,1233.60,228
1460104320,1233.19,124
1460104380,1233.29,118
1460104440,1233.34,44
1460104500,1233.49,60
1460104560,1233.38,134
1460104620,1233.48,202
1460104680,1234.27,232
1460104740,1233.56,252
1460104800,1233.59,222
1460104860,1233.58,266
1460104920,1233.79,186
1460104980,1233.96,118
1460105040,1234.36,112
1460105100,1234.30,118
1460105160,1234.12,116
1460105220,1234.17,126
1460105280,1234.04,102
1460105340,1233.63,196
1460105400,1233.78,266
1460105460,1234.18,200
1460105520,1234.10,160
1460105580,1234.19,122
1460105640,1234.24,110
1460105700,1234.49,22
1460105760,1234.64,32
1460105820,1234.25,92
1460105880,1234.89,94
1460105940,1234.74,82
1460106000,1234.84,90
1460106060,1234.34,130
1460106120,1234.24,78
1460106180,1234.67,132
1460106240,1234.57,58
1460106300,1234.63,48
1460106360,1234.79,92
1460106420,1234.85,52
1460106480,1234.79,86
1460106540,1234.95,208
1460106600,1234.75,166
1460106660,1235.29,152
1460106720,1235.71,112
1460106780,1235.33,246
1460106840,1235.27,180
1460106900,1234.98,242
1460106960,1234.44,282
1460107020,1234.26,200
1460107080,1234.37,98
1460107140,1234.58,224
1460107200,1234.47,136
1460107260,1234.95,86
1460107320,1235.03,126
1460107380,1235.23,176
1460107440,1235.11,156
1460107500,1235.13,154
1460107560,1235.08,198
1460107620,1235.08,168
1460107680,1235.21,122
1460107740,1235.18,128
1460107800,1235.04,212
1460107860,1235.60,234
1460107920,1235.77,228
1460107980,1235.84,264
1460108040,1235.88,232
1460108100,1235.74,180
1460108160,1235.82,148
1460108220,1235.91,144
1460108280,1236.14,178
1460108340,1236.02,144
1460108400,1235.96,128
1460108460,1235.91,158
1460108520,1235.92,144
1460108580,1235.77,178
1460108640,1235.83,122
1460108700,1235.74,150
1460108760,1235.69,94
1460108820,1235.60,134
1460108880,1235.62,142
1460108940,1237.22,282
1460109000,1237.54,404
1460109060,1237.35,188
1460109120,1237.54,236
1460109180,1237.54,192
1460109240,1237.53,226
1460109300,1237.67,310
1460109360,1236.67,390
1460109420,1236.61,166
1460109480,1233.96,252
1460109540,1233.30,150
1460109600,1232.82,164
1460109660,1233.07,108
1460109720,1233.24,56
1460109780,1233.25,64
1460109840,1233.15,58
1460109900,1233.24,26
1460109960,1233.24,66
1460110020,1233.34,38
1460110080,1233.34,38
1460110140,1233.13,50
1460110200,1232.82,48
1460110260,1233.00,92
1460110320,1233.17,20
1460110380,1232.96,50
1460110440,1230.07,376
1460110500,1229.71,326
1460110560,1230.63,162
1460110620,1231.13,128
1460110680,1230.33,140
1460110740,1230.63,72
1460110800,1230.56,92
1460110860,1230.95,86
1460110920,1231.25,22
1460110980,1231.18,38
1460111040,1232.46,114
1460111100,1233.27,126
1460111160,1233.68,116
1460111220,1233.48,62
1460111280,1233.28,38
1460111340,1233.31,34
1460111400,1233.23,38
1460111460,1233.28,24
1460111520,1233.08,16
1460111580,1233.28,28
1460111640,1233.08,8
1460111700,1233.13,10
1460111760,1233.43,46
1460111820,1234.18,70
1460111880,1234.32,92
1460111940,1236.21,138
1460112000,1235.18,228
1460112060,1235.61,136
1460112120,1235.91,96
1460112180,1235.90,92
1460112240,1235.86,82
1460112300,1235.77,66
1460112360,1235.64,60
1460112420,1235.26,80
1460112480,1234.60,58
1460112540,1235.45,92
1460112600,1234.50,74
1460112660,1235.13,180
1460112720,1235.42,60
1460112780,1235.35,42
1460112840,1235.39,36
1460112900,1235.43,14
1460112960,1235.31,16
1460113020,1235.16,26
1460113080,1235.11,26
1460113140,1234.97,38
1460113200,1234.36,72
1460113260,1234.50,42
1460113320,1234.56,34
1460113380,1234.11,42
1460113440,1234.79,44
1460113500,1235.19,60
1460113560,1235.09,34
1460113620,1235.09,28
1460113680,1235.04,12
1460113740,1235.03,12
1460113800,1234.69,20
1460113860,1234.55,14
1460113920,1234.56,26
1460113980,1234.52,16
1460114040,1234.68,8
1460114100,1234.69,2
1460114160,1234.89,14
1460114220,1234.68,14
1460114280,1234.75,14
1460114340,1234.77,10
1460114400,1234.76,4
1460114460,1235.37,22
1460114520,1235.37,12
1460114580,1235.32,4
1460114640,1235.77,30
1460114700,1235.48,48
1460114760,1235.45,44
1460114820,1235.65,26
1460114880,1235.65,18
1460114940,1235.36,34
1460115000,1235.45,26
1460115060,1235.35,26
1460115120,1235.25,20
1460115180,1235.35,2
1460115240,1235.20,16
1460115300,1236.32,72
1460115360,1235.37,162
1460115420,1235.19,52
1460115480,1235.00,54
1460115540,1235.19,22
1460115600,1234.90,10
1460115660,1235.19,26
1460115720,1234.89,16
1460115780,1234.49,56
1460115840,1234.21,48
1460115900,1233.82,210
1460115960,1233.89,44
1460116020,1234.19,44
1460116080,1234.03,100
1460116140,1232.89,294
1460116200,1233.09,126
1460116260,1233.54,54
1460116320,1233.43,86
1460116380,1233.43,128
1460116440,1234.06,158
1460116500,1234.26,22
1460116560,1234.51,34
1460116620,1234.67,50
1460116680,1234.45,96
1460116740,1234.50,126
1460116800,1234.53,186
1460116860,1234.45,106
1460116920,1234.11,182
1460116980,1233.69,174
1460117040,1233.58,250
1460117100,1233.88,172
1460117160,1233.91,64
1460117220,1234.01,88
1460117280,1233.81,84
1460117340,1233.88,106
1460117400,1233.38,188
1460117460,1233.38,146
1460117520,1233.68,62
1460117580,1233.80,124
1460117640,1233.82,136
1460117700,1234.08,150
1460117760,1234.20,142
1460117820,1233.98,146
1460117880,1234.05,238
1460117940,1234.09,204
1460118000,1234.88,264
1460118060,1234.79,170
1460118120,1234.88,174
1460118180,1234.78,112
1460118240,1235.08,252
1460118300,1234.38,298
1460118360,1234.19,210
1460118420,1234.33,178
1460118480,1234.51,270
1460118540,1235.46,142
1460118600,1235.49,222
1460118660,1235.77,70
1460118720,1236.09,132
1460118780,1235.52,138
1460118840,1235.08,280
1460118900,1234.72,284
1460118960,1234.74,216
1460119020,1233.90,304
1460119080,1233.24,290
1460119140,1233.03,226
1460119200,1232.54,264
1460119260,1232.62,124
1460119320,1232.44,92
1460119380,1232.41,294
1460119440,1232.79,124
1460119500,1233.10,314
1460119560,1233.17,326
1460119620,1233.84,172
1460119680,1233.50,192
1460119740,1232.60,226
1460119800,1232.74,294
1460119860,1232.94,134
1460119920,1232.66,170
1460119980,1232.70,132
1460120040,1232.55,98
1460120100,1232.80,44
1460120160,1233.46,74
1460120220,1232.96,50
1460120280,1233.36,20
1460120340,1233.70,72
1460120400,1233.83,206
1460120460,1234.23,342
1460120520,1234.69,242
1460120580,1234.66,126
1460120640,1234.05,162
1460120700,1233.90,292
1460120760,1233.69,294
1460120820,1233.71,260
1460120880,1233.77,154
1460120940,1233.48,152
1460121000,1233.07,202
1460121060,1233.57,120
1460121120,1234.17,52
1460121180,1233.92,158
1460121240,1233.88,236
1460121300,1233.84,290
1460121360,1233.13,392
1460121420,1233.32,338
1460121480,1233.42,206
1460121540,1233.32,106
1460121600,1233.67,86
1460121660,1233.72,226
1460121720,1235.13,306
1460121780,1235.07,246
1460121840,1234.92,206
1460121900,1235.53,304
1460121960,1235.02,204
1460122020,1234.96,110
1460122080,1234.98,44
1460122140,1235.16,104
1460122200,1234.93,328
1460122260,1234.92,302
1460122320,1234.92,326
1460122380,1234.47,280
1460122440,1234.60,340
1460122500,1235.23,300
1460122560,1234.94,306
1460122620,1234.95,342
1460122680,1234.99,356
1460122740,1235.42,354
1460122800,1237.10,408
1460122860,1237.48,398
1460122920,1237.70,376
1460122980,1238.39,310
1460123040,1238.12,226
1460123100,1238.32,206
1460123160,1238.69,298
1460123220,1237.99,246
1460123280,1238.49,110
1460123340,1238.51,224
1460123400,1238.41,174
1460123460,1238.21,110
1460123520,1237.90,110
1460123580,1237.79,174
1460123640,1237.38,202
1460123700,1237.80,98
1460123760,1237.84,126
1460123820,1237.91,116
1460123880,1237.92,46
1460123940,1237.74,94
1460124000,1239.71,266
1460124060,1239.62,204
1460124120,1239.69,254
1460124180,1239.50,328
1460124240,1239.01,148
1460124300,1238.22,210
1460124360,1238.10,184
1460124420,1237.90,140
1460124480,1237.95,240
1460124540,1238.08,270
1460124600,1238.79,218
1460124660,1238.61,144
1460124720,1238.42,136
1460124780,1238.13,154
1460124840,1237.89,180
1460124900,1237.79,268
1460124960,1237.90,128
1460125020,1237.90,56
1460125080,1238.30,98
1460125140,1238.49,234
1460125200,1238.70,320
1460125260,1238.79,236
1460125320,1239.59,196
1460125380,1239.27,294
1460125440,1239.49,224
1460125500,1239.18,168
1460125560,1238.84,230
1460125620,1238.97,158
1460125680,1238.27,196
1460125740,1237.85,246
1460125800,1238.46,224
1460125860,1237.89,150
1460125920,1237.96,136
1460125980,1238.16,168
1460126040,1238.22,120
1460126100,1237.88,162
1460126160,1236.76,286
1460126220,1236.89,140
1460126280,1237.04,176
1460126340,1237.47,158
1460126400,1237.27,152
1460126460,1237.07,316
1460126520,1237.48,280
1460126580,1237.66,152
1460126640,1237.50,304
1460126700,1237.39,210
1460126760,1237.36,152
1460126820,1237.56,170
1460126880,1237.42,218
1460126940,1237.06,164
1460127000,1237.26,186
1460127060,1237.56,266
1460127120,1237.82,184
1460127180,1237.93,170
1460127240,1237.80,92
1460127300,1238.49,118
1460127360,1238.24,210
1460127420,1238.14,146
1460127480,1237.95,168
1460127540,1238.16,118
1460127600,1238.54,82
1460127660,1238.70,72
1460127720,1239.13,66
1460127780,1238.92,110
1460127840,1239.00,106
1460127900,1238.91,28
1460127960,1238.69,134
1460128020,1238.60,224
1460128080,1238.89,108
1460128140,1239.21,102
1460128200,1238.86,196
1460128260,1240.32,114
1460128320,1240.78,324
1460128380,1240.68,124
1460128440,1241.27,96
1460128500,1240.89,150
1460128560,1240.91,84
1460128620,1240.55,92
1460128680,1240.19,152
1460128740,1240.27,56
1460128800,1240.23,54
1460128860,1240.78,90
1460128920,1240.97,98
1460128980,1241.29,66
1460129040,1241.21,78
1460129100,1241.43,76
1460129160,1240.93,74
1460129220,1240.77,90
1460129280,1240.17,86
1460129340,1240.53,130
1460129400,1240.67,54
1460129460,1240.63,30
1460129520,1240.27,90
1460129580,1239.99,26
1460129640,1240.08,132
1460129700,1240.49,76
1460129760,1240.81,86
1460129820,1240.29,136
1460129880,1240.77,144
1460129940,1240.68,124
1460130000,1240.89,154
1460130060,1240.39,76
1460130120,1240.28,94
1460130180,1240.19,120
1460130240,1240.19,30
1460130300,1240.09,70
1460130360,1240.55,28
1460130420,1240.97,120
1460130480,1240.64,146
1460130540,1240.63,102
1460130600,1240.76,132
1460130660,1240.65,100
1460130720,1239.86,166
1460130780,1239.65,184
1460130840,1239.59,100
1460130900,1239.69,34
1460130960,1239.79,30
1460131020,1240.19,42
1460131080,1240.19,68
1460131140,1239.79,68
1460131200,1240.29,28
1460131260,1240.59,50
1460131320,1240.49,46
1460131380,1240.29,50
1460131440,1240.39,122
1460131500,1240.49,38
1460131560,1240.25,30
1460131620,1240.29,66
1460131680,1240.25,10
1460131740,1239.85,62
1460131800,1239.91,146
1460131860,1240.14,180
1460131920,1240.06,100
1460131980,1239.92,172
1460132040,1239.92,206
1460132100,1239.91,132
1460132160,1240.05,222
1460132220,1240.06,208
1460132280,1239.90,290
1460132340,1239.71,170
1460132400,1239.61,26
1460132460,1239.97,74
1460132520,1240.17,46
1460132580,1240.27,68
1460132640,1240.37,38
1460132700,1240.67,88
1460132760,1240.97,96
1460132820,1241.25,84
1460132880,1241.69,86
1460132940,1241.08,234
1460133000,1241.99,170
1460133060,1241.95,68
1460133120,1241.95,132
1460133180,1241.21,232
1460133240,1240.85,190
1460133300,1241.14,88
1460133360,1241.05,120
1460133420,1240.99,108
1460133480,1240.79,116
1460133540,1240.95,76
1460133600,1241.15,66
1460133660,1241.05,62
1460133720,1240.66,68
1460133780,1240.49,120
1460133840,1240.65,180
1460133900,1240.75,44
1460133960,1240.36,112
1460134020,1240.35,148
1460134080,1240.61,118
1460134140,1240.65,48
1460134200,1240.75,92
1460134260,1240.45,78
1460134320,1240.55,46
1460134380,1240.75,20
1460134440,1240.49,38
1460134500,1240.35,50
1460134560,1240.15,86
1460134620,1240.25,68
1460134680,1240.05,76
1460134740,1240.82,162
1460134800,1241.25,134
1460134860,1240.89,82
1460134920,1241.65,68
1460134980,1241.57,46
1460135040,1241.67,198
1460135100,1241.64,172
1460135160,1241.98,176
1460135220,1241.43,98
1460135280,1241.13,108
1460135340,1240.81,60
1460135400,1240.75,34
1460135460,1240.35,26
1460135520,1241.09,32
1460135580,1241.39,10
1460135640,1241.16,18
1460135700,1241.49,40
1460135760,1241.39,22
1460135820,1241.09,14
1460135880,1241.19,10
1460135940,1241.29,26
1460136000,1241.15,16
1460136060,1241.34,12
1460136120,1241.49,36
1460136180,1241.79,42
1460136240,1241.89,38
1460136300,1241.59,34
1460136360,1241.69,22
1460136420,1241.29,32
1460136480,1241.39,54
1460136540,1242.35,128
1460136600,1242.03,60
1460136660,1242.19,54
1460136720,1242.29,30
1460136780,1242.19,18
1460136840,1242.09,36
1460136900,1241.89,30
1460136960,1241.99,20
1460137020,1241.99,28
1460137080,1242.19,20
1460137140,1242.29,36
1460137200,1242.29,16
1460137260,1242.53,26
1460137320,1242.59,22
1460137380,1242.51,26
1460137440,1242.59,40
1460137500,1242.49,50
1460137560,1242.23,44
1460137620,1242.44,34
1460137680,1242.01,32
1460137740,1242.09,44
1460137800,1241.81,44
1460137860,1241.69,60
1460137920,1241.19,26
1460137980,1241.19,16
1460138040,1241.19,4
1460138100,1240.89,36
1460138160,1241.04,36
1460138220,1241.29,32
1460138280,1241.19,22
1460138340,1241.09,32
1460138400,1241.19,44
1460138460,1241.49,26
1460138520,1241.56,42
1460138580,1241.66,18
1460138640,1241.66,40
1460138700,1241.31,12
1460138760,1241.41,36
1460138820,1241.26,14
1460138880,1240.96,44
1460138940,1240.79,20
1460139000,1240.13,66
1460139060,1239.92,108
1460139120,1239.85,90
1460139180,1240.39,46
1460139240,1240.09,34
1460139300,1240.13,40
1460139360,1239.74,44
1460139420,1239.77,106
1460139480,1239.68,32
1460139540,1240.19,46
1460139600,1240.09,18
1460139660,1240.09,16
1460139720,1240.09,8
1460139780,1240.09,12
1460139840,1240.01,22
1460139900,1239.96,36
1460139960,1239.81,20
1460140020,1239.79,16
1460140080,1239.89,44
1460140140,1239.69,30
1460140200,1239.89,34
1460140260,1239.70,44
1460140320,1239.59,68
1460140380,1239.72,84
1460140440,1239.82,64
1460140500,1239.89,10
1460140560,1239.89,38
1460140620,1240.39,24
1460140680,1240.49,20
1460140740,1240.29,12
1460140800,1240.49,8
1460140860,1240.89,16
1460140920,1240.49,12
1460140980,1240.69,8
1460141040,1240.99,18
1460141100,1241.09,2
1460141160,1240.89,6
1460141220,1240.69,4
1460141280,1240.49,4
1460141400,1240.49,12
1460141460,1240.49,18
1460141520,1240.49,20
1460141580,1240.19,18
1460141640,1239.99,26
1460141700,1239.89,10
1460141760,1239.99,32
1460141820,1239.69,26
1460141880,1239.82,14
1460141940,1240.16,24
1460142000,1240.16,40
1460142060,1240.12,34
1460142120,1240.36,28
1460142180,1240.26,14
1460142240,1240.16,14
1460142300,1240.26,16
1460142360,1240.16,24
1460142420,1240.36,30
1460142480,1240.42,22
1460142540,1240.42,6
1460142600,1240.46,10
1460142660,1240.32,4
1460142720,1240.24,16
1460142780,1240.62,18
1460142840,1240.52,6
1460142900,1240.52,8
1460142960,1240.42,6
1460143020,1240.42,8
1460143140,1240.32,2
1460143200,1240.32,8
1460143260,1240.32,22
1460143320,1240.12,16
1460143380,1240.22,10
1460143440,1240.62,14
1460143500,1240.72,14
1460143560,1240.82,6
1460143620,1240.82,10
1460143680,1240.92,18
1460143740,1240.82,14
1460143800,1241.02,16
1460143860,1240.88,12
1460143920,1240.88,12
1460143980,1240.72,18
1460144040,1240.82,18
1460144100,1241.02,20
1460144160,1241.22,20
1460144220,1241.02,14
1460144280,1241.12,2
1460144340,1241.42,6
1460144400,1241.42,4
1460144460,1241.52,18
1460144520,1242.22,28
1460144580,1242.22,12
1460144640,1242.22,4
1460144700,1242.32,14
1460144760,1242.56,30
1460144820,1242.52,26
1460144880,1242.18,18
1460144940,1242.02,22
1460145000,1241.82,16
1460145060,1241.42,42
1460145120,1241.00,46
1460145180,1240.80,24
1460145240,1240.20,52
1460145300,1240.71,44
1460145360,1240.30,44
1460145420,1240.00,38
1460145480,1240.00,34
1460145540,1239.50,88
1460145600,1239.61,28
1460145660,1239.61,8
1460145720,1239.92,26
1460145780,1239.81,16
1460145840,1239.71,6
1460145900,1240.05,18
1460145960,1239.94,2
1460146020,1240.04,6
1460146140,1239.98,4
1460146260,1239.98,4
1460146320,1240.08,2
1460146440,1240.28,4
1460146500,1240.18,2
1460146560,1239.98,4
1460146620,1239.98,4
1460146740,1240.08,2
1460146800,1239.88,8
1460146860,1240.08,6
1460146920,1239.82,8
1460146980,1239.82,8
1460147040,1239.82,4
1460147100,1239.82,24
1460147160,1239.92,2
1460147220,1239.63,10
1460147280,1239.65,6
1460147340,1239.65,6
1460147400,1239.62,6
1460147460,1239.62,8
1460147520,1239.92,10
1460147640,1240.04,8
1460147700,1239.96,10
1460147760,1240.04,2
1460147820,1239.96,6
1460147880,1239.96,8
1460147940,1239.96,8
1460148000,1239.92,6
1460148060,1240.00,6
1460148120,1240.00,8
1460148180,1239.93,18
1460148240,1240.03,10
1460148300,1240.22,18
1460148360,1240.09,6
1460148420,1240.02,4
1460148480,1240.08,18
1460148540,1240.13,28
1460148600,1240.42,26
1460148660,1240.43,14
1460148720,1240.52,10
1460148780,1240.66,30
1460148840,1240.56,26
1460148900,1240.34,48
1460148960,1240.59,12
1460149020,1240.09,44
1460149080,1239.62,36
1460325600,1240.36,48
1460325660,1240.91,108
1460325720,1241.80,68
1460325780,1244.92,94
1460325840,1244.98,168
1460325900,1245.12,56
1460325960,1245.81,64
1460326020,1245.66,28
1460326080,1244.91,40
1460326140,1245.11,24
1460326200,1245.24,18
1460326260,1245.29,20
1460326320,1245.20,30
1460326380,1245.30,36
1460326440,1246.00,44
1460326500,1246.11,38
1460326560,1245.94,32
1460326620,1245.89,10
1460326680,1245.96,8
1460326740,1246.05,8
1460326800,1245.88,26
1460326860,1245.93,10
1460326920,1245.92,40
1460326980,1245.92,4
1460327040,1245.68,26
1460327100,1245.48,10
1460327160,1245.66,14
1460327220,1246.04,20
1460327280,1245.98,4
1460327340,1246.14,2
1460327400,1246.48,10
1460327460,1246.82,48
1460327520,1246.88,26
1460327580,1246.86,22
1460327640,1247.03,54
1460327700,1247.44,48
1460327760,1247.53,74
1460327820,1247.19,30
1460327880,1246.37,32
1460327940,1246.39,52
1460328000,1246.39,18
1460328060,1246.20,56
1460328120,1245.51,76
1460328180,1246.18,72
1460328240,1246.14,12
1460328300,1246.08,22
1460328360,1246.24,22
1460328420,1246.24,16
1460328480,1246.04,4
1460328540,1245.74,14
1460328600,1245.84,34
1460328660,1245.64,22
1460328720,1245.44,12
1460328780,1245.14,26
1460328840,1244.94,32
1460328900,1245.24,20
1460328960,1245.44,30
1460329020,1245.08,28
1460329080,1245.14,24
1460329140,1245.14,4
1460329200,1245.32,30
1460329260,1245.52,18
1460329320,1245.82,16
1460329380,1245.96,34
1460329440,1245.92,12
1460329500,1245.56,22
1460329560,1245.28,42
1460329620,1244.87,96
1460329680,1244.92,18
1460329740,1244.67,68
1460329800,1244.98,90
1460329860,1245.12,40
1460329920,1245.27,66
1460329980,1245.24,34
1460330040,1245.14,16
1460330100,1244.84,12
1460330160,1244.99,26
1460330220,1244.98,14
1460330280,1244.84,24
1460330340,1244.64,28
1460330400,1244.51,60
1460330460,1244.55,32
1460330520,1244.59,30
1460330580,1244.53,20
1460330640,1244.68,52
1460330700,1244.64,14
1460330760,1244.64,68
1460330820,1244.70,20
1460330880,1244.56,52
1460330940,1244.15,58
1460331000,1244.23,138
1460331060,1244.26,42
1460331120,1244.54,84
1460331180,1244.49,30
1460331240,1244.50,28
1460331300,1244.44,16
1460331360,1244.56,68
1460331420,1244.54,52
1460331480,1244.91,18
1460331540,1244.64,26
1460331600,1244.47,58
1460331660,1244.52,40
1460331720,1244.46,52
1460331780,1244.57,74
1460331840,1244.65,86
1460331900,1244.64,54
1460331960,1244.84,32
1460332020,1244.78,28
1460332080,1244.56,66
1460332140,1244.59,50
1460332200,1244.69,30
1460332260,1244.78,38
1460332320,1244.69,70
1460332380,1244.58,88
1460332440,1244.59,62
1460332500,1244.50,46
1460332560,1244.74,50
1460332620,1244.80,102
1460332680,1244.85,90
1460332740,1244.70,86
1460332800,1244.57,206
1460332860,1244.82,122
1460332920,1244.42,78
1460332980,1244.47,26
1460333040,1244.41,30
1460333100,1244.52,96
1460333160,1244.65,200
1460333220,1245.16,110
1460333280,1244.95,102
1460333340,1244.79,62
1460333400,1244.77,86
1460333460,1244.86,76
1460333520,1245.30,86
1460333580,1245.26,58
1460333640,1245.10,66
1460333700,1245.36,116
1460333760,1245.36,54
1460333820,1245.25,32
1460333880,1245.40,94
1460333940,1245.66,48
1460334000,1245.76,74
1460334060,1246.06,68
1460334120,1246.25,82
1460334180,1246.06,154
1460334240,1246.07,144
1460334300,1245.97,206
1460334360,1245.74,164
1460334420,1245.77,134
1460334480,1245.66,102
1460334540,1245.74,94
1460334600,1245.75,140
1460334660,1245.82,72
1460334720,1245.46,120
1460334780,1245.46,96
1460334840,1245.49,108
1460334900,1245.62,64
1460334960,1245.64,108
1460335020,1245.49,32
1460335080,1245.52,130
1460335140,1245.54,46
1460335200,1245.54,18
1460335260,1245.34,38
1460335320,1245.34,26
1460335380,1245.39,50
1460335440,1245.06,74
1460335500,1245.06,56
1460335560,1245.29,50
1460335620,1245.45,44
1460335680,1245.26,62
1460335740,1245.46,58
1460335800,1245.26,38
1460335860,1244.86,56
1460335920,1244.76,62
1460335980,1244.76,24
1460336040,1244.96,98
1460336100,1244.94,162
1460336160,1244.96,108
1460336220,1245.07,116
1460336280,1245.04,98
1460336340,1245.51,86
1460336400,1245.94,276
1460336460,1245.24,164
1460336520,1245.34,128
1460336580,1245.14,48
1460336640,1244.75,56
1460336700,1244.90,236
1460336760,1244.84,208
1460336820,1244.75,268
1460336880,1245.15,148
1460336940,1244.89,122
1460337000,1245.16,86
1460337060,1245.34,150
1460337120,1245.45,82
1460337180,1245.65,68
1460337240,1245.74,72
1460337300,1247.48,296
1460337360,1248.08,336
1460337420,1248.69,240
1460337480,1248.68,214
1460337540,1249.24,118
1460337600,1248.92,96
1460337660,1250.34,214
1460337720,1250.24,108
1460337780,1250.52,130
1460337840,1250.12,76
1460337900,1250.02,30
1460337960,1250.52,50
1460338020,1250.32,96
1460338080,1250.71,80
1460338140,1250.35,40
1460338200,1250.21,80
1460338260,1249.57,62
1460338320,1249.71,46
1460338380,1249.36,74
1460338440,1249.31,24
1460338500,1249.11,12
1460338560,1248.71,60
1460338620,1248.41,76
1460338680,1248.41,50
1460338740,1248.10,56
1460338800,1248.26,98
1460338860,1248.40,48
1460338920,1248.52,34
1460338980,1248.50,40
1460339040,1248.49,38
1460339100,1248.49,46
1460339160,1248.39,70
1460339220,1248.56,54
1460339280,1248.39,38
1460339340,1248.72,24
1460339400,1248.89,52
1460339460,1248.98,102
1460339520,1248.79,24
1460339580,1248.81,16
1460339640,1248.79,44
1460339700,1249.39,54
1460339760,1249.89,90
1460339820,1249.92,138
1460339880,1249.82,78
1460339940,1249.93,96
1460340000,1250.65,100
1460340060,1250.13,90
1460340120,1250.13,48
1460340180,1250.43,38
1460340240,1250.37,26
1460340720,1251.32,18
1460340780,1251.82,78
1460340840,1251.71,90
1460340900,1251.71,80
1460340960,1251.54,50
1460341020,1251.41,14
1460341080,1251.37,26
1460341140,1251.04,46
1460341200,1250.90,56
1460341260,1250.80,56
1460341320,1250.70,28
1460341380,1250.96,52
1460341440,1250.83,20
1460341500,1250.79,36
1460341560,1250.80,36
1460341620,1250.90,38
1460341680,1250.81,30
1460341740,1250.80,24
1460341800,1250.50,52
1460341860,1250.79,18
1460341920,1250.77,30
1460341980,1250.75,18
1460342040,1251.08,26
1460342100,1251.09,36
1460342160,1251.42,158
1460342220,1251.63,126
1460342280,1251.43,8
1460342340,1251.40,30
1460342400,1251.50,34
1460342460,1251.38,22
1460342520,1251.10,62
1460342580,1251.40,40
1460342640,1251.60,38
1460342700,1251.50,12
1460342760,1251.58,26
1460342820,1251.60,52
1460342880,1251.53,46
1460342940,1251.61,40
1460343000,1251.50,30
1460343060,1251.09,54
1460343120,1250.92,30
1460343600,1250.87,20
1460343660,1250.73,12
1460343720,1250.56,20
1460343780,1250.48,34
1460343840,1250.08,40
1460343900,1249.78,76
1460343960,1249.79,48
1460344020,1249.79,120
1460344080,1249.79,96
1460344140,1249.61,60
1460344200,1249.48,122
1460344260,1249.57,92
1460344320,1249.61,88
1460344380,1250.09,70
1460344440,1250.36,62
1460344500,1250.21,60
1460344560,1250.36,112
1460344620,1250.22,56
1460344680,1250.19,72
1460344740,1250.18,62
1460344800,1250.15,38
1460344860,1249.89,50
1460344920,1249.88,62
1460344980,1249.94,46
1460345040,1249.88,28
1460345100,1250.04,24
1460345160,1249.88,36
1460345220,1249.92,2
1460345280,1249.92,8
1460345340,1250.06,38
1460345400,1250.02,114
1460345460,1249.98,38
1460345520,1249.67,50
1460345580,1249.88,78
1460345640,1249.75,30
1460345700,1249.77,40
1460345760,1249.95,34
1460345820,1250.03,52
1460345880,1250.09,50
1460345940,1250.59,50
1460346000,1250.55,54
1460346060,1250.78,30
1460346120,1250.23,50
1460346180,1250.56,40
1460346240,1250.42,14
1460346300,1250.21,44
1460346360,1250.08,38
1460346420,1249.76,40
1460346480,1250.05,96
1460346540,1250.05,112
1460346600,1250.21,30
1460346660,1250.10,38
1460346720,1250.16,32
1460346780,1250.37,68
1460346840,1250.07,24
1460346900,1250.16,26
1460346960,1250.04,74
1460347020,1250.05,30
1460347080,1249.96,64
1460347140,1250.05,30
1460347200,1249.93,68
1460347260,1250.05,40
1460347320,1249.99,42
1460347380,1249.89,56
1460347440,1249.53,180
1460347500,1250.63,148
1460347560,1250.35,70
1460347620,1250.46,98
1460347680,1250.20,84
1460347740,1250.40,82
1460347800,1250.88,172
1460347860,1250.78,110
1460347920,1250.86,106
1460347980,1251.02,80
1460348040,1251.02,48
1460348100,1250.99,60
1460348160,1251.48,94
1460348220,1251.75,82
1460348280,1251.80,130
1460348340,1251.62,84
1460348400,1251.48,82
1460348460,1251.48,48
1460348520,1251.78,72
1460348580,1251.58,84
1460348640,1251.45,64
1460348700,1251.35,156
1460348760,1251.55,74
1460348820,1251.75,62
1460348880,1251.58,22
1460348940,1251.65,40
1460349000,1251.98,40
1460349060,1251.95,84
1460349120,1252.47,106
1460349180,1252.19,226
1460349240,1252.40,178
1460349300,1252.12,166
1460349360,1252.03,156
1460349420,1252.09,72
1460349480,1251.92,80
1460349540,1251.78,12
1460349600,1251.98,92
1460349660,1252.09,82
1460349720,1252.00,86
1460349780,1251.99,68
1460349840,1251.58,114
1460349900,1251.77,54
1460349960,1251.63,48
1460350020,1251.58,62
1460350080,1251.69,38
1460350140,1251.38,18
1460350200,1251.48,32
1460350260,1251.42,10
1460350320,1251.25,78
1460350380,1251.38,70
1460350440,1251.44,68
1460350500,1251.39,74
1460350560,1251.18,50
1460350620,1250.88,68
1460350680,1251.07,90
1460350740,1251.19,76
1460350800,1251.27,62
1460350860,1250.98,26
1460350920,1250.80,112
1460350980,1251.08,102
1460351040,1251.08,40
1460351100,1251.15,50
1460351160,1251.14,44
1460351220,1251.08,86
1460351280,1250.98,22
1460351340,1250.77,14
1460351400,1250.67,20
1460351460,1250.32,44
1460351520,1250.04,40
1460351580,1250.11,98
1460351640,1250.65,68
1460351700,1250.69,180
1460351760,1250.64,88
1460351820,1250.68,76
1460351880,1250.86,108
1460351940,1250.94,106
1460352000,1250.88,48
1460352060,1250.96,96
1460352120,1250.88,76
1460352180,1250.87,52
1460352240,1251.18,154
1460352300,1250.85,194
1460352360,1250.52,62
1460352420,1250.19,90
1460352480,1250.12,56
1460352540,1249.95,88
1460352600,1250.57,60
1460352660,1250.37,18
1460352720,1250.23,30
1460352780,1250.12,26
1460352840,1249.94,64
1460352900,1249.94,68
1460352960,1249.65,66
1460353020,1249.45,36
1460353080,1249.67,18
1460353140,1249.77,58
1460353200,1249.53,50
1460353260,1249.54,138
1460353320,1249.67,68
1460353380,1250.17,56
1460353440,1250.12,66
1460353500,1249.98,48
1460353560,1250.10,28
1460353620,1250.00,26
1460353680,1249.89,12
1460353740,1249.90,24
1460353800,1249.91,50
1460353860,1249.91,32
1460353920,1249.34,112
1460353980,1249.40,108
1460354040,1249.33,56
1460354100,1249.33,24
1460354160,1249.23,20
1460354220,1248.46,158
1460354280,1248.64,210
1460354340,1249.21,50
1460354400,1249.54,140
1460354460,1249.29,152
1460354520,1249.34,108
1460354580,1249.44,100
1460354640,1249.43,42
1460354700,1249.57,102
1460354760,1249.44,78
1460354820,1249.63,72
1460354880,1249.51,62
1460354940,1249.44,116
1460355000,1249.32,86
1460355060,1249.23,144
1460355120,1249.04,186
1460355180,1249.39,168
1460355240,1249.04,156
1460355300,1249.17,162
1460355360,1249.09,134
1460355420,1248.73,208
1460355480,1248.49,236
1460355540,1248.49,168
1460355600,1248.48,162
1460355660,1247.99,156
1460355720,1247.84,96
1460355780,1247.97,128
1460355840,1247.91,122
1460355900,1248.11,92
1460355960,1248.23,88
1460356020,1248.90,174
1460356080,1248.58,224
1460356140,1248.43,178
1460356200,1248.50,218
1460356260,1248.61,178
1460356320,1248.69,70
1460356380,1249.18,54
1460356440,1249.08,96
1460356500,1249.21,124
1460356560,1249.23,214
1460356620,1249.23,164
1460356680,1249.23,134
1460356740,1249.40,98
1460356800,1249.73,158
1460356860,1249.54,148
1460356920,1249.54,70
1460356980,1249.53,168
1460357040,1249.77,182
1460357100,1250.03,146
1460357160,1249.84,82
1460357220,1249.88,46
1460357280,1249.98,20
1460357340,1250.23,22
1460357400,1250.13,50
1460357460,1249.90,110
1460357520,1249.73,108
1460357580,1249.83,100
1460357640,1249.84,132
1460357700,1249.73,88
1460357760,1249.82,80
1460357820,1249.99,136
1460357880,1249.93,114
1460357940,1249.83,120
1460358000,1250.23,104
1460358060,1250.24,186
1460358120,1250.34,124
1460358180,1249.94,214
1460358240,1249.83,72
1460358300,1250.41,158
1460358360,1250.18,214
1460358420,1250.37,252
1460358480,1250.38,242
1460358540,1251.11,364
1460358600,1251.58,270
1460358660,1251.46,290
1460358720,1251.58,302
1460358780,1252.51,342
1460358840,1253.35,380
1460358900,1253.27,198
1460358960,1253.21,150
1460359020,1253.05,186
1460359080,1253.31,140
1460359140,1253.83,216
1460359200,1253.68,168
1460359260,1253.66,128
1460359320,1253.60,228
1460359380,1253.80,40
1460359440,1253.64,130
1460359500,1253.47,172
1460359560,1252.99,216
1460359620,1253.88,84
1460359680,1253.40,128
1460359740,1253.68,150
1460359800,1253.20,162
1460359860,1252.91,262
1460359920,1252.92,180
1460359980,1253.10,228
1460360040,1253.04,114
1460360100,1253.56,208
1460360160,1253.14,124
1460360220,1252.89,156
1460360280,1252.47,172
1460360340,1252.11,164
1460360400,1251.80,250
1460360460,1251.60,174
1460360520,1252.40,126
1460360580,1251.75,244
1460360640,1251.85,126
1460360700,1251.20,90
1460360760,1250.71,144
1460360820,1250.58,92
1460360880,1250.51,170
1460360940,1249.81,360
1460361000,1250.07,330
1460361060,1250.21,118
1460361120,1250.24,166
1460361180,1250.80,188
1460361240,1250.49,286
1460361300,1250.50,274
1460361360,1250.56,268
1460361420,1249.02,406
1460361480,1249.61,448
1460361540,1249.42,276
1460361600,1250.11,232
1460361660,1250.16,284
1460361720,1250.72,216
1460361780,1250.77,100
1460361840,1250.51,220
1460361900,1250.43,178
1460361960,1250.30,142
1460362020,1250.21,172
1460362080,1250.90,130
1460362140,1250.92,140
1460362200,1251.00,144
1460362260,1250.42,136
1460362320,1249.51,214
1460362380,1250.34,88
1460362440,1250.14,158
1460362500,1250.00,288
1460362560,1249.90,264
1460362620,1249.44,222
1460362680,1249.50,154
1460362740,1249.34,106
1460362800,1249.82,60
1460362860,1249.98,54
1460362920,1249.83,100
1460362980,1249.70,172
1460363040,1249.94,208
1460363100,1250.18,386
1460363160,1250.20,270
1460363220,1249.90,194
1460363280,1249.97,50
1460363340,1249.89,140
1460363400,1249.81,218
1460363460,1249.99,206
1460363520,1249.35,282
1460363580,1248.88,178
1460363640,1248.98,128
1460363700,1248.97,152
1460363760,1248.97,138
1460363820,1248.77,108
1460363880,1247.87,298
1460363940,1247.48,252
1460364000,1246.37,352
1460364060,1247.07,138
1460364120,1246.96,292
1460364180,1247.15,292
1460364240,1247.45,242
1460364300,1247.99,148
1460364360,1248.02,52
1460364420,1248.07,108
1460364480,1247.58,174
1460364540,1247.27,52
1460364600,1247.67,108
1460364660,1247.92,26
1460364720,1248.28,24
1460364780,1248.68,24
1460364840,1248.13,40
1460364900,1248.06,22
1460364960,1247.94,120
1460365020,1247.78,70
1460365080,1247.89,70
1460365140,1247.58,168
1460365200,1247.30,158
1460365260,1247.68,56
1460365320,1247.89,48
1460365380,1248.30,62
1460365440,1247.88,134
1460365500,1247.89,146
1460365560,1247.74,120
1460365620,1248.08,92
1460365680,1248.12,102
1460365740,1248.18,88
1460365800,1248.48,84
1460365860,1248.41,82
1460365920,1248.51,62
1460365980,1248.00,182
1460366040,1248.58,182
1460366100,1248.20,168
1460366160,1248.15,154
1460366220,1248.23,94
1460366280,1248.32,132
1460366340,1248.25,112
1460366400,1248.61,122
1460366460,1248.93,126
1460366520,1248.99,118
1460366580,1249.19,80
1460366640,1249.09,76
1460366700,1248.65,134
1460366760,1248.13,328
1460366820,1247.89,94
1460366880,1247.98,62
1460366940,1247.55,82
1460367000,1246.97,256
1460367060,1247.48,132
1460367120,1247.38,216
1460367180,1247.28,92
1460367240,1247.40,118
1460367300,1247.21,128
1460367360,1247.20,178
1460367420,1247.11,198
1460367480,1247.47,204
1460367540,1247.56,142
1460367600,1247.35,144
1460367660,1247.28,290
1460367720,1247.24,172
1460367780,1247.32,130
1460367840,1247.72,164
1460367900,1247.77,248
1460367960,1248.16,160
1460368020,1248.54,66
1460368080,1248.48,120
1460368140,1248.34,154
1460368200,1248.53,102
1460368260,1248.34,138
1460368320,1248.62,68
1460368380,1248.86,24
1460368440,1249.14,60
1460368500,1248.57,190
1460368560,1248.79,78
1460368620,1248.65,104
1460368680,1248.79,166
1460368740,1248.80,136
1460368800,1248.81,136
1460368860,1248.81,178
1460368920,1248.63,220
1460368980,1248.51,86
1460369040,1248.58,182
1460369100,1248.81,202
1460369160,1248.61,104
1460369220,1248.82,180
1460369280,1248.84,126
1460369340,1248.83,218
1460369400,1249.01,100
1460369460,1249.78,216
1460369520,1249.32,214
1460369580,1249.22,172
1460369640,1249.08,176
1460369700,1249.32,122
1460369760,1249.12,212
1460369820,1249.24,160
1460369880,1248.98,222
1460369940,1249.15,176
1460370000,1249.20,98
1460370060,1249.25,72
1460370120,1249.68,74
1460370180,1249.68,122
1460370240,1249.61,76
1460370300,1249.41,146
1460370360,1249.57,136
1460370420,1249.63,148
1460370480,1249.51,138
1460370540,1249.47,136
1460370600,1249.42,140
1460370660,1249.48,100
1460370720,1249.64,116
1460370780,1250.22,82
1460370840,1249.92,138
1460370900,1249.68,120
1460370960,1249.71,118
1460371020,1249.83,128
1460371080,1249.82,232
1460371140,1249.72,78
1460371200,1249.98,156
1460371260,1249.99,168
1460371320,1249.79,212
1460371380,1249.68,194
1460371440,1249.54,306
1460371500,1249.55,212
1460371560,1249.80,156
1460371620,1249.44,102
1460371680,1249.51,156
1460371740,1249.56,198
1460371800,1249.76,250
1460371860,1249.75,174
1460371920,1250.00,134
1460371980,1249.90,136
1460372040,1249.84,208
1460372100,1249.82,214
1460372160,1249.94,144
1460372220,1249.87,232
1460372280,1249.71,122
1460372340,1249.81,126
1460372400,1249.82,150
1460372460,1249.96,48
1460372520,1249.86,88
1460372580,1250.22,62
1460372640,1250.05,156
1460372700,1249.96,174
1460372760,1249.57,218
1460372820,1249.44,200
1460372880,1249.30,180
1460372940,1249.43,50
1460373000,1249.69,86
1460373060,1249.64,58
1460373120,1249.83,124
1460373180,1249.93,50
1460373240,1249.99,24
1460373300,1250.23,32
1460373360,1250.69,142
1460373420,1250.69,304
1460373480,1250.58,162
1460373540,1250.07,200
1460373600,1250.12,104
1460373660,1249.67,208
1460373720,1249.52,154
1460373780,1248.93,224
1460373840,1248.47,238
1460373900,1248.81,40
1460373960,1248.58,66
1460374020,1247.90,238
1460374080,1247.97,276
1460374140,1247.67,162
1460374200,1248.37,188
1460374260,1248.16,122
1460374320,1248.04,116
1460374380,1247.77,180
1460374440,1248.41,152
1460374500,1248.37,54
1460374560,1248.57,50
1460374620,1248.96,92
1460374680,1248.77,152
1460374740,1248.67,142
1460374800,1248.77,166
1460374860,1248.77,110
1460374920,1248.97,130
1460374980,1248.74,112
1460375040,1248.66,210
1460375100,1248.86,124
1460375160,1248.82,86
1460375220,1248.75,222
1460375280,1248.31,102
1460375340,1247.72,152
1460375400,1247.77,94
1460375460,1247.07,148
1460375520,1246.48,294
1460375580,1246.60,154
1460375640,1246.75,66
1460375700,1246.96,42
1460375760,1247.36,38
1460375820,1247.24,50
1460375880,1247.21,84
1460375940,1247.21,22
1460376000,1247.97,194
1460376060,1248.12,360
1460376120,1248.31,218
1460376180,1248.18,176
1460376240,1248.40,200
1460376300,1248.32,274
1460376360,1248.37,208
1460376420,1248.35,94
1460376480,1248.25,162
1460376540,1248.17,156
1460376600,1248.00,234
1460376660,1247.97,194
1460376720,1247.95,130
1460376780,1248.09,186
1460376840,1248.22,268
1460376900,1247.94,184
1460376960,1248.62,222
1460377020,1248.92,228
1460377080,1249.27,192
1460377140,1248.80,186
1460377200,1249.67,264
1460377260,1249.77,192
1460377320,1249.59,246
1460377380,1248.98,316
1460377440,1248.81,226
1460377500,1249.91,354
1460377560,1251.07,226
1460377620,1252.52,302
1460377680,1251.56,338
1460377740,1252.31,182
1460377800,1252.43,284
1460377860,1252.32,246
1460377920,1252.90,188
1460377980,1252.08,192
1460378040,1252.30,236
1460378100,1251.77,326
1460378160,1251.26,116
1460378220,1251.85,116
1460378280,1252.02,100
1460378340,1251.93,100
1460378400,1252.63,160
1460378460,1252.94,126
1460378520,1252.48,224
1460378580,1252.60,234
1460378640,1252.41,216
1460378700,1252.91,24
1460378760,1252.54,240
1460378820,1252.59,240
1460378880,1253.07,96
1460378940,1252.93,196
1460379000,1252.43,212
1460379060,1251.83,302
1460379120,1251.53,248
1460379180,1252.13,228
1460379240,1251.53,172
1460379300,1251.63,134
1460379360,1251.83,100
1460379420,1251.33,140
1460379480,1251.22,224
1460379540,1251.13,90
1460379600,1251.53,268
1460379660,1251.43,184
1460379720,1250.81,196
1460379780,1251.01,336
1460379840,1250.75,120
1460379900,1250.65,138
1460379960,1251.35,100
1460380020,1251.45,186
1460380080,1251.37,186
1460380140,1251.66,94
1460380200,1251.01,86
1460380260,1251.11,192
1460380320,1251.13,252
1460380380,1250.83,174
1460380440,1251.33,154
1460380500,1251.05,100
1460380560,1250.82,164
1460380620,1250.11,258
1460380680,1250.53,170
1460380740,1250.53,94
1460380800,1250.05,74
1460380860,1249.92,202
1460380920,1250.13,188
1460380980,1249.69,286
1460381040,1249.53,174
1460381100,1249.93,174
1460381160,1249.57,152
1460381220,1250.03,84
1460381280,1249.83,102
1460381340,1250.03,80
1460381400,1250.13,116
1460381460,1250.47,160
1460381520,1250.80,126
1460381580,1250.67,72
1460381640,1250.47,124
1460381700,1250.37,108
1460381760,1250.67,72
1460381820,1250.37,60
1460381880,1250.56,104
1460381940,1250.66,132
1460382000,1249.87,168
1460382060,1250.87,80
1460382120,1251.37,72
1460382180,1251.77,94
1460382240,1252.60,78
1460382300,1252.97,204
1460382360,1253.47,128
1460382420,1253.29,160
1460382480,1254.97,376
1460382540,1254.75,280
1460382600,1255.46,334
1460382660,1255.39,246
1460382720,1255.56,334
1460382780,1255.74,292
1460382840,1254.93,300
1460382900,1254.59,192
1460382960,1255.53,170
1460383020,1254.88,308
1460383080,1255.09,202
1460383140,1255.29,152
1460383200,1255.53,320
1460383260,1255.98,266
1460383320,1255.89,182
1460383380,1255.54,156
1460383440,1254.71,236
1460383500,1254.76,244
1460383560,1254.56,326
1460383620,1254.31,216
1460383680,1255.04,226
1460383740,1254.91,304
1460383800,1255.04,212
1460383860,1255.31,84
1460383920,1255.11,56
1460383980,1255.11,64
1460384040,1255.19,82
1460384100,1254.97,84
1460384160,1255.14,186
1460384220,1255.27,222
1460384280,1254.98,158
1460384340,1254.71,136
1460384400,1254.41,76
1460384460,1254.47,168
1460384520,1254.57,194
1460384580,1254.81,46
1460384640,1254.51,96
1460384700,1254.37,198
1460384760,1254.34,62
1460384820,1254.52,102
1460384880,1255.01,126
1460384940,1255.01,58
1460385000,1255.16,174
1460385060,1254.81,100
1460385120,1254.78,92
1460385180,1255.11,156
1460385240,1254.40,84
1460385300,1254.90,48
1460385360,1254.97,124
1460385420,1255.54,128
1460385480,1255.73,152
1460385540,1255.78,166
1460385600,1255.41,274
1460385660,1255.97,114
1460385720,1255.69,102
1460385780,1255.69,178
1460385840,1255.49,112
1460385900,1255.39,178
1460385960,1255.40,122
1460386020,1255.69,144
1460386080,1255.99,70
1460386140,1256.49,138
1460386200,1256.92,236
1460386260,1256.69,170
1460386320,1256.33,150
1460386380,1256.39,160
1460386440,1257.15,150
1460386500,1256.71,266
1460386560,1256.81,136
1460386620,1257.91,124
1460386680,1258.01,248
1460386740,1257.91,118
1460386800,1257.40,210
1460386860,1257.81,282
1460386920,1257.28,158
1460386980,1257.41,146
1460387040,1257.34,212
1460387100,1257.11,226
1460387160,1256.99,178
1460387220,1257.01,248
1460387280,1257.00,160
1460387340,1257.00,120
1460387400,1257.11,60
1460387460,1257.10,134
1460387520,1256.99,182
1460387580,1257.39,108
1460387640,1257.12,64
1460387700,1256.91,82
1460387760,1257.09,216
1460387820,1256.85,222
1460387880,1256.82,180
1460387940,1256.57,222
1460388000,1257.13,86
1460388060,1257.31,50
1460388120,1257.62,96
1460388180,1257.89,138
1460388240,1258.16,128
1460388300,1258.55,214
1460388360,1258.25,232
1460388420,1257.59,238
1460388480,1257.07,232
1460388540,1256.92,240
1460388600,1256.78,324
1460388660,1257.44,206
1460388720,1257.43,226
1460388780,1257.57,164
1460388840,1258.34,152
1460388900,1257.96,302
1460388960,1257.46,174
1460389020,1257.79,212
1460389080,1257.67,110
1460389140,1257.60,126
1460389200,1257.74,136
1460389260,1257.82,162
1460389320,1257.26,218
1460389380,1256.93,248
1460389440,1257.06,192
1460389500,1256.97,118
1460389560,1257.09,74
1460389620,1257.37,118
1460389680,1257.47,102
1460389740,1257.28,118
1460389800,1257.77,76
1460389860,1257.84,158
1460389920,1257.94,124
1460389980,1257.89,172
1460390040,1258.04,160
1460390100,1257.84,130
1460390160,1257.93,58
1460390220,1257.57,110
1460390280,1257.54,188
1460390340,1257.04,156
1460390400,1257.07,156
1460390460,1257.27,98
1460390520,1257.78,84
1460390580,1257.70,140
1460390640,1257.20,110
1460390700,1257.45,154
1460390760,1257.74,202
1460390820,1257.52,218
1460390880,1257.57,136
1460390940,1257.88,158
1460391000,1257.77,162
1460391060,1257.73,186
1460391120,1257.92,114
1460391180,1257.82,112
1460391240,1257.71,136
1460391300,1257.49,236
1460391360,1257.25,150
1460391420,1257.10,148
1460391480,1257.20,58
1460391540,1257.35,44
1460391600,1257.14,142
1460391660,1256.97,168
1460391720,1257.57,68
1460391780,1257.74,70
1460391840,1258.07,72
1460391900,1257.68,174
1460391960,1257.65,198
1460392020,1257.45,58
1460392080,1257.65,26
1460392140,1257.95,40
1460392200,1258.08,84
1460392260,1257.86,90
1460392320,1257.72,54
1460392380,1257.61,54
1460392440,1257.41,70
1460392500,1257.44,58
1460392560,1257.85,64
1460392620,1257.99,38
1460392680,1257.75,54
1460392740,1257.85,18
1460392800,1257.75,16
1460392860,1257.75,20
1460392920,1257.55,20
1460392980,1257.75,16
1460393040,1257.83,78
1460393100,1257.78,70
1460393160,1257.88,140
1460393220,1257.61,130
1460393280,1257.48,110
1460393340,1257.28,148
1460393400,1257.15,146
1460393460,1257.39,144
1460393520,1257.25,56
1460393580,1257.02,60
1460393640,1257.34,86
1460393700,1257.45,20
1460393760,1257.55,28
1460393820,1257.65,20
1460393880,1257.75,18
1460393940,1257.85,20
1460394000,1257.85,30
1460394060,1257.95,18
1460394120,1258.05,68
1460394180,1258.25,42
1460394240,1258.15,12
1460394300,1258.25,6
1460394360,1257.85,20
1460394420,1257.61,20
1460394480,1257.44,14
1460394540,1257.64,10
1460394600,1257.64,14
1460394660,1257.44,40
1460394720,1257.74,26
1460394780,1257.65,36
1460394840,1257.65,52
1460394900,1257.85,30
1460394960,1257.75,28
1460395020,1257.75,20
1460395080,1258.05,22
1460395140,1258.19,46
1460395200,1258.21,116
1460395260,1257.93,132
1460395320,1258.01,56
1460395380,1258.21,54
1460395440,1257.61,78
1460395500,1257.45,120
1460395560,1256.35,70
1460395620,1255.75,176
1460395680,1255.51,164
1460395740,1256.25,108
1460395800,1256.15,50
1460395860,1256.35,44
1460395920,1256.05,10
1460395980,1256.25,38
1460396040,1256.25,64
1460396100,1255.81,58
1460396160,1255.71,76
1460396220,1255.95,112
1460396280,1256.15,46
1460396340,1256.25,34
1460396400,1256.45,34
1460396460,1256.28,52
1460396520,1256.18,22
1460396580,1255.88,18
1460396640,1255.88,4
1460396700,1255.98,20
1460396760,1255.98,14
1460396820,1255.88,2
1460396880,1256.18,26
1460396940,1255.78,34
1460397000,1255.78,20
1460397060,1255.68,32
1460397120,1255.78,32
1460397180,1255.98,34
1460397240,1255.88,10
1460397300,1255.82,46
1460397360,1256.20,26
1460397420,1256.37,40
1460397480,1256.08,46
1460397540,1255.65,86
1460397600,1255.47,90
1460397660,1255.46,64
1460397720,1255.86,22
1460397780,1255.56,40
1460397840,1255.73,50
1460397900,1255.34,144
1460397960,1255.71,156
1460398020,1255.76,34
1460398080,1255.76,24
1460398140,1255.52,16
1460398200,1255.42,32
1460398260,1255.46,22
1460398320,1255.66,30
1460398380,1255.76,36
1460398440,1255.81,36
1460398500,1255.76,36
1460398560,1255.96,6
1460398620,1255.94,40
1460398680,1256.02,10
1460398740,1256.02,24
1460398800,1255.99,40
1460398860,1255.96,22
1460398920,1256.15,12
1460398980,1256.19,36
1460399040,1256.25,50
1460399100,1255.99,30
1460399160,1255.95,44
1460399220,1256.29,34
1460399280,1256.35,48
1460399340,1256.35,18
1460399400,1256.35,22
1460399460,1256.35,14
1460399520,1256.25,6
1460399580,1256.15,20
1460399640,1255.74,26
1460399700,1255.85,38
1460399760,1255.75,76
1460399820,1255.75,54
1460399880,1255.75,52
1460399940,1255.85,46
1460400000,1255.79,12
1460400060,1255.85,8
1460400120,1255.85,10
1460400180,1256.05,10
1460400240,1256.39,26
1460400300,1256.36,22
1460400360,1256.15,30
1460400420,1256.35,76
1460400480,1256.35,38
1460400540,1256.25,14
1460400600,1256.35,6
1460400660,1256.45,10
1460400720,1256.65,8
1460400780,1256.65,16
1460400840,1256.66,40
1460400900,1256.75,24
1460400960,1256.85,12
1460401020,1256.95,6
1460401080,1256.88,48
1460401140,1256.72,110
1460401200,1256.68,80
1460401260,1257.05,50
1460401320,1257.35,30
1460401380,1257.25,14
1460401440,1257.08,8
1460401500,1256.95,12
1460401560,1256.85,24
1460401620,1257.05,60
1460401680,1256.96,24
1460401740,1256.87,36
1460401800,1256.92,50
1460401860,1256.65,68
1460401920,1256.76,48
1460401980,1256.76,8
1460402040,1256.97,4
1460402100,1256.97,98
1460402160,1256.99,22
1460402220,1256.76,48
1460402280,1256.60,38
1460402340,1256.45,20
1460402400,1256.30,38
1460402460,1256.28,44
1460402520,1256.30,42
1460402580,1256.28,26
1460402640,1256.36,30
1460402700,1256.31,58
1460402760,1256.27,14
1460402820,1256.43,28
1460402880,1256.41,50
1460402940,1256.44,18
1460403000,1256.49,32
1460403060,1256.49,38
1460403120,1256.29,44
1460403180,1255.89,74
1460403240,1255.59,122
1460403300,1255.76,68
1460403360,1255.79,54
1460403420,1255.70,54
1460403480,1255.49,100
1460403540,1255.31,94
1460403600,1254.48,108
1460403660,1254.70,74
1460403720,1254.90,42
1460403780,1254.80,18
1460403840,1255.00,16
1460403900,1254.88,48
1460403960,1255.41,122
1460404020,1255.97,110
1460404080,1255.90,96
1460404140,1255.75,74
1460404200,1255.69,118
1460404260,1255.36,156
1460404320,1255.58,108
1460404380,1255.90,126
1460404440,1256.09,144
1460404500,1255.69,80
1460404560,1255.98,84
1460404620,1255.79,120
1460404680,1256.09,106
1460404740,1256.06,106
1460404800,1255.99,48
1460404860,1255.99,42
1460404920,1256.09,32
1460404980,1256.06,24
1460405040,1256.09,22
1460405100,1256.06,44
1460405160,1256.29,36
1460405220,1256.23,32
1460405280,1255.99,54
1460405340,1256.19,40
1460405400,1256.09,24
1460405460,1256.26,12
1460405520,1256.19,20
1460405580,1256.29,2
1460405640,1256.19,18
1460405700,1256.29,12
1460405760,1256.36,2
1460405820,1256.39,16
1460405880,1256.36,10
1460405940,1256.39,18
1460406000,1256.54,12
1460406060,1256.69,20
1460406120,1256.79,20
1460406180,1256.69,20
1460406240,1256.73,28
1460406300,1256.79,10
1460406360,1256.66,18
1460406420,1256.84,12
1460406480,1256.89,44
1460406540,1256.79,16
1460406600,1256.99,34
1460406660,1257.04,26
1460406720,1257.29,22
1460406780,1257.29,28
1460406840,1257.39,18
1460406900,1257.38,30
1460406960,1257.64,28
1460407020,1257.44,40
1460407080,1257.47,24
1460407140,1257.24,26
1460407200,1257.57,24
1460407260,1257.77,8
1460407320,1257.57,12
1460407380,1257.47,26
1460407440,1257.37,14
1460407500,1257.77,38
1460407560,1257.57,30
1460407620,1257.57,28
1460407680,1257.77,22
1460407740,1257.67,30
1460407800,1257.74,16
1460407860,1257.67,14
1460407920,1257.67,4
1460407980,1257.77,14
1460408040,1257.71,12
1460408100,1257.67,18
1460408160,1257.57,16
1460408220,1257.61,24
1460408280,1257.32,40
1460412000,1259.19,126
1460412060,1258.78,58
1460412120,1257.68,54
1460412180,1256.82,106
1460412240,1256.28,46
1460412300,1256.57,60
1460412360,1256.75,18
1460412420,1256.85,10
1460412480,1256.69,12
1460412540,1256.88,14
1460412600,1256.68,18
1460412660,1256.98,6
1460412720,1256.78,10
1460412780,1256.78,14
1460412840,1256.78,10
1460412900,1256.90,12
1460412960,1257.19,34
1460413020,1257.28,8
1460413080,1257.55,24
1460413140,1257.55,38
1460413200,1257.95,28
1460413260,1257.82,36
1460413320,1257.84,60
1460413380,1257.95,48
1460413440,1257.95,20
1460413500,1258.22,26
1460413560,1258.80,56
1460413620,1258.71,92
1460413680,1258.78,24
1460413740,1258.79,24
1460413800,1258.64,32
1460413860,1258.61,16
1460413920,1258.64,10
1460413980,1258.67,24
1460414040,1258.61,22
1460414100,1258.74,18
1460414160,1258.61,16
1460414220,1258.67,12
1460414280,1258.61,12
1460414340,1258.70,14
1460414400,1258.64,28
1460414460,1258.38,8
1460414520,1258.35,26
1460414580,1258.41,18
1460414640,1258.27,16
1460414700,1258.21,12
1460414760,1258.34,26
1460414820,1258.07,22
1460414880,1257.97,44
1460414940,1258.37,56
1460415000,1258.17,12
1460415060,1258.34,6
1460415120,1258.37,6
1460415180,1258.37,4
1460415300,1258.27,8
1460415360,1258.31,8
1460415420,1258.37,8
1460415480,1258.27,6
1460415540,1258.31,2
1460415600,1258.41,16
1460415660,1258.31,10
1460415720,1258.47,10
1460415780,1258.41,6
1460415840,1258.37,8
1460415900,1258.51,30
1460415960,1258.98,24
1460416020,1259.07,12
1460416080,1259.47,54
1460416140,1259.37,20
1460416200,1259.65,26
1460416260,1259.55,16
1460416320,1260.02,68
1460416380,1259.43,42
1460416440,1259.16,24
1460416500,1259.05,38
1460416560,1259.17,40
1460416620,1258.90,28
1460416680,1258.99,14
1460416740,1258.79,38
1460416800,1258.65,10
1460416860,1258.75,20
1460416920,1258.71,10
1460416980,1258.69,12
1460417040,1258.59,24
1460417100,1258.46,24
1460417160,1258.39,20
1460417220,1258.39,4
1460417280,1258.16,22
1460417340,1258.19,20
1460417400,1257.93,22
1460417460,1257.83,24
1460417520,1257.73,14
1460417580,1257.79,30
1460417640,1257.99,20
1460417700,1257.93,10
1460417760,1257.99,8
1460417820,1257.99,22
1460417880,1257.99,6
1460417940,1258.06,6
1460418000,1258.03,20
1460418060,1257.96,2
1460418120,1257.96,10
1460418180,1257.89,18
1460418240,1257.79,12
1460418300,1257.76,6
1460418360,1257.77,6
1460418420,1257.88,20
1460418480,1257.89,12
1460418540,1257.87,6
1460418600,1257.90,20
1460418660,1257.96,36
1460418720,1257.96,14
1460418780,1257.90,4
1460418840,1257.96,14
1460418900,1257.96,16
1460418960,1257.83,16
1460419020,1257.83,4
1460419080,1257.66,8
1460419140,1257.27,44
1460419200,1257.66,66
1460419260,1257.33,32
1460419320,1257.06,38
1460419380,1256.88,74
1460419440,1256.69,34
1460419500,1256.89,42
1460419560,1256.90,52
1460419620,1257.00,46
1460419680,1256.93,8
1460420280,1256.89,2
1460420340,1257.09,30
1460420400,1257.14,30
1460420460,1257.26,96
1460420520,1257.41,14
1460420580,1257.44,20
1460420640,1256.96,50
1460420700,1256.95,26
1460420760,1256.71,58
1460420820,1256.32,38
1460420880,1256.19,20
1460420940,1256.04,18
1460421000,1255.84,78
1460421060,1255.52,50
1460421120,1255.47,22
1460421180,1254.99,48
1460421240,1254.99,34
1460421300,1254.94,38
1460421360,1255.56,50
1460421420,1255.56,26
1460421480,1255.56,8
1460421540,1255.88,30
1460421600,1255.60,30
1460421660,1255.64,6
1460421720,1255.40,18
1460421780,1255.30,24
1460421840,1255.66,20
1460421900,1255.64,6
1460421960,1255.49,10
1460422020,1255.54,12
1460422080,1255.66,16
1460422140,1255.46,28
1460422200,1255.16,22
1460422260,1255.40,28
1460422320,1255.23,12
1460422380,1255.50,18
1460422440,1255.70,42
1460422500,1256.26,38
1460422560,1256.76,48
1460422620,1256.56,56
1460422680,1256.10,32
1460422740,1255.96,22
1460422800,1256.56,90
1460422860,1255.94,72
1460422920,1255.56,40
1460422980,1255.36,64
1460423040,1255.66,44
1460423100,1255.26,48
1460423160,1255.46,70
1460423220,1255.30,42
1460423280,1255.56,32
1460423340,1255.46,42
1460423400,1255.56,16
1460423460,1255.30,18
1460423520,1255.36,36
1460423580,1255.26,48
1460423640,1254.76,44
1460423700,1254.46,52
1460423760,1254.86,48
1460423820,1254.56,24
1460423880,1254.40,12
1460423940,1254.36,38
1460424000,1254.70,36
1460424060,1254.86,18
1460424120,1254.86,34
1460424180,1254.86,30
1460424240,1255.16,22
1460424300,1255.06,40
1460424360,1255.40,54
1460424420,1255.46,54
1460424480,1255.36,14
1460424540,1255.36,36
1460424600,1255.63,44
1460424660,1255.36,54
1460424720,1255.06,34
1460424780,1255.46,32
1460424840,1255.06,38
1460424900,1254.76,28
1460424960,1254.76,34
1460425020,1254.86,32
1460425080,1254.76,34
1460425140,1254.86,38
1460425200,1254.66,38
1460425260,1254.76,34
1460425320,1254.56,18
1460425380,1254.46,34
1460425440,1254.42,2
1460425500,1254.39,34
1460425560,1254.42,38
1460425620,1254.02,48
1460425680,1254.16,60
1460425740,1254.56,60
1460425800,1254.30,34
1460425860,1254.26,22
1460425920,1253.82,46
1460425980,1253.62,30
1460426040,1253.62,38
1460426100,1253.56,40
1460426160,1253.72,30
1460426220,1254.06,44
1460426280,1254.21,6
1460426340,1254.20,30
1460426400,1254.10,30
1460426460,1254.16,18
1460426520,1254.01,20
1460426580,1254.01,34
1460426640,1253.81,54
1460426700,1253.80,30
1460426760,1254.11,44
1460426820,1254.46,38
1460426880,1254.36,14
1460426940,1254.16,14
1460427000,1254.12,16
1460427060,1254.14,76
1460427120,1254.22,52
1460427180,1254.24,40
1460427240,1254.49,14
1460427300,1254.99,40
1460427360,1255.09,42
1460427420,1254.99,16
1460427480,1254.79,18
1460427540,1254.74,40
1460427600,1254.59,58
1460427660,1254.53,10
1460427720,1254.43,50
1460427780,1254.30,38
1460427840,1254.34,44
1460427900,1254.59,10
1460427960,1254.49,4
1460428020,1254.59,16
1460428080,1254.79,22
1460428140,1254.87,16
1460428200,1254.91,20
1460428260,1254.80,16
1460428320,1254.63,42
1460428380,1254.39,42
1460428440,1254.26,32
1460428500,1254.34,34
1460428560,1254.23,50
1460428620,1254.03,60
1460428680,1254.05,28
1460428740,1254.94,166
1460428800,1254.75,154
1460428860,1254.64,58
1460428920,1254.63,72
1460428980,1254.62,112
1460429040,1254.84,60
1460429100,1255.04,32
1460429160,1255.02,20
1460429220,1254.62,42
1460429280,1254.42,36
1460429340,1254.49,64
1460429400,1254.52,50
1460429460,1254.42,30
1460429520,1254.42,50
1460429580,1254.44,130
1460429640,1254.60,24
1460429700,1254.84,20
1460429760,1254.52,84
1460429820,1254.69,58
1460429880,1254.35,60
1460429940,1254.42,40
1460430000,1254.50,58
1460430060,1254.49,70
1460430120,1254.74,66
1460430180,1254.39,40
1460430240,1254.64,62
1460430300,1254.64,28
1460430360,1254.63,2
1460430420,1254.74,12
1460430480,1254.63,42
1460430540,1254.64,16
1460430600,1254.83,38
1460430660,1254.84,62
1460430720,1255.16,222
1460430780,1254.73,152
1460430840,1254.80,172
1460430900,1254.30,166
1460430960,1254.40,180
1460431020,1254.26,130
1460431080,1254.39,94
1460431140,1254.13,136
1460431200,1254.00,206
1460431260,1253.88,224
1460431320,1253.64,206
1460431380,1254.02,224
1460431440,1254.01,90
1460431500,1254.06,158
1460431560,1253.91,96
1460431620,1253.90,76
1460431680,1254.08,96
1460431740,1254.09,130
1460431800,1254.04,144
1460431860,1254.12,112
1460431920,1254.14,110
1460431980,1254.34,60
1460432040,1254.84,102
1460432100,1254.54,50
1460432160,1254.30,100
1460432220,1254.34,104
1460432280,1254.24,52
1460432340,1254.34,80
1460432400,1254.45,82
1460432460,1254.34,60
1460432520,1254.19,62
1460432580,1254.26,46
1460432640,1254.14,48
1460432700,1254.01,48
1460432760,1254.07,52
1460432820,1254.09,74
1460432880,1254.21,38
1460432940,1254.31,80
1460433000,1254.26,78
1460433060,1254.31,40
1460433120,1254.31,48
1460433180,1254.40,34
1460433240,1254.41,20
1460433300,1254.51,68
1460433360,1254.65,32
1460433420,1254.60,54
1460433480,1254.74,34
1460433540,1254.59,58
1460433600,1254.79,36
1460433660,1254.75,10
1460433720,1254.75,64
1460433780,1254.69,36
1460433840,1254.64,80
1460433900,1254.84,64
1460433960,1254.73,28
1460434020,1254.84,76
1460434080,1254.74,60
1460434140,1254.58,48
1460434200,1254.66,28
1460434260,1254.62,16
1460434320,1254.45,64
1460434380,1254.65,62
1460434440,1254.66,26
1460434500,1254.75,58
1460434560,1254.70,38
1460434620,1254.74,34
1460434680,1254.71,28
1460434740,1254.52,74
1460434800,1254.54,82
1460434860,1254.64,94
1460434920,1254.24,110
1460434980,1254.20,80
1460435040,1254.16,58
1460435100,1254.35,84
1460435160,1254.37,56
1460435220,1254.55,74
1460435280,1254.62,44
1460435340,1254.45,62
1460435400,1254.29,160
1460435460,1254.32,118
1460435520,1254.29,108
1460435580,1254.17,96
1460435640,1254.12,84
1460435700,1254.04,150
1460435760,1253.81,138
1460435820,1253.69,180
1460435880,1253.84,104
1460435940,1253.86,86
1460436000,1253.87,90
1460436060,1253.68,72
1460436120,1253.82,50
1460436180,1253.84,32
1460436240,1253.76,128
1460436300,1253.88,74
1460436360,1254.02,26
1460436420,1253.92,30
1460436480,1254.06,56
1460436540,1253.97,70
1460436600,1253.90,32
1460436660,1253.92,30
1460436720,1253.93,38
1460436780,1254.04,78
1460436840,1254.04,64
1460436900,1253.98,56
1460436960,1253.99,32
1460437020,1253.89,42
1460437080,1253.89,32
1460437140,1253.80,124
1460437200,1253.52,224
1460437260,1253.40,178
1460437320,1253.47,124
1460437380,1253.26,176
1460437440,1253.25,114
1460437500,1253.34,160
1460437560,1253.46,160
1460437620,1253.54,58
1460437680,1253.44,66
1460437740,1253.31,50
1460437800,1253.52,66
1460437860,1253.43,82
1460437920,1253.45,90
1460437980,1253.51,108
1460438040,1253.44,56
1460438100,1253.45,50
1460438160,1253.42,46
1460438220,1253.49,112
1460438280,1253.56,54
1460438340,1253.53,36
1460438400,1253.41,70
1460438460,1253.46,78
1460438520,1253.40,64
1460438580,1253.45,74
1460438640,1253.36,80
1460438700,1253.46,54
1460438760,1253.40,60
1460438820,1253.44,104
1460438880,1253.50,100
1460438940,1253.90,108
1460439000,1254.24,164
1460439060,1254.18,134
1460439120,1254.39,122
1460439180,1254.30,88
1460439240,1254.33,72
1460439300,1254.38,60
1460439360,1254.38,78
1460439420,1254.36,106
1460439480,1254.32,76
1460439540,1254.44,98
1460439600,1254.43,70
1460439660,1254.42,30
1460439720,1254.62,26
1460439780,1254.52,30
1460439840,1254.52,42
1460439900,1254.45,32
1460439960,1254.32,16
1460440020,1254.22,42
1460440080,1254.32,46
1460440140,1254.12,24
1460440200,1254.22,20
1460440260,1254.22,34
1460440320,1254.32,12
1460440380,1254.28,38
1460440440,1254.18,36
1460440500,1254.21,12
1460440560,1254.13,38
1460440620,1254.13,46
1460440680,1254.21,62
1460440740,1254.12,46
1460440800,1254.71,70
1460440860,1254.83,46
1460440920,1254.91,32
1460440980,1254.91,60
1460441040,1254.91,120
1460441100,1254.84,56
1460441160,1254.91,20
1460441220,1255.14,30
1460441280,1255.14,54
1460441340,1255.34,40
1460441400,1255.38,66
1460441460,1255.51,26
1460441520,1255.34,22
1460441580,1255.51,92
1460441640,1255.28,120
1460441700,1255.12,104
1460441760,1255.11,86
1460441820,1254.90,42
1460441880,1254.94,100
1460441940,1254.94,10
1460442000,1254.91,74
1460442060,1255.04,126
1460442120,1254.94,98
1460442180,1255.26,70
1460442240,1255.24,68
1460442300,1255.24,50
1460442360,1255.34,28
1460442420,1255.23,14
1460442480,1255.04,32
1460442540,1255.16,80
1460442600,1255.28,176
1460442660,1255.79,192
1460442720,1255.77,260
1460442780,1255.74,208
1460442840,1255.85,90
1460442900,1255.85,154
1460442960,1255.80,170
1460443020,1256.12,136
1460443080,1255.92,200
1460443140,1255.84,94
1460443200,1255.74,76
1460443260,1255.58,52
1460443320,1255.76,42
1460443380,1255.75,70
1460443440,1255.73,118
1460443500,1255.91,182
1460443560,1255.84,94
1460443620,1255.94,146
1460443680,1255.72,126
1460443740,1255.84,40
1460443800,1255.89,98
1460443860,1255.91,204
1460443920,1255.92,112
1460443980,1256.15,120
1460444040,1256.20,68
1460444100,1257.14,206
1460444160,1257.28,294
1460444220,1257.34,168
1460444280,1257.24,74
1460444340,1257.24,60
1460444400,1257.11,242
1460444460,1256.91,308
1460444520,1256.84,214
1460444580,1257.47,166
1460444640,1257.82,260
1460444700,1258.25,210
1460444760,1258.15,180
1460444820,1258.72,242
1460444880,1259.23,252
1460444940,1259.42,154
1460445000,1258.62,176
1460445060,1258.79,256
1460445120,1258.75,238
1460445180,1258.72,226
1460445240,1258.61,202
1460445300,1258.53,214
1460445360,1258.91,130
1460445420,1258.92,100
1460445480,1259.00,218
1460445540,1258.69,288
1460445600,1258.80,216
1460445660,1258.53,268
1460445720,1258.51,276
1460445780,1258.55,160
1460445840,1258.45,206
1460445900,1258.15,268
1460445960,1258.23,242
1460446020,1258.12,158
1460446080,1258.17,248
1460446140,1258.42,162
1460446200,1258.19,142
1460446260,1258.32,114
1460446320,1258.42,138
1460446380,1258.33,258
1460446440,1258.32,208
1460446500,1258.57,232
1460446560,1258.28,168
1460446620,1257.64,226
1460446680,1258.05,202
1460446740,1258.19,234
1460446800,1258.48,248
1460446860,1258.35,260
1460446920,1258.04,118
1460446980,1258.07,200
1460447040,1258.24,172
1460447100,1258.08,186
1460447160,1258.06,224
1460447220,1257.62,252
1460447280,1257.67,274
1460447340,1257.93,212
1460447400,1257.95,180
1460447460,1258.04,192
1460447520,1258.28,98
1460447580,1258.23,162
1460447640,1258.32,186
1460447700,1258.32,170
1460447760,1258.53,166
1460447820,1258.66,162
1460447880,1258.99,260
1460447940,1258.49,230
1460448000,1258.58,258
1460448060,1258.67,222
1460448120,1258.64,190
1460448180,1259.53,304
1460448240,1260.25,436
1460448300,1260.30,374
1460448360,1260.59,368
1460448420,1259.78,254
1460448480,1259.90,182
1460448540,1259.77,118
1460448600,1259.90,216
1460448660,1259.73,190
1460448720,1259.40,144
1460448780,1259.28,174
1460448840,1259.50,236
1460448900,1260.40,80
1460448960,1261.08,196
1460449020,1260.94,128
1460449080,1260.92,142
1460449140,1260.94,266
1460449200,1261.08,220
1460449260,1261.09,220
1460449320,1260.99,112
1460449380,1260.89,150
1460449440,1260.91,132
1460449500,1260.79,156
1460449560,1260.29,184
1460449620,1259.92,230
1460449680,1259.85,162
1460449740,1260.19,148
1460449800,1260.48,204
1460449860,1260.90,208
1460449920,1261.72,252
1460449980,1261.15,218
1460450040,1261.18,76
1460450100,1261.39,48
1460450160,1260.68,146
1460450220,1260.99,136
1460450280,1260.69,136
1460450340,1260.99,124
1460450400,1260.88,150
1460450460,1261.08,58
1460450520,1261.08,132
1460450580,1261.02,90
1460450640,1261.48,126
1460450700,1262.12,196
1460450760,1261.68,182
1460450820,1261.94,90
1460450880,1261.89,100
1460450940,1261.70,198
1460451000,1261.64,208
1460451060,1261.94,152
1460451120,1261.88,234
1460451180,1261.93,154
1460451240,1261.63,78
1460451300,1261.50,62
1460451360,1261.33,172
1460451420,1260.56,108
1460451480,1260.76,78
1460451540,1260.65,76
1460451600,1260.67,94
1460451660,1260.95,146
1460451720,1260.87,64
1460451780,1260.98,106
1460451840,1260.98,94
1460451900,1260.72,110
1460451960,1260.52,70
1460452020,1260.03,92
1460452080,1260.04,190
1460452140,1260.05,170
1460452200,1260.17,86
1460452260,1260.56,114
1460452320,1260.39,162
1460452380,1260.16,170
1460452440,1259.95,212
1460452500,1259.84,214
1460452560,1259.57,182
1460452620,1259.75,170
1460452680,1259.78,136
1460452740,1259.86,134
1460452800,1260.28,154
1460452860,1260.78,154
1460452920,1260.64,88
1460452980,1260.44,192
1460453040,1260.34,166
1460453100,1260.23,182
1460453160,1260.33,184
1460453220,1260.16,222
1460453280,1260.19,146
1460453340,1259.94,194
1460453400,1259.05,284
1460453460,1259.11,176
1460453520,1259.28,124
1460453580,1259.13,72
1460453640,1259.11,144
1460453700,1258.95,206
1460453760,1259.13,280
1460453820,1259.13,220
1460453880,1259.08,100
1460453940,1259.32,72
1460454000,1259.04,92
1460454060,1258.78,100
1460454120,1258.88,118
1460454180,1259.28,48
1460454240,1259.32,20
1460454300,1259.02,50
1460454360,1258.82,66
1460454420,1258.60,228
1460454480,1259.11,106
1460454540,1259.08,34
1460454600,1258.98,124
1460454660,1259.08,156
1460454720,1258.91,104
1460454780,1258.95,190
1460454840,1258.85,188
1460454900,1258.67,192
1460454960,1258.62,114
1460455020,1258.67,152
1460455080,1258.44,160
1460455140,1258.19,154
1460455200,1258.25,70
1460455260,1258.74,24
1460455320,1258.83,24
1460455380,1258.35,138
1460455440,1258.63,136
1460455500,1258.52,96
1460455560,1258.58,50
1460455620,1258.31,112
1460455680,1258.48,62
1460455740,1258.48,130
1460455800,1258.78,106
1460455860,1258.49,102
1460455920,1258.52,134
1460455980,1258.58,160
1460456040,1258.42,96
1460456100,1258.34,98
1460456160,1258.28,138
1460456220,1258.49,148
1460456280,1258.54,104
1460456340,1258.20,130
1460456400,1258.28,90
1460456460,1258.12,42
1460456520,1258.12,42
1460456580,1258.05,88
1460456640,1256.71,222
1460456700,1256.38,136
1460456760,1256.08,102
1460456820,1256.28,80
1460456880,1257.00,68
1460456940,1257.00,112
1460457000,1257.05,160
1460457060,1256.98,104
1460457120,1257.10,146
1460457180,1256.98,120
1460457240,1256.92,56
1460457300,1256.75,116
1460457360,1256.90,162
1460457420,1256.81,172
1460457480,1256.68,60
1460457540,1256.72,90
1460457600,1256.66,68
1460457660,1256.78,100
1460457720,1256.88,42
1460457780,1257.14,112
1460457840,1257.20,170
1460457900,1257.28,54
1460457960,1257.28,132
1460458020,1257.22,106
1460458080,1257.38,142
1460458140,1257.34,82
1460458200,1257.58,100
1460458260,1257.33,136
1460458320,1257.49,140
1460458380,1257.48,52
1460458440,1257.46,62
1460458500,1257.61,118
1460458560,1257.47,168
1460458620,1257.14,268
1460458680,1256.78,186
1460458740,1256.48,62
1460458800,1256.52,172
1460458860,1256.52,138
1460458920,1256.14,158
1460458980,1256.78,160
1460459040,1256.92,78
1460459100,1256.78,118
1460459160,1256.72,118
1460459220,1256.59,130
1460459280,1257.08,106
1460459340,1256.92,80
1460459400,1256.70,88
1460459460,1256.78,148
1460459520,1256.48,150
1460459580,1256.58,90
1460459640,1256.82,66
1460459700,1256.83,52
1460459760,1256.88,40
1460459820,1257.08,50
1460459880,1257.08,40
1460459940,1257.08,62
1460460000,1257.08,150
1460460060,1256.88,86
1460460120,1256.98,154
1460460180,1257.38,100
1460460240,1257.77,116
1460460300,1257.69,172
1460460360,1258.18,76
1460460420,1258.48,132
1460460480,1258.60,194
1460460540,1258.98,192
1460460600,1258.70,78
1460460660,1258.78,108
1460460720,1258.59,100
1460460780,1258.54,228
1460460840,1258.73,218
1460460900,1259.01,180
1460460960,1259.08,88
1460461020,1259.28,106
1460461080,1259.54,106
1460461140,1259.55,100
1460461200,1259.37,158
1460461260,1259.59,96
1460461320,1259.70,104
1460461380,1260.18,24
1460461440,1260.16,146
1460461500,1260.16,150
1460461560,1260.28,128
1460461620,1260.64,104
1460461680,1260.93,150
1460461740,1260.93,84
1460461800,1261.08,162
1460461860,1260.88,108
1460461920,1261.32,150
1460461980,1261.25,168
1460462040,1261.16,114
1460462100,1260.94,148
1460462160,1260.94,142
1460462220,1260.94,156
1460462280,1261.08,148
1460462340,1261.05,180
1460462400,1260.94,144
1460462460,1261.14,128
1460462520,1261.04,140
1460462580,1261.06,96
1460462640,1261.36,98
1460462700,1261.05,118
1460462760,1261.01,36
1460462820,1260.84,140
1460462880,1260.25,302
1460462940,1259.61,316
1460463000,1259.73,234
1460463060,1259.93,112
1460463120,1259.61,124
1460463180,1259.06,244
1460463240,1259.40,122
1460463300,1259.26,174
1460463360,1259.77,144
1460463420,1259.66,156
1460463480,1259.56,136
1460463540,1259.47,216
1460463600,1259.04,328
1460463660,1259.16,150
1460463720,1259.26,176
1460463780,1259.36,138
1460463840,1259.12,174
1460463900,1259.76,124
1460463960,1260.43,132
1460464020,1261.19,212
1460464080,1260.77,284
1460464140,1261.01,162
1460464200,1261.38,220
1460464260,1261.71,226
1460464320,1261.38,274
1460464380,1261.40,222
1460464440,1261.37,164
1460464500,1261.18,74
1460464560,1261.06,140
1460464620,1260.79,102
1460464680,1260.59,240
1460464740,1260.39,198
1460464800,1260.82,198
1460464860,1261.26,188
1460464920,1261.96,200
1460464980,1261.84,190
1460465040,1261.76,232
1460465100,1261.58,132
1460465160,1261.36,154
1460465220,1261.25,166
1460465280,1260.66,96
1460465340,1260.23,196
1460465400,1259.86,126
1460465460,1259.96,152
1460465520,1259.91,126
1460465580,1259.31,146
1460465640,1259.32,272
1460465700,1258.95,174
1460465760,1259.83,80
1460465820,1260.06,110
1460465880,1259.84,58
1460465940,1259.54,142
1460466000,1258.23,358
1460466060,1257.88,314
1460466120,1257.74,204
1460466180,1257.89,116
1460466240,1257.30,184
1460466300,1257.84,214
1460466360,1257.78,42
1460466420,1258.09,150
1460466480,1258.30,144
1460466540,1258.27,214
1460466600,1258.10,230
1460466660,1258.56,186
1460466720,1259.17,308
1460466780,1259.37,210
1460466840,1259.92,252
1460466900,1259.80,192
1460466960,1259.66,166
1460467020,1259.66,154
1460467080,1260.18,134
1460467140,1259.71,244
1460467200,1260.16,246
1460467260,1259.77,246
1460467320,1260.08,192
1460467380,1260.40,160
1460467440,1259.47,250
1460467500,1257.84,366
1460467560,1257.24,366
1460467620,1257.56,188
1460467680,1258.09,260
1460467740,1258.11,180
1460467800,1258.00,350
1460467860,1257.14,242
1460467920,1257.86,148
1460467980,1257.97,248
1460468040,1257.78,232
1460468100,1258.07,236
1460468160,1256.97,284
1460468220,1255.79,268
1460468280,1255.47,298
1460468340,1256.43,186
1460468400,1257.20,114
1460468460,1257.96,158
1460468520,1258.66,144
1460468580,1258.59,196
1460468640,1257.89,146
1460468700,1257.39,194
1460468760,1257.73,124
1460468820,1257.83,112
1460468880,1258.08,112
1460468940,1259.18,146
1460469000,1258.79,178
1460469060,1257.98,98
1460469120,1257.18,194
1460469180,1257.14,100
1460469240,1256.49,260
1460469300,1255.91,174
1460469360,1255.48,318
1460469420,1254.38,312
1460469480,1254.82,250
1460469540,1253.76,254
1460469600,1254.33,344
1460469660,1254.23,248
1460469720,1254.27,108
1460469780,1254.66,100
1460469840,1253.68,288
1460469900,1253.13,290
1460469960,1253.32,198
1460470020,1253.05,404
1460470080,1252.98,328
1460470140,1252.24,242
1460470200,1251.63,286
1460470260,1252.88,220
1460470320,1253.32,276
1460470380,1253.12,260
1460470440,1253.94,154
1460470500,1253.25,350
1460470560,1253.49,266
1460470620,1253.71,164
1460470680,1253.80,180
1460470740,1254.21,202
1460470800,1254.78,280
1460470860,1254.44,240
1460470920,1254.72,250
1460470980,1254.71,188
1460471040,1254.81,74
1460471100,1254.71,110
1460471160,1254.20,160
1460471220,1254.84,134
1460471280,1254.96,238
1460471340,1254.66,152
1460471400,1254.84,334
1460471460,1254.23,416
1460471520,1254.44,210
1460471580,1255.19,198
1460471640,1255.57,134
1460471700,1255.62,350
1460471760,1255.17,346
1460471820,1255.33,350
1460471880,1255.28,364
1460471940,1254.67,212
1460472000,1254.98,122
1460472060,1255.06,148
1460472120,1254.60,142
1460472180,1255.00,64
1460472240,1254.66,94
1460472300,1254.48,130
1460472360,1254.47,80
1460472420,1254.75,230
1460472480,1254.46,252
1460472540,1254.76,98
1460472600,1253.44,186
1460472660,1252.28,318
1460472720,1252.10,312
1460472780,1252.99,208
1460472840,1253.36,248
1460472900,1253.06,376
1460472960,1253.96,360
1460473020,1253.73,338
1460473080,1253.94,186
1460473140,1254.39,192
1460473200,1254.00,220
1460473260,1254.15,318
1460473320,1254.36,304
1460473380,1254.39,258
1460473440,1253.72,132
1460473500,1253.16,130
1460473560,1253.70,120
1460473620,1253.04,126
1460473680,1253.31,80
1460473740,1253.23,218
1460473800,1253.19,196
1460473860,1253.67,156
1460473920,1253.80,236
1460473980,1253.76,248
1460474040,1254.38,286
1460474100,1254.63,186
1460474160,1254.54,114
1460474220,1254.74,192
1460474280,1254.37,310
1460474340,1254.35,234
1460474400,1254.84,210
1460474460,1255.10,300
1460474520,1255.34,264
1460474580,1255.20,214
1460474640,1254.88,190
1460474700,1254.99,142
1460474760,1254.90,190
1460474820,1255.23,138
1460474880,1254.86,88
1460474940,1255.43,152
1460475000,1254.73,218
1460475060,1254.95,108
1460475120,1254.93,184
1460475180,1255.26,136
1460475240,1255.54,134
1460475300,1256.16,168
1460475360,1256.23,224
1460475420,1255.80,262
1460475480,1256.35,130
1460475540,1256.05,176
1460475600,1256.67,222
1460475660,1256.49,212
1460475720,1256.84,116
1460475780,1257.23,156
1460475840,1257.38,238
1460475900,1257.67,248
1460475960,1257.52,84
1460476020,1257.23,114
1460476080,1257.13,96
1460476140,1256.65,106
1460476200,1256.45,110
1460476260,1256.94,68
1460476320,1256.52,136
1460476380,1256.34,144
1460476440,1256.88,88
1460476500,1256.86,46
1460476560,1257.02,48
1460476620,1257.34,100
1460476680,1257.14,188
1460476740,1256.86,214
1460476800,1256.52,152
1460476860,1256.10,70
1460476920,1255.51,134
1460476980,1255.02,88
1460477040,1254.84,128
1460477100,1254.76,138
1460477160,1255.05,138
1460477220,1254.47,160
1460477280,1254.35,92
1460477340,1254.37,168
1460477400,1254.52,124
1460477460,1254.63,116
1460477520,1254.65,30
1460477580,1254.82,128
1460477640,1254.42,178
1460477700,1254.57,172
1460477760,1254.51,66
1460477820,1254.49,82
1460477880,1253.69,52
1460477940,1254.25,74
1460478000,1254.53,80
1460478060,1254.92,94
1460478120,1255.12,80
1460478180,1255.27,62
1460478240,1255.00,106
1460478300,1255.08,214
1460478360,1255.07,110
1460478420,1254.79,154
1460478480,1254.67,148
1460478540,1255.03,180
1460478600,1254.75,102
1460478660,1255.02,102
1460478720,1255.42,80
1460478780,1255.44,104
1460478840,1255.73,132
1460478900,1255.69,150
1460478960,1255.70,150
1460479020,1255.87,150
1460479080,1255.73,206
1460479140,1255.54,156
1460479200,1255.58,164
1460479260,1255.58,112
1460479320,1255.46,96
1460479380,1255.33,116
1460479440,1255.33,134
1460479500,1255.54,76
1460479560,1255.85,54
1460479620,1255.83,36
1460479680,1255.84,180
1460479740,1255.65,24
1460479800,1255.26,38
1460479860,1255.33,174
1460479920,1255.12,96
1460479980,1255.28,150
1460480040,1255.26,162
1460480100,1255.38,158
1460480160,1255.43,198
1460480220,1255.95,212
1460480280,1255.37,268
1460480340,1254.96,168
1460480400,1255.40,82
1460480460,1255.46,84
1460480520,1255.93,88
1460480580,1255.91,64
1460480640,1255.91,34
1460480700,1256.13,46
1460480760,1255.80,196
1460480820,1256.13,134
1460480880,1256.56,160
1460480940,1256.63,200
1460481000,1256.97,134
1460481060,1256.83,216
1460481120,1256.77,156
1460481180,1256.77,50
1460481240,1256.87,54
1460481300,1256.93,52
1460481360,1256.95,60
1460481420,1257.69,80
1460481480,1258.42,152
1460481540,1258.32,168
1460481600,1258.23,120
1460481660,1258.40,164
1460481720,1258.40,186
1460481780,1258.15,156
1460481840,1258.04,196
1460481900,1258.01,156
1460481960,1258.10,192
1460482020,1258.07,230
1460482080,1258.03,176
1460482140,1258.98,274
1460482200,1259.17,208
1460482260,1258.60,158
1460482320,1258.39,196
1460482380,1258.15,84
1460482440,1258.01,50
1460482500,1258.23,126
1460482560,1258.49,76
1460482620,1258.70,22
1460482680,1258.57,38
1460482740,1258.58,68
1460482800,1258.51,36
1460482860,1258.40,38
1460482920,1257.31,130
1460482980,1257.45,160
1460483040,1257.44,32
1460483100,1257.23,38
1460483160,1256.92,30
1460483220,1257.20,60
1460483280,1257.05,44
1460483340,1257.00,12
1460483400,1257.00,20
1460483460,1257.10,26
1460483520,1256.97,46
1460483580,1256.92,14
1460483640,1257.80,66
1460483700,1257.90,32
1460483760,1257.98,20
1460483820,1258.00,18
1460483880,1258.10,28
1460483940,1258.54,82
1460484000,1258.50,52
1460484060,1258.23,30
1460484120,1258.19,38
1460484180,1258.09,14
1460484240,1257.99,36
1460484300,1258.09,50
1460484360,1257.70,44
1460484420,1257.49,28
1460484480,1257.58,18
1460484540,1257.59,42
1460484600,1257.72,30
1460484660,1257.40,30
1460484720,1257.48,36
1460484780,1257.68,102
1460484840,1257.79,56
1460484900,1257.00,66
1460484960,1257.60,24
1460485020,1257.60,32
1460485080,1257.10,32
1460485140,1257.10,70
1460485200,1256.60,42
1460485260,1256.85,26
1460485320,1257.40,50
1460485380,1258.15,274
1460485440,1258.09,72
1460485500,1258.03,22
1460485560,1258.08,14
1460485620,1257.77,44
1460485680,1257.73,30
1460485740,1257.79,22
1460485800,1257.53,40
1460485860,1257.83,28
1460485920,1258.23,16
1460485980,1257.99,16
1460486040,1258.05,16
1460486100,1258.05,4
1460486160,1257.56,36
1460486220,1257.55,16
1460486280,1257.49,14
1460486340,1257.47,6
1460486400,1257.68,70
1460486460,1257.69,56
1460486520,1257.79,18
1460486580,1256.93,64
1460486640,1255.29,256
1460486700,1255.75,86
1460486760,1256.08,90
1460486820,1256.07,76
1460486880,1255.87,30
1460486940,1255.92,30
1460487000,1256.07,28
1460487060,1257.07,36
1460487120,1257.39,250
1460487180,1257.52,58
1460487240,1257.42,36
1460487300,1257.46,40
1460487360,1257.62,24
1460487420,1257.72,44
1460487480,1257.72,24
1460487540,1257.09,42
1460487600,1257.05,70
1460487660,1257.20,48
1460487720,1257.10,32
1460487780,1256.82,48
1460487840,1256.70,28
1460487900,1256.81,28
1460487960,1256.40,18
1460488020,1256.08,16
1460488080,1256.60,32
1460488140,1256.90,28
1460488200,1257.30,84
1460488260,1257.41,26
1460488320,1257.44,32
1460488380,1257.23,8
1460488440,1257.44,14
1460488500,1257.44,4
1460488560,1257.30,16
1460488620,1257.54,16
1460488680,1257.51,10
1460488740,1257.54,14
1460488800,1257.63,22
1460488860,1257.39,12
1460488920,1257.46,26
1460488980,1257.76,10
1460489040,1257.84,20
1460489100,1257.54,18
1460489160,1257.40,16
1460489220,1257.14,10
1460489280,1256.99,22
1460489340,1257.00,14
1460489400,1256.90,28
1460489460,1257.00,20
1460489520,1257.01,24
1460489640,1257.01,4
1460489700,1257.22,52
1460489760,1257.54,26
1460489820,1257.80,22
1460489880,1257.91,40
1460489940,1257.85,42
1460490000,1257.91,28
1460490060,1257.81,32
1460490120,1257.62,30
1460490180,1257.72,28
1460490240,1257.42,54
1460490300,1257.34,50
1460490360,1257.35,42
1460490420,1257.01,52
1460490480,1257.25,32
1460490540,1257.31,20
1460490600,1257.23,46
1460490660,1257.21,20
1460490720,1257.25,32
1460490780,1257.46,34
1460490840,1257.35,46
1460490900,1257.11,62
1460490960,1256.81,46
1460491020,1256.73,34
1460491080,1256.75,52
1460491140,1256.27,94
1460491200,1256.22,54
1460491260,1256.59,66
1460491320,1256.63,12
1460491380,1256.57,30
1460491440,1256.43,22
1460491500,1255.80,84
1460491560,1255.77,56
1460491620,1255.63,96
1460491680,1255.54,100
1460491740,1255.32,60
1460491800,1255.27,42
1460491860,1255.17,32
1460491920,1255.37,22
1460491980,1255.24,30
1460492040,1255.10,18
1460492100,1255.09,18
1460492160,1255.07,12
1460492220,1254.82,40
1460492280,1254.97,24
1460492340,1255.07,14
1460492400,1255.27,16
1460492460,1255.12,8
1460492520,1255.07,6
1460492580,1255.02,24
1460492640,1255.12,12
1460492700,1255.37,16
1460492760,1255.12,16
1460492820,1255.02,12
1460492880,1255.02,4
1460492940,1255.02,14
1460493000,1254.82,26
1460493060,1254.97,18
1460493120,1255.17,18
1460493180,1255.17,4
1460493240,1255.27,12
1460493300,1255.37,6
1460493360,1255.17,14
1460493420,1255.67,10
1460493480,1255.58,8
1460493540,1255.58,8
1460493600,1255.62,8
1460493660,1255.58,6
1460493720,1255.48,6
1460493780,1255.48,8
1460493900,1255.48,12
1460493960,1255.48,4
1460494020,1255.42,8
1460494080,1255.42,24
1460494140,1255.42,6
1460494200,1255.55,6
1460494260,1255.48,26
1460494320,1255.55,2
1460494380,1255.65,8
1460494440,1255.45,8
1460494500,1255.67,16
1460494560,1255.97,14
1460494620,1255.75,18
1460494680,1255.41,8
1460498400,1255.48,78
1460498460,1255.74,28
1460498520,1255.52,42
1460498580,1255.88,18
1460498640,1255.68,22
1460498700,1256.18,16
1460498760,1256.18,4
1460498880,1256.14,10
1460498940,1255.87,46
1460499000,1256.05,36
1460499060,1256.02,30
1460499120,1256.18,26
1460499240,1256.19,14
1460499300,1255.98,16
1460499360,1255.75,24
1460499420,1255.54,26
1460499480,1255.52,12
1460499540,1255.51,2
1460499600,1255.55,12
1460499660,1255.58,10
1460499720,1255.72,10
1460499780,1255.72,8
1460499840,1255.78,4
1460500080,1255.78,16
1460500140,1255.94,12
1460500200,1255.78,18
1460500260,1255.73,2
1460500320,1256.15,12
1460500380,1255.95,24
1460500440,1255.92,16
1460500500,1255.89,14
1460500560,1256.08,10
1460500620,1255.93,8
1460500680,1256.32,32
1460500740,1256.23,4
1460500800,1256.22,8
1460500860,1256.08,4
1460500920,1255.93,8
1460500980,1256.02,2
1460501100,1256.03,12
1460501160,1256.02,6
1460501220,1256.03,6
1460501400,1256.03,4
1460501640,1256.03,4
1460501700,1256.08,2
1460501820,1256.19,6
1460501880,1256.08,2
1460501940,1256.03,2
1460502000,1255.93,10
1460502060,1255.69,10
1460502120,1255.69,6
1460502180,1255.82,2
1460502240,1255.88,8
1460502300,1255.82,2
1460502480,1255.82,14
1460502540,1255.83,12
1460502600,1255.82,4
1460502660,1255.83,4
1460502720,1255.93,2
1460502780,1255.93,4
1460502840,1255.90,2
1460502900,1255.99,4
1460502960,1255.84,14
1460503020,1255.89,10
1460503080,1255.93,14
1460503200,1255.99,8
1460503320,1255.94,2
1460503380,1255.80,4
1460503440,1255.60,10
1460503560,1255.59,20
1460503680,1255.30,12
1460503740,1255.20,18
1460503800,1255.00,20
1460503860,1255.23,12
1460503920,1255.39,6
1460503980,1255.09,12
1460504040,1254.90,28
1460504100,1254.64,30
1460504160,1254.70,8
1460504220,1254.48,36
1460504280,1254.31,14
1460504340,1254.42,14
1460504400,1254.47,2
1460504460,1254.21,20
1460504520,1254.18,20
1460504580,1254.27,4
1460504640,1254.27,8
1460504700,1254.67,34
1460504760,1254.39,46
1460504820,1254.61,22
1460504880,1254.52,14
1460504940,1254.48,2
1460505000,1254.31,22
1460505060,1254.52,10
1460505120,1254.47,4
1460505180,1254.41,8
1460505240,1254.41,18
1460505300,1254.39,4
1460505360,1254.41,2
1460505420,1254.40,12
1460505480,1254.23,20
1460505540,1254.18,14
1460505600,1254.27,16
1460505660,1254.68,18
1460505780,1254.35,16
1460505840,1254.52,62
1460505900,1254.71,20
1460505960,1254.64,18
1460506020,1254.61,74
1460506080,1254.97,100
1460506140,1254.96,102
1460506200,1254.93,108
1460506260,1255.19,138
1460506320,1255.07,50
1460506380,1255.22,106
1460506440,1255.20,96
1460506500,1255.16,136
1460506560,1255.24,94
1460506620,1255.37,74
1460506680,1255.37,42
1460506740,1255.47,4
1460506800,1255.67,20
1460506860,1255.97,4
1460506920,1255.87,26
1460506980,1255.97,12
1460507040,1256.39,82
1460507100,1256.52,116
1460507160,1256.43,74
1460507220,1256.40,72
1460507280,1255.88,60
1460507340,1255.99,46
1460507400,1256.07,10
1460507460,1255.99,6
1460507520,1256.02,32
1460507580,1256.06,102
1460507640,1256.12,58
1460507700,1255.81,46
1460507760,1255.28,74
1460507820,1255.39,22
1460507880,1255.21,56
1460507940,1255.10,34
1460508000,1254.89,30
1460508060,1254.82,128
1460508120,1254.74,144
1460508180,1254.78,116
1460508240,1255.10,176
1460508300,1255.11,118
1460508360,1254.91,78
1460508420,1254.89,68
1460508480,1255.19,102
1460508540,1255.20,108
1460508600,1255.27,156
1460508660,1255.30,100
1460508720,1255.32,70
1460508780,1255.24,94
1460508840,1254.89,138
1460508900,1254.91,156
1460508960,1255.11,104
1460509020,1255.09,54
1460509080,1255.28,88
1460509140,1255.24,98
1460509200,1255.73,98
1460509260,1256.31,150
1460509320,1256.02,206
1460509380,1255.97,176
1460509440,1255.77,32
1460509500,1255.31,126
1460509560,1255.42,38
1460509620,1255.77,34
1460509680,1255.29,48
1460509740,1254.88,148
1460509800,1254.70,204
1460509860,1254.38,110
1460509920,1254.71,140
1460509980,1254.58,116
1460510040,1254.66,178
1460510100,1254.74,246
1460510160,1255.07,56
1460510220,1255.37,28
1460510280,1255.60,82
1460510340,1254.87,204
1460510400,1254.53,66
1460510460,1254.49,168
1460510520,1254.66,128
1460510580,1254.93,98
1460510640,1254.80,102
1460510700,1255.29,114
1460510760,1254.70,94
1460510820,1254.67,40
1460510880,1254.76,12
1460510940,1254.71,6
1460511000,1254.57,72
1460511060,1253.97,20
1460511120,1254.07,30
1460511180,1254.42,108
1460511240,1254.44,106
1460511300,1254.62,124
1460511360,1254.37,18
1460511420,1254.40,82
1460511480,1253.99,110
1460511540,1254.12,68
1460511600,1253.69,130
1460511660,1253.82,154
1460511720,1254.09,154
1460511780,1253.39,114
1460511840,1253.54,150
1460511900,1253.84,184
1460511960,1253.59,148
1460512020,1253.44,176
1460512080,1253.51,126
1460512140,1253.42,158
1460512200,1253.42,136
1460512260,1253.15,196
1460512320,1253.40,178
1460512380,1253.60,106
1460512440,1253.55,78
1460512500,1253.60,108
1460512560,1253.52,102
1460512620,1253.53,86
1460512680,1253.47,158
1460512740,1253.70,144
1460512800,1253.99,238
1460512860,1254.12,210
1460512920,1254.02,140
1460512980,1253.70,188
1460513040,1253.76,164
1460513100,1253.77,120
1460513160,1253.74,140
1460513220,1254.03,154
1460513280,1254.16,146
1460513340,1254.00,126
1460513400,1253.96,110
1460513460,1254.08,150
1460513520,1254.06,110
1460513580,1254.15,88
1460513640,1254.18,148
1460513700,1254.05,108
1460513760,1254.01,114
1460513820,1254.01,44
1460513880,1253.61,106
1460513940,1253.54,16
1460514000,1253.26,136
1460514060,1252.95,166
1460514120,1253.16,52
1460514180,1253.35,50
1460514240,1253.43,88
1460514300,1253.42,66
1460514360,1253.32,58
1460514420,1253.36,82
1460514480,1253.23,46
1460514540,1253.44,86
1460514600,1253.50,218
1460514660,1253.49,130
1460514720,1253.57,144
1460514780,1253.55,152
1460514840,1253.48,120
1460514900,1253.31,144
1460514960,1253.04,212
1460515020,1252.72,212
1460515080,1252.97,146
1460515140,1252.78,174
1460515200,1252.63,88
1460515260,1252.29,142
1460515320,1252.62,144
1460515380,1252.55,152
1460515440,1252.44,156
1460515500,1252.64,166
1460515560,1252.68,98
1460515620,1252.44,38
1460515680,1252.41,144
1460515740,1252.09,102
1460515800,1252.00,222
1460515860,1252.30,186
1460515920,1252.66,154
1460515980,1252.25,108
1460516040,1252.30,108
1460516100,1252.08,106
1460516160,1252.38,62
1460516220,1252.39,82
1460516280,1252.21,90
1460516340,1252.21,118
1460516400,1252.22,136
1460516460,1252.26,52
1460516520,1252.36,20
1460516580,1253.12,104
1460516640,1253.11,202
1460516700,1252.88,150
1460516760,1252.83,118
1460516820,1252.46,126
1460516880,1252.45,56
1460516940,1252.47,70
1460517000,1252.54,142
1460517060,1252.46,64
1460517120,1252.38,178
1460517180,1252.57,148
1460517240,1252.75,162
1460517300,1253.05,142
1460517360,1252.92,88
1460517420,1253.00,86
1460517480,1252.84,106
1460517540,1252.81,66
1460517600,1252.76,96
1460517660,1252.44,136
1460517720,1252.63,142
1460517780,1252.56,78
1460517840,1252.73,78
1460517900,1252.56,68
1460517960,1252.58,62
1460518020,1252.69,38
1460518080,1252.54,130
1460518140,1252.55,100
1460518200,1252.67,84
1460518260,1252.68,86
1460518320,1252.68,64
1460518380,1252.84,82
1460518440,1252.76,62
1460518500,1252.68,52
1460518560,1252.67,74
1460518620,1252.88,60
1460518680,1252.81,72
1460518740,1252.70,120
1460518800,1252.76,88
1460518860,1252.93,112
1460518920,1253.02,112
1460518980,1253.01,102
1460519040,1253.14,60
1460519100,1253.23,46
1460519160,1253.07,118
1460519220,1253.24,120
1460519280,1253.23,82
1460519340,1253.43,54
1460519400,1253.36,68
1460519460,1253.16,60
1460519520,1253.05,50
1460519580,1253.04,72
1460519640,1253.03,92
1460519700,1253.04,22
1460519760,1252.97,24
1460519820,1252.99,52
1460519880,1252.97,14
1460519940,1252.99,16
1460520000,1252.89,12
1460520060,1252.79,8
1460520120,1252.59,40
1460520180,1252.79,30
1460520240,1252.75,20
1460520300,1252.75,4
1460520360,1252.42,88
1460520420,1252.29,68
1460520480,1252.22,74
1460520540,1252.18,170
1460520600,1252.26,68
1460520660,1252.47,34
1460520720,1252.59,72
1460520780,1252.39,36
1460520840,1252.30,56
1460520900,1252.43,52
1460520960,1252.32,86
1460521020,1252.23,78
1460521080,1252.29,74
1460521140,1252.29,32
1460521200,1252.40,76
1460521260,1252.49,44
1460521320,1252.53,64
1460521380,1252.42,64
1460521440,1252.42,32
1460521500,1252.50,28
1460521560,1252.52,46
1460521620,1252.52,22
1460521680,1252.42,42
1460521740,1252.44,20
1460521800,1252.63,118
1460521860,1252.38,114
1460521920,1252.50,24
1460521980,1252.35,36
1460522040,1252.23,98
1460522100,1252.13,78
1460522160,1252.02,70
1460522220,1252.05,124
1460522280,1252.13,64
1460522340,1252.14,56
1460522400,1252.20,88
1460522460,1252.10,72
1460522520,1252.21,84
1460522580,1252.12,42
1460522640,1251.91,50
1460522700,1251.93,86
1460522760,1251.92,52
1460522820,1251.92,20
1460522880,1251.67,66
1460522940,1251.66,70
1460523000,1251.72,56
1460523060,1251.82,52
1460523120,1251.76,54
1460523180,1251.82,46
1460523240,1251.84,96
1460523300,1251.92,48
1460523360,1251.86,28
1460523420,1251.92,64
1460523480,1251.91,24
1460523540,1252.03,50
1460523600,1251.59,114
1460523660,1250.65,272
1460523720,1250.33,250
1460523780,1250.19,44
1460523840,1250.59,34
1460523900,1250.49,28
1460523960,1249.80,116
1460524020,1250.14,98
1460524080,1249.84,154
1460524140,1249.72,244
1460524200,1249.64,194
1460524260,1249.22,202
1460524320,1249.33,180
1460524380,1248.95,178
1460524440,1248.26,88
1460524500,1248.46,200
1460524560,1248.45,100
1460524620,1248.80,74
1460524680,1249.07,42
1460524740,1248.96,46
1460524800,1248.71,52
1460524860,1248.90,20
1460524920,1248.81,48
1460524980,1248.74,60
1460525040,1248.71,164
1460525100,1248.71,146
1460525160,1249.05,50
1460525220,1248.90,50
1460525280,1248.90,56
1460525340,1248.70,70
1460525400,1248.77,224
1460525460,1249.35,114
1460525520,1248.90,156
1460525580,1249.00,60
1460525640,1249.32,32
1460525700,1249.32,28
1460525760,1249.62,50
1460525820,1249.32,56
1460525880,1249.32,88
1460525940,1249.28,226
1460526000,1249.24,204
1460526060,1249.30,114
1460526120,1249.50,68
1460526180,1249.70,48
1460526240,1249.40,78
1460526300,1249.21,132
1460526360,1248.92,156
1460526420,1248.89,108
1460526480,1248.98,144
1460526540,1248.98,86
1460526600,1249.05,58
1460526660,1249.06,38
1460526720,1249.08,108
1460526780,1249.07,88
1460526840,1249.09,134
1460526900,1248.93,60
1460526960,1249.16,144
1460527020,1248.71,148
1460527080,1248.70,178
1460527140,1248.58,134
1460527200,1248.43,210
1460527260,1248.36,102
1460527320,1248.79,106
1460527380,1248.40,114
1460527440,1248.57,150
1460527500,1248.61,212
1460527560,1248.36,154
1460527620,1248.36,172
1460527680,1248.46,166
1460527740,1248.30,168
1460527800,1248.57,160
1460527860,1248.27,314
1460527920,1248.07,246
1460527980,1247.91,292
1460528040,1248.03,206
1460528100,1248.72,136
1460528160,1249.18,142
1460528220,1248.86,132
1460528280,1248.78,90
1460528340,1248.68,34
1460528400,1248.80,30
1460528460,1249.08,30
1460528520,1249.29,30
1460528580,1249.02,24
1460528640,1248.73,54
1460528700,1248.68,60
1460528760,1248.59,96
1460528820,1248.59,80
1460528880,1248.70,130
1460528940,1248.11,88
1460529000,1248.09,116
1460529060,1247.82,200
1460529120,1248.08,264
1460529180,1247.82,162
1460529240,1247.67,220
1460529300,1247.64,266
1460529360,1247.85,236
1460529420,1247.58,218
1460529480,1247.17,294
1460529540,1247.37,270
1460529600,1247.92,288
1460529660,1248.34,286
1460529720,1248.39,222
1460529780,1248.45,162
1460529840,1248.65,202
1460529900,1248.64,222
1460529960,1249.11,108
1460530020,1249.14,218
1460530080,1249.20,146
1460530140,1248.64,178
1460530200,1248.63,110
1460530260,1248.85,174
1460530320,1248.92,192
1460530380,1248.93,198
1460530440,1249.30,262
1460530500,1249.41,274
1460530560,1248.29,394
1460530620,1248.21,280
1460530680,1248.32,188
1460530740,1248.29,204
1460530800,1249.40,220
1460530860,1249.25,190
1460530920,1248.47,152
1460530980,1248.91,294
1460531040,1248.77,74
1460531100,1249.11,38
1460531160,1249.07,232
1460531220,1248.96,156
1460531280,1249.08,228
1460531340,1249.27,230
1460531400,1249.20,258
1460531460,1249.32,264
1460531520,1248.91,148
1460531580,1248.91,32
1460531640,1249.02,128
1460531700,1248.87,156
1460531760,1248.73,192
1460531820,1248.74,172
1460531880,1248.41,174
1460531940,1248.16,184
1460532000,1248.21,154
1460532060,1248.31,150
1460532120,1247.96,220
1460532180,1248.22,160
1460532240,1248.32,188
1460532300,1247.82,240
1460532360,1248.18,142
1460532420,1248.65,212
1460532480,1248.34,90
1460532540,1248.57,184
1460532600,1248.63,172
1460532660,1249.03,190
1460532720,1249.08,158
1460532780,1249.29,258
1460532840,1249.01,158
1460532900,1249.09,172
1460532960,1248.80,218
1460533020,1248.91,178
1460533080,1249.20,214
1460533140,1249.23,148
1460533200,1249.37,170
1460533260,1249.84,212
1460533320,1249.69,134
1460533380,1249.87,226
1460533440,1250.26,296
1460533500,1250.15,236
1460533560,1250.21,254
1460533620,1250.07,198
1460533680,1250.05,254
1460533740,1250.10,224
1460533800,1249.81,122
1460533860,1249.51,190
1460533920,1249.41,194
1460533980,1249.45,176
1460534040,1249.23,134
1460534100,1249.22,228
1460534160,1249.02,158
1460534220,1249.11,166
1460534280,1249.25,132
1460534340,1249.39,184
1460534400,1249.26,294
1460534460,1249.91,324
1460534520,1250.08,340
1460534580,1249.98,222
1460534640,1249.98,194
1460534700,1249.62,122
1460534760,1249.63,182
1460534820,1249.63,114
1460534880,1249.34,202
1460534940,1249.39,248
1460535000,1248.97,252
1460535060,1249.19,84
1460535120,1249.25,154
1460535180,1248.96,92
1460535240,1249.56,154
1460535300,1249.41,198
1460535360,1249.00,126
1460535420,1249.21,166
1460535480,1249.21,60
1460535540,1248.85,74
1460535600,1249.02,240
1460535660,1248.97,140
1460535720,1248.81,68
1460535780,1248.53,126
1460535840,1248.05,134
1460535900,1248.04,196
1460535960,1247.64,216
1460536020,1247.67,92
1460536080,1247.57,168
1460536140,1247.27,180
1460536200,1247.50,216
1460536260,1247.24,238
1460536320,1246.61,346
1460536380,1246.90,90
1460536440,1246.70,236
1460536500,1246.65,210
1460536560,1246.60,92
1460536620,1246.82,116
1460536680,1247.14,60
1460536740,1247.05,108
1460536800,1246.71,118
1460536860,1247.10,120
1460536920,1247.17,126
1460536980,1247.17,70
1460537040,1247.10,152
1460537100,1246.60,104
1460537160,1246.70,54
1460537220,1246.73,74
1460537280,1246.74,112
1460537340,1246.70,136
1460537400,1246.31,102
1460537460,1246.43,84
1460537520,1246.44,82
1460537580,1246.40,56
1460537640,1246.34,132
1460537700,1244.90,194
1460537760,1245.10,180
1460537820,1245.10,80
1460537880,1245.46,70
1460537940,1245.30,200
1460538000,1245.03,204
1460538060,1244.74,284
1460538120,1244.97,286
1460538180,1245.20,208
1460538240,1245.41,186
1460538300,1245.68,146
1460538360,1245.53,180
1460538420,1245.31,162
1460538480,1245.43,174
1460538540,1245.42,146
1460538600,1245.34,114
1460538660,1245.40,100
1460538720,1245.03,78
1460538780,1245.03,192
1460538840,1245.07,146
1460538900,1244.95,270
1460538960,1245.04,212
1460539020,1245.53,62
1460539080,1245.63,130
1460539140,1245.72,312
1460539200,1245.73,252
1460539260,1245.71,222
1460539320,1245.61,128
1460539380,1245.62,176
1460539440,1244.94,224
1460539500,1245.12,234
1460539560,1245.02,254
1460539620,1244.71,258
1460539680,1244.68,202
1460539740,1244.77,88
1460539800,1245.13,174
1460539860,1245.73,160
1460539920,1245.60,290
1460539980,1245.30,246
1460540040,1245.90,158
1460540100,1245.83,190
1460540160,1245.75,148
1460540220,1246.14,256
1460540280,1245.99,224
1460540340,1245.71,206
1460540400,1245.44,164
1460540460,1245.51,256
1460540520,1245.55,124
1460540580,1245.45,88
1460540640,1245.29,130
1460540700,1245.03,144
1460540760,1244.77,172
1460540820,1245.13,104
1460540880,1244.95,54
1460540940,1245.01,72
1460541000,1245.01,100
1460541060,1244.87,32
1460541120,1244.87,52
1460541180,1244.82,62
1460541240,1244.82,96
1460541300,1244.75,158
1460541360,1244.99,144
1460541420,1244.85,146
1460541480,1245.00,160
1460541540,1245.10,128
1460541600,1244.75,140
1460541660,1244.86,144
1460541720,1244.46,196
1460541780,1243.86,172
1460541840,1243.78,162
1460541900,1243.66,224
1460541960,1243.79,190
1460542020,1243.41,272
1460542080,1243.79,228
1460542140,1243.66,176
1460542200,1242.95,320
1460542260,1242.89,244
1460542320,1242.99,222
1460542380,1242.64,218
1460542440,1242.92,192
1460542500,1242.10,206
1460542560,1241.97,326
1460542620,1242.46,132
1460542680,1242.89,214
1460542740,1241.98,182
1460542800,1242.82,160
1460542860,1243.42,230
1460542920,1243.85,220
1460542980,1244.13,252
1460543040,1244.03,244
1460543100,1244.31,234
1460543160,1244.47,232
1460543220,1244.31,172
1460543280,1244.53,192
1460543340,1244.13,174
1460543400,1243.75,282
1460543460,1243.86,210
1460543520,1243.85,162
1460543580,1244.17,94
1460543640,1244.30,62
1460543700,1244.23,170
1460543760,1244.29,80
1460543820,1244.13,162
1460543880,1244.10,224
1460543940,1243.73,188
1460544000,1243.45,140
1460544060,1243.42,186
1460544120,1243.45,124
1460544180,1243.47,130
1460544240,1244.00,200
1460544300,1243.46,186
1460544360,1243.59,168
1460544420,1243.55,132
1460544480,1242.94,154
1460544540,1242.86,114
1460544600,1242.71,206
1460544660,1242.18,294
1460544720,1242.75,160
1460544780,1242.94,114
1460544840,1243.22,198
1460544900,1243.22,144
1460544960,1241.77,292
1460545020,1241.62,240
1460545080,1240.41,408
1460545140,1241.17,258
1460545200,1241.37,100
1460545260,1241.27,54
1460545320,1241.91,168
1460545380,1242.35,248
1460545440,1242.21,134
1460545500,1242.18,182
1460545560,1242.24,150
1460545620,1242.64,258
1460545680,1242.64,194
1460545740,1242.86,176
1460545800,1242.95,234
1460545860,1242.64,162
1460545920,1241.96,86
1460545980,1242.05,120
1460546040,1241.96,134
1460546100,1241.93,128
1460546160,1241.73,138
1460546220,1241.69,54
1460546280,1241.66,112
1460546340,1241.66,118
1460546400,1241.37,144
1460546460,1241.89,58
1460546520,1241.76,54
1460546580,1241.98,64
1460546640,1242.23,80
1460546700,1242.22,70
1460546760,1242.05,44
1460546820,1242.15,16
1460546880,1242.31,42
1460546940,1241.71,58
1460547000,1241.00,106
1460547060,1241.70,94
1460547120,1241.79,34
1460547180,1242.15,42
1460547240,1241.81,58
1460547300,1241.56,40
1460547360,1241.81,196
1460547420,1241.86,48
1460547480,1241.80,14
1460547540,1242.09,76
1460547600,1242.12,92
1460547660,1241.27,76
1460547720,1240.18,252
1460547780,1240.74,198
1460547840,1240.97,64
1460547900,1241.07,94
1460547960,1241.18,56
1460548020,1240.90,18
1460548080,1240.84,40
1460548140,1240.89,50
1460548200,1241.10,88
1460548260,1240.83,50
1460548320,1240.54,68
1460548380,1241.00,48
1460548440,1241.10,174
1460548500,1241.14,174
1460548560,1241.36,130
1460548620,1241.58,118
1460548680,1241.77,120
1460548740,1241.98,152
1460548800,1241.51,190
1460548860,1241.85,188
1460548920,1242.01,180
1460548980,1242.31,244
1460549040,1242.99,206
1460549100,1243.28,138
1460549160,1243.40,224
1460549220,1243.63,240
1460549280,1243.90,222
1460549340,1243.81,180
1460549400,1243.70,168
1460549460,1243.73,208
1460549520,1243.77,272
1460549580,1243.53,238
1460549640,1243.19,268
1460549700,1242.99,200
1460549760,1242.91,64
1460549820,1242.89,114
1460549880,1242.65,168
1460549940,1242.45,222
1460550000,1244.55,316
1460550060,1244.78,260
1460550120,1244.35,264
1460550180,1243.41,240
1460550240,1243.38,160
1460550300,1243.48,140
1460550360,1243.44,100
1460550420,1243.42,40
1460550480,1242.81,126
1460550540,1242.63,128
1460550600,1245.31,398
1460550660,1246.11,436
1460550720,1245.36,262
1460550780,1245.59,216
1460550840,1246.00,146
1460550900,1247.25,330
1460550960,1247.33,308
1460551020,1247.89,244
1460551080,1247.13,220
1460551140,1246.73,184
1460551200,1246.60,234
1460551260,1246.40,250
1460551320,1246.98,334
1460551380,1246.84,314
1460551440,1245.97,300
1460551500,1246.15,176
1460551560,1245.66,250
1460551620,1245.16,254
1460551680,1244.78,136
1460551740,1244.31,302
1460551800,1244.59,306
1460551860,1244.74,230
1460551920,1244.60,128
1460551980,1245.47,176
1460552040,1245.17,176
1460552100,1245.57,104
1460552160,1246.00,126
1460552220,1246.04,42
1460552280,1246.17,258
1460552340,1246.37,260
1460552400,1248.04,244
1460552460,1247.59,408
1460552520,1247.86,244
1460552580,1246.99,328
1460552640,1247.18,122
1460552700,1247.46,74
1460552760,1247.93,240
1460552820,1248.22,334
1460552880,1248.13,226
1460552940,1247.73,120
1460553000,1247.40,192
1460553060,1247.14,208
1460553120,1247.23,222
1460553180,1246.73,240
1460553240,1246.93,260
1460553300,1247.05,172
1460553360,1247.23,162
1460553420,1247.80,206
1460553480,1248.36,284
1460553540,1249.75,306
1460553600,1249.92,232
1460553660,1249.21,350
1460553720,1248.78,174
1460553780,1248.71,166
1460553840,1249.28,160
1460553900,1249.91,138
1460553960,1249.69,250
1460554020,1250.40,300
1460554080,1249.82,146
1460554140,1249.08,252
1460554200,1249.15,300
1460554260,1249.14,264
1460554320,1248.40,262
1460554380,1248.81,166
1460554440,1249.03,204
1460554500,1248.22,356
1460554560,1248.29,334
1460554620,1248.20,396
1460554680,1247.91,382
1460554740,1248.18,178
1460554800,1248.41,148
1460554860,1247.92,232
1460554920,1248.17,324
1460554980,1248.07,362
1460555040,1247.95,436
1460555100,1247.18,396
1460555160,1247.28,396
1460555220,1246.97,326
1460555280,1246.85,286
1460555340,1244.82,420
1460555400,1243.21,398
1460555460,1243.25,462
1460555520,1243.80,424
1460555580,1244.11,394
1460555640,1244.18,308
1460555700,1244.39,226
1460555760,1244.72,214
1460555820,1245.03,70
1460555880,1244.90,114
1460555940,1245.29,84
1460556000,1245.39,296
1460556060,1245.74,402
1460556120,1245.69,270
1460556180,1245.89,236
1460556240,1246.19,180
1460556300,1245.72,154
1460556360,1245.69,150
1460556420,1245.84,70
1460556480,1245.83,148
1460556540,1246.19,134
1460556600,1246.99,170
1460556660,1247.30,186
1460556720,1247.61,170
1460556780,1247.50,114
1460556840,1247.21,140
1460556900,1247.40,118
1460556960,1247.99,160
1460557020,1248.29,148
1460557080,1248.45,174
1460557140,1248.08,194
1460557200,1247.88,182
1460557260,1247.67,94
1460557320,1247.89,114
1460557380,1247.59,120
1460557440,1247.62,194
1460557500,1247.61,116
1460557560,1247.57,130
1460557620,1247.09,194
1460557680,1247.29,50
1460557740,1247.86,92
1460557800,1248.39,244
1460557860,1247.49,248
1460557920,1247.30,266
1460557980,1246.89,270
1460558040,1247.21,300
1460558100,1247.09,214
1460558160,1247.30,186
1460558220,1247.04,266
1460558280,1247.66,374
1460558340,1247.42,256
1460558400,1247.61,204
1460558460,1247.54,214
1460558520,1246.99,278
1460558580,1247.30,240
1460558640,1247.40,304
1460558700,1248.22,204
1460558760,1248.67,290
1460558820,1248.76,380
1460558880,1248.59,354
1460558940,1248.31,308
1460559000,1248.06,326
1460559060,1248.10,198
1460559120,1248.58,190
1460559180,1249.08,296
1460559240,1248.48,214
1460559300,1248.08,122
1460559360,1248.29,194
1460559420,1247.70,178
1460559480,1247.46,304
1460559540,1247.89,292
1460559600,1248.29,274
1460559660,1248.49,282
1460559720,1248.68,274
1460559780,1248.68,186
1460559840,1248.00,242
1460559900,1248.06,178
1460559960,1248.23,178
1460560020,1248.08,128
1460560080,1247.98,158
1460560140,1247.57,212
1460560200,1247.10,134
1460560260,1246.49,130
1460560320,1246.77,224
1460560380,1246.72,148
1460560440,1246.97,114
1460560500,1245.96,158
1460560560,1245.70,90
1460560620,1245.52,92
1460560680,1245.44,110
1460560740,1245.96,74
1460560800,1245.84,150
1460560860,1245.34,98
1460560920,1245.38,78
1460560980,1245.64,76
1460561040,1245.94,32
1460561100,1246.25,58
1460561160,1246.21,60
1460561220,1246.16,126
1460561280,1245.84,186
1460561340,1245.14,210
1460561400,1244.54,94
1460561460,1244.38,154
1460561520,1244.13,80
1460561580,1244.45,64
1460561640,1244.04,92
1460561700,1243.90,118
1460561760,1244.26,142
1460561820,1244.26,42
1460561880,1244.36,44
1460561940,1244.76,52
1460562000,1244.46,88
1460562060,1244.69,40
1460562120,1244.98,30
1460562180,1244.87,38
1460562240,1244.96,38
1460562300,1244.98,34
1460562360,1244.88,38
1460562420,1244.67,28
1460562480,1244.41,48
1460562540,1244.37,44
1460562600,1244.57,38
1460562660,1243.37,110
1460562720,1244.07,92
1460562780,1244.97,74
1460562840,1245.17,84
1460562900,1245.67,62
1460562960,1245.27,56
1460563020,1245.51,50
1460563080,1245.21,64
1460563140,1245.17,86
1460563200,1244.71,86
1460563260,1245.17,34
1460563320,1245.37,48
1460563380,1245.27,14
1460563440,1245.46,32
1460563500,1245.76,40
1460563560,1246.36,48
1460563620,1246.06,34
1460563680,1245.76,34
1460563740,1245.76,26
1460563800,1245.80,28
1460563860,1245.70,34
1460563920,1245.66,38
1460563980,1245.76,42
1460564040,1245.80,28
1460564100,1245.52,28
1460564160,1245.26,42
1460564220,1244.44,68
1460564280,1244.94,70
1460564340,1245.44,34
1460564400,1246.04,70
1460564460,1245.80,92
1460564520,1246.30,60
1460564580,1246.10,58
1460564640,1245.89,30
1460564700,1246.09,38
1460564760,1245.51,118
1460564820,1245.39,118
1460564880,1245.33,64
1460564940,1245.29,32
1460565000,1245.29,64
1460565060,1245.29,64
1460565120,1244.99,52
1460565180,1244.79,30
1460565240,1245.13,54
1460565300,1245.09,88
1460565360,1245.19,20
1460565420,1245.09,58
1460565480,1245.29,82
1460565540,1246.03,52
1460565600,1245.49,82
1460565660,1245.39,58
1460565720,1245.29,16
1460565780,1245.39,46
1460565840,1245.09,24
1460565900,1245.47,38
1460565960,1245.67,98
1460566020,1245.67,36
1460566080,1245.37,48
1460566140,1245.27,76
1460566200,1245.37,26
1460566260,1245.67,38
1460566320,1245.37,54
1460566380,1245.72,16
1460566440,1246.37,52
1460566500,1246.49,68
1460566560,1246.33,36
1460566620,1246.47,70
1460566680,1246.18,118
1460566740,1246.23,62
1460566800,1246.38,36
1460566860,1247.17,42
1460566920,1246.77,104
1460566980,1246.73,80
1460567040,1246.57,16
1460567100,1246.47,28
1460567160,1246.77,28
1460567220,1246.37,26
1460567280,1246.71,42
1460567340,1246.37,70
1460567400,1246.57,72
1460567460,1246.37,32
1460567520,1246.57,36
1460567580,1246.57,28
1460567640,1246.77,18
1460567700,1246.22,28
1460567760,1246.27,16
1460567820,1246.47,20
1460567880,1246.27,40
1460567940,1246.17,32
1460568000,1245.87,52
1460568060,1245.62,38
1460568120,1245.87,68
1460568180,1245.27,92
1460568240,1245.17,154
1460568300,1245.87,100
1460568360,1245.97,66
1460568420,1245.92,68
1460568480,1246.57,74
1460568540,1246.27,152
1460568600,1246.67,66
1460568660,1246.57,28
1460568720,1246.67,50
1460568780,1246.47,48
1460568840,1246.37,30
1460568900,1246.67,18
1460568960,1247.07,50
1460569020,1247.02,34
1460569080,1246.87,42
1460569140,1246.77,32
1460569200,1246.37,22
1460569260,1246.27,26
1460569320,1246.12,26
1460569380,1246.47,14
1460569440,1246.52,24
1460569500,1246.82,42
1460569560,1246.66,36
1460569620,1246.72,6
1460569680,1246.62,26
1460569740,1246.72,12
1460569800,1246.72,18
1460569860,1247.02,14
1460569920,1247.02,66
1460569980,1246.93,42
1460570040,1247.02,12
1460570100,1247.06,10
1460570160,1246.92,42
1460570220,1246.86,14
1460570280,1246.69,40
1460570340,1246.75,64
1460570400,1246.55,78
1460570460,1246.69,46
1460570520,1246.75,46
1460570580,1246.65,56
1460570640,1246.55,36
1460570700,1246.45,44
1460570760,1246.45,4
1460570820,1246.45,16
1460570880,1246.65,26
1460570940,1246.25,56
1460571000,1246.45,26
1460571060,1246.55,22
1460571120,1246.39,62
1460571180,1246.19,36
1460571240,1246.25,44
1460571300,1246.25,36
1460571360,1246.39,36
1460571420,1246.35,30
1460571480,1246.35,24
1460571540,1246.55,30
1460571600,1246.35,20
1460571660,1246.65,26
1460571720,1246.65,24
1460571780,1246.75,36
1460571840,1246.65,30
1460571900,1246.75,14
1460571960,1246.65,36
1460572020,1246.45,16
1460572080,1246.50,28
1460572140,1246.29,44
1460572200,1246.29,24
1460572260,1246.19,12
1460572320,1245.99,6
1460572380,1245.99,8
1460572440,1245.89,8
1460572500,1245.73,26
1460572560,1246.05,16
1460572620,1246.15,6
1460572680,1246.33,12
1460572740,1246.13,4
1460572800,1246.23,10
1460572860,1246.13,24
1460572980,1245.87,18
1460573040,1246.03,14
1460573100,1245.77,6
1460573160,1245.77,18
1460573220,1245.93,20
1460573280,1246.03,2
1460573340,1245.93,6
1460573400,1246.17,28
1460573460,1246.13,8
1460573520,1246.33,16
1460573580,1245.83,52
1460573640,1245.73,36
1460573700,1245.53,32
1460573760,1244.48,94
1460573820,1244.37,56
1460573880,1244.37,42
1460573940,1243.88,34
1460574000,1243.77,16
1460574060,1243.63,174
1460574120,1243.53,118
1460574180,1243.66,60
1460574240,1243.63,54
1460574300,1244.06,46
1460574360,1244.23,14
1460574420,1244.23,12
1460574480,1244.02,6
1460574540,1243.82,6
1460574600,1242.89,36
1460574660,1242.09,266
1460574720,1242.07,154
1460574780,1242.07,44
1460574840,1241.92,50
1460574900,1241.92,78
1460574960,1241.35,128
1460575020,1241.31,190
1460575080,1241.24,136
1460575140,1241.82,58
1460575200,1242.02,18
1460575260,1241.81,4
1460575320,1241.87,10
1460575380,1241.56,102
1460575440,1241.04,118
1460575500,1241.24,70
1460575560,1241.74,64
1460575620,1241.84,14
1460575680,1242.47,128
1460575740,1242.24,92
1460575800,1242.24,32
1460575860,1242.08,20
1460575920,1242.24,10
1460575980,1242.14,14
1460576040,1242.02,20
1460576100,1242.16,18
1460576160,1242.22,22
1460576220,1242.02,54
1460576280,1242.16,16
1460576340,1242.22,22
1460576400,1242.92,38
1460576460,1242.82,16
1460576520,1242.92,10
1460576580,1242.92,28
1460576640,1243.12,30
1460576700,1243.46,48
1460576760,1243.82,56
1460576820,1243.42,10
1460576880,1243.32,18
1460576940,1242.98,114
1460577000,1242.82,86
1460577060,1242.86,28
1460577120,1242.32,26
1460577180,1242.49,166
1460577240,1241.84,220
1460577300,1241.59,180
1460577360,1241.42,128
1460577420,1242.17,240
1460577480,1243.08,208
1460577540,1243.05,246
1460577600,1243.02,124
1460577660,1243.16,54
1460577720,1242.93,60
1460577780,1242.76,38
1460577840,1242.72,18
1460577900,1242.93,30
1460577960,1243.06,22
1460578020,1242.66,38
1460578080,1242.58,34
1460578140,1242.56,44
1460578200,1242.56,50
1460578260,1242.46,34
1460578320,1242.37,56
1460578380,1242.27,32
1460578440,1242.63,32
1460578500,1242.56,2
1460578560,1242.52,12
1460578620,1242.47,2
1460578680,1242.56,14
1460578740,1242.62,6
1460578800,1242.66,6
1460578860,1242.56,4
1460578920,1242.46,36
1460578980,1242.43,12
1460579040,1242.56,8
1460579160,1242.63,6
1460579220,1242.87,8
1460579280,1243.02,12
1460579340,1242.88,42
1460579400,1242.86,6
1460579460,1243.06,8
1460579520,1242.95,16
1460579580,1242.81,10
1460579640,1242.95,8
1460579700,1242.91,2
1460579760,1242.85,2
1460579820,1242.85,6
1460579940,1242.91,8
1460580000,1242.81,8
1460580060,1242.91,2
1460580120,1243.01,4
1460580180,1243.01,4
1460580240,1243.05,4
1460580300,1243.05,10
1460580420,1243.06,6
1460580480,1243.21,6
1460580540,1243.30,22
1460580600,1243.29,8
1460580660,1243.19,6
1460580720,1243.29,2
1460580780,1243.25,2
1460580840,1243.19,2
1460580900,1242.97,14
1460580960,1243.09,6
1460581020,1242.87,24
1460581080,1242.57,10
1460584800,1241.69,46
1460584860,1242.30,38
1460584920,1242.30,16
1460584980,1242.40,4
1460585040,1242.34,10
1460585100,1242.68,18
1460585160,1242.60,24
1460585280,1242.60,24
1460585340,1242.48,12
1460585400,1242.47,4
1460585460,1242.64,10
1460585520,1242.77,2
1460585580,1242.67,16
1460585700,1242.74,10
1460585760,1242.67,18
1460585820,1242.53,10
1460585880,1242.48,2
1460586000,1242.74,6
1460586060,1242.64,8
1460586120,1242.74,4
1460586240,1242.77,6
1460586300,1242.84,2
1460586420,1242.64,2
1460586480,1242.57,6
1460586540,1242.43,2
1460586600,1242.24,22
1460586660,1241.94,14
1460586720,1241.94,16
1460586780,1241.97,2
1460586840,1241.90,6
1460586900,1242.03,10
1460586960,1242.14,6
1460587020,1241.98,4
1460587080,1241.97,2
1460587140,1242.03,2
1460587200,1241.97,16
1460587260,1242.03,6
1460587320,1241.43,12
1460587380,1241.41,10
1460587440,1241.28,30
1460587500,1241.17,32
1460587560,1240.74,22
1460587620,1240.53,48
1460587680,1240.39,68
1460587740,1240.76,26
1460587800,1240.96,28
1460587860,1240.96,22
1460587920,1241.37,72
1460587980,1241.18,32
1460588040,1241.25,10
1460588100,1241.25,10
1460588160,1241.15,22
1460588220,1241.41,20
1460588280,1241.46,26
1460588340,1241.56,14
1460588400,1241.26,22
1460588460,1241.15,8
1460588520,1241.26,2
1460588580,1241.45,8
1460588640,1241.06,14
1460588700,1240.90,12
1460588760,1240.83,14
1460588820,1240.79,10
1460588880,1240.85,4
1460588940,1240.85,6
1460589000,1240.95,4
1460589060,1240.89,14
1460589120,1240.78,16
1460589180,1240.85,36
1460589240,1240.89,58
1460589300,1240.90,58
1460589360,1241.00,70
1460589420,1241.08,46
1460589480,1241.06,18
1460589540,1241.15,18
1460589600,1241.27,16
1460589660,1241.31,32
1460589720,1241.45,12
1460589780,1241.54,32
1460589840,1241.53,8
1460589960,1241.64,10
1460590080,1241.53,18
1460590140,1241.53,14
1460590200,1241.41,40
1460590260,1241.22,44
1460590320,1241.36,72
1460590380,1241.39,46
1460590440,1241.28,34
1460590500,1241.34,30
1460590560,1241.34,26
1460590620,1241.58,58
1460590680,1241.73,74
1460590740,1241.74,32
1460590860,1241.85,58
1460590920,1241.99,38
1460590980,1242.04,72
1460591040,1242.17,32
1460591100,1242.13,22
1460591160,1242.24,26
1460591220,1241.90,36
1460591280,1241.79,48
1460591340,1241.75,28
1460591400,1241.80,18
1460591460,1241.77,52
1460591520,1241.53,92
1460591580,1241.36,78
1460591640,1241.16,76
1460591700,1241.21,74
1460591760,1241.18,40
1460591820,1240.97,64
1460591880,1240.84,76
1460591940,1241.04,138
1460592000,1241.33,156
1460592060,1241.51,172
1460592120,1241.36,62
1460592180,1241.45,172
1460592240,1241.09,142
1460592300,1241.28,110
1460592360,1241.08,110
1460592420,1240.96,58
1460592480,1241.08,90
1460592540,1240.98,86
1460592600,1240.87,92
1460592660,1240.74,74
1460592720,1240.66,122
1460592780,1240.66,98
1460592840,1240.74,122
1460592900,1240.82,88
1460592960,1240.72,96
1460593020,1240.48,178
1460593080,1240.48,64
1460593140,1240.40,122
1460593200,1240.45,124
1460593260,1239.86,188
1460593320,1233.57,192
1460593380,1233.45,168
1460593440,1235.08,138
1460593500,1235.36,150
1460593560,1234.01,212
1460593620,1234.08,144
1460593680,1233.98,120
1460593740,1233.92,176
1460593800,1233.81,72
1460593860,1234.41,46
1460593920,1234.95,74
1460593980,1235.01,50
1460594040,1234.55,64
1460594100,1234.31,48
1460594160,1233.79,112
1460594220,1233.95,60
1460594280,1233.31,156
1460594340,1233.31,80
1460594400,1233.71,70
1460594460,1234.03,60
1460594520,1234.01,128
1460594580,1234.11,60
1460594640,1234.11,56
1460594700,1233.93,78
1460594760,1233.41,90
1460594820,1233.51,96
1460594880,1233.51,54
1460594940,1233.01,36
1460595000,1233.01,68
1460595060,1233.74,34
1460595120,1233.54,38
1460595180,1234.14,76
1460595240,1234.24,24
1460595300,1233.98,54
1460595360,1234.04,14
1460595420,1233.81,56
1460595480,1233.83,54
1460595540,1234.49,128
1460595600,1234.89,234
1460595660,1235.78,128
1460595720,1236.05,128
1460595780,1235.70,98
1460595840,1235.34,96
1460595900,1234.98,98
1460595960,1234.94,44
1460596020,1234.64,58
1460596080,1235.24,46
1460596140,1235.04,30
1460596200,1234.65,70
1460596260,1234.84,86
1460596320,1234.54,82
1460596380,1233.68,108
1460596440,1233.84,144
1460596500,1233.38,102
1460596560,1232.68,254
1460596620,1232.15,294
1460596680,1231.90,136
1460596740,1232.08,64
1460596800,1232.34,74
1460596860,1232.20,42
1460596920,1231.71,64
1460596980,1231.63,68
1460597040,1231.43,50
1460597100,1231.04,64
1460597160,1230.84,40
1460597220,1230.78,48
1460597280,1230.46,74
1460597340,1230.28,82
1460597400,1229.89,112
1460597460,1229.94,86
1460597520,1229.83,126
1460597580,1230.84,154
1460597640,1230.74,108
1460597700,1231.44,120
1460597760,1231.41,94
1460597820,1231.60,62
1460597880,1231.43,56
1460597940,1231.18,46
1460598000,1231.14,50
1460598060,1231.24,8
1460598120,1231.54,24
1460598180,1231.34,38
1460598240,1231.54,52
1460598300,1231.44,34
1460598360,1231.24,36
1460598420,1231.74,44
1460598480,1231.94,46
1460598540,1231.84,40
1460598600,1231.58,134
1460598660,1231.70,48
1460598720,1231.47,46
1460598780,1231.24,154
1460598840,1231.40,136
1460598900,1231.44,126
1460598960,1231.99,184
1460599020,1232.61,108
1460599080,1232.79,148
1460599140,1232.84,142
1460599200,1232.51,92
1460599260,1232.37,38
1460599320,1232.70,50
1460599380,1233.02,60
1460599440,1233.14,92
1460599500,1233.04,120
1460599560,1233.24,64
1460599620,1233.34,68
1460599680,1233.20,50
1460599740,1233.04,96
1460599800,1232.64,144
1460599860,1232.84,130
1460599920,1232.74,60
1460599980,1232.39,64
1460600040,1232.13,130
1460600100,1232.24,52
1460600160,1232.24,32
1460600220,1232.43,88
1460600280,1232.04,62
1460600340,1232.14,72
1460600400,1232.29,30
1460600460,1232.44,32
1460600520,1232.54,26
1460600580,1232.40,40
1460600640,1232.34,114
1460600700,1232.96,196
1460600760,1232.97,24
1460600820,1233.01,102
1460600880,1232.68,156
1460600940,1232.78,168
1460601000,1233.13,224
1460601060,1233.35,148
1460601120,1233.43,84
1460601180,1233.23,86
1460601240,1233.06,104
1460601300,1233.08,102
1460601360,1233.05,72
1460601420,1233.34,110
1460601480,1233.19,92
1460601540,1233.07,34
1460601600,1233.13,84
1460601660,1233.11,94
1460601720,1233.25,110
1460601780,1233.32,116
1460601840,1233.18,114
1460601900,1233.07,74
1460601960,1233.14,20
1460602020,1233.14,54
1460602080,1233.17,64
1460602140,1233.13,42
1460602200,1233.36,26
1460602260,1233.33,24
1460602320,1233.42,38
1460602380,1233.26,30
1460602440,1233.22,18
1460602500,1233.04,10
1460602560,1232.97,22
1460602620,1232.57,42
1460602680,1232.72,114
1460602740,1232.73,66
1460602800,1232.65,98
1460602860,1232.64,66
1460602920,1232.57,198
1460602980,1232.72,108
1460603040,1232.52,180
1460603100,1232.21,28
1460603160,1232.20,70
1460603220,1232.30,22
1460603280,1232.42,14
1460603340,1232.42,46
1460603400,1232.44,50
1460603460,1232.38,88
1460603520,1232.45,68
1460603580,1232.60,12
1460603640,1232.67,80
1460603700,1232.55,152
1460603760,1232.62,114
1460603820,1232.66,92
1460603880,1232.65,56
1460603940,1232.66,108
1460604000,1232.68,90
1460604060,1232.73,182
1460604120,1232.95,78
1460604180,1232.86,54
1460604240,1232.86,72
1460604300,1233.11,134
1460604360,1232.95,94
1460604420,1233.03,100
1460604480,1233.04,48
1460604540,1233.52,72
1460604600,1233.23,96
1460604660,1233.13,112
1460604720,1233.24,42
1460604780,1233.02,32
1460604840,1232.99,10
1460604900,1232.89,2
1460604960,1232.77,18
1460605020,1232.51,24
1460605080,1232.12,82
1460605140,1232.22,10
1460605200,1232.05,62
1460605260,1232.04,108
1460605320,1232.05,80
1460605380,1231.93,86
1460605440,1232.15,104
1460605500,1232.33,56
1460605560,1232.49,28
1460605620,1232.56,28
1460605680,1232.65,26
1460605740,1232.63,26
1460605800,1232.47,36
1460605860,1232.48,94
1460605920,1232.55,122
1460605980,1232.58,92
1460606040,1232.53,44
1460606100,1232.64,82
1460606160,1232.50,32
1460606220,1232.39,58
1460606280,1232.83,68
1460606340,1232.82,84
1460606400,1232.72,84
1460606460,1232.70,12
1460606520,1232.68,66
1460606580,1232.94,104
1460606640,1232.85,66
1460606700,1232.80,60
1460606760,1232.77,52
1460606820,1232.96,50
1460606880,1232.98,104
1460606940,1233.03,108
1460607000,1232.97,116
1460607060,1232.95,86
1460607120,1232.94,130
1460607180,1233.06,92
1460607240,1233.14,62
1460607300,1233.06,90
1460607360,1233.12,66
1460607420,1233.08,72
1460607480,1233.08,20
1460607540,1233.27,30
1460607600,1233.38,88
1460607660,1233.35,108
1460607720,1233.25,102
1460607780,1233.27,82
1460607840,1233.26,44
1460607900,1233.24,58
1460607960,1233.17,54
1460608020,1233.08,78
1460608080,1233.17,60
1460608140,1233.05,84
1460608200,1233.14,66
1460608260,1233.07,32
1460608320,1233.14,32
1460608380,1233.07,52
1460608440,1232.96,56
1460608500,1233.02,28
1460608560,1232.95,62
1460608620,1233.05,64
1460608680,1232.95,84
1460608740,1232.87,50
1460608800,1232.34,128
1460608860,1232.48,108
1460608920,1232.50,28
1460608980,1232.64,54
1460609040,1232.61,50
1460609100,1232.55,38
1460609160,1232.61,8
1460609220,1232.73,54
1460609280,1232.83,58
1460609340,1232.95,32
1460609400,1233.23,86
1460609460,1233.12,28
1460609520,1233.07,22
1460609580,1233.14,64
1460609640,1233.07,58
1460609700,1233.07,24
1460609760,1233.01,68
1460609820,1232.97,60
1460609880,1233.05,40
1460609940,1233.13,46
1460610000,1232.99,140
1460610060,1233.17,58
1460610120,1233.13,110
1460610180,1233.24,68
1460610240,1233.24,60
1460610300,1233.65,100
1460610360,1234.08,162
1460610420,1234.17,122
1460610480,1234.41,176
1460610540,1234.30,172
1460610600,1234.74,150
1460610660,1234.40,212
1460610720,1234.25,156
1460610780,1234.55,148
1460610840,1234.68,198
1460610900,1234.94,128
1460610960,1234.85,198
1460611020,1234.64,70
1460611080,1234.74,12
1460611140,1234.18,82
1460611200,1233.93,90
1460611260,1234.06,148
1460611320,1234.21,72
1460611380,1234.24,34
1460611440,1234.15,84
1460611500,1234.06,10
1460611560,1234.23,132
1460611620,1234.25,26
1460611680,1234.47,70
1460611740,1234.31,164
1460611800,1234.24,76
1460611860,1234.29,18
1460611920,1233.93,78
1460611980,1233.93,22
1460612040,1233.77,92
1460612100,1233.65,132
1460612160,1233.75,116
1460612220,1233.63,96
1460612280,1233.80,76
1460612340,1233.93,54
1460612400,1234.25,28
1460612460,1234.14,8
1460612520,1234.34,24
1460612580,1234.43,74
1460612640,1234.28,132
1460612700,1234.13,132
1460612760,1234.14,88
1460612820,1234.24,80
1460612880,1234.13,140
1460612940,1234.28,76
1460613000,1234.34,82
1460613060,1234.33,70
1460613120,1234.43,70
1460613180,1234.24,52
1460613240,1234.23,94
1460613300,1234.23,78
1460613360,1233.93,52
1460613420,1234.29,88
1460613480,1234.56,56
1460613540,1234.55,94
1460613600,1234.35,158
1460613660,1234.26,186
1460613720,1234.26,206
1460613780,1234.35,120
1460613840,1234.15,70
1460613900,1234.26,114
1460613960,1234.35,72
1460614020,1234.45,38
1460614080,1234.25,70
1460614140,1234.35,28
1460614200,1234.66,98
1460614260,1234.36,164
1460614320,1234.56,120
1460614380,1234.73,144
1460614440,1234.75,98
1460614500,1234.79,58
1460614560,1234.74,180
1460614620,1234.66,150
1460614680,1234.46,172
1460614740,1234.47,104
1460614800,1234.38,78
1460614860,1234.22,54
1460614920,1234.24,112
1460614980,1234.14,74
1460615040,1234.46,152
1460615100,1234.24,14
1460615160,1234.39,40
1460615220,1234.54,42
1460615280,1234.74,84
1460615340,1235.22,160
1460615400,1233.82,106
1460615460,1233.67,34
1460615520,1233.13,120
1460615580,1232.53,166
1460615640,1232.64,248
1460615700,1232.03,218
1460615760,1232.42,184
1460615820,1232.67,222
1460615880,1232.97,248
1460615940,1232.54,170
1460616000,1232.77,196
1460616060,1233.35,148
1460616120,1233.13,30
1460616180,1233.36,86
1460616240,1233.35,126
1460616300,1233.55,94
1460616360,1233.65,122
1460616420,1234.16,142
1460616480,1233.87,92
1460616540,1234.06,28
1460616600,1234.16,22
1460616660,1234.37,44
1460616720,1234.47,38
1460616780,1234.54,122
1460616840,1234.67,106
1460616900,1234.87,94
1460616960,1234.77,90
1460617020,1234.64,130
1460617080,1235.17,140
1460617140,1235.20,104
1460617200,1234.47,90
1460617260,1234.38,100
1460617320,1234.37,116
1460617380,1234.52,164
1460617440,1234.10,184
1460617500,1234.18,68
1460617560,1233.84,42
1460617620,1233.12,168
1460617680,1233.67,116
1460617740,1233.57,64
1460617800,1234.19,168
1460617860,1234.27,194
1460617920,1233.87,170
1460617980,1233.81,214
1460618040,1233.81,172
1460618100,1233.60,78
1460618160,1233.67,148
1460618220,1233.77,54
1460618280,1233.93,106
1460618340,1233.87,194
1460618400,1233.47,108
1460618460,1233.77,208
1460618520,1233.44,36
1460618580,1233.58,226
1460618640,1233.50,220
1460618700,1233.65,154
1460618760,1234.21,182
1460618820,1234.05,176
1460618880,1234.28,180
1460618940,1234.40,140
1460619000,1234.57,208
1460619060,1234.90,190
1460619120,1239.02,188
1460619180,1239.43,224
1460619240,1239.43,118
1460619300,1238.33,232
1460619360,1238.63,172
1460619420,1238.12,164
1460619480,1238.92,248
1460619540,1238.61,138
1460619600,1238.61,46
1460619660,1238.06,78
1460619720,1238.16,106
1460619780,1238.31,58
1460619840,1238.40,66
1460619900,1238.46,62
1460619960,1238.90,62
1460620020,1239.04,42
1460620080,1239.41,146
1460620140,1239.30,242
1460620200,1240.10,114
1460620260,1239.79,66
1460620320,1239.79,70
1460620380,1240.34,182
1460620440,1239.80,136
1460620500,1240.10,34
1460620560,1240.80,28
1460620620,1240.04,152
1460620680,1239.50,68
1460620740,1239.30,84
1460620800,1239.90,100
1460620860,1239.54,86
1460620920,1239.40,92
1460620980,1239.08,162
1460621040,1239.30,226
1460621100,1239.31,134
1460621160,1239.30,64
1460621220,1239.54,46
1460621280,1240.20,60
1460621340,1243.51,264
1460621400,1242.85,312
1460621460,1241.94,180
1460621520,1242.06,90
1460621580,1241.85,114
1460621640,1241.86,114
1460621700,1241.64,134
1460621760,1241.70,134
1460621820,1241.40,54
1460621880,1241.19,84
1460621940,1241.34,124
1460622000,1241.00,56
1460622060,1240.80,64
1460622120,1240.54,116
1460622180,1240.10,238
1460622240,1239.91,174
1460622300,1239.86,172
1460622360,1239.70,134
1460622420,1239.74,72
1460622480,1240.30,158
1460622540,1240.40,128
1460622600,1240.40,28
1460622660,1240.70,76
1460622720,1240.85,154
1460622780,1240.88,70
1460622840,1240.95,148
1460622900,1241.04,170
1460622960,1241.51,188
1460623020,1241.10,106
1460623080,1241.38,106
1460623140,1241.54,84
1460623200,1241.59,30
1460623260,1242.45,100
1460623320,1242.41,212
1460623380,1243.46,192
1460623440,1243.14,336
1460623500,1242.84,204
1460623560,1242.75,268
1460623620,1242.88,214
1460623680,1242.55,206
1460623740,1242.48,72
1460623800,1242.79,242
1460623860,1242.64,150
1460623920,1242.84,100
1460623980,1242.34,212
1460624040,1241.07,322
1460624100,1241.57,206
1460624160,1241.05,212
1460624220,1240.78,226
1460624280,1241.07,192
1460624340,1241.03,184
1460624400,1241.40,250
1460624460,1241.19,206
1460624520,1240.68,240
1460624580,1240.60,198
1460624640,1240.87,178
1460624700,1241.65,168
1460624760,1242.05,160
1460624820,1242.14,130
1460624880,1242.27,84
1460624940,1242.24,220
1460625000,1242.37,162
1460625060,1242.45,184
1460625120,1242.36,54
1460625180,1242.46,72
1460625240,1242.83,122
1460625300,1243.45,228
1460625360,1243.32,288
1460625420,1242.35,244
1460625480,1242.03,132
1460625540,1241.57,84
1460625600,1241.60,46
1460625660,1241.45,28
1460625720,1241.87,102
1460625780,1242.03,224
1460625840,1242.07,192
1460625900,1241.33,142
1460625960,1240.83,180
1460626020,1241.04,114
1460626080,1241.17,226
1460626140,1241.45,180
1460626200,1240.53,190
1460626260,1240.35,220
1460626320,1240.15,244
1460626380,1240.36,222
1460626440,1240.34,194
1460626500,1240.57,162
1460626560,1240.74,84
1460626620,1240.87,142
1460626680,1240.76,212
1460626740,1240.67,190
1460626800,1239.96,262
1460626860,1239.53,264
1460626920,1238.83,320
1460626980,1239.00,232
1460627040,1239.71,256
1460627100,1240.00,142
1460627160,1240.45,218
1460627220,1240.51,208
1460627280,1240.28,186
1460627340,1239.86,134
1460627400,1239.76,226
1460627460,1240.05,152
1460627520,1240.15,212
1460627580,1240.20,212
1460627640,1240.06,242
1460627700,1240.52,248
1460627760,1240.22,158
1460627820,1240.10,198
1460627880,1239.97,136
1460627940,1239.96,200
1460628000,1239.33,210
1460628060,1239.76,144
1460628120,1240.68,286
1460628180,1240.59,174
1460628240,1240.64,166
1460628300,1240.49,190
1460628360,1240.63,168
1460628420,1240.37,220
1460628480,1240.55,174
1460628540,1240.35,126
1460628600,1239.83,50
1460628660,1239.43,78
1460628720,1239.93,66
1460628780,1240.08,36
1460628840,1240.63,194
1460628900,1240.23,188
1460628960,1240.32,148
1460629020,1240.69,160
1460629080,1240.26,126
1460629140,1239.55,234
1460629200,1239.57,192
1460629260,1239.33,164
1460629320,1239.64,256
1460629380,1239.78,194
1460629440,1239.83,134
1460629500,1239.34,170
1460629560,1239.60,140
1460629620,1239.52,202
1460629680,1239.46,270
1460629740,1239.58,194
1460629800,1239.48,162
1460629860,1239.54,162
1460629920,1239.70,148
1460629980,1239.83,146
1460630040,1239.57,146
1460630100,1239.43,70
1460630160,1239.60,190
1460630220,1239.45,172
1460630280,1239.58,98
1460630340,1239.43,196
1460630400,1239.11,204
1460630460,1239.17,152
1460630520,1239.43,146
1460630580,1239.47,72
1460630640,1240.13,90
1460630700,1240.33,160
1460630760,1240.55,168
1460630820,1240.65,222
1460630880,1240.21,168
1460630940,1239.77,178
1460631000,1240.07,170
1460631060,1239.88,184
1460631120,1239.93,170
1460631180,1239.68,226
1460631240,1239.55,142
1460631300,1239.08,264
1460631360,1239.38,174
1460631420,1239.43,26
1460631480,1239.38,50
1460631540,1239.24,114
1460631600,1239.48,200
1460631660,1239.62,186
1460631720,1239.17,72
1460631780,1239.16,114
1460631840,1238.98,188
1460631900,1239.04,176
1460631960,1238.96,162
1460632020,1239.13,236
1460632080,1239.63,138
1460632140,1239.65,164
1460632200,1239.58,204
1460632260,1239.61,200
1460632320,1240.03,58
1460632380,1239.88,36
1460632440,1239.83,112
1460632500,1239.88,148
1460632560,1240.18,54
1460632620,1240.13,128
1460632680,1240.33,166
1460632740,1240.25,182
1460632800,1240.29,160
1460632860,1240.43,230
1460632920,1240.24,128
1460632980,1240.20,218
1460633040,1239.85,154
1460633100,1239.80,152
1460633160,1239.83,132
1460633220,1239.79,82
1460633280,1240.04,148
1460633340,1240.12,124
1460633400,1239.86,234
1460633460,1240.27,196
1460633520,1239.74,108
1460633580,1239.83,150
1460633640,1239.70,180
1460633700,1240.03,92
1460633760,1240.17,104
1460633820,1240.13,154
1460633880,1239.96,170
1460633940,1239.95,154
1460634000,1239.93,148
1460634060,1239.86,80
1460634120,1240.03,102
1460634180,1240.14,124
1460634240,1240.09,140
1460634300,1240.16,154
1460634360,1240.33,188
1460634420,1240.26,222
1460634480,1240.00,194
1460634540,1240.15,174
1460634600,1239.94,144
1460634660,1240.16,162
1460634720,1239.93,182
1460634780,1239.83,128
1460634840,1239.35,214
1460634900,1239.34,184
1460634960,1239.50,192
1460635020,1239.47,138
1460635080,1239.78,162
1460635140,1240.11,228
1460635200,1240.10,258
1460635260,1240.06,244
1460635320,1239.93,164
1460635380,1239.73,144
1460635440,1239.57,200
1460635500,1239.37,284
1460635560,1239.13,168
1460635620,1238.06,248
1460635680,1237.63,156
1460635740,1237.30,166
1460635800,1237.29,342
1460635860,1238.19,52
1460635920,1237.61,180
1460635980,1237.01,138
1460636040,1237.49,232
1460636100,1237.41,270
1460636160,1236.78,290
1460636220,1236.69,214
1460636280,1235.97,322
1460636340,1235.96,314
1460636400,1235.62,362
1460636460,1233.67,406
1460636520,1234.98,306
1460636580,1234.58,320
1460636640,1234.65,374
1460636700,1235.06,330
1460636760,1234.44,318
1460636820,1234.20,262
1460636880,1234.77,150
1460636940,1234.84,154
1460637000,1236.38,344
1460637060,1237.92,470
1460637120,1236.53,316
1460637180,1236.23,254
1460637240,1235.84,186
1460637300,1237.11,168
1460637360,1235.84,236
1460637420,1235.62,364
1460637480,1236.16,308
1460637540,1235.83,314
1460637600,1235.22,210
1460637660,1235.17,288
1460637720,1236.28,358
1460637780,1237.43,400
1460637840,1237.20,318
1460637900,1235.60,382
1460637960,1235.26,308
1460638020,1235.24,310
1460638080,1235.74,342
1460638140,1235.85,238
1460638200,1236.67,306
1460638260,1236.87,328
1460638320,1235.64,278
1460638380,1235.65,150
1460638440,1235.08,182
1460638500,1234.39,322
1460638560,1235.37,270
1460638620,1234.78,410
1460638680,1234.89,312
1460638740,1234.33,384
1460638800,1235.11,326
1460638860,1235.20,266
1460638920,1235.70,298
1460638980,1235.06,184
1460639040,1235.06,64
1460639100,1235.04,208
1460639160,1235.25,258
1460639220,1235.78,302
1460639280,1235.33,240
1460639340,1234.85,198
1460639400,1234.81,232
1460639460,1234.36,296
1460639520,1234.92,300
1460639580,1234.48,312
1460639640,1234.31,322
1460639700,1235.31,332
1460639760,1235.57,422
1460639820,1235.15,288
1460639880,1236.65,384
1460639940,1236.01,362
1460640000,1236.61,300
1460640060,1236.36,346
1460640120,1236.26,324
1460640180,1235.93,242
1460640240,1235.76,148
1460640300,1236.31,256
1460640360,1235.95,266
1460640420,1235.55,252
1460640480,1235.56,218
1460640540,1235.46,244
1460640600,1235.82,226
1460640660,1235.34,240
1460640720,1235.56,214
1460640780,1235.96,384
1460640840,1235.76,316
1460640900,1236.26,250
1460640960,1236.08,372
1460641020,1236.34,372
1460641080,1235.95,308
1460641140,1235.91,222
1460641200,1235.66,224
1460641260,1235.44,232
1460641320,1234.66,314
1460641380,1234.58,322
1460641440,1234.29,364
1460641500,1234.08,348
1460641560,1234.57,382
1460641620,1234.32,392
1460641680,1234.06,376
1460641740,1231.92,500
1460641800,1231.88,404
1460641860,1232.92,324
1460641920,1232.92,394
1460641980,1233.22,272
1460642040,1233.06,402
1460642100,1233.44,294
1460642160,1234.91,336
1460642220,1234.61,382
1460642280,1234.27,320
1460642340,1234.32,330
1460642400,1233.94,362
1460642460,1234.24,332
1460642520,1234.30,364
1460642580,1233.59,338
1460642640,1234.05,224
1460642700,1233.94,262
1460642760,1234.36,338
1460642820,1234.16,258
1460642880,1234.35,240
1460642940,1234.08,250
1460643000,1233.49,252
1460643060,1232.82,178
1460643120,1233.22,168
1460643180,1233.01,156
1460643240,1233.28,144
1460643300,1233.81,226
1460643360,1233.38,286
1460643420,1233.14,306
1460643480,1233.27,292
1460643540,1234.16,286
1460643600,1233.92,282
1460643660,1233.69,328
1460643720,1233.89,236
1460643780,1233.81,248
1460643840,1234.05,196
1460643900,1233.74,206
1460643960,1233.52,194
1460644020,1234.00,136
1460644080,1233.08,168
1460644140,1233.08,144
1460644200,1232.97,128
1460644260,1232.18,218
1460644320,1232.10,228
1460644380,1232.14,128
1460644440,1232.40,90
1460644500,1231.43,292
1460644560,1231.95,344
1460644620,1232.14,282
1460644680,1231.25,240
1460644740,1231.55,218
1460644800,1232.01,118
1460644860,1232.06,142
1460644920,1231.62,238
1460644980,1232.03,176
1460645040,1232.56,182
1460645100,1232.21,228
1460645160,1232.62,198
1460645220,1232.32,102
1460645280,1232.11,98
1460645340,1232.11,114
1460645400,1232.07,64
1460645460,1232.02,82
1460645520,1231.17,226
1460645580,1231.72,198
1460645640,1231.46,252
1460645700,1230.91,296
1460645760,1231.35,356
1460645820,1231.83,236
1460645880,1231.73,86
1460645940,1231.56,146
1460646000,1231.04,220
1460646060,1230.64,350
1460646120,1230.38,300
1460646180,1231.05,214
1460646240,1231.17,162
1460646300,1231.22,120
1460646360,1231.12,152
1460646420,1231.31,106
1460646480,1231.09,134
1460646540,1230.98,148
1460646600,1230.68,170
1460646660,1231.04,140
1460646720,1231.30,158
1460646780,1231.06,204
1460646840,1230.81,160
1460646900,1230.74,132
1460646960,1231.15,204
1460647020,1230.95,172
1460647080,1231.64,98
1460647140,1232.05,112
1460647200,1231.96,232
1460647260,1231.57,316
1460647320,1231.92,150
1460647380,1231.78,76
1460647440,1231.52,134
1460647500,1231.34,170
1460647560,1231.27,80
1460647620,1231.23,100
1460647680,1231.43,136
1460647740,1231.77,168
1460647800,1231.07,202
1460647860,1231.31,150
1460647920,1231.14,138
1460647980,1230.47,176
1460648040,1230.75,156
1460648100,1230.54,116
1460648160,1230.74,144
1460648220,1230.48,254
1460648280,1230.84,74
1460648340,1230.54,42
1460648400,1230.45,116
1460648460,1230.21,188
1460648520,1230.18,140
1460648580,1230.12,144
1460648640,1227.79,318
1460648700,1226.11,440
1460648760,1227.50,264
1460648820,1226.98,232
1460648880,1226.67,288
1460648940,1227.17,252
1460649000,1226.53,332
1460649060,1227.20,312
1460649120,1227.36,108
1460649180,1227.42,230
1460649240,1227.26,326
1460649300,1226.81,170
1460649360,1227.05,188
1460649420,1226.65,224
1460649480,1225.99,308
1460649540,1225.96,324
1460649600,1226.62,310
1460649660,1226.69,270
1460649720,1226.23,228
1460649780,1225.60,380
1460649840,1226.12,298
1460649900,1226.37,292
1460649960,1226.61,272
1460650020,1225.97,204
1460650080,1225.98,310
1460650140,1225.96,300
1460650200,1225.57,296
1460650260,1225.82,268
1460650320,1226.31,170
1460650380,1226.16,176
1460650440,1225.10,234
1460650500,1225.41,278
1460650560,1225.29,228
1460650620,1225.43,220
1460650680,1224.83,332
1460650740,1224.96,368
1460650800,1224.87,342
1460650860,1224.86,142
1460650920,1224.83,174
1460650980,1225.41,106
1460651040,1225.57,78
1460651100,1225.76,186
1460651160,1226.32,112
1460651220,1226.17,150
1460651280,1226.54,72
1460651340,1226.16,148
1460651400,1225.87,68
1460651460,1226.18,36
1460651520,1226.34,98
1460651580,1226.02,46
1460651640,1225.68,70
1460651700,1225.27,44
1460651760,1225.68,68
1460651820,1225.50,64
1460651880,1225.46,58
1460651940,1225.37,34
1460652000,1225.99,68
1460652060,1225.95,46
1460652120,1226.31,46
1460652180,1225.98,36
1460652240,1225.98,34
1460652300,1226.07,52
1460652360,1225.80,40
1460652420,1226.09,38
1460652480,1225.87,42
1460652540,1225.76,70
1460652600,1225.48,56
1460652660,1225.80,52
1460652720,1224.57,106
1460652780,1224.96,286
1460652840,1225.09,62
1460652900,1224.94,186
1460652960,1224.77,156
1460653020,1224.74,174
1460653080,1224.53,152
1460653140,1225.11,280
1460653200,1225.50,192
1460653260,1226.13,260
1460653320,1226.25,250
1460653380,1226.03,278
1460653440,1226.47,120
1460653500,1226.24,180
1460653560,1226.27,66
1460653620,1226.19,90
1460653680,1226.33,38
1460653740,1226.33,110
1460653800,1226.53,106
1460653860,1226.46,108
1460653920,1226.21,182
1460653980,1226.42,172
1460654040,1226.32,188
1460654100,1226.27,112
1460654160,1226.03,174
1460654220,1225.34,208
1460654280,1225.54,126
1460654340,1225.41,40
1460654400,1225.54,172
1460654460,1225.59,216
1460654520,1225.70,176
1460654580,1225.67,226
1460654640,1225.85,228
1460654700,1225.65,242
1460654760,1225.37,262
1460654820,1225.23,198
1460654880,1224.74,250
1460654940,1224.98,438
1460655000,1225.49,184
1460655060,1225.37,136
1460655120,1225.20,164
1460655180,1224.95,208
1460655240,1224.73,76
1460655300,1224.82,38
1460655360,1224.64,44
1460655420,1224.72,96
1460655480,1224.77,104
1460655540,1225.03,94
1460655600,1225.22,74
1460655660,1225.21,106
1460655720,1225.14,98
1460655780,1225.15,84
1460655840,1225.20,36
1460655900,1225.19,136
1460655960,1225.03,188
1460656020,1225.13,60
1460656080,1224.90,90
1460656140,1225.02,78
1460656200,1224.92,48
1460656260,1225.22,32
1460656320,1225.40,20
1460656380,1225.68,64
1460656440,1225.65,68
1460656500,1225.65,32
1460656560,1225.75,40
1460656620,1225.65,26
1460656680,1225.65,12
1460656740,1225.59,136
1460656800,1225.30,162
1460656860,1225.35,138
1460656920,1225.40,84
1460656980,1225.49,66
1460657040,1225.59,90
1460657100,1225.60,94
1460657160,1225.51,118
1460657220,1225.51,32
1460657280,1225.48,8
1460657340,1225.50,82
1460657400,1225.52,36
1460657460,1225.81,12
1460657520,1225.79,34
1460657580,1225.91,84
1460657640,1226.30,64
1460657700,1225.90,50
1460657760,1225.91,12
1460657820,1225.59,44
1460657880,1225.49,62
1460657940,1225.73,130
1460658000,1225.83,106
1460658060,1225.72,108
1460658120,1225.71,156
1460658180,1225.66,86
1460658240,1225.43,72
1460658300,1225.65,154
1460658360,1225.91,132
1460658420,1225.93,170
1460658480,1225.67,160
1460658540,1225.75,156
1460658600,1225.66,158
1460658660,1226.02,134
1460658720,1226.44,262
1460658780,1227.78,362
1460658840,1227.40,94
1460658900,1227.86,58
1460658960,1227.94,32
1460659020,1227.59,78
1460659080,1227.87,44
1460659140,1227.48,22
1460659200,1227.03,68
1460659260,1227.18,40
1460659320,1227.40,52
1460659380,1227.31,22
1460659440,1227.30,10
1460659500,1226.39,64
1460659560,1225.17,272
1460659620,1225.62,146
1460659680,1226.34,114
1460659740,1226.00,72
1460659800,1225.99,86
1460659860,1225.92,70
1460659920,1225.99,18
1460659980,1225.70,22
1460660040,1225.72,46
1460660100,1225.36,20
1460660160,1225.53,10
1460660220,1225.50,58
1460660280,1225.45,24
1460660340,1225.92,24
1460660400,1225.70,58
1460660460,1226.21,20
1460660520,1226.56,34
1460660580,1226.73,46
1460660640,1226.60,26
1460660700,1226.20,48
1460660760,1225.72,18
1460660820,1225.80,26
1460660880,1226.30,20
1460660940,1226.30,34
1460661000,1226.10,14
1460661060,1226.02,6
1460661120,1226.21,38
1460661180,1226.11,6
1460661240,1225.90,14
1460661300,1225.83,24
1460661360,1225.81,50
1460661420,1225.81,16
1460661480,1225.76,10
1460661540,1225.76,12
1460661600,1225.86,34
1460661660,1225.70,62
1460661720,1225.31,62
1460661780,1224.95,26
1460661840,1224.50,16
1460661900,1224.81,30
1460661960,1224.74,26
1460662020,1224.73,14
1460662080,1224.80,16
1460662140,1224.80,80
1460662200,1225.16,70
1460662260,1225.00,14
1460662320,1225.49,34
1460662380,1225.27,60
1460662440,1225.43,14
1460662500,1224.90,40
1460662560,1224.91,36
1460662620,1224.63,20
1460662680,1224.71,28
1460662740,1224.61,28
1460662800,1224.72,20
1460662860,1224.58,26
1460662920,1224.42,22
1460662980,1224.37,24
1460663040,1223.95,84
1460663100,1224.11,44
1460663160,1224.19,54
1460663220,1224.38,36
1460663280,1224.78,28
1460663340,1225.08,24
1460663400,1225.05,50
1460663460,1224.92,40
1460663520,1224.67,28
1460663580,1224.64,22
1460663640,1224.36,66
1460663700,1224.49,18
1460663760,1224.39,40
1460663820,1224.70,38
1460663880,1224.88,48
1460663940,1225.28,72
1460664000,1225.32,48
1460664060,1225.17,28
1460664120,1225.05,18
1460664180,1225.32,38
1460664240,1225.35,26
1460664300,1225.35,8
1460664360,1225.25,4
1460664420,1225.26,6
1460664480,1225.55,10
1460664540,1225.56,42
1460664600,1225.65,12
1460664660,1225.95,18
1460664720,1225.96,18
1460664780,1225.79,32
1460664840,1226.06,28
1460664900,1226.10,32
1460664960,1226.01,2
1460665020,1225.93,14
1460665080,1226.01,2
1460665140,1226.01,12
1460665260,1225.65,22
1460665320,1225.76,10
1460665380,1225.76,8
1460665560,1225.85,2
1460665620,1225.75,4
1460665680,1225.76,2
1460665740,1225.76,4
1460665800,1225.95,10
1460665860,1226.05,2
1460665920,1226.35,8
1460665980,1226.26,6
1460666100,1226.03,10
1460666160,1226.18,8
1460666220,1226.28,2
1460666280,1226.28,8
1460666340,1225.98,8
1460666400,1225.96,2
1460666460,1226.08,4
1460666520,1226.13,6
1460666580,1226.06,4
1460666640,1226.33,4
1460666700,1225.86,14
1460666760,1225.83,16
1460666820,1225.63,10
1460666880,1225.71,16
1460666940,1225.80,26
1460667000,1226.36,26
1460667060,1226.36,12
1460667120,1226.36,4
1460667240,1226.46,8
1460667300,1226.67,6
1460667360,1227.20,28
1460667420,1227.23,24
1460667480,1227.23,48
1460671200,1227.48,168
1460671260,1227.27,20
1460671320,1227.30,28
1460671380,1227.33,14
1460671440,1227.55,18
1460671500,1227.07,20
1460671560,1227.45,16
1460671620,1227.18,18
1460671680,1227.37,36
1460671740,1227.21,18
1460671800,1227.30,20
1460671860,1227.25,22
1460671920,1227.84,34
1460671980,1227.83,22
1460672040,1227.83,38
1460672100,1227.76,12
1460672160,1227.54,12
1460672220,1227.70,26
1460672280,1227.70,12
1460672340,1227.65,6
1460672400,1227.54,6
1460672460,1227.60,6
1460672520,1227.54,8
1460672580,1227.53,10
1460672640,1227.38,14
1460672700,1227.33,10
1460672760,1227.26,16
1460672820,1226.93,14
1460672880,1226.77,38
1460672940,1227.00,16
1460673000,1227.05,8
1460673060,1227.05,10
1460673120,1227.37,38
1460673180,1227.31,2
1460673240,1227.31,4
1460673300,1227.57,40
1460673360,1227.49,20
1460673420,1227.47,26
1460673480,1227.44,22
1460673540,1227.37,36
1460673600,1227.54,42
1460673660,1227.61,18
1460673720,1227.88,26
1460673780,1228.01,66
1460673840,1228.65,94
1460673900,1228.53,12
1460673960,1228.63,24
1460674020,1228.43,22
1460674080,1228.25,36
1460674140,1228.05,62
1460674200,1227.98,58
1460674260,1228.13,50
1460674320,1227.98,50
1460674380,1227.82,58
1460674440,1227.85,28
1460674500,1228.03,24
1460674560,1227.98,16
1460674620,1228.15,22
1460674680,1228.03,28
1460674740,1228.01,22
1460674800,1227.90,32
1460674860,1227.99,14
1460674920,1227.83,14
1460674980,1227.96,26
1460675040,1228.03,10
1460675100,1228.06,14
1460675160,1228.12,6
1460675220,1228.13,4
1460675280,1227.94,16
1460675340,1227.82,18
1460675400,1227.86,18
1460675460,1227.82,10
1460675520,1227.91,12
1460675580,1228.02,26
1460675640,1227.93,6
1460675700,1227.93,4
1460675820,1227.96,10
1460675880,1228.02,6
1460675940,1227.89,14
1460676000,1227.96,8
1460676060,1228.02,10
1460676120,1228.03,2
1460676180,1228.16,22
1460676240,1228.13,34
1460676300,1228.04,26
1460676360,1228.14,22
1460676420,1228.16,22
1460676480,1228.11,18
1460676540,1228.25,26
1460676600,1228.45,60
1460676660,1228.19,40
1460676720,1228.24,26
1460676780,1228.28,18
1460676840,1228.46,46
1460676900,1228.85,62
1460676960,1228.59,48
1460677020,1228.73,24
1460677080,1228.93,6
1460677140,1228.78,14
1460677200,1228.73,12
1460677260,1228.78,20
1460677320,1228.94,18
1460677380,1228.84,16
1460677440,1228.84,4
1460677560,1228.84,4
1460677620,1228.75,2
1460677680,1228.95,8
1460677740,1229.05,14
1460677800,1229.03,10
1460677860,1229.03,12
1460677920,1228.93,12
1460677980,1229.10,28
1460678040,1229.19,16
1460678100,1229.19,16
1460678160,1229.29,20
1460678220,1229.45,32
1460678280,1229.60,52
1460678340,1229.39,26
1460678400,1228.85,70
1460678460,1229.09,134
1460678520,1229.21,108
1460678580,1228.80,100
1460678640,1228.71,182
1460678700,1229.23,142
1460678760,1229.43,160
1460678820,1229.55,224
1460678880,1229.07,160
1460678940,1228.98,44
1460679000,1228.64,56
1460679060,1228.75,52
1460679120,1228.92,32
1460679180,1228.91,32
1460679240,1229.28,72
1460679300,1228.04,92
1460679360,1227.84,18
1460679420,1227.71,40
1460679480,1227.92,40
1460679540,1227.85,104
1460679600,1227.53,36
1460679660,1227.76,60
1460679720,1227.29,24
1460679780,1227.10,32
1460679840,1226.82,48
1460679900,1226.90,186
1460679960,1227.30,100
1460680020,1226.70,30
1460680080,1226.10,82
1460680140,1225.84,252
1460680200,1225.98,182
1460680260,1226.45,122
1460680320,1226.70,168
1460680380,1226.64,220
1460680440,1226.48,32
1460680500,1226.27,22
1460680560,1226.17,54
1460680620,1226.45,68
1460680680,1226.48,62
1460680740,1226.37,50
1460680800,1226.09,98
1460680860,1226.10,50
1460680920,1226.59,138
1460680980,1226.51,144
1460681040,1226.08,100
1460681100,1225.70,174
1460681160,1225.89,188
1460681220,1225.91,66
1460681280,1225.79,68
1460681340,1225.79,66
1460681400,1225.65,86
1460681460,1225.50,56
1460681520,1225.47,20
1460681580,1225.44,16
1460681640,1225.68,80
1460681700,1225.59,176
1460681760,1225.51,76
1460681820,1225.72,82
1460681880,1225.88,132
1460681940,1225.99,178
1460682000,1225.69,230
1460682060,1226.26,262
1460682120,1226.58,274
1460682180,1226.77,152
1460682240,1226.74,26
1460682300,1226.06,126
1460682360,1226.06,116
1460682420,1226.10,68
1460682480,1226.22,122
1460682540,1226.13,102
1460682600,1226.28,112
1460682660,1226.48,88
1460682720,1226.40,58
1460682780,1226.32,80
1460682840,1226.51,70
1460682900,1226.67,196
1460682960,1226.64,150
1460683020,1226.74,76
1460683080,1226.59,44
1460683140,1226.43,112
1460683200,1226.32,146
1460683260,1226.02,208
1460683320,1225.86,92
1460683380,1226.13,148
1460683440,1226.34,148
1460683500,1226.49,40
1460683560,1226.63,122
1460683620,1226.46,158
1460683680,1226.64,114
1460683740,1226.69,94
1460683800,1226.81,102
1460683860,1226.61,184
1460683920,1226.64,208
1460683980,1226.71,124
1460684040,1227.02,192
1460684100,1227.08,172
1460684160,1227.09,118
1460684220,1227.42,242
1460684280,1227.30,208
1460684340,1226.70,74
1460684400,1226.48,138
1460684460,1226.11,166
1460684520,1225.97,200
1460684580,1226.21,126
1460684640,1226.03,150
1460684700,1226.64,166
1460684760,1226.73,144
1460684820,1226.34,136
1460684880,1226.39,114
1460684940,1226.71,98
1460685000,1226.57,112
1460685060,1226.64,122
1460685120,1226.77,64
1460685180,1227.19,190
1460685240,1226.88,46
1460685300,1226.90,72
1460685360,1227.14,106
1460685420,1227.20,64
1460685480,1226.79,116
1460685540,1226.26,246
1460685600,1226.99,100
1460685660,1226.73,66
1460685720,1226.90,74
1460685780,1227.00,222
1460685840,1226.98,170
1460685900,1226.93,118
1460685960,1226.95,134
1460686020,1227.08,182
1460686080,1227.10,142
1460686140,1227.02,22
1460686200,1227.00,78
1460686260,1226.94,50
1460686320,1227.14,24
1460686380,1227.04,22
1460686440,1227.14,44
1460686500,1227.36,30
1460686560,1227.54,74
1460686620,1227.45,76
1460686680,1227.54,50
1460686740,1227.51,90
1460686800,1227.88,142
1460686860,1227.70,90
1460686920,1227.73,96
1460686980,1227.83,96
1460687040,1227.73,62
1460687100,1227.72,96
1460687160,1227.71,72
1460687220,1228.23,214
1460687280,1227.96,216
1460687340,1228.24,122
1460687400,1227.64,228
1460687460,1227.82,130
1460687520,1227.48,100
1460687580,1227.70,92
1460687640,1227.83,136
1460687700,1227.82,42
1460687760,1228.11,28
1460687820,1228.30,40
1460687880,1228.12,10
1460687940,1227.97,96
1460688000,1227.69,144
1460688060,1228.13,52
1460688120,1228.27,20
1460688180,1228.32,30
1460688240,1228.32,28
1460688300,1228.46,130
1460688360,1228.84,56
1460688420,1228.63,32
1460688480,1229.08,32
1460688540,1229.07,112
1460688600,1229.10,112
1460688660,1229.29,76
1460688720,1229.18,30
1460688780,1229.01,48
1460688840,1228.91,72
1460688900,1228.92,18
1460688960,1229.00,20
1460689020,1229.17,20
1460689080,1228.90,72
1460689140,1228.64,24
1460689200,1228.70,40
1460689260,1229.01,32
1460689320,1229.12,26
1460689380,1229.13,22
1460689440,1229.09,26
1460689500,1229.02,20
1460689560,1228.91,10
1460689620,1228.93,54
1460689680,1228.82,20
1460689740,1228.91,24
1460689800,1229.03,62
1460689860,1228.84,28
1460689920,1228.65,46
1460689980,1228.59,140
1460690040,1228.51,84
1460690100,1228.45,86
1460690160,1228.43,114
1460690220,1228.54,72
1460690280,1228.62,40
1460690340,1228.60,42
1460690400,1228.64,44
1460690460,1228.68,48
1460690520,1228.66,28
1460690580,1228.72,56
1460690640,1228.82,48
1460690700,1228.90,20
1460690760,1228.72,16
1460690820,1228.88,66
1460690880,1229.34,98
1460690940,1229.41,84
1460691000,1229.30,70
1460691060,1229.34,28
1460691120,1229.50,46
1460691180,1229.45,72
1460691240,1229.72,60
1460691300,1230.30,92
1460691360,1229.90,42
1460691420,1229.81,62
1460691480,1229.70,40
1460691540,1229.22,44
1460691600,1229.74,52
1460691660,1229.60,92
1460691720,1229.60,36
1460691780,1229.70,36
1460691840,1229.70,38
1460691900,1229.87,46
1460691960,1229.94,30
1460692020,1229.90,8
1460692080,1229.80,18
1460692140,1229.77,48
1460692200,1229.66,38
1460692260,1229.61,14
1460692320,1229.55,8
1460692380,1229.60,14
1460692440,1229.70,74
1460692500,1229.63,14
1460692560,1229.52,62
1460692620,1229.42,64
1460692680,1229.45,32
1460692740,1229.41,54
1460692800,1229.51,42
1460692860,1229.43,2
1460692920,1228.69,80
1460692980,1228.94,56
1460693040,1228.92,32
1460693100,1228.71,34
1460693160,1228.77,22
1460693220,1228.72,24
1460693280,1228.77,18
1460693340,1228.81,10
1460693400,1228.72,28
1460693460,1228.71,10
1460693520,1228.86,26
1460693580,1228.83,64
1460693640,1228.72,50
1460693700,1228.83,80
1460693760,1228.92,58
1460693820,1229.02,68
1460693880,1229.11,32
1460693940,1228.80,20
1460694000,1228.80,14
1460694060,1228.79,16
1460694120,1228.99,44
1460694180,1228.65,32
1460694240,1228.73,70
1460694300,1228.71,56
1460694360,1228.71,80
1460694420,1228.67,44
1460694480,1228.62,10
1460694540,1228.72,54
1460694600,1228.90,8
1460694660,1228.90,40
1460694720,1228.80,34
1460694780,1228.71,40
1460694840,1228.80,32
1460694900,1228.79,56
1460694960,1228.94,72
1460695020,1229.13,52
1460695080,1229.08,92
1460695140,1229.36,100
1460695200,1229.37,156
1460695260,1228.58,60
1460695320,1228.38,24
1460695380,1228.35,16
1460695440,1228.52,90
1460695500,1228.49,124
1460695560,1228.40,96
1460695620,1228.53,46
1460695680,1228.56,82
1460695740,1228.46,10
1460695800,1228.17,32
1460695860,1228.09,32
1460695920,1228.42,32
1460695980,1228.66,102
1460696040,1228.84,98
1460696100,1228.84,110
1460696160,1229.04,118
1460696220,1228.80,94
1460696280,1228.98,122
1460696340,1228.60,98
1460696400,1229.03,166
1460696460,1229.10,82
1460696520,1228.98,90
1460696580,1229.19,74
1460696640,1229.07,44
1460696700,1229.21,76
1460696760,1229.31,72
1460696820,1229.07,114
1460696880,1229.74,70
1460696940,1229.94,38
1460697000,1229.38,100
1460697060,1230.21,146
1460697120,1231.10,122
1460697180,1230.41,102
1460697240,1229.38,80
1460697300,1229.89,142
1460697360,1229.90,56
1460697420,1230.18,38
1460697480,1229.87,30
1460697540,1229.97,18
1460697600,1230.03,32
1460697660,1230.00,10
1460697720,1229.89,36
1460697780,1229.89,26
1460697840,1229.94,10
1460697900,1230.02,10
1460697960,1230.32,20
1460698020,1230.22,10
1460698080,1230.04,6
1460698140,1230.22,18
1460698200,1230.19,38
1460698260,1230.04,48
1460698320,1229.92,42
1460698380,1230.02,22
1460698440,1229.52,64
1460698500,1229.62,34
1460698560,1229.45,8
1460698620,1229.30,34
1460698680,1229.42,36
1460698740,1229.27,48
1460698800,1229.50,36
1460698860,1229.61,10
1460698920,1230.01,28
1460698980,1229.85,8
1460699040,1229.91,22
1460699100,1229.81,10
1460699160,1229.91,10
1460699220,1230.18,26
1460699280,1230.11,12
1460699340,1230.52,34
1460699400,1230.71,42
1460699460,1230.87,40
1460699520,1231.11,46
1460699580,1231.40,60
1460699640,1231.30,58
1460699700,1231.10,24
1460699760,1231.50,34
1460699820,1231.26,42
1460699880,1231.19,18
1460699940,1231.29,26
1460700000,1231.14,36
1460700060,1231.14,48
1460700120,1231.10,36
1460700180,1231.09,10
1460700240,1231.03,34
1460700300,1231.19,24
1460700360,1231.19,14
1460700420,1231.04,28
1460700480,1230.96,28
1460700540,1230.89,36
1460700600,1230.69,28
1460700660,1230.59,48
1460700720,1231.09,52
1460700780,1231.16,50
1460700840,1231.08,46
1460700900,1230.98,6
1460700960,1230.68,34
1460701020,1230.48,14
1460701080,1230.67,48
1460701140,1231.00,36
1460701200,1231.15,32
1460701260,1231.28,20
1460701320,1231.58,58
1460701380,1231.88,72
1460701440,1231.31,52
1460701500,1231.46,38
1460701560,1231.39,16
1460701620,1231.49,2
1460701680,1231.49,14
1460701740,1231.51,14
1460701800,1231.28,60
1460701860,1231.08,56
1460701920,1231.08,22
1460701980,1230.78,28
1460702040,1230.76,64
1460702100,1230.38,28
1460702160,1230.57,44
1460702220,1230.20,56
1460702280,1230.20,46
1460702340,1229.97,66
1460702400,1230.06,40
1460702460,1229.82,60
1460702520,1230.06,36
1460702580,1230.22,62
1460702640,1230.16,30
1460702700,1230.26,8
1460702760,1230.36,16
1460702820,1230.46,18
1460702880,1230.81,26
1460702940,1230.46,26
1460703000,1230.66,14
1460703060,1230.55,24
1460703120,1230.56,20
1460703180,1230.51,34
1460703240,1230.28,38
1460703300,1230.16,28
1460703360,1229.76,30
1460703420,1229.96,28
1460703480,1229.88,34
1460703540,1230.09,46
1460703600,1229.57,76
1460703660,1229.57,72
1460703720,1229.62,64
1460703780,1230.29,38
1460703840,1229.77,62
1460703900,1229.77,44
1460703960,1230.00,120
1460704020,1229.66,64
1460704080,1229.46,38
1460704140,1229.06,50
1460704200,1229.50,100
1460704260,1229.10,56
1460704320,1229.20,28
1460704380,1229.50,64
1460704440,1229.30,30
1460704500,1228.46,50
1460704560,1229.18,72
1460704620,1229.36,74
1460704680,1229.60,50
1460704740,1230.27,78
1460704800,1230.09,94
1460704860,1229.68,52
1460704920,1229.46,34
1460704980,1229.84,30
1460705040,1229.45,18
1460705100,1229.61,4
1460705160,1229.41,108
1460705220,1230.12,72
1460705280,1231.01,98
1460705340,1230.91,214
1460705400,1230.96,92
1460705460,1230.93,42
1460705520,1230.89,64
1460705580,1230.61,188
1460705640,1230.70,140
1460705700,1230.91,54
1460705760,1230.81,76
1460705820,1231.01,88
1460705880,1230.73,120
1460705940,1230.36,200
1460706000,1230.49,146
1460706060,1230.58,158
1460706120,1230.79,126
1460706180,1229.76,154
1460706240,1230.00,128
1460706300,1230.60,38
1460706360,1230.50,30
1460706420,1229.91,32
1460706480,1229.91,118
1460706540,1230.10,192
1460706600,1230.13,112
1460706660,1230.65,180
1460706720,1230.62,68
1460706780,1230.01,188
1460706840,1229.82,250
1460706900,1230.15,126
1460706960,1229.41,144
1460707020,1229.85,40
1460707080,1229.75,50
1460707140,1230.01,54
1460707200,1230.01,42
1460707260,1229.69,86
1460707320,1229.70,38
1460707380,1229.70,42
1460707440,1229.65,26
1460707500,1229.80,26
1460707560,1229.70,20
1460707620,1229.61,68
1460707680,1229.52,130
1460707740,1229.21,52
1460707800,1229.01,38
1460707860,1229.46,48
1460707920,1229.50,44
1460707980,1229.50,52
1460708040,1229.51,32
1460708100,1229.64,46
1460708160,1229.84,62
1460708220,1230.05,90
1460708280,1230.10,74
1460708340,1230.10,66
1460708400,1230.00,64
1460708460,1229.95,92
1460708520,1230.05,44
1460708580,1230.40,56
1460708640,1230.63,118
1460708700,1230.21,108
1460708760,1230.16,242
1460708820,1230.28,142
1460708880,1230.13,214
1460708940,1230.17,102
1460709000,1230.15,246
1460709060,1230.36,260
1460709120,1230.59,160
1460709180,1230.75,196
1460709240,1230.51,142
1460709300,1230.03,166
1460709360,1229.80,208
1460709420,1229.80,36
1460709480,1230.37,52
1460709540,1230.20,36
1460709600,1230.10,102
1460709660,1230.00,58
1460709720,1230.10,28
1460709780,1230.12,50
1460709840,1229.70,40
1460709900,1230.00,38
1460709960,1229.91,18
1460710020,1230.21,6
1460710080,1229.97,26
1460710140,1230.07,40
1460710200,1230.10,30
1460710260,1230.26,108
1460710320,1230.19,98
1460710380,1230.28,64
1460710440,1230.40,32
1460710500,1230.40,8
1460710560,1230.34,2
1460710620,1230.30,16
1460710680,1230.04,34
1460710740,1230.30,28
1460710800,1230.40,14
1460710860,1230.20,68
1460710920,1229.50,50
1460710980,1229.43,40
1460711040,1229.63,38
1460711100,1229.66,20
1460711160,1229.89,66
1460711220,1229.49,200
1460711280,1229.83,142
1460711340,1229.89,70
1460711400,1230.26,64
1460711460,1229.88,158
1460711520,1229.79,134
1460711580,1230.01,106
1460711640,1230.20,168
1460711700,1230.07,150
1460711760,1229.81,154
1460711820,1229.91,108
1460711880,1230.00,172
1460711940,1230.06,114
1460712000,1230.08,138
1460712060,1229.99,172
1460712120,1230.04,60
1460712180,1230.08,98
1460712240,1230.10,160
1460712300,1230.33,184
1460712360,1230.13,200
1460712420,1230.00,80
1460712480,1230.06,80
1460712540,1230.16,14
1460712600,1230.01,116
1460712660,1230.30,126
1460712720,1230.29,100
1460712780,1230.04,70
1460712840,1230.09,38
1460712900,1230.00,40
1460712960,1229.78,126
1460713020,1229.90,108
1460713080,1229.96,144
1460713140,1229.96,114
1460713200,1229.72,92
1460713260,1229.12,212
1460713320,1229.28,60
1460713380,1229.57,32
1460713440,1229.63,62
1460713500,1229.39,126
1460713560,1229.22,102
1460713620,1229.03,62
1460713680,1228.99,138
1460713740,1229.18,84
1460713800,1229.03,48
1460713860,1228.97,74
1460713920,1228.29,242
1460713980,1228.29,102
1460714040,1228.61,110
1460714100,1228.89,148
1460714160,1228.85,42
1460714220,1228.79,14
1460714280,1228.79,86
1460714340,1228.69,76
1460714400,1228.59,70
1460714460,1228.89,124
1460714520,1229.31,92
1460714580,1229.09,104
1460714640,1229.31,110
1460714700,1229.59,114
1460714760,1229.59,50
1460714820,1229.36,104
1460714880,1229.70,142
1460714940,1229.68,156
1460715000,1229.24,186
1460715060,1229.66,94
1460715120,1229.59,54
1460715180,1230.05,24
1460715240,1230.62,96
1460715300,1230.39,210
1460715360,1230.09,66
1460715420,1230.09,48
1460715480,1229.79,32
1460715540,1229.79,58
1460715600,1229.28,96
1460715660,1229.54,36
1460715720,1229.89,38
1460715780,1230.19,26
1460715840,1230.30,28
1460715900,1230.32,62
1460715960,1230.24,94
1460716020,1230.32,102
1460716080,1230.24,126
1460716140,1230.04,116
1460716200,1230.32,92
1460716260,1230.31,74
1460716320,1230.34,60
1460716380,1230.39,102
1460716440,1230.02,62
1460716500,1230.59,96
1460716560,1230.59,106
1460716620,1230.38,142
1460716680,1230.30,64
1460716740,1230.09,28
1460716800,1230.20,6
1460716860,1230.25,14
1460716920,1230.20,28
1460716980,1230.15,16
1460717040,1230.11,16
1460717100,1230.08,14
1460717160,1230.04,6
1460717220,1229.81,36
1460717280,1229.65,56
1460717340,1229.25,28
1460717400,1229.05,50
1460717460,1229.44,80
1460717520,1229.44,82
1460717580,1229.22,110
1460717640,1229.34,46
1460717700,1229.37,38
1460717760,1230.35,44
1460717820,1230.26,96
1460717880,1230.44,80
1460717940,1230.55,64
1460718000,1230.20,46
1460718060,1230.45,24
1460718120,1230.50,30
1460718180,1230.29,32
1460718240,1230.63,70
1460718300,1230.41,84
1460718360,1230.52,32
1460718420,1231.10,110
1460718480,1230.75,64
1460718540,1230.52,44
1460718600,1230.52,32
1460718660,1229.91,22
1460718720,1230.05,64
1460718780,1230.51,148
1460718840,1230.51,126
1460718900,1230.49,112
1460718960,1230.72,134
1460719020,1230.97,122
1460719080,1231.09,126
1460719140,1230.95,54
1460719200,1231.25,36
1460719260,1231.67,64
1460719320,1231.54,172
1460719380,1231.45,122
1460719440,1231.11,154
1460719500,1230.72,62
1460719560,1230.62,96
1460719620,1230.68,204
1460719680,1230.48,60
1460719740,1230.27,50
1460719800,1230.27,74
1460719860,1230.47,100
1460719920,1230.63,82
1460719980,1230.97,102
1460720040,1230.82,60
1460720100,1230.63,86
1460720160,1230.24,88
1460720220,1230.39,40
1460720280,1230.36,38
1460720340,1230.32,76
1460720400,1230.35,36
1460720460,1230.61,60
1460720520,1230.76,28
1460720580,1230.76,28
1460720640,1230.86,38
1460720700,1230.86,12
1460720760,1230.63,30
1460720820,1230.72,36
1460720880,1230.62,32
1460720940,1230.72,32
1460721000,1230.77,4
1460721060,1230.64,38
1460721120,1230.60,106
1460721180,1230.41,90
1460721240,1230.28,56
1460721300,1230.42,64
1460721360,1230.47,20
1460721420,1230.47,20
1460721480,1230.20,144
1460721540,1230.07,150
1460721600,1230.52,108
1460721660,1230.34,212
1460721720,1230.21,146
1460721780,1229.93,254
1460721840,1230.26,124
1460721900,1230.35,122
1460721960,1229.43,214
1460722020,1229.27,208
1460722080,1228.98,170
1460722140,1228.74,208
1460722200,1228.77,314
1460722260,1228.97,242
1460722320,1229.11,184
1460722380,1229.55,172
1460722440,1229.45,116
1460722500,1230.12,246
1460722560,1229.87,76
1460722620,1229.93,124
1460722680,1230.11,104
1460722740,1230.21,122
1460722800,1230.89,226
1460722860,1230.99,292
1460722920,1231.22,238
1460722980,1231.21,272
1460723040,1231.08,300
1460723100,1230.37,278
1460723160,1230.49,226
1460723220,1230.32,204
1460723280,1230.09,166
1460723340,1230.27,110
1460723400,1229.69,282
1460723460,1229.74,140
1460723520,1229.99,120
1460723580,1230.41,252
1460723640,1230.39,200
1460723700,1230.69,202
1460723760,1230.63,96
1460723820,1230.59,100
1460723880,1230.78,140
1460723940,1230.88,82
1460724000,1230.56,62
1460724060,1229.99,184
1460724120,1229.89,198
1460724180,1229.91,142
1460724240,1229.82,166
1460724300,1230.63,106
1460724360,1230.69,54
1460724420,1230.59,50
1460724480,1230.39,82
1460724540,1230.44,52
1460724600,1230.59,66
1460724660,1230.16,78
1460724720,1230.00,242
1460724780,1229.85,142
1460724840,1230.20,76
1460724900,1230.30,110
1460724960,1230.45,126
1460725020,1230.31,160
1460725080,1230.31,82
1460725140,1230.70,134
1460725200,1231.83,320
1460725260,1231.26,332
1460725320,1230.11,292
1460725380,1230.13,132
1460725440,1228.48,300
1460725500,1228.40,290
1460725560,1227.97,168
1460725620,1228.39,170
1460725680,1227.15,324
1460725740,1227.44,142
1460725800,1228.00,152
1460725860,1227.57,240
1460725920,1228.00,118
1460725980,1227.75,226
1460726040,1227.32,204
1460726100,1228.61,270
1460726160,1229.17,250
1460726220,1229.41,122
1460726280,1229.35,138
1460726340,1229.28,98
1460726400,1229.65,132
1460726460,1229.23,242
1460726520,1229.46,172
1460726580,1229.26,166
1460726640,1229.46,110
1460726700,1228.89,190
1460726760,1228.35,120
1460726820,1227.59,336
1460726880,1227.11,258
1460726940,1227.91,156
1460727000,1228.32,148
1460727060,1228.05,300
1460727120,1228.27,234
1460727180,1228.15,334
1460727240,1227.81,260
1460727300,1227.12,148
1460727360,1228.27,296
1460727420,1228.49,328
1460727480,1228.65,340
1460727540,1228.77,360
1460727600,1228.47,214
1460727660,1228.59,148
1460727720,1228.52,172
1460727780,1227.97,140
1460727840,1228.12,142
1460727900,1227.83,134
1460727960,1227.97,298
1460728020,1227.71,212
1460728080,1227.72,150
1460728140,1228.22,88
1460728200,1227.73,90
1460728260,1227.83,98
1460728320,1226.79,250
1460728380,1227.65,160
1460728440,1228.10,196
1460728500,1227.88,264
1460728560,1227.83,304
1460728620,1227.39,264
1460728680,1227.59,130
1460728740,1227.21,264
1460728800,1229.16,352
1460728860,1228.57,322
1460728920,1229.07,178
1460728980,1229.89,238
1460729040,1230.17,228
1460729100,1230.02,172
1460729160,1230.05,148
1460729220,1229.57,114
1460729280,1229.11,140
1460729340,1229.34,134
1460729400,1229.98,182
1460729460,1230.04,126
1460729520,1230.36,212
1460729580,1230.26,130
1460729640,1230.43,174
1460729700,1230.03,128
1460729760,1229.99,84
1460729820,1229.87,106
1460729880,1230.54,98
1460729940,1230.54,86
1460730000,1230.64,170
1460730060,1229.77,308
1460730120,1229.89,208
1460730180,1230.11,180
1460730240,1229.99,108
1460730300,1229.77,212
1460730360,1229.59,150
1460730420,1229.99,126
1460730480,1229.77,194
1460730540,1229.97,120
1460730600,1229.88,90
1460730660,1230.16,150
1460730720,1230.15,118
1460730780,1229.55,156
1460730840,1229.41,158
1460730900,1229.29,168
1460730960,1229.52,170
1460731020,1229.26,196
1460731080,1229.29,222
1460731140,1229.56,162
1460731200,1229.70,148
1460731260,1229.84,122
1460731320,1229.86,178
1460731380,1229.77,220
1460731440,1230.01,136
1460731500,1230.11,198
1460731560,1230.02,54
1460731620,1229.92,60
1460731680,1229.92,56
1460731740,1229.62,104
1460731800,1229.87,44
1460731860,1229.92,58
1460731920,1229.90,62
1460731980,1230.07,94
1460732040,1230.22,94
1460732100,1230.05,70
1460732160,1229.66,72
1460732220,1229.55,146
1460732280,1229.95,124
1460732340,1229.52,152
1460732400,1229.63,88
1460732460,1229.18,82
1460732520,1229.09,148
1460732580,1228.96,182
1460732640,1229.00,136
1460732700,1229.49,68
1460732760,1229.22,126
1460732820,1229.25,156
1460732880,1229.30,98
1460732940,1229.63,92
1460733000,1229.78,72
1460733060,1229.59,90
1460733120,1229.37,142
1460733180,1229.37,234
1460733240,1229.47,190
1460733300,1229.29,132
1460733360,1229.59,76
1460733420,1229.68,124
1460733480,1229.77,72
1460733540,1229.69,122
1460733600,1229.97,84
1460733660,1229.88,92
1460733720,1229.99,70
1460733780,1230.19,96
1460733840,1230.30,60
1460733900,1230.09,84
1460733960,1230.20,74
1460734020,1230.02,166
1460734080,1229.88,144
1460734140,1230.20,148
1460734200,1230.45,98
1460734260,1230.45,130
1460734320,1230.87,156
1460734380,1230.95,206
1460734440,1231.36,190
1460734500,1231.00,290
1460734560,1231.16,198
1460734620,1231.16,106
1460734680,1232.07,182
1460734740,1232.07,246
1460734800,1232.08,162
1460734860,1234.16,260
1460734920,1233.87,300
1460734980,1233.62,104
1460735040,1233.19,146
1460735100,1233.24,148
1460735160,1233.27,94
1460735220,1233.03,66
1460735280,1233.21,126
1460735340,1233.41,92
1460735400,1233.76,110
1460735460,1233.34,216
1460735520,1233.56,152
1460735580,1233.54,164
1460735640,1233.67,224
1460735700,1233.42,164
1460735760,1233.62,132
1460735820,1233.23,166
1460735880,1233.17,116
1460735940,1233.20,182
1460736000,1233.29,236
1460736060,1233.66,194
1460736120,1234.87,266
1460736180,1235.85,188
1460736240,1234.96,224
1460736300,1234.69,118
1460736360,1234.48,154
1460736420,1234.25,68
1460736480,1234.18,66
1460736540,1233.96,78
1460736600,1234.15,92
1460736660,1234.19,52
1460736720,1234.34,48
1460736780,1234.05,58
1460736840,1234.04,84
1460736900,1234.05,56
1460736960,1234.01,86
1460737020,1233.88,138
1460737080,1233.98,158
1460737140,1232.86,180
1460737200,1233.44,134
1460737260,1233.88,132
1460737320,1233.86,152
1460737380,1233.75,174
1460737440,1234.01,164
1460737500,1234.20,196
1460737560,1234.25,102
1460737620,1234.15,80
1460737680,1234.35,106
1460737740,1234.76,46
1460737800,1234.94,88
1460737860,1234.82,98
1460737920,1234.97,104
1460737980,1235.06,76
1460738040,1235.05,72
1460738100,1234.76,72
1460738160,1234.45,130
1460738220,1234.34,110
1460738280,1234.05,126
1460738340,1234.34,82
1460738400,1234.34,30
1460738460,1234.23,42
1460738520,1233.94,24
1460738580,1233.95,18
1460738640,1234.03,62
1460738700,1234.03,50
1460738760,1233.83,64
1460738820,1234.34,44
1460738880,1234.03,40
1460738940,1234.33,88
1460739000,1234.53,84
1460739060,1234.06,132
1460739120,1234.44,132
1460739180,1234.45,110
1460739240,1234.17,168
1460739300,1233.84,112
1460739360,1233.55,164
1460739420,1233.61,196
1460739480,1233.59,78
1460739540,1233.83,16
1460739600,1233.90,78
1460739660,1234.69,200
1460739720,1234.39,92
1460739780,1234.69,116
1460739840,1234.49,110
1460739900,1234.67,86
1460739960,1234.82,96
1460740020,1234.69,270
1460740080,1234.66,88
1460740140,1234.58,188
1460740200,1234.52,154
1460740260,1234.52,38
1460740320,1234.27,56
1460740380,1234.17,36
1460740440,1233.96,34
1460740500,1233.92,68
1460740560,1233.69,136
1460740620,1234.02,84
1460740680,1234.12,94
1460740740,1234.07,108
1460740800,1234.13,148
1460740860,1234.12,100
1460740920,1234.16,104
1460740980,1233.86,142
1460741040,1233.69,186
1460741100,1233.41,180
1460741160,1233.55,168
1460741220,1233.24,224
1460741280,1233.45,190
1460741340,1232.83,294
1460741400,1232.43,342
1460741460,1232.60,126
1460741520,1232.77,124
1460741580,1232.68,162
1460741640,1232.88,154
1460741700,1232.78,164
1460741760,1233.08,156
1460741820,1233.27,126
1460741880,1233.57,40
1460741940,1233.57,26
1460742000,1233.29,114
1460742060,1233.13,90
1460742120,1233.27,80
1460742180,1233.09,80
1460742240,1233.07,134
1460742300,1233.06,152
1460742360,1233.03,196
1460742420,1233.13,60
1460742480,1232.75,124
1460742540,1232.85,90
1460742600,1232.99,82
1460742660,1233.08,84
1460742720,1233.27,108
1460742780,1233.22,82
1460742840,1233.44,70
1460742900,1233.17,100
1460742960,1233.16,66
1460743020,1233.13,114
1460743080,1233.32,94
1460743140,1233.22,124
1460743200,1233.05,168
1460743260,1233.12,124
1460743320,1232.83,144
1460743380,1232.65,172
1460743440,1232.72,20
1460743500,1232.51,54
1460743560,1232.26,116
1460743620,1232.44,146
1460743680,1232.27,190
1460743740,1232.32,68
1460743800,1232.47,54
1460743860,1232.72,64
1460743920,1232.87,38
1460743980,1232.97,20
1460744040,1232.57,48
1460744100,1232.52,68
1460744160,1232.87,60
1460744220,1232.97,50
1460744280,1232.87,26
1460744340,1232.97,40
1460744400,1232.97,44
1460744460,1232.67,52
1460744520,1232.65,22
1460744580,1232.76,36
1460744640,1233.06,8
1460744700,1233.00,24
1460744760,1233.15,32
1460744820,1232.76,40
1460744880,1232.94,70
1460744940,1232.93,44
1460745000,1232.83,26
1460745060,1232.83,26
1460745120,1232.87,10
1460745180,1232.95,86
1460745240,1232.83,68
1460745300,1232.64,72
1460745360,1232.59,38
1460745420,1232.51,32
1460745480,1232.48,4
1460745540,1232.30,12
1460745600,1232.30,30
1460745660,1232.01,50
1460745720,1232.02,98
1460745780,1232.09,76
1460745840,1231.90,112
1460745900,1231.85,62
1460745960,1232.00,40
1460746020,1232.02,42
1460746080,1232.10,64
1460746140,1232.41,78
1460746200,1232.44,52
1460746260,1232.37,126
1460746320,1232.43,84
1460746380,1232.64,100
1460746440,1232.50,80
1460746500,1232.56,76
1460746560,1232.50,32
1460746620,1232.54,58
1460746680,1232.54,80
1460746740,1232.25,144
1460746800,1232.48,104
1460746860,1232.63,54
1460746920,1233.03,50
1460746980,1232.93,4
1460747040,1233.07,14
1460747100,1232.97,20
1460747160,1233.13,8
1460747280,1232.93,24
1460747340,1232.93,30
1460747400,1232.93,26
1460747460,1233.07,22
1460747520,1233.23,10
1460747580,1233.42,76
1460747640,1233.41,58
1460747700,1233.41,74
1460747760,1233.28,68
1460747820,1233.21,54
1460747880,1233.30,44
1460747940,1233.24,54
1460748000,1233.17,92
1460748060,1233.24,36
1460748120,1233.27,30
1460748180,1233.30,36
1460748240,1233.48,50
1460748300,1233.47,62
1460748360,1233.37,50
1460748420,1233.35,52
1460748480,1233.64,132
1460748540,1233.64,108
1460748600,1233.55,114
1460748660,1233.36,128
1460748720,1233.29,84
1460748780,1233.30,54
1460748840,1233.36,106
1460748900,1233.76,124
1460748960,1233.64,78
1460749020,1233.70,58
1460749080,1233.69,78
1460749140,1233.96,100
1460749200,1234.00,126
1460749260,1234.47,110
1460749320,1234.36,154
1460749380,1234.67,122
1460749440,1234.71,124
1460749500,1234.69,134
1460749560,1234.27,148
1460749620,1233.76,100
1460749680,1233.85,158
1460749740,1234.15,160
1460749800,1234.35,28
1460749860,1234.25,10
1460749920,1234.35,24
1460749980,1233.75,22
1460750040,1234.05,10
1460750100,1234.05,8
1460750160,1234.25,6
1460750220,1234.35,52
1460750280,1234.26,90
1460750340,1233.95,108
1460750400,1233.95,22
1460750460,1233.95,32
1460750520,1233.95,16
1460750580,1233.95,8
1460750760,1233.95,12
1460750820,1233.95,18
1460750880,1234.05,6
1460750940,1233.95,6
1460751000,1233.95,4
1460751060,1234.05,2
1460751120,1233.99,2
1460751180,1234.05,8
1460751240,1234.15,18
1460751300,1234.25,8
1460751420,1234.35,6
1460751480,1234.35,4
1460751540,1234.25,8
1460751660,1234.15,2
1460751720,1234.05,2
1460751780,1233.98,2
1460751840,1234.05,2
1460751900,1234.25,4
1460752020,1234.15,2
1460752080,1234.25,2
1460752140,1234.15,2
1460752200,1234.25,2
1460752260,1234.15,2
1460752320,1234.05,2
1460752380,1234.05,4
1460752560,1233.95,6
1460752620,1234.05,6
1460752800,1234.05,8
1460752860,1233.95,6
1460752920,1233.95,4
1460752980,1233.95,4
1460753040,1233.95,8
1460753100,1234.05,6
1460753160,1234.05,4
1460753220,1234.05,8
1460753280,1234.05,12
1460753340,1234.07,8
1460753400,1233.87,16
1460753460,1233.97,16
1460753520,1233.97,14
1460753580,1233.97,14
1460753640,1233.90,12
1460753700,1233.80,20
1460753760,1233.87,12
1460753820,1233.80,26
1460753880,1233.54,18
1460930400,1236.76,128
1460930460,1236.25,86
1460930520,1236.20,64
1460930580,1235.42,72
1460930640,1234.96,28
1460930700,1235.12,78
1460930760,1234.54,28
1460930820,1234.92,30
1460930880,1235.82,32
1460930940,1236.35,44
1460931000,1236.35,38
1460931060,1236.74,48
1460931120,1237.11,38
1460931180,1237.55,66
1460931240,1237.05,60
1460931300,1237.11,32
1460931360,1237.08,12
1460931420,1237.14,12
1460931480,1237.14,30
1460931540,1237.34,36
1460931600,1237.54,34
1460931660,1237.69,24
1460931720,1237.72,22
1460931780,1237.91,30
1460931840,1238.01,50
1460931900,1238.21,8
1460931960,1238.78,146
1460932020,1238.70,44
1460932080,1238.64,36
1460932140,1238.57,94
1460932200,1238.27,76
1460932260,1237.94,82
1460932320,1237.82,46
1460932380,1237.80,32
1460932440,1237.64,102
1460932500,1237.89,56
1460932560,1238.36,104
1460932620,1238.86,104
1460932680,1238.81,54
1460932740,1238.77,30
1460932800,1238.74,42
1460932860,1238.76,66
1460932920,1238.76,24
1460932980,1238.69,50
1460933040,1238.36,42
1460933100,1238.54,70
1460933160,1238.27,74
1460933220,1238.36,38
1460933280,1238.08,52
1460933340,1238.29,38
1460933400,1238.31,48
1460933460,1238.40,46
1460933520,1238.50,26
1460933580,1238.32,32
1460933640,1238.19,34
1460933700,1238.20,28
1460933760,1238.36,28
1460933820,1238.40,10
1460933880,1238.25,12
1460933940,1238.19,30
1460934000,1237.99,12
1460934060,1237.99,14
1460934120,1237.61,56
1460934180,1237.42,74
1460934240,1237.20,76
1460934300,1237.14,84
1460934360,1236.78,66
1460934420,1236.47,120
1460934480,1236.39,86
1460934540,1235.70,98
1460934600,1235.87,92
1460934660,1236.01,48
1460934720,1235.51,66
1460934780,1235.87,70
1460934840,1235.77,36
1460934900,1235.87,42
1460934960,1236.04,14
1460935020,1235.97,14
1460935080,1236.08,14
1460935140,1236.35,34
1460935200,1236.08,34
1460935260,1236.32,44
1460935320,1236.02,34
1460935380,1236.28,24
1460935440,1236.08,14
1460935500,1235.78,22
1460935560,1235.95,42
1460935620,1235.90,22
1460935680,1235.89,12
1460935740,1235.99,30
1460935800,1235.58,32
1460935860,1235.69,44
1460935920,1235.62,20
1460935980,1235.78,30
1460936040,1235.83,32
1460936100,1235.69,84
1460936160,1235.70,82
1460936220,1235.52,96
1460936280,1235.59,102
1460936340,1235.19,94
1460936400,1235.24,80
1460936460,1235.49,94
1460936520,1235.38,80
1460936580,1235.60,70
1460936640,1235.68,78
1460936700,1235.98,64
1460936760,1236.58,76
1460936820,1236.61,88
1460936880,1236.61,150
1460936940,1236.52,100
1460937000,1236.68,64
1460937060,1236.58,44
1460937120,1236.73,36
1460937180,1236.98,68
1460937240,1236.98,28
1460937300,1237.38,30
1460937360,1237.28,48
1460937420,1237.26,88
1460937480,1237.25,84
1460937540,1237.02,64
1460937600,1237.22,66
1460937660,1236.88,112
1460937720,1236.98,46
1460937780,1236.90,78
1460937840,1236.91,64
1460937900,1236.78,64
1460937960,1237.27,150
1460938020,1238.10,154
1460938080,1238.40,138
1460938140,1238.47,100
1460938200,1238.79,80
1460938260,1238.73,118
1460938320,1238.69,84
1460938380,1238.59,108
1460938440,1238.50,148
1460938500,1238.14,126
1460938560,1237.97,174
1460938620,1239.17,302
1460938680,1239.42,96
1460938740,1239.39,92
1460938800,1239.42,14
1460938860,1239.32,58
1460938920,1238.72,64
1460938980,1238.99,34
1460939040,1239.06,22
1460939100,1238.92,48
1460939160,1238.72,38
1460939220,1238.62,32
1460939280,1238.62,18
1460939340,1238.59,34
1460939400,1238.52,38
1460939520,1238.12,12
1460939580,1237.79,62
1460939640,1237.79,56
1460939700,1237.82,6
1460939760,1238.02,38
1460939820,1237.82,40
1460939880,1237.89,12
1460939940,1237.79,26
1460940000,1237.53,40
1460940060,1237.27,48
1460940120,1237.22,48
1460940180,1237.22,46
1460940240,1237.32,60
1460940300,1237.46,38
1460940360,1237.01,42
1460940420,1236.87,80
1460940480,1236.91,56
1460940540,1236.52,60
1460940600,1236.92,74
1460940660,1236.67,34
1460940720,1236.67,6
1460940780,1236.42,26
1460940840,1236.97,38
1460940900,1236.76,30
1460940960,1236.72,16
1460941020,1236.62,6
1460941080,1236.29,34
1460941140,1236.42,12
1460941200,1236.72,150
1460941260,1236.82,60
1460941320,1235.92,92
1460941380,1236.15,96
1460941440,1236.10,84
1460941500,1235.84,94
1460941560,1235.42,102
1460941620,1235.94,78
1460941680,1236.27,164
1460941740,1235.99,142
1460941800,1236.13,134
1460941860,1236.00,94
1460941920,1236.09,138
1460941980,1236.33,90
1460942040,1236.72,122
1460942100,1236.72,122
1460942160,1236.53,76
1460942220,1236.82,76
1460942280,1236.92,74
1460942340,1237.02,34
1460942400,1236.92,110
1460942460,1236.82,110
1460942520,1236.52,134
1460942580,1236.32,150
1460942640,1236.02,130
1460942700,1235.57,80
1460942760,1235.79,76
1460942820,1236.02,28
1460942880,1235.82,32
1460942940,1236.04,64
1460943000,1235.94,118
1460943060,1236.12,78
1460943120,1236.10,176
1460943180,1235.10,88
1460943240,1235.10,76
1460943300,1235.50,30
1460943360,1235.11,28
1460943420,1235.29,44
1460943480,1235.38,10
1460943540,1235.28,28
1460943600,1235.19,6
1460943660,1235.16,18
1460943720,1234.69,52
1460943780,1234.76,56
1460943840,1234.12,44
1460943900,1233.50,100
1460943960,1233.93,46
1460944020,1234.20,50
1460944080,1234.16,28
1460944140,1234.76,54
1460944200,1234.81,48
1460944260,1234.66,24
1460944320,1234.61,34
1460944380,1234.76,26
1460944440,1234.66,44
1460944500,1234.76,32
1460944560,1234.56,54
1460944620,1234.56,84
1460944680,1234.56,38
1460944740,1234.86,52
1460944800,1234.78,184
1460944860,1234.61,180
1460944920,1234.79,134
1460944980,1234.86,92
1460945040,1235.07,142
1460945100,1234.91,166
1460945160,1234.86,138
1460945220,1234.73,128
1460945280,1234.58,144
1460945340,1234.73,20
1460945400,1235.69,108
1460945460,1235.70,36
1460945520,1235.57,44
1460945580,1235.36,50
1460945640,1235.50,10
1460945700,1235.80,20
1460945760,1235.65,14
1460945820,1235.40,22
1460945880,1235.62,22
1460945940,1235.91,26
1460946000,1236.07,14
1460946060,1235.90,4
1460946120,1235.77,16
1460946180,1235.92,24
1460946240,1235.78,12
1460946300,1235.60,20
1460946360,1235.80,18
1460946420,1235.70,34
1460946480,1235.60,10
1460946540,1235.64,20
1460946600,1235.67,18
1460946660,1235.50,14
1460946720,1235.50,12
1460946780,1235.30,10
1460946840,1235.40,16
1460946900,1235.40,8
1460946960,1235.21,24
1460947020,1235.11,28
1460947080,1235.00,28
1460947140,1235.21,14
1460947200,1234.98,18
1460947260,1234.98,6
1460947320,1234.82,10
1460947380,1234.86,22
1460947440,1234.81,36
1460947500,1234.91,10
1460947560,1234.96,24
1460947620,1235.05,8
1460947680,1235.06,16
1460947740,1235.16,20
1460947800,1235.16,10
1460947860,1234.95,22
1460947920,1234.60,24
1460947980,1234.45,56
1460948040,1234.26,58
1460948100,1234.29,68
1460948160,1234.30,18
1460948220,1234.32,20
1460948280,1234.34,22
1460948340,1234.36,40
1460948400,1234.36,42
1460948460,1234.61,30
1460948520,1234.54,38
1460948580,1234.43,32
1460948640,1234.54,62
1460948700,1234.78,50
1460948760,1234.83,50
1460948820,1234.75,78
1460948880,1234.74,78
1460948940,1234.56,64
1460949000,1234.75,64
1460949060,1234.77,106
1460949120,1234.94,50
1460949180,1234.78,52
1460949240,1234.94,100
1460949300,1234.90,106
1460949360,1234.78,62
1460949420,1234.84,54
1460949480,1234.64,58
1460949540,1234.57,28
1460949600,1234.27,66
1460949660,1234.34,50
1460949720,1234.63,22
1460949780,1234.58,12
1460949840,1234.69,32
1460949900,1234.66,28
1460949960,1234.58,10
1460950020,1234.63,4
1460950080,1234.34,32
1460950140,1234.03,86
1460950200,1234.36,70
1460950260,1234.46,42
1460950320,1234.46,32
1460950380,1234.18,44
1460950440,1234.38,32
1460950500,1234.47,42
1460950560,1234.44,20
1460950620,1234.41,24
1460950680,1233.99,74
1460950740,1234.24,88
1460950800,1234.24,48
1460950860,1234.35,46
1460950920,1234.46,56
1460950980,1234.51,42
1460951040,1234.43,28
1460951100,1234.37,40
1460951160,1234.36,36
1460951220,1234.25,40
1460951280,1234.38,28
1460951340,1234.49,48
1460951400,1234.54,26
1460951460,1234.54,24
1460951520,1234.56,48
1460951580,1234.55,10
1460951640,1234.58,8
1460951700,1234.59,10
1460951760,1234.55,22
1460951820,1234.38,16
1460951880,1234.53,12
1460951940,1234.52,24
1460952000,1234.52,16
1460952060,1234.62,16
1460952120,1234.58,30
1460952180,1234.60,40
1460952240,1234.57,26
1460952300,1234.50,18
1460952360,1234.61,48
1460952420,1234.82,46
1460952480,1234.65,34
1460952540,1234.59,36
1460952600,1234.45,34
1460952660,1234.52,28
1460952720,1234.59,34
1460952780,1234.50,32
1460952840,1234.44,24
1460952900,1234.35,56
1460952960,1234.51,66
1460953020,1234.50,62
1460953080,1234.43,56
1460953140,1234.42,90
1460953200,1234.39,42
1460953260,1234.49,18
1460953320,1234.43,32
1460953380,1234.38,12
1460953440,1234.36,6
1460953500,1234.48,10
1460953560,1234.57,12
1460953620,1234.58,10
1460953680,1234.55,4
1460953740,1234.49,20
1460953800,1234.54,42
1460953860,1234.35,34
1460953920,1234.35,50
1460953980,1234.50,66
1460954040,1234.78,50
1460954100,1235.05,42
1460954160,1234.95,34
1460954220,1234.95,32
1460954280,1234.95,10
1460954340,1235.15,30
1460954400,1235.25,40
1460954460,1235.14,42
1460954520,1235.08,62
1460954580,1234.94,184
1460954640,1234.99,144
1460954700,1234.89,144
1460954760,1235.06,130
1460954820,1234.65,26
1460954880,1234.89,36
1460954940,1234.95,18
1460955000,1234.95,32
1460955060,1234.88,50
1460955120,1235.12,94
1460955180,1234.92,162
1460955240,1234.75,176
1460955300,1234.84,296
1460955360,1234.84,122
1460955420,1235.18,56
1460955480,1235.13,42
1460955540,1235.16,66
1460955600,1235.37,80
1460955660,1235.58,76
1460955720,1235.46,88
1460955780,1235.58,18
1460955840,1235.98,66
1460955900,1235.97,36
1460955960,1236.28,64
1460956020,1236.23,60
1460956080,1236.09,28
1460956140,1236.03,60
1460956200,1236.03,40
1460956260,1235.99,30
1460956320,1236.01,38
1460956380,1236.21,20
1460956440,1235.38,64
1460956500,1235.53,74
1460956560,1235.78,56
1460956620,1235.72,18
1460956680,1235.73,38
1460956740,1235.73,16
1460956800,1235.68,26
1460956860,1235.82,40
1460956920,1235.78,38
1460956980,1235.78,32
1460957040,1235.83,28
1460957100,1235.92,38
1460957160,1235.79,26
1460957220,1235.81,60
1460957280,1235.89,44
1460957340,1235.71,28
1460957400,1236.10,86
1460957460,1236.24,44
1460957520,1236.53,42
1460957580,1235.89,148
1460957640,1236.33,68
1460957700,1236.60,28
1460957760,1236.39,20
1460957820,1236.49,14
1460957880,1236.39,40
1460957940,1236.49,54
1460958000,1236.03,28
1460958060,1236.19,24
1460958120,1236.09,20
1460958180,1235.90,16
1460958240,1235.99,22
1460958300,1235.96,40
1460958360,1235.72,24
1460958420,1235.69,70
1460958480,1235.85,32
1460958540,1235.93,16
1460958600,1235.98,40
1460958660,1235.89,24
1460958720,1235.90,14
1460958780,1235.90,22
1460958840,1236.10,10
1460958900,1236.19,18
1460958960,1236.13,18
1460959020,1235.63,72
1460959080,1235.83,16
1460959140,1235.83,28
1460959200,1235.78,34
1460959260,1235.86,20
1460959320,1235.78,42
1460959380,1235.68,30
1460959440,1235.89,54
1460959500,1235.89,46
1460959560,1236.04,38
1460959620,1236.19,18
1460959680,1236.43,42
1460959740,1235.68,86
1460959800,1235.20,138
1460959860,1235.17,168
1460959920,1235.47,92
1460959980,1235.49,38
1460960040,1235.30,32
1460960100,1235.47,104
1460960160,1235.38,72
1460960220,1235.43,58
1460960280,1235.20,50
1460960340,1235.11,52
1460960400,1234.98,24
1460960460,1235.24,86
1460960520,1234.99,104
1460960580,1235.38,62
1460960640,1235.48,56
1460960700,1235.37,24
1460960760,1235.42,62
1460960820,1235.58,40
1460960880,1235.62,42
1460960940,1235.70,40
1460961000,1235.68,34
1460961060,1235.68,34
1460961120,1236.58,228
1460961180,1236.79,160
1460961240,1236.82,334
1460961300,1236.57,160
1460961360,1236.57,160
1460961420,1236.44,144
1460961480,1236.36,94
1460961540,1235.85,34
1460961600,1235.14,118
1460961660,1233.20,184
1460961720,1233.08,166
1460961780,1233.15,154
1460961840,1233.48,68
1460961900,1233.06,84
1460961960,1233.18,92
1460962020,1233.24,86
1460962080,1230.55,260
1460962140,1231.20,188
1460962200,1230.94,184
1460962260,1231.18,138
1460962320,1231.02,112
1460962380,1231.32,50
1460962440,1231.58,144
1460962500,1231.24,92
1460962560,1231.30,72
1460962620,1231.29,66
1460962680,1231.66,78
1460962740,1231.24,66
1460962800,1233.83,282
1460962860,1235.96,302
1460962920,1235.26,142
1460962980,1234.93,108
1460963040,1234.47,68
1460963100,1234.56,82
1460963160,1234.84,90
1460963220,1236.21,132
1460963280,1235.09,160
1460963340,1234.77,114
1460963400,1234.27,56
1460963460,1234.71,64
1460963520,1234.78,76
1460963580,1234.22,60
1460963640,1234.28,120
1460963700,1235.39,98
1460963760,1235.39,98
1460963820,1234.89,122
1460963880,1235.29,54
1460963940,1235.49,94
1460964000,1237.10,160
1460964060,1236.59,252
1460964120,1236.89,250
1460964180,1237.23,180
1460964240,1237.02,134
1460964300,1236.75,108
1460964360,1235.96,124
1460964420,1236.00,138
1460964480,1235.96,48
1460964540,1235.69,94
1460964600,1236.40,134
1460964660,1236.03,52
1460964720,1235.55,118
1460964780,1235.91,32
1460964840,1235.77,60
1460964900,1235.77,30
1460964960,1236.12,34
1460965020,1236.14,56
1460965080,1236.27,78
1460965140,1235.97,22
1460965200,1234.66,190
1460965260,1234.89,124
1460965320,1235.24,62
1460965380,1235.50,34
1460965440,1235.51,40
1460965500,1235.80,18
1460965560,1235.70,28
1460965620,1235.95,56
1460965680,1235.90,64
1460965740,1235.89,68
1460965800,1235.72,30
1460965860,1236.18,62
1460965920,1236.20,106
1460965980,1235.73,138
1460966040,1235.78,46
1460966100,1235.62,100
1460966160,1235.52,82
1460966220,1235.40,52
1460966280,1234.97,200
1460966340,1234.97,74
1460966400,1234.91,142
1460966460,1235.38,42
1460966520,1235.00,88
1460966580,1234.33,156
1460966640,1234.39,228
1460966700,1234.15,92
1460966760,1234.18,82
1460966820,1234.21,42
1460966880,1234.20,86
1460966940,1234.28,40
1460967000,1234.23,70
1460967060,1234.29,36
1460967120,1234.29,40
1460967180,1234.18,40
1460967240,1234.27,18
1460967300,1234.08,28
1460967360,1234.07,52
1460967420,1234.23,24
1460967480,1234.20,40
1460967540,1234.45,20
1460967600,1234.47,46
1460967660,1234.46,18
1460967720,1234.60,40
1460967780,1234.64,40
1460967840,1234.48,46
1460967900,1234.28,28
1460967960,1234.28,36
1460968020,1233.87,52
1460968080,1233.88,50
1460968140,1233.88,16
1460968200,1234.29,54
1460968260,1234.20,54
1460968320,1234.06,36
1460968380,1234.15,10
1460968440,1234.10,8
1460968500,1234.51,70
1460968560,1234.68,50
1460968620,1234.76,30
1460968680,1235.09,66
1460968740,1234.78,54
1460968800,1235.03,66
1460968860,1234.84,44
1460968920,1234.84,12
1460968980,1234.76,28
1460969040,1234.78,40
1460969100,1235.20,40
1460969160,1235.20,64
1460969220,1235.61,66
1460969280,1235.48,26
1460969340,1235.35,40
1460969400,1235.40,24
1460969460,1235.30,20
1460969520,1235.49,14
1460969580,1235.30,46
1460969640,1235.21,22
1460969700,1235.39,30
1460969760,1235.31,52
1460969820,1235.18,20
1460969880,1235.44,40
1460969940,1235.21,22
1460970000,1235.36,74
1460970060,1235.61,40
1460970120,1235.71,62
1460970180,1235.48,48
1460970240,1235.55,58
1460970300,1235.12,50
1460970360,1235.28,64
1460970420,1235.32,26
1460970480,1235.33,24
1460970540,1235.55,20
1460970600,1236.16,44
1460970660,1236.47,48
1460970720,1236.50,48
1460970780,1236.34,68
1460970840,1236.01,24
1460970900,1236.18,32
1460970960,1236.08,32
1460971020,1235.92,38
1460971080,1235.99,34
1460971140,1236.01,10
1460971200,1235.90,60
1460971260,1235.98,6
1460971320,1236.21,32
1460971380,1236.32,38
1460971440,1236.31,44
1460971500,1236.32,24
1460971560,1236.10,28
1460971620,1236.35,30
1460971680,1236.09,54
1460971740,1236.09,38
1460971800,1237.01,100
1460971860,1237.20,92
1460971920,1236.71,120
1460971980,1237.19,86
1460972040,1237.01,80
1460972100,1237.11,46
1460972160,1236.95,42
1460972220,1236.96,38
1460972280,1236.90,30
1460972340,1237.11,70
1460972400,1236.66,74
1460972460,1236.61,160
1460972520,1237.26,114
1460972580,1237.26,42
1460972640,1237.14,62
1460972700,1237.23,50
1460972760,1237.72,124
1460972820,1237.84,62
1460972880,1237.89,56
1460972940,1237.93,48
1460973000,1238.38,88
1460973060,1238.02,78
1460973120,1238.14,88
1460973180,1238.53,60
1460973240,1238.43,74
1460973300,1238.10,76
1460973360,1238.04,54
1460973420,1237.93,16
1460973480,1238.00,46
1460973540,1238.68,78
1460973600,1239.93,174
1460973660,1239.10,88
1460973720,1239.04,46
1460973780,1238.92,30
1460973840,1238.67,44
1460973900,1238.87,44
1460973960,1238.92,40
1460974020,1238.68,46
1460974080,1239.08,44
1460974140,1238.91,68
1460974200,1238.82,62
1460974260,1238.22,50
1460974320,1237.92,68
1460974380,1238.42,62
1460974440,1238.15,42
1460974500,1237.80,56
1460974560,1237.80,24
1460974620,1237.82,46
1460974680,1237.73,24
1460974740,1237.89,26
1460974800,1237.59,40
1460974860,1237.42,28
1460974920,1237.62,38
1460974980,1237.52,44
1460975040,1237.73,20
1460975100,1237.79,34
1460975160,1237.90,24
1460975220,1237.98,28
1460975280,1238.12,30
1460975340,1238.05,20
1460975400,1238.10,48
1460975460,1238.47,46
1460975520,1238.71,56
1460975580,1238.39,166
1460975640,1238.37,82
1460975700,1238.39,32
1460975760,1238.42,24
1460975820,1238.03,48
1460975880,1237.62,42
1460975940,1237.75,40
1460976000,1238.25,28
1460976060,1237.85,28
1460976120,1237.59,36
1460976180,1237.62,28
1460976240,1237.52,8
1460976300,1237.70,30
1460976360,1237.77,24
1460976420,1237.22,58
1460976480,1237.27,112
1460976540,1237.43,66
1460976600,1237.18,56
1460976660,1237.34,114
1460976720,1237.29,30
1460976780,1236.88,64
1460976840,1237.43,52
1460976900,1237.73,22
1460976960,1237.62,22
1460977020,1237.53,36
1460977080,1237.41,22
1460977140,1237.47,26
1460977200,1237.46,68
1460977260,1237.24,56
1460977320,1237.39,30
1460977380,1237.27,16
1460977440,1237.37,4
1460977500,1237.44,14
1460977560,1237.48,18
1460977620,1237.37,24
1460977680,1237.37,4
1460977740,1237.52,46
1460977800,1237.59,16
1460977860,1237.59,52
1460977920,1237.58,18
1460977980,1237.61,18
1460978040,1237.55,34
1460978100,1237.79,46
1460978160,1237.68,18
1460978220,1237.80,10
1460978280,1237.75,16
1460978340,1237.69,40
1460978400,1237.61,26
1460978460,1237.77,20
1460978520,1237.77,28
1460978580,1237.77,6
1460978640,1237.78,16
1460978700,1238.12,28
1460978760,1237.88,24
1460978820,1237.98,16
1460978880,1238.14,32
1460978940,1238.14,26
1460979000,1238.00,28
1460979060,1238.00,20
1460979120,1237.95,30
1460979180,1237.91,30
1460979240,1237.79,24
1460979300,1238.09,24
1460979360,1238.08,16
1460979420,1238.08,24
1460979480,1237.94,18
1460979540,1238.10,28
1460979600,1237.88,30
1460979660,1237.77,30
1460979720,1237.92,28
1460979780,1237.97,20
1460979840,1238.02,30
1460979900,1237.73,68
1460979960,1237.77,14
1460980020,1237.87,26
1460980080,1237.67,20
1460980140,1237.72,26
1460980200,1237.59,18
1460980260,1237.67,10
1460980320,1237.75,12
1460980380,1237.69,30
1460980440,1237.58,16
1460980500,1237.58,22
1460980560,1237.57,8
1460980620,1237.87,14
1460980680,1237.87,18
1460980740,1237.71,20
1460980800,1237.81,32
1460980860,1237.52,54
1460980920,1237.48,56
1460980980,1237.58,42
1460981040,1237.88,56
1460981100,1237.71,34
1460981160,1237.78,44
1460981220,1237.71,64
1460981280,1237.81,62
1460981340,1237.61,58
1460981400,1238.01,38
1460981460,1238.21,24
1460981520,1237.86,70
1460981580,1237.88,42
1460981640,1237.48,64
1460981700,1237.73,94
1460981760,1237.72,118
1460981820,1237.71,54
1460981880,1237.81,62
1460981940,1238.15,70
1460982000,1238.50,182
1460982060,1239.11,110
1460982120,1239.89,152
1460982180,1239.99,210
1460982240,1240.78,150
1460982300,1240.68,152
1460982360,1240.88,64
1460982420,1240.30,126
1460982480,1240.58,106
1460982540,1240.40,122
1460982600,1240.10,132
1460982660,1239.95,136
1460982720,1239.88,96
1460982780,1240.35,60
1460982840,1240.17,116
1460982900,1239.89,264
1460982960,1240.11,338
1460983020,1240.35,282
1460983080,1240.23,306
1460983140,1241.05,224
1460983200,1240.32,288
1460983260,1240.13,246
1460983320,1240.35,84
1460983380,1240.15,120
1460983440,1239.56,174
1460983500,1239.65,118
1460983560,1239.84,214
1460983620,1239.36,112
1460983680,1239.46,126
1460983740,1239.45,318
1460983800,1239.44,302
1460983860,1239.24,152
1460983920,1239.24,136
1460983980,1239.53,78
1460984040,1239.73,88
1460984100,1239.62,148
1460984160,1238.94,240
1460984220,1239.02,206
1460984280,1239.17,258
1460984340,1239.53,156
1460984400,1239.29,374
1460984460,1239.25,360
1460984520,1240.05,276
1460984580,1240.67,220
1460984640,1240.66,302
1460984700,1240.37,254
1460984760,1239.73,344
1460984820,1239.60,280
1460984880,1239.99,236
1460984940,1239.76,162
1460985000,1239.47,210
1460985060,1239.86,162
1460985120,1239.78,202
1460985180,1239.91,234
1460985240,1240.25,190
1460985300,1240.48,204
1460985360,1240.05,192
1460985420,1240.59,244
1460985480,1241.01,334
1460985540,1241.63,278
1460985600,1241.46,186
1460985660,1241.34,132
1460985720,1241.16,264
1460985780,1241.13,246
1460985840,1241.16,300
1460985900,1240.90,236
1460985960,1240.79,224
1460986020,1240.68,238
1460986080,1240.79,166
1460986140,1240.27,106
1460986200,1240.16,306
1460986260,1240.04,278
1460986320,1240.04,324
1460986380,1240.23,338
1460986440,1239.13,266
1460986500,1239.21,142
1460986560,1239.73,242
1460986620,1239.67,386
1460986680,1239.65,308
1460986740,1238.65,340
1460986800,1238.26,254
1460986860,1237.93,250
1460986920,1238.22,392
1460986980,1238.07,348
1460987040,1238.37,320
1460987100,1238.06,308
1460987160,1237.27,364
1460987220,1237.38,288
1460987280,1236.97,248
1460987340,1236.48,420
1460987400,1236.28,414
1460987460,1236.28,376
1460987520,1235.94,366
1460987580,1235.85,362
1460987640,1235.89,368
1460987700,1235.43,430
1460987760,1235.33,368
1460987820,1235.31,402
1460987880,1234.90,362
1460987940,1233.94,408
1460988000,1234.07,302
1460988060,1233.30,412
1460988120,1232.78,406
1460988180,1233.22,352
1460988240,1233.24,422
1460988300,1233.30,396
1460988360,1233.42,358
1460988420,1233.52,350
1460988480,1233.57,374
1460988540,1233.63,328
1460988600,1233.91,362
1460988660,1234.03,340
1460988720,1233.90,326
1460988780,1233.81,270
1460988840,1233.82,278
1460988900,1233.48,368
1460988960,1233.54,266
1460989020,1233.60,152
1460989080,1232.97,280
1460989140,1232.84,358
1460989200,1233.04,216
1460989260,1233.67,250
1460989320,1234.26,278
1460989380,1234.45,258
1460989440,1234.42,392
1460989500,1234.54,334
1460989560,1234.55,308
1460989620,1234.55,264
1460989680,1234.93,298
1460989740,1234.54,290
1460989800,1234.47,300
1460989860,1234.79,268
1460989920,1235.10,228
1460989980,1234.25,264
1460990040,1234.34,270
1460990100,1234.58,262
1460990160,1234.44,234
1460990220,1234.53,242
1460990280,1234.38,226
1460990340,1234.76,200
1460990400,1234.71,200
1460990460,1234.57,156
1460990520,1234.66,152
1460990580,1234.73,136
1460990640,1234.88,184
1460990700,1234.84,164
1460990760,1234.96,138
1460990820,1234.86,196
1460990880,1234.68,202
1460990940,1234.73,142
1460991000,1234.33,252
1460991060,1234.37,258
1460991120,1234.74,288
1460991180,1235.12,264
1460991240,1234.47,284
1460991300,1234.24,324
1460991360,1234.43,250
1460991420,1235.64,256
1460991480,1235.59,222
1460991540,1235.34,300
1460991600,1235.35,234
1460991660,1234.73,288
1460991720,1234.83,278
1460991780,1234.95,226
1460991840,1234.46,224
1460991900,1234.64,268
1460991960,1234.52,128
1460992020,1234.13,200
1460992080,1234.31,202
1460992140,1234.09,154
1460992200,1234.25,168
1460992260,1234.53,88
1460992320,1234.51,72
1460992380,1234.43,76
1460992440,1234.87,100
1460992500,1234.55,120
1460992560,1234.32,126
1460992620,1234.71,204
1460992680,1234.65,100
1460992740,1234.67,158
1460992800,1234.70,236
1460992860,1234.76,92
1460992920,1234.59,132
1460992980,1234.46,82
1460993040,1234.82,60
1460993100,1234.90,42
1460993160,1235.04,46
1460993220,1235.02,34
1460993280,1235.04,88
1460993340,1234.84,226
1460993400,1234.86,196
1460993460,1235.09,108
1460993520,1235.32,122
1460993580,1235.21,154
1460993640,1235.80,216
1460993700,1235.87,268
1460993760,1235.93,226
1460993820,1235.45,224
1460993880,1235.45,190
1460993940,1235.33,144
1460994000,1235.08,222
1460994060,1235.01,184
1460994120,1235.50,132
1460994180,1235.53,196
1460994240,1235.72,214
1460994300,1235.32,242
1460994360,1235.93,176
1460994420,1235.47,262
1460994480,1235.38,260
1460994540,1235.46,120
1460994600,1235.52,142
1460994660,1234.84,226
1460994720,1234.59,236
1460994780,1234.56,154
1460994840,1234.84,202
1460994900,1234.66,168
1460994960,1234.86,148
1460995020,1234.49,194
1460995080,1234.24,160
1460995140,1233.80,236
1460995200,1233.96,210
1460995260,1233.76,124
1460995320,1233.83,168
1460995380,1233.87,200
1460995440,1233.28,228
1460995500,1232.86,266
1460995560,1233.00,188
1460995620,1233.02,136
1460995680,1233.08,88
1460995740,1232.71,124
1460995800,1232.77,146
1460995860,1232.78,64
1460995920,1232.81,94
1460995980,1233.42,124
1460996040,1233.87,122
1460996100,1233.57,162
1460996160,1233.47,112
1460996220,1233.36,118
1460996280,1233.45,50
1460996340,1233.19,52
1460996400,1233.26,110
1460996460,1233.42,98
1460996520,1233.36,46
1460996580,1233.24,142
1460996640,1233.16,54
1460996700,1232.62,110
1460996760,1232.65,112
1460996820,1232.48,182
1460996880,1232.48,210
1460996940,1232.37,216
1460997000,1231.28,366
1460997060,1231.19,248
1460997120,1231.24,242
1460997180,1231.54,112
1460997240,1231.70,94
1460997300,1231.98,130
1460997360,1232.23,110
1460997420,1232.00,120
1460997480,1231.87,198
1460997540,1231.68,190
1460997600,1231.88,150
1460997660,1232.12,150
1460997720,1232.18,146
1460997780,1232.20,140
1460997840,1232.11,144
1460997900,1232.78,142
1460997960,1232.51,138
1460998020,1232.60,160
1460998080,1232.90,106
1460998140,1233.02,142
1460998200,1232.88,124
1460998260,1232.97,132
1460998320,1233.01,86
1460998380,1233.16,154
1460998440,1233.21,124
1460998500,1233.12,148
1460998560,1233.05,114
1460998620,1232.92,122
1460998680,1232.92,184
1460998740,1232.16,278
1460998800,1232.79,198
1460998860,1232.79,136
1460998920,1233.06,206
1460998980,1233.10,166
1460999040,1233.28,128
1460999100,1233.23,174
1460999160,1233.21,150
1460999220,1233.16,158
1460999280,1233.25,164
1460999340,1233.31,90
1460999400,1233.29,126
1460999460,1233.43,118
1460999520,1233.35,178
1460999580,1233.10,106
1460999640,1233.15,148
1460999700,1233.13,176
1460999760,1233.15,122
1460999820,1233.21,100
1460999880,1233.15,76
1460999940,1233.51,112
1461000000,1233.92,190
1461000060,1233.47,216
1461000120,1233.51,152
1461000180,1233.53,108
1461000240,1233.45,246
1461000300,1233.42,146
1461000360,1233.44,124
1461000420,1233.60,146
1461000480,1233.71,178
1461000540,1233.71,320
1461000600,1234.03,80
1461000660,1234.28,60
1461000720,1234.24,16
1461000780,1234.23,36
1461000840,1234.48,104
1461000900,1234.70,112
1461000960,1234.57,84
1461001020,1234.22,136
1461001080,1233.79,160
1461001140,1234.02,98
1461001200,1234.02,114
1461001260,1233.84,132
1461001320,1233.89,100
1461001380,1233.82,124
1461001440,1233.53,112
1461001500,1233.53,68
1461001560,1233.33,86
1461001620,1233.34,138
1461001680,1233.45,102
1461001740,1233.16,102
1461001800,1233.40,112
1461001860,1233.60,64
1461001920,1234.03,186
1461001980,1233.93,158
1461002040,1233.85,118
1461002100,1233.82,168
1461002160,1233.81,98
1461002220,1233.90,102
1461002280,1233.90,86
1461002340,1233.95,80
1461002400,1233.95,112
1461002460,1233.89,76
1461002520,1233.87,68
1461002580,1233.86,80
1461002640,1233.95,92
1461002700,1234.41,154
1461002760,1234.17,130
1461002820,1233.79,162
1461002880,1233.67,100
1461002940,1233.61,112
1461003000,1233.34,84
1461003060,1233.38,80
1461003120,1233.09,112
1461003180,1233.24,104
1461003240,1233.13,90
1461003300,1233.27,96
1461003360,1233.21,142
1461003420,1233.11,134
1461003480,1233.19,82
1461003540,1233.02,104
1461003600,1233.08,136
1461003660,1233.17,104
1461003720,1232.94,126
1461003780,1233.06,116
1461003840,1233.20,104
1461003900,1233.06,190
1461003960,1233.06,108
1461004020,1233.22,138
1461004080,1233.11,132
1461004140,1232.50,170
1461004200,1232.77,128
1461004260,1232.74,116
1461004320,1232.54,96
1461004380,1232.67,120
1461004440,1232.93,80
1461004500,1232.95,92
1461004560,1232.94,80
1461004620,1232.71,112
1461004680,1232.60,102
1461004740,1232.67,102
1461004800,1232.67,70
1461004860,1232.69,84
1461004920,1232.62,72
1461004980,1232.53,136
1461005040,1232.57,86
1461005100,1232.63,80
1461005160,1232.81,138
1461005220,1232.83,96
1461005280,1232.94,48
1461005340,1232.91,62
1461005400,1233.09,102
1461005460,1233.11,122
1461005520,1233.11,82
1461005580,1232.84,116
1461005640,1233.11,110
1461005700,1233.07,104
1461005760,1233.03,30
1461005820,1233.36,48
1461005880,1233.53,142
1461005940,1233.49,194
1461006000,1233.56,136
1461006060,1233.46,128
1461006120,1233.36,102
1461006180,1233.37,60
1461006240,1233.08,64
1461006300,1233.36,78
1461006360,1233.35,42
1461006420,1233.30,58
1461006480,1233.23,58
1461006540,1233.21,74
1461006600,1233.20,56
1461006660,1233.10,76
1461006720,1233.07,64
1461006780,1233.19,86
1461006840,1233.25,28
1461006900,1233.01,54
1461006960,1232.91,94
1461007020,1232.91,80
1461007080,1233.19,78
1461007140,1233.43,82
1461007200,1233.41,114
1461007260,1233.38,62
1461007320,1233.36,66
1461007380,1233.52,86
1461007440,1233.54,46
1461007500,1233.94,102
1461007560,1233.93,112
1461007620,1233.41,108
1461007680,1233.56,58
1461007740,1233.48,78
1461007800,1233.39,62
1461007860,1233.48,46
1461007920,1233.48,62
1461007980,1233.41,64
1461008040,1233.11,44
1461008100,1232.96,50
1461008160,1232.93,58
1461008220,1233.01,74
1461008280,1233.04,94
1461008340,1232.99,60
1461008400,1232.79,96
1461008460,1232.83,90
1461008520,1232.69,80
1461008580,1232.63,96
1461008640,1232.72,98
1461008700,1232.80,130
1461008760,1232.75,60
1461008820,1232.24,114
1461008880,1232.08,178
1461008940,1231.81,226
1461009000,1231.49,262
1461009060,1231.61,230
1461009120,1232.03,248
1461009180,1231.81,132
1461009240,1231.73,168
1461009300,1231.63,232
1461009360,1231.48,186
1461009420,1231.52,208
1461009480,1231.21,220
1461009540,1231.86,226
1461009600,1231.99,126
1461009660,1231.97,72
1461009720,1232.09,100
1461009780,1232.30,78
1461009840,1232.27,68
1461009900,1232.39,38
1461009960,1232.35,82
1461010020,1232.33,76
1461010080,1232.27,60
1461010140,1232.03,36
1461010200,1231.92,80
1461010260,1231.90,80
1461010320,1232.11,74
1461010380,1232.34,92
1461010440,1232.38,90
1461010500,1232.36,30
1461010560,1232.42,38
1461010620,1232.42,12
1461010680,1232.47,26
1461010740,1232.51,22
1461010800,1232.49,28
1461010860,1232.49,36
1461010920,1232.56,24
1461010980,1232.59,38
1461011040,1232.75,52
1461011100,1232.84,54
1461011160,1232.81,68
1461011220,1232.66,38
1461011280,1232.45,66
1461011340,1232.44,32
1461011400,1232.54,20
1461011460,1232.61,10
1461011520,1232.81,16
1461011580,1232.87,22
1461011640,1232.94,10
1461011760,1232.94,10
1461011820,1232.94,4
1461011880,1232.97,10
1461011940,1232.68,24
1461012000,1232.87,6
1461012060,1232.91,6
1461012120,1232.94,4
1461012180,1232.94,4
1461012240,1232.88,12
1461012300,1232.88,12
1461012360,1232.87,8
1461012420,1232.81,4
1461012480,1232.85,10
1461012540,1232.94,22
1461012600,1232.84,6
1461012660,1232.84,4
1461012720,1232.88,12
1461012780,1232.84,6
1461012840,1232.64,8
1461012900,1232.68,20
1461012960,1232.68,8
1461013020,1232.58,18
1461013080,1232.38,14
1461016800,1232.24,34
1461016860,1232.11,30
1461016920,1231.94,12
1461016980,1232.08,12
1461017040,1231.82,20
1461017100,1231.61,32
1461017160,1231.68,10
1461017220,1231.74,12
1461017340,1231.65,10
1461017400,1231.64,22
1461017460,1231.34,34
1461017520,1230.92,66
1461017580,1231.14,42
1461017640,1231.31,24
1461017700,1231.04,14
1461017760,1230.94,18
1461017820,1231.11,22
1461017880,1231.01,14
1461017940,1231.11,12
1461018000,1231.11,4
1461018060,1231.14,2
1461018120,1231.11,8
1461018180,1231.24,6
1461018240,1231.15,6
1461018300,1231.21,30
1461018360,1231.32,36
1461018420,1231.45,16
1461018480,1231.43,34
1461018540,1231.58,24
1461018600,1231.54,14
1461018660,1231.51,24
1461018720,1231.52,14
1461018780,1231.49,16
1461018840,1231.55,18
1461018900,1231.62,22
1461018960,1231.57,16
1461019080,1231.61,8
1461019140,1231.68,12
1461019200,1231.65,10
1461019260,1231.67,2
1461019320,1231.34,26
1461019380,1231.58,26
1461019440,1231.61,6
1461019500,1231.68,4
1461019680,1231.61,8
1461019740,1231.56,18
1461019800,1231.68,28
1461019860,1231.66,22
1461019920,1231.64,12
1461019980,1231.64,8
1461020040,1231.64,8
1461020100,1231.67,26
1461020160,1231.71,8
1461020220,1231.67,20
1461020280,1231.70,44
1461020340,1231.64,20
1461020400,1231.52,44
1461020460,1231.54,40
1461020520,1231.59,18
1461020580,1231.66,12
1461020640,1231.59,6
1461020820,1231.59,10
1461020880,1231.55,4
1461020940,1231.59,2
1461021120,1231.84,36
1461021180,1231.58,36
1461021240,1231.71,44
1461021300,1231.71,22
1461021360,1231.95,58
1461021420,1231.51,58
1461021480,1231.76,58
1461021540,1231.62,38
1461021600,1231.32,56
1461021660,1231.76,42
1461021720,1231.75,50
1461021780,1231.73,28
1461021840,1231.60,28
1461021900,1231.45,32
1461021960,1231.52,10
1461022020,1231.46,22
1461022080,1231.37,28
1461022140,1231.52,36
1461022200,1231.32,20
1461022260,1231.38,64
1461022320,1231.52,68
1461022380,1231.42,44
1461022440,1231.38,36
1461022500,1231.41,6
1461022560,1231.26,24
1461022620,1231.02,74
1461022680,1231.15,36
1461022740,1231.19,32
1461022800,1230.94,32
1461022860,1229.08,132
1461022920,1229.02,82
1461022980,1229.45,58
1461023040,1229.20,44
1461023100,1229.47,30
1461023160,1229.21,14
1461023220,1229.17,22
1461023280,1229.38,54
1461023340,1229.37,32
1461023400,1229.07,40
1461023460,1229.13,66
1461023520,1229.12,72
1461023580,1229.11,64
1461023640,1229.57,68
1461023700,1229.90,68
1461023760,1229.58,76
1461023820,1229.44,64
1461023880,1229.82,62
1461023940,1229.42,66
1461024000,1229.69,74
1461024060,1229.55,28
1461024120,1230.08,42
1461024180,1229.99,44
1461024240,1229.48,52
1461024300,1229.15,68
1461024360,1228.93,72
1461024420,1228.49,32
1461024480,1228.19,32
1461024540,1228.50,98
1461024600,1228.75,52
1461024660,1228.69,68
1461024720,1228.84,90
1461024780,1228.72,122
1461024840,1228.81,58
1461024900,1228.71,128
1461024960,1228.39,80
1461025020,1228.50,88
1461025080,1228.63,86
1461025140,1228.67,58
1461025200,1228.61,96
1461025260,1228.71,36
1461025320,1228.71,26
1461025380,1228.71,52
1461025440,1228.49,36
1461025500,1228.51,48
1461025560,1228.71,24
1461025620,1228.44,52
1461025680,1228.03,64
1461025740,1228.53,170
1461025800,1228.73,230
1461025860,1228.43,80
1461025920,1228.38,46
1461025980,1228.42,34
1461026040,1228.19,46
1461026100,1228.29,54
1461026160,1228.30,102
1461026220,1228.21,44
1461026280,1228.45,24
1461026340,1228.37,16
1461026400,1228.37,20
1461026460,1228.28,56
1461026520,1228.43,36
1461026580,1228.45,16
1461026640,1228.33,8
1461026700,1228.32,18
1461026760,1228.45,8
1461026820,1228.48,36
1461026880,1228.48,30
1461026940,1228.88,50
1461027000,1228.72,38
1461027060,1228.66,42
1461027120,1228.89,52
1461027180,1229.26,60
1461027240,1229.39,70
1461027300,1229.50,32
1461027360,1229.68,22
1461027420,1229.39,20
1461027480,1229.52,60
1461027540,1229.61,66
1461027600,1229.58,134
1461027660,1229.87,166
1461027720,1230.60,204
1461027780,1230.86,150
1461027840,1230.69,148
1461027900,1230.58,90
1461027960,1230.38,64
1461028020,1230.46,20
1461028080,1230.68,28
1461028140,1230.88,44
1461028200,1230.78,28
1461028260,1230.70,16
1461028320,1230.76,46
1461028380,1230.59,12
1461028440,1230.89,50
1461028500,1230.89,30
1461028560,1230.99,32
1461028620,1230.79,30
1461028680,1230.79,32
1461028740,1230.47,36
1461028800,1230.42,42
1461028860,1230.22,64
1461028920,1230.09,52
1461028980,1230.17,80
1461029040,1230.21,50
1461029100,1230.32,24
1461029160,1230.50,42
1461029220,1230.60,16
1461029280,1230.62,52
1461029340,1230.69,24
1461029400,1230.62,58
1461029460,1230.60,40
1461029520,1230.59,46
1461029580,1230.54,30
1461029640,1230.48,4
1461029700,1230.48,4
1461029760,1230.22,24
1461029820,1230.53,36
1461029880,1230.41,68
1461029940,1230.31,98
1461030000,1230.26,50
1461030060,1230.13,36
1461030120,1230.06,86
1461030180,1230.02,38
1461030240,1229.95,72
1461030300,1230.19,84
1461030360,1230.21,70
1461030420,1230.05,96
1461030480,1230.09,246
1461030540,1230.19,80
1461030600,1230.29,34
1461030660,1230.28,18
1461030720,1230.47,56
1461030780,1230.54,66
1461030840,1230.44,62
1461030900,1230.44,44
1461030960,1230.34,18
1461031020,1230.42,72
1461031080,1230.37,62
1461031140,1230.74,72
1461031200,1230.45,40
1461031260,1230.52,22
1461031320,1230.49,30
1461031380,1230.54,6
1461031440,1230.64,12
1461031500,1230.54,24
1461031560,1230.54,44
1461031620,1230.57,48
1461031680,1230.54,64
1461031740,1230.45,62
1461031800,1230.69,74
1461031860,1230.69,42
1461031920,1230.85,50
1461031980,1230.85,46
1461032040,1231.09,58
1461032100,1230.94,88
1461032160,1231.08,86
1461032220,1231.16,54
1461032280,1231.14,76
1461032340,1230.98,32
1461032400,1230.95,24
1461032460,1230.94,12
1461032520,1231.15,14
1461032580,1231.16,14
1461032640,1231.44,34
1461032700,1231.44,32
1461032760,1231.01,72
1461032820,1231.22,24
1461032880,1231.10,12
1461032940,1231.04,22
1461033000,1230.94,24
1461033060,1231.01,22
1461033120,1231.03,14
1461033180,1230.97,18
1461033240,1230.92,34
1461033300,1230.84,16
1461033360,1230.45,70
1461033420,1230.64,24
1461033480,1230.75,16
1461033540,1230.81,42
1461033600,1230.69,46
1461033660,1230.64,22
1461033720,1230.48,38
1461033780,1230.70,44
1461033840,1230.78,48
1461033900,1230.78,14
1461033960,1230.92,34
1461034020,1230.98,102
1461034080,1230.99,18
1461034140,1231.09,62
1461034200,1230.40,162
1461034260,1231.00,116
1461034320,1231.24,28
1461034380,1231.19,54
1461034440,1231.37,64
1461034500,1231.44,76
1461034560,1231.43,58
1461034620,1231.31,66
1461034680,1231.38,104
1461034740,1231.28,48
1461034800,1231.08,60
1461034860,1230.85,84
1461034920,1231.28,44
1461034980,1231.20,58
1461035040,1231.13,40
1461035100,1231.28,28
1461035160,1231.31,66
1461035220,1231.18,76
1461035280,1231.30,80
1461035340,1231.00,42
1461035400,1231.11,62
1461035460,1231.06,32
1461035520,1230.94,28
1461035580,1230.79,24
1461035640,1230.82,36
1461035700,1230.62,74
1461035760,1230.60,30
1461035820,1230.83,30
1461035880,1230.92,22
1461035940,1230.81,26
1461036000,1230.89,50
1461036060,1230.70,34
1461036120,1230.78,28
1461036180,1230.72,12
1461036240,1230.67,14
1461036300,1230.65,52
1461036360,1230.58,4
1461036420,1230.58,6
1461036480,1228.54,238
1461036540,1229.56,116
1461036600,1229.64,38
1461036660,1229.72,44
1461036720,1229.94,40
1461036780,1229.73,32
1461036840,1229.93,44
1461036900,1230.12,16
1461036960,1230.02,14
1461037020,1230.31,40
1461037080,1231.99,242
1461037140,1231.58,100
1461037200,1231.85,52
1461037260,1231.93,48
1461037320,1232.03,32
1461037380,1231.93,22
1461037440,1232.21,16
1461037500,1232.22,28
1461037560,1231.91,34
1461037620,1232.09,112
1461037680,1232.09,64
1461037740,1232.23,90
1461037800,1232.13,128
1461037860,1232.32,100
1461037920,1235.08,262
1461037980,1234.09,84
1461038040,1233.98,40
1461038100,1233.78,106
1461038160,1233.50,74
1461038220,1233.46,64
1461038280,1233.48,60
1461038340,1233.48,56
1461038400,1233.81,88
1461038460,1234.10,46
1461038520,1234.65,102
1461038580,1234.59,72
1461038640,1234.41,62
1461038700,1234.22,60
1461038760,1234.33,26
1461038820,1234.23,14
1461038880,1234.17,14
1461038940,1233.99,22
1461039000,1233.99,20
1461039060,1233.93,4
1461039120,1233.80,26
1461039180,1234.06,30
1461039240,1233.80,108
1461039300,1234.12,150
1461039360,1233.76,126
1461039420,1234.21,106
1461039480,1234.32,160
1461039540,1234.08,88
1461039600,1234.26,108
1461039660,1234.31,56
1461039720,1234.22,110
1461039780,1234.15,156
1461039840,1234.15,120
1461039900,1232.97,120
1461039960,1232.84,70
1461040020,1232.64,84
1461040080,1232.37,54
1461040140,1232.40,36
1461040200,1232.54,46
1461040260,1232.57,28
1461040320,1232.37,32
1461040380,1232.47,30
1461040440,1232.37,22
1461040500,1232.61,70
1461040560,1232.78,18
1461040620,1232.87,12
1461040680,1233.07,22
1461040740,1233.21,22
1461040800,1233.26,32
1461040860,1233.17,22
1461040920,1233.17,4
1461041040,1233.47,14
1461041100,1233.70,34
1461041160,1233.54,34
1461041220,1233.52,64
1461041280,1233.24,94
1461041340,1233.16,38
1461041400,1233.16,90
1461041460,1233.27,80
1461041520,1233.06,90
1461041580,1233.01,72
1461041640,1233.05,14
1461041700,1233.12,14
1461041760,1233.18,20
1461041820,1233.06,14
1461041880,1233.36,42
1461041940,1233.36,22
1461042000,1233.26,34
1461042060,1233.27,44
1461042120,1233.26,10
1461042180,1233.18,20
1461042240,1232.96,30
1461042300,1232.96,16
1461042360,1232.56,30
1461042420,1232.60,90
1461042480,1232.67,34
1461042540,1232.79,96
1461042600,1232.97,20
1461042660,1233.02,22
1461042720,1233.06,50
1461042780,1233.07,2
1461042840,1233.27,20
1461042960,1233.07,16
1461043020,1233.07,8
1461043080,1232.94,54
1461043140,1233.04,50
1461043200,1232.88,32
1461043260,1232.87,12
1461043320,1232.94,70
1461043380,1232.65,94
1461043440,1232.65,68
1461043500,1232.68,40
1461043560,1232.77,18
1461043620,1232.69,32
1461043680,1232.77,42
1461043740,1232.71,24
1461043800,1232.67,86
1461043860,1232.52,54
1461043920,1232.43,34
1461043980,1232.27,44
1461044040,1232.17,36
1461044100,1232.07,30
1461044160,1232.27,62
1461044220,1232.47,46
1461044280,1232.46,72
1461044340,1232.38,18
1461044400,1232.08,18
1461044460,1232.16,44
1461044520,1232.36,20
1461044580,1232.36,26
1461044640,1232.46,18
1461044700,1233.01,68
1461044760,1233.28,76
1461044820,1233.07,24
1461044880,1233.07,10
1461044940,1233.09,4
1461045000,1233.36,40
1461045060,1233.36,34
1461045120,1233.87,40
1461045180,1233.77,98
1461045240,1233.54,78
1461045300,1233.37,52
1461045420,1233.27,44
1461045480,1232.97,62
1461045540,1233.27,38
1461045600,1233.47,74
1461045660,1233.51,134
1461045720,1233.64,80
1461045780,1233.59,88
1461045840,1233.67,72
1461045900,1233.79,106
1461045960,1233.67,138
1461046020,1233.98,62
1461046080,1233.96,128
1461046140,1234.29,192
1461046200,1234.56,94
1461046260,1234.35,126
1461046320,1234.18,36
1461046380,1234.32,32
1461046440,1234.39,32
1461046500,1234.09,48
1461046560,1233.86,36
1461046620,1234.36,122
1461046680,1234.88,206
1461046740,1235.10,174
1461046800,1235.28,108
1461046860,1235.26,158
1461046920,1234.76,92
1461046980,1234.85,24
1461047040,1236.06,78
1461047100,1236.35,238
1461047160,1237.43,166
1461047220,1237.36,170
1461047280,1237.15,106
1461047340,1236.95,80
1461047400,1237.40,88
1461047460,1236.75,62
1461047520,1236.70,58
1461047580,1236.54,106
1461047640,1236.74,100
1461047700,1236.94,78
1461047760,1237.15,74
1461047820,1237.64,134
1461047880,1237.38,220
1461047940,1237.43,168
1461048000,1237.43,76
1461048060,1237.94,140
1461048120,1237.50,130
1461048180,1237.53,132
1461048240,1237.53,68
1461048300,1238.43,152
1461048360,1239.23,194
1461048420,1239.12,146
1461048480,1238.69,88
1461048540,1239.25,88
1461048600,1239.75,136
1461048660,1239.81,158
1461048720,1239.89,244
1461048780,1240.21,220
1461048840,1240.50,206
1461048900,1240.53,184
1461048960,1245.10,346
1461049020,1245.01,232
1461049080,1243.96,186
1461049140,1244.25,176
1461049200,1243.68,272
1461049260,1244.14,212
1461049320,1243.72,130
1461049380,1242.68,160
1461049440,1242.94,126
1461049500,1243.36,134
1461049560,1242.39,236
1461049620,1242.95,286
1461049680,1242.54,158
1461049740,1243.28,100
1461049800,1243.60,88
1461049860,1243.14,114
1461049920,1243.06,106
1461049980,1243.06,74
1461050040,1243.70,90
1461050100,1243.66,76
1461050160,1243.92,94
1461050220,1244.25,90
1461050280,1244.19,64
1461050340,1244.74,100
1461050400,1244.87,88
1461050460,1245.57,136
1461050520,1245.41,140
1461050580,1244.77,148
1461050640,1245.41,86
1461050700,1246.00,168
1461050760,1245.00,250
1461050820,1244.60,178
1461050880,1245.00,134
1461050940,1244.26,150
1461051000,1244.20,142
1461051060,1244.20,138
1461051120,1244.20,118
1461051180,1244.03,90
1461051240,1243.83,158
1461051300,1243.79,54
1461051360,1243.21,120
1461051420,1243.09,200
1461051480,1242.65,246
1461051540,1242.69,104
1461051600,1242.81,122
1461051660,1243.49,138
1461051720,1243.78,142
1461051780,1243.29,146
1461051840,1243.35,114
1461051900,1243.29,218
1461051960,1242.83,148
1461052020,1243.08,84
1461052080,1243.22,46
1461052140,1243.18,26
1461052200,1243.18,46
1461052260,1243.52,64
1461052320,1243.49,58
1461052380,1243.59,70
1461052440,1243.49,140
1461052500,1242.72,188
1461052560,1242.49,108
1461052620,1242.63,140
1461052680,1241.93,256
1461052740,1241.88,192
1461052800,1242.03,200
1461052860,1242.35,262
1461052920,1241.92,292
1461052980,1242.38,184
1461053040,1242.15,232
1461053100,1242.23,94
1461053160,1241.84,174
1461053220,1241.90,112
1461053280,1242.08,30
1461053340,1242.12,114
1461053400,1242.02,118
1461053460,1242.02,84
1461053520,1242.18,76
1461053580,1242.03,100
1461053640,1242.18,116
1461053700,1242.28,56
1461053760,1242.58,148
1461053820,1242.78,118
1461053880,1242.69,158
1461053940,1242.49,120
1461054000,1242.58,86
1461054060,1242.53,124
1461054120,1242.40,176
1461054180,1242.22,128
1461054240,1242.45,138
1461054300,1242.38,86
1461054360,1242.43,114
1461054420,1242.44,138
1461054480,1242.48,118
1461054540,1242.23,36
1461054600,1242.34,204
1461054660,1242.14,104
1461054720,1242.24,68
1461054780,1242.58,84
1461054840,1242.63,36
1461054900,1242.68,44
1461054960,1242.57,30
1461055020,1242.45,74
1461055080,1242.64,116
1461055140,1242.68,96
1461055200,1242.68,118
1461055260,1243.00,134
1461055320,1242.52,42
1461055380,1242.74,40
1461055440,1242.88,60
1461055500,1242.98,84
1461055560,1243.12,50
1461055620,1243.08,56
1461055680,1242.78,56
1461055740,1242.48,56
1461055800,1242.24,174
1461055860,1242.38,112
1461055920,1242.66,152
1461055980,1242.76,144
1461056040,1242.80,134
1461056100,1242.58,98
1461056160,1242.17,188
1461056220,1242.12,170
1461056280,1242.09,184
1461056340,1241.95,150
1461056400,1242.35,190
1461056460,1242.18,232
1461056520,1242.02,206
1461056580,1242.28,166
1461056640,1242.10,186
1461056700,1242.37,210
1461056760,1242.23,246
1461056820,1242.39,196
1461056880,1242.33,164
1461056940,1242.57,192
1461057000,1242.01,156
1461057060,1242.46,160
1461057120,1242.23,148
1461057180,1242.25,182
1461057240,1242.25,208
1461057300,1242.12,172
1461057360,1241.84,160
1461057420,1241.82,160
1461057480,1242.08,56
1461057540,1242.12,86
1461057600,1242.18,134
1461057660,1242.38,62
1461057720,1243.08,130
1461057780,1242.65,176
1461057840,1242.48,228
1461057900,1242.51,180
1461057960,1242.26,152
1461058020,1242.15,148
1461058080,1242.32,22
1461058140,1242.15,114
1461058200,1241.53,164
1461058260,1241.69,122
1461058320,1241.88,38
1461058380,1242.33,186
1461058440,1242.83,228
1461058500,1242.55,246
1461058560,1242.30,208
1461058620,1242.25,148
1461058680,1242.22,60
1461058740,1242.20,106
1461058800,1242.05,108
1461058860,1242.08,36
1461058920,1242.08,116
1461058980,1242.14,116
1461059040,1242.25,154
1461059100,1242.54,212
1461059160,1242.51,188
1461059220,1242.69,156
1461059280,1242.53,112
1461059340,1242.50,52
1461059400,1242.82,60
1461059460,1243.24,94
1461059520,1243.20,174
1461059580,1243.25,176
1461059640,1243.17,160
1461059700,1243.01,142
1461059760,1243.20,122
1461059820,1243.15,150
1461059880,1243.11,190
1461059940,1243.13,142
1461060000,1242.71,168
1461060060,1242.68,96
1461060120,1242.62,124
1461060180,1242.58,72
1461060240,1242.72,104
1461060300,1242.72,50
1461060360,1242.78,42
1461060420,1242.86,74
1461060480,1242.88,94
1461060540,1242.73,142
1461060600,1242.78,98
1461060660,1242.98,172
1461060720,1243.09,144
1461060780,1243.29,156
1461060840,1243.27,132
1461060900,1243.16,164
1461060960,1243.17,162
1461061020,1242.99,144
1461061080,1242.80,164
1461061140,1242.82,96
1461061200,1242.72,152
1461061260,1242.72,88
1461061320,1242.67,120
1461061380,1242.57,150
1461061440,1242.02,228
1461061500,1242.09,148
1461061560,1242.25,154
1461061620,1242.58,140
1461061680,1242.54,188
1461061740,1243.13,192
1461061800,1242.88,164
1461061860,1242.78,150
1461061920,1242.80,114
1461061980,1242.88,152
1461062040,1242.93,94
1461062100,1242.80,128
1461062160,1242.72,94
1461062220,1242.72,82
1461062280,1242.74,76
1461062340,1242.83,88
1461062400,1242.88,110
1461062460,1242.62,84
1461062520,1242.70,128
1461062580,1242.72,80
1461062640,1242.72,106
1461062700,1242.58,68
1461062760,1242.38,144
1461062820,1241.72,280
1461062880,1242.04,260
1461062940,1242.34,204
1461063000,1242.44,210
1461063060,1242.25,134
1461063120,1242.33,150
1461063180,1241.52,168
1461063240,1242.01,228
1461063300,1242.77,124
1461063360,1242.38,172
1461063420,1242.14,210
1461063480,1242.37,146
1461063540,1242.47,186
1461063600,1242.42,130
1461063660,1242.44,90
1461063720,1242.27,134
1461063780,1242.12,198
1461063840,1242.28,182
1461063900,1242.47,120
1461063960,1242.34,170
1461064020,1242.36,72
1461064080,1242.41,118
1461064140,1242.37,154
1461064200,1242.41,128
1461064260,1242.32,128
1461064320,1242.06,220
1461064380,1242.22,198
1461064440,1242.27,252
1461064500,1242.22,218
1461064560,1242.15,200
1461064620,1242.12,118
1461064680,1242.28,128
1461064740,1242.19,164
1461064800,1242.31,284
1461064860,1242.20,180
1461064920,1242.29,212
1461064980,1242.23,186
1461065040,1242.25,196
1461065100,1242.22,230
1461065160,1242.22,234
1461065220,1242.33,172
1461065280,1242.33,256
1461065340,1242.42,158
1461065400,1242.65,262
1461065460,1242.91,272
1461065520,1243.06,234
1461065580,1243.48,262
1461065640,1243.40,232
1461065700,1243.48,206
1461065760,1243.62,136
1461065820,1243.43,300
1461065880,1243.21,220
1461065940,1243.25,190
1461066000,1243.07,250
1461066060,1243.21,172
1461066120,1243.23,176
1461066180,1243.17,56
1461066240,1243.18,52
1461066300,1243.18,46
1461066360,1243.63,120
1461066420,1243.52,180
1461066480,1243.52,90
1461066540,1243.76,48
1461066600,1243.86,94
1461066660,1243.86,104
1461066720,1243.90,148
1461066780,1243.98,204
1461066840,1243.78,210
1461066900,1243.49,178
1461066960,1243.68,106
1461067020,1243.70,154
1461067080,1243.65,186
1461067140,1243.36,218
1461067200,1244.16,96
1461067260,1244.90,218
1461067320,1244.84,284
1461067380,1244.86,188
1461067440,1244.96,90
1461067500,1244.78,136
1461067560,1245.15,150
1461067620,1244.97,202
1461067680,1244.88,236
1461067740,1244.78,148
1461067800,1245.44,168
1461067860,1245.76,258
1461067920,1246.05,340
1461067980,1247.18,380
1461068040,1246.59,414
1461068100,1246.42,262
1461068160,1246.28,276
1461068220,1246.21,246
1461068280,1245.99,184
1461068340,1246.42,270
1461068400,1247.27,344
1461068460,1247.94,372
1461068520,1248.59,330
1461068580,1248.62,394
1461068640,1248.20,392
1461068700,1247.84,360
1461068760,1247.78,298
1461068820,1247.64,278
1461068880,1248.31,248
1461068940,1248.40,218
1461069000,1249.04,378
1461069060,1248.70,306
1461069120,1248.79,350
1461069180,1249.39,244
1461069240,1249.85,346
1461069300,1249.78,264
1461069360,1250.14,362
1461069420,1250.30,310
1461069480,1250.08,338
1461069540,1250.74,294
1461069600,1250.55,320
1461069660,1249.86,372
1461069720,1250.19,208
1461069780,1250.31,208
1461069840,1250.66,206
1461069900,1250.83,298
1461069960,1250.99,286
1461070020,1250.66,218
1461070080,1251.27,224
1461070140,1251.23,238
1461070200,1250.61,356
1461070260,1250.77,270
1461070320,1250.57,240
1461070380,1250.42,214
1461070440,1250.03,202
1461070500,1250.36,152
1461070560,1250.36,154
1461070620,1250.48,66
1461070680,1250.04,164
1461070740,1249.97,214
1461070800,1250.93,212
1461070860,1250.55,382
1461070920,1250.94,206
1461070980,1250.72,214
1461071040,1250.66,158
1461071100,1250.62,240
1461071160,1249.87,240
1461071220,1249.66,240
1461071280,1249.34,170
1461071340,1249.24,110
1461071400,1249.51,96
1461071460,1249.49,104
1461071520,1249.34,220
1461071580,1249.69,98
1461071640,1250.39,80
1461071700,1251.78,190
1461071760,1251.45,304
1461071820,1250.68,228
1461071880,1251.19,180
1461071940,1251.02,390
1461072000,1251.82,338
1461072060,1254.62,310
1461072120,1254.91,366
1461072180,1255.11,320
1461072240,1255.03,374
1461072300,1255.08,282
1461072360,1254.04,400
1461072420,1254.12,256
1461072480,1253.93,376
1461072540,1254.46,278
1461072600,1254.38,192
1461072660,1254.70,298
1461072720,1254.66,336
1461072780,1254.50,324
1461072840,1254.79,374
1461072900,1254.49,326
1461072960,1254.63,388
1461073020,1254.02,348
1461073080,1253.50,402
1461073140,1253.46,450
1461073200,1253.49,502
1461073260,1253.92,430
1461073320,1253.67,416
1461073380,1253.22,344
1461073440,1253.66,352
1461073500,1254.01,342
1461073560,1253.36,408
1461073620,1253.00,440
1461073680,1253.06,454
1461073740,1252.92,440
1461073800,1253.46,370
1461073860,1254.06,216
1461073920,1254.14,236
1461073980,1254.34,244
1461074040,1254.42,312
1461074100,1254.55,316
1461074160,1254.46,154
1461074220,1254.23,124
1461074280,1254.89,166
1461074340,1254.83,340
1461074400,1255.52,450
1461074460,1255.23,454
1461074520,1255.31,442
1461074580,1255.14,478
1461074640,1255.39,416
1461074700,1255.41,352
1461074760,1255.01,130
1461074820,1254.58,132
1461074880,1255.31,76
1461074940,1255.39,272
1461075000,1256.12,220
1461075060,1256.42,340
1461075120,1255.25,222
1461075180,1255.15,80
1461075240,1254.97,142
1461075300,1254.84,288
1461075360,1254.83,284
1461075420,1254.93,308
1461075480,1254.38,332
1461075540,1254.44,106
1461075600,1253.78,88
1461075660,1253.69,322
1461075720,1254.20,118
1461075780,1254.25,96
1461075840,1254.14,58
1461075900,1254.27,98
1461075960,1253.91,84
1461076020,1254.02,98
1461076080,1254.02,78
1461076140,1254.03,92
1461076200,1254.41,80
1461076260,1253.35,106
1461076320,1252.81,102
1461076380,1252.66,96
1461076440,1252.02,176
1461076500,1252.61,122
1461076560,1253.01,88
1461076620,1252.47,60
1461076680,1252.65,124
1461076740,1253.38,190
1461076800,1253.71,138
1461076860,1253.23,92
1461076920,1253.08,64
1461076980,1253.18,30
1461077040,1253.28,42
1461077100,1253.38,34
1461077160,1253.18,66
1461077220,1253.58,40
1461077280,1253.18,46
1461077340,1251.98,90
1461077400,1252.28,66
1461077460,1252.88,52
1461077520,1252.98,62
1461077580,1253.31,80
1461077640,1252.95,230
1461077700,1252.98,224
1461077760,1253.43,182
1461077820,1253.78,62
1461077880,1253.78,46
1461077940,1253.83,82
1461078000,1253.48,104
1461078060,1253.75,78
1461078120,1253.45,48
1461078180,1253.55,60
1461078240,1254.13,76
1461078300,1253.73,76
1461078360,1253.73,60
1461078420,1253.85,58
1461078480,1253.88,30
1461078540,1254.01,56
1461078600,1254.21,42
1461078660,1253.71,54
1461078720,1254.21,54
1461078780,1253.91,54
1461078840,1254.31,42
1461078900,1254.11,34
1461078960,1254.52,58
1461079020,1254.47,40
1461079080,1254.50,34
1461079140,1254.50,46
1461079200,1254.60,26
1461079260,1254.50,26
1461079320,1254.90,48
1461079380,1254.60,52
1461079440,1254.50,48
1461079500,1254.60,46
1461079560,1254.50,38
1461079620,1254.65,22
1461079680,1254.54,60
1461079740,1254.50,82
1461079800,1254.10,114
1461079860,1254.10,144
1461079920,1254.40,94
1461079980,1254.50,68
1461080040,1254.55,200
1461080100,1254.71,220
1461080160,1254.84,114
1461080220,1254.87,106
1461080280,1254.71,174
1461080340,1254.48,224
1461080400,1255.16,122
1461080460,1255.35,40
1461080520,1255.25,94
1461080580,1255.13,94
1461080640,1254.98,196
1461080700,1254.54,302
1461080760,1254.71,276
1461080820,1254.79,42
1461080880,1254.85,24
1461080940,1254.73,70
1461081000,1255.21,172
1461081060,1254.94,102
1461081120,1254.68,64
1461081180,1254.68,40
1461081240,1254.88,26
1461081300,1254.98,34
1461081360,1254.98,22
1461081420,1254.66,22
1461081480,1254.51,142
1461081540,1254.85,114
1461081600,1254.65,50
1461081660,1254.85,32
1461081720,1254.95,24
1461081780,1254.85,40
1461081840,1254.65,32
1461081900,1254.75,50
1461081960,1254.59,80
1461082020,1254.46,68
1461082080,1254.57,52
1461082140,1254.88,88
1461082200,1254.77,130
1461082260,1254.77,96
1461082320,1254.03,126
1461082380,1253.08,132
1461082440,1252.85,128
1461082500,1252.51,104
1461082560,1253.27,116
1461082620,1253.50,76
1461082680,1253.70,64
1461082740,1253.91,38
1461082800,1253.15,48
1461082860,1253.75,40
1461082920,1254.05,72
1461082980,1254.05,36
1461083040,1254.25,54
1461083100,1254.28,16
1461083160,1254.30,16
1461083220,1254.45,48
1461083280,1254.35,18
1461083340,1254.01,24
1461083400,1253.92,32
1461083460,1254.31,26
1461083520,1254.01,26
1461083580,1254.11,14
1461083640,1254.08,20
1461083700,1253.98,48
1461083760,1253.98,34
1461083820,1253.88,68
1461083880,1254.13,110
1461083940,1253.86,52
1461084000,1253.76,26
1461084060,1253.76,32
1461084120,1253.75,110
1461084180,1254.02,214
1461084240,1253.85,128
1461084300,1253.81,188
1461084360,1253.61,194
1461084420,1253.69,208
1461084480,1253.88,128
1461084540,1253.99,168
1461084600,1253.97,266
1461084660,1253.95,110
1461084720,1253.41,42
1461084780,1253.45,92
1461084840,1253.75,56
1461084900,1254.05,42
1461084960,1253.65,28
1461085020,1253.50,34
1461085080,1253.50,46
1461085140,1253.40,22
1461085200,1253.60,16
1461085260,1253.60,16
1461085320,1253.60,38
1461085380,1253.90,12
1461085440,1253.70,42
1461085500,1253.80,18
1461085560,1254.00,20
1461085620,1253.70,30
1461085680,1253.70,42
1461085740,1254.00,12
1461085800,1253.80,28
1461085860,1254.00,24
1461085920,1253.90,22
1461085980,1253.90,24
1461086040,1253.64,40
1461086100,1253.54,6
1461086160,1253.54,16
1461086220,1253.58,24
1461086280,1253.18,24
1461086340,1252.88,46
1461086400,1252.68,40
1461086460,1252.78,96
1461086520,1252.64,90
1461086580,1252.73,150
1461086640,1252.62,282
1461086700,1251.31,206
1461086760,1251.97,68
1461086820,1251.77,56
1461086880,1252.27,46
1461086940,1252.37,72
1461087000,1252.07,48
1461087060,1252.27,8
1461087120,1252.37,10
1461087180,1252.37,18
1461087240,1252.67,14
1461087300,1252.27,10
1461087360,1252.47,8
1461087420,1252.57,6
1461087480,1252.77,12
1461087540,1252.77,20
1461087600,1253.07,16
1461087660,1252.97,14
1461087720,1252.77,16
1461087780,1252.97,12
1461087840,1253.26,28
1461087900,1252.96,24
1461087960,1252.46,22
1461088020,1252.93,30
1461088080,1252.86,10
1461088140,1252.26,26
1461088200,1252.16,54
1461088260,1252.36,40
1461088320,1252.06,28
1461088380,1252.36,40
1461088440,1252.46,14
1461088500,1252.46,42
1461088560,1252.30,88
1461088620,1252.02,176
1461088680,1251.85,196
1461088740,1251.85,188
1461088800,1251.67,180
1461088860,1251.28,196
1461088920,1251.17,76
1461088980,1251.47,54
1461089040,1251.67,20
1461089100,1251.37,16
1461089160,1251.87,24
1461089220,1251.97,74
1461089280,1252.13,82
1461089340,1252.07,122
1461089400,1252.06,84
1461089460,1251.96,36
1461089520,1251.66,44
1461089580,1251.65,92
1461089640,1251.56,116
1461089700,1251.21,146
1461089760,1251.03,78
1461089820,1250.95,58
1461089880,1250.98,126
1461089940,1251.94,76
1461090000,1251.79,44
1461090060,1251.77,68
1461090120,1250.84,78
1461090180,1251.78,400
1461090240,1251.89,244
1461090300,1252.36,50
1461090360,1252.26,14
1461090420,1252.46,20
1461090480,1252.36,22
1461090540,1252.52,20
1461090600,1252.34,54
1461090660,1252.54,30
1461090720,1253.14,48
1461090780,1252.53,50
1461090840,1252.95,38
1461090900,1252.51,24
1461090960,1252.44,46
1461091020,1252.43,30
1461091080,1252.53,18
1461091140,1252.23,34
1461091200,1252.14,46
1461091260,1252.45,58
1461091320,1252.73,90
1461091380,1253.15,144
1461091440,1253.26,64
1461091500,1252.76,88
1461091560,1253.05,114
1461091620,1253.14,70
1461091680,1252.92,94
1461091740,1253.03,90
1461091800,1253.01,56
1461091860,1252.84,24
1461091920,1252.61,68
1461091980,1252.22,36
1461092040,1252.12,18
1461092100,1252.03,14
1461092160,1251.82,10
1461092220,1251.94,52
1461092280,1252.02,68
1461092340,1252.04,130
1461092400,1251.95,72
1461092460,1252.12,30
1461092520,1251.99,80
1461092580,1252.02,24
1461092640,1252.03,8
1461092700,1251.75,50
1461092760,1251.52,82
1461092820,1251.44,40
1461092880,1251.26,50
1461092940,1251.26,40
1461093000,1251.22,46
1461093060,1251.32,10
1461093120,1251.32,24
1461093180,1251.32,20
1461093240,1251.32,4
1461093300,1251.31,30
1461093360,1251.38,20
1461093420,1251.42,14
1461093480,1251.27,6
1461093540,1251.18,14
1461093600,1251.18,6
1461093660,1251.18,32
1461093720,1251.18,14
1461093780,1251.19,2
1461093840,1251.08,14
1461093900,1251.12,20
1461093960,1251.12,4
1461094020,1251.12,26
1461094080,1251.11,36
1461094140,1251.12,30
1461094200,1251.07,40
1461094260,1251.13,14
1461094320,1251.13,10
1461094380,1251.22,36
1461094440,1251.22,12
1461094500,1251.14,10
1461094560,1251.13,8
1461094620,1251.23,14
1461094680,1251.08,20
1461094740,1251.13,22
1461094800,1251.22,8
1461094860,1251.13,12
1461094920,1251.13,18
1461094980,1251.08,2
1461095040,1251.12,12
1461095160,1251.18,52
1461095220,1251.22,26
1461095280,1251.12,28
1461095340,1250.82,40
1461095400,1250.92,52
1461095460,1250.72,24
1461095520,1250.52,32
1461095580,1250.52,18
1461095640,1250.72,26
1461095700,1250.82,30
1461095760,1250.92,64
1461095820,1251.12,16
1461095880,1251.12,8
1461095940,1251.12,38
1461096000,1250.76,62
1461096060,1250.64,64
1461096120,1250.77,104
1461096180,1250.72,82
1461096240,1250.61,40
1461096300,1250.58,80
1461096360,1250.52,42
1461096420,1250.57,28
1461096480,1250.55,40
1461096540,1250.50,34
1461096600,1250.30,36
1461096660,1250.41,26
1461096720,1250.55,38
1461096780,1250.43,78
1461096840,1250.54,44
1461096900,1250.52,50
1461096960,1250.27,86
1461097020,1250.03,98
1461097080,1250.34,50
1461097140,1250.41,30
1461097200,1250.23,34
1461097260,1250.14,32
1461097320,1250.06,10
1461097380,1250.14,22
1461097440,1250.04,20
1461097500,1250.07,14
1461097560,1250.16,22
1461097620,1250.43,28
1461097680,1250.01,102
1461097740,1250.02,38
1461097800,1250.19,10
1461097860,1249.89,12
1461097920,1250.03,10
1461097980,1250.10,10
1461098040,1250.12,18
1461098100,1250.12,4
1461098160,1249.99,8
1461098220,1249.99,6
1461098280,1249.90,4
1461098340,1249.99,4
1461098460,1249.99,4
1461098520,1249.94,8
1461098580,1249.89,8
1461098700,1249.74,14
1461098760,1249.49,10
1461098820,1249.81,10
1461098880,1249.80,10
1461098940,1249.80,4
1461099000,1249.90,8
1461099060,1249.89,8
1461099120,1250.09,8
1461099180,1250.06,8
1461099240,1250.12,14
1461099300,1250.00,10
1461099360,1249.99,2
1461099480,1250.17,12
1461103200,1249.42,96
1461103260,1249.32,44
1461103320,1249.36,22
1461103380,1249.41,6
1461103440,1249.82,34
1461103500,1250.12,26
1461103560,1250.06,32
1461103620,1250.31,22
1461103680,1250.11,12
1461103740,1250.15,6
1461103800,1250.15,6
1461103860,1250.12,8
1461103920,1250.15,18
1461103980,1250.31,4
1461104040,1250.26,12
1461104100,1250.31,8
1461104160,1250.51,16
1461104220,1250.53,26
1461104280,1250.52,6
1461104340,1250.45,10
1461104400,1250.51,6
1461104460,1250.32,12
1461104520,1250.02,30
1461104580,1250.01,28
1461104640,1249.99,6
1461104700,1250.13,26
1461104760,1250.12,20
1461104820,1249.98,22
1461104880,1249.96,12
1461104940,1249.86,30
1461105000,1249.86,8
1461105060,1249.89,16
1461105120,1249.93,26
1461105180,1249.87,18
1461105240,1249.74,14
1461105300,1249.73,4
1461105360,1249.83,14
1461105420,1250.08,54
1461105480,1250.14,24
1461105540,1250.23,54
1461105600,1250.26,30
1461105660,1250.28,6
1461105720,1250.32,28
1461105780,1250.49,26
1461105840,1250.29,48
1461105900,1250.32,20
1461105960,1250.52,12
1461106020,1250.68,28
1461106080,1250.99,52
1461106140,1251.09,42
1461106200,1250.86,58
1461106260,1250.88,34
1461106320,1250.77,24
1461106380,1250.84,18
1461106440,1250.63,62
1461106500,1250.64,28
1461106560,1250.62,12
1461106620,1250.63,6
1461106680,1250.35,32
1461106740,1250.13,26
1461106800,1250.05,36
1461106860,1249.94,30
1461106920,1249.94,8
1461106980,1249.94,10
1461107040,1250.03,22
1461107100,1249.98,32
1461107160,1249.99,38
1461107220,1250.07,34
1461107280,1250.18,42
1461107340,1250.07,20
1461107400,1249.92,52
1461107460,1250.14,38
1461107520,1250.15,20
1461107580,1250.24,10
1461107640,1250.06,50
1461107700,1249.92,46
1461107760,1250.03,10
1461107820,1250.05,10
1461107880,1250.12,30
1461107940,1250.11,12
1461108000,1250.13,28
1461108060,1249.99,38
1461108120,1250.01,28
1461108180,1250.10,32
1461108240,1250.11,24
1461108300,1250.02,44
1461108360,1250.08,18
1461108420,1250.18,40
1461108480,1250.11,34
1461108540,1250.14,20
1461108600,1250.19,94
1461108660,1250.18,30
1461108720,1250.18,12
1461108780,1250.19,68
1461108840,1250.21,32
1461108900,1250.60,46
1461108960,1250.61,34
1461109020,1250.62,16
1461109080,1250.59,16
1461109140,1250.60,10
1461109200,1250.70,20
1461109260,1250.61,52
1461109320,1250.66,36
1461109380,1250.58,68
1461109440,1250.67,42
1461109500,1250.51,44
1461109560,1250.44,50
1461109620,1250.41,72
1461109680,1250.51,36
1461109740,1250.46,6
1461109800,1249.79,132
1461109860,1249.90,76
1461109920,1249.76,84
1461109980,1249.88,50
1461110040,1249.88,44
1461110100,1249.68,100
1461110160,1249.42,94
1461110220,1249.65,32
1461110280,1249.55,36
1461110340,1249.66,46
1461110400,1250.65,78
1461110460,1250.67,198
1461110520,1251.00,104
1461110580,1250.88,76
1461110640,1251.19,116
1461110700,1251.37,86
1461110760,1251.31,32
1461110820,1251.34,80
1461110880,1251.49,18
1461110940,1251.29,82
1461111000,1250.97,100
1461111060,1250.94,82
1461111120,1250.61,88
1461111180,1250.46,120
1461111240,1250.55,48
1461111300,1250.65,38
1461111360,1250.74,26
1461111420,1250.83,88
1461111480,1251.39,92
1461111540,1251.30,40
1461111600,1251.26,56
1461111660,1251.25,98
1461111720,1251.31,80
1461111780,1251.28,44
1461111840,1250.86,106
1461111900,1250.92,58
1461111960,1250.99,66
1461112020,1251.17,54
1461112080,1251.06,54
1461112140,1250.82,54
1461112200,1251.08,78
1461112260,1251.23,70
1461112320,1251.28,72
1461112380,1251.05,58
1461112440,1251.27,62
1461112500,1250.91,80
1461112560,1250.79,44
1461112620,1250.89,76
1461112680,1250.63,52
1461112740,1250.56,78
1461112800,1250.63,136
1461112860,1250.50,74
1461112920,1250.63,38
1461112980,1250.47,68
1461113040,1250.46,86
1461113100,1250.44,96
1461113160,1250.86,168
1461113220,1251.02,148
1461113280,1250.95,132
1461113340,1250.97,164
1461113400,1251.24,132
1461113460,1251.15,158
1461113520,1250.99,132
1461113580,1251.26,138
1461113640,1250.97,56
1461113700,1250.79,22
1461113760,1250.44,76
1461113820,1250.44,140
1461113880,1250.10,122
1461113940,1250.55,30
1461114000,1250.99,158
1461114060,1252.03,116
1461114120,1252.29,104
1461114180,1251.99,108
1461114240,1251.93,100
1461114300,1251.93,84
1461114360,1252.37,62
1461114420,1252.57,144
1461114480,1252.47,90
1461114540,1252.26,104
1461114600,1251.99,152
1461114660,1252.10,94
1461114720,1252.17,56
1461114780,1251.89,74
1461114840,1252.19,66
1461114900,1252.67,142
1461114960,1253.17,78
1461115020,1253.27,90
1461115080,1254.03,126
1461115140,1253.77,146
1461115200,1253.98,114
1461115260,1254.00,74
1461115320,1253.90,90
1461115380,1254.42,76
1461115440,1254.67,98
1461115500,1254.29,82
1461115560,1254.50,146
1461115620,1254.89,150
1461115680,1255.98,140
1461115740,1256.63,228
1461115800,1257.47,144
1461115860,1257.36,262
1461115920,1256.77,110
1461115980,1256.47,208
1461116040,1255.81,268
1461116100,1255.86,218
1461116160,1255.48,174
1461116220,1255.72,132
1461116280,1255.59,224
1461116340,1255.22,200
1461116400,1254.79,212
1461116460,1255.30,226
1461116520,1255.49,192
1461116580,1256.04,242
1461116640,1255.36,152
1461116700,1255.16,118
1461116760,1254.96,44
1461116820,1254.89,116
1461116880,1255.08,158
1461116940,1254.60,148
1461117000,1254.78,220
1461117060,1254.74,198
1461117120,1255.08,206
1461117180,1255.10,38
1461117240,1254.74,100
1461117300,1254.79,120
1461117360,1255.18,140
1461117420,1254.74,36
1461117480,1254.75,148
1461117540,1254.54,212
1461117600,1254.53,218
1461117660,1254.50,124
1461117720,1254.02,168
1461117780,1253.93,278
1461117840,1253.79,172
1461117900,1253.75,196
1461117960,1253.92,212
1461118020,1253.91,148
1461118080,1253.73,202
1461118140,1254.00,96
1461118200,1253.94,116
1461118260,1254.07,94
1461118320,1254.06,84
1461118380,1254.19,122
1461118440,1254.18,34
1461118500,1254.18,60
1461118560,1254.29,38
1461118620,1254.28,118
1461118680,1254.37,122
1461118740,1254.38,108
1461118800,1254.40,82
1461118860,1253.48,242
1461118920,1253.44,88
1461118980,1253.71,36
1461119040,1253.59,32
1461119100,1253.75,32
1461119160,1253.96,30
1461119220,1253.92,78
1461119280,1253.45,138
1461119340,1253.21,180
1461119400,1253.78,184
1461119460,1253.82,102
1461119520,1253.83,86
1461119580,1253.60,150
1461119640,1253.55,98
1461119700,1253.77,114
1461119760,1253.69,116
1461119820,1253.61,72
1461119880,1253.64,82
1461119940,1253.35,148
1461120000,1253.74,144
1461120060,1253.92,128
1461120120,1254.20,120
1461120180,1254.47,106
1461120240,1254.32,116
1461120300,1254.11,126
1461120360,1254.19,122
1461120420,1254.26,124
1461120480,1254.17,116
1461120540,1254.21,124
1461120600,1254.19,82
1461120660,1254.13,86
1461120720,1254.12,110
1461120780,1253.88,96
1461120840,1253.99,90
1461120900,1254.02,62
1461120960,1254.21,84
1461121020,1254.09,88
1461121080,1254.22,108
1461121140,1254.40,132
1461121200,1254.50,90
1461121260,1254.45,138
1461121320,1254.55,82
1461121380,1254.77,114
1461121440,1254.73,24
1461121500,1254.26,72
1461121560,1254.49,40
1461121620,1254.54,70
1461121680,1254.26,126
1461121740,1254.41,44
1461121800,1254.36,76
1461121860,1254.48,118
1461121920,1254.76,70
1461121980,1254.35,52
1461122040,1254.01,136
1461122100,1253.40,72
1461122160,1254.12,236
1461122220,1253.93,138
1461122280,1253.76,204
1461122340,1254.27,154
1461122400,1254.20,166
1461122460,1254.49,208
1461122520,1254.44,150
1461122580,1254.32,126
1461122640,1254.01,140
1461122700,1254.25,148
1461122760,1254.15,190
1461122820,1253.48,228
1461122880,1253.60,148
1461122940,1253.51,122
1461123000,1253.61,156
1461123060,1253.40,160
1461123120,1253.58,102
1461123180,1253.70,170
1461123240,1253.49,90
1461123300,1253.53,120
1461123360,1253.18,84
1461123420,1253.48,92
1461123480,1253.06,44
1461123540,1253.06,150
1461123600,1253.00,184
1461123660,1253.07,180
1461123720,1252.79,120
1461123780,1253.01,114
1461123840,1252.77,132
1461123900,1252.83,94
1461123960,1252.70,138
1461124020,1252.67,194
1461124080,1252.34,196
1461124140,1252.46,144
1461124200,1252.58,70
1461124260,1252.60,134
1461124320,1252.57,136
1461124380,1252.68,194
1461124440,1252.64,92
1461124500,1252.80,100
1461124560,1252.78,88
1461124620,1252.83,26
1461124680,1252.29,154
1461124740,1252.17,108
1461124800,1252.02,168
1461124860,1252.23,104
1461124920,1252.23,126
1461124980,1252.24,64
1461125040,1253.21,158
1461125100,1253.07,274
1461125160,1252.83,60
1461125220,1252.47,118
1461125280,1252.84,112
1461125340,1252.91,126
1461125400,1252.54,102
1461125460,1252.88,86
1461125520,1253.17,30
1461125580,1253.45,172
1461125640,1253.46,144
1461125700,1253.25,196
1461125760,1253.19,118
1461125820,1252.12,300
1461125880,1252.28,88
1461125940,1251.84,36
1461126000,1251.77,94
1461126060,1251.43,118
1461126120,1251.70,120
1461126180,1250.74,74
1461126240,1250.47,38
1461126300,1251.58,82
1461126360,1251.65,56
1461126420,1251.65,38
1461126480,1251.51,48
1461126540,1250.40,184
1461126600,1251.32,138
1461126660,1250.98,98
1461126720,1250.69,36
1461126780,1250.77,56
1461126840,1250.78,34
1461126900,1250.63,24
1461126960,1250.87,10
1461127020,1250.87,4
1461127080,1250.90,16
1461127140,1250.89,24
1461127200,1250.57,52
1461127260,1250.54,44
1461127320,1250.48,10
1461127380,1250.68,22
1461127440,1250.57,46
1461127500,1250.57,24
1461127560,1250.53,40
1461127620,1250.69,12
1461127680,1250.61,6
1461127800,1250.98,26
1461127860,1250.92,38
1461127920,1250.99,40
1461127980,1250.98,24
1461128040,1250.99,32
1461128100,1250.92,34
1461128160,1250.96,64
1461128220,1250.80,20
1461128280,1251.04,38
1461128340,1250.67,52
1461128400,1250.30,100
1461128460,1250.65,36
1461128520,1250.50,18
1461128580,1250.52,14
1461128640,1250.43,16
1461128700,1250.66,20
1461128760,1250.77,24
1461128820,1251.08,42
1461128880,1251.19,28
1461128940,1251.07,16
1461129000,1251.08,52
1461129060,1250.88,44
1461129120,1250.89,18
1461129180,1250.76,28
1461129240,1250.44,54
1461129300,1250.43,18
1461129360,1250.67,30
1461129420,1250.52,20
1461129480,1250.52,14
1461129540,1250.46,16
1461129600,1250.58,8
1461129660,1250.61,62
1461129720,1250.56,36
1461129780,1250.71,14
1461129840,1250.54,48
1461129900,1250.69,34
1461129960,1250.59,12
1461130020,1250.22,10
1461130080,1250.40,20
1461130140,1250.25,34
1461130200,1248.75,204
1461130260,1247.56,238
1461130320,1246.66,180
1461130380,1246.93,156
1461130440,1247.44,144
1461130500,1247.41,100
1461130560,1247.53,92
1461130620,1247.82,72
1461130680,1247.52,48
1461130740,1247.93,52
1461130800,1248.22,36
1461130860,1248.83,74
1461130920,1248.22,72
1461130980,1248.25,156
1461131040,1248.56,160
1461131100,1248.25,200
1461131160,1248.06,170
1461131220,1247.34,194
1461131280,1246.86,190
1461131340,1247.25,108
1461131400,1247.46,150
1461131460,1246.87,232
1461131520,1246.83,294
1461131580,1247.27,316
1461131640,1246.76,266
1461131700,1246.57,262
1461131760,1246.65,324
1461131820,1247.25,178
1461131880,1247.14,104
1461131940,1246.85,184
1461132000,1246.71,230
1461132060,1246.94,212
1461132120,1246.73,278
1461132180,1247.15,272
1461132240,1247.17,126
1461132300,1247.13,154
1461132360,1246.98,142
1461132420,1246.86,154
1461132480,1247.33,96
1461132540,1247.84,70
1461132600,1247.83,212
1461132660,1248.00,206
1461132720,1248.35,168
1461132780,1249.31,240
1461132840,1248.99,106
1461132900,1248.72,106
1461132960,1248.77,116
1461133020,1248.47,126
1461133080,1248.11,120
1461133140,1248.03,162
1461133200,1248.14,176
1461133260,1248.44,120
1461133320,1248.64,110
1461133380,1248.35,218
1461133440,1248.27,200
1461133500,1248.18,142
1461133560,1248.05,238
1461133620,1248.72,124
1461133680,1249.02,156
1461133740,1248.91,210
1461133800,1248.72,156
1461133860,1249.01,124
1461133920,1248.71,120
1461133980,1248.37,46
1461134040,1248.45,20
1461134100,1248.78,34
1461134160,1248.94,102
1461134220,1248.41,132
1461134280,1248.45,26
1461134340,1248.55,52
1461134400,1248.55,50
1461134460,1248.57,140
1461134520,1248.55,116
1461134580,1248.72,144
1461134640,1248.86,142
1461134700,1249.04,26
1461134760,1248.75,46
1461134820,1248.95,144
1461134880,1249.02,56
1461134940,1248.86,118
1461135000,1248.95,40
1461135060,1249.05,14
1461135120,1249.06,30
1461135180,1248.94,116
1461135240,1249.15,156
1461135300,1248.84,42
1461135360,1248.95,6
1461135420,1248.74,66
1461135480,1248.11,196
1461135540,1248.53,202
1461135600,1248.04,288
1461135660,1247.83,318
1461135720,1248.11,262
1461135780,1248.02,252
1461135840,1248.71,210
1461135900,1248.62,202
1461135960,1248.73,188
1461136020,1248.98,146
1461136080,1249.18,268
1461136140,1249.04,236
1461136200,1249.14,182
1461136260,1249.10,122
1461136320,1249.14,176
1461136380,1248.95,164
1461136440,1248.94,60
1461136500,1248.67,162
1461136560,1248.54,176
1461136620,1248.84,152
1461136680,1249.10,158
1461136740,1248.62,188
1461136800,1248.19,228
1461136860,1248.29,206
1461136920,1248.38,146
1461136980,1248.38,160
1461137040,1248.16,194
1461137100,1248.23,182
1461137160,1248.07,124
1461137220,1248.43,66
1461137280,1248.13,28
1461137340,1248.03,106
1461137400,1247.64,174
1461137460,1247.55,222
1461137520,1246.99,182
1461137580,1247.60,220
1461137640,1247.23,92
1461137700,1247.31,194
1461137760,1247.34,64
1461137820,1247.41,88
1461137880,1247.54,136
1461137940,1247.66,144
1461138000,1247.36,148
1461138060,1247.84,226
1461138120,1247.64,172
1461138180,1247.59,140
1461138240,1247.85,144
1461138300,1248.40,160
1461138360,1248.14,76
1461138420,1248.04,52
1461138480,1248.06,132
1461138540,1248.53,258
1461138600,1248.40,140
1461138660,1248.40,148
1461138720,1248.47,190
1461138780,1247.76,228
1461138840,1247.73,162
1461138900,1247.74,82
1461138960,1247.58,166
1461139020,1247.73,136
1461139080,1247.79,130
1461139140,1247.59,120
1461139200,1247.13,212
1461139260,1247.05,234
1461139320,1246.93,146
1461139380,1247.03,172
1461139440,1246.73,128
1461139500,1246.66,64
1461139560,1246.68,112
1461139620,1246.61,264
1461139680,1246.27,244
1461139740,1246.04,220
1461139800,1246.38,252
1461139860,1247.13,106
1461139920,1247.27,180
1461139980,1247.42,150
1461140040,1247.31,158
1461140100,1247.48,126
1461140160,1247.56,110
1461140220,1247.46,162
1461140280,1247.16,250
1461140340,1247.31,32
1461140400,1247.31,54
1461140460,1247.32,44
1461140520,1247.45,58
1461140580,1247.26,70
1461140640,1247.17,68
1461140700,1247.36,26
1461140760,1247.36,12
1461140820,1247.34,16
1461140880,1247.54,40
1461140940,1247.15,38
1461141000,1246.75,86
1461141060,1247.05,42
1461141120,1246.86,60
1461141180,1247.04,42
1461141240,1246.96,96
1461141300,1246.99,100
1461141360,1246.86,172
1461141420,1247.15,82
1461141480,1247.95,114
1461141540,1247.36,304
1461141600,1247.09,126
1461141660,1247.19,120
1461141720,1247.45,80
1461141780,1247.80,94
1461141840,1247.74,48
1461141900,1248.09,52
1461141960,1247.93,52
1461142020,1247.84,74
1461142080,1247.79,70
1461142140,1247.80,24
1461142200,1247.64,54
1461142260,1247.59,60
1461142320,1247.59,80
1461142380,1247.68,50
1461142440,1247.64,74
1461142500,1247.79,60
1461142560,1247.85,112
1461142620,1247.99,148
1461142680,1248.18,116
1461142740,1248.24,206
1461142800,1248.24,176
1461142860,1248.26,162
1461142920,1248.46,152
1461142980,1249.05,168
1461143040,1248.85,300
1461143100,1248.93,180
1461143160,1248.73,130
1461143220,1249.01,136
1461143280,1249.05,166
1461143340,1249.53,156
1461143400,1249.84,206
1461143460,1249.86,148
1461143520,1249.50,254
1461143580,1249.49,152
1461143640,1249.41,176
1461143700,1249.22,136
1461143760,1249.07,170
1461143820,1249.13,268
1461143880,1249.09,156
1461143940,1249.59,214
1461144000,1249.26,246
1461144060,1249.27,162
1461144120,1249.28,172
1461144180,1249.21,166
1461144240,1249.32,164
1461144300,1248.98,160
1461144360,1249.09,294
1461144420,1249.17,188
1461144480,1249.11,82
1461144540,1249.16,144
1461144600,1248.06,150
1461144660,1247.99,180
1461144720,1248.10,200
1461144780,1248.55,180
1461144840,1248.26,144
1461144900,1248.36,74
1461144960,1248.27,88
1461145020,1248.64,180
1461145080,1248.76,158
1461145140,1248.56,96
1461145200,1248.50,172
1461145260,1248.60,156
1461145320,1249.28,248
1461145380,1249.80,248
1461145440,1249.44,272
1461145500,1249.34,200
1461145560,1249.46,218
1461145620,1249.65,180
1461145680,1249.48,220
1461145740,1249.16,96
1461145800,1249.28,226
1461145860,1249.23,202
1461145920,1248.98,152
1461145980,1249.15,188
1461146040,1248.86,154
1461146100,1248.96,92
1461146160,1249.03,164
1461146220,1248.88,82
1461146280,1248.96,66
1461146340,1249.41,90
1461146400,1249.28,190
1461146460,1249.48,166
1461146520,1249.53,152
1461146580,1249.55,150
1461146640,1249.59,184
1461146700,1249.90,144
1461146760,1249.83,102
1461146820,1249.81,114
1461146880,1249.65,142
1461146940,1249.70,154
1461147000,1249.67,134
1461147060,1249.60,122
1461147120,1249.36,136
1461147180,1249.11,156
1461147240,1248.77,172
1461147300,1248.92,162
1461147360,1249.12,134
1461147420,1248.98,148
1461147480,1249.09,130
1461147540,1248.83,144
1461147600,1248.90,196
1461147660,1248.63,178
1461147720,1248.76,172
1461147780,1248.68,100
1461147840,1248.58,178
1461147900,1248.61,158
1461147960,1248.56,178
1461148020,1248.59,118
1461148080,1248.66,178
1461148140,1248.23,192
1461148200,1248.36,224
1461148260,1248.23,116
1461148320,1248.31,110
1461148380,1248.42,142
1461148440,1248.33,104
1461148500,1248.17,88
1461148560,1248.48,126
1461148620,1248.37,90
1461148680,1248.46,100
1461148740,1248.45,42
1461148800,1248.54,88
1461148860,1248.60,78
1461148920,1248.48,34
1461148980,1248.54,128
1461149040,1248.44,94
1461149100,1248.46,130
1461149160,1248.44,82
1461149220,1248.10,150
1461149280,1248.02,164
1461149340,1247.86,154
1461149400,1247.69,128
1461149460,1247.66,148
1461149520,1247.76,194
1461149580,1247.71,164
1461149640,1247.67,116
1461149700,1247.76,96
1461149760,1247.79,78
1461149820,1247.68,164
1461149880,1247.71,100
1461149940,1247.70,140
1461150000,1247.48,166
1461150060,1247.28,158
1461150120,1247.59,168
1461150180,1247.89,114
1461150240,1248.01,72
1461150300,1247.87,126
1461150360,1248.07,154
1461150420,1248.08,80
1461150480,1248.55,152
1461150540,1248.67,206
1461150600,1248.68,196
1461150660,1248.88,148
1461150720,1249.58,52
1461150780,1249.39,126
1461150840,1249.28,162
1461150900,1249.32,118
1461150960,1249.27,124
1461151020,1249.58,136
1461151080,1249.26,80
1461151140,1249.29,110
1461151200,1249.22,116
1461151260,1248.99,146
1461151320,1248.78,90
1461151380,1248.68,146
1461151440,1248.38,50
1461151500,1248.18,130
1461151560,1248.18,116
1461151620,1248.19,136
1461151680,1248.08,98
1461151740,1248.04,102
1461151800,1248.08,152
1461151860,1248.38,146
1461151920,1248.28,34
1461151980,1248.22,18
1461152040,1247.98,8
1461152100,1247.87,44
1461152160,1247.77,38
1461152220,1247.57,54
1461152280,1247.58,152
1461152340,1247.74,176
1461152400,1248.28,138
1461152460,1248.12,130
1461152520,1248.60,222
1461152580,1248.52,188
1461152640,1248.49,142
1461152700,1248.98,102
1461152760,1249.00,184
1461152820,1248.87,146
1461152880,1248.74,28
1461152940,1248.84,40
1461153000,1248.71,90
1461153060,1248.78,140
1461153120,1248.51,132
1461153180,1248.60,150
1461153240,1248.45,160
1461153300,1248.42,160
1461153360,1248.18,146
1461153420,1248.43,170
1461153480,1248.51,68
1461153540,1248.27,128
1461153600,1248.28,166
1461153660,1248.27,196
1461153720,1248.40,172
1461153780,1247.89,224
1461153840,1247.56,278
1461153900,1247.53,268
1461153960,1247.40,256
1461154020,1247.65,250
1461154080,1247.88,210
1461154140,1247.81,194
1461154200,1248.05,204
1461154260,1248.35,250
1461154320,1248.21,222
1461154380,1248.08,264
1461154440,1248.71,338
1461154500,1248.92,264
1461154560,1248.99,222
1461154620,1249.53,314
1461154680,1249.38,206
1461154740,1249.25,248
1461154800,1250.60,350
1461154860,1250.43,278
1461154920,1250.00,246
1461154980,1249.92,164
1461155040,1250.30,90
1461155100,1250.70,260
1461155160,1250.70,322
1461155220,1251.13,194
1461155280,1250.41,198
1461155340,1250.36,226
1461155400,1250.07,200
1461155460,1250.27,214
1461155520,1250.36,188
1461155580,1250.47,220
1461155640,1251.65,206
1461155700,1251.95,154
1461155760,1251.58,156
1461155820,1251.36,228
1461155880,1251.07,248
1461155940,1250.96,198
1461156000,1251.09,258
1461156060,1250.72,188
1461156120,1250.55,222
1461156180,1250.44,226
1461156240,1250.44,266
1461156300,1250.55,276
1461156360,1250.65,156
1461156420,1250.28,262
1461156480,1250.39,204
1461156540,1250.28,298
1461156600,1250.12,240
1461156660,1250.11,324
1461156720,1250.37,310
1461156780,1250.93,324
1461156840,1250.95,250
1461156900,1250.96,290
1461156960,1251.08,194
1461157020,1250.65,276
1461157080,1250.65,240
1461157140,1250.73,268
1461157200,1250.77,276
1461157260,1250.22,350
1461157320,1250.47,324
1461157380,1250.38,292
1461157440,1250.70,356
1461157500,1250.77,322
1461157560,1250.40,286
1461157620,1250.24,354
1461157680,1250.33,342
1461157740,1250.92,340
1461157800,1252.67,302
1461157860,1253.35,424
1461157920,1252.70,408
1461157980,1252.84,268
1461158040,1253.62,254
1461158100,1253.20,302
1461158160,1252.83,328
1461158220,1252.83,280
1461158280,1253.21,356
1461158340,1253.39,308
1461158400,1253.54,416
1461158460,1252.98,348
1461158520,1252.49,374
1461158580,1252.29,318
1461158640,1252.45,288
1461158700,1252.12,352
1461158760,1251.76,298
1461158820,1252.05,238
1461158880,1252.29,262
1461158940,1252.17,242
1461159000,1251.46,426
1461159060,1251.18,328
1461159120,1252.23,306
1461159180,1252.40,370
1461159240,1252.58,278
1461159300,1252.90,276
1461159360,1252.93,408
1461159420,1252.94,372
1461159480,1252.56,408
1461159540,1252.35,394
1461159600,1252.66,282
1461159660,1253.12,344
1461159720,1253.07,226
1461159780,1253.04,184
1461159840,1252.67,274
1461159900,1252.38,158
1461159960,1252.77,120
1461160020,1253.08,284
1461160080,1252.99,308
1461160140,1252.53,386
1461160200,1252.71,334
1461160260,1253.56,348
1461160320,1254.08,406
1461160380,1253.70,418
1461160440,1254.21,428
1461160500,1253.65,370
1461160560,1253.74,300
1461160620,1253.70,294
1461160680,1253.67,204
1461160740,1253.80,158
1461160800,1252.35,314
1461160860,1251.70,422
1461160920,1251.85,408
1461160980,1252.09,342
1461161040,1251.91,174
1461161100,1250.36,302
1461161160,1250.67,178
1461161220,1250.69,220
1461161280,1251.31,200
1461161340,1251.62,176
1461161400,1251.86,128
1461161460,1251.75,162
1461161520,1251.80,170
1461161580,1251.84,200
1461161640,1251.80,266
1461161700,1251.41,276
1461161760,1251.56,334
1461161820,1250.92,342
1461161880,1251.21,344
1461161940,1250.77,388
1461162000,1250.66,338
1461162060,1250.89,326
1461162120,1251.31,314
1461162180,1251.40,292
1461162240,1251.63,210
1461162300,1251.88,302
1461162360,1252.07,346
1461162420,1251.93,318
1461162480,1252.12,164
1461162540,1251.66,114
1461162600,1252.01,276
1461162660,1252.23,258
1461162720,1252.07,326
1461162780,1251.89,236
1461162840,1251.88,268
1461162900,1252.29,154
1461162960,1253.18,266
1461163020,1253.25,410
1461163080,1253.53,408
1461163140,1253.58,276
1461163200,1253.16,326
1461163260,1252.57,258
1461163320,1252.57,328
1461163380,1252.78,294
1461163440,1253.03,352
1461163500,1252.96,270
1461163560,1253.11,250
1461163620,1253.31,204
1461163680,1253.15,296
1461163740,1253.23,250
1461163800,1253.21,192
1461163860,1253.37,214
1461163920,1253.39,320
1461163980,1253.47,298
1461164040,1253.58,346
1461164100,1253.83,340
1461164160,1253.86,342
1461164220,1253.89,342
1461164280,1253.76,204
1461164340,1253.99,228
1461164400,1254.10,338
1461164460,1253.71,366
1461164520,1253.48,342
1461164580,1253.46,184
1461164640,1253.42,160
1461164700,1253.48,190
1461164760,1253.36,106
1461164820,1253.36,234
1461164880,1253.58,164
1461164940,1253.65,220
1461165000,1253.99,256
1461165060,1253.96,222
1461165120,1253.66,250
1461165180,1254.03,214
1461165240,1254.80,282
1461165300,1255.50,300
1461165360,1255.98,262
1461165420,1255.82,270
1461165480,1255.49,206
1461165540,1255.17,236
1461165600,1254.73,318
1461165660,1254.53,274
1461165720,1254.16,314
1461165780,1254.10,142
1461165840,1253.98,324
1461165900,1253.58,360
1461165960,1253.60,184
1461166020,1253.88,258
1461166080,1253.89,174
1461166140,1253.75,132
1461166200,1253.59,324
1461166260,1252.87,196
1461166320,1253.17,92
1461166380,1252.57,136
1461166440,1252.67,162
1461166500,1252.64,166
1461166560,1252.91,120
1461166620,1253.36,172
1461166680,1253.15,180
1461166740,1253.15,158
1461166800,1253.86,168
1461166860,1253.68,200
1461166920,1254.07,166
1461166980,1254.08,254
1461167040,1253.62,194
1461167100,1253.52,104
1461167160,1253.88,78
1461167220,1253.98,68
1461167280,1254.04,208
1461167340,1254.32,222
1461167400,1254.58,108
1461167460,1255.35,106
1461167520,1254.54,184
1461167580,1254.10,98
1461167640,1254.60,86
1461167700,1254.54,216
1461167760,1254.23,178
1461167820,1253.98,140
1461167880,1253.47,216
1461167940,1252.94,270
1461168000,1253.25,158
1461168060,1252.98,118
1461168120,1252.95,134
1461168180,1252.59,256
1461168240,1252.38,346
1461168300,1252.45,230
1461168360,1253.04,94
1461168420,1253.40,72
1461168480,1253.43,142
1461168540,1253.60,104
1461168600,1253.38,106
1461168660,1253.73,112
1461168720,1253.84,40
1461168780,1254.14,66
1461168840,1254.53,62
1461168900,1254.52,50
1461168960,1254.38,72
1461169020,1254.32,84
1461169080,1254.43,60
1461169140,1254.72,94
1461169200,1254.42,154
1461169260,1254.34,156
1461169320,1254.01,124
1461169380,1253.92,114
1461169440,1254.11,86
1461169500,1254.08,92
1461169560,1253.72,134
1461169620,1253.71,116
1461169680,1253.66,92
1461169740,1253.77,118
1461169800,1253.22,158
1461169860,1253.26,302
1461169920,1253.31,212
1461169980,1253.40,178
1461170040,1253.48,188
1461170100,1253.49,186
1461170160,1253.84,136
1461170220,1253.79,234
1461170280,1253.68,198
1461170340,1253.83,216
1461170400,1253.71,198
1461170460,1253.84,160
1461170520,1253.64,162
1461170580,1253.54,224
1461170640,1253.59,194
1461170700,1253.88,152
1461170760,1254.03,226
1461170820,1253.71,214
1461170880,1253.88,148
1461170940,1254.00,130
1461171000,1253.92,178
1461171060,1253.86,232
1461171120,1253.60,244
1461171180,1253.44,206
1461171240,1253.66,210
1461171300,1253.09,164
1461171360,1252.88,358
1461171420,1253.01,172
1461171480,1253.11,168
1461171540,1252.65,162
1461171600,1252.81,174
1461171660,1252.71,202
1461171720,1253.25,158
1461171780,1253.39,94
1461171840,1253.30,50
1461171900,1253.29,60
1461171960,1253.45,72
1461172020,1253.61,72
1461172080,1253.50,40
1461172140,1253.54,70
1461172200,1253.69,62
1461172260,1253.59,74
1461172320,1253.59,50
1461172380,1253.68,60
1461172440,1253.69,42
1461172500,1253.48,34
1461172560,1253.05,74
1461172620,1252.85,138
1461172680,1252.64,140
1461172740,1251.84,170
1461172800,1251.70,76
1461172860,1251.80,90
1461172920,1251.80,100
1461172980,1251.90,46
1461173040,1252.40,68
1461173100,1252.64,80
1461173160,1252.30,52
1461173220,1252.60,82
1461173280,1252.60,40
1461173340,1252.50,70
1461173400,1252.80,36
1461173460,1252.30,104
1461173520,1252.04,68
1461173580,1251.70,78
1461173640,1251.79,72
1461173700,1251.80,104
1461173760,1251.54,116
1461173820,1251.40,72
1461173880,1251.90,128
1461173940,1252.04,112
1461174000,1252.10,58
1461174060,1252.69,128
1461174120,1252.46,190
1461174180,1251.98,134
1461174240,1252.28,108
1461174300,1252.09,142
1461174360,1251.89,116
1461174420,1251.70,52
1461174480,1251.80,58
1461174540,1251.94,72
1461174600,1252.02,56
1461174660,1251.70,134
1461174720,1251.56,124
1461174780,1251.74,34
1461174840,1251.90,56
1461174900,1252.20,32
1461174960,1252.10,62
1461175020,1252.20,60
1461175080,1252.30,44
1461175140,1252.44,46
1461175200,1252.54,88
1461175260,1252.70,30
1461175320,1252.60,40
1461175380,1252.54,92
1461175440,1252.50,76
1461175500,1252.60,40
1461175560,1252.54,50
1461175620,1252.90,20
1461175680,1252.84,50
1461175740,1252.90,44
1461175800,1252.90,24
1461175860,1252.80,12
1461175920,1252.74,18
1461175980,1252.80,10
1461176040,1252.70,22
1461176100,1252.54,32
1461176160,1252.50,40
1461176220,1252.40,26
1461176280,1252.50,6
1461176340,1252.40,30
1461176400,1252.21,42
1461176460,1252.30,42
1461176520,1252.30,44
1461176580,1252.50,90
1461176640,1252.60,38
1461176700,1252.90,60
1461176760,1253.04,126
1461176820,1252.90,170
1461176880,1252.81,126
1461176940,1252.81,154
1461177000,1252.94,66
1461177060,1253.24,122
1461177120,1252.86,144
1461177180,1253.12,66
1461177240,1252.93,62
1461177300,1252.70,78
1461177360,1252.42,92
1461177420,1251.87,132
1461177480,1251.30,124
1461177540,1251.40,20
1461177600,1251.02,134
1461177660,1251.15,174
1461177720,1251.13,140
1461177780,1251.05,102
1461177840,1251.15,144
1461177900,1250.98,136
1461177960,1250.66,146
1461178020,1250.37,180
1461178080,1250.17,186
1461178140,1250.36,122
1461178200,1250.34,64
1461178260,1250.48,82
1461178320,1250.24,196
1461178380,1250.37,116
1461178440,1250.62,92
1461178500,1250.72,76
1461178560,1250.56,120
1461178620,1250.75,92
1461178680,1250.74,82
1461178740,1250.78,156
1461178800,1250.79,126
1461178860,1250.43,124
1461178920,1250.38,104
1461178980,1250.34,156
1461179040,1249.62,152
1461179100,1249.19,132
1461179160,1249.28,212
1461179220,1249.51,146
1461179280,1247.75,186
1461179340,1247.88,240
1461179400,1247.48,290
1461179460,1245.72,334
1461179520,1245.63,418
1461179580,1245.61,266
1461179640,1245.62,266
1461179700,1245.02,256
1461179760,1243.84,284
1461179820,1243.90,302
1461179880,1244.44,286
1461179940,1243.34,172
1461180000,1243.46,282
1461180060,1243.76,226
1461180120,1244.22,176
1461180180,1244.56,48
1461180240,1244.11,120
1461180300,1243.70,56
1461180360,1243.56,54
1461180420,1243.26,36
1461180480,1242.96,102
1461180540,1242.77,100
1461180600,1243.18,234
1461180660,1244.04,158
1461180720,1244.01,206
1461180780,1244.28,218
1461180840,1244.28,106
1461180900,1244.58,104
1461180960,1244.68,204
1461181020,1243.53,152
1461181080,1243.86,190
1461181140,1243.94,146
1461181200,1243.15,192
1461181260,1242.94,114
1461181320,1242.78,102
1461181380,1243.27,158
1461181440,1243.08,152
1461181500,1243.46,152
1461181560,1243.66,128
1461181620,1244.46,118
1461181680,1244.37,238
1461181740,1243.72,252
1461181800,1244.16,202
1461181860,1244.68,172
1461181920,1244.66,238
1461181980,1244.98,180
1461182040,1245.23,154
1461182100,1245.14,198
1461182160,1244.64,254
1461182220,1244.56,230
1461182280,1244.55,262
1461182340,1244.94,284
1461182400,1245.02,178
1461182460,1245.36,120
1461182520,1245.28,138
1461182580,1245.14,94
1461182640,1245.21,96
1461182700,1245.08,52
1461182760,1245.12,48
1461182820,1244.99,80
1461182880,1244.97,80
1461182940,1245.09,76
1461183000,1245.13,64
1461183060,1245.23,48
1461183120,1245.15,76
1461183180,1245.27,98
1461183240,1245.18,104
1461183300,1245.14,66
1461183360,1245.08,64
1461183420,1245.00,74
1461183480,1245.06,30
1461183540,1244.99,58
1461183600,1244.94,64
1461183660,1244.93,58
1461183720,1244.77,40
1461183780,1244.76,50
1461183840,1244.45,96
1461183900,1244.54,110
1461183960,1244.34,52
1461184020,1244.32,38
1461184080,1244.29,30
1461184140,1244.15,104
1461184200,1243.84,24
1461184260,1243.63,4
1461184320,1243.54,16
1461184380,1243.64,12
1461184440,1243.58,6
1461184500,1243.34,14
1461184560,1243.49,16
1461184620,1243.68,16
1461184680,1243.85,6
1461184740,1243.98,12
1461184800,1243.45,22
1461184860,1243.59,14
1461184920,1243.76,14
1461184980,1243.52,24
1461185040,1243.92,22
1461185100,1243.61,6
1461185160,1243.62,10
1461185220,1243.62,10
1461185280,1243.68,2
1461185340,1243.71,6
1461185400,1243.71,18
1461185460,1243.87,12
1461185520,1243.78,10
1461185580,1243.82,14
1461185640,1243.76,14
1461185700,1243.87,24
1461185760,1244.01,16
1461185820,1244.08,14
1461185880,1244.10,16
1461189600,1243.04,170
1461189660,1243.56,60
1461189720,1243.34,48
1461189780,1243.36,66
1461189840,1243.71,32
1461189900,1243.75,36
1461189960,1243.59,26
1461190020,1243.31,52
1461190080,1243.42,16
1461190140,1243.66,22
1461190200,1243.98,68
1461190260,1243.98,20
1461190320,1243.98,6
1461190380,1244.10,14
1461190440,1244.27,14
1461190500,1244.18,40
1461190560,1244.27,4
1461190620,1244.38,74
1461190680,1244.38,32
1461190740,1244.56,42
1461190800,1244.55,30
1461190860,1244.58,34
1461190920,1244.52,58
1461190980,1244.52,62
1461191040,1244.51,46
1461191100,1244.47,12
1461191160,1244.34,22
1461191220,1244.65,30
1461191280,1244.69,16
1461191340,1244.51,56
1461191400,1244.54,40
1461191460,1244.62,56
1461191520,1244.53,28
1461191580,1244.40,14
1461191640,1244.29,44
1461191700,1244.42,30
1461191760,1244.53,16
1461191820,1244.73,22
1461191880,1244.84,42
1461191940,1244.80,34
1461192000,1244.89,40
1461192060,1244.87,4
1461192120,1244.93,22
1461192180,1244.85,12
1461192240,1244.93,38
1461192300,1244.94,10
1461192360,1244.84,24
1461192420,1244.98,12
1461192480,1245.03,6
1461192540,1245.03,6
1461192600,1244.94,24
1461192660,1245.09,30
1461192720,1244.93,36
1461192780,1244.92,18
1461192840,1244.96,18
1461192900,1244.83,22
1461192960,1244.64,30
1461193020,1244.83,64
1461193080,1244.79,8
1461193140,1244.34,82
1461193200,1244.28,52
1461193260,1244.18,72
1461193320,1244.13,30
1461193380,1244.16,68
1461193440,1244.14,16
1461193500,1244.08,34
1461193560,1244.06,26
1461193620,1244.05,30
1461193680,1244.16,40
1461193740,1244.01,24
1461193800,1244.26,30
1461193860,1244.53,44
1461193920,1244.61,56
1461193980,1244.56,34
1461194040,1244.48,34
1461194100,1244.44,56
1461194160,1244.07,38
1461194220,1244.07,12
1461194280,1244.19,30
1461194340,1244.20,12
1461194400,1244.22,46
1461194460,1244.56,56
1461194520,1244.22,70
1461194580,1243.95,64
1461194640,1243.87,54
1461194700,1244.06,56
1461194760,1244.27,64
1461194820,1244.02,68
1461194880,1244.06,30
1461194940,1244.45,30
1461195000,1244.12,54
1461195060,1244.43,48
1461195120,1244.40,22
1461195180,1244.37,32
1461195240,1244.46,36
1461195300,1244.51,16
1461195360,1244.53,30
1461195420,1244.54,10
1461195480,1244.65,18
1461195540,1244.59,20
1461195600,1244.65,20
1461195660,1244.76,52
1461195720,1244.89,58
1461195780,1244.91,92
1461195840,1244.81,34
1461195900,1245.05,70
1461195960,1245.02,48
1461196020,1245.13,38
1461196080,1245.10,24
1461196140,1245.14,60
1461196200,1245.17,40
1461196260,1245.19,64
1461196320,1245.17,78
1461196380,1245.32,74
1461196440,1245.61,86
1461196500,1245.42,90
1461196560,1245.21,80
1461196620,1245.47,62
1461196680,1245.29,52
1461196740,1245.32,120
1461196800,1245.62,240
1461196860,1245.57,138
1461196920,1245.88,160
1461196980,1245.57,150
1461197040,1245.75,36
1461197100,1245.83,76
1461197160,1245.65,66
1461197280,1245.67,86
1461197340,1245.65,60
1461197400,1245.81,104
1461197460,1245.81,130
1461197520,1245.92,182
1461197580,1245.64,96
1461197640,1245.71,154
1461197700,1245.56,108
1461197760,1245.21,106
1461197820,1245.35,118
1461197880,1245.13,128
1461197940,1245.14,144
1461198000,1244.92,150
1461198060,1244.30,112
1461198120,1244.23,64
1461198180,1243.66,174
1461198240,1244.19,138
1461198300,1244.09,114
1461198360,1243.98,142
1461198420,1244.10,90
1461198480,1244.12,130
1461198540,1244.24,140
1461198600,1244.09,116
1461198660,1244.08,138
1461198720,1244.25,110
1461198780,1244.09,122
1461198840,1244.37,142
1461198900,1244.28,158
1461198960,1244.49,86
1461199020,1244.52,64
1461199080,1244.63,90
1461199140,1244.50,134
1461199200,1244.50,74
1461199260,1244.46,142
1461199320,1244.28,92
1461199380,1244.37,74
1461199440,1244.41,80
1461199500,1244.42,122
1461199560,1244.52,142
1461199620,1244.37,172
1461199680,1244.37,164
1461199740,1244.27,174
1461199800,1244.46,86
1461199860,1244.69,122
1461199920,1244.52,170
1461199980,1244.51,120
1461200040,1244.57,82
1461200100,1244.50,94
1461200160,1244.59,100
1461200220,1244.65,76
1461200280,1245.12,100
1461200340,1244.94,86
1461200400,1246.00,378
1461200460,1246.77,298
1461200520,1246.52,160
1461200580,1246.93,178
1461200640,1247.14,162
1461200700,1247.21,328
1461200760,1247.49,144
1461200820,1247.44,60
1461200880,1247.60,178
1461200940,1247.72,82
1461201000,1247.67,178
1461201060,1247.33,40
1461201120,1247.16,154
1461201180,1247.70,116
1461201240,1247.46,128
1461201300,1247.93,198
1461201360,1247.79,164
1461201420,1247.73,120
1461201480,1247.90,144
1461201540,1248.02,170
1461201600,1248.11,144
1461201660,1248.08,228
1461201720,1248.22,218
1461201780,1247.52,242
1461201840,1247.67,246
1461201900,1247.50,184
1461201960,1247.79,130
1461202020,1247.63,124
1461202080,1247.74,146
1461202140,1247.70,132
1461202200,1247.91,164
1461202260,1248.12,166
1461202320,1248.01,192
1461202380,1247.42,158
1461202440,1247.68,222
1461202500,1248.07,132
1461202560,1247.79,130
1461202620,1247.64,116
1461202680,1247.40,120
1461202740,1247.48,126
1461202800,1247.19,66
1461202860,1247.01,158
1461202920,1246.81,214
1461202980,1247.10,188
1461203040,1247.30,130
1461203100,1247.31,94
1461203160,1247.20,152
1461203220,1247.06,140
1461203280,1246.68,100
1461203340,1246.73,176
1461203400,1246.71,220
1461203460,1246.55,122
1461203520,1246.60,122
1461203580,1246.72,134
1461203640,1246.92,114
1461203700,1246.79,48
1461203760,1246.69,54
1461203820,1246.65,86
1461203880,1246.78,54
1461203940,1246.30,64
1461204000,1246.65,76
1461204060,1246.66,134
1461204120,1246.78,152
1461204180,1246.91,102
1461204240,1247.08,122
1461204300,1247.14,188
1461204360,1247.00,178
1461204420,1246.88,118
1461204480,1246.80,88
1461204540,1246.83,80
1461204600,1246.92,96
1461204660,1247.10,82
1461204720,1247.17,96
1461204780,1247.27,54
1461204840,1247.09,124
1461204900,1247.10,90
1461204960,1247.21,86
1461205020,1247.11,38
1461205080,1247.14,44
1461205140,1247.43,76
1461205200,1247.47,132
1461205260,1247.36,86
1461205320,1247.41,46
1461205380,1247.33,110
1461205440,1247.49,66
1461205500,1247.45,72
1461205560,1247.24,76
1461205620,1247.30,84
1461205680,1247.29,122
1461205740,1247.29,120
1461205800,1247.38,120
1461205860,1247.19,142
1461205920,1247.20,78
1461205980,1247.27,122
1461206040,1247.39,102
1461206100,1247.61,178
1461206160,1248.04,206
1461206220,1248.06,156
1461206280,1248.38,188
1461206340,1247.92,124
1461206400,1247.65,88
1461206460,1247.65,152
1461206520,1247.54,120
1461206580,1248.02,124
1461206640,1247.98,114
1461206700,1248.15,130
1461206760,1247.82,120
1461206820,1248.45,192
1461206880,1248.49,270
1461206940,1248.71,158
1461207000,1249.52,228
1461207060,1249.85,296
1461207120,1250.56,210
1461207180,1250.11,124
1461207240,1250.91,150
1461207300,1250.60,138
1461207360,1250.35,138
1461207420,1250.39,94
1461207480,1250.29,48
1461207540,1250.13,66
1461207600,1250.35,74
1461207660,1250.44,22
1461207720,1249.99,48
1461207780,1250.33,38
1461207840,1250.02,62
1461207900,1250.32,44
1461207960,1249.15,88
1461208020,1249.03,68
1461208080,1249.63,64
1461208140,1249.72,36
1461208200,1249.33,62
1461208260,1248.96,186
1461208320,1249.13,94
1461208380,1249.13,100
1461208440,1249.31,108
1461208500,1248.83,82
1461208560,1249.42,96
1461208620,1248.98,108
1461208680,1249.25,158
1461208740,1249.48,138
1461208800,1249.59,140
1461208860,1249.68,116
1461208920,1249.67,98
1461208980,1249.17,114
1461209040,1249.05,96
1461209100,1248.69,186
1461209160,1248.69,98
1461209220,1248.79,188
1461209280,1248.97,100
1461209340,1249.19,90
1461209400,1248.82,114
1461209460,1249.06,68
1461209520,1248.96,50
1461209580,1249.05,42
1461209640,1249.34,54
1461209700,1248.84,28
1461209760,1248.77,14
1461209820,1248.86,32
1461209880,1248.79,16
1461209940,1248.85,42
1461210000,1248.76,18
1461210060,1248.77,26
1461210120,1248.80,48
1461210180,1248.83,32
1461210240,1248.67,80
1461210300,1248.60,86
1461210360,1248.46,58
1461210420,1248.65,96
1461210480,1248.92,92
1461210540,1248.97,102
1461210600,1248.96,44
1461210660,1249.01,58
1461210720,1248.92,42
1461210780,1248.92,52
1461210840,1248.85,62
1461210900,1248.91,38
1461210960,1248.95,46
1461211020,1248.95,46
1461211080,1248.60,42
1461211140,1248.31,86
1461211200,1248.24,40
1461211260,1248.34,2
1461211320,1248.45,16
1461211380,1248.46,52
1461211440,1248.34,42
1461211500,1248.29,78
1461211560,1248.44,70
1461211620,1248.39,14
1461211680,1248.34,4
1461211740,1248.00,22
1461211800,1248.23,20
1461211860,1248.02,14
1461211920,1248.41,28
1461211980,1248.20,54
1461212040,1248.36,86
1461212100,1248.22,54
1461212160,1248.27,34
1461212220,1248.39,60
1461212280,1248.18,124
1461212340,1248.09,88
1461212400,1247.90,148
1461212460,1247.88,174
1461212520,1247.77,80
1461212580,1247.59,54
1461212640,1247.65,68
1461212700,1247.50,90
1461212760,1247.21,116
1461212820,1247.07,154
1461212880,1247.17,78
1461212940,1247.05,110
1461213000,1247.19,168
1461213060,1247.26,178
1461213120,1247.46,188
1461213180,1247.50,126
1461213240,1247.84,30
1461213300,1247.81,52
1461213360,1247.71,100
1461213420,1247.69,56
1461213480,1247.81,76
1461213540,1248.01,52
1461213600,1248.02,58
1461213660,1248.05,36
1461213720,1248.05,18
1461213780,1248.06,72
1461213840,1247.87,12
1461213960,1247.91,12
1461214020,1247.90,4
1461214080,1247.87,6
1461214140,1247.63,24
1461214200,1247.67,50
1461214260,1247.67,50
1461214320,1247.53,78
1461214380,1247.62,50
1461214440,1247.62,40
1461214500,1247.52,16
1461214560,1247.48,34
1461214620,1247.42,34
1461214680,1247.42,50
1461214740,1247.53,38
1461214800,1247.29,152
1461214860,1247.25,66
1461214920,1247.21,90
1461214980,1247.13,54
1461215040,1247.25,58
1461215100,1247.51,102
1461215160,1247.82,124
1461215220,1248.23,102
1461215280,1248.13,72
1461215340,1247.94,88
1461215400,1247.76,122
1461215460,1248.12,94
1461215520,1247.93,74
1461215580,1248.08,72
1461215640,1247.96,52
1461215700,1248.06,30
1461215760,1248.30,30
1461215820,1248.21,64
1461215880,1248.11,30
1461215940,1247.85,30
1461216000,1247.91,24
1461216060,1247.94,2
1461216120,1248.11,14
1461216180,1248.10,10
1461216240,1248.19,28
1461216300,1248.39,20
1461216360,1248.29,12
1461216420,1248.59,18
1461216480,1248.65,26
1461216540,1248.68,76
1461216600,1249.37,86
1461216660,1249.57,192
1461216720,1249.57,104
1461216780,1250.06,132
1461216840,1250.27,136
1461216900,1250.35,120
1461216960,1250.69,134
1461217020,1251.57,256
1461217080,1251.71,278
1461217140,1251.65,250
1461217200,1251.69,136
1461217260,1251.75,192
1461217320,1253.38,182
1461217380,1253.83,264
1461217440,1254.21,260
1461217500,1253.62,146
1461217560,1254.00,84
1461217620,1253.92,38
1461217680,1253.49,152
1461217740,1253.41,72
1461217800,1253.94,34
1461217860,1253.85,82
1461217920,1253.69,74
1461217980,1253.96,50
1461218040,1253.63,112
1461218100,1253.52,98
1461218160,1253.51,106
1461218220,1253.59,114
1461218280,1253.35,158
1461218340,1253.30,66
1461218400,1253.43,98
1461218460,1253.42,64
1461218520,1253.05,62
1461218580,1252.54,214
1461218640,1252.92,138
1461218700,1253.14,108
1461218760,1252.94,114
1461218820,1252.85,228
1461218880,1252.95,180
1461218940,1253.04,120
1461219000,1254.05,246
1461219060,1254.26,288
1461219120,1254.17,250
1461219180,1254.07,288
1461219240,1255.40,376
1461219300,1255.08,298
1461219360,1255.38,216
1461219420,1255.83,68
1461219480,1257.01,160
1461219540,1257.31,200
1461219600,1255.90,156
1461219660,1255.42,216
1461219720,1255.60,362
1461219780,1256.92,264
1461219840,1256.21,298
1461219900,1256.72,242
1461219960,1256.76,204
1461220020,1257.49,258
1461220080,1259.00,226
1461220140,1258.18,300
1461220200,1257.93,272
1461220260,1258.44,210
1461220320,1257.63,176
1461220380,1257.13,252
1461220440,1257.04,244
1461220500,1257.75,264
1461220560,1257.40,186
1461220620,1257.80,190
1461220680,1258.29,184
1461220740,1256.97,218
1461220800,1257.45,348
1461220860,1258.03,266
1461220920,1257.39,248
1461220980,1257.29,114
1461221040,1257.18,260
1461221100,1257.10,250
1461221160,1256.84,212
1461221220,1257.47,220
1461221280,1258.13,160
1461221340,1258.45,318
1461221400,1259.69,400
1461221460,1259.75,394
1461221520,1258.98,372
1461221580,1259.48,248
1461221640,1259.48,202
1461221700,1258.98,228
1461221760,1258.86,142
1461221820,1258.68,150
1461221880,1258.73,198
1461221940,1258.24,276
1461222000,1257.76,268
1461222060,1258.60,274
1461222120,1258.31,242
1461222180,1257.77,152
1461222240,1258.38,86
1461222300,1258.36,250
1461222360,1258.38,212
1461222420,1258.42,132
1461222480,1258.86,164
1461222540,1258.88,242
1461222600,1258.71,256
1461222660,1258.70,176
1461222720,1259.11,202
1461222780,1258.92,224
1461222840,1258.81,58
1461222900,1258.94,234
1461222960,1259.99,266
1461223020,1259.30,278
1461223080,1259.58,254
1461223140,1259.51,202
1461223200,1259.32,226
1461223260,1259.56,116
1461223320,1259.62,84
1461223380,1259.58,98
1461223440,1259.04,96
1461223500,1259.79,100
1461223560,1259.09,128
1461223620,1258.80,140
1461223680,1259.48,124
1461223740,1258.88,26
1461223800,1258.68,118
1461223860,1257.94,270
1461223920,1257.92,96
1461223980,1258.28,164
1461224040,1258.04,122
1461224100,1257.93,126
1461224160,1258.28,90
1461224220,1258.00,140
1461224280,1258.11,138
1461224340,1258.08,20
1461224400,1258.10,150
1461224460,1258.03,152
1461224520,1257.95,152
1461224580,1257.85,190
1461224640,1257.49,238
1461224700,1257.04,82
1461224760,1256.64,218
1461224820,1256.06,210
1461224880,1255.78,188
1461224940,1256.64,220
1461225000,1256.59,228
1461225060,1255.85,248
1461225120,1256.05,284
1461225180,1255.77,264
1461225240,1256.31,322
1461225300,1256.61,200
1461225360,1257.01,220
1461225420,1256.72,174
1461225480,1256.55,92
1461225540,1256.48,100
1461225600,1256.49,192
1461225660,1256.42,174
1461225720,1256.02,286
1461225780,1255.83,202
1461225840,1255.89,186
1461225900,1256.08,220
1461225960,1256.19,210
1461226020,1256.15,158
1461226080,1256.23,212
1461226140,1256.35,190
1461226200,1256.32,244
1461226260,1256.48,208
1461226320,1256.62,196
1461226380,1256.68,138
1461226440,1256.39,32
1461226500,1256.22,50
1461226560,1256.38,50
1461226620,1256.28,28
1461226680,1255.89,24
1461226740,1256.08,50
1461226800,1256.04,54
1461226860,1256.19,114
1461226920,1256.05,158
1461226980,1255.98,210
1461227040,1256.28,130
1461227100,1256.38,146
1461227160,1256.76,106
1461227220,1257.08,162
1461227280,1256.82,164
1461227340,1256.82,182
1461227400,1258.03,278
1461227460,1258.18,140
1461227520,1258.16,46
1461227580,1258.40,66
1461227640,1258.87,320
1461227700,1259.03,232
1461227760,1258.74,214
1461227820,1258.63,152
1461227880,1258.19,182
1461227940,1257.90,252
1461228000,1257.82,144
1461228060,1258.12,132
1461228120,1258.58,34
1461228180,1257.98,82
1461228240,1257.95,182
1461228300,1256.82,146
1461228360,1256.86,106
1461228420,1257.18,118
1461228480,1257.46,94
1461228540,1257.37,108
1461228600,1257.28,82
1461228660,1257.74,56
1461228720,1258.12,96
1461228780,1258.18,56
1461228840,1258.04,86
1461228900,1258.02,84
1461228960,1257.73,86
1461229020,1257.84,84
1461229080,1258.08,40
1461229140,1258.02,68
1461229200,1258.28,52
1461229260,1258.39,78
1461229320,1258.28,130
1461229380,1258.02,30
1461229440,1258.28,66
1461229500,1258.30,126
1461229560,1258.20,180
1461229620,1258.07,194
1461229680,1258.44,196
1461229740,1258.49,164
1461229800,1258.64,166
1461229860,1258.50,152
1461229920,1258.78,98
1461229980,1258.80,108
1461230040,1258.72,92
1461230100,1258.18,42
1461230160,1258.26,32
1461230220,1258.46,46
1461230280,1258.28,46
1461230340,1258.05,58
1461230400,1257.95,70
1461230460,1257.93,52
1461230520,1257.94,126
1461230580,1257.79,232
1461230640,1257.82,170
1461230700,1257.97,198
1461230760,1258.19,182
1461230820,1258.08,162
1461230880,1258.41,172
1461230940,1258.26,106
1461231000,1257.53,226
1461231060,1257.80,106
1461231120,1257.82,168
1461231180,1257.92,194
1461231240,1258.42,210
1461231300,1259.17,204
1461231360,1259.11,240
1461231420,1259.06,264
1461231480,1258.75,292
1461231540,1258.75,182
1461231600,1258.74,194
1461231660,1258.92,108
1461231720,1258.98,116
1461231780,1259.05,150
1461231840,1259.35,132
1461231900,1259.39,172
1461231960,1259.85,184
1461232020,1260.16,264
1461232080,1260.20,186
1461232140,1260.50,148
1461232200,1260.44,222
1461232260,1260.43,262
1461232320,1260.09,120
1461232380,1260.25,34
1461232440,1260.33,50
1461232500,1260.23,48
1461232560,1260.20,46
1461232620,1260.23,68
1461232680,1259.40,234
1461232740,1259.48,118
1461232800,1259.57,158
1461232860,1259.83,120
1461232920,1260.25,72
1461232980,1260.43,110
1461233040,1260.24,138
1461233100,1260.34,146
1461233160,1260.25,130
1461233220,1260.36,144
1461233280,1260.60,176
1461233340,1260.34,180
1461233400,1260.31,66
1461233460,1260.12,56
1461233520,1259.92,108
1461233580,1259.98,100
1461233640,1259.93,112
1461233700,1259.87,84
1461233760,1259.77,44
1461233820,1259.66,132
1461233880,1259.63,90
1461233940,1259.18,56
1461234000,1259.40,50
1461234060,1259.25,30
1461234120,1259.25,76
1461234180,1259.12,150
1461234240,1259.30,134
1461234300,1259.38,96
1461234360,1259.28,118
1461234420,1259.39,126
1461234480,1259.32,128
1461234540,1259.24,124
1461234600,1259.17,172
1461234660,1259.17,142
1461234720,1259.30,166
1461234780,1259.36,114
1461234840,1259.21,134
1461234900,1259.54,88
1461234960,1259.50,114
1461235020,1259.44,62
1461235080,1259.52,68
1461235140,1259.57,64
1461235200,1258.48,160
1461235260,1258.40,156
1461235320,1259.37,172
1461235380,1259.54,188
1461235440,1259.69,166
1461235500,1259.18,250
1461235560,1259.16,220
1461235620,1259.35,142
1461235680,1259.34,118
1461235740,1259.35,114
1461235800,1259.35,86
1461235860,1259.24,144
1461235920,1259.20,94
1461235980,1259.21,90
1461236040,1259.21,72
1461236100,1259.06,78
1461236160,1258.81,166
1461236220,1258.81,194
1461236280,1259.05,216
1461236340,1259.09,216
1461236400,1259.36,268
1461236460,1259.24,174
1461236520,1259.30,106
1461236580,1259.16,158
1461236640,1258.75,112
1461236700,1258.74,226
1461236760,1258.38,192
1461236820,1258.39,198
1461236880,1257.91,198
1461236940,1258.70,84
1461237000,1258.76,104
1461237060,1258.95,70
1461237120,1258.76,66
1461237180,1258.58,106
1461237240,1258.57,102
1461237300,1258.55,96
1461237360,1258.81,68
1461237420,1259.00,98
1461237480,1258.92,114
1461237540,1258.95,44
1461237600,1259.00,26
1461237660,1259.13,56
1461237720,1259.24,106
1461237780,1259.54,120
1461237840,1259.75,166
1461237900,1259.64,68
1461237960,1259.73,32
1461238020,1259.28,52
1461238080,1259.15,20
1461238140,1258.94,44
1461238200,1259.02,26
1461238260,1258.63,86
1461238320,1258.33,106
1461238380,1258.20,164
1461238440,1258.13,192
1461238500,1258.25,222
1461238560,1258.46,188
1461238620,1258.68,170
1461238680,1259.02,172
1461238740,1258.88,130
1461238800,1259.02,120
1461238860,1258.91,70
1461238920,1259.00,28
1461238980,1258.61,140
1461239040,1258.21,140
1461239100,1258.52,118
1461239160,1258.33,180
1461239220,1258.32,140
1461239280,1258.32,150
1461239340,1259.70,190
1461239400,1259.80,244
1461239460,1259.54,264
1461239520,1259.54,230
1461239580,1259.45,256
1461239640,1259.74,162
1461239700,1259.58,150
1461239760,1260.03,136
1461239820,1259.80,190
1461239880,1259.49,120
1461239940,1259.63,158
1461240000,1259.90,262
1461240060,1260.34,302
1461240120,1260.34,234
1461240180,1262.31,384
1461240240,1262.83,370
1461240300,1262.88,252
1461240360,1263.99,286
1461240420,1263.26,240
1461240480,1263.13,268
1461240540,1263.73,178
1461240600,1263.97,214
1461240660,1265.06,240
1461240720,1265.20,304
1461240780,1266.31,376
1461240840,1266.99,236
1461240900,1267.80,310
1461240960,1267.51,318
1461241020,1267.06,230
1461241080,1266.11,268
1461241140,1265.73,206
1461241200,1266.35,216
1461241260,1266.14,196
1461241320,1266.65,174
1461241380,1267.74,276
1461241440,1268.46,348
1461241500,1268.11,380
1461241560,1267.26,286
1461241620,1267.32,288
1461241680,1267.34,300
1461241740,1267.38,258
1461241800,1267.41,264
1461241860,1268.18,266
1461241920,1268.60,388
1461241980,1267.94,398
1461242040,1268.43,342
1461242100,1268.43,408
1461242160,1267.15,390
1461242220,1267.17,462
1461242280,1267.03,398
1461242340,1265.99,414
1461242400,1267.34,358
1461242460,1267.22,322
1461242520,1266.94,360
1461242580,1267.21,364
1461242640,1269.58,416
1461242700,1268.92,358
1461242760,1269.06,256
1461242820,1268.90,284
1461242880,1268.23,232
1461242940,1268.09,270
1461243000,1267.92,388
1461243060,1267.96,296
1461243120,1267.93,324
1461243180,1267.37,306
1461243240,1267.45,260
1461243300,1267.46,360
1461243360,1267.94,256
1461243420,1268.54,208
1461243480,1268.76,342
1461243540,1268.88,256
1461243600,1268.78,402
1461243660,1270.00,398
1461243720,1268.45,370
1461243780,1269.08,366
1461243840,1269.92,366
1461243900,1269.21,362
1461243960,1269.31,376
1461244020,1269.09,396
1461244080,1268.73,348
1461244140,1269.24,240
1461244200,1269.21,256
1461244260,1269.53,306
1461244320,1269.36,284
1461244380,1269.55,200
1461244440,1268.71,400
1461244500,1267.63,402
1461244560,1264.49,496
1461244620,1261.22,452
1461244680,1261.30,428
1461244740,1262.18,418
1461244800,1259.15,394
1461244860,1260.87,380
1461244920,1262.18,316
1461244980,1261.28,198
1461245040,1261.28,250
1461245100,1261.04,360
1461245160,1260.73,386
1461245220,1261.61,322
1461245280,1260.97,412
1461245340,1260.00,390
1461245400,1260.44,446
1461245460,1258.69,488
1461245520,1258.96,246
1461245580,1260.13,376
1461245640,1256.41,360
1461245700,1255.65,544
1461245760,1257.04,512
1461245820,1256.74,290
1461245880,1256.14,308
1461245940,1255.82,352
1461246000,1254.50,516
1461246060,1250.32,528
1461246120,1250.99,540
1461246180,1252.42,502
1461246240,1253.35,446
1461246300,1251.13,404
1461246360,1249.79,524
1461246420,1250.87,316
1461246480,1251.67,294
1461246540,1251.68,202
1461246600,1251.09,320
1461246660,1249.12,446
1461246720,1249.70,446
1461246780,1247.96,488
1461246840,1249.56,482
1461246900,1249.88,508
1461246960,1249.00,470
1461247020,1249.76,450
1461247080,1250.00,404
1461247140,1249.16,380
1461247200,1250.06,416
1461247260,1249.98,490
1461247320,1249.66,436
1461247380,1251.01,464
1461247440,1251.49,442
1461247500,1251.39,392
1461247560,1251.04,162
1461247620,1250.64,162
1461247680,1251.25,132
1461247740,1251.99,242
1461247800,1252.34,246
1461247860,1251.68,346
1461247920,1252.53,370
1461247980,1253.57,430
1461248040,1253.62,368
1461248100,1252.67,344
1461248160,1252.06,242
1461248220,1252.61,200
1461248280,1252.03,250
1461248340,1252.77,266
1461248400,1253.18,220
1461248460,1253.68,176
1461248520,1253.39,206
1461248580,1253.39,200
1461248640,1252.99,134
1461248700,1252.79,100
1461248760,1251.99,218
1461248820,1250.89,322
1461248880,1250.77,202
1461248940,1250.54,176
1461249000,1249.28,214
1461249060,1248.47,424
1461249120,1249.34,438
1461249180,1248.32,394
1461249240,1248.63,368
1461249300,1250.17,254
1461249360,1249.23,304
1461249420,1249.29,292
1461249480,1249.90,238
1461249540,1249.98,288
1461249600,1251.49,298
1461249660,1251.41,394
1461249720,1251.29,200
1461249780,1250.60,178
1461249840,1250.10,228
1461249900,1248.91,214
1461249960,1249.26,158
1461250020,1249.72,230
1461250080,1248.76,262
1461250140,1249.74,284
1461250200,1249.38,280
1461250260,1249.97,250
1461250320,1250.23,246
1461250380,1250.14,202
1461250440,1250.41,152
1461250500,1250.31,266
1461250560,1251.24,310
1461250620,1251.01,330
1461250680,1250.88,214
1461250740,1250.63,172
1461250800,1250.04,200
1461250860,1250.37,196
1461250920,1250.24,212
1461250980,1250.22,252
1461251040,1249.94,124
1461251100,1250.39,154
1461251160,1250.17,104
1461251220,1250.48,98
1461251280,1250.24,122
1461251340,1249.51,206
1461251400,1249.39,188
1461251460,1249.78,226
1461251520,1249.67,256
1461251580,1249.58,160
1461251640,1250.01,86
1461251700,1250.27,86
1461251760,1251.03,106
1461251820,1250.62,112
1461251880,1250.92,72
1461251940,1251.30,168
1461252000,1251.02,160
1461252060,1251.21,76
1461252120,1251.61,90
1461252180,1251.00,114
1461252240,1251.27,76
1461252300,1251.74,86
1461252360,1251.79,136
1461252420,1251.09,142
1461252480,1251.99,104
1461252540,1251.95,166
1461252600,1251.15,136
1461252660,1251.63,88
1461252720,1251.71,72
1461252780,1251.69,84
1461252840,1250.97,126
1461252900,1250.30,206
1461252960,1251.77,140
1461253020,1251.68,208
1461253080,1251.66,74
1461253140,1251.48,88
1461253200,1251.81,90
1461253260,1251.37,122
1461253320,1250.96,102
1461253380,1250.66,178
1461253440,1250.49,176
1461253500,1251.30,114
1461253560,1251.57,140
1461253620,1251.72,158
1461253680,1251.40,218
1461253740,1251.47,116
1461253800,1251.46,106
1461253860,1252.00,198
1461253920,1251.89,246
1461253980,1252.00,230
1461254040,1251.65,224
1461254100,1251.65,206
1461254160,1250.78,324
1461254220,1251.67,108
1461254280,1251.53,170
1461254340,1251.73,236
1461254400,1251.47,260
1461254460,1251.99,196
1461254520,1251.35,226
1461254580,1251.27,182
1461254640,1251.85,168
1461254700,1251.76,140
1461254760,1251.81,212
1461254820,1251.73,164
1461254880,1251.26,184
1461254940,1251.25,142
1461255000,1251.74,150
1461255060,1251.65,80
1461255120,1251.04,170
1461255180,1251.37,202
1461255240,1251.22,130
1461255300,1250.73,108
1461255360,1250.14,302
1461255420,1250.20,232
1461255480,1249.98,238
1461255540,1250.70,134
1461255600,1250.60,36
1461255660,1250.95,120
1461255720,1251.31,52
1461255780,1250.74,122
1461255840,1250.54,48
1461255900,1250.24,56
1461255960,1249.43,270
1461256020,1249.69,86
1461256080,1249.63,232
1461256140,1249.83,144
1461256200,1250.13,88
1461256260,1250.07,80
1461256320,1250.67,130
1461256380,1249.99,256
1461256440,1250.28,194
1461256500,1250.13,122
1461256560,1250.05,124
1461256620,1249.98,56
1461256680,1249.56,166
1461256740,1249.93,202
1461256800,1250.11,186
1461256860,1250.66,206
1461256920,1250.76,212
1461256980,1250.54,170
1461257040,1250.56,184
1461257100,1250.72,188
1461257160,1250.72,204
1461257220,1250.86,218
1461257280,1251.26,140
1461257340,1251.10,226
1461257400,1250.98,38
1461257460,1251.41,84
1461257520,1251.22,106
1461257580,1251.11,124
1461257640,1251.18,138
1461257700,1251.20,174
1461257760,1251.38,122
1461257820,1251.67,190
1461257880,1251.22,218
1461257940,1251.07,158
1461258000,1251.23,176
1461258060,1251.15,142
1461258120,1250.91,152
1461258180,1250.58,228
1461258240,1250.26,214
1461258300,1250.23,158
1461258360,1250.20,198
1461258420,1250.23,176
1461258480,1250.16,176
1461258540,1250.01,142
1461258600,1250.26,162
1461258660,1250.05,162
1461258720,1250.10,124
1461258780,1250.04,120
1461258840,1250.18,48
1461258900,1250.30,158
1461258960,1250.31,118
1461259020,1250.14,152
1461259080,1249.90,144
1461259140,1250.06,114
1461259200,1250.45,170
1461259260,1250.36,214
1461259320,1250.41,148
1461259380,1250.42,122
1461259440,1250.23,238
1461259500,1249.56,284
1461259560,1249.83,216
1461259620,1249.72,202
1461259680,1249.13,272
1461259740,1248.53,336
1461259800,1249.10,286
1461259860,1249.19,206
1461259920,1248.99,228
1461259980,1249.44,136
1461260040,1249.43,192
1461260100,1249.39,154
1461260160,1248.88,170
1461260220,1249.05,140
1461260280,1249.33,150
1461260340,1249.55,174
1461260400,1248.97,158
1461260460,1248.94,104
1461260520,1248.95,72
1461260580,1249.05,72
1461260640,1249.04,98
1461260700,1248.78,138
1461260760,1248.36,278
1461260820,1247.87,216
1461260880,1248.48,200
1461260940,1248.53,120
1461261000,1248.71,150
1461261060,1249.49,180
1461261120,1249.34,396
1461261180,1249.04,272
1461261240,1247.80,188
1461261300,1247.98,158
1461261360,1247.59,62
1461261420,1248.41,96
1461261480,1248.32,192
1461261540,1248.23,166
1461261600,1247.55,214
1461261660,1248.35,250
1461261720,1248.51,226
1461261780,1248.61,144
1461261840,1249.03,152
1461261900,1248.92,224
1461261960,1249.11,170
1461262020,1248.28,168
1461262080,1248.27,90
1461262140,1248.98,146
1461262200,1248.98,124
1461262260,1249.08,134
1461262320,1248.78,94
1461262380,1249.22,140
1461262440,1249.07,144
1461262500,1249.04,80
1461262560,1249.33,140
1461262620,1249.17,144
1461262680,1249.17,90
1461262740,1248.57,142
1461262800,1248.90,242
1461262860,1248.30,178
1461262920,1248.54,180
1461262980,1248.27,138
1461263040,1247.93,212
1461263100,1248.22,164
1461263160,1248.34,146
1461263220,1248.36,114
1461263280,1248.53,176
1461263340,1248.35,122
1461263400,1248.39,136
1461263460,1248.01,162
1461263520,1247.77,134
1461263580,1247.55,120
1461263640,1247.65,130
1461263700,1247.56,128
1461263760,1247.95,172
1461263820,1247.82,130
1461263880,1247.42,162
1461263940,1247.94,180
1461264000,1247.36,144
1461264060,1247.06,154
1461264120,1246.99,118
1461264180,1247.62,202
1461264240,1248.02,136
1461264300,1248.13,154
1461264360,1247.70,124
1461264420,1247.91,100
1461264480,1247.95,88
1461264540,1248.18,100
1461264600,1249.23,188
1461264660,1249.08,184
1461264720,1248.94,180
1461264780,1249.21,116
1461264840,1249.01,62
1461264900,1249.06,70
1461264960,1248.94,74
1461265020,1248.98,36
1461265080,1249.15,86
1461265140,1249.04,180
1461265200,1249.14,104
1461265260,1249.51,178
1461265320,1249.11,120
1461265380,1248.98,32
1461265440,1248.51,16
1461265500,1248.54,34
1461265560,1248.63,86
1461265620,1248.45,52
1461265680,1248.44,122
1461265740,1248.43,72
1461265800,1248.64,84
1461265860,1248.25,90
1461265920,1248.71,136
1461265980,1248.62,84
1461266040,1248.65,78
1461266100,1248.43,92
1461266160,1248.22,124
1461266220,1248.21,90
1461266280,1248.17,222
1461266340,1248.12,158
1461266400,1248.15,94
1461266460,1248.09,86
1461266520,1248.15,100
1461266580,1248.25,98
1461266640,1248.55,88
1461266700,1248.45,96
1461266760,1248.52,94
1461266820,1248.54,92
1461266880,1248.54,60
1461266940,1248.53,78
1461267000,1248.52,70
1461267060,1248.50,46
1461267120,1248.11,86
1461267180,1248.27,90
1461267240,1248.44,94
1461267300,1248.80,116
1461267360,1248.80,104
1461267420,1248.91,82
1461267480,1249.11,156
1461267540,1249.16,120
1461267600,1249.20,70
1461267660,1249.15,66
1461267720,1249.03,152
1461267780,1249.87,112
1461267840,1249.82,98
1461267900,1249.66,134
1461267960,1249.83,106
1461268020,1249.82,102
1461268080,1249.72,82
1461268140,1249.76,46
1461268200,1249.57,112
1461268260,1249.98,96
1461268320,1250.30,126
1461268380,1250.45,168
1461268440,1250.38,126
1461268500,1250.43,200
1461268560,1250.53,154
1461268620,1250.83,130
1461268680,1249.63,224
1461268740,1249.75,324
1461268800,1249.98,162
1461268860,1250.10,136
1461268920,1249.69,92
1461268980,1249.51,84
1461269040,1249.78,34
1461269100,1249.52,36
1461269160,1249.67,34
1461269220,1249.77,56
1461269280,1249.69,70
1461269340,1249.26,88
1461269400,1249.06,86
1461269460,1249.15,48
1461269520,1249.21,36
1461269580,1248.98,50
1461269640,1248.94,66
1461269700,1248.93,32
1461269760,1249.09,16
1461269820,1249.15,24
1461269880,1249.16,18
1461269940,1248.99,34
1461270000,1248.94,8
1461270060,1248.82,52
1461270120,1248.77,32
1461270180,1248.52,64
1461270240,1248.34,70
1461270300,1248.39,48
1461270360,1248.46,24
1461270420,1248.58,30
1461270480,1248.87,30
1461270540,1248.86,4
1461270600,1248.98,14
1461270660,1248.98,6
1461270720,1248.67,14
1461270780,1248.52,10
1461270840,1248.47,4
1461270900,1248.56,10
1461270960,1248.56,10
1461271020,1248.94,8
1461271080,1248.89,12
1461271140,1248.80,18
1461271200,1248.66,6
1461271260,1248.71,6
1461271320,1248.62,12
1461271380,1248.42,6
1461271440,1248.47,8
1461271500,1248.50,28
1461271560,1248.31,8
1461271620,1248.35,12
1461271680,1248.35,4
1461271740,1248.27,16
1461271800,1248.47,22
1461271860,1248.67,24
1461271920,1248.72,8
1461271980,1248.77,6
1461272040,1248.79,4
1461272100,1248.77,20
1461272160,1248.67,16
1461272220,1248.61,14
1461272280,1248.11,44
1461276000,1247.19,108
1461276060,1248.03,42
1461276120,1247.99,26
1461276180,1248.03,16
1461276240,1247.83,8
1461276300,1248.23,20
1461276360,1248.13,6
1461276420,1248.09,32
1461276480,1248.17,40
1461276540,1248.15,36
1461276600,1248.35,50
1461276660,1248.35,34
1461276720,1248.17,6
1461276780,1248.19,34
1461276840,1248.48,46
1461276900,1249.01,40
1461276960,1248.45,40
1461277020,1248.35,34
1461277080,1248.62,24
1461277140,1248.78,34
1461277200,1248.98,22
1461277260,1248.88,8
1461277320,1248.88,16
1461277380,1248.94,32
1461277440,1248.78,30
1461277500,1249.24,52
1461277560,1249.12,40
1461277620,1249.58,98
1461277680,1249.48,38
1461277740,1249.43,4
1461277800,1249.32,44
1461277860,1249.32,12
1461277920,1248.78,30
1461277980,1248.60,16
1461278040,1249.24,18
1461278100,1249.30,8
1461278160,1249.39,32
1461278220,1249.20,52
1461278280,1249.61,68
1461278340,1249.37,42
1461278400,1249.55,116
1461278460,1249.46,102
1461278520,1249.37,66
1461278580,1249.56,34
1461278640,1249.54,40
1461278700,1249.58,36
1461278760,1249.67,82
1461278820,1249.64,48
1461278880,1249.71,42
1461278940,1249.64,88
1461279000,1249.65,38
1461279060,1249.75,80
1461279120,1250.07,54
1461279180,1250.11,52
1461279240,1249.86,50
1461279300,1249.73,24
1461279360,1249.92,52
1461279420,1249.74,18
1461279480,1249.76,16
1461279540,1249.70,18
1461279600,1249.56,96
1461279660,1249.48,74
1461279720,1249.52,42
1461279780,1249.45,106
1461279840,1249.75,60
1461279900,1249.64,84
1461279960,1249.78,46
1461280020,1249.60,58
1461280080,1249.51,42
1461280140,1249.66,72
1461280200,1249.57,58
1461280260,1248.99,82
1461280320,1248.50,66
1461280380,1248.91,38
1461280440,1249.00,36
1461280500,1249.07,44
1461280560,1248.91,66
1461280620,1248.99,76
1461280680,1248.96,68
1461280740,1249.16,28
1461280800,1249.13,38
1461280860,1249.02,54
1461280920,1249.05,14
1461280980,1249.05,16
1461281040,1249.07,104
1461281100,1249.16,34
1461281160,1249.09,34
1461281220,1249.03,78
1461281280,1249.06,64
1461281340,1249.04,14
1461281400,1248.86,66
1461281460,1249.01,46
1461281520,1249.06,66
1461281580,1249.05,12
1461281640,1249.03,12
1461281700,1249.05,54
1461281760,1249.01,80
1461281820,1249.62,90
1461281880,1249.53,72
1461281940,1249.34,48
1461282000,1249.56,70
1461282060,1249.70,36
1461282120,1249.83,64
1461282180,1249.74,26
1461282240,1249.52,46
1461282300,1249.47,68
1461282360,1249.53,14
1461282420,1249.48,34
1461282480,1249.43,16
1461282540,1249.45,28
1461282600,1249.36,100
1461282660,1249.32,26
1461282720,1249.12,56
1461282780,1249.20,52
1461282840,1249.03,90
1461282900,1249.16,68
1461282960,1249.17,42
1461283020,1249.26,52
1461283080,1249.26,20
1461283140,1249.22,70
1461283200,1248.34,200
1461283260,1248.64,126
1461283320,1249.37,134
1461283380,1249.57,84
1461283440,1249.61,80
1461283500,1249.40,68
1461283560,1249.16,138
1461283620,1249.20,78
1461283680,1249.19,110
1461283740,1249.10,116
1461283800,1248.61,78
1461283860,1249.00,50
1461283920,1248.84,24
1461283980,1248.88,48
1461284040,1248.80,44
1461284100,1248.84,92
1461284160,1248.94,122
1461284220,1248.93,32
1461284280,1248.79,44
1461284340,1248.61,60
1461284400,1248.43,74
1461284460,1248.28,60
1461284520,1248.05,122
1461284580,1248.01,138
1461284640,1247.58,138
1461284700,1247.53,42
1461284760,1247.41,44
1461284820,1247.37,44
1461284880,1247.22,56
1461284940,1247.06,72
1461285000,1245.85,188
1461285060,1245.98,58
1461285120,1245.99,20
1461285180,1245.68,82
1461285240,1245.32,196
1461285300,1245.12,164
1461285360,1245.18,194
1461285420,1245.35,118
1461285480,1245.17,146
1461285540,1245.32,124
1461285600,1245.67,172
1461285660,1245.89,132
1461285720,1246.22,134
1461285780,1246.35,128
1461285840,1246.10,128
1461285900,1246.68,140
1461285960,1246.72,124
1461286020,1246.35,136
1461286080,1246.28,102
1461286140,1246.68,176
1461286200,1246.68,154
1461286260,1246.66,152
1461286320,1246.86,88
1461286380,1247.21,148
1461286440,1246.76,112
1461286500,1246.89,150
1461286560,1246.78,104
1461286620,1246.85,86
1461286680,1246.77,72
1461286740,1246.69,102
1461286800,1246.89,154
1461286860,1246.22,90
1461286920,1245.51,264
1461286980,1244.30,278
1461287040,1244.36,284
1461287100,1244.89,294
1461287160,1245.01,164
1461287220,1245.04,164
1461287280,1245.69,212
1461287340,1245.31,214
1461287400,1246.05,74
1461287460,1246.32,116
1461287520,1246.21,156
1461287580,1246.51,204
1461287640,1246.45,112
1461287700,1246.14,152
1461287760,1245.96,134
1461287820,1245.85,104
1461287880,1246.12,102
1461287940,1245.92,26
1461288000,1245.67,84
1461288060,1246.05,136
1461288120,1246.14,82
1461288180,1246.07,98
1461288240,1246.40,100
1461288300,1246.75,136
1461288360,1246.87,158
1461288420,1248.44,212
1461288480,1248.43,302
1461288540,1249.31,180
1461288600,1249.37,252
1461288660,1249.06,220
1461288720,1248.94,82
1461288780,1248.66,204
1461288840,1248.43,136
1461288900,1248.44,262
1461288960,1249.34,180
1461289020,1249.16,130
1461289080,1249.46,132
1461289140,1250.08,280
1461289200,1250.61,156
1461289260,1251.10,208
1461289320,1251.47,232
1461289380,1251.91,290
1461289440,1251.31,132
1461289500,1251.61,174
1461289560,1250.55,142
1461289620,1250.83,162
1461289680,1250.73,58
1461289740,1250.56,220
1461289800,1250.72,166
1461289860,1250.32,168
1461289920,1249.97,144
1461289980,1250.42,154
1461290040,1249.93,128
1461290100,1250.65,132
1461290160,1250.72,174
1461290220,1250.42,78
1461290280,1250.25,150
1461290340,1250.27,200
1461290400,1249.79,222
1461290460,1249.66,178
1461290520,1249.69,184
1461290580,1249.35,190
1461290640,1249.65,150
1461290700,1249.72,174
1461290760,1250.02,228
1461290820,1250.04,122
1461290880,1249.95,142
1461290940,1250.38,198
1461291000,1250.45,168
1461291060,1250.36,186
1461291120,1250.26,102
1461291180,1250.35,44
1461291240,1250.53,118
1461291300,1250.58,42
1461291360,1250.45,58
1461291420,1250.49,28
1461291480,1249.90,38
1461291540,1250.03,102
1461291600,1250.08,70
1461291660,1249.95,44
1461291720,1249.98,74
1461291780,1249.87,108
1461291840,1250.01,80
1461291900,1249.87,86
1461291960,1250.03,54
1461292020,1250.01,50
1461292080,1250.13,44
1461292140,1250.12,68
1461292200,1250.24,102
1461292260,1249.86,118
1461292320,1250.31,114
1461292380,1250.35,130
1461292440,1250.39,132
1461292500,1250.28,98
1461292560,1249.87,48
1461292620,1249.92,144
1461292680,1249.96,104
1461292740,1249.82,132
1461292800,1250.12,110
1461292860,1250.23,56
1461292920,1250.04,60
1461292980,1250.13,120
1461293040,1249.98,86
1461293100,1249.95,82
1461293160,1249.86,58
1461293220,1249.78,84
1461293280,1249.52,148
1461293340,1249.17,148
1461293400,1249.16,196
1461293460,1248.89,156
1461293520,1248.85,194
1461293580,1249.14,140
1461293640,1249.15,134
1461293700,1248.97,106
1461293760,1249.39,162
1461293820,1249.48,152
1461293880,1249.53,118
1461293940,1249.50,132
1461294000,1249.42,152
1461294060,1249.52,90
1461294120,1249.20,54
1461294180,1249.10,140
1461294240,1249.02,138
1461294300,1249.12,154
1461294360,1249.16,72
1461294420,1249.05,88
1461294480,1249.14,100
1461294540,1249.06,70
1461294600,1249.23,116
1461294660,1249.27,134
1461294720,1249.20,126
1461294780,1249.15,84
1461294840,1248.80,148
1461294900,1249.06,172
1461294960,1249.10,86
1461295020,1249.08,48
1461295080,1249.07,134
1461295140,1249.26,54
1461295200,1249.22,164
1461295260,1249.15,84
1461295320,1248.96,78
1461295380,1249.05,40
1461295440,1249.08,8
1461295500,1248.94,20
1461295560,1249.04,52
1461295620,1248.78,92
1461295680,1249.20,206
1461295740,1249.09,106
1461295800,1249.21,120
1461295860,1249.21,16
1461295920,1249.20,12
1461295980,1249.31,58
1461296040,1249.65,150
1461296100,1249.75,106
1461296160,1249.98,108
1461296220,1249.96,72
1461296280,1249.95,42
1461296340,1250.04,54
1461296400,1250.05,56
1461296460,1249.88,50
1461296520,1249.88,74
1461296580,1249.85,42
1461296640,1249.84,28
1461296700,1249.82,50
1461296760,1249.86,56
1461296820,1249.95,42
1461296880,1249.95,30
1461296940,1249.94,14
1461297000,1249.95,8
1461297060,1249.94,46
1461297120,1249.85,66
1461297180,1249.74,68
1461297240,1249.71,42
1461297300,1249.62,46
1461297360,1249.89,80
1461297420,1249.91,76
1461297480,1249.86,82
1461297540,1249.76,62
1461297600,1249.81,68
1461297660,1249.62,90
1461297720,1249.85,98
1461297780,1249.83,32
1461297840,1249.66,56
1461297900,1249.36,78
1461297960,1249.56,54
1461298020,1249.62,36
1461298080,1249.51,60
1461298140,1249.53,22
1461298200,1249.44,42
1461298260,1249.42,38
1461298320,1249.41,10
1461298380,1249.16,16
1461298440,1249.07,52
1461298500,1249.27,26
1461298560,1249.40,30
1461298620,1249.43,10
1461298680,1249.44,44
1461298740,1249.44,54
1461298800,1249.36,18
1461298860,1249.42,38
1461298920,1249.42,72
1461298980,1249.44,54
1461299040,1249.34,36
1461299100,1249.33,66
1461299160,1249.34,28
1461299220,1249.46,42
1461299280,1249.47,116
1461299340,1249.47,4
1461299400,1249.36,22
1461299460,1249.46,128
1461299520,1249.46,88
1461299580,1249.46,84
1461299640,1248.97,274
1461299700,1248.40,322
1461299760,1248.35,266
1461299820,1248.29,208
1461299880,1248.44,168
1461299940,1248.69,148
1461300000,1247.98,164
1461300060,1247.63,184
1461300120,1248.08,206
1461300180,1247.99,164
1461300240,1246.99,260
1461300300,1246.76,310
1461300360,1247.01,98
1461300420,1246.92,124
1461300480,1247.28,176
1461300540,1247.76,144
1461300600,1248.37,282
1461300660,1247.65,236
1461300720,1247.57,158
1461300780,1247.86,134
1461300840,1248.02,80
1461300900,1247.66,98
1461300960,1247.74,66
1461301020,1247.66,72
1461301080,1247.21,164
1461301140,1247.39,164
1461301200,1246.96,182
1461301260,1247.37,130
1461301320,1247.50,120
1461301380,1247.69,112
1461301440,1247.96,136
1461301500,1247.91,100
1461301560,1248.27,138
1461301620,1247.86,90
1461301680,1247.79,98
1461301740,1247.50,142
1461301800,1247.60,94
1461301860,1247.67,130
1461301920,1247.55,58
1461301980,1247.53,138
1461302040,1247.77,150
1461302100,1247.37,198
1461302160,1246.54,290
1461302220,1248.09,130
1461302280,1248.06,30
1461302340,1248.46,40
1461302400,1248.82,112
1461302460,1248.85,200
1461302520,1248.72,112
1461302580,1248.55,142
1461302640,1248.47,128
1461302700,1248.87,118
1461302760,1248.86,104
1461302820,1248.82,92
1461302880,1248.72,122
1461302940,1248.61,64
1461303000,1248.17,38
1461303060,1247.56,88
1461303120,1247.32,74
1461303180,1247.22,150
1461303240,1247.48,162
1461303300,1247.06,192
1461303360,1247.73,278
1461303420,1247.62,208
1461303480,1247.39,180
1461303540,1247.32,144
1461303600,1247.18,230
1461303660,1247.57,162
1461303720,1247.67,186
1461303780,1247.40,164
1461303840,1247.52,126
1461303900,1246.97,236
1461303960,1246.91,120
1461304020,1246.76,200
1461304080,1246.71,272
1461304140,1246.99,254
1461304200,1246.80,236
1461304260,1246.89,230
1461304320,1246.67,228
1461304380,1246.51,170
1461304440,1246.71,170
1461304500,1246.60,178
1461304560,1246.61,138
1461304620,1246.85,112
1461304680,1246.81,154
1461304740,1246.75,210
1461304800,1246.68,302
1461304860,1246.39,126
1461304920,1246.19,238
1461304980,1246.65,236
1461305040,1247.17,130
1461305100,1247.63,160
1461305160,1247.37,122
1461305220,1247.08,46
1461305280,1247.16,102
1461305340,1247.29,84
1461305400,1247.54,174
1461305460,1247.34,172
1461305520,1247.29,286
1461305580,1247.23,150
1461305640,1247.23,172
1461305700,1247.23,98
1461305760,1247.28,138
1461305820,1247.36,68
1461305880,1247.18,112
1461305940,1247.29,208
1461306000,1246.73,82
1461306060,1247.04,154
1461306120,1246.99,190
1461306180,1247.06,122
1461306240,1246.95,164
1461306300,1247.13,142
1461306360,1246.93,118
1461306420,1246.94,122
1461306480,1247.09,88
1461306540,1246.94,58
1461306600,1246.95,78
1461306660,1247.18,228
1461306720,1246.93,202
1461306780,1246.94,96
1461306840,1246.92,202
1461306900,1246.60,356
1461306960,1247.01,114
1461307020,1246.43,72
1461307080,1245.68,124
1461307140,1245.35,286
1461307200,1245.33,266
1461307260,1245.56,288
1461307320,1245.52,188
1461307380,1245.19,148
1461307440,1245.35,250
1461307500,1245.38,224
1461307560,1244.70,258
1461307620,1245.39,202
1461307680,1245.35,178
1461307740,1245.25,204
1461307800,1245.21,198
1461307860,1245.44,132
1461307920,1245.35,90
1461307980,1245.25,72
1461308040,1245.24,136
1461308100,1245.15,120
1461308160,1245.31,86
1461308220,1245.44,146
1461308280,1245.51,154
1461308340,1245.52,216
1461308400,1245.42,120
1461308460,1245.81,234
1461308520,1245.45,328
1461308580,1245.65,256
1461308640,1245.45,142
1461308700,1245.79,92
1461308760,1246.35,92
1461308820,1245.78,256
1461308880,1245.54,134
1461308940,1245.94,128
1461309000,1246.29,118
1461309060,1245.57,224
1461309120,1245.54,208
1461309180,1245.34,282
1461309240,1245.36,198
1461309300,1245.34,240
1461309360,1245.37,164
1461309420,1245.40,232
1461309480,1245.24,224
1461309540,1245.26,268
1461309600,1245.48,272
1461309660,1245.91,244
1461309720,1246.05,238
1461309780,1245.55,162
1461309840,1245.09,132
1461309900,1245.19,206
1461309960,1245.64,342
1461310020,1245.84,144
1461310080,1245.59,126
1461310140,1245.38,96
1461310200,1244.93,134
1461310260,1245.09,208
1461310320,1245.52,308
1461310380,1245.21,254
1461310440,1244.94,248
1461310500,1244.77,296
1461310560,1244.78,230
1461310620,1244.99,218
1461310680,1244.98,94
1461310740,1244.54,242
1461310800,1244.49,188
1461310860,1244.64,186
1461310920,1244.77,168
1461310980,1244.70,198
1461311040,1244.69,170
1461311100,1244.67,306
1461311160,1244.58,202
1461311220,1244.68,210
1461311280,1244.89,222
1461311340,1244.98,190
1461311400,1245.41,216
1461311460,1245.55,130
1461311520,1246.82,174
1461311580,1246.11,236
1461311640,1247.15,72
1461311700,1248.15,212
1461311760,1247.93,330
1461311820,1248.43,252
1461311880,1248.61,272
1461311940,1248.73,200
1461312000,1248.97,226
1461312060,1248.57,184
1461312120,1248.25,226
1461312180,1248.10,218
1461312240,1248.03,220
1461312300,1248.06,226
1461312360,1248.14,156
1461312420,1248.05,204
1461312480,1247.86,242
1461312540,1248.20,152
1461312600,1248.66,192
1461312660,1248.90,222
1461312720,1249.24,252
1461312780,1249.60,280
1461312840,1249.83,150
1461312900,1250.47,360
1461312960,1250.12,262
1461313020,1250.13,222
1461313080,1249.87,232
1461313140,1249.59,268
1461313200,1249.45,206
1461313260,1249.15,268
1461313320,1248.98,196
1461313380,1249.13,194
1461313440,1248.98,162
1461313500,1248.79,162
1461313560,1248.52,222
1461313620,1248.45,254
1461313680,1248.59,150
1461313740,1248.41,166
1461313800,1248.26,146
1461313860,1248.15,178
1461313920,1248.07,162
1461313980,1248.37,240
1461314040,1248.72,192
1461314100,1248.80,210
1461314160,1248.15,230
1461314220,1248.06,178
1461314280,1248.31,148
1461314340,1248.47,126
1461314400,1248.34,170
1461314460,1248.33,138
1461314520,1248.55,200
1461314580,1248.17,118
1461314640,1248.18,172
1461314700,1248.30,200
1461314760,1248.35,188
1461314820,1248.63,186
1461314880,1248.87,228
1461314940,1248.58,160
1461315000,1247.81,274
1461315060,1247.87,204
1461315120,1247.45,250
1461315180,1247.55,204
1461315240,1247.28,166
1461315300,1247.07,172
1461315360,1246.91,222
1461315420,1246.75,146
1461315480,1246.08,254
1461315540,1245.75,244
1461315600,1245.80,206
1461315660,1245.73,250
1461315720,1245.30,238
1461315780,1245.21,294
1461315840,1245.36,230
1461315900,1245.38,228
1461315960,1245.38,194
1461316020,1245.45,148
1461316080,1246.09,152
1461316140,1246.33,240
1461316200,1246.52,224
1461316260,1246.39,182
1461316320,1246.39,192
1461316380,1246.25,14
1461316440,1246.06,98
1461316500,1246.35,78
1461316560,1246.84,172
1461316620,1246.44,212
1461316680,1246.50,148
1461316740,1246.39,140
1461316800,1246.40,74
1461316860,1246.05,44
1461316920,1245.95,24
1461316980,1245.44,108
1461317040,1245.47,178
1461317100,1245.29,232
1461317160,1245.32,228
1461317220,1245.46,140
1461317280,1245.49,158
1461317340,1245.44,124
1461317400,1245.50,206
1461317460,1246.16,234
1461317520,1246.34,238
1461317580,1246.43,176
1461317640,1246.37,98
1461317700,1246.04,44
1461317760,1245.78,108
1461317820,1245.95,96
1461317880,1245.87,116
1461317940,1246.71,112
1461318000,1247.04,210
1461318060,1247.25,90
1461318120,1247.23,96
1461318180,1247.29,152
1461318240,1247.24,132
1461318300,1246.79,184
1461318360,1246.67,162
1461318420,1246.73,192
1461318480,1246.61,178
1461318540,1246.59,178
1461318600,1246.60,20
1461318660,1246.70,34
1461318720,1246.89,102
1461318780,1246.86,136
1461318840,1247.06,98
1461318900,1247.38,128
1461318960,1247.79,202
1461319020,1247.49,198
1461319080,1247.54,164
1461319140,1247.15,156
1461319200,1247.83,196
1461319260,1248.03,168
1461319320,1247.76,116
1461319380,1247.72,122
1461319440,1247.99,72
1461319500,1247.74,158
1461319560,1247.65,166
1461319620,1247.59,172
1461319680,1247.58,202
1461319740,1247.69,158
1461319800,1247.75,100
1461319860,1247.91,112
1461319920,1247.69,20
1461319980,1247.76,70
1461320040,1247.77,126
1461320100,1247.63,72
1461320160,1247.61,122
1461320220,1247.63,92
1461320280,1247.61,80
1461320340,1247.24,162
1461320400,1247.05,206
1461320460,1246.65,104
1461320520,1246.94,166
1461320580,1246.98,80
1461320640,1246.62,116
1461320700,1246.74,166
1461320760,1246.65,80
1461320820,1246.16,174
1461320880,1246.25,226
1461320940,1246.21,116
1461321000,1245.66,182
1461321060,1245.67,204
1461321120,1245.93,208
1461321180,1246.17,132
1461321240,1246.22,172
1461321300,1246.26,146
1461321360,1246.12,158
1461321420,1246.10,170
1461321480,1246.10,96
1461321540,1246.28,156
1461321600,1246.41,88
1461321660,1246.21,162
1461321720,1246.51,138
1461321780,1246.94,146
1461321840,1247.06,140
1461321900,1246.99,218
1461321960,1246.90,160
1461322020,1246.87,182
1461322080,1246.23,170
1461322140,1246.37,120
1461322200,1246.63,164
1461322260,1246.88,88
1461322320,1246.63,102
1461322380,1246.50,32
1461322440,1246.08,144
1461322500,1246.24,194
1461322560,1246.08,124
1461322620,1245.97,152
1461322680,1246.17,112
1461322740,1246.22,122
1461322800,1246.08,30
1461322860,1246.61,44
1461322920,1246.70,64
1461322980,1246.85,138
1461323040,1246.79,94
1461323100,1246.79,36
1461323160,1246.78,16
1461323220,1246.81,40
1461323280,1246.69,74
1461323340,1246.64,48
1461323400,1246.65,16
1461323460,1246.81,88
1461323520,1246.65,50
1461323580,1246.94,72
1461323640,1247.19,60
1461323700,1247.74,108
1461323760,1247.67,74
1461323820,1247.50,94
1461323880,1247.55,76
1461323940,1247.41,94
1461324000,1247.32,30
1461324060,1247.66,32
1461324120,1247.46,26
1461324180,1247.63,38
1461324240,1247.37,42
1461324300,1247.01,62
1461324360,1247.13,52
1461324420,1247.12,42
1461324480,1247.15,48
1461324540,1247.13,98
1461324600,1246.95,108
1461324660,1246.66,50
1461324720,1246.65,116
1461324780,1246.28,102
1461324840,1246.13,62
1461324900,1246.10,164
1461324960,1245.95,148
1461325020,1246.07,168
1461325080,1246.36,126
1461325140,1246.16,124
1461325200,1245.67,258
1461325260,1245.77,188
1461325320,1245.82,164
1461325380,1246.11,162
1461325440,1246.02,136
1461325500,1246.24,114
1461325560,1245.86,124
1461325620,1245.95,156
1461325680,1246.01,180
1461325740,1246.09,178
1461325800,1245.82,184
1461325860,1245.52,234
1461325920,1245.62,192
1461325980,1245.79,152
1461326040,1246.07,166
1461326100,1245.91,178
1461326160,1245.71,148
1461326220,1245.73,98
1461326280,1245.60,146
1461326340,1245.58,172
1461326400,1245.67,238
1461326460,1245.91,238
1461326520,1246.18,232
1461326580,1246.34,266
1461326640,1246.36,212
1461326700,1246.26,194
1461326760,1246.15,200
1461326820,1246.14,152
1461326880,1246.04,196
1461326940,1246.03,148
1461327000,1246.54,140
1461327060,1246.21,174
1461327120,1246.92,168
1461327180,1246.47,146
1461327240,1246.19,176
1461327300,1246.35,88
1461327360,1246.41,38
1461327420,1246.40,82
1461327480,1246.41,70
1461327540,1245.89,80
1461327600,1247.44,240
1461327660,1246.95,144
1461327720,1246.61,86
1461327780,1247.07,44
1461327840,1246.56,124
1461327900,1246.90,106
1461327960,1246.64,126
1461328020,1246.64,106
1461328080,1246.84,100
1461328140,1246.76,52
1461328200,1247.44,124
1461328260,1247.14,138
1461328320,1247.01,222
1461328380,1247.10,172
1461328440,1246.72,214
1461328500,1245.88,166
1461328560,1245.91,120
1461328620,1245.91,58
1461328680,1245.80,112
1461328740,1245.09,190
1461328800,1244.04,306
1461328860,1243.95,238
1461328920,1244.49,148
1461328980,1244.04,232
1461329040,1245.24,182
1461329100,1244.99,240
1461329160,1245.14,138
1461329220,1246.05,232
1461329280,1245.79,172
1461329340,1246.45,156
1461329400,1246.69,266
1461329460,1246.09,202
1461329520,1245.65,214
1461329580,1245.65,90
1461329640,1245.35,192
1461329700,1245.55,166
1461329760,1246.26,110
1461329820,1246.34,162
1461329880,1246.94,134
1461329940,1246.53,122
1461330000,1245.69,190
1461330060,1245.38,124
1461330120,1245.48,106
1461330180,1245.52,274
1461330240,1246.02,190
1461330300,1245.92,214
1461330360,1245.83,218
1461330420,1245.38,222
1461330480,1245.94,140
1461330540,1246.44,260
1461330600,1246.54,156
1461330660,1246.54,158
1461330720,1246.53,196
1461330780,1246.18,284
1461330840,1245.88,306
1461330900,1245.21,302
1461330960,1244.50,374
1461331020,1244.25,264
1461331080,1243.83,170
1461331140,1243.74,218
1461331200,1243.49,288
1461331260,1243.45,238
1461331320,1242.48,190
1461331380,1242.44,358
1461331440,1241.22,262
1461331500,1241.77,244
1461331560,1242.12,160
1461331620,1242.73,100
1461331680,1242.27,136
1461331740,1242.09,118
1461331800,1243.24,302
1461331860,1243.74,228
1461331920,1243.19,212
1461331980,1242.64,232
1461332040,1242.72,280
1461332100,1241.73,118
1461332160,1240.53,312
1461332220,1241.00,186
1461332280,1240.46,162
1461332340,1241.16,176
1461332400,1241.65,154
1461332460,1242.11,148
1461332520,1242.20,92
1461332580,1242.23,90
1461332640,1241.31,156
1461332700,1242.44,150
1461332760,1242.24,186
1461332820,1242.64,110
1461332880,1242.67,146
1461332940,1243.06,192
1461333000,1243.31,204
1461333060,1242.83,216
1461333120,1242.58,180
1461333180,1243.45,192
1461333240,1243.81,210
1461333300,1244.51,268
1461333360,1244.51,212
1461333420,1244.19,168
1461333480,1243.83,232
1461333540,1243.93,168
1461333600,1243.46,282
1461333660,1243.64,216
1461333720,1244.14,198
1461333780,1243.43,162
1461333840,1243.50,80
1461333900,1243.75,102
1461333960,1243.82,140
1461334020,1243.66,130
1461334080,1244.45,116
1461334140,1244.42,174
1461334200,1244.71,162
1461334260,1244.27,150
1461334320,1244.23,146
1461334380,1244.23,86
1461334440,1244.29,138
1461334500,1244.01,262
1461334560,1243.60,266
1461334620,1243.86,150
1461334680,1243.15,132
1461334740,1242.88,154
1461334800,1242.82,164
1461334860,1242.99,252
1461334920,1243.73,128
1461334980,1243.18,152
1461335040,1243.23,62
1461335100,1243.67,98
1461335160,1245.03,278
1461335220,1244.78,298
1461335280,1245.07,160
1461335340,1244.83,146
1461335400,1245.03,212
1461335460,1244.57,146
1461335520,1244.39,126
1461335580,1243.63,344
1461335640,1243.84,246
1461335700,1243.67,184
1461335760,1243.77,142
1461335820,1243.31,216
1461335880,1243.75,190
1461335940,1243.45,162
1461336000,1242.45,342
1461336060,1242.61,204
1461336120,1242.73,322
1461336180,1242.79,242
1461336240,1242.41,254
1461336300,1241.75,294
1461336360,1242.15,80
1461336420,1242.05,102
1461336480,1242.55,144
1461336540,1242.30,240
1461336600,1242.36,100
1461336660,1242.31,186
1461336720,1242.30,240
1461336780,1242.90,218
1461336840,1243.15,292
1461336900,1243.34,172
1461336960,1242.89,160
1461337020,1242.88,286
1461337080,1242.85,258
1461337140,1242.51,194
1461337200,1243.49,206
1461337260,1243.52,288
1461337320,1243.60,206
1461337380,1243.52,168
1461337440,1243.50,152
1461337500,1243.30,108
1461337560,1242.98,88
1461337620,1243.26,114
1461337680,1243.33,184
1461337740,1242.74,262
1461337800,1242.98,266
1461337860,1242.76,284
1461337920,1242.54,318
1461337980,1241.43,342
1461338040,1241.60,304
1461338100,1242.23,200
1461338160,1241.86,146
1461338220,1241.69,322
1461338280,1242.19,240
1461338340,1242.57,178
1461338400,1242.71,254
1461338460,1242.67,186
1461338520,1242.47,136
1461338580,1242.09,192
1461338640,1242.14,218
1461338700,1242.03,188
1461338760,1241.89,166
1461338820,1241.60,220
1461338880,1241.59,264
1461338940,1240.97,282
1461339000,1240.96,364
1461339060,1240.76,304
1461339120,1240.95,266
1461339180,1240.94,202
1461339240,1239.13,318
1461339300,1239.35,150
1461339360,1238.36,326
1461339420,1238.76,264
1461339480,1238.96,270
1461339540,1238.42,168
1461339600,1238.58,236
1461339660,1238.96,300
1461339720,1239.26,146
1461339780,1238.71,102
1461339840,1237.93,286
1461339900,1236.59,438
1461339960,1236.90,290
1461340020,1235.92,224
1461340080,1236.43,184
1461340140,1236.63,138
1461340200,1236.53,128
1461340260,1236.79,192
1461340320,1237.24,248
1461340380,1237.61,234
1461340440,1237.62,282
1461340500,1237.27,226
1461340560,1237.04,198
1461340620,1237.43,118
1461340680,1237.94,102
1461340740,1237.69,66
1461340800,1236.84,204
1461340860,1236.88,84
1461340920,1236.59,60
1461340980,1236.25,56
1461341040,1235.14,146
1461341100,1234.81,172
1461341160,1234.82,104
1461341220,1235.15,148
1461341280,1235.50,152
1461341340,1235.97,108
1461341400,1236.40,132
1461341460,1236.74,110
1461341520,1235.81,126
1461341580,1235.62,142
1461341640,1235.41,118
1461341700,1234.99,172
1461341760,1234.97,132
1461341820,1235.20,72
1461341880,1235.32,86
1461341940,1235.37,68
1461342000,1235.16,74
1461342060,1235.70,78
1461342120,1235.57,260
1461342180,1235.32,208
1461342240,1235.67,96
1461342300,1235.78,82
1461342360,1235.90,132
1461342420,1236.24,88
1461342480,1235.18,128
1461342540,1233.65,332
1461342600,1233.82,174
1461342660,1233.38,310
1461342720,1233.03,128
1461342780,1233.39,128
1461342840,1232.53,174
1461342900,1234.00,192
1461342960,1233.72,122
1461343020,1233.74,178
1461343080,1234.20,110
1461343140,1234.08,106
1461343200,1233.87,92
1461343260,1233.87,70
1461343320,1233.98,140
1461343380,1234.24,46
1461343440,1234.60,110
1461343500,1234.06,184
1461343560,1234.05,98
1461343620,1233.74,84
1461343680,1232.56,258
1461343740,1232.46,230
1461343800,1230.63,212
1461343860,1230.03,352
1461343920,1230.46,272
1461343980,1230.48,358
1461344040,1228.46,400
1461344100,1229.13,376
1461344160,1229.99,254
1461344220,1229.34,368
1461344280,1229.34,378
1461344340,1230.00,360
1461344400,1229.46,304
1461344460,1229.03,158
1461344520,1229.53,200
1461344580,1230.39,214
1461344640,1230.44,282
1461344700,1230.39,276
1461344760,1230.28,266
1461344820,1230.17,192
1461344880,1230.40,184
1461344940,1230.51,272
1461345000,1230.15,184
1461345060,1231.19,184
1461345120,1230.96,168
1461345180,1230.88,86
1461345240,1230.71,164
1461345300,1230.88,232
1461345360,1230.03,276
1461345420,1230.68,132
1461345480,1231.07,140
1461345540,1230.80,172
1461345600,1230.67,208
1461345660,1230.78,112
1461345720,1230.77,168
1461345780,1230.17,238
1461345840,1230.09,198
1461345900,1230.08,208
1461345960,1229.94,140
1461346020,1229.41,228
1461346080,1229.18,256
1461346140,1228.06,380
1461346200,1227.96,330
1461346260,1227.71,324
1461346320,1228.35,280
1461346380,1228.23,78
1461346440,1228.47,52
1461346500,1228.79,208
1461346560,1228.97,146
1461346620,1229.15,226
1461346680,1228.87,110
1461346740,1229.34,108
1461346800,1229.31,128
1461346860,1229.08,62
1461346920,1229.18,210
1461346980,1229.57,248
1461347040,1229.90,314
1461347100,1229.45,234
1461347160,1229.85,250
1461347220,1230.12,246
1461347280,1230.63,316
1461347340,1230.35,128
1461347400,1229.71,144
1461347460,1229.67,112
1461347520,1229.77,160
1461347580,1229.68,76
1461347640,1229.74,184
1461347700,1229.83,198
1461347760,1229.63,90
1461347820,1229.23,160
1461347880,1229.19,104
1461347940,1228.85,156
1461348000,1229.19,198
1461348060,1229.42,188
1461348120,1229.91,184
1461348180,1230.10,188
1461348240,1229.67,180
1461348300,1229.61,188
1461348360,1229.33,164
1461348420,1229.44,174
1461348480,1229.73,198
1461348540,1229.54,196
1461348600,1229.38,156
1461348660,1229.13,142
1461348720,1229.85,178
1461348780,1229.56,186
1461348840,1229.63,166
1461348900,1229.82,148
1461348960,1229.54,176
1461349020,1229.61,170
1461349080,1229.73,170
1461349140,1230.07,224
1461349200,1229.83,190
1461349260,1229.78,220
1461349320,1229.71,136
1461349380,1229.70,152
1461349440,1229.67,128
1461349500,1229.97,146
1461349560,1229.71,128
1461349620,1229.60,206
1461349680,1229.48,186
1461349740,1229.46,148
1461349800,1229.40,102
1461349860,1229.30,70
1461349920,1229.33,130
1461349980,1229.86,38
1461350040,1229.92,24
1461350100,1229.99,2
1461350160,1230.31,34
1461350220,1230.49,70
1461350280,1230.58,48
1461350340,1230.34,122
1461350400,1230.60,96
1461350460,1230.76,122
1461350520,1230.83,32
1461350580,1231.02,18
1461350640,1231.05,12
1461350700,1231.15,26
1461350760,1230.89,64
1461350820,1230.81,24
1461350880,1230.96,30
1461350940,1230.52,26
1461351000,1230.30,70
1461351060,1230.61,44
1461351120,1230.61,4
1461351180,1230.63,40
1461351240,1230.47,32
1461351300,1231.39,70
1461351360,1231.27,128
1461351420,1231.23,144
1461351480,1231.47,50
1461351540,1231.61,180
1461351600,1231.92,194
1461351660,1232.68,266
1461351720,1232.23,226
1461351780,1232.63,108
1461351840,1232.88,190
1461351900,1232.68,188
1461351960,1232.64,126
1461352020,1233.08,42
1461352080,1232.65,92
1461352140,1233.50,90
1461352200,1233.59,138
1461352260,1234.10,144
1461352320,1233.68,76
1461352380,1233.85,102
1461352440,1233.97,54
1461352500,1233.81,54
1461352560,1233.85,110
1461352620,1233.75,14
1461352680,1233.41,96
1461352740,1233.07,40
1461352800,1233.04,88
1461352860,1232.91,70
1461352920,1233.07,32
1461352980,1233.06,14
1461353040,1233.10,50
1461353100,1233.16,64
1461353160,1233.31,10
1461353220,1233.43,22
1461353280,1233.23,32
1461353340,1233.04,26
1461353400,1232.61,50
1461353460,1232.48,40
1461353520,1232.40,24
1461353580,1232.21,24
1461353640,1232.16,18
1461353700,1232.53,22
1461353760,1232.59,16
1461353820,1232.76,42
1461353880,1232.66,28
1461353940,1232.50,26
1461354000,1231.98,42
1461354060,1231.89,30
1461354120,1232.28,56
1461354180,1232.34,24
1461354240,1232.35,40
1461354300,1232.34,16
1461354360,1232.55,44
1461354420,1232.67,36
1461354480,1232.51,28
1461354540,1232.66,86
1461354600,1232.95,64
1461354660,1232.80,30
1461354720,1232.98,30
1461354780,1233.43,76
1461354840,1233.46,32
1461354900,1233.88,92
1461354960,1233.72,114
1461355020,1233.64,166
1461355080,1233.83,102
1461355140,1233.52,116
1461355200,1233.64,32
1461355260,1233.47,22
1461355320,1233.34,8
1461355380,1233.39,6
1461355440,1233.51,8
1461355500,1233.41,6
1461355560,1233.62,14
1461355620,1233.50,14
1461355680,1233.45,28
1461355740,1233.55,10
1461355800,1233.94,18
1461355860,1233.70,8
1461355920,1233.62,14
1461355980,1233.64,14
1461356040,1233.69,18
1461356100,1233.70,8
1461356160,1233.68,12
1461356220,1233.65,4
1461356280,1233.43,10
1461356340,1233.31,6
1461356400,1233.22,8
1461356520,1233.40,4
1461356580,1233.40,4
1461356640,1233.33,14
1461356700,1233.21,6
1461356760,1233.11,30
1461356820,1232.91,8
1461356880,1233.11,14
1461356940,1232.91,8
1461357000,1233.03,12
1461357060,1233.11,6
1461357120,1233.11,16
1461357180,1233.11,4
1461357240,1233.24,18
1461357300,1233.22,2
1461357360,1233.51,16
1461357420,1233.42,6
1461357480,1233.43,12
1461357540,1232.97,10
1461357600,1232.43,32
1461357660,1232.43,10
1461357720,1232.37,10
1461357780,1232.37,8
1461357840,1232.23,12
1461357900,1231.97,26
1461357960,1232.06,18
1461358020,1231.98,22
1461358080,1232.02,12
1461358140,1232.27,10
1461358200,1232.21,16
1461358260,1232.44,26
1461358320,1232.67,18
1461358380,1232.74,2
1461358440,1232.74,4
1461358500,1232.79,12
1461358560,1232.98,28
1461358620,1231.98,32
1461358680,1232.09,44
1461535200,1232.36,96
1461535260,1232.02,46
1461535320,1231.43,44
1461535380,1231.43,66
1461535440,1232.16,78
1461535500,1232.11,28
1461535560,1231.96,34
1461535620,1231.80,28
1461535680,1231.83,18
1461535740,1231.93,30
1461535800,1231.69,88
1461535860,1231.67,8
1461535920,1232.10,30
1461535980,1232.27,50
1461536040,1231.94,38
1461536100,1232.04,30
1461536160,1232.56,72
1461536220,1233.01,52
1461536280,1232.86,30
1461536340,1232.76,30
1461536400,1232.72,44
1461536460,1232.38,46
1461536520,1232.37,30
1461536580,1232.57,30
1461536640,1232.67,38
1461536700,1232.59,26
1461536760,1232.29,74
1461536820,1232.42,38
1461536880,1232.44,20
1461536940,1232.33,52
1461537000,1232.38,30
1461537060,1232.33,50
1461537120,1232.44,40
1461537180,1232.25,26
1461537240,1232.20,6
1461537300,1232.17,28
1461537360,1232.03,46
1461537420,1232.21,46
1461537480,1232.55,34
1461537540,1232.15,64
1461537600,1232.50,56
1461537660,1232.40,42
1461537720,1231.85,32
1461537780,1231.92,26
1461537840,1231.95,14
1461537900,1231.89,28
1461537960,1231.91,28
1461538020,1231.67,46
1461538080,1231.51,42
1461538140,1231.59,28
1461538200,1231.54,36
1461538260,1231.48,60
1461538320,1231.46,34
1461538380,1231.49,26
1461538440,1231.21,92
1461538500,1231.00,42
1461538560,1231.40,46
1461538620,1231.26,66
1461538680,1231.38,16
1461538740,1231.37,14
1461538800,1231.18,28
1461538860,1231.11,70
1461538920,1231.09,42
1461538980,1230.98,34
1461539040,1231.01,58
1461539100,1230.98,48
1461539160,1231.22,38
1461539220,1231.47,78
1461539280,1231.59,36
1461539340,1231.51,40
1461539400,1231.59,38
1461539460,1231.67,38
1461539520,1231.77,22
1461539580,1231.91,58
1461539640,1231.53,64
1461539700,1231.60,66
1461539760,1231.73,56
1461539820,1231.65,22
1461539880,1231.74,14
1461539940,1231.79,18
1461540000,1231.63,34
1461540060,1231.44,60
1461540120,1231.84,36
1461540180,1231.73,64
1461540240,1231.50,74
1461540300,1231.72,80
1461540360,1231.72,48
1461540420,1231.61,38
1461540480,1231.70,20
1461540540,1231.59,34
1461540600,1231.96,70
1461540660,1231.83,14
1461540720,1231.92,30
1461540780,1231.94,70
1461540840,1231.62,82
1461540900,1231.63,24
1461540960,1231.55,36
1461541020,1231.14,72
1461541080,1231.74,84
1461541140,1231.36,42
1461541200,1231.82,48
1461541260,1231.64,28
1461541320,1231.63,22
1461541380,1231.80,42
1461541440,1231.74,28
1461541500,1231.73,40
1461541560,1232.03,38
1461541620,1231.77,32
1461541680,1231.92,24
1461541740,1231.94,30
1461541800,1232.02,30
1461541860,1232.03,52
1461541920,1231.97,30
1461541980,1232.02,30
1461542040,1231.80,28
1461542100,1231.95,48
1461542160,1232.31,34
1461542220,1232.59,52
1461542280,1232.86,60
1461542340,1232.67,30
1461542400,1232.29,62
1461542460,1232.23,28
1461542520,1232.61,38
1461542580,1232.74,20
1461542640,1232.15,48
1461542700,1232.45,8
1461542760,1232.37,14
1461542820,1232.08,28
1461542880,1232.20,146
1461542940,1232.21,30
1461543000,1232.15,66
1461543060,1231.95,42
1461543120,1231.73,52
1461543180,1231.95,26
1461543240,1232.26,42
1461543300,1232.21,74
1461543360,1231.93,96
1461543420,1232.04,92
1461543480,1231.77,40
1461543540,1231.96,58
1461543600,1231.85,56
1461543660,1231.75,96
1461543720,1231.86,64
1461543780,1231.94,66
1461543840,1231.45,90
1461543900,1231.72,276
1461543960,1232.21,106
1461544020,1232.15,74
1461544080,1232.19,74
1461544140,1232.17,40
1461544200,1231.76,52
1461544260,1232.25,80
1461544320,1232.06,56
1461544380,1231.70,26
1461544440,1231.53,40
1461544500,1231.45,32
1461544560,1231.58,36
1461544620,1231.24,26
1461544680,1231.58,46
1461544740,1231.65,68
1461544800,1231.66,10
1461544860,1231.67,6
1461544920,1231.72,22
1461544980,1231.48,20
1461545040,1231.26,34
1461545100,1231.36,56
1461545160,1231.49,42
1461545220,1231.52,30
1461545280,1231.57,28
1461545340,1231.81,22
1461545400,1231.82,70
1461545460,1231.79,36
1461545520,1231.62,86
1461545580,1231.23,168
1461545640,1231.42,68
1461545700,1231.72,144
1461545760,1231.68,64
1461545820,1231.76,22
1461545880,1231.59,38
1461545940,1231.30,48
1461546000,1231.51,134
1461546060,1230.87,118
1461546120,1230.44,116
1461546180,1230.37,144
1461546240,1230.87,186
1461546300,1231.74,226
1461546360,1231.74,102
1461546420,1232.03,106
1461546480,1232.38,120
1461546540,1232.39,154
1461546600,1232.46,66
1461546660,1232.27,106
1461546720,1232.32,72
1461546780,1232.24,48
1461546840,1231.81,52
1461546900,1231.70,76
1461546960,1231.63,122
1461547020,1231.31,56
1461547080,1231.80,120
1461547140,1232.07,78
1461547200,1231.91,52
1461547260,1231.99,30
1461547320,1231.62,72
1461547380,1231.34,56
1461547440,1231.49,82
1461547500,1231.31,86
1461547560,1231.32,74
1461547620,1231.55,36
1461547680,1231.56,30
1461547740,1232.07,50
1461547800,1231.98,50
1461547860,1232.30,132
1461547920,1232.45,102
1461547980,1232.39,152
1461548040,1232.40,162
1461548100,1232.23,48
1461548160,1232.39,62
1461548220,1232.50,60
1461548280,1232.70,40
1461548340,1232.71,28
1461548400,1233.04,72
1461548460,1233.79,192
1461548520,1234.11,134
1461548580,1233.73,176
1461548640,1233.35,140
1461548700,1233.11,112
1461548760,1232.95,74
1461548820,1232.94,78
1461548880,1232.56,96
1461548940,1232.80,48
1461549000,1232.98,106
1461549060,1232.78,32
1461549120,1232.60,96
1461549180,1232.94,130
1461549240,1233.35,108
1461549300,1233.02,56
1461549360,1233.23,50
1461549420,1232.99,52
1461549480,1232.73,60
1461549540,1232.84,50
1461549600,1233.22,92
1461549660,1233.25,80
1461549720,1233.43,100
1461549780,1233.48,90
1461549840,1234.00,112
1461549900,1233.61,122
1461549960,1233.59,76
1461550020,1233.53,74
1461550080,1233.70,96
1461550140,1233.42,112
1461550200,1233.44,44
1461550260,1233.54,40
1461550320,1233.73,36
1461550380,1233.81,42
1461550440,1233.91,48
1461550500,1233.73,74
1461550560,1233.72,32
1461550620,1233.93,46
1461550680,1233.62,54
1461550740,1233.47,24
1461550800,1233.42,36
1461550860,1233.58,20
1461550920,1233.55,58
1461550980,1233.64,48
1461551040,1233.53,60
1461551100,1233.71,40
1461551160,1233.77,94
1461551220,1233.74,48
1461551280,1233.55,10
1461551340,1233.80,44
1461551400,1234.03,62
1461551460,1233.95,28
1461551520,1234.12,54
1461551580,1234.10,36
1461551640,1234.03,60
1461551700,1234.18,58
1461551760,1234.28,56
1461551820,1234.30,96
1461551880,1234.43,36
1461551940,1234.14,58
1461552000,1234.15,18
1461552060,1234.06,60
1461552120,1234.08,44
1461552180,1234.05,74
1461552240,1233.95,64
1461552300,1234.04,96
1461552360,1233.93,36
1461552420,1233.82,42
1461552480,1233.81,52
1461552540,1233.61,68
1461552600,1233.65,60
1461552660,1233.66,34
1461552720,1233.41,48
1461552780,1233.32,58
1461552840,1233.47,48
1461552900,1233.60,22
1461552960,1233.63,50
1461553020,1233.53,56
1461553080,1233.63,48
1461553140,1233.56,34
1461553200,1233.44,18
1461553260,1233.33,36
1461553320,1233.27,38
1461553380,1233.01,32
1461553440,1232.97,64
1461553500,1233.11,30
1461553560,1233.11,28
1461553620,1233.17,28
1461553680,1233.11,30
1461553740,1233.02,42
1461553800,1233.01,6
1461553860,1233.02,18
1461553920,1233.19,14
1461553980,1233.16,18
1461554040,1233.64,72
1461554100,1233.70,24
1461554160,1233.63,40
1461554220,1233.63,36
1461554280,1233.64,64
1461554340,1233.59,32
1461554400,1233.67,52
1461554460,1233.47,70
1461554520,1233.49,12
1461554580,1233.42,12
1461554640,1233.41,8
1461554700,1233.40,22
1461554760,1233.33,56
1461554820,1233.57,74
1461554880,1233.60,34
1461554940,1233.69,42
1461555000,1233.69,28
1461555060,1233.82,48
1461555120,1233.80,30
1461555180,1233.71,8
1461555240,1233.64,16
1461555300,1233.63,74
1461555360,1233.78,22
1461555420,1233.78,8
1461555480,1233.80,4
1461555540,1233.77,36
1461555600,1233.80,24
1461555660,1234.04,70
1461555720,1234.02,16
1461555780,1234.04,60
1461555840,1234.03,44
1461555900,1234.02,30
1461555960,1233.96,28
1461556020,1233.91,22
1461556080,1233.83,32
1461556140,1233.82,44
1461556200,1233.74,30
1461556260,1233.73,56
1461556320,1233.64,58
1461556380,1233.70,30
1461556440,1233.61,46
1461556500,1233.57,16
1461556560,1233.74,22
1461556620,1233.66,22
1461556680,1233.82,60
1461556740,1233.83,118
1461556800,1233.97,62
1461556860,1233.89,90
1461556920,1233.79,28
1461556980,1233.81,12
1461557040,1233.70,56
1461557100,1233.69,30
1461557160,1233.74,26
1461557220,1233.78,30
1461557280,1233.88,90
1461557340,1233.88,58
1461557400,1233.80,44
1461557460,1233.80,58
1461557520,1233.83,32
1461557580,1233.85,30
1461557640,1233.98,20
1461557700,1233.97,40
1461557760,1234.00,44
1461557820,1233.85,74
1461557880,1233.79,28
1461557940,1233.71,50
1461558000,1233.76,44
1461558060,1233.74,36
1461558120,1233.71,58
1461558180,1233.59,68
1461558240,1233.69,54
1461558300,1233.53,38
1461558360,1233.50,32
1461558420,1233.56,54
1461558480,1233.50,102
1461558540,1233.40,90
1461558600,1233.40,84
1461558660,1233.50,120
1461558720,1233.43,92
1461558780,1233.49,120
1461558840,1233.47,108
1461558900,1233.68,82
1461558960,1233.72,30
1461559020,1233.89,108
1461559080,1234.04,100
1461559140,1233.89,60
1461559200,1233.72,104
1461559260,1233.59,74
1461559320,1233.49,36
1461559380,1233.61,44
1461559440,1233.58,38
1461559500,1233.67,72
1461559560,1233.62,38
1461559620,1233.66,40
1461559680,1233.82,28
1461559740,1233.99,36
1461559800,1233.84,46
1461559860,1233.75,22
1461559920,1233.76,16
1461559980,1233.71,14
1461560040,1233.69,26
1461560100,1233.75,50
1461560160,1233.86,20
1461560220,1233.74,42
1461560280,1233.74,58
1461560340,1233.80,46
1461560400,1233.71,82
1461560460,1233.42,142
1461560520,1233.55,214
1461560580,1233.79,138
1461560640,1234.06,58
1461560700,1234.54,102
1461560760,1234.70,34
1461560820,1234.77,10
1461560880,1235.09,26
1461560940,1234.81,72
1461561000,1234.94,84
1461561060,1234.86,136
1461561120,1234.82,122
1461561180,1234.76,60
1461561240,1234.80,82
1461561300,1234.92,82
1461561360,1234.80,74
1461561420,1234.79,78
1461561480,1234.64,102
1461561540,1234.65,124
1461561600,1234.68,54
1461561660,1235.18,58
1461561720,1235.01,32
1461561780,1235.10,106
1461561840,1235.38,76
1461561900,1235.28,92
1461561960,1235.33,96
1461562020,1235.21,74
1461562080,1235.13,88
1461562140,1234.92,146
1461562200,1234.72,194
1461562260,1234.57,122
1461562320,1234.34,122
1461562380,1234.65,140
1461562440,1235.04,128
1461562500,1235.32,214
1461562560,1235.33,190
1461562620,1235.81,226
1461562680,1235.62,70
1461562740,1235.48,42
1461562800,1235.33,40
1461562860,1235.52,20
1461562920,1235.60,68
1461562980,1235.58,120
1461563040,1235.77,190
1461563100,1235.79,86
1461563160,1235.97,50
1461563220,1236.52,50
1461563280,1236.34,62
1461563340,1236.70,58
1461563400,1236.81,94
1461563460,1237.24,138
1461563520,1236.39,144
1461563580,1236.60,36
1461563640,1236.14,56
1461563700,1235.99,110
1461563760,1235.97,42
1461563820,1235.84,22
1461563880,1235.24,96
1461563940,1234.82,78
1461564000,1235.22,56
1461564060,1235.03,34
1461564120,1234.85,30
1461564180,1234.70,56
1461564240,1234.93,130
1461564300,1234.67,100
1461564360,1234.88,50
1461564420,1235.27,82
1461564480,1235.06,68
1461564540,1234.69,24
1461564600,1234.93,36
1461564660,1234.97,48
1461564720,1234.74,120
1461564780,1234.52,114
1461564840,1234.63,150
1461564900,1234.55,120
1461564960,1234.66,116
1461565020,1234.39,158
1461565080,1234.74,80
1461565140,1235.34,88
1461565200,1235.17,42
1461565260,1235.08,62
1461565320,1235.25,76
1461565380,1235.19,174
1461565440,1235.08,156
1461565500,1235.23,110
1461565560,1235.45,150
1461565620,1235.38,68
1461565680,1235.35,160
1461565740,1235.71,200
1461565800,1235.46,202
1461565860,1235.19,170
1461565920,1235.02,164
1461565980,1234.26,224
1461566040,1234.40,60
1461566100,1234.44,158
1461566160,1234.56,92
1461566220,1234.71,72
1461566280,1235.07,138
1461566340,1234.70,50
1461566400,1234.63,158
1461566460,1234.98,76
1461566520,1235.25,116
1461566580,1235.67,188
1461566640,1235.73,174
1461566700,1235.41,206
1461566760,1235.40,68
1461566820,1235.25,18
1461566880,1235.30,66
1461566940,1235.15,84
1461567000,1235.04,80
1461567060,1234.83,26
1461567120,1234.86,66
1461567180,1234.82,22
1461567240,1234.65,86
1461567300,1234.02,142
1461567360,1235.05,362
1461567420,1234.70,204
1461567480,1234.11,128
1461567540,1234.04,50
1461567600,1233.53,236
1461567660,1233.14,248
1461567720,1233.99,238
1461567780,1233.43,90
1461567840,1233.57,116
1461567900,1233.44,192
1461567960,1233.32,190
1461568020,1233.12,212
1461568080,1233.31,170
1461568140,1233.14,180
1461568200,1233.26,200
1461568260,1233.26,100
1461568320,1233.16,186
1461568380,1233.27,176
1461568440,1233.75,164
1461568500,1233.55,200
1461568560,1234.01,162
1461568620,1234.02,86
1461568680,1234.67,182
1461568740,1234.07,228
1461568800,1234.23,170
1461568860,1234.25,238
1461568920,1234.29,232
1461568980,1234.46,142
1461569040,1234.61,34
1461569100,1234.29,116
1461569160,1234.96,94
1461569220,1234.92,168
1461569280,1235.34,206
1461569340,1234.66,152
1461569400,1234.42,152
1461569460,1234.25,128
1461569520,1234.21,152
1461569580,1234.03,158
1461569640,1233.78,142
1461569700,1233.88,202
1461569760,1234.16,146
1461569820,1233.94,112
1461569880,1233.79,172
1461569940,1233.95,190
1461570000,1233.92,104
1461570060,1234.03,174
1461570120,1233.95,126
1461570180,1233.64,150
1461570240,1233.65,170
1461570300,1233.87,216
1461570360,1234.09,198
1461570420,1234.05,154
1461570480,1234.15,94
1461570540,1233.89,154
1461570600,1233.95,154
1461570660,1234.21,110
1461570720,1233.81,118
1461570780,1233.82,148
1461570840,1233.83,144
1461570900,1233.74,148
1461570960,1233.84,144
1461571020,1233.60,100
1461571080,1233.64,138
1461571140,1234.11,26
1461571200,1233.84,76
1461571260,1233.94,172
1461571320,1233.85,56
1461571380,1233.73,46
1461571440,1233.46,48
1461571500,1233.86,30
1461571560,1233.47,126
1461571620,1233.71,174
1461571680,1234.29,180
1461571740,1234.36,110
1461571800,1234.59,170
1461571860,1234.74,130
1461571920,1234.94,208
1461571980,1235.00,124
1461572040,1234.86,80
1461572100,1235.35,94
1461572160,1235.15,150
1461572220,1235.16,182
1461572280,1235.45,204
1461572340,1235.81,244
1461572400,1235.61,252
1461572460,1235.76,202
1461572520,1235.54,258
1461572580,1235.52,202
1461572640,1235.43,186
1461572700,1235.30,168
1461572760,1235.25,160
1461572820,1234.95,196
1461572880,1234.83,152
1461572940,1234.96,164
1461573000,1234.78,194
1461573060,1234.55,212
1461573120,1234.79,204
1461573180,1234.86,182
1461573240,1235.27,180
1461573300,1234.97,200
1461573360,1234.67,244
1461573420,1234.39,230
1461573480,1234.02,226
1461573540,1233.77,252
1461573600,1234.20,224
1461573660,1234.22,246
1461573720,1234.19,228
1461573780,1234.22,190
1461573840,1234.02,168
1461573900,1234.01,152
1461573960,1234.34,156
1461574020,1234.22,164
1461574080,1234.13,188
1461574140,1234.23,142
1461574200,1234.46,224
1461574260,1234.04,234
1461574320,1233.55,198
1461574380,1233.54,112
1461574440,1233.51,146
1461574500,1233.81,152
1461574560,1233.83,66
1461574620,1233.92,144
1461574680,1233.80,146
1461574740,1233.63,178
1461574800,1233.61,160
1461574860,1233.31,178
1461574920,1233.05,212
1461574980,1232.83,194
1461575040,1233.20,224
1461575100,1232.81,158
1461575160,1232.68,220
1461575220,1232.95,130
1461575280,1232.54,204
1461575340,1232.45,232
1461575400,1232.63,202
1461575460,1232.56,158
1461575520,1232.79,136
1461575580,1232.41,184
1461575640,1232.17,206
1461575700,1232.01,210
1461575760,1232.01,270
1461575820,1231.65,190
1461575880,1231.83,256
1461575940,1231.94,216
1461576000,1232.14,172
1461576060,1231.75,206
1461576120,1231.49,184
1461576180,1231.73,98
1461576240,1232.13,146
1461576300,1231.60,206
1461576360,1232.03,140
1461576420,1232.03,128
1461576480,1232.06,102
1461576540,1231.93,82
1461576600,1230.82,214
1461576660,1231.17,148
1461576720,1231.32,62
1461576780,1231.53,180
1461576840,1231.51,134
1461576900,1231.51,174
1461576960,1231.41,108
1461577020,1231.31,54
1461577080,1231.41,78
1461577140,1231.65,90
1461577200,1231.41,136
1461577260,1231.61,42
1461577320,1231.61,8
1461577380,1231.51,22
1461577440,1231.27,128
1461577500,1231.34,106
1461577560,1231.47,74
1461577620,1231.52,92
1461577680,1231.65,194
1461577740,1231.38,188
1461577800,1231.64,158
1461577860,1231.76,184
1461577920,1231.95,142
1461577980,1232.51,148
1461578040,1232.11,192
1461578100,1232.20,154
1461578160,1232.36,162
1461578220,1232.25,156
1461578280,1232.15,160
1461578340,1232.02,158
1461578400,1232.28,176
1461578460,1231.99,156
1461578520,1231.86,106
1461578580,1231.93,144
1461578640,1232.10,130
1461578700,1232.06,94
1461578760,1232.18,210
1461578820,1232.16,152
1461578880,1232.10,112
1461578940,1232.04,132
1461579000,1232.09,98
1461579060,1232.07,116
1461579120,1232.54,208
1461579180,1232.57,182
1461579240,1233.21,94
1461579300,1233.01,82
1461579360,1232.74,138
1461579420,1232.75,126
1461579480,1232.72,144
1461579540,1232.84,104
1461579600,1233.03,66
1461579660,1232.82,98
1461579720,1232.64,222
1461579780,1232.34,162
1461579840,1232.53,96
1461579900,1232.58,86
1461579960,1232.53,100
1461580020,1232.56,116
1461580080,1232.37,140
1461580140,1232.53,72
1461580200,1232.65,80
1461580260,1232.81,90
1461580320,1232.78,114
1461580380,1232.82,88
1461580440,1232.66,128
1461580500,1232.74,108
1461580560,1232.79,96
1461580620,1232.71,114
1461580680,1232.64,142
1461580740,1232.92,140
1461580800,1232.99,118
1461580860,1232.93,140
1461580920,1233.01,110
1461580980,1232.97,72
1461581040,1232.95,100
1461581100,1232.95,134
1461581160,1233.15,146
1461581220,1233.05,154
1461581280,1233.05,72
1461581340,1233.03,106
1461581400,1232.96,66
1461581460,1232.99,152
1461581520,1232.74,98
1461581580,1232.93,176
1461581640,1233.19,80
1461581700,1232.84,26
1461581760,1233.29,38
1461581820,1233.04,190
1461581880,1232.98,180
1461581940,1232.94,148
1461582000,1233.15,68
1461582060,1233.10,142
1461582120,1233.35,112
1461582180,1233.79,172
1461582240,1234.03,228
1461582300,1233.89,150
1461582360,1233.96,142
1461582420,1234.01,148
1461582480,1233.66,138
1461582540,1233.14,244
1461582600,1233.31,224
1461582660,1233.45,78
1461582720,1233.43,50
1461582780,1233.52,118
1461582840,1233.49,132
1461582900,1233.55,116
1461582960,1233.42,82
1461583020,1233.28,74
1461583080,1233.42,30
1461583140,1233.46,40
1461583200,1233.52,28
1461583260,1233.63,16
1461583320,1233.66,52
1461583380,1233.89,22
1461583440,1233.76,48
1461583500,1233.65,12
1461583560,1233.35,64
1461583620,1233.52,46
1461583680,1233.32,34
1461583740,1233.58,30
1461583800,1233.26,58
1461583860,1233.25,16
1461583920,1233.34,6
1461583980,1233.14,80
1461584040,1233.61,98
1461584100,1233.17,38
1461584160,1232.93,70
1461584220,1233.38,112
1461584280,1233.07,90
1461584340,1233.12,116
1461584400,1233.25,110
1461584460,1233.32,114
1461584520,1233.21,84
1461584580,1233.26,130
1461584640,1233.15,78
1461584700,1233.23,126
1461584760,1233.35,112
1461584820,1233.44,148
1461584880,1233.46,112
1461584940,1233.40,140
1461585000,1233.49,98
1461585060,1233.60,74
1461585120,1233.38,64
1461585180,1233.53,120
1461585240,1233.52,52
1461585300,1233.52,150
1461585360,1233.51,88
1461585420,1233.46,100
1461585480,1233.19,92
1461585540,1233.41,50
1461585600,1233.26,76
1461585660,1232.64,308
1461585720,1232.54,240
1461585780,1232.28,188
1461585840,1232.41,164
1461585900,1232.46,134
1461585960,1232.03,198
1461586020,1232.58,26
1461586080,1233.54,220
1461586140,1233.90,232
1461586200,1235.16,276
1461586260,1234.77,338
1461586320,1235.11,194
1461586380,1234.95,190
1461586440,1234.96,130
1461586500,1235.05,108
1461586560,1235.07,88
1461586620,1235.45,162
1461586680,1235.15,222
1461586740,1235.89,200
1461586800,1235.25,286
1461586860,1234.85,160
1461586920,1234.87,70
1461586980,1235.13,72
1461587040,1235.38,134
1461587100,1235.21,152
1461587160,1234.94,220
1461587220,1235.23,74
1461587280,1235.49,128
1461587340,1235.82,92
1461587400,1236.35,218
1461587460,1235.78,230
1461587520,1235.83,226
1461587580,1235.80,100
1461587640,1235.75,168
1461587700,1235.59,78
1461587760,1236.24,130
1461587820,1236.52,172
1461587880,1236.23,284
1461587940,1236.26,258
1461588000,1236.36,208
1461588060,1236.18,196
1461588120,1236.02,166
1461588180,1236.49,112
1461588240,1236.23,130
1461588300,1236.70,138
1461588360,1236.40,162
1461588420,1236.23,80
1461588480,1236.08,74
1461588540,1236.24,100
1461588600,1236.22,196
1461588660,1235.93,38
1461588720,1236.09,106
1461588780,1235.84,136
1461588840,1235.25,322
1461588900,1235.79,164
1461588960,1235.53,172
1461589020,1235.49,200
1461589080,1235.26,214
1461589140,1234.99,264
1461589200,1235.79,268
1461589260,1235.79,344
1461589320,1235.09,278
1461589380,1234.59,204
1461589440,1234.72,256
1461589500,1235.04,338
1461589560,1234.70,332
1461589620,1234.73,278
1461589680,1234.60,338
1461589740,1234.79,262
1461589800,1235.46,338
1461589860,1235.19,282
1461589920,1234.78,214
1461589980,1234.75,296
1461590040,1235.49,226
1461590100,1235.19,236
1461590160,1235.59,228
1461590220,1236.01,268
1461590280,1235.15,384
1461590340,1235.02,220
1461590400,1235.24,134
1461590460,1235.41,172
1461590520,1235.39,162
1461590580,1235.69,132
1461590640,1235.59,122
1461590700,1235.78,100
1461590760,1235.89,52
1461590820,1235.78,128
1461590880,1235.98,98
1461590940,1236.18,74
1461591000,1236.68,76
1461591060,1236.28,234
1461591120,1236.39,184
1461591180,1236.30,228
1461591240,1238.65,254
1461591300,1238.38,322
1461591360,1238.15,332
1461591420,1238.13,306
1461591480,1237.56,332
1461591540,1237.38,312
1461591600,1236.94,220
1461591660,1237.17,254
1461591720,1237.97,324
1461591780,1238.36,334
1461591840,1238.26,200
1461591900,1238.18,254
1461591960,1238.25,180
1461592020,1238.54,256
1461592080,1238.02,254
1461592140,1238.33,186
1461592200,1238.56,94
1461592260,1237.90,82
1461592320,1237.79,296
1461592380,1238.21,114
1461592440,1238.71,100
1461592500,1238.52,110
1461592560,1238.41,52
1461592620,1238.02,152
1461592680,1238.13,82
1461592740,1238.52,66
1461592800,1238.65,238
1461592860,1238.64,222
1461592920,1239.37,154
1461592980,1239.22,212
1461593040,1239.60,150
1461593100,1239.68,174
1461593160,1239.39,206
1461593220,1239.32,140
1461593280,1240.19,148
1461593340,1239.57,148
1461593400,1239.52,202
1461593460,1239.50,320
1461593520,1239.38,336
1461593580,1239.65,106
1461593640,1239.92,190
1461593700,1239.90,262
1461593760,1240.08,156
1461593820,1240.98,168
1461593880,1241.78,314
1461593940,1241.87,326
1461594000,1241.42,266
1461594060,1241.23,290
1461594120,1241.18,276
1461594180,1241.17,120
1461594240,1241.00,150
1461594300,1241.20,194
1461594360,1241.03,116
1461594420,1241.25,218
1461594480,1241.16,294
1461594540,1241.23,192
1461594600,1241.37,154
1461594660,1241.05,296
1461594720,1240.25,348
1461594780,1239.86,406
1461594840,1239.95,282
1461594900,1240.27,336
1461594960,1240.09,246
1461595020,1240.28,274
1461595080,1240.31,216
1461595140,1240.44,216
1461595200,1240.40,248
1461595260,1240.16,294
1461595320,1240.43,242
1461595380,1240.19,278
1461595440,1240.24,318
1461595500,1240.08,230
1461595560,1240.32,246
1461595620,1240.04,250
1461595680,1239.88,164
1461595740,1239.78,120
1461595800,1239.43,152
1461595860,1239.29,96
1461595920,1239.09,218
1461595980,1238.83,128
1461596040,1239.36,120
1461596100,1239.08,198
1461596160,1239.37,158
1461596220,1239.70,288
1461596280,1239.87,308
1461596340,1240.18,276
1461596400,1240.45,338
1461596460,1239.97,298
1461596520,1239.81,252
1461596580,1239.59,216
1461596640,1239.40,154
1461596700,1239.89,64
1461596760,1240.02,110
1461596820,1240.27,160
1461596880,1240.39,76
1461596940,1240.78,160
1461597000,1240.56,240
1461597060,1240.60,142
1461597120,1240.60,70
1461597180,1240.69,206
1461597240,1240.57,232
1461597300,1240.55,164
1461597360,1240.80,224
1461597420,1240.90,36
1461597480,1240.39,118
1461597540,1240.10,232
1461597600,1240.10,64
1461597660,1240.00,54
1461597720,1239.96,110
1461597780,1240.10,200
1461597840,1240.40,82
1461597900,1240.08,90
1461597960,1240.12,144
1461598020,1240.07,208
1461598080,1239.88,224
1461598140,1239.78,234
1461598200,1240.17,118
1461598260,1240.20,160
1461598320,1240.55,64
1461598380,1240.49,138
1461598440,1240.45,74
1461598500,1240.73,132
1461598560,1240.82,98
1461598620,1240.67,228
1461598680,1240.67,148
1461598740,1240.53,126
1461598800,1240.46,172
1461598860,1240.63,108
1461598920,1240.63,186
1461598980,1240.78,170
1461599040,1241.08,188
1461599100,1240.66,250
1461599160,1240.31,262
1461599220,1240.27,236
1461599280,1240.35,154
1461599340,1240.19,112
1461599400,1240.23,136
1461599460,1240.15,148
1461599520,1240.28,124
1461599580,1240.31,128
1461599640,1240.26,130
1461599700,1239.96,130
1461599760,1239.69,164
1461599820,1239.65,226
1461599880,1239.91,170
1461599940,1240.07,178
1461600000,1240.22,238
1461600060,1239.98,210
1461600120,1239.87,146
1461600180,1240.07,146
1461600240,1240.07,152
1461600300,1240.27,160
1461600360,1240.16,178
1461600420,1239.80,182
1461600480,1239.86,252
1461600540,1239.50,306
1461600600,1239.91,248
1461600660,1239.54,218
1461600720,1239.79,126
1461600780,1239.75,152
1461600840,1239.77,126
1461600900,1239.93,144
1461600960,1239.97,144
1461601020,1239.89,170
1461601080,1239.87,134
1461601140,1239.99,188
1461601200,1240.63,202
1461601260,1240.65,194
1461601320,1240.66,166
1461601380,1240.89,196
1461601440,1240.76,194
1461601500,1240.38,198
1461601560,1240.55,122
1461601620,1240.73,186
1461601680,1240.72,158
1461601740,1240.74,128
1461601800,1240.52,198
1461601860,1240.34,202
1461601920,1240.39,164
1461601980,1240.49,170
1461602040,1240.44,134
1461602100,1240.30,134
1461602160,1240.07,142
1461602220,1240.02,208
1461602280,1240.11,130
1461602340,1240.16,116
1461602400,1240.20,134
1461602460,1239.85,190
1461602520,1239.84,148
1461602580,1240.14,116
1461602640,1239.95,156
1461602700,1240.14,152
1461602760,1239.89,198
1461602820,1239.87,170
1461602880,1239.87,98
1461602940,1240.24,200
1461603000,1240.33,212
1461603060,1240.03,216
1461603120,1239.98,188
1461603180,1239.86,216
1461603240,1240.04,178
1461603300,1239.69,212
1461603360,1239.72,186
1461603420,1239.76,176
1461603480,1239.68,136
1461603540,1239.58,130
1461603600,1240.07,216
1461603660,1240.10,188
1461603720,1239.97,122
1461603780,1240.12,164
1461603840,1240.03,134
1461603900,1240.24,156
1461603960,1239.99,142
1461604020,1240.04,160
1461604080,1240.35,152
1461604140,1240.38,182
1461604200,1240.74,218
1461604260,1240.65,184
1461604320,1240.74,132
1461604380,1240.63,170
1461604440,1240.35,144
1461604500,1240.22,170
1461604560,1240.76,174
1461604620,1240.48,196
1461604680,1240.29,164
1461604740,1240.14,164
1461604800,1240.48,148
1461604860,1240.08,34
1461604920,1240.19,12
1461604980,1239.88,44
1461605040,1239.88,132
1461605100,1239.78,46
1461605160,1238.19,184
1461605220,1238.68,178
1461605280,1238.88,106
1461605340,1238.74,200
1461605400,1238.82,130
1461605460,1238.72,166
1461605520,1238.52,130
1461605580,1238.47,120
1461605640,1238.33,170
1461605700,1238.45,116
1461605760,1237.98,180
1461605820,1238.08,60
1461605880,1238.08,66
1461605940,1238.08,128
1461606000,1238.08,34
1461606060,1237.98,44
1461606120,1238.18,48
1461606180,1238.28,30
1461606240,1238.38,66
1461606300,1238.88,96
1461606360,1238.80,96
1461606420,1238.78,58
1461606480,1238.85,14
1461606540,1239.13,92
1461606600,1238.78,66
1461606660,1238.83,38
1461606720,1238.98,54
1461606780,1238.98,34
1461606840,1238.88,30
1461606900,1238.78,10
1461606960,1238.64,20
1461607020,1238.35,22
1461607080,1238.64,50
1461607140,1238.64,56
1461607200,1238.54,32
1461607260,1238.75,26
1461607320,1238.84,24
1461607380,1238.62,20
1461607440,1238.40,18
1461607500,1238.48,58
1461607560,1238.47,28
1461607620,1238.52,98
1461607680,1238.68,30
1461607740,1238.82,44
1461607800,1238.83,36
1461607860,1238.80,118
1461607920,1238.63,56
1461607980,1238.48,50
1461608040,1238.38,16
1461608100,1238.29,20
1461608160,1238.58,62
1461608220,1238.58,12
1461608280,1238.18,34
1461608340,1238.18,30
1461608400,1237.98,94
1461608460,1237.97,104
1461608520,1237.74,154
1461608580,1237.55,168
1461608640,1237.30,144
1461608700,1237.43,160
1461608760,1237.37,94
1461608820,1237.14,84
1461608880,1237.28,96
1461608940,1237.08,148
1461609000,1237.16,48
1461609060,1237.78,68
1461609120,1237.78,40
1461609180,1237.73,46
1461609240,1237.75,70
1461609300,1237.48,78
1461609360,1237.53,48
1461609420,1237.51,54
1461609480,1237.68,24
1461609540,1237.67,82
1461609600,1237.88,56
1461609660,1237.98,30
1461609720,1238.18,38
1461609780,1238.08,48
1461609840,1237.68,20
1461609900,1237.68,74
1461609960,1237.68,38
1461610020,1237.65,50
1461610080,1237.61,52
1461610140,1237.58,48
1461610200,1237.68,30
1461610260,1237.84,16
1461610320,1237.78,18
1461610380,1237.83,34
1461610440,1237.78,92
1461610500,1237.68,32
1461610560,1237.58,8
1461610620,1237.38,14
1461610680,1237.31,12
1461610740,1236.98,92
1461610800,1236.94,178
1461610860,1237.08,32
1461610920,1237.38,58
1461610980,1237.27,38
1461611040,1237.08,34
1461611100,1236.45,104
1461611160,1236.64,114
1461611220,1237.43,124
1461611280,1237.08,72
1461611340,1237.00,98
1461611400,1237.00,42
1461611460,1237.17,38
1461611520,1237.58,40
1461611580,1237.31,38
1461611640,1237.35,56
1461611700,1237.38,80
1461611760,1237.46,40
1461611820,1237.53,36
1461611880,1237.54,52
1461611940,1237.46,42
1461612000,1237.53,48
1461612060,1237.52,80
1461612120,1237.50,46
1461612180,1237.38,84
1461612240,1237.37,16
1461612300,1237.30,58
1461612360,1237.43,24
1461612420,1237.66,34
1461612480,1237.56,48
1461612540,1237.68,66
1461612600,1237.88,86
1461612660,1237.76,38
1461612720,1237.81,60
1461612780,1237.77,56
1461612840,1237.60,60
1461612900,1237.65,50
1461612960,1237.71,44
1461613020,1237.76,26
1461613080,1237.85,38
1461613140,1237.94,70
1461613200,1237.95,20
1461613260,1237.95,40
1461613320,1238.48,102
1461613380,1238.68,12
1461613440,1238.56,48
1461613500,1238.55,58
1461613560,1238.64,76
1461613620,1238.54,40
1461613680,1238.55,76
1461613740,1238.40,56
1461613800,1238.33,92
1461613860,1238.24,74
1461613920,1238.27,60
1461613980,1238.44,50
1461614040,1238.29,70
1461614100,1238.24,108
1461614160,1238.06,96
1461614220,1237.97,138
1461614280,1237.88,110
1461614340,1237.38,88
1461614400,1237.37,44
1461614460,1237.30,48
1461614520,1237.38,46
1461614580,1237.26,58
1461614640,1237.11,26
1461614700,1237.09,46
1461614760,1237.09,28
1461614820,1236.83,28
1461614880,1236.97,24
1461614940,1236.89,14
1461615000,1236.88,20
1461615060,1236.78,38
1461615120,1236.81,44
1461615180,1236.87,46
1461615240,1237.18,86
1461615300,1237.48,68
1461615360,1237.67,24
1461615420,1237.67,12
1461615480,1237.55,32
1461615540,1237.56,22
1461615600,1237.69,44
1461615660,1237.67,46
1461615720,1237.45,34
1461615780,1237.27,38
1461615840,1237.17,22
1461615900,1237.12,14
1461615960,1237.17,8
1461616020,1237.16,20
1461616080,1237.12,6
1461616140,1237.22,22
1461616200,1237.02,8
1461616260,1237.27,12
1461616320,1237.18,2
1461616380,1236.66,6
1461616440,1237.53,12
1461616500,1237.48,6
1461616560,1237.37,4
1461616620,1237.67,6
1461616680,1237.49,4
1461616800,1237.44,2
1461616860,1237.87,14
1461616920,1237.87,10
1461616980,1237.66,8
1461617040,1237.68,4
1461617160,1237.52,4
1461617220,1237.54,10
1461617280,1237.97,14
1461617340,1237.58,6
1461617400,1237.80,14
1461617460,1237.72,12
1461617520,1237.46,10
1461617580,1237.33,6
1461617640,1237.47,6
1461617700,1237.38,12
1461617760,1237.46,14
1461617820,1237.61,12
1461617880,1237.51,4
1461621600,1238.01,44
1461621660,1237.87,8
1461621780,1237.87,4
1461621840,1238.01,6
1461621900,1237.89,6
1461621960,1237.77,12
1461622020,1237.66,6
1461622080,1238.01,12
1461622140,1237.97,2
1461622260,1238.07,2
1461622320,1237.87,8
1461622380,1238.01,12
1461622440,1237.97,2
1461622500,1238.01,10
1461622560,1238.01,18
1461622680,1238.11,12
1461622740,1238.17,26
1461622800,1238.17,4
1461622860,1237.81,16
1461622920,1237.87,2
1461622980,1237.81,2
1461623040,1237.91,4
1461623100,1237.87,4
1461623160,1237.87,4
1461623220,1238.27,34
1461623280,1238.27,34
1461623340,1237.57,32
1461623400,1237.81,16
1461623460,1237.71,16
1461623640,1237.21,14
1461623700,1237.17,32
1461623760,1237.11,10
1461623820,1237.21,8
1461623880,1237.07,8
1461623940,1237.21,32
1461624000,1237.17,4
1461624060,1237.21,4
1461624120,1237.17,8
1461624240,1237.07,6
1461624480,1237.21,6
1461624600,1237.21,6
1461624720,1237.21,6
1461624780,1237.27,2
1461624840,1237.47,10
1461624900,1237.47,4
1461624960,1237.61,6
1461625020,1237.67,2
1461625080,1237.51,4
1461625200,1237.27,8
1461625260,1237.37,6
1461625380,1237.27,2
1461625440,1237.37,2
1461625500,1237.27,8
1461625560,1237.41,16
1461625620,1237.51,4
1461625680,1237.47,6
1461625740,1237.51,2
1461625800,1237.57,6
1461625860,1237.61,6
1461625920,1237.67,2
1461625980,1237.67,4
1461626040,1237.67,8
1461626160,1237.87,18
1461626220,1237.87,4
1461626340,1237.81,8
1461626520,1237.81,4
1461626580,1237.91,4
1461626640,1237.77,6
1461626700,1237.87,8
1461626760,1237.81,2
1461626880,1237.87,12
1461626940,1237.91,2
1461627000,1237.97,14
1461627060,1238.01,14
1461627120,1237.97,6
1461627180,1238.17,12
1461627240,1237.87,6
1461627300,1237.97,4
1461627420,1237.97,10
1461627480,1238.01,6
1461627600,1238.07,2
1461627720,1238.17,4
1461627780,1238.23,10
1461627840,1238.28,34
1461627900,1238.18,22
1461627960,1238.23,46
1461628020,1238.26,30
1461628080,1238.23,26
1461628140,1238.19,28
1461628200,1238.28,38
1461628260,1238.29,28
1461628320,1238.74,52
1461628380,1238.34,28
1461628440,1238.48,12
1461628500,1238.34,6
1461628620,1238.24,6
1461628680,1238.34,20
1461628740,1238.04,18
1461628800,1237.64,48
1461628860,1237.74,44
1461628920,1238.08,6
1461628980,1238.29,24
1461629040,1238.24,38
1461629100,1238.14,36
1461629160,1238.08,76
1461629220,1238.18,38
1461629280,1238.04,64
1461629340,1238.08,34
1461629400,1238.04,42
1461629460,1238.00,32
1461629520,1237.85,60
1461629580,1237.66,52
1461629640,1237.27,98
1461629700,1236.95,98
1461629760,1237.16,66
1461629820,1237.44,58
1461629880,1237.59,88
1461629940,1237.48,108
1461630000,1237.56,42
1461630060,1237.51,96
1461630120,1237.69,246
1461630180,1237.93,66
1461630240,1238.20,52
1461630300,1238.40,32
1461630360,1238.38,32
1461630420,1238.17,60
1461630480,1238.34,66
1461630540,1238.33,48
1461630600,1238.51,76
1461630660,1238.47,78
1461630720,1238.51,100
1461630780,1238.67,98
1461630840,1238.73,110
1461630900,1239.13,148
1461630960,1239.12,164
1461631020,1239.03,134
1461631080,1239.13,80
1461631140,1239.04,98
1461631200,1239.06,72
1461631260,1238.98,64
1461631320,1238.98,70
1461631380,1239.01,60
1461631440,1239.26,84
1461631500,1239.28,118
1461631560,1239.19,98
1461631620,1239.12,78
1461631680,1239.19,90
1461631740,1239.29,78
1461631800,1239.14,64
1461631860,1239.12,52
1461631920,1239.21,68
1461631980,1239.19,98
1461632040,1239.31,152
1461632100,1239.03,132
1461632160,1239.09,172
1461632220,1238.75,110
1461632280,1238.92,116
1461632340,1238.63,88
1461632400,1238.62,50
1461632460,1238.63,78
1461632520,1238.91,110
1461632580,1238.93,136
1461632640,1238.91,176
1461632700,1239.23,180
1461632760,1238.99,64
1461632820,1238.99,20
1461632880,1239.03,46
1461632940,1239.33,40
1461633000,1239.60,68
1461633060,1239.49,64
1461633120,1239.29,154
1461633180,1238.92,48
1461633240,1238.75,122
1461633300,1239.60,256
1461633360,1239.26,130
1461633420,1239.60,156
1461633480,1239.74,50
1461633540,1239.79,26
1461633600,1239.97,162
1461633660,1240.64,150
1461633720,1240.71,42
1461633780,1240.83,126
1461633840,1240.63,150
1461633900,1240.91,160
1461633960,1240.90,132
1461634020,1240.75,126
1461634080,1240.80,168
1461634140,1240.73,112
1461634200,1240.78,146
1461634260,1240.20,228
1461634320,1240.18,142
1461634380,1239.85,108
1461634440,1239.40,204
1461634500,1239.27,150
1461634560,1239.26,130
1461634620,1239.19,160
1461634680,1238.98,194
1461634740,1238.30,166
1461634800,1238.31,222
1461634860,1238.21,166
1461634920,1238.64,148
1461634980,1238.81,98
1461635040,1238.71,88
1461635100,1238.80,70
1461635160,1239.03,86
1461635220,1238.79,76
1461635280,1239.10,54
1461635340,1239.05,100
1461635400,1239.20,112
1461635460,1239.21,136
1461635520,1239.42,102
1461635580,1239.55,166
1461635640,1239.67,120
1461635700,1239.72,120
1461635760,1239.55,78
1461635820,1239.57,48
1461635880,1239.40,166
1461635940,1239.35,146
1461636000,1239.22,90
1461636060,1239.24,134
1461636120,1239.30,92
1461636180,1239.36,72
1461636240,1239.69,120
1461636300,1239.71,190
1461636360,1239.22,184
1461636420,1239.24,152
1461636480,1239.11,128
1461636540,1239.30,88
1461636600,1239.40,44
1461636660,1239.22,94
1461636720,1239.22,68
1461636780,1239.40,74
1461636840,1239.51,110
1461636900,1239.40,54
1461636960,1239.21,86
1461637020,1239.33,50
1461637080,1239.39,28
1461637140,1239.30,2
1461637200,1239.14,12
1461637260,1239.30,38
1461637320,1239.50,36
1461637380,1239.59,38
1461637440,1239.49,8
1461637500,1239.69,16
1461637560,1239.73,18
1461637620,1239.56,38
1461637680,1239.46,90
1461637740,1239.64,168
1461637800,1239.69,94
1461637860,1239.46,118
1461637920,1239.03,194
1461637980,1239.30,132
1461638040,1239.49,42
1461638100,1239.49,30
1461638160,1239.40,98
1461638220,1239.30,108
1461638280,1239.19,94
1461638340,1239.22,84
1461638400,1239.11,68
1461638460,1239.01,110
1461638520,1239.07,118
1461638580,1239.15,142
1461638640,1239.10,80
1461638700,1239.13,68
1461638760,1239.27,124
1461638820,1239.16,122
1461638880,1239.05,80
1461638940,1239.16,78
1461639000,1239.05,88
1461639060,1239.13,108
1461639120,1239.12,66
1461639180,1239.19,46
1461639240,1239.24,48
1461639300,1238.83,80
1461639360,1239.02,154
1461639420,1238.98,112
1461639480,1239.00,106
1461639540,1238.89,132
1461639600,1239.02,140
1461639660,1239.05,126
1461639720,1239.33,174
1461639780,1239.43,126
1461639840,1239.15,186
1461639900,1239.42,142
1461639960,1239.84,202
1461640020,1238.89,190
1461640080,1238.76,80
1461640140,1238.85,66
1461640200,1238.89,14
1461640260,1238.83,10
1461640320,1238.63,40
1461640380,1238.33,108
1461640440,1237.56,124
1461640500,1237.16,50
1461640560,1236.93,246
1461640620,1237.20,214
1461640680,1237.55,142
1461640740,1237.46,136
1461640800,1237.24,108
1461640860,1237.37,222
1461640920,1237.50,92
1461640980,1237.43,132
1461641040,1237.72,186
1461641100,1237.77,144
1461641160,1237.72,102
1461641220,1237.91,154
1461641280,1237.74,138
1461641340,1237.89,114
1461641400,1237.54,124
1461641460,1237.67,94
1461641520,1237.74,168
1461641580,1237.83,132
1461641640,1237.54,102
1461641700,1237.44,108
1461641760,1237.46,100
1461641820,1237.65,84
1461641880,1237.68,48
1461641940,1237.12,58
1461642000,1237.28,120
1461642060,1237.16,76
1461642120,1236.69,110
1461642180,1236.67,128
1461642240,1236.59,108
1461642300,1236.47,112
1461642360,1236.77,102
1461642420,1236.76,94
1461642480,1236.68,118
1461642540,1235.94,190
1461642600,1235.43,304
1461642660,1235.46,222
1461642720,1235.29,166
1461642780,1236.07,188
1461642840,1236.13,136
1461642900,1235.77,146
1461642960,1235.97,94
1461643020,1236.08,78
1461643080,1236.31,118
1461643140,1235.94,130
1461643200,1235.88,118
1461643260,1235.80,66
1461643320,1235.58,98
1461643380,1235.92,136
1461643440,1235.97,62
1461643500,1235.97,70
1461643560,1235.75,90
1461643620,1235.85,74
1461643680,1235.84,48
1461643740,1235.63,92
1461643800,1235.82,96
1461643860,1235.70,108
1461643920,1235.80,98
1461643980,1235.76,54
1461644040,1235.86,14
1461644100,1235.86,48
1461644160,1236.06,76
1461644220,1235.92,42
1461644280,1235.88,40
1461644340,1235.86,112
1461644400,1235.90,112
1461644460,1236.21,104
1461644520,1236.39,106
1461644580,1236.17,48
1461644640,1236.23,66
1461644700,1236.33,48
1461644760,1236.54,104
1461644820,1236.53,46
1461644880,1236.13,78
1461644940,1235.90,62
1461645000,1235.73,110
1461645060,1235.63,118
1461645120,1235.43,120
1461645180,1235.51,56
1461645240,1235.25,160
1461645300,1235.46,168
1461645360,1235.63,138
1461645420,1235.82,126
1461645480,1235.81,130
1461645540,1235.83,52
1461645600,1235.97,146
1461645660,1235.91,112
1461645720,1235.82,68
1461645780,1235.74,30
1461645840,1235.74,36
1461645900,1236.03,54
1461645960,1235.91,58
1461646020,1236.01,48
1461646080,1236.11,42
1461646140,1235.91,56
1461646200,1235.91,24
1461646260,1236.09,114
1461646320,1235.86,104
1461646380,1236.08,60
1461646440,1236.25,82
1461646500,1236.22,74
1461646560,1236.47,104
1461646620,1236.35,112
1461646680,1236.45,88
1461646740,1236.46,98
1461646800,1236.64,154
1461646860,1236.72,138
1461646920,1236.67,60
1461646980,1237.02,138
1461647040,1236.83,44
1461647100,1236.84,118
1461647160,1236.76,76
1461647220,1236.62,68
1461647280,1236.63,56
1461647340,1236.63,56
1461647400,1236.58,30
1461647460,1236.82,108
1461647520,1236.93,70
1461647580,1236.80,90
1461647640,1236.94,76
1461647700,1236.94,80
1461647760,1236.77,56
1461647820,1236.78,68
1461647880,1236.63,94
1461647940,1236.35,102
1461648000,1236.52,200
1461648060,1236.63,86
1461648120,1236.67,128
1461648180,1236.59,70
1461648240,1236.57,102
1461648300,1236.67,82
1461648360,1236.65,56
1461648420,1236.54,82
1461648480,1236.40,84
1461648540,1236.28,240
1461648600,1236.03,68
1461648660,1236.12,40
1461648720,1236.26,36
1461648780,1236.92,174
1461648840,1237.71,186
1461648900,1237.63,210
1461648960,1237.34,124
1461649020,1237.55,118
1461649080,1237.44,140
1461649140,1237.23,72
1461649200,1237.40,122
1461649260,1237.39,76
1461649320,1237.79,292
1461649380,1237.72,162
1461649440,1237.55,102
1461649500,1237.53,84
1461649560,1237.20,184
1461649620,1236.87,234
1461649680,1237.00,236
1461649740,1236.79,188
1461649800,1236.86,132
1461649860,1236.25,264
1461649920,1236.66,208
1461649980,1236.67,226
1461650040,1236.83,104
1461650100,1236.78,88
1461650160,1236.82,82
1461650220,1237.14,180
1461650280,1237.16,128
1461650340,1237.30,108
1461650400,1236.49,326
1461650460,1236.90,206
1461650520,1237.10,42
1461650580,1236.94,82
1461650640,1236.86,212
1461650700,1236.77,230
1461650760,1236.75,200
1461650820,1236.73,252
1461650880,1236.43,296
1461650940,1236.75,294
1461651000,1236.67,216
1461651060,1236.55,222
1461651120,1236.32,212
1461651180,1236.84,170
1461651240,1236.57,266
1461651300,1236.59,118
1461651360,1236.76,138
1461651420,1236.30,148
1461651480,1236.38,162
1461651540,1236.21,186
1461651600,1236.27,90
1461651660,1236.33,106
1461651720,1236.13,156
1461651780,1236.14,198
1461651840,1236.12,142
1461651900,1235.76,212
1461651960,1235.69,204
1461652020,1235.62,180
1461652080,1235.44,226
1461652140,1235.33,234
1461652200,1234.72,332
1461652260,1234.59,262
1461652320,1234.21,278
1461652380,1233.94,274
1461652440,1234.23,324
1461652500,1234.41,200
1461652560,1234.31,104
1461652620,1233.87,170
1461652680,1233.56,310
1461652740,1233.81,264
1461652800,1234.16,238
1461652860,1234.24,164
1461652920,1234.02,156
1461652980,1234.29,34
1461653040,1234.45,64
1461653100,1233.85,248
1461653160,1233.81,154
1461653220,1233.85,194
1461653280,1233.93,130
1461653340,1233.96,86
1461653400,1234.17,76
1461653460,1234.44,32
1461653520,1234.44,50
1461653580,1234.43,152
1461653640,1234.11,148
1461653700,1234.28,210
1461653760,1234.24,108
1461653820,1234.04,138
1461653880,1233.37,108
1461653940,1232.79,324
1461654000,1232.67,320
1461654060,1232.83,276
1461654120,1232.83,118
1461654180,1233.16,62
1461654240,1233.42,174
1461654300,1233.31,222
1461654360,1233.35,152
1461654420,1233.19,242
1461654480,1233.52,276
1461654540,1233.86,234
1461654600,1233.97,254
1461654660,1233.51,100
1461654720,1233.72,250
1461654780,1234.08,256
1461654840,1233.86,246
1461654900,1234.12,76
1461654960,1234.36,48
1461655020,1233.96,154
1461655080,1234.09,132
1461655140,1233.86,94
1461655200,1233.85,166
1461655260,1233.89,130
1461655320,1233.96,138
1461655380,1234.27,114
1461655440,1234.73,134
1461655500,1234.40,182
1461655560,1234.49,106
1461655620,1234.73,82
1461655680,1234.36,266
1461655740,1234.16,278
1461655800,1234.36,194
1461655860,1234.36,130
1461655920,1234.56,194
1461655980,1234.31,194
1461656040,1234.26,172
1461656100,1235.19,158
1461656160,1235.05,162
1461656220,1234.41,232
1461656280,1234.47,128
1461656340,1234.31,262
1461656400,1234.61,184
1461656460,1234.60,204
1461656520,1234.41,128
1461656580,1234.26,186
1461656640,1234.32,146
1461656700,1234.16,144
1461656760,1234.46,100
1461656820,1234.21,166
1461656880,1234.44,126
1461656940,1234.18,142
1461657000,1234.19,200
1461657060,1234.53,214
1461657120,1234.53,258
1461657180,1234.62,162
1461657240,1234.57,192
1461657300,1234.91,174
1461657360,1235.33,124
1461657420,1235.18,180
1461657480,1235.47,78
1461657540,1235.41,74
1461657600,1234.98,68
1461657660,1235.18,62
1461657720,1235.07,84
1461657780,1235.07,66
1461657840,1234.96,96
1461657900,1234.78,116
1461657960,1234.46,244
1461658020,1234.88,134
1461658080,1234.87,166
1461658140,1234.73,184
1461658200,1234.70,244
1461658260,1234.88,138
1461658320,1235.00,122
1461658380,1234.86,134
1461658440,1234.83,142
1461658500,1234.80,122
1461658560,1234.60,104
1461658620,1234.56,124
1461658680,1234.86,134
1461658740,1235.07,182
1461658800,1235.09,164
1461658860,1234.89,160
1461658920,1234.96,118
1461658980,1234.90,74
1461659040,1234.97,84
1461659100,1234.52,94
1461659160,1234.42,166
1461659220,1234.40,110
1461659280,1234.51,60
1461659340,1234.72,110
1461659400,1234.57,106
1461659460,1234.48,70
1461659520,1234.60,184
1461659580,1234.46,134
1461659640,1234.08,142
1461659700,1234.01,152
1461659760,1234.09,148
1461659820,1234.00,134
1461659880,1233.88,158
1461659940,1234.17,196
1461660000,1234.02,156
1461660060,1234.29,172
1461660120,1234.49,194
1461660180,1234.99,142
1461660240,1234.52,182
1461660300,1234.68,94
1461660360,1234.78,48
1461660420,1234.88,42
1461660480,1234.78,14
1461660540,1234.98,44
1461660600,1234.88,100
1461660660,1234.53,82
1461660720,1234.48,78
1461660780,1234.18,98
1461660840,1234.22,172
1461660900,1234.48,120
1461660960,1234.57,94
1461661020,1234.78,88
1461661080,1234.97,144
1461661140,1234.62,198
1461661200,1234.68,78
1461661260,1234.67,106
1461661320,1234.29,134
1461661380,1234.23,140
1461661440,1234.10,174
1461661500,1234.28,182
1461661560,1234.58,128
1461661620,1234.58,140
1461661680,1234.78,166
1461661740,1234.46,140
1461661800,1234.68,184
1461661860,1234.63,238
1461661920,1234.61,180
1461661980,1235.27,206
1461662040,1235.08,122
1461662100,1234.91,14
1461662160,1234.74,168
1461662220,1234.86,136
1461662280,1234.95,166
1461662340,1234.95,152
1461662400,1234.88,116
1461662460,1234.78,168
1461662520,1234.91,130
1461662580,1235.21,190
1461662640,1235.22,210
1461662700,1235.00,194
1461662760,1234.90,154
1461662820,1234.94,222
1461662880,1235.02,86
1461662940,1235.15,158
1461663000,1234.88,224
1461663060,1234.83,172
1461663120,1235.04,264
1461663180,1235.39,218
1461663240,1235.22,156
1461663300,1235.14,142
1461663360,1235.16,58
1461663420,1234.98,54
1461663480,1234.80,48
1461663540,1234.81,78
1461663600,1235.00,110
1461663660,1234.92,140
1461663720,1235.06,158
1461663780,1234.77,188
1461663840,1234.82,126
1461663900,1234.80,166
1461663960,1234.83,82
1461664020,1234.63,136
1461664080,1234.64,150
1461664140,1234.63,184
1461664200,1235.06,220
1461664260,1234.87,294
1461664320,1234.76,146
1461664380,1234.76,110
1461664440,1234.61,170
1461664500,1234.60,128
1461664560,1234.51,64
1461664620,1234.55,130
1461664680,1234.63,88
1461664740,1234.61,40
1461664800,1234.68,104
1461664860,1234.82,108
1461664920,1234.50,104
1461664980,1234.60,158
1461665040,1234.62,106
1461665100,1234.65,114
1461665160,1234.70,62
1461665220,1234.79,92
1461665280,1234.65,154
1461665340,1234.59,52
1461665400,1234.67,56
1461665460,1234.75,76
1461665520,1234.60,28
1461665580,1234.45,82
1461665640,1234.67,24
1461665700,1234.59,22
1461665760,1234.59,16
1461665820,1234.55,14
1461665880,1234.35,28
1461665940,1234.35,18
1461666000,1234.45,22
1461666060,1234.55,14
1461666120,1234.55,18
1461666180,1234.61,18
1461666240,1234.59,8
1461666300,1234.71,30
1461666360,1234.71,20
1461666420,1234.71,26
1461666480,1234.59,20
1461666540,1234.36,30
1461666600,1234.26,40
1461666660,1234.20,20
1461666720,1234.05,24
1461666780,1233.82,142
1461666840,1233.80,196
1461666900,1233.81,14
1461666960,1233.66,12
1461667020,1233.96,16
1461667080,1234.11,22
1461667140,1233.97,88
1461667200,1233.93,48
1461667260,1233.82,44
1461667320,1233.68,94
1461667380,1233.47,54
1461667440,1233.55,52
1461667500,1233.26,104
1461667560,1233.45,78
1461667620,1233.56,68
1461667680,1233.70,72
1461667740,1233.64,26
1461667800,1233.70,56
1461667860,1233.35,126
1461667920,1232.96,170
1461667980,1232.66,112
1461668040,1232.96,70
1461668100,1232.86,34
1461668160,1232.86,84
1461668220,1232.90,30
1461668280,1232.81,28
1461668340,1232.66,40
1461668400,1232.32,160
1461668460,1232.33,80
1461668520,1232.51,52
1461668580,1232.37,150
1461668640,1231.87,198
1461668700,1232.73,102
1461668760,1232.84,34
1461668820,1232.98,84
1461668880,1233.15,102
1461668940,1233.34,86
1461669000,1233.46,148
1461669060,1233.51,128
1461669120,1233.66,70
1461669180,1233.57,22
1461669240,1233.32,22
1461669300,1233.41,66
1461669360,1233.47,70
1461669420,1233.38,32
1461669480,1233.32,28
1461669540,1233.41,94
1461669600,1233.47,30
1461669660,1233.94,52
1461669720,1234.01,16
1461669780,1233.98,64
1461669840,1233.88,20
1461669900,1233.88,28
1461669960,1233.88,60
1461670020,1233.61,44
1461670080,1233.61,14
1461670140,1233.25,32
1461670200,1232.95,54
1461670260,1233.05,18
1461670320,1232.90,84
1461670380,1233.08,76
1461670440,1232.72,114
1461670500,1232.68,74
1461670560,1232.48,72
1461670620,1232.58,54
1461670680,1232.88,78
1461670740,1232.89,52
1461670800,1233.01,90
1461670860,1232.80,176
1461670920,1232.28,202
1461670980,1232.24,128
1461671040,1231.68,228
1461671100,1231.98,140
1461671160,1231.84,210
1461671220,1231.98,236
1461671280,1232.09,114
1461671340,1232.19,68
1461671400,1232.11,44
1461671460,1232.12,32
1461671520,1232.26,38
1461671580,1232.03,66
1461671640,1231.93,30
1461671700,1232.09,54
1461671760,1232.02,40
1461671820,1232.38,64
1461671880,1232.23,62
1461671940,1232.08,50
1461672000,1232.48,98
1461672060,1232.49,110
1461672120,1232.61,124
1461672180,1232.71,90
1461672240,1232.75,50
1461672300,1232.69,116
1461672360,1233.09,102
1461672420,1233.18,36
1461672480,1233.11,96
1461672540,1233.18,26
1461672600,1233.13,56
1461672660,1233.13,104
1461672720,1232.93,76
1461672780,1233.03,190
1461672840,1233.23,138
1461672900,1233.38,134
1461672960,1233.03,60
1461673020,1232.93,180
1461673080,1232.28,176
1461673140,1232.62,122
1461673200,1232.36,162
1461673260,1231.97,150
1461673320,1232.35,92
1461673380,1231.95,124
1461673440,1232.41,96
1461673500,1231.98,92
1461673560,1231.86,80
1461673620,1231.57,76
1461673680,1232.02,58
1461673740,1232.14,116
1461673800,1233.14,296
1461673860,1232.75,222
1461673920,1233.71,188
1461673980,1233.51,130
1461674040,1234.09,156
1461674100,1234.81,300
1461674160,1234.63,230
1461674220,1234.09,194
1461674280,1234.26,122
1461674340,1234.47,180
1461674400,1234.39,120
1461674460,1234.57,164
1461674520,1234.66,110
1461674580,1234.82,112
1461674640,1234.87,122
1461674700,1234.88,220
1461674760,1234.26,192
1461674820,1234.26,194
1461674880,1234.56,174
1461674940,1234.27,120
1461675000,1234.26,140
1461675060,1234.66,128
1461675120,1233.97,170
1461675180,1233.79,116
1461675240,1233.78,86
1461675300,1233.98,94
1461675360,1233.67,110
1461675420,1233.62,64
1461675480,1233.48,48
1461675540,1233.88,74
1461675600,1234.25,190
1461675660,1233.78,164
1461675720,1234.42,104
1461675780,1234.43,184
1461675840,1234.79,166
1461675900,1235.48,254
1461675960,1235.00,282
1461676020,1234.72,306
1461676080,1235.07,178
1461676140,1235.17,214
1461676200,1235.36,210
1461676260,1236.68,260
1461676320,1238.49,352
1461676380,1238.99,402
1461676440,1238.77,394
1461676500,1238.84,282
1461676560,1239.04,216
1461676620,1241.15,362
1461676680,1241.19,316
1461676740,1240.99,248
1461676800,1242.18,406
1461676860,1242.09,480
1461676920,1242.61,442
1461676980,1244.10,420
1461677040,1243.56,292
1461677100,1243.96,276
1461677160,1243.74,216
1461677220,1243.36,214
1461677280,1242.64,158
1461677340,1242.94,82
1461677400,1243.44,128
1461677460,1243.81,132
1461677520,1243.82,108
1461677580,1243.61,292
1461677640,1243.63,290
1461677700,1243.35,260
1461677760,1243.27,302
1461677820,1242.28,180
1461677880,1242.27,216
1461677940,1242.67,186
1461678000,1242.45,240
1461678060,1242.58,176
1461678120,1242.58,132
1461678180,1241.86,132
1461678240,1242.33,80
1461678300,1242.07,262
1461678360,1241.62,342
1461678420,1241.84,290
1461678480,1241.81,350
1461678540,1241.61,246
1461678600,1241.92,238
1461678660,1241.18,220
1461678720,1241.28,292
1461678780,1241.39,118
1461678840,1240.67,128
1461678900,1241.07,118
1461678960,1241.16,108
1461679020,1240.86,206
1461679080,1241.52,148
1461679140,1241.52,210
1461679200,1241.90,238
1461679260,1242.14,172
1461679320,1242.35,112
1461679380,1243.01,132
1461679440,1242.16,90
1461679500,1242.06,100
1461679560,1242.42,142
1461679620,1242.63,100
1461679680,1242.60,92
1461679740,1243.65,114
1461679800,1242.98,192
1461679860,1243.11,124
1461679920,1243.23,142
1461679980,1243.00,136
1461680040,1242.90,62
1461680100,1242.40,194
1461680160,1242.18,130
1461680220,1241.80,92
1461680280,1241.84,106
1461680340,1241.80,92
1461680400,1241.78,52
1461680460,1241.18,108
1461680520,1241.12,142
1461680580,1241.12,86
1461680640,1240.17,188
1461680700,1240.34,266
1461680760,1240.73,160
1461680820,1240.64,128
1461680880,1240.84,56
1461680940,1240.32,90
1461681000,1240.43,134
1461681060,1240.02,76
1461681120,1239.92,182
1461681180,1239.62,128
1461681240,1239.82,124
1461681300,1239.81,152
1461681360,1239.86,154
1461681420,1239.73,198
1461681480,1240.07,196
1461681540,1240.37,86
1461681600,1239.95,40
1461681660,1240.35,96
1461681720,1240.26,68
1461681780,1240.45,96
1461681840,1240.65,104
1461681900,1240.97,102
1461681960,1241.44,118
1461682020,1241.34,68
1461682080,1241.42,84
1461682140,1241.34,78
1461682200,1241.34,68
1461682260,1241.34,134
1461682320,1241.54,66
1461682380,1241.58,84
1461682440,1241.08,56
1461682500,1241.14,104
1461682560,1241.15,162
1461682620,1241.24,184
1461682680,1241.29,104
1461682740,1241.69,60
1461682800,1241.66,84
1461682860,1241.68,68
1461682920,1241.35,40
1461682980,1241.46,50
1461683040,1241.49,50
1461683100,1241.48,52
1461683160,1241.36,76
1461683220,1241.68,92
1461683280,1241.09,78
1461683340,1241.23,52
1461683400,1240.89,84
1461683460,1240.79,70
1461683520,1240.79,4
1461683580,1241.14,58
1461683640,1241.59,86
1461683700,1241.88,58
1461683760,1241.48,58
1461683820,1241.04,52
1461683880,1241.09,58
1461683940,1241.29,34
1461684000,1241.38,56
1461684060,1241.48,54
1461684120,1241.18,50
1461684180,1241.09,52
1461684240,1241.49,48
1461684300,1241.48,32
1461684360,1241.49,36
1461684420,1241.39,46
1461684480,1241.68,14
1461684540,1241.79,20
1461684600,1241.90,112
1461684660,1241.61,70
1461684720,1242.21,124
1461684780,1241.99,62
1461684840,1241.79,20
1461684900,1242.02,56
1461684960,1241.82,78
1461685020,1242.02,76
1461685080,1242.24,32
1461685140,1242.55,86
1461685200,1242.75,68
1461685260,1242.07,72
1461685320,1241.95,82
1461685380,1241.83,76
1461685440,1242.32,78
1461685500,1242.58,84
1461685560,1242.74,70
1461685620,1243.35,94
1461685680,1242.72,116
1461685740,1243.19,62
1461685800,1243.66,134
1461685860,1243.11,132
1461685920,1243.31,114
1461685980,1243.20,90
1461686040,1243.00,62
1461686100,1242.81,74
1461686160,1242.97,62
1461686220,1242.88,86
1461686280,1242.40,80
1461686340,1242.22,90
1461686400,1241.96,72
1461686460,1242.03,160
1461686520,1242.19,76
1461686580,1242.22,48
1461686640,1241.63,80
1461686700,1242.23,58
1461686760,1242.34,60
1461686820,1242.13,50
1461686880,1242.17,32
1461686940,1242.23,10
1461687000,1242.43,30
1461687060,1241.76,30
1461687120,1241.83,42
1461687180,1241.73,34
1461687240,1241.63,40
1461687300,1241.63,22
1461687360,1241.66,16
1461687420,1241.53,24
1461687480,1241.43,30
1461687540,1241.53,42
1461687600,1241.75,34
1461687660,1241.44,20
1461687720,1241.16,66
1461687780,1241.16,70
1461687840,1241.51,54
1461687900,1241.22,42
1461687960,1241.41,30
1461688020,1241.41,12
1461688080,1241.41,16
1461688140,1241.31,44
1461688200,1241.06,54
1461688260,1240.73,66
1461688320,1241.27,124
1461688380,1241.46,30
1461688440,1241.52,44
1461688500,1241.26,32
1461688560,1241.06,38
1461688620,1240.96,50
1461688680,1241.16,26
1461688740,1241.27,122
1461688800,1241.66,52
1461688860,1241.46,40
1461688920,1241.56,78
1461688980,1241.27,44
1461689040,1241.76,36
1461689100,1241.98,38
1461689160,1241.65,92
1461689220,1241.72,82
1461689280,1241.36,42
1461689340,1241.25,56
1461689400,1241.26,60
1461689460,1241.26,54
1461689520,1241.06,56
1461689580,1240.79,88
1461689640,1241.16,74
1461689700,1240.46,82
1461689760,1240.77,88
1461689820,1240.65,58
1461689880,1240.76,22
1461689940,1240.66,112
1461690000,1240.96,68
1461690060,1240.58,58
1461690120,1240.96,44
1461690180,1240.96,30
1461690240,1241.20,90
1461690300,1241.36,62
1461690360,1241.06,20
1461690420,1241.06,22
1461690480,1241.26,54
1461690540,1241.16,18
1461690600,1241.06,26
1461690660,1240.86,18
1461690720,1241.06,64
1461690780,1240.86,44
1461690840,1240.45,48
1461690900,1240.96,14
1461690960,1240.80,18
1461691020,1240.75,30
1461691080,1240.56,44
1461691140,1240.55,38
1461691200,1240.35,16
1461691260,1240.18,130
1461691320,1240.39,12
1461691380,1240.50,28
1461691440,1241.09,64
1461691500,1241.39,42
1461691560,1241.00,28
1461691620,1241.40,16
1461691680,1241.50,22
1461691740,1241.87,90
1461691800,1241.76,38
1461691860,1241.56,50
1461691920,1241.56,48
1461691980,1241.84,60
1461692040,1241.68,62
1461692100,1241.66,30
1461692160,1241.46,22
1461692220,1241.66,12
1461692280,1241.85,10
1461692340,1241.96,94
1461692400,1242.00,42
1461692460,1241.90,36
1461692520,1241.99,34
1461692580,1241.95,14
1461692640,1242.10,20
1461692700,1242.23,16
1461692760,1242.24,26
1461692820,1242.29,62
1461692880,1242.33,44
1461692940,1242.23,32
1461693000,1242.25,34
1461693060,1241.94,40
1461693120,1241.95,20
1461693180,1241.79,38
1461693240,1241.51,148
1461693300,1241.51,80
1461693360,1241.49,92
1461693420,1241.70,70
1461693480,1241.70,98
1461693540,1241.79,94
1461693600,1241.49,132
1461693660,1241.59,106
1461693720,1241.59,116
1461693780,1241.70,70
1461693840,1241.81,68
1461693900,1241.53,98
1461693960,1241.69,68
1461694020,1242.00,106
1461694080,1241.90,88
1461694140,1241.93,46
1461694200,1242.27,46
1461694260,1242.33,30
1461694320,1242.16,20
1461694380,1242.26,44
1461694440,1242.17,44
1461694500,1242.36,36
1461694560,1242.35,10
1461694620,1242.25,18
1461694680,1242.26,14
1461694740,1242.15,18
1461694800,1242.15,30
1461694860,1242.28,10
1461694920,1242.44,46
1461694980,1242.68,68
1461695040,1242.84,40
1461695100,1242.56,44
1461695160,1242.41,138
1461695220,1242.42,106
1461695280,1242.41,56
1461695340,1242.32,52
1461695400,1242.23,44
1461695460,1242.41,34
1461695520,1242.71,8
1461695580,1242.04,46
1461695640,1242.19,16
1461695700,1242.03,10
1461695760,1241.73,60
1461695820,1241.71,58
1461695880,1241.72,72
1461695940,1241.63,130
1461696000,1241.56,210
1461696060,1241.72,144
1461696120,1241.85,164
1461696180,1241.89,86
1461696240,1242.12,120
1461696300,1242.03,116
1461696360,1241.95,76
1461696420,1241.76,108
1461696480,1241.73,68
1461696540,1241.92,92
1461696600,1241.85,88
1461696660,1241.96,54
1461696720,1241.96,66
1461696780,1242.15,58
1461696840,1241.94,74
1461696900,1241.77,70
1461696960,1241.93,64
1461697020,1241.96,68
1461697080,1241.90,80
1461697140,1242.16,116
1461697200,1242.05,112
1461697260,1242.03,56
1461697320,1241.96,60
1461697380,1242.02,102
1461697440,1242.11,30
1461697500,1241.96,56
1461697560,1241.74,54
1461697620,1241.83,50
1461697680,1241.85,40
1461697740,1241.86,40
1461697800,1242.08,42
1461697860,1242.16,52
1461697920,1242.18,58
1461697980,1242.25,52
1461698040,1242.25,48
1461698100,1242.03,66
1461698160,1242.13,34
1461698220,1242.15,12
1461698280,1242.08,46
1461698340,1242.15,78
1461698400,1242.03,24
1461698460,1241.95,14
1461698520,1241.93,38
1461698580,1241.88,16
1461698640,1241.93,2
1461698700,1241.88,2
1461698760,1241.93,20
1461698820,1241.93,52
1461698880,1241.94,20
1461698940,1242.13,44
1461699060,1242.15,4
1461699120,1242.13,48
1461699180,1242.14,42
1461699240,1242.11,30
1461699300,1242.05,66
1461699360,1242.10,48
1461699420,1242.29,54
1461699480,1242.25,42
1461699540,1242.58,52
1461699600,1242.73,16
1461699660,1242.83,20
1461699720,1242.78,10
1461699780,1242.49,26
1461699840,1242.48,6
1461699900,1242.39,30
1461699960,1242.39,14
1461700020,1242.39,4
1461700080,1242.38,24
1461700140,1242.59,60
1461700200,1242.59,16
1461700260,1242.63,10
1461700320,1242.83,22
1461700380,1242.69,26
1461700440,1242.38,16
1461700500,1242.39,16
1461700620,1242.39,18
1461700680,1242.39,42
1461700740,1242.39,32
1461700800,1242.34,64
1461700860,1242.48,40
1461700920,1242.47,18
1461700980,1242.37,20
1461701040,1242.38,52
1461701100,1242.42,32
1461701160,1242.27,46
1461701220,1242.19,40
1461701280,1242.20,40
1461701340,1242.17,22
1461701400,1242.27,34
1461701460,1242.38,2
1461701520,1242.28,32
1461701580,1242.27,20
1461701640,1242.17,30
1461701700,1242.23,34
1461701760,1242.31,30
1461701820,1242.52,30
1461701880,1242.79,26
1461701940,1242.86,20
1461702000,1242.89,26
1461702060,1242.97,38
1461702120,1242.96,14
1461702180,1242.97,24
1461702240,1242.96,16
1461702300,1243.16,48
1461702360,1243.13,40
1461702420,1243.35,32
1461702480,1243.36,12
1461702540,1243.50,28
1461702600,1243.59,14
1461702720,1243.59,4
1461702780,1243.66,12
1461702840,1243.45,6
1461702960,1243.22,6
1461703020,1243.42,8
1461703080,1243.55,6
1461703140,1243.47,8
1461703260,1243.43,6
1461703320,1243.48,4
1461703380,1243.38,4
1461703440,1243.47,4
1461703500,1243.62,18
1461703560,1243.64,24
1461703620,1243.53,38
1461703680,1243.53,12
1461703740,1243.74,14
1461703800,1243.67,36
1461703860,1243.57,10
1461703920,1243.68,10
1461703980,1243.63,6
1461704040,1243.72,8
1461704100,1243.54,8
1461704160,1243.23,10
1461704220,1243.14,16
1461704280,1243.14,26
1461708000,1244.18,118
1461708060,1243.38,76
1461708120,1243.04,22
1461708180,1242.88,10
1461708240,1242.94,22
1461708300,1242.84,20
1461708360,1243.04,16
1461708420,1243.04,6
1461708540,1242.98,10
1461708660,1242.78,2
1461708720,1242.84,6
1461708780,1242.98,6
1461708840,1242.88,12
1461708900,1242.88,6
1461708960,1242.93,2
1461709020,1242.98,4
1461709080,1242.98,4
1461709140,1242.98,4
1461709200,1242.98,4
1461709260,1242.98,8
1461709320,1242.98,8
1461709440,1243.08,2
1461709500,1243.08,4
1461709560,1242.88,4
1461709620,1242.78,2
1461709680,1242.68,16
1461709740,1242.54,6
1461709860,1242.84,8
1461709920,1242.88,2
1461709980,1243.04,2
1461710040,1243.04,4
1461710220,1243.04,14
1461710280,1242.58,34
1461710340,1242.63,4
1461710400,1242.56,2
1461710460,1242.56,8
1461710520,1242.63,8
1461710580,1242.58,14
1461710640,1242.63,8
1461710700,1242.63,4
1461710760,1242.59,2
1461710820,1242.53,2
1461710880,1242.47,2
1461711000,1242.53,6
1461711060,1242.63,4
1461711120,1242.60,2
1461711360,1242.73,10
1461711420,1242.68,6
1461711540,1242.65,8
1461711600,1242.63,16
1461711660,1242.58,6
1461711720,1242.68,10
1461711780,1242.58,6
1461711840,1242.57,2
1461711900,1242.48,2
1461711960,1242.58,2
1461712020,1242.68,4
1461712080,1242.67,2
1461712320,1242.72,8
1461712440,1242.72,4
1461712500,1242.72,4
1461712560,1242.69,2
1461712620,1242.85,6
1461712680,1242.89,14
1461712740,1243.09,16
1461712800,1243.03,4
1461712860,1243.03,12
1461712920,1243.23,8
1461712980,1243.13,8
1461713040,1243.19,6
1461713100,1243.23,2
1461713220,1243.13,12
1461713280,1242.99,14
1461713340,1242.83,12
1461713400,1243.03,24
1461713460,1243.03,4
1461713520,1242.99,12
1461713580,1242.98,4
1461713640,1242.89,4
1461713700,1242.99,2
1461713760,1243.09,4
1461713820,1243.03,14
1461713880,1243.13,14
1461713940,1243.23,30
1461714000,1243.18,12
1461714060,1243.10,22
1461714120,1243.08,12
1461714180,1243.04,38
1461714240,1243.13,18
1461714300,1243.18,2
1461714420,1242.98,4
1461714540,1242.88,2
1461714660,1242.68,4
1461714720,1242.68,12
1461714780,1242.73,4
1461714840,1242.63,14
1461714900,1242.58,14
1461714960,1242.49,36
1461715020,1242.44,34
1461715080,1242.48,6
1461715140,1242.73,28
1461715200,1243.00,64
1461715260,1243.48,42
1461715320,1243.48,58
1461715380,1243.38,30
1461715440,1243.68,32
1461715500,1243.93,58
1461715560,1244.18,44
1461715620,1243.98,46
1461715680,1244.08,26
1461715740,1243.83,20
1461715800,1243.40,84
1461715860,1243.27,58
1461715920,1242.85,104
1461715980,1243.82,132
1461716040,1243.63,42
1461716100,1243.58,16
1461716160,1243.77,74
1461716220,1244.20,192
1461716280,1244.15,100
1461716340,1244.29,126
1461716400,1244.94,236
1461716460,1244.62,108
1461716520,1244.82,64
1461716580,1244.70,102
1461716640,1244.60,58
1461716700,1244.90,32
1461716760,1244.70,32
1461716820,1244.88,52
1461716880,1244.90,16
1461716940,1245.00,2
1461717000,1244.92,50
1461717060,1245.00,22
1461717120,1245.18,26
1461717180,1245.58,72
1461717240,1246.10,78
1461717300,1245.74,44
1461717360,1245.76,64
1461717420,1245.80,68
1461717480,1245.62,60
1461717540,1245.61,34
1461717600,1245.75,26
1461717660,1245.61,32
1461717720,1245.81,20
1461717780,1245.70,18
1461717840,1245.44,112
1461717900,1245.15,74
1461717960,1245.33,40
1461718020,1244.91,70
1461718080,1245.39,58
1461718140,1245.26,32
1461718200,1245.28,54
1461718260,1245.20,56
1461718320,1245.30,62
1461718380,1245.57,32
1461718440,1245.24,40
1461718500,1245.01,54
1461718560,1245.15,52
1461718620,1244.86,32
1461718680,1245.12,12
1461718740,1245.21,26
1461718800,1245.81,202
1461718860,1245.67,92
1461718920,1245.32,120
1461718980,1244.90,118
1461719040,1244.77,106
1461719100,1244.80,52
1461719160,1245.31,48
1461719220,1245.52,38
1461719280,1245.32,104
1461719340,1244.93,92
1461719400,1244.94,62
1461719460,1245.20,48
1461719520,1245.48,58
1461719580,1245.71,42
1461719640,1245.71,66
1461719700,1245.61,114
1461719760,1245.61,128
1461719820,1245.84,56
1461719880,1245.84,36
1461719940,1245.75,56
1461720000,1245.71,96
1461720060,1245.75,126
1461720120,1245.95,130
1461720180,1246.01,178
1461720240,1246.39,102
1461720300,1246.65,132
1461720360,1245.86,130
1461720420,1245.76,68
1461720480,1245.56,136
1461720540,1245.74,154
1461720600,1245.46,164
1461720660,1245.13,172
1461720720,1245.15,158
1461720780,1245.49,154
1461720840,1245.34,100
1461720900,1245.57,170
1461720960,1245.38,150
1461721020,1245.48,154
1461721080,1245.48,120
1461721140,1245.54,154
1461721200,1245.74,58
1461721260,1245.45,132
1461721320,1245.26,174
1461721380,1245.28,124
1461721440,1245.35,112
1461721500,1245.21,72
1461721560,1245.22,68
1461721620,1245.04,134
1461721680,1244.92,138
1461721740,1245.02,84
1461721800,1244.83,48
1461721860,1244.39,124
1461721920,1244.33,158
1461721980,1244.47,138
1461722040,1244.24,118
1461722100,1244.42,120
1461722160,1244.28,80
1461722220,1244.34,80
1461722280,1244.33,112
1461722340,1244.29,128
1461722400,1244.39,170
1461722460,1244.43,142
1461722520,1244.50,92
1461722580,1244.61,116
1461722640,1244.57,94
1461722700,1244.65,106
1461722760,1244.85,76
1461722820,1244.81,66
1461722880,1244.63,90
1461722940,1244.90,104
1461723000,1244.91,154
1461723060,1244.91,72
1461723120,1244.62,72
1461723180,1244.51,84
1461723240,1244.71,56
1461723300,1244.71,46
1461723360,1244.91,26
1461723420,1244.81,14
1461723480,1244.86,12
1461723540,1244.93,26
1461723600,1244.93,18
1461723660,1244.84,18
1461723720,1244.95,22
1461723780,1245.05,16
1461723840,1244.97,20
1461723900,1244.84,10
1461723960,1245.05,12
1461724020,1244.85,16
1461724080,1245.14,42
1461724140,1245.18,36
1461724200,1245.03,62
1461724260,1245.03,38
1461724320,1245.23,20
1461724380,1245.03,34
1461724440,1244.83,38
1461724500,1244.83,14
1461724560,1244.83,24
1461724620,1244.93,24
1461724680,1244.93,62
1461724740,1245.03,4
1461724800,1244.98,40
1461724860,1244.93,16
1461724920,1244.88,16
1461724980,1244.93,32
1461725040,1244.98,14
1461725100,1244.68,30
1461725160,1244.48,38
1461725220,1244.14,28
1461725280,1244.53,40
1461725340,1244.53,6
1461725400,1244.33,34
1461725460,1244.44,64
1461725520,1244.43,34
1461725580,1243.96,86
1461725640,1244.30,86
1461725700,1244.30,34
1461725760,1244.31,12
1461725820,1244.30,22
1461725880,1244.24,34
1461725940,1244.30,42
1461726000,1244.30,50
1461726060,1244.34,22
1461726120,1244.22,16
1461726180,1244.11,18
1461726240,1243.90,18
1461726300,1243.88,34
1461726360,1243.81,26
1461726420,1243.76,54
1461726480,1243.91,28
1461726540,1243.95,30
1461726600,1244.11,34
1461726660,1244.20,20
1461726720,1244.14,30
1461726780,1244.24,28
1461726840,1244.30,18
1461726900,1243.99,32
1461726960,1243.89,48
1461727020,1244.41,110
1461727080,1243.77,122
1461727140,1243.58,32
1461727200,1243.61,114
1461727260,1243.74,58
1461727320,1243.81,30
1461727380,1243.90,18
1461727440,1244.09,38
1461727500,1244.44,40
1461727560,1243.78,80
1461727620,1243.47,58
1461727680,1243.49,44
1461727740,1243.60,44
1461727800,1244.10,22
1461727860,1243.90,4
1461727920,1243.74,14
1461727980,1243.71,38
1461728040,1243.61,10
1461728100,1243.61,10
1461728160,1243.71,4
1461728280,1243.81,42
1461728340,1243.75,26
1461728400,1244.00,6
1461728460,1244.00,36
1461728520,1244.00,16
1461728580,1243.90,12
1461728640,1243.90,6
1461728760,1244.00,18
1461728820,1243.90,6
1461728880,1244.13,20
1461728940,1243.95,12
1461729000,1244.10,16
1461729060,1244.15,8
1461729120,1244.05,12
1461729180,1244.30,10
1461729240,1244.17,18
1461729300,1244.15,10
1461729360,1244.20,2
1461729420,1244.02,12
1461729480,1244.06,12
1461729540,1243.88,12
1461729600,1243.73,34
1461729660,1243.81,14
1461729720,1243.81,22
1461729780,1243.62,14
1461729840,1243.82,14
1461729900,1243.61,16
1461729960,1243.52,22
1461730020,1243.62,8
1461730080,1243.66,10
1461730140,1243.61,2
1461730200,1243.58,14
1461730260,1243.63,8
1461730320,1243.21,42
1461730380,1243.16,66
1461730440,1243.31,22
1461730500,1243.08,10
1461730560,1243.28,42
1461730620,1243.08,38
1461730680,1243.08,28
1461730740,1243.03,26
1461730800,1243.08,24
1461730860,1243.22,32
1461730920,1243.14,24
1461730980,1243.20,22
1461731040,1243.34,16
1461731100,1243.41,6
1461731160,1243.41,16
1461731220,1243.34,18
1461731280,1243.10,20
1461731340,1243.00,10
1461731400,1242.91,20
1461731460,1242.90,16
1461731520,1243.11,32
1461731580,1243.00,34
1461731640,1243.01,42
1461731700,1243.50,28
1461731760,1243.54,14
1461731820,1243.50,10
1461731880,1243.31,26
1461731940,1243.41,22
1461732000,1243.35,12
1461732060,1243.40,12
1461732180,1243.35,40
1461732240,1243.41,38
1461732300,1243.40,48
1461732360,1243.48,28
1461732420,1243.63,40
1461732480,1243.82,70
1461732540,1243.83,56
1461732600,1243.80,44
1461732660,1243.81,44
1461732720,1243.83,40
1461732780,1243.82,66
1461732840,1243.81,62
1461732900,1243.80,42
1461732960,1243.82,66
1461733020,1243.70,98
1461733080,1243.80,116
1461733140,1243.92,56
1461733200,1243.89,136
1461733260,1243.77,92
1461733320,1243.74,56
1461733380,1244.00,106
1461733440,1243.91,106
1461733500,1244.11,140
1461733560,1243.70,80
1461733620,1243.89,40
1461733680,1243.88,16
1461733740,1244.03,16
1461733800,1244.00,18
1461733860,1243.88,8
1461733920,1243.88,24
1461733980,1243.90,22
1461734040,1243.74,16
1461734100,1243.78,14
1461734160,1243.58,8
1461734220,1243.80,28
1461734280,1243.60,40
1461734340,1243.83,44
1461734400,1243.80,64
1461734460,1243.90,42
1461734520,1243.79,16
1461734580,1243.73,6
1461734640,1243.79,22
1461734700,1243.90,16
1461734760,1243.69,12
1461734820,1243.50,20
1461734880,1243.19,14
1461734940,1243.40,6
1461735000,1243.19,32
1461735060,1243.40,32
1461735120,1243.61,80
1461735180,1243.41,80
1461735240,1243.79,60
1461735300,1243.80,36
1461735360,1243.99,60
1461735420,1244.10,28
1461735480,1244.27,28
1461735540,1244.14,44
1461735600,1244.08,132
1461735660,1243.83,68
1461735720,1244.10,86
1461735780,1244.01,64
1461735840,1243.89,52
1461735900,1244.09,78
1461735960,1244.22,112
1461736020,1244.10,58
1461736080,1244.10,46
1461736140,1244.11,56
1461736200,1244.00,82
1461736260,1244.09,38
1461736320,1244.42,52
1461736380,1244.43,62
1461736440,1244.30,142
1461736500,1244.54,106
1461736560,1244.57,92
1461736620,1244.00,84
1461736680,1244.06,88
1461736740,1244.15,160
1461736800,1244.13,130
1461736860,1244.34,174
1461736920,1244.26,124
1461736980,1244.33,66
1461737040,1244.29,64
1461737100,1244.12,54
1461737160,1244.30,98
1461737220,1244.04,148
1461737280,1244.12,72
1461737340,1243.73,146
1461737400,1243.71,134
1461737460,1243.67,108
1461737520,1243.66,108
1461737580,1243.56,28
1461737640,1243.89,34
1461737700,1243.93,36
1461737760,1243.93,30
1461737820,1244.10,34
1461737880,1244.10,24
1461737940,1244.23,26
1461738000,1244.14,56
1461738060,1244.20,50
1461738120,1244.14,72
1461738180,1244.23,72
1461738240,1244.60,44
1461738300,1244.60,74
1461738360,1244.70,18
1461738420,1244.79,30
1461738480,1245.00,60
1461738540,1245.29,50
1461738600,1245.40,114
1461738660,1245.19,102
1461738720,1245.09,40
1461738780,1245.24,52
1461738840,1245.14,156
1461738900,1244.99,118
1461738960,1245.15,118
1461739020,1245.05,112
1461739080,1245.04,92
1461739140,1245.06,88
1461739200,1245.03,92
1461739260,1245.35,116
1461739320,1245.40,126
1461739380,1245.41,102
1461739440,1245.96,84
1461739500,1245.82,150
1461739560,1245.83,138
1461739620,1245.91,138
1461739680,1245.83,136
1461739740,1245.84,162
1461739800,1246.02,126
1461739860,1246.09,94
1461739920,1246.18,114
1461739980,1246.61,198
1461740040,1246.25,162
1461740100,1246.19,214
1461740160,1246.80,216
1461740220,1247.47,142
1461740280,1247.38,188
1461740340,1247.52,192
1461740400,1247.02,252
1461740460,1247.12,190
1461740520,1246.82,114
1461740580,1246.62,130
1461740640,1246.82,118
1461740700,1246.92,78
1461740760,1247.01,54
1461740820,1247.07,64
1461740880,1246.92,30
1461740940,1246.82,44
1461741000,1246.95,26
1461741060,1246.63,62
1461741120,1246.45,134
1461741180,1246.47,108
1461741240,1246.29,136
1461741300,1246.32,136
1461741360,1245.82,116
1461741420,1245.96,78
1461741480,1246.33,64
1461741540,1246.82,70
1461741600,1246.66,50
1461741660,1246.72,76
1461741720,1246.67,76
1461741780,1246.13,44
1461741840,1246.51,34
1461741900,1246.66,54
1461741960,1246.86,42
1461742020,1246.26,90
1461742080,1245.84,46
1461742140,1246.03,74
1461742200,1245.97,120
1461742260,1246.11,48
1461742320,1246.12,78
1461742380,1246.21,58
1461742440,1246.31,50
1461742500,1246.08,48
1461742560,1246.13,44
1461742620,1245.98,20
1461742680,1246.41,20
1461742740,1246.21,54
1461742800,1246.23,94
1461742860,1246.13,80
1461742920,1246.34,30
1461742980,1246.34,16
1461743040,1246.08,74
1461743100,1246.03,68
1461743160,1245.84,46
1461743220,1245.64,32
1461743280,1245.69,22
1461743340,1245.68,68
1461743400,1245.97,72
1461743460,1245.93,152
1461743520,1246.11,192
1461743580,1245.92,206
1461743640,1246.15,174
1461743700,1246.22,180
1461743760,1246.11,182
1461743820,1246.31,86
1461743880,1246.38,86
1461743940,1246.17,50
1461744000,1246.18,70
1461744060,1246.28,32
1461744120,1246.31,44
1461744180,1246.41,10
1461744240,1246.21,26
1461744300,1246.05,38
1461744360,1245.85,54
1461744420,1245.91,58
1461744480,1245.91,38
1461744540,1246.05,14
1461744600,1246.21,52
1461744660,1246.31,48
1461744720,1246.31,62
1461744780,1246.41,98
1461744840,1246.51,48
1461744900,1246.58,214
1461744960,1246.55,134
1461745020,1246.41,42
1461745080,1246.46,88
1461745140,1246.45,154
1461745200,1246.61,58
1461745260,1246.72,86
1461745320,1246.81,78
1461745380,1246.95,90
1461745440,1246.85,62
1461745500,1247.01,128
1461745560,1247.01,76
1461745620,1247.01,52
1461745680,1246.64,142
1461745740,1246.41,170
1461745800,1246.35,148
1461745860,1246.34,128
1461745920,1246.32,62
1461745980,1246.42,46
1461746040,1246.72,56
1461746100,1246.37,54
1461746160,1246.42,38
1461746220,1246.32,50
1461746280,1246.47,32
1461746340,1246.51,70
1461746400,1246.41,42
1461746460,1246.26,88
1461746520,1246.31,24
1461746580,1246.31,4
1461746640,1246.15,18
1461746700,1245.81,40
1461746760,1245.95,64
1461746820,1246.15,40
1461746880,1246.11,26
1461746940,1246.01,26
1461747000,1246.30,18
1461747060,1246.11,40
1461747120,1246.31,4
1461747180,1246.35,20
1461747240,1246.15,30
1461747300,1246.06,24
1461747360,1246.31,30
1461747420,1246.36,18
1461747480,1246.51,14
1461747540,1246.71,32
1461747600,1246.31,58
1461747660,1246.31,44
1461747720,1246.31,26
1461747780,1246.11,42
1461747840,1246.31,14
1461747900,1246.11,26
1461747960,1246.01,20
1461748020,1245.61,38
1461748080,1245.71,72
1461748140,1245.84,42
1461748200,1245.74,112
1461748260,1245.73,110
1461748320,1245.44,116
1461748380,1245.43,62
1461748440,1245.44,80
1461748500,1245.44,116
1461748560,1245.24,52
1461748620,1245.44,66
1461748680,1245.30,34
1461748740,1245.00,62
1461748800,1245.00,82
1461748860,1245.04,80
1461748920,1245.13,126
1461748980,1245.15,64
1461749040,1245.34,86
1461749100,1245.34,40
1461749160,1245.34,46
1461749220,1245.34,94
1461749280,1244.98,98
1461749340,1244.87,48
1461749400,1244.51,114
1461749460,1244.91,156
1461749520,1245.03,74
1461749580,1244.63,102
1461749640,1244.81,86
1461749700,1245.01,68
1461749760,1245.07,58
1461749820,1245.30,40
1461749880,1245.31,52
1461749940,1245.46,56
1461750000,1245.41,18
1461750060,1245.41,8
1461750120,1245.31,58
1461750180,1245.31,18
1461750240,1245.41,26
1461750300,1245.66,32
1461750360,1245.61,36
1461750420,1245.53,44
1461750480,1245.51,38
1461750540,1245.36,16
1461750600,1245.46,44
1461750660,1245.51,34
1461750720,1245.46,36
1461750780,1245.53,38
1461750840,1245.70,42
1461750900,1245.56,50
1461750960,1245.46,52
1461751020,1245.50,30
1461751080,1245.65,34
1461751140,1245.96,54
1461751200,1245.85,52
1461751260,1246.10,26
1461751320,1246.11,44
1461751380,1246.11,40
1461751440,1246.11,28
1461751500,1245.79,84
1461751560,1245.78,82
1461751620,1245.89,48
1461751680,1245.81,48
1461751740,1245.95,94
1461751800,1245.91,12
1461751860,1245.71,22
1461751920,1245.71,18
1461751980,1245.61,12
1461752040,1245.71,26
1461752100,1245.71,18
1461752160,1245.38,74
1461752220,1245.31,90
1461752280,1245.41,16
1461752340,1245.35,74
1461752400,1245.41,58
1461752460,1245.41,12
1461752520,1245.31,34
1461752580,1245.31,20
1461752640,1245.45,24
1461752700,1245.45,8
1461752760,1245.61,14
1461752820,1245.45,30
1461752880,1245.21,48
1461752940,1245.35,28
1461753000,1245.01,44
1461753060,1244.91,80
1461753120,1244.83,60
1461753180,1244.91,18
1461753240,1245.01,30
1461753300,1245.01,14
1461753360,1244.99,10
1461753420,1245.11,4
1461753480,1245.15,36
1461753540,1245.05,14
1461753600,1245.01,38
1461753660,1245.11,42
1461753720,1244.91,46
1461753780,1245.10,88
1461753840,1245.21,40
1461753900,1245.31,26
1461753960,1245.41,16
1461754020,1245.51,26
1461754080,1245.41,36
1461754140,1245.41,38
1461754200,1245.31,24
1461754260,1245.21,26
1461754320,1245.31,52
1461754380,1245.18,26
1461754440,1245.51,50
1461754500,1245.65,30
1461754560,1245.55,44
1461754620,1245.64,44
1461754680,1244.92,106
1461754740,1244.78,60
1461754800,1245.51,82
1461754860,1245.46,208
1461754920,1245.95,126
1461754980,1245.71,94
1461755040,1245.75,100
1461755100,1246.01,86
1461755160,1246.05,100
1461755220,1246.12,60
1461755280,1246.12,80
1461755340,1246.05,38
1461755400,1245.82,68
1461755460,1246.21,78
1461755520,1246.11,44
1461755580,1246.21,44
1461755640,1246.31,2
1461755700,1246.30,26
1461755760,1246.31,56
1461755820,1246.21,72
1461755880,1246.11,48
1461755940,1246.21,26
1461756000,1246.34,88
1461756060,1246.31,94
1461756120,1246.35,14
1461756180,1246.23,60
1461756240,1246.25,48
1461756300,1246.25,82
1461756360,1246.14,76
1461756420,1246.04,102
1461756480,1246.15,90
1461756540,1246.22,54
1461756600,1246.16,126
1461756660,1246.17,96
1461756720,1245.99,164
1461756780,1245.97,180
1461756840,1245.77,142
1461756900,1245.61,168
1461756960,1245.73,132
1461757020,1245.51,62
1461757080,1245.50,52
1461757140,1245.75,212
1461757200,1245.63,166
1461757260,1245.85,118
1461757320,1245.88,164
1461757380,1246.08,60
1461757440,1245.98,76
1461757500,1246.11,56
1461757560,1246.21,22
1461757620,1246.23,44
1461757680,1246.17,22
1461757740,1246.07,38
1461757800,1246.13,56
1461757860,1246.42,76
1461757920,1246.37,52
1461757980,1246.56,54
1461758040,1246.81,76
1461758100,1246.64,156
1461758160,1246.67,108
1461758220,1246.53,118
1461758280,1246.47,76
1461758340,1246.40,14
1461758400,1245.80,114
1461758460,1245.62,190
1461758520,1245.56,136
1461758580,1245.60,220
1461758640,1246.07,184
1461758700,1246.06,174
1461758760,1245.84,182
1461758820,1246.11,180
1461758880,1246.31,148
1461758940,1246.56,180
1461759000,1246.71,190
1461759060,1247.32,254
1461759120,1247.56,276
1461759180,1247.61,244
1461759240,1248.02,234
1461759300,1247.99,178
1461759360,1248.09,82
1461759420,1247.89,88
1461759480,1247.70,60
1461759540,1247.53,142
1461759600,1248.69,224
1461759660,1248.48,200
1461759720,1248.43,256
1461759780,1248.24,194
1461759840,1248.89,160
1461759900,1249.03,206
1461759960,1249.34,178
1461760020,1249.13,240
1461760080,1248.69,182
1461760140,1248.79,218
1461760200,1248.59,220
1461760260,1248.33,364
1461760320,1248.73,208
1461760380,1248.69,212
1461760440,1248.59,218
1461760500,1248.59,74
1461760560,1249.13,94
1461760620,1249.19,114
1461760680,1249.59,168
1461760740,1250.05,110
1461760800,1250.13,268
1461760860,1249.94,252
1461760920,1249.66,170
1461760980,1249.58,240
1461761040,1249.86,122
1461761100,1250.33,94
1461761160,1250.58,146
1461761220,1250.33,196
1461761280,1250.06,254
1461761340,1250.23,96
1461761400,1250.23,110
1461761460,1250.18,102
1461761520,1250.03,106
1461761580,1249.73,164
1461761640,1250.23,64
1461761700,1250.23,92
1461761760,1250.23,68
1461761820,1250.33,62
1461761880,1250.43,84
1461761940,1250.53,88
1461762000,1249.84,230
1461762060,1249.63,164
1461762120,1249.09,298
1461762180,1248.39,112
1461762240,1248.29,114
1461762300,1247.85,234
1461762360,1247.99,164
1461762420,1248.19,108
1461762480,1247.99,100
1461762540,1248.29,52
1461762600,1247.89,134
1461762660,1248.09,64
1461762720,1247.89,88
1461762780,1247.89,74
1461762840,1247.89,54
1461762900,1248.09,40
1461762960,1247.88,116
1461763020,1247.94,122
1461763080,1248.08,146
1461763140,1248.24,68
1461763200,1248.29,84
1461763260,1248.59,136
1461763320,1248.18,226
1461763380,1247.78,206
1461763440,1246.73,232
1461763500,1246.09,326
1461763560,1245.98,202
1461763620,1245.49,358
1461763680,1245.17,236
1461763740,1245.19,260
1461763800,1243.99,338
1461763860,1244.33,212
1461763920,1244.49,182
1461763980,1244.59,114
1461764040,1245.19,166
1461764100,1245.23,166
1461764160,1245.19,356
1461764220,1245.79,186
1461764280,1246.06,132
1461764340,1246.09,162
1461764400,1245.59,166
1461764460,1245.39,224
1461764520,1245.79,164
1461764580,1245.22,184
1461764640,1245.10,274
1461764700,1245.96,154
1461764760,1245.66,174
1461764820,1245.96,136
1461764880,1246.36,162
1461764940,1246.76,168
1461765000,1247.16,194
1461765060,1247.43,94
1461765120,1247.56,254
1461765180,1247.66,182
1461765240,1247.46,104
1461765300,1247.36,126
1461765360,1247.43,144
1461765420,1247.53,102
1461765480,1247.38,74
1461765540,1247.25,226
1461765600,1246.86,300
1461765660,1246.94,280
1461765720,1247.53,108
1461765780,1247.08,268
1461765840,1247.20,308
1461765900,1247.04,214
1461765960,1247.33,218
1461766020,1247.50,120
1461766080,1248.05,158
1461766140,1247.90,104
1461766200,1247.70,50
1461766260,1247.40,52
1461766320,1247.70,50
1461766380,1248.40,110
1461766440,1248.40,68
1461766500,1248.10,208
1461766560,1248.31,244
1461766620,1249.93,172
1461766680,1249.48,190
1461766740,1249.28,110
1461766800,1248.98,162
1461766860,1249.03,92
1461766920,1248.63,156
1461766980,1248.83,126
1461767040,1248.98,84
1461767100,1248.58,74
1461767160,1248.68,48
1461767220,1248.93,80
1461767280,1249.13,122
1461767340,1249.52,146
1461767400,1248.84,134
1461767460,1248.67,188
1461767520,1248.59,126
1461767580,1248.77,128
1461767640,1247.87,194
1461767700,1246.57,232
1461767760,1245.97,186
1461767820,1246.13,194
1461767880,1245.13,196
1461767940,1245.93,202
1461768000,1245.93,110
1461768060,1246.43,254
1461768120,1246.72,102
1461768180,1246.92,66
1461768240,1247.02,96
1461768300,1246.73,110
1461768360,1246.73,196
1461768420,1246.78,80
1461768480,1246.93,106
1461768540,1246.68,64
1461768600,1246.83,94
1461768660,1245.63,194
1461768720,1245.51,208
1461768780,1245.63,160
1461768840,1245.93,74
1461768900,1244.73,216
1461768960,1244.83,200
1461769020,1245.13,142
1461769080,1244.83,180
1461769140,1244.58,154
1461769200,1244.83,272
1461769260,1245.73,132
1461769320,1246.13,142
1461769380,1246.03,162
1461769440,1245.83,138
1461769500,1246.43,128
1461769560,1246.13,70
1461769620,1246.23,78
1461769680,1246.53,76
1461769740,1246.63,58
1461769800,1246.63,74
1461769860,1246.73,90
1461769920,1246.73,60
1461769980,1246.68,114
1461770040,1247.62,78
1461770100,1247.13,164
1461770160,1247.52,66
1461770220,1247.42,76
1461770280,1247.72,52
1461770340,1247.68,98
1461770400,1247.68,76
1461770460,1247.33,52
1461770520,1247.24,108
1461770580,1247.63,104
1461770640,1248.13,90
1461770700,1248.52,132
1461770760,1248.22,130
1461770820,1248.38,170
1461770880,1248.12,120
1461770940,1248.30,138
1461771000,1247.92,72
1461771060,1248.02,78
1461771120,1247.63,112
1461771180,1247.58,36
1461771240,1247.48,170
1461771300,1247.62,90
1461771360,1247.83,64
1461771420,1247.83,70
1461771480,1248.00,182
1461771540,1247.78,120
1461771600,1247.58,144
1461771660,1247.71,146
1461771720,1247.28,118
1461771780,1247.22,108
1461771840,1247.35,94
1461771900,1247.46,112
1461771960,1248.13,106
1461772020,1248.36,160
1461772080,1248.78,154
1461772140,1248.48,78
1461772200,1248.10,68
1461772260,1248.38,82
1461772320,1248.38,46
1461772380,1248.38,12
1461772440,1248.13,34
1461772500,1248.19,62
1461772560,1248.39,68
1461772620,1248.89,56
1461772680,1249.09,86
1461772740,1249.48,152
1461772800,1249.49,176
1461772860,1249.58,66
1461772920,1249.79,80
1461772980,1249.89,82
1461773040,1249.28,160
1461773100,1249.53,130
1461773160,1249.93,44
1461773220,1250.19,48
1461773280,1249.99,118
1461773340,1249.68,226
1461773400,1249.78,112
1461773460,1249.78,110
1461773520,1249.43,80
1461773580,1249.48,118
1461773640,1249.68,106
1461773700,1249.53,42
1461773760,1249.68,100
1461773820,1249.48,8
1461773880,1249.38,48
1461773940,1249.12,88
1461774000,1249.89,124
1461774060,1249.49,60
1461774120,1249.43,78
1461774180,1249.29,40
1461774240,1249.13,104
1461774300,1248.78,92
1461774360,1248.90,166
1461774420,1249.13,128
1461774480,1248.88,134
1461774540,1249.68,98
1461774600,1249.88,74
1461774660,1249.88,106
1461774720,1249.68,162
1461774780,1249.53,122
1461774840,1249.08,98
1461774900,1248.93,168
1461774960,1249.03,174
1461775020,1249.13,132
1461775080,1249.13,152
1461775140,1249.18,104
1461775200,1249.48,160
1461775260,1249.48,68
1461775320,1249.48,66
1461775380,1249.58,74
1461775440,1249.28,122
1461775500,1249.58,90
1461775560,1249.48,172
1461775620,1249.38,106
1461775680,1248.84,158
1461775740,1249.18,128
1461775800,1248.89,122
1461775860,1249.08,140
1461775920,1249.03,88
1461775980,1248.98,92
1461776040,1249.18,110
1461776100,1249.05,178
1461776160,1249.18,110
1461776220,1249.08,144
1461776280,1249.08,138
1461776340,1249.04,158
1461776400,1248.38,142
1461776460,1248.58,102
1461776520,1248.60,148
1461776580,1248.42,186
1461776640,1248.68,126
1461776700,1248.39,128
1461776760,1248.08,190
1461776820,1248.58,172
1461776880,1248.48,84
1461776940,1248.77,134
1461777000,1248.58,184
1461777060,1248.40,154
1461777120,1248.61,166
1461777180,1248.63,134
1461777240,1248.80,228
1461777300,1249.63,126
1461777360,1249.49,58
1461777420,1249.43,38
1461777480,1249.23,50
1461777540,1249.19,38
1461777600,1248.79,50
1461777660,1248.75,82
1461777720,1248.43,40
1461777780,1248.32,76
1461777840,1248.77,148
1461777900,1248.70,156
1461777960,1248.68,106
1461778020,1248.61,86
1461778080,1247.83,120
1461778140,1248.73,86
1461778200,1248.23,30
1461778260,1248.43,28
1461778320,1248.23,14
1461778380,1248.03,24
1461778440,1247.93,16
1461778500,1247.93,12
1461778560,1248.63,34
1461778620,1248.59,50
1461778680,1248.49,32
1461778740,1248.58,54
1461778800,1248.38,44
1461778860,1248.07,112
1461778920,1248.33,78
1461778980,1248.55,120
1461779040,1249.09,178
1461779100,1249.63,228
1461779160,1249.14,156
1461779220,1249.15,96
1461779280,1249.44,58
1461779340,1249.84,62
1461779400,1249.55,132
1461779460,1249.52,140
1461779520,1249.53,164
1461779580,1249.33,158
1461779640,1249.37,168
1461779700,1249.07,116
1461779760,1248.99,62
1461779820,1249.19,52
1461779880,1249.19,40
1461779940,1249.13,60
1461780000,1245.54,478
1461780060,1240.63,478
1461780120,1244.77,440
1461780180,1244.72,364
1461780240,1247.51,446
1461780300,1249.23,458
1461780360,1249.65,472
1461780420,1249.74,490
1461780480,1249.23,510
1461780540,1248.98,470
1461780600,1248.08,374
1461780660,1246.59,408
1461780720,1245.07,482
1461780780,1245.47,422
1461780840,1245.58,324
1461780900,1243.51,314
1461780960,1244.58,472
1461781020,1243.93,406
1461781080,1244.56,458
1461781140,1245.48,378
1461781200,1245.42,394
1461781260,1245.09,280
1461781320,1245.13,322
1461781380,1246.02,364
1461781440,1245.33,242
1461781500,1246.00,350
1461781560,1246.13,392
1461781620,1244.94,348
1461781680,1245.66,276
1461781740,1244.32,344
1461781800,1245.45,276
1461781860,1245.75,242
1461781920,1246.00,128
1461781980,1247.34,282
1461782040,1246.32,166
1461782100,1246.81,252
1461782160,1247.01,242
1461782220,1247.01,98
1461782280,1246.91,80
1461782340,1247.10,128
1461782400,1249.21,358
1461782460,1248.14,336
1461782520,1248.01,288
1461782580,1247.70,348
1461782640,1247.86,250
1461782700,1247.30,344
1461782760,1247.23,292
1461782820,1247.15,252
1461782880,1246.26,252
1461782940,1246.94,250
1461783000,1247.33,176
1461783060,1247.03,170
1461783120,1246.88,152
1461783180,1245.44,104
1461783240,1245.88,224
1461783300,1246.19,156
1461783360,1245.70,96
1461783420,1246.72,176
1461783480,1247.07,136
1461783540,1247.01,156
1461783600,1246.05,102
1461783660,1245.93,72
1461783720,1245.71,52
1461783780,1245.42,120
1461783840,1245.82,124
1461783900,1245.52,162
1461783960,1245.60,126
1461784020,1245.74,26
1461784080,1245.24,62
1461784140,1245.27,50
1461784200,1245.11,88
1461784260,1244.61,96
1461784320,1244.47,140
1461784380,1244.28,178
1461784440,1243.32,142
1461784500,1242.57,320
1461784560,1242.67,154
1461784620,1242.92,138
1461784680,1242.86,90
1461784740,1243.47,82
1461784800,1243.91,182
1461784860,1243.67,114
1461784920,1243.88,116
1461784980,1244.37,56
1461785040,1244.17,46
1461785100,1244.07,58
1461785160,1244.27,24
1461785220,1243.90,24
1461785280,1243.67,16
1461785340,1243.47,20
1461785400,1243.57,38
1461785460,1243.87,148
1461785520,1243.95,156
1461785580,1243.67,104
1461785640,1243.87,54
1461785700,1243.85,42
1461785760,1244.31,90
1461785820,1244.44,66
1461785880,1244.88,102
1461785940,1244.92,90
1461786000,1244.17,126
1461786060,1244.32,36
1461786120,1243.62,74
1461786180,1243.70,56
1461786240,1243.61,180
1461786300,1244.15,120
1461786360,1244.54,126
1461786420,1244.73,74
1461786480,1244.91,108
1461786540,1244.78,84
1461786600,1244.79,98
1461786660,1244.86,64
1461786720,1245.13,110
1461786780,1245.15,88
1461786840,1245.69,166
1461786900,1245.72,138
1461786960,1245.62,126
1461787020,1245.53,164
1461787080,1245.38,178
1461787140,1245.33,218
1461787200,1245.66,144
1461787260,1245.53,70
1461787320,1245.85,60
1461787380,1245.67,34
1461787440,1245.80,18
1461787500,1245.85,42
1461787560,1245.98,28
1461787620,1245.70,28
1461787680,1245.60,44
1461787740,1245.59,12
1461787800,1245.71,50
1461787860,1245.68,52
1461787920,1245.82,76
1461787980,1245.71,56
1461788040,1245.81,68
1461788100,1245.92,50
1461788160,1245.78,50
1461788220,1245.79,48
1461788280,1245.87,46
1461788340,1246.05,38
1461788400,1246.02,36
1461788460,1245.91,18
1461788520,1245.88,34
1461788580,1245.79,34
1461788640,1245.83,20
1461788700,1246.01,32
1461788760,1245.98,58
1461788820,1246.12,46
1461788880,1246.13,36
1461788940,1246.15,44
1461789000,1246.07,16
1461789060,1246.16,16
1461789120,1246.16,4
1461789180,1246.27,12
1461789240,1246.21,2
1461789300,1246.18,16
1461789360,1246.26,14
1461789420,1246.26,10
1461789480,1246.26,8
1461789540,1246.21,10
1461789600,1246.06,10
1461789660,1246.16,8
1461789720,1246.17,10
1461789780,1246.21,6
1461789840,1246.16,8
1461789900,1246.06,8
1461789960,1246.06,10
1461790020,1245.98,14
1461790080,1245.81,26
1461790140,1245.74,22
1461790200,1245.75,26
1461790260,1245.84,10
1461790320,1245.89,8
1461790380,1245.95,34
1461790440,1245.99,12
1461790500,1245.69,26
1461790560,1245.86,10
1461790620,1245.86,26
1461790680,1245.59,38
1461794400,1245.43,76
1461794460,1245.53,44
1461794520,1245.73,18
1461794580,1245.43,32
1461794640,1245.53,28
1461794700,1245.33,22
1461794760,1245.33,24
1461794820,1245.39,12
1461794880,1245.39,4
1461794940,1245.33,36
1461795000,1245.43,20
1461795060,1245.44,16
1461795120,1245.49,12
1461795180,1245.23,20
1461795240,1245.14,16
1461795300,1245.23,6
1461795360,1245.23,24
1461795420,1245.23,20
1461795480,1245.23,4
1461795540,1245.18,16
1461795660,1245.16,8
1461795720,1245.18,12
1461795780,1245.17,14
1461795840,1245.35,20
1461795900,1245.29,8
1461795960,1245.34,12
1461796020,1245.30,14
1461796080,1245.31,12
1461796140,1245.23,14
1461796200,1245.28,10
1461796260,1245.36,10
1461796320,1245.36,14
1461796380,1245.16,12
1461796440,1245.06,14
1461796500,1244.99,6
1461796560,1245.29,20
1461796620,1245.18,12
1461796680,1245.13,2
1461796740,1245.29,14
1461796800,1245.15,14
1461796860,1244.88,10
1461796920,1244.99,10
1461796980,1245.19,26
1461797040,1244.83,18
1461797100,1244.89,12
1461797160,1244.89,14
1461797220,1244.89,12
1461797280,1244.89,8
1461797340,1244.74,18
1461797400,1244.99,20
1461797460,1244.89,8
1461797520,1244.87,10
1461797580,1245.00,16
1461797640,1244.90,6
1461797700,1244.95,20
1461797760,1244.96,22
1461797820,1244.95,14
1461797880,1245.07,30
1461797940,1245.10,10
1461798000,1245.08,16
1461798060,1245.15,42
1461798120,1245.02,12
1461798180,1245.03,8
1461798240,1245.00,6
1461798300,1245.09,30
1461798360,1245.05,12
1461798420,1245.15,6
1461798480,1245.05,24
1461798540,1245.06,6
1461798600,1245.19,12
1461798660,1245.15,14
1461798720,1245.14,16
1461798780,1245.18,26
1461798840,1245.27,20
1461798900,1245.43,24
1461798960,1245.39,28
1461799020,1245.43,26
1461799080,1245.35,12
1461799140,1245.33,14
1461799200,1245.39,12
1461799260,1245.40,6
1461799320,1245.53,28
1461799380,1245.69,18
1461799440,1245.69,16
1461799500,1245.48,8
1461799560,1245.44,26
1461799620,1245.40,18
1461799680,1245.24,18
1461799740,1245.16,12
1461799800,1245.19,36
1461799860,1245.19,18
1461799920,1245.35,20
1461799980,1245.33,52
1461800040,1245.49,8
1461800100,1245.53,28
1461800160,1245.59,16
1461800220,1245.59,22
1461800280,1245.59,8
1461800340,1245.49,20
1461800400,1245.33,2
1461800460,1245.24,12
1461800520,1245.63,22
1461800580,1245.43,38
1461800640,1245.38,26
1461800700,1245.33,8
1461800760,1245.33,42
1461800820,1245.43,16
1461800880,1245.47,6
1461800940,1245.49,20
1461801000,1245.53,8
1461801060,1245.55,8
1461801120,1245.45,22
1461801180,1245.47,38
1461801240,1245.63,4
1461801300,1245.59,30
1461801360,1245.29,20
1461801420,1245.57,12
1461801480,1245.69,22
1461801540,1245.59,38
1461801600,1245.79,56
1461801660,1245.89,14
1461801720,1245.69,32
1461801780,1245.93,52
1461801840,1246.09,16
1461801900,1245.81,16
1461801960,1245.83,18
1461802020,1245.69,24
1461802080,1245.59,40
1461802140,1245.43,38
1461802200,1245.39,26
1461802260,1245.49,34
1461802320,1245.29,30
1461802380,1245.28,38
1461802440,1245.29,44
1461802500,1245.29,50
1461802560,1245.43,50
1461802620,1245.38,36
1461802680,1245.26,34
1461802740,1245.28,50
1461802800,1245.12,50
1461802860,1245.27,66
1461802920,1245.16,90
1461802980,1245.13,28
1461803040,1245.08,44
1461803100,1245.29,24
1461803160,1245.27,16
1461803220,1245.29,26
1461803280,1245.19,76
1461803340,1245.05,66
1461803400,1245.17,70
1461803460,1244.50,80
1461803520,1244.62,104
1461803580,1244.66,46
1461803640,1244.84,42
1461803700,1244.94,18
1461803760,1244.94,14
1461803820,1244.78,20
1461803880,1244.48,48
1461803940,1244.58,28
1461804000,1244.84,18
1461804060,1244.74,26
1461804120,1244.84,40
1461804180,1244.74,14
1461804240,1244.74,20
1461804300,1244.74,44
1461804360,1244.64,24
1461804420,1244.74,34
1461804480,1244.69,30
1461804540,1244.74,22
1461804600,1244.74,16
1461804660,1244.74,18
1461804720,1244.58,14
1461804780,1244.54,48
1461804840,1244.24,86
1461804900,1244.34,48
1461804960,1244.24,20
1461805020,1244.08,26
1461805080,1244.14,74
1461805140,1244.14,48
1461805200,1242.31,266
1461805260,1241.92,120
1461805320,1242.32,186
1461805380,1241.43,142
1461805440,1241.53,202
1461805500,1241.27,226
1461805560,1241.62,140
1461805620,1241.52,150
1461805680,1241.74,162
1461805740,1241.80,186
1461805800,1241.80,112
1461805860,1241.65,114
1461805920,1241.66,126
1461805980,1242.04,122
1461806040,1242.14,142
1461806100,1242.38,146
1461806160,1241.67,100
1461806220,1241.77,102
1461806280,1241.77,44
1461806340,1242.18,84
1461806400,1242.38,88
1461806460,1241.88,102
1461806520,1241.88,68
1461806580,1241.77,72
1461806640,1241.77,54
1461806700,1241.48,112
1461806760,1241.80,70
1461806820,1241.87,84
1461806880,1242.01,60
1461806940,1242.29,92
1461807000,1242.18,52
1461807060,1241.92,52
1461807120,1242.08,94
1461807180,1241.97,88
1461807240,1241.90,70
1461807300,1241.63,60
1461807360,1241.80,70
1461807420,1241.70,54
1461807480,1241.60,62
1461807540,1241.59,38
1461807600,1241.51,22
1461807660,1241.41,48
1461807720,1241.76,74
1461807780,1241.85,56
1461807840,1242.00,32
1461807900,1242.03,38
1461807960,1242.03,44
1461808020,1242.20,32
1461808080,1242.09,20
1461808140,1242.24,38
1461808200,1242.19,62
1461808260,1242.11,54
1461808320,1242.00,74
1461808380,1242.00,74
1461808440,1241.95,30
1461808500,1241.81,54
1461808560,1242.05,18
1461808620,1242.03,20
1461808680,1242.10,40
1461808740,1241.85,14
1461808800,1242.21,82
1461808860,1242.11,60
1461808920,1242.10,8
1461808980,1242.05,30
1461809040,1242.00,34
1461809100,1241.94,28
1461809160,1242.00,20
1461809220,1242.10,20
1461809280,1242.20,18
1461809340,1242.30,14
1461809400,1242.24,18
1461809460,1242.11,32
1461809520,1242.00,38
1461809580,1242.04,34
1461809640,1242.00,46
1461809700,1241.83,44
1461809760,1241.77,46
1461809820,1241.78,72
1461809880,1241.92,58
1461809940,1241.76,56
1461810000,1241.97,26
1461810060,1242.09,70
1461810120,1242.21,52
1461810180,1241.98,46
1461810240,1242.27,38
1461810300,1242.19,28
1461810360,1242.06,44
1461810420,1242.02,28
1461810480,1241.82,50
1461810540,1241.83,54
1461810600,1241.96,42
1461810660,1241.97,28
1461810720,1242.02,32
1461810780,1241.83,28
1461810840,1241.93,44
1461810900,1241.67,26
1461810960,1241.46,22
1461811020,1241.34,56
1461811080,1241.55,48
1461811140,1240.83,48
1461811200,1240.71,70
1461811260,1240.78,48
1461811320,1240.60,68
1461811380,1240.42,56
1461811440,1240.82,54
1461811500,1240.52,38
1461811560,1240.63,20
1461811620,1240.56,28
1461811680,1240.42,12
1461811740,1240.12,62
1461811800,1240.02,62
1461811860,1240.16,52
1461811920,1240.12,58
1461811980,1238.63,128
1461812040,1238.58,114
1461812100,1238.33,98
1461812160,1238.76,122
1461812220,1239.03,90
1461812280,1239.03,44
1461812340,1238.78,40
1461812400,1238.72,44
1461812460,1241.88,448
1461812520,1244.14,356
1461812580,1245.64,378
1461812640,1244.86,334
1461812700,1245.75,262
1461812760,1245.83,276
1461812820,1245.47,184
1461812880,1246.04,206
1461812940,1247.16,148
1461813000,1246.23,212
1461813060,1246.24,118
1461813120,1246.03,118
1461813180,1245.85,86
1461813240,1245.55,116
1461813300,1246.03,134
1461813360,1246.00,74
1461813420,1246.13,98
1461813480,1246.01,102
1461813540,1246.23,88
1461813600,1246.41,92
1461813660,1247.36,198
1461813720,1248.83,184
1461813780,1249.89,258
1461813840,1248.68,158
1461813900,1249.38,144
1461813960,1248.78,90
1461814020,1248.78,74
1461814080,1248.58,74
1461814140,1248.63,98
1461814200,1247.39,154
1461814260,1247.18,90
1461814320,1246.88,116
1461814380,1247.37,154
1461814440,1247.48,168
1461814500,1247.69,164
1461814560,1247.70,136
1461814620,1247.68,116
1461814680,1247.60,40
1461814740,1247.83,110
1461814800,1247.39,76
1461814860,1247.26,98
1461814920,1247.39,52
1461814980,1247.46,46
1461815040,1247.77,50
1461815100,1247.47,50
1461815160,1247.16,54
1461815220,1246.86,122
1461815280,1246.98,96
1461815340,1246.68,88
1461815400,1246.30,106
1461815460,1246.36,138
1461815520,1246.15,156
1461815580,1246.37,144
1461815640,1246.87,128
1461815700,1246.96,68
1461815760,1246.66,118
1461815820,1246.82,106
1461815880,1246.96,74
1461815940,1247.13,136
1461816000,1247.53,146
1461816060,1247.50,110
1461816120,1247.47,136
1461816180,1247.72,68
1461816240,1247.87,98
1461816300,1247.68,78
1461816360,1247.96,54
1461816420,1247.57,52
1461816480,1247.82,50
1461816540,1247.46,70
1461816600,1247.77,144
1461816660,1247.87,102
1461816720,1247.46,100
1461816780,1247.47,74
1461816840,1247.56,78
1461816900,1248.07,60
1461816960,1248.02,88
1461817020,1247.57,40
1461817080,1247.60,62
1461817140,1247.46,36
1461817200,1247.46,62
1461817260,1247.47,44
1461817320,1247.66,52
1461817380,1247.58,72
1461817440,1247.49,86
1461817500,1247.58,90
1461817560,1247.51,138
1461817620,1247.52,78
1461817680,1247.39,80
1461817740,1247.19,146
1461817800,1247.19,204
1461817860,1247.29,176
1461817920,1246.89,238
1461817980,1246.99,136
1461818040,1247.07,156
1461818100,1246.81,172
1461818160,1247.18,258
1461818220,1247.20,156
1461818280,1247.17,172
1461818340,1247.53,222
1461818400,1247.12,210
1461818460,1247.06,198
1461818520,1247.27,224
1461818580,1247.49,136
1461818640,1247.67,54
1461818700,1247.88,160
1461818760,1248.37,174
1461818820,1248.50,192
1461818880,1248.48,226
1461818940,1248.77,160
1461819000,1248.79,156
1461819060,1248.77,136
1461819120,1248.61,148
1461819180,1248.60,122
1461819240,1248.67,122
1461819300,1248.56,184
1461819360,1248.78,162
1461819420,1248.81,110
1461819480,1249.59,246
1461819540,1249.98,266
1461819600,1250.86,324
1461819660,1250.60,166
1461819720,1250.14,104
1461819780,1249.91,74
1461819840,1249.98,64
1461819900,1249.74,84
1461819960,1249.60,76
1461820020,1249.35,64
1461820080,1249.35,50
1461820140,1249.63,44
1461820200,1249.04,72
1461820260,1249.04,50
1461820320,1248.98,42
1461820380,1249.04,42
1461820440,1249.03,94
1461820500,1248.68,230
1461820560,1248.87,210
1461820620,1248.97,134
1461820680,1249.16,106
1461820740,1249.19,138
1461820800,1249.42,178
1461820860,1249.09,94
1461820920,1249.36,158
1461820980,1249.26,110
1461821040,1249.07,114
1461821100,1248.79,152
1461821160,1248.93,114
1461821220,1248.99,168
1461821280,1249.18,92
1461821340,1249.16,164
1461821400,1249.84,300
1461821460,1250.33,326
1461821520,1249.85,228
1461821580,1249.88,132
1461821640,1249.83,98
1461821700,1250.31,156
1461821760,1250.07,154
1461821820,1250.45,104
1461821880,1250.44,128
1461821940,1250.56,262
1461822000,1250.04,208
1461822060,1249.63,272
1461822120,1249.64,172
1461822180,1249.37,150
1461822240,1249.87,166
1461822300,1249.46,194
1461822360,1249.45,144
1461822420,1249.32,142
1461822480,1249.34,168
1461822540,1249.45,74
1461822600,1249.85,146
1461822660,1250.25,120
1461822720,1250.22,190
1461822780,1250.74,148
1461822840,1250.86,220
1461822900,1251.08,266
1461822960,1252.04,246
1461823020,1254.65,382
1461823080,1253.20,266
1461823140,1253.31,166
1461823200,1254.45,144
1461823260,1254.60,110
1461823320,1254.60,150
1461823380,1254.56,140
1461823440,1254.05,94
1461823500,1254.00,114
1461823560,1253.75,58
1461823620,1253.33,112
1461823680,1253.39,104
1461823740,1253.13,124
1461823800,1253.39,106
1461823860,1253.48,44
1461823920,1253.88,88
1461823980,1254.00,138
1461824040,1254.50,174
1461824100,1254.59,242
1461824160,1254.97,134
1461824220,1254.33,168
1461824280,1253.63,132
1461824340,1253.53,94
1461824400,1254.02,86
1461824460,1253.83,84
1461824520,1253.48,198
1461824580,1253.32,108
1461824640,1253.92,116
1461824700,1253.38,70
1461824760,1253.28,94
1461824820,1253.43,62
1461824880,1253.23,74
1461824940,1252.98,176
1461825000,1252.93,230
1461825060,1253.00,202
1461825120,1252.83,214
1461825180,1252.96,190
1461825240,1253.11,190
1461825300,1254.13,154
1461825360,1253.99,228
1461825420,1254.73,134
1461825480,1254.77,172
1461825540,1254.44,182
1461825600,1254.53,224
1461825660,1254.43,134
1461825720,1254.77,106
1461825780,1254.92,92
1461825840,1255.06,114
1461825900,1255.52,282
1461825960,1256.33,194
1461826020,1256.26,244
1461826080,1255.66,124
1461826140,1254.97,208
1461826200,1255.12,108
1461826260,1254.89,176
1461826320,1254.82,136
1461826380,1254.41,132
1461826440,1254.81,184
1461826500,1254.66,190
1461826560,1254.24,210
1461826620,1254.83,160
1461826680,1254.32,114
1461826740,1254.57,108
1461826800,1255.12,178
1461826860,1255.34,232
1461826920,1255.02,156
1461826980,1255.32,114
1461827040,1254.92,102
1461827100,1255.07,78
1461827160,1255.26,134
1461827220,1254.91,132
1461827280,1254.61,110
1461827340,1254.22,158
1461827400,1254.91,206
1461827460,1255.16,244
1461827520,1255.18,154
1461827580,1255.46,228
1461827640,1255.43,168
1461827700,1255.53,90
1461827760,1255.96,120
1461827820,1255.93,120
1461827880,1256.55,166
1461827940,1256.37,186
1461828000,1255.90,164
1461828060,1255.61,220
1461828120,1255.71,124
1461828180,1255.00,122
1461828240,1254.77,166
1461828300,1254.89,188
1461828360,1254.82,162
1461828420,1254.69,78
1461828480,1254.30,120
1461828540,1254.64,88
1461828600,1254.94,154
1461828660,1254.31,140
1461828720,1254.91,128
1461828780,1254.41,268
1461828840,1254.88,158
1461828900,1254.88,156
1461828960,1254.83,126
1461829020,1254.73,136
1461829080,1255.77,180
1461829140,1255.79,292
1461829200,1256.18,188
1461829260,1256.09,216
1461829320,1256.07,204
1461829380,1255.99,126
1461829440,1255.75,254
1461829500,1255.86,54
1461829560,1255.86,64
1461829620,1255.86,64
1461829680,1255.84,102
1461829740,1256.04,66
1461829800,1256.39,118
1461829860,1256.74,76
1461829920,1256.29,82
1461829980,1256.34,90
1461830040,1256.43,38
1461830100,1256.23,62
1461830160,1256.13,56
1461830220,1255.62,134
1461830280,1255.26,122
1461830340,1255.56,152
1461830400,1255.70,80
1461830460,1255.56,274
1461830520,1256.36,304
1461830580,1256.30,214
1461830640,1256.16,214
1461830700,1256.22,260
1461830760,1256.06,304
1461830820,1256.24,238
1461830880,1256.36,162
1461830940,1256.55,178
1461831000,1256.13,228
1461831060,1255.87,298
1461831120,1255.58,262
1461831180,1255.81,156
1461831240,1255.86,54
1461831300,1255.81,128
1461831360,1255.26,268
1461831420,1255.20,248
1461831480,1255.36,92
1461831540,1255.56,196
1461831600,1255.36,168
1461831660,1255.16,228
1461831720,1255.20,178
1461831780,1254.96,120
1461831840,1254.71,60
1461831900,1255.19,128
1461831960,1255.20,98
1461832020,1255.10,48
1461832080,1255.31,140
1461832140,1255.26,110
1461832200,1255.66,84
1461832260,1255.72,266
1461832320,1255.63,202
1461832380,1256.06,242
1461832440,1256.11,178
1461832500,1256.09,130
1461832560,1256.37,326
1461832620,1256.36,132
1461832680,1256.96,146
1461832740,1256.67,170
1461832800,1256.69,230
1461832860,1256.75,190
1461832920,1256.86,218
1461832980,1256.96,226
1461833040,1256.91,250
1461833100,1256.81,196
1461833160,1257.10,186
1461833220,1257.50,138
1461833280,1257.61,176
1461833340,1257.54,242
1461833400,1258.19,294
1461833460,1258.61,256
1461833520,1258.36,184
1461833580,1258.16,114
1461833640,1258.20,180
1461833700,1258.61,138
1461833760,1258.61,104
1461833820,1258.24,164
1461833880,1258.32,160
1461833940,1258.36,148
1461834000,1258.20,124
1461834060,1258.00,68
1461834120,1257.43,88
1461834180,1257.93,124
1461834240,1257.78,104
1461834300,1257.66,234
1461834360,1257.70,182
1461834420,1257.43,150
1461834480,1257.53,74
1461834540,1257.50,78
1461834600,1257.90,92
1461834660,1257.93,50
1461834720,1257.91,22
1461834780,1257.95,52
1461834840,1257.71,96
1461834900,1257.59,132
1461834960,1257.27,138
1461835020,1256.83,220
1461835080,1256.94,148
1461835140,1256.64,192
1461835200,1256.91,138
1461835260,1256.98,128
1461835320,1257.04,132
1461835380,1256.68,164
1461835440,1256.55,218
1461835500,1256.65,102
1461835560,1256.19,228
1461835620,1255.97,136
1461835680,1256.47,116
1461835740,1257.03,68
1461835800,1256.93,14
1461836340,1257.09,88
1461836400,1257.53,58
1461836460,1257.73,64
1461836520,1257.50,186
1461836580,1257.93,166
1461836640,1258.00,56
1461836700,1258.00,174
1461836760,1258.30,230
1461836820,1258.10,258
1461836880,1258.22,172
1461836940,1258.33,114
1461837000,1257.96,130
1461837060,1258.03,122
1461837120,1258.00,128
1461837180,1257.70,166
1461837240,1257.68,160
1461837300,1257.81,170
1461837360,1257.84,188
1461837420,1257.82,184
1461837480,1257.59,112
1461837540,1257.82,172
1461837600,1257.57,214
1461837660,1257.33,194
1461837720,1257.55,144
1461837780,1257.55,148
1461837840,1257.60,170
1461837900,1257.87,132
1461837960,1257.73,66
1461838020,1257.64,92
1461838080,1257.37,78
1461838140,1257.13,184
1461838200,1257.13,208
1461838260,1256.85,200
1461838320,1256.61,170
1461838380,1256.46,190
1461838440,1256.34,190
1461838500,1256.34,112
1461838560,1256.48,152
1461838620,1256.37,154
1461838680,1256.53,142
1461838740,1256.48,176
1461838800,1256.43,134
1461838860,1256.10,188
1461838920,1256.79,278
1461838980,1256.65,228
1461839040,1256.71,138
1461839100,1256.78,118
1461839160,1256.64,140
1461839220,1256.63,142
1461839280,1256.63,180
1461839340,1256.65,122
1461839400,1256.73,144
1461839460,1256.88,90
1461839520,1257.23,54
1461839580,1256.93,52
1461839640,1257.10,62
1461839700,1257.19,112
1461839760,1257.26,162
1461839820,1257.45,90
1461839880,1257.53,36
1461839940,1257.26,90
1461840000,1256.74,96
1461840060,1256.90,86
1461840120,1256.73,94
1461840180,1256.54,156
1461840240,1256.54,66
1461840300,1256.53,138
1461840360,1256.75,66
1461840420,1256.73,140
1461840480,1257.07,90
1461840540,1257.23,162
1461840600,1257.43,112
1461840660,1257.25,98
1461840720,1257.09,188
1461840780,1257.03,158
1461840840,1256.91,152
1461840900,1256.71,152
1461840960,1256.65,108
1461841020,1256.45,164
1461841080,1256.43,262
1461841140,1256.28,292
1461841200,1256.01,284
1461841260,1255.35,268
1461841320,1255.34,258
1461841380,1256.18,168
1461841440,1255.83,196
1461841500,1255.97,182
1461841560,1255.69,138
1461841620,1255.93,182
1461841680,1256.07,74
1461841740,1255.78,96
1461841800,1255.94,90
1461841860,1255.10,156
1461841920,1255.49,196
1461841980,1255.71,178
1461842040,1255.27,160
1461842100,1255.18,204
1461842160,1255.64,112
1461842220,1255.29,136
1461842280,1254.95,180
1461842340,1254.10,238
1461842400,1254.23,198
1461842460,1254.51,176
1461842520,1254.85,118
1461842580,1254.85,146
1461842640,1255.14,98
1461842700,1255.17,128
1461842760,1255.38,178
1461842820,1255.67,154
1461842880,1255.30,134
1461842940,1255.61,228
1461843000,1255.42,212
1461843060,1255.33,260
1461843120,1255.30,136
1461843180,1255.18,200
1461843240,1255.08,152
1461843300,1255.48,150
1461843360,1255.37,150
1461843420,1255.47,120
1461843480,1255.40,168
1461843540,1255.17,132
1461843600,1255.44,88
1461843660,1255.54,120
1461843720,1255.58,166
1461843780,1255.73,118
1461843840,1255.63,112
1461843900,1255.77,84
1461843960,1255.52,150
1461844020,1255.38,162
1461844080,1255.41,112
1461844140,1255.20,176
1461844200,1255.12,144
1461844260,1255.05,90
1461844320,1255.02,128
1461844380,1254.93,204
1461844440,1255.15,128
1461844500,1255.28,148
1461844560,1255.16,116
1461844620,1255.35,84
1461844680,1255.27,146
1461844740,1254.87,156
1461844800,1254.50,186
1461844860,1254.84,240
1461844920,1254.77,190
1461844980,1255.33,190
1461845040,1255.45,204
1461845100,1255.55,200
1461845160,1255.86,198
1461845220,1255.97,252
1461845280,1255.73,202
1461845340,1255.73,202
1461845400,1255.61,190
1461845460,1255.67,152
1461845520,1255.67,186
1461845580,1256.13,216
1461845640,1256.54,294
1461845700,1256.29,172
1461845760,1256.34,92
1461845820,1256.43,120
1461845880,1256.42,222
1461845940,1256.44,222
1461846000,1257.72,418
1461846060,1256.64,394
1461846120,1256.96,252
1461846180,1257.09,246
1461846240,1257.55,264
1461846300,1258.33,352
1461846360,1257.92,192
1461846420,1257.85,188
1461846480,1258.16,120
1461846540,1257.93,204
1461846600,1256.27,392
1461846660,1256.60,418
1461846720,1255.93,360
1461846780,1256.53,268
1461846840,1256.03,284
1461846900,1255.90,342
1461846960,1255.13,382
1461847020,1254.43,214
1461847080,1254.57,356
1461847140,1254.58,362
1461847200,1254.62,386
1461847260,1254.35,344
1461847320,1255.01,310
1461847380,1254.92,370
1461847440,1256.03,360
1461847500,1255.83,354
1461847560,1255.91,270
1461847620,1255.70,278
1461847680,1255.91,284
1461847740,1255.61,266
1461847800,1255.57,234
1461847860,1255.86,216
1461847920,1256.44,216
1461847980,1256.60,312
1461848040,1256.68,274
1461848100,1256.93,230
1461848160,1256.80,272
1461848220,1257.07,314
1461848280,1256.43,342
1461848340,1257.02,78
1461848400,1256.67,374
1461848460,1257.20,380
1461848520,1257.10,336
1461848580,1257.76,388
1461848640,1257.80,342
1461848700,1257.89,354
1461848760,1257.68,392
1461848820,1257.54,266
1461848880,1257.02,342
1461848940,1257.18,272
1461849000,1257.42,320
1461849060,1257.43,294
1461849120,1257.51,324
1461849180,1257.20,280
1461849240,1256.33,380
1461849300,1255.60,392
1461849360,1255.68,286
1461849420,1254.99,320
1461849480,1255.42,334
1461849540,1255.32,266
1461849600,1254.76,346
1461849660,1255.07,348
1461849720,1254.37,222
1461849780,1254.56,364
1461849840,1254.38,342
1461849900,1254.20,320
1461849960,1254.46,414
1461850020,1254.40,296
1461850080,1254.90,324
1461850140,1254.93,272
1461850200,1254.46,376
1461850260,1254.79,372
1461850320,1254.67,346
1461850380,1254.94,352
1461850440,1255.51,336
1461850500,1255.67,288
1461850560,1255.55,346
1461850620,1255.37,314
1461850680,1254.54,410
1461850740,1253.17,438
1461850800,1254.27,344
1461850860,1253.79,394
1461850920,1254.07,368
1461850980,1254.52,318
1461851040,1254.87,358
1461851100,1254.69,308
1461851160,1254.57,280
1461851220,1254.77,316
1461851280,1254.91,264
1461851340,1254.90,258
1461851400,1255.07,288
1461851460,1254.87,216
1461851520,1255.37,288
1461851580,1255.67,272
1461851640,1255.37,308
1461851700,1255.21,254
1461851760,1255.10,266
1461851820,1255.18,274
1461851880,1255.87,284
1461851940,1256.07,152
1461852000,1256.38,296
1461852060,1256.49,320
1461852120,1256.37,314
1461852180,1256.02,234
1461852240,1256.37,248
1461852300,1256.87,90
1461852360,1256.67,226
1461852420,1256.52,190
1461852480,1256.98,138
1461852540,1256.98,196
1461852600,1257.18,246
1461852660,1257.17,246
1461852720,1256.48,294
1461852780,1256.50,252
1461852840,1256.77,138
1461852900,1257.59,182
1461852960,1257.47,264
1461853020,1257.12,206
1461853080,1256.60,156
1461853140,1256.14,332
1461853200,1256.07,154
1461853260,1256.67,182
1461853320,1256.37,238
1461853380,1256.62,214
1461853440,1256.92,148
1461853500,1256.62,196
1461853560,1256.45,190
1461853620,1256.75,246
1461853680,1256.40,222
1461853740,1256.47,278
1461853800,1256.60,244
1461853860,1256.25,254
1461853920,1256.17,362
1461853980,1256.32,172
1461854040,1255.87,280
1461854100,1255.60,220
1461854160,1255.77,258
1461854220,1255.65,216
1461854280,1256.00,144
1461854340,1255.80,248
1461854400,1255.78,220
1461854460,1255.87,152
1461854520,1255.97,154
1461854580,1256.07,254
1461854640,1256.49,202
1461854700,1256.92,292
1461854760,1256.32,176
1461854820,1256.02,110
1461854880,1256.15,80
1461854940,1256.25,86
1461855000,1256.55,48
1461855060,1256.65,78
1461855120,1257.15,58
1461855180,1256.69,140
1461855240,1256.59,110
1461855300,1256.79,148
1461855360,1256.79,134
1461855420,1256.21,168
1461855480,1256.30,98
1461855540,1256.33,60
1461855600,1256.33,78
1461855660,1256.53,200
1461855720,1257.49,222
1461855780,1258.26,118
1461855840,1258.46,326
1461855900,1257.90,298
1461855960,1257.72,246
1461856020,1257.51,76
1461856080,1257.81,78
1461856140,1257.71,116
1461856200,1257.43,84
1461856260,1258.04,46
1461856320,1258.67,86
1461856380,1259.94,298
1461856440,1261.54,272
1461856500,1262.54,230
1461856560,1261.78,328
1461856620,1262.34,264
1461856680,1262.13,260
1461856740,1262.81,246
1461856800,1263.17,272
1461856860,1262.91,244
1461856920,1262.64,306
1461856980,1262.89,216
1461857040,1262.59,274
1461857100,1262.78,162
1461857160,1263.68,180
1461857220,1263.23,172
1461857280,1263.77,192
1461857340,1264.03,218
1461857400,1264.47,248
1461857460,1264.00,180
1461857520,1263.91,104
1461857580,1263.13,168
1461857640,1263.20,130
1461857700,1263.35,134
1461857760,1263.61,98
1461857820,1264.08,188
1461857880,1263.68,332
1461857940,1263.49,202
1461858000,1263.36,260
1461858060,1263.57,264
1461858120,1263.27,282
1461858180,1263.23,172
1461858240,1263.47,62
1461858300,1263.84,230
1461858360,1263.65,220
1461858420,1263.65,346
1461858480,1263.03,276
1461858540,1263.43,186
1461858600,1264.08,104
1461858660,1264.44,146
1461858720,1264.12,312
1461858780,1264.48,196
1461858840,1264.94,308
1461858900,1264.78,186
1461858960,1264.48,232
1461859020,1265.04,184
1461859080,1264.92,266
1461859140,1264.46,292
1461859200,1265.00,146
1461859260,1265.66,236
1461859320,1265.99,238
1461859380,1265.60,314
1461859440,1266.03,310
1461859500,1265.15,336
1461859560,1264.63,96
1461859620,1264.52,336
1461859680,1264.92,126
1461859740,1265.02,28
1461859800,1265.23,100
1461859860,1264.80,110
1461859920,1264.11,242
1461859980,1264.44,130
1461860040,1264.91,92
1461860100,1264.91,56
1461860160,1264.83,114
1461860220,1264.73,90
1461860280,1264.61,140
1461860340,1264.01,116
1461860400,1263.98,116
1461860460,1264.51,56
1461860520,1264.01,52
1461860580,1264.06,44
1461860640,1264.11,54
1461860700,1263.81,32
1461860760,1262.91,152
1461860820,1262.91,110
1461860880,1263.35,52
1461860940,1263.41,72
1461861000,1263.21,32
1461861060,1263.11,46
1461861120,1263.06,68
1461861180,1263.41,108
1461861240,1263.41,28
1461861300,1263.26,162
1461861360,1262.87,146
1461861420,1262.71,116
1461861480,1262.50,156
1461861540,1262.91,146
1461861600,1262.91,80
1461861660,1262.91,30
1461861720,1263.21,106
1461861780,1263.38,54
1461861840,1263.32,226
1461861900,1263.46,214
1461861960,1263.46,196
1461862020,1263.41,136
1461862080,1263.61,28
1461862140,1264.01,78
1461862200,1264.41,58
1461862260,1264.01,90
1461862320,1263.91,28
1461862380,1263.91,48
1461862440,1263.91,50
1461862500,1263.91,10
1461862560,1264.01,44
1461862620,1264.26,84
1461862680,1264.21,162
1461862740,1264.11,116
1461862800,1264.21,112
1461862860,1264.45,160
1461862920,1264.68,226
1461862980,1265.21,90
1461863040,1265.09,70
1461863100,1265.05,164
1461863160,1265.41,102
1461863220,1265.31,48
1461863280,1265.68,58
1461863340,1265.54,250
1461863400,1265.45,218
1461863460,1265.27,240
1461863520,1265.04,228
1461863580,1265.25,262
1461863640,1264.57,192
1461863700,1264.56,222
1461863760,1265.07,190
1461863820,1264.86,188
1461863880,1264.56,84
1461863940,1264.56,48
1461864000,1264.86,60
1461864060,1265.16,78
1461864120,1265.36,46
1461864180,1265.76,40
1461864240,1265.19,190
1461864300,1264.98,220
1461864360,1264.92,188
1461864420,1264.17,280
1461864480,1264.24,222
1461864540,1264.23,102
1461864600,1264.23,74
1461864660,1264.38,52
1461864720,1264.23,56
1461864780,1264.33,34
1461864840,1264.33,28
1461864900,1264.13,16
1461864960,1264.43,18
1461865020,1264.43,12
1461865080,1264.26,80
1461865140,1264.53,68
1461865200,1264.63,26
1461865260,1264.63,50
1461865320,1264.63,28
1461865380,1264.63,24
1461865440,1264.46,22
1461865500,1264.53,58
1461865560,1264.33,38
1461865620,1264.53,64
1461865680,1264.74,58
1461865740,1264.43,62
1461865800,1264.82,36
1461865860,1264.82,32
1461865920,1264.12,78
1461865980,1264.02,72
1461866040,1264.48,126
1461866100,1264.29,144
1461866160,1264.37,68
1461866220,1264.71,116
1461866280,1264.40,146
1461866340,1264.67,128
1461866400,1264.59,110
1461866460,1264.31,162
1461866520,1264.47,106
1461866580,1264.18,126
1461866640,1264.27,98
1461866700,1264.27,96
1461866760,1264.20,90
1461866820,1264.28,64
1461866880,1264.53,126
1461866940,1264.69,120
1461867000,1264.37,118
1461867060,1264.32,142
1461867120,1264.17,134
1461867180,1264.33,92
1461867240,1264.51,104
1461867300,1264.26,28
1461867360,1264.36,48
1461867420,1264.46,48
1461867480,1264.36,26
1461867540,1264.46,38
1461867600,1264.76,18
1461867660,1264.86,80
1461867720,1264.49,84
1461867780,1264.46,36
1461867840,1264.19,102
1461867900,1264.11,66
1461867960,1263.81,56
1461868020,1263.95,84
1461868080,1264.31,110
1461868140,1264.43,86
1461868200,1264.66,72
1461868260,1264.81,142
1461868320,1264.81,108
1461868380,1264.87,78
1461868440,1264.96,90
1461868500,1265.11,54
1461868560,1265.60,28
1461868620,1266.16,208
1461868680,1265.91,218
1461868740,1265.93,164
1461868800,1265.80,148
1461868860,1266.15,152
1461868920,1266.19,158
1461868980,1266.23,132
1461869040,1266.13,120
1461869100,1266.53,192
1461869160,1266.65,226
1461869220,1266.69,152
1461869280,1266.63,172
1461869340,1266.77,118
1461869400,1266.50,142
1461869460,1266.18,142
1461869520,1265.98,150
1461869580,1265.57,192
1461869640,1265.61,74
1461869700,1265.68,96
1461869760,1265.86,102
1461869820,1265.74,62
1461869880,1265.35,152
1461869940,1264.90,176
1461870000,1265.00,148
1461870060,1264.93,90
1461870120,1265.24,152
1461870180,1265.31,92
1461870240,1265.41,112
1461870300,1265.71,144
1461870360,1265.86,128
1461870420,1265.83,66
1461870480,1265.91,70
1461870540,1265.89,100
1461870600,1265.69,108
1461870660,1265.54,70
1461870720,1265.67,46
1461870780,1265.68,108
1461870840,1265.77,96
1461870900,1265.36,110
1461870960,1265.14,64
1461871020,1265.44,108
1461871080,1265.54,66
1461871140,1265.25,76
1461871200,1265.17,44
1461871260,1265.16,74
1461871320,1264.85,84
1461871380,1265.38,110
1461871440,1265.56,50
1461871500,1265.92,112
1461871560,1265.98,56
1461871620,1266.24,134
1461871680,1266.54,132
1461871740,1266.46,90
1461871800,1266.36,164
1461871860,1266.17,142
1461871920,1266.24,168
1461871980,1266.85,166
1461872040,1266.84,86
1461872100,1266.50,166
1461872160,1266.24,154
1461872220,1266.84,56
1461872280,1267.04,120
1461872340,1267.29,72
1461872400,1267.49,66
1461872460,1267.61,128
1461872520,1267.86,152
1461872580,1267.84,126
1461872640,1268.17,66
1461872700,1268.59,302
1461872760,1268.42,288
1461872820,1268.70,250
1461872880,1268.83,218
1461872940,1269.26,260
1461873000,1268.75,226
1461873060,1269.18,42
1461873120,1269.04,136
1461873180,1269.04,108
1461873240,1269.37,180
1461873300,1269.54,218
1461873360,1269.31,74
1461873420,1268.99,142
1461873480,1268.52,170
1461873540,1268.24,312
1461873600,1267.26,198
1461873660,1266.98,192
1461873720,1266.77,66
1461873780,1266.86,100
1461873840,1266.98,38
1461873900,1266.72,82
1461873960,1266.71,88
1461874020,1266.79,62
1461874080,1266.98,52
1461874140,1266.81,38
1461874200,1266.56,44
1461874260,1266.56,48
1461874320,1266.84,56
1461874380,1267.28,68
1461874440,1267.72,76
1461874500,1267.58,46
1461874560,1267.28,48
1461874620,1267.16,64
1461874680,1267.20,48
1461874740,1267.19,26
1461874800,1267.14,8
1461874860,1266.84,64
1461874920,1267.52,92
1461874980,1267.44,30
1461875040,1267.13,42
1461875100,1266.71,62
1461875160,1266.62,50
1461875220,1266.68,44
1461875280,1266.98,34
1461875340,1266.94,18
1461875400,1267.02,20
1461875460,1266.73,14
1461875520,1266.64,6
1461875580,1266.93,20
1461875640,1266.49,12
1461875700,1267.03,12
1461875760,1266.98,6
1461875880,1267.02,8
1461875940,1266.98,8
1461876060,1266.62,10
1461876120,1266.51,4
1461876180,1266.73,18
1461876240,1266.63,16
1461876300,1266.33,12
1461876360,1266.22,12
1461876420,1266.12,16
1461876480,1266.07,20
1461876540,1266.13,16
1461876600,1266.12,4
1461876660,1266.10,8
1461876720,1266.22,12
1461876780,1266.19,12
1461876840,1266.29,10
1461876900,1266.24,24
1461876960,1266.18,22
1461877020,1266.03,30
1461877080,1266.19,24
1461880800,1265.56,122
1461880860,1265.98,58
1461880920,1266.32,72
1461880980,1266.01,102
1461881040,1266.08,48
1461881100,1265.98,26
1461881160,1265.72,32
1461881220,1265.62,30
1461881280,1265.54,62
1461881340,1265.62,46
1461881400,1265.58,26
1461881460,1265.63,6
1461881520,1265.78,14
1461881580,1265.98,4
1461881640,1265.93,16
1461881700,1266.25,36
1461881760,1266.28,46
1461881820,1266.54,16
1461881880,1266.40,22
1461881940,1266.54,16
1461882000,1266.38,18
1461882060,1266.49,10
1461882120,1266.69,14
1461882180,1266.67,18
1461882240,1266.64,38
1461882300,1266.44,20
1461882360,1266.24,18
1461882420,1266.21,16
1461882480,1266.08,40
1461882540,1266.06,22
1461882600,1266.05,22
1461882660,1266.04,8
1461882720,1265.84,28
1461882780,1265.84,12
1461882840,1265.84,16
1461882900,1265.94,4
1461882960,1266.12,14
1461883020,1266.18,18
1461883080,1266.48,22
1461883140,1266.38,22
1461883200,1266.64,38
1461883260,1266.40,40
1461883320,1266.40,12
1461883380,1266.39,6
1461883440,1266.58,28
1461883500,1266.53,12
1461883560,1266.52,8
1461883620,1266.58,10
1461883680,1266.68,8
1461883740,1266.74,12
1461883800,1266.64,20
1461883860,1266.73,16
1461883920,1266.53,26
1461883980,1266.38,18
1461884040,1266.48,6
1461884100,1266.43,14
1461884160,1265.86,20
1461884220,1265.78,46
1461884280,1266.12,28
1461884340,1265.73,36
1461884400,1266.02,28
1461884460,1266.26,30
1461884520,1266.22,20
1461884580,1266.26,28
1461884640,1266.30,22
1461884700,1266.29,32
1461884760,1266.13,26
1461884820,1266.11,8
1461884880,1266.26,20
1461884940,1266.23,14
1461885000,1266.20,6
1461885060,1266.23,20
1461885120,1266.20,10
1461885180,1266.23,22
1461885240,1266.16,16
1461885300,1266.26,24
1461885360,1266.24,10
1461885420,1266.17,20
1461885480,1266.15,2
1461885540,1266.02,22
1461885600,1266.28,34
1461885660,1266.28,30
1461885720,1266.29,22
1461885780,1266.30,12
1461885840,1266.26,38
1461885900,1266.03,8
1461885960,1266.22,32
1461886020,1266.19,6
1461886080,1266.33,18
1461886140,1266.22,16
1461886200,1266.12,12
1461886260,1266.08,14
1461886320,1265.89,8
1461886380,1265.58,18
1461886440,1265.68,2
1461886500,1265.23,26
1461886560,1265.13,46
1461886620,1265.51,48
1461886680,1265.71,10
1461886740,1265.41,24
1461886800,1265.55,48
1461886860,1265.85,12
1461886920,1265.85,18
1461886980,1265.88,6
1461887040,1265.78,6
1461887100,1265.64,14
1461887160,1265.63,6
1461887220,1265.71,16
1461887280,1265.85,26
1461887340,1265.88,6
1461887400,1265.78,6
1461887460,1265.79,16
1461887520,1265.98,30
1461887580,1265.81,26
1461887640,1265.71,8
1461887700,1265.78,12
1461887760,1265.83,8
1461887820,1265.98,8
1461887880,1265.98,12
1461887940,1265.55,30
1461888000,1265.61,44
1461888060,1265.55,40
1461888120,1265.55,22
1461888180,1265.51,14
1461888240,1265.51,36
1461888300,1265.21,26
1461888360,1265.03,42
1461888420,1265.11,48
1461888480,1265.41,36
1461888540,1265.41,42
1461888600,1265.41,36
1461888660,1265.42,40
1461888720,1265.78,16
1461888780,1266.25,58
1461888840,1266.21,22
1461888900,1266.21,24
1461888960,1266.31,24
1461889020,1266.18,10
1461889080,1266.11,6
1461889140,1266.28,6
1461889200,1266.28,4
1461889260,1266.35,18
1461889320,1266.21,12
1461889380,1266.01,10
1461889440,1265.81,14
1461889500,1266.01,10
1461889560,1266.14,12
1461889620,1266.19,20
1461889680,1266.18,26
1461889740,1266.19,16
1461889800,1266.41,24
1461889860,1266.83,20
1461889920,1266.65,36
1461889980,1266.61,34
1461890040,1266.61,6
1461890100,1266.51,16
1461890160,1266.31,38
1461890220,1266.45,28
1461890280,1266.31,16
1461890340,1266.65,32
1461890400,1266.60,48
1461890460,1266.65,10
1461890520,1267.15,40
1461890580,1266.91,38
1461890640,1266.91,30
1461890700,1267.41,88
1461890760,1267.65,44
1461890820,1267.91,30
1461890880,1267.61,42
1461890940,1267.39,52
1461891000,1267.41,114
1461891060,1267.61,22
1461891120,1267.55,32
1461891180,1267.81,22
1461891240,1267.45,84
1461891300,1267.39,82
1461891360,1267.35,60
1461891420,1267.11,56
1461891480,1267.11,12
1461891540,1267.51,24
1461891600,1268.21,160
1461891660,1267.41,182
1461891720,1267.49,184
1461891780,1267.71,124
1461891840,1268.01,80
1461891900,1268.21,74
1461891960,1268.01,80
1461892020,1268.10,96
1461892080,1268.25,72
1461892140,1269.01,68
1461892200,1268.60,88
1461892260,1268.89,74
1461892320,1269.00,154
1461892380,1268.91,118
1461892440,1269.10,120
1461892500,1269.10,222
1461892560,1268.91,238
1461892620,1268.60,178
1461892680,1268.64,182
1461892740,1268.60,106
1461892800,1268.49,142
1461892860,1267.99,154
1461892920,1268.01,142
1461892980,1267.81,84
1461893040,1268.20,128
1461893100,1268.40,120
1461893160,1268.59,108
1461893220,1271.39,248
1461893280,1272.39,218
1461893340,1272.79,252
1461893400,1274.79,308
1461893460,1275.08,224
1461893520,1274.34,142
1461893580,1274.99,168
1461893640,1274.79,184
1461893700,1274.60,130
1461893760,1274.19,84
1461893820,1274.19,110
1461893880,1274.55,126
1461893940,1274.08,148
1461894000,1273.74,144
1461894060,1273.53,172
1461894120,1273.48,152
1461894180,1273.59,108
1461894240,1274.28,124
1461894300,1275.99,178
1461894360,1275.58,208
1461894420,1275.39,114
1461894480,1275.17,102
1461894540,1275.08,78
1461894600,1275.63,84
1461894660,1275.42,122
1461894720,1275.81,152
1461894780,1274.98,100
1461894840,1274.78,82
1461894900,1274.38,104
1461894960,1274.18,56
1461895020,1274.17,86
1461895080,1274.16,102
1461895140,1273.96,82
1461895200,1274.17,64
1461895260,1274.17,32
1461895320,1274.26,54
1461895380,1273.86,60
1461895440,1274.06,16
1461895500,1274.36,50
1461895560,1273.95,84
1461895620,1274.13,62
1461895680,1274.25,66
1461895740,1274.06,26
1461895800,1274.13,52
1461895860,1274.39,70
1461895920,1274.19,46
1461895980,1274.08,32
1461896040,1273.85,64
1461896100,1274.01,48
1461896160,1273.80,40
1461896220,1273.74,32
1461896280,1274.24,74
1461896340,1274.15,48
1461896400,1274.24,46
1461896460,1273.98,76
1461896520,1273.95,32
1461896580,1273.98,26
1461896640,1274.00,52
1461896700,1273.70,56
1461896760,1273.44,64
1461896820,1273.85,48
1461896880,1273.98,48
1461896940,1273.58,32
1461897000,1273.93,42
1461897060,1273.85,30
1461897120,1273.95,32
1461897180,1274.23,36
1461897240,1274.64,98
1461897300,1274.99,118
1461897360,1274.73,80
1461897420,1274.72,32
1461897480,1274.63,48
1461897540,1274.89,70
1461897600,1275.43,138
1461897660,1275.86,52
1461897720,1276.78,138
1461897780,1277.04,162
1461897840,1277.13,180
1461897900,1277.33,68
1461897960,1279.28,210
1461898020,1278.83,154
1461898080,1278.52,130
1461898140,1278.57,58
1461898200,1278.87,68
1461898260,1278.41,118
1461898320,1277.82,126
1461898380,1278.29,100
1461898440,1279.59,88
1461898500,1279.14,174
1461898560,1279.78,174
1461898620,1279.56,152
1461898680,1279.63,86
1461898740,1278.80,150
1461898800,1278.49,132
1461898860,1278.62,80
1461898920,1277.95,124
1461898980,1276.80,266
1461899040,1277.01,230
1461899100,1276.88,62
1461899160,1276.79,68
1461899220,1274.78,176
1461899280,1275.43,94
1461899340,1275.25,132
1461899400,1275.89,56
1461899460,1276.48,92
1461899520,1276.05,58
1461899580,1275.90,40
1461899640,1276.35,72
1461899700,1276.10,66
1461899760,1276.28,30
1461899820,1275.98,36
1461899880,1276.15,20
1461899940,1275.82,24
1461900000,1275.95,40
1461900060,1276.10,20
1461900120,1276.68,66
1461900180,1276.18,40
1461900240,1276.18,28
1461900300,1275.99,28
1461900360,1276.08,38
1461900420,1276.18,58
1461900480,1276.18,38
1461900540,1276.28,58
1461900600,1276.09,44
1461900660,1276.03,44
1461900720,1275.70,24
1461900780,1275.78,24
1461900840,1275.84,42
1461900900,1275.57,40
1461900960,1275.51,64
1461901020,1275.14,66
1461901080,1274.96,50
1461901140,1275.12,46
1461901200,1275.10,22
1461901260,1274.64,22
1461901320,1274.73,36
1461901380,1274.78,36
1461901440,1275.04,10
1461901500,1274.97,28
1461901560,1274.94,44
1461901620,1274.93,14
1461901680,1274.84,10
1461901740,1274.79,14
1461901800,1274.78,12
1461901860,1275.00,56
1461901920,1274.64,20
1461901980,1274.80,26
1461902040,1274.98,12
1461902100,1274.70,26
1461902160,1274.44,40
1461902220,1274.60,34
1461902280,1274.65,14
1461902340,1274.58,40
1461902400,1274.65,70
1461902460,1274.85,118
1461902520,1275.24,126
1461902580,1275.06,84
1461902640,1275.12,70
1461902700,1275.41,122
1461902760,1275.55,128
1461902820,1275.43,170
1461902880,1275.45,182
1461902940,1275.43,118
1461903000,1275.33,98
1461903060,1274.98,44
1461903120,1275.38,82
1461903180,1275.55,134
1461903240,1276.18,118
1461903300,1276.45,84
1461903360,1276.69,92
1461903420,1276.98,50
1461903480,1276.61,38
1461903540,1276.52,20
1461903600,1276.60,36
1461903660,1276.30,48
1461903720,1275.74,54
1461903780,1275.78,24
1461903840,1275.70,40
1461903900,1275.65,36
1461903960,1275.69,2
1461904020,1275.81,14
1461904080,1275.79,14
1461904140,1275.69,22
1461904200,1275.50,40
1461904260,1275.40,14
1461904320,1275.01,50
1461904380,1275.19,20
1461904440,1275.00,16
1461904500,1275.05,44
1461904560,1275.29,42
1461904620,1275.09,28
1461904680,1275.35,30
1461904740,1275.55,20
1461904800,1275.49,10
1461904860,1275.70,46
1461904920,1275.98,46
1461904980,1275.85,38
1461905040,1275.98,10
1461905100,1275.73,38
1461905160,1275.98,40
1461905220,1276.22,76
1461905280,1276.03,72
1461905340,1275.75,64
1461905400,1275.50,82
1461905460,1275.16,94
1461905520,1275.02,100
1461905580,1275.02,60
1461905640,1275.03,34
1461905700,1275.03,12
1461905760,1275.05,38
1461905820,1275.15,8
1461905880,1275.29,20
1461905940,1275.35,56
1461906000,1275.25,106
1461906060,1275.55,32
1461906120,1276.00,42
1461906180,1275.98,42
1461906240,1275.42,60
1461906300,1275.61,96
1461906360,1275.63,52
1461906420,1275.73,32
1461906480,1275.62,48
1461906540,1275.82,66
1461906600,1275.68,56
1461906660,1275.30,28
1461906720,1275.34,50
1461906780,1275.45,30
1461906840,1275.54,60
1461906900,1275.72,66
1461906960,1275.70,10
1461907020,1275.78,64
1461907080,1275.71,20
1461907140,1275.76,26
1461907200,1275.77,54
1461907260,1275.98,82
1461907320,1276.26,160
1461907380,1276.14,158
1461907440,1276.11,144
1461907500,1276.10,100
1461907560,1275.97,50
1461907620,1276.02,54
1461907680,1275.93,90
1461907740,1275.82,62
1461907800,1276.45,134
1461907860,1276.98,172
1461907920,1276.47,224
1461907980,1276.46,130
1461908040,1276.15,124
1461908100,1276.15,154
1461908160,1275.44,212
1461908220,1275.37,190
1461908280,1275.40,166
1461908340,1275.92,128
1461908400,1275.44,80
1461908460,1276.08,120
1461908520,1275.87,134
1461908580,1275.67,104
1461908640,1275.34,102
1461908700,1275.42,74
1461908760,1275.56,88
1461908820,1275.80,140
1461908880,1275.64,132
1461908940,1275.45,68
1461909000,1275.85,146
1461909060,1275.79,180
1461909120,1275.84,112
1461909180,1275.73,84
1461909240,1275.26,178
1461909300,1275.18,246
1461909360,1275.36,212
1461909420,1274.98,126
1461909480,1274.78,86
1461909540,1274.82,202
1461909600,1274.97,136
1461909660,1274.82,46
1461909720,1275.14,138
1461909780,1275.28,110
1461909840,1275.23,128
1461909900,1274.84,76
1461909960,1275.15,180
1461910020,1275.00,186
1461910080,1274.89,190
1461910140,1274.63,180
1461910200,1273.76,240
1461910260,1274.18,280
1461910320,1272.23,166
1461910380,1272.84,162
1461910440,1272.81,38
1461910500,1272.84,48
1461910560,1272.73,62
1461910620,1273.40,58
1461910680,1273.70,160
1461910740,1273.84,220
1461910800,1273.57,210
1461910860,1273.22,270
1461910920,1272.48,212
1461910980,1272.55,226
1461911040,1272.74,226
1461911100,1272.74,172
1461911160,1272.07,192
1461911220,1271.19,340
1461911280,1271.84,148
1461911340,1271.83,110
1461911400,1272.16,84
1461911460,1272.24,190
1461911520,1272.76,110
1461911580,1272.48,128
1461911640,1272.07,168
1461911700,1272.38,148
1461911760,1272.12,106
1461911820,1271.86,66
1461911880,1271.54,42
1461911940,1271.74,20
1461912000,1272.04,48
1461912060,1272.05,76
1461912120,1271.98,58
1461912180,1272.03,74
1461912240,1271.32,110
1461912300,1271.70,64
1461912360,1272.01,118
1461912420,1271.46,116
1461912480,1271.47,54
1461912540,1272.14,102
1461912600,1272.71,172
1461912660,1272.75,180
1461912720,1273.54,234
1461912780,1274.13,130
1461912840,1273.65,140
1461912900,1273.81,116
1461912960,1273.76,64
1461913020,1273.98,54
1461913080,1274.07,74
1461913140,1274.26,106
1461913200,1274.11,198
1461913260,1275.15,196
1461913320,1274.50,236
1461913380,1274.95,184
1461913440,1274.08,180
1461913500,1274.17,92
1461913560,1274.48,160
1461913620,1274.46,226
1461913680,1274.61,180
1461913740,1274.25,110
1461913800,1274.45,94
1461913860,1274.67,124
1461913920,1274.70,154
1461913980,1274.70,154
1461914040,1274.66,138
1461914100,1274.30,102
1461914160,1274.65,102
1461914220,1274.74,74
1461914280,1275.49,130
1461914340,1275.54,154
1461914400,1275.59,238
1461914460,1275.75,126
1461914520,1276.76,284
1461914580,1277.34,304
1461914640,1277.23,92
1461914700,1277.24,234
1461914760,1277.15,136
1461914820,1277.11,44
1461914880,1276.51,166
1461914940,1276.86,244
1461915000,1277.45,304
1461915060,1277.59,172
1461915120,1277.50,12
1461915180,1276.59,110
1461915240,1276.75,66
1461915300,1276.45,74
1461915360,1276.25,64
1461915420,1275.35,138
1461915480,1275.28,94
1461915540,1275.42,56
1461915600,1275.51,66
1461915660,1274.59,140
1461915720,1275.15,80
1461915780,1275.49,82
1461915840,1275.27,120
1461915900,1275.78,88
1461915960,1275.90,34
1461916020,1276.25,52
1461916080,1276.25,28
1461916140,1276.39,34
1461916200,1276.05,44
1461916260,1275.85,22
1461916320,1275.85,44
1461916380,1275.69,24
1461916440,1276.05,44
1461916500,1275.75,60
1461916560,1275.99,52
1461916620,1276.45,60
1461916680,1276.47,34
1461916740,1277.11,42
1461916800,1277.25,28
1461916860,1277.04,110
1461916920,1276.72,144
1461916980,1276.71,172
1461917040,1276.94,148
1461917100,1277.81,248
1461917160,1278.60,276
1461917220,1278.43,112
1461917280,1278.13,40
1461917340,1278.82,60
1461917400,1278.41,176
1461917460,1278.72,222
1461917520,1278.80,116
1461917580,1278.74,92
1461917640,1279.37,196
1461917700,1278.56,166
1461917760,1278.57,130
1461917820,1278.03,162
1461917880,1277.28,214
1461917940,1276.79,186
1461918000,1276.08,226
1461918060,1276.32,46
1461918120,1276.17,80
1461918180,1275.63,140
1461918240,1275.38,124
1461918300,1275.10,92
1461918360,1275.01,94
1461918420,1274.95,164
1461918480,1275.02,134
1461918540,1275.04,184
1461918600,1275.18,102
1461918660,1275.28,42
1461918720,1275.83,44
1461918780,1276.33,64
1461918840,1275.93,42
1461918900,1276.14,74
1461918960,1276.63,44
1461919020,1276.93,46
1461919080,1276.34,32
1461919140,1275.70,62
1461919200,1275.84,20
1461919260,1276.06,62
1461919320,1276.20,70
1461919380,1275.86,38
1461919440,1275.97,48
1461919500,1275.14,90
1461919560,1275.44,58
1461919620,1275.84,20
1461919680,1276.08,62
1461919740,1276.38,32
1461919800,1276.54,30
1461919860,1276.34,30
1461919920,1276.04,46
1461919980,1276.49,56
1461920040,1276.94,32
1461920100,1277.10,158
1461920160,1277.07,62
1461920220,1276.57,104
1461920280,1275.96,86
1461920340,1275.65,64
1461920400,1275.99,74
1461920460,1275.86,54
1461920520,1275.99,36
1461920580,1276.34,38
1461920640,1276.34,24
1461920700,1276.19,72
1461920760,1276.07,60
1461920820,1275.64,80
1461920880,1275.74,56
1461920940,1275.59,24
1461921000,1275.39,50
1461921060,1275.58,56
1461921120,1275.49,44
1461921180,1274.89,62
1461921240,1274.99,122
1461921300,1274.69,106
1461921360,1274.84,190
1461921420,1274.96,28
1461921480,1275.10,32
1461921540,1275.44,34
1461921600,1275.74,82
1461921660,1275.94,68
1461921720,1275.82,42
1461921780,1275.62,82
1461921840,1275.38,84
1461921900,1275.28,116
1461921960,1275.18,56
1461922020,1274.94,44
1461922080,1275.24,52
1461922140,1274.94,40
1461922200,1274.72,142
1461922260,1274.60,224
1461922320,1274.77,212
1461922380,1274.58,82
1461922440,1274.61,58
1461922500,1274.09,94
1461922560,1274.12,88
1461922620,1274.44,68
1461922680,1274.64,46
1461922740,1274.58,42
1461922800,1274.74,52
1461922860,1274.86,48
1461922920,1274.87,48
1461922980,1275.04,18
1461923040,1275.08,46
1461923100,1274.58,42
1461923160,1274.84,40
1461923220,1275.18,38
1461923280,1275.34,34
1461923340,1275.00,46
1461923400,1275.00,88
1461923460,1275.28,48
1461923520,1275.28,36
1461923580,1275.34,50
1461923640,1275.44,44
1461923700,1275.34,38
1461923760,1275.58,28
1461923820,1275.94,58
1461923880,1276.14,44
1461923940,1276.04,56
1461924000,1275.73,62
1461924060,1275.97,32
1461924120,1276.44,68
1461924180,1276.34,36
1461924240,1275.88,38
1461924300,1276.14,18
1461924360,1276.28,34
1461924420,1276.50,36
1461924480,1277.24,80
1461924540,1276.80,144
1461924600,1277.02,138
1461924660,1277.34,54
1461924720,1277.37,90
1461924780,1276.68,64
1461924840,1276.14,132
1461924900,1276.54,62
1461924960,1276.70,32
1461925020,1276.60,92
1461925080,1276.32,156
1461925140,1276.72,196
1461925200,1276.80,140
1461925260,1276.78,54
1461925320,1276.94,32
1461925380,1276.74,34
1461925440,1277.28,28
1461925500,1277.34,46
1461925560,1277.44,26
1461925620,1277.44,28
1461925680,1277.58,40
1461925740,1277.64,32
1461925800,1277.58,62
1461925860,1277.74,96
1461925920,1277.48,124
1461925980,1277.74,102
1461926040,1277.94,38
1461926100,1278.39,22
1461926160,1278.01,190
1461926220,1278.15,208
1461926280,1277.93,142
1461926340,1277.93,144
1461926400,1277.86,100
1461926460,1278.00,176
1461926520,1277.86,174
1461926580,1278.18,184
1461926640,1278.25,146
1461926700,1278.08,120
1461926760,1278.24,128
1461926820,1278.13,108
1461926880,1278.18,32
1461926940,1277.94,42
1461927000,1277.78,80
1461927060,1277.67,44
1461927120,1277.39,120
1461927180,1277.14,90
1461927240,1277.22,126
1461927300,1277.58,66
1461927360,1278.14,26
1461927420,1278.44,46
1461927480,1278.48,34
1461927540,1278.40,54
1461927600,1278.87,114
1461927660,1278.74,250
1461927720,1278.69,224
1461927780,1278.94,178
1461927840,1278.98,64
1461927900,1279.70,98
1461927960,1279.45,220
1461928020,1279.42,168
1461928080,1279.29,158
1461928140,1279.41,222
1461928200,1279.51,220
1461928260,1279.45,104
1461928320,1279.35,46
1461928380,1280.04,170
1461928440,1279.80,218
1461928500,1280.49,192
1461928560,1280.17,254
1461928620,1280.14,180
1461928680,1280.16,84
1461928740,1279.51,90
1461928800,1280.17,108
1461928860,1280.11,202
1461928920,1279.94,218
1461928980,1279.18,174
1461929040,1279.17,234
1461929100,1278.96,202
1461929160,1278.63,214
1461929220,1278.42,144
1461929280,1278.33,144
1461929340,1277.96,188
1461929400,1277.77,130
1461929460,1278.11,78
1461929520,1277.71,64
1461929580,1276.80,160
1461929640,1276.35,314
1461929700,1276.61,278
1461929760,1276.52,130
1461929820,1276.45,80
1461929880,1275.52,160
1461929940,1275.34,194
1461930000,1275.85,110
1461930060,1275.69,162
1461930120,1275.35,164
1461930180,1275.29,176
1461930240,1275.61,176
1461930300,1275.67,98
1461930360,1275.36,268
1461930420,1275.35,266
1461930480,1275.01,184
1461930540,1275.15,214
1461930600,1275.41,198
1461930660,1275.71,190
1461930720,1275.67,228
1461930780,1275.75,230
1461930840,1276.21,220
1461930900,1276.35,170
1461930960,1276.93,282
1461931020,1277.40,358
1461931080,1277.45,194
1461931140,1277.33,202
1461931200,1276.91,260
1461931260,1277.04,120
1461931320,1276.91,232
1461931380,1276.31,184
1461931440,1276.23,210
1461931500,1276.11,118
1461931560,1276.11,58
1461931620,1275.91,146
1461931680,1275.41,120
1461931740,1275.25,182
1461931800,1275.61,126
1461931860,1275.31,200
1461931920,1275.33,160
1461931980,1275.57,224
1461932040,1275.11,228
1461932100,1274.21,294
1461932160,1274.56,254
1461932220,1275.07,254
1461932280,1275.47,186
1461932340,1275.65,180
1461932400,1276.51,258
1461932460,1276.25,236
1461932520,1275.96,78
1461932580,1276.51,164
1461932640,1276.26,156
1461932700,1277.02,190
1461932760,1276.99,184
1461932820,1276.71,196
1461932880,1276.52,202
1461932940,1276.29,166
1461933000,1277.55,332
1461933060,1275.69,446
1461933120,1276.35,350
1461933180,1276.44,342
1461933240,1277.11,258
1461933300,1277.63,326
1461933360,1278.32,360
1461933420,1278.96,312
1461933480,1279.22,388
1461933540,1279.21,404
1461933600,1278.83,336
1461933660,1278.33,354
1461933720,1277.80,276
1461933780,1278.41,126
1461933840,1278.08,210
1461933900,1277.70,288
1461933960,1277.34,264
1461934020,1276.95,162
1461934080,1277.23,196
1461934140,1277.41,226
1461934200,1277.31,260
1461934260,1277.47,196
1461934320,1277.75,232
1461934380,1278.11,190
1461934440,1277.41,92
1461934500,1277.21,70
1461934560,1277.75,94
1461934620,1277.72,112
1461934680,1277.61,86
1461934740,1278.11,86
1461934800,1278.02,68
1461934860,1277.81,66
1461934920,1278.01,100
1461934980,1278.41,200
1461935040,1278.11,254
1461935100,1278.51,228
1461935160,1278.72,168
1461935220,1279.82,312
1461935280,1279.71,268
1461935340,1281.27,322
1461935400,1280.09,416
1461935460,1280.15,382
1461935520,1279.57,320
1461935580,1279.75,294
1461935640,1279.72,210
1461935700,1279.50,276
1461935760,1278.91,314
1461935820,1279.46,260
1461935880,1279.55,302
1461935940,1280.39,232
1461936000,1280.92,254
1461936060,1281.02,248
1461936120,1281.18,308
1461936180,1280.94,262
1461936240,1280.82,262
1461936300,1281.15,236
1461936360,1281.21,222
1461936420,1280.87,188
1461936480,1280.90,206
1461936540,1281.20,130
1461936600,1280.41,254
1461936660,1280.43,234
1461936720,1281.65,298
1461936780,1282.70,314
1461936840,1282.65,214
1461936900,1282.35,176
1461936960,1282.58,118
1461937020,1282.27,290
1461937080,1281.71,268
1461937140,1282.03,150
1461937200,1282.34,216
1461937260,1282.24,136
1461937320,1282.71,238
1461937380,1283.13,228
1461937440,1283.07,354
1461937500,1283.44,196
1461937560,1284.27,274
1461937620,1284.65,302
1461937680,1284.80,204
1461937740,1285.76,222
1461937800,1286.11,312
1461937860,1286.21,314
1461937920,1285.48,214
1461937980,1284.93,308
1461938040,1284.41,250
1461938100,1284.01,246
1461938160,1282.58,194
1461938220,1283.62,262
1461938280,1283.35,234
1461938340,1283.18,202
1461938400,1284.68,316
1461938460,1284.76,348
1461938520,1285.04,256
1461938580,1284.80,214
1461938640,1284.60,260
1461938700,1284.69,322
1461938760,1284.90,246
1461938820,1285.99,302
1461938880,1285.90,244
1461938940,1284.73,240
1461939000,1284.48,216
1461939060,1283.61,230
1461939120,1283.82,200
1461939180,1283.78,178
1461939240,1283.99,140
1461939300,1283.88,138
1461939360,1283.88,88
1461939420,1284.37,96
1461939480,1284.74,166
1461939540,1285.48,88
1461939600,1285.38,140
1461939660,1285.30,120
1461939720,1285.28,84
1461939780,1284.88,92
1461939840,1285.08,134
1461939900,1285.28,68
1461939960,1285.56,226
1461940020,1285.78,114
1461940080,1284.90,214
1461940140,1285.43,198
1461940200,1285.93,122
1461940260,1285.12,170
1461940320,1285.44,198
1461940380,1286.01,236
1461940440,1285.95,168
1461940500,1285.92,212
1461940560,1285.80,156
1461940620,1286.24,114
1461940680,1286.40,174
1461940740,1287.59,162
1461940800,1287.14,110
1461940860,1287.51,160
1461940920,1286.87,192
1461940980,1287.63,230
1461941040,1286.99,178
1461941100,1286.80,148
1461941160,1286.84,152
1461941220,1287.35,128
1461941280,1288.05,220
1461941340,1288.65,214
1461941400,1289.72,354
1461941460,1289.12,230
1461941520,1289.81,262
1461941580,1289.95,156
1461941640,1290.32,200
1461941700,1289.93,206
1461941760,1290.72,196
1461941820,1290.02,254
1461941880,1290.36,306
1461941940,1289.82,204
1461942000,1290.11,188
1461942060,1289.67,288
1461942120,1288.68,174
1461942180,1288.91,142
1461942240,1288.76,128
1461942300,1288.21,164
1461942360,1288.68,106
1461942420,1289.18,76
1461942480,1289.27,78
1461942540,1289.68,142
1461942600,1291.39,158
1461942660,1292.13,166
1461942720,1292.20,162
1461942780,1291.90,122
1461942840,1292.18,98
1461942900,1292.84,194
1461942960,1294.03,332
1461943020,1295.28,162
1461943080,1295.38,178
1461943140,1294.99,232
1461943200,1295.57,218
1461943260,1295.47,258
1461943320,1295.97,186
1461943380,1296.03,152
1461943440,1295.70,148
1461943500,1295.38,162
1461943560,1295.38,142
1461943620,1294.08,122
1461943680,1294.23,182
1461943740,1293.38,202
1461943800,1294.02,212
1461943860,1294.03,186
1461943920,1294.76,120
1461943980,1294.68,124
1461944040,1294.47,128
1461944100,1294.56,56
1461944160,1294.56,70
1461944220,1293.76,178
1461944280,1293.36,118
1461944340,1292.85,166
1461944400,1292.11,214
1461944460,1292.46,92
1461944520,1291.96,100
1461944580,1292.46,80
1461944640,1293.06,66
1461944700,1293.11,134
1461944760,1293.41,130
1461944820,1293.15,144
1461944880,1292.36,96
1461944940,1292.86,86
1461945000,1292.82,72
1461945060,1292.52,104
1461945120,1290.99,158
1461945180,1291.01,128
1461945240,1291.12,160
1461945300,1290.49,214
1461945360,1291.31,218
1461945420,1291.72,190
1461945480,1291.99,166
1461945540,1291.67,122
1461945600,1291.74,184
1461945660,1291.28,128
1461945720,1290.99,112
1461945780,1290.57,252
1461945840,1289.62,216
1461945900,1289.89,148
1461945960,1290.30,202
1461946020,1289.86,174
1461946080,1290.13,172
1461946140,1290.34,106
1461946200,1290.34,130
1461946260,1290.45,114
1461946320,1290.10,130
1461946380,1289.99,72
1461946440,1290.54,110
1461946500,1291.06,78
1461946560,1291.24,166
1461946620,1291.49,184
1461946680,1291.51,148
1461946740,1290.77,144
1461946800,1290.80,134
1461946860,1291.08,102
1461946920,1291.54,120
1461946980,1291.64,104
1461947040,1291.71,66
1461947100,1291.99,86
1461947160,1292.27,80
1461947220,1292.18,128
1461947280,1291.66,176
1461947340,1292.07,108
1461947400,1292.05,78
1461947460,1292.36,82
1461947520,1292.74,88
1461947580,1292.72,190
1461947640,1292.99,112
1461947700,1293.67,136
1461947760,1293.87,110
1461947820,1293.12,120
1461947880,1292.62,88
1461947940,1292.05,80
1461948000,1291.99,94
1461948060,1291.80,94
1461948120,1291.90,70
1461948180,1291.76,82
1461948240,1291.70,166
1461948300,1291.25,160
1461948360,1291.06,136
1461948420,1290.93,122
1461948480,1290.90,64
1461948540,1290.99,102
1461948600,1291.19,110
1461948660,1291.51,112
1461948720,1291.84,138
1461948780,1292.27,92
1461948840,1292.65,142
1461948900,1291.68,116
1461948960,1290.59,202
1461949020,1290.99,152
1461949080,1290.76,106
1461949140,1291.14,78
1461949200,1290.40,110
1461949260,1291.08,206
1461949320,1291.51,84
1461949380,1291.48,130
1461949440,1291.33,92
1461949500,1291.47,82
1461949560,1290.75,96
1461949620,1290.81,72
1461949680,1291.14,70
1461949740,1290.42,104
1461949800,1290.31,178
1461949860,1290.71,98
1461949920,1290.73,62
1461949980,1291.02,70
1461950040,1290.23,88
1461950100,1290.03,114
1461950160,1290.25,154
1461950220,1290.13,68
1461950280,1290.33,74
1461950340,1290.12,38
1461950400,1290.42,114
1461950460,1289.16,124
1461950520,1288.72,152
1461950580,1288.72,142
1461950640,1289.24,202
1461950700,1288.92,132
1461950760,1288.70,158
1461950820,1288.42,146
1461950880,1288.50,170
1461950940,1288.65,294
1461951000,1288.70,138
1461951060,1288.69,132
1461951120,1288.53,56
1461951180,1288.64,78
1461951240,1288.85,100
1461951300,1289.79,156
1461951360,1289.48,92
1461951420,1290.13,86
1461951480,1289.86,130
1461951540,1289.98,68
1461951600,1290.18,40
1461951660,1290.30,70
1461951720,1289.73,98
1461951780,1290.35,76
1461951840,1290.29,60
1461951900,1289.96,76
1461951960,1290.63,82
1461952020,1290.94,48
1461952080,1290.75,86
1461952140,1290.82,114
1461952200,1290.84,44
1461952260,1291.01,70
1461952320,1291.25,108
1461952380,1290.69,32
1461952440,1290.21,80
1461952500,1290.51,58
1461952560,1290.61,44
1461952620,1290.72,32
1461952680,1290.61,62
1461952740,1290.61,86
1461952800,1290.49,92
1461952860,1290.11,58
1461952920,1290.65,68
1461952980,1290.74,24
1461953040,1290.84,42
1461953100,1291.34,58
1461953160,1291.85,64
1461953220,1291.70,58
1461953280,1291.70,14
1461953340,1291.22,38
1461953400,1291.80,48
1461953460,1291.90,16
1461953520,1291.62,12
1461953580,1291.48,58
1461953640,1291.23,54
1461953700,1291.43,52
1461953760,1291.48,28
1461953820,1291.42,78
1461953880,1290.88,48
1461953940,1290.78,34
1461954000,1291.18,38
1461954060,1291.58,96
1461954120,1291.48,72
1461954180,1291.28,32
1461954240,1291.18,40
1461954300,1291.48,36
1461954360,1290.98,50
1461954420,1290.68,52
1461954480,1290.98,32
1461954540,1290.68,52
1461954600,1290.38,38
1461954660,1290.15,48
1461954720,1290.27,92
1461954780,1290.13,32
1461954840,1289.76,30
1461954900,1289.97,52
1461954960,1290.36,40
1461955020,1290.00,18
1461955080,1290.06,22
1461955140,1290.41,22
1461955200,1290.36,32
1461955260,1290.36,40
1461955320,1290.36,26
1461955380,1290.23,22
1461955440,1290.33,14
1461955500,1290.20,46
1461955560,1290.16,40
1461955620,1289.96,32
1461955680,1289.96,20
1461955740,1290.17,30
1461955800,1290.56,36
1461955860,1290.66,40
1461955920,1290.20,48
1461955980,1289.93,34
1461956040,1290.26,48
1461956100,1290.44,42
1461956160,1290.71,54
1461956220,1290.69,32
1461956280,1290.75,48
1461956340,1291.13,94
1461956400,1291.38,104
1461956460,1291.36,100
1461956520,1291.61,58
1461956580,1291.89,50
1461956640,1291.97,54
1461956700,1292.25,64
1461956760,1292.55,44
1461956820,1292.25,20
1461956880,1291.95,34
1461956940,1292.09,32
1461957000,1292.15,24
1461957060,1292.25,26
1461957120,1292.01,44
1461957180,1291.75,26
1461957240,1292.05,30
1461957300,1292.38,66
1461957360,1292.45,60
1461957420,1292.41,34
1461957480,1292.67,40
1461957540,1293.05,60
1461957600,1292.86,20
1461957660,1293.03,12
1461957720,1293.15,24
1461957780,1293.05,8
1461957840,1292.62,26
1461957900,1292.92,16
1461957960,1293.26,22
1461958020,1293.16,18
1461958080,1293.56,70
1461958140,1293.66,60
1461958200,1293.66,30
1461958260,1293.76,18
1461958320,1293.71,32
1461958380,1293.66,16
1461958440,1293.46,20
1461958500,1293.76,22
1461958560,1293.76,20
1461958620,1293.35,20
1461958680,1293.15,22
1461958740,1293.06,74
1461958800,1292.71,54
1461958860,1292.25,60
1461958920,1292.25,36
1461958980,1291.86,80
1461959040,1292.01,46
1461959100,1291.93,30
1461959160,1292.13,72
1461959220,1292.32,56
1461959280,1292.35,50
1461959340,1292.25,34
1461959400,1291.95,38
1461959460,1292.01,34
1461959520,1292.34,64
1461959580,1292.32,90
1461959640,1292.16,62
1461959700,1292.45,54
1461959760,1292.35,38
1461959820,1292.99,60
1461959880,1292.76,88
1461959940,1293.01,106
1461960000,1292.76,92
1461960060,1292.85,54
1461960120,1292.66,42
1461960180,1292.77,60
1461960240,1293.27,60
1461960300,1293.27,56
1461960360,1293.90,112
1461960420,1294.27,16
1461960480,1294.26,24
1461960540,1294.20,30
1461960600,1294.30,32
1461960660,1294.36,40
1461960720,1294.37,14
1461960780,1294.33,20
1461960840,1293.92,68
1461960900,1293.95,72
1461960960,1294.20,34
1461961020,1294.40,30
1461961080,1294.36,14
1461961140,1294.38,32
1461961200,1294.05,22
1461961260,1294.38,26
1461961320,1294.26,16
1461961380,1294.16,18
1461961440,1294.66,22
1461961500,1294.55,28
1461961560,1294.55,16
1461961620,1294.75,8
1461961680,1294.51,10
1461961740,1294.65,10
1461961800,1294.62,24
1461961860,1294.66,26
1461961920,1294.85,34
1461961980,1294.56,16
1461962040,1294.63,12
1461962100,1294.47,18
1461962160,1294.48,34
1461962220,1294.28,32
1461962280,1294.25,40
1461962340,1294.14,20
1461962400,1294.09,4
1461962460,1294.06,6
1461962520,1294.16,20
1461962580,1294.07,34
1461962640,1293.99,62
1461962700,1293.90,32
1461962760,1294.29,34
1461962820,1294.18,16
1461962880,1294.02,18
1461962940,1293.99,62
1461963000,1293.85,70
1461963060,1293.85,24
1461963120,1293.66,34
1461963180,1293.81,28
1461963240,1293.81,28
1461963300,1293.54,56
1461963360,1293.35,26
1461963420,1293.43,22
1461963480,1293.06,46
