timestamp_utc,close,tick_volume
1617235200,1707.79,181
1617235260,1707.62,107
1617235320,1706.91,141
1617235380,1706.67,112
1617235440,1706.87,111
1617235500,1706.73,112
1617235560,1706.38,139
1617235620,1706.68,127
1617235680,1706.69,124
1617235740,1706.87,88
1617235800,1706.60,98
1617235860,1706.69,143
1617235920,1706.46,119
1617235980,1706.73,112
1617236040,1706.95,139
1617236100,1707.25,209
1617236160,1707.21,93
1617236220,1707.18,81
1617236280,1707.33,57
1617236340,1707.29,71
1617236400,1706.69,79
1617236460,1706.42,98
1617236520,1706.11,117
1617236580,1706.69,226
1617236640,1706.79,151
1617236700,1706.63,124
1617236760,1706.38,89
1617236820,1706.83,112
1617236880,1706.61,130
1617236940,1706.61,120
1617237000,1706.69,71
1617237060,1706.63,120
1617237120,1706.93,138
1617237180,1707.32,158
1617237240,1707.49,77
1617237300,1707.45,118
1617237360,1707.18,124
1617237420,1707.39,74
1617237480,1707.45,102
1617237540,1707.63,67
1617237600,1707.34,158
1617237660,1707.20,189
1617237720,1706.95,167
1617237780,1706.56,131
1617237840,1706.47,112
1617237900,1706.14,152
1617237960,1706.27,93
1617238020,1705.94,74
1617238080,1706.02,102
1617238140,1706.84,121
1617238200,1706.54,109
1617238260,1706.78,109
1617238320,1706.80,172
1617238380,1706.62,197
1617238440,1706.37,275
1617238500,1706.60,238
1617238560,1706.61,221
1617238620,1706.69,132
1617238680,1706.79,61
1617238740,1706.92,78
1617238800,1707.23,326
1617238860,1706.92,223
1617238920,1705.97,179
1617238980,1706.15,195
1617239040,1706.08,219
1617239100,1706.51,228
1617239160,1707.04,180
1617239220,1706.49,238
1617239280,1706.27,188
1617239340,1706.08,212
1617239400,1706.05,202
1617239460,1705.93,156
1617239520,1706.36,87
1617239580,1706.27,129
1617239640,1706.44,120
1617239700,1706.66,169
1617239760,1706.83,177
1617239820,1706.92,67
1617239880,1706.86,144
1617239940,1707.06,126
1617240000,1707.30,104
1617240060,1707.41,100
1617240120,1707.68,113
1617240180,1707.67,141
1617240240,1707.73,105
1617240300,1707.54,139
1617240360,1707.72,147
1617240420,1707.76,97
1617240480,1708.14,197
1617240540,1708.20,117
1617240600,1708.06,228
1617240660,1708.33,176
1617240720,1708.39,200
1617240780,1708.74,170
1617240840,1708.68,148
1617240900,1708.24,181
1617240960,1707.62,203
1617241020,1707.91,191
1617241080,1707.80,202
1617241140,1707.94,169
1617241200,1708.27,139
1617241260,1708.54,251
1617241320,1709.08,265
1617241380,1708.80,132
1617241440,1709.06,111
1617241500,1708.97,203
1617241560,1709.18,120
1617241620,1708.95,164
1617241680,1708.41,211
1617241740,1708.13,153
1617241800,1708.47,193
1617241860,1708.60,137
1617241920,1708.48,168
1617241980,1709.19,156
1617242040,1709.64,228
1617242100,1710.53,237
1617242160,1710.33,185
1617242220,1710.37,186
1617242280,1710.57,147
1617242340,1710.66,87
1617242400,1710.84,205
1617242460,1711.12,201
1617242520,1711.10,184
1617242580,1711.18,205
1617242640,1711.70,157
1617242700,1711.73,182
1617242760,1711.31,178
1617242820,1710.41,156
1617242880,1710.52,131
1617242940,1710.29,159
1617243000,1710.59,154
1617243060,1710.50,162
1617243120,1710.60,179
1617243180,1710.03,181
1617243240,1710.26,179
1617243300,1710.22,93
1617243360,1709.80,81
1617243420,1709.87,59
1617243480,1709.85,63
1617243540,1709.77,119
1617243600,1710.04,84
1617243660,1709.97,66
1617243720,1709.89,51
1617243780,1709.73,69
1617243840,1709.94,117
1617243900,1709.95,79
1617243960,1709.88,93
1617244020,1709.76,56
1617244080,1709.52,52
1617244140,1709.34,72
1617244200,1709.89,168
1617244260,1709.48,123
1617244320,1710.25,149
1617244380,1709.70,155
1617244440,1710.19,158
1617244500,1710.45,147
1617244560,1710.28,178
1617244620,1710.28,165
1617244680,1709.94,147
1617244740,1710.29,125
1617244800,1710.28,160
1617244860,1710.16,143
1617244920,1710.37,153
1617244980,1710.09,116
1617245040,1710.36,152
1617245100,1710.55,126
1617245160,1710.56,133
1617245220,1710.63,89
1617245280,1710.69,111
1617245340,1710.98,135
1617245400,1711.18,172
1617245460,1710.77,141
1617245520,1710.86,166
1617245580,1710.92,119
1617245640,1710.85,128
1617245700,1710.65,132
1617245760,1710.59,114
1617245820,1711.14,128
1617245880,1711.35,130
1617245940,1712.07,219
1617246000,1712.54,241
1617246060,1712.34,228
1617246120,1712.39,187
1617246180,1713.16,235
1617246240,1712.98,162
1617246300,1712.87,119
1617246360,1713.47,143
1617246420,1713.40,163
1617246480,1713.14,123
1617246540,1712.96,83
1617246600,1713.20,124
1617246660,1713.04,97
1617246720,1713.40,106
1617246780,1713.74,129
1617246840,1713.13,194
1617246900,1713.06,162
1617246960,1712.62,154
1617247020,1712.43,123
1617247080,1713.28,109
1617247140,1713.46,120
1617247200,1713.26,115
1617247260,1713.23,118
1617247320,1713.15,90
1617247380,1713.38,93
1617247440,1713.64,138
1617247500,1713.40,119
1617247560,1713.40,90
1617247620,1713.54,106
1617247680,1713.43,107
1617247740,1713.53,125
1617247800,1713.45,66
1617247860,1713.35,75
1617247920,1713.17,78
1617247980,1713.28,91
1617248040,1713.20,68
1617248100,1713.40,108
1617248160,1713.75,102
1617248220,1713.71,100
1617248280,1713.30,87
1617248340,1713.22,117
1617248400,1713.18,60
1617248460,1713.08,82
1617248520,1712.94,102
1617248580,1713.36,81
1617248640,1713.24,82
1617248700,1713.07,93
1617248760,1713.49,89
1617248820,1713.73,86
1617248880,1713.46,92
1617248940,1713.43,40
1617249000,1713.39,39
1617249060,1713.47,32
1617249120,1713.57,52
1617249180,1713.59,67
1617249240,1713.38,68
1617249300,1712.99,128
1617249360,1712.93,76
1617249420,1712.91,75
1617249480,1712.74,82
1617249540,1712.82,52
1617249600,1713.13,142
1617249660,1713.06,79
1617249720,1712.85,55
1617249780,1712.64,79
1617249840,1712.58,70
1617249900,1712.65,176
1617249960,1712.40,81
1617250020,1712.48,103
1617250080,1712.61,66
1617250140,1712.66,35
1617250200,1712.49,64
1617250260,1712.36,68
1617250320,1712.35,52
1617250380,1712.28,82
1617250440,1712.03,73
1617250500,1711.97,60
1617250560,1711.78,107
1617250620,1711.77,77
1617250680,1711.81,104
1617250740,1711.80,81
1617250800,1711.70,86
1617250860,1711.61,75
1617250920,1711.60,46
1617250980,1711.68,42
1617251040,1711.84,66
1617251100,1711.86,36
1617251160,1712.26,94
1617251220,1712.13,79
1617251280,1712.17,79
1617251340,1712.09,61
1617251400,1711.70,78
1617251460,1711.61,82
1617251520,1711.75,54
1617251580,1711.53,60
1617251640,1711.50,56
1617251700,1711.48,110
1617251760,1711.71,105
1617251820,1711.87,69
1617251880,1711.84,65
1617251940,1711.72,74
1617252000,1711.47,61
1617252060,1711.63,48
1617252120,1711.47,63
1617252180,1711.44,85
1617252240,1711.45,79
1617252300,1711.44,59
1617252360,1711.54,80
1617252420,1711.54,52
1617252480,1711.22,170
1617252540,1711.13,150
1617252600,1710.96,153
1617252660,1710.99,138
1617252720,1711.20,118
1617252780,1711.33,97
1617252840,1711.19,79
1617252900,1711.34,89
1617252960,1710.88,102
1617253020,1711.36,116
1617253080,1710.96,128
1617253140,1711.25,163
1617253200,1711.06,162
1617253260,1711.29,144
1617253320,1711.00,75
1617253380,1711.17,80
1617253440,1711.10,58
1617253500,1711.09,72
1617253560,1710.60,89
1617253620,1710.45,128
1617253680,1710.68,125
1617253740,1711.32,116
1617253800,1711.49,127
1617253860,1711.76,97
1617253920,1712.33,109
1617253980,1711.99,111
1617254040,1711.22,124
1617254100,1710.88,165
1617254160,1711.63,153
1617254220,1711.77,112
1617254280,1711.77,101
1617254340,1711.49,73
1617254400,1711.71,81
1617254460,1711.89,106
1617254520,1711.78,67
1617254580,1711.72,69
1617254640,1711.78,68
1617254700,1711.91,95
1617254760,1711.42,107
1617254820,1711.85,84
1617254880,1712.26,138
1617254940,1711.81,126
1617255000,1710.55,333
1617255060,1711.06,162
1617255120,1712.22,176
1617255180,1712.43,139
1617255240,1712.62,169
1617255300,1712.59,159
1617255360,1712.91,163
1617255420,1713.40,228
1617255480,1714.18,230
1617255540,1714.05,211
1617255600,1713.99,149
1617255660,1714.10,181
1617255720,1714.60,171
1617255780,1714.24,196
1617255840,1714.64,247
1617255900,1714.78,236
1617255960,1714.86,170
1617256020,1714.71,154
1617256080,1714.38,133
1617256140,1714.63,137
1617256200,1714.75,132
1617256260,1714.55,131
1617256320,1714.52,140
1617256380,1714.28,66
1617256440,1714.52,134
1617256500,1714.27,148
1617256560,1714.35,153
1617256620,1714.56,154
1617256680,1714.71,126
1617256740,1714.57,114
1617256800,1714.29,168
1617256860,1713.82,184
1617256920,1713.71,189
1617256980,1713.84,179
1617257040,1713.02,201
1617257100,1713.50,196
1617257160,1713.85,191
1617257220,1713.54,169
1617257280,1713.94,176
1617257340,1713.65,184
1617257400,1712.97,241
1617257460,1712.59,187
1617257520,1712.72,189
1617257580,1712.37,179
1617257640,1712.06,220
1617257700,1712.22,219
1617257760,1712.39,129
1617257820,1712.43,148
1617257880,1712.10,186
1617257940,1711.98,149
1617258000,1712.02,175
1617258060,1712.52,182
1617258120,1712.79,158
1617258180,1713.41,110
1617258240,1712.93,236
1617258300,1712.95,161
1617258360,1713.09,152
1617258420,1712.94,162
1617258480,1712.78,120
1617258540,1712.68,115
1617258600,1712.85,131
1617258660,1713.11,145
1617258720,1714.17,156
1617258780,1713.90,151
1617258840,1713.89,123
1617258900,1713.97,132
1617258960,1714.06,196
1617259020,1713.77,156
1617259080,1713.97,126
1617259140,1714.34,138
1617259200,1715.46,311
1617259260,1716.32,272
1617259320,1716.88,272
1617259380,1716.57,218
1617259440,1717.21,223
1617259500,1717.12,318
1617259560,1717.16,221
1617259620,1717.53,177
1617259680,1717.36,186
1617259740,1717.36,136
1617259800,1717.10,133
1617259860,1715.66,226
1617259920,1716.34,188
1617259980,1716.08,186
1617260040,1715.38,242
1617260100,1715.49,246
1617260160,1715.02,170
1617260220,1714.89,180
1617260280,1715.36,197
1617260340,1715.37,186
1617260400,1715.63,253
1617260460,1715.25,176
1617260520,1715.23,187
1617260580,1715.45,173
1617260640,1715.42,133
1617260700,1715.87,226
1617260760,1715.16,189
1617260820,1715.48,224
1617260880,1715.31,135
1617260940,1715.23,183
1617261000,1715.99,259
1617261060,1717.17,258
1617261120,1717.79,280
1617261180,1717.86,216
1617261240,1718.35,258
1617261300,1717.45,273
1617261360,1717.47,255
1617261420,1717.56,215
1617261480,1717.58,147
1617261540,1718.09,175
1617261600,1718.32,217
1617261660,1718.51,198
1617261720,1717.76,197
1617261780,1717.63,230
1617261840,1718.27,266
1617261900,1718.13,284
1617261960,1717.99,210
1617262020,1719.16,284
1617262080,1718.74,257
1617262140,1718.11,217
1617262200,1718.46,218
1617262260,1717.84,242
1617262320,1718.02,212
1617262380,1717.81,180
1617262440,1718.27,168
1617262500,1718.06,172
1617262560,1717.82,173
1617262620,1717.77,188
1617262680,1718.07,159
1617262740,1717.65,152
1617262800,1718.43,172
1617262860,1718.16,207
1617262920,1718.68,190
1617262980,1718.45,174
1617263040,1717.87,201
1617263100,1718.38,207
1617263160,1717.91,196
1617263220,1718.08,184
1617263280,1718.24,187
1617263340,1718.47,107
1617263400,1718.46,136
1617263460,1718.35,152
1617263520,1718.11,205
1617263580,1718.29,150
1617263640,1718.86,144
1617263700,1718.94,180
1617263760,1718.03,133
1617263820,1718.56,166
1617263880,1718.18,178
1617263940,1718.52,153
1617264000,1718.34,200
1617264060,1718.79,187
1617264120,1719.10,195
1617264180,1719.50,189
1617264240,1718.63,176
1617264300,1718.90,227
1617264360,1718.80,150
1617264420,1718.52,142
1617264480,1718.34,134
1617264540,1718.44,132
1617264600,1718.41,163
1617264660,1718.49,165
1617264720,1718.57,144
1617264780,1718.72,157
1617264840,1718.99,153
1617264900,1718.93,134
1617264960,1719.36,102
1617265020,1718.72,188
1617265080,1718.89,169
1617265140,1718.84,139
1617265200,1718.82,115
1617265260,1718.23,118
1617265320,1718.13,163
1617265380,1718.12,173
1617265440,1718.65,137
1617265500,1718.83,126
1617265560,1718.97,170
1617265620,1718.81,124
1617265680,1718.64,154
1617265740,1718.56,153
1617265800,1718.54,157
1617265860,1718.47,123
1617265920,1718.21,170
1617265980,1718.01,176
1617266040,1718.60,132
1617266100,1719.02,159
1617266160,1719.18,161
1617266220,1719.02,102
1617266280,1718.31,133
1617266340,1716.99,234
1617266400,1716.46,239
1617266460,1715.78,213
1617266520,1716.32,219
1617266580,1716.15,221
1617266640,1715.68,218
1617266700,1716.49,174
1617266760,1716.46,171
1617266820,1716.74,146
1617266880,1716.73,175
1617266940,1716.92,182
1617267000,1716.86,180
1617267060,1716.63,150
1617267120,1716.62,115
1617267180,1716.99,110
1617267240,1716.96,98
1617267300,1716.99,101
1617267360,1716.93,124
1617267420,1716.26,154
1617267480,1716.09,127
1617267540,1716.23,152
1617267600,1716.86,162
1617267660,1716.48,166
1617267720,1715.75,226
1617267780,1715.19,209
1617267840,1715.09,166
1617267900,1715.10,193
1617267960,1714.86,140
1617268020,1714.94,174
1617268080,1715.03,152
1617268140,1714.91,164
1617268200,1715.44,175
1617268260,1714.50,171
1617268320,1714.16,173
1617268380,1713.55,149
1617268440,1713.62,154
1617268500,1713.27,181
1617268560,1713.21,204
1617268620,1714.07,179
1617268680,1713.67,138
1617268740,1714.90,183
1617268800,1714.99,130
1617268860,1714.96,103
1617268920,1714.50,105
1617268980,1714.53,123
1617269040,1714.66,114
1617269100,1714.66,158
1617269160,1714.29,140
1617269220,1714.42,137
1617269280,1714.29,88
1617269340,1713.85,107
1617269400,1714.36,138
1617269460,1714.89,106
1617269520,1715.20,184
1617269580,1715.05,155
1617269640,1715.15,151
1617269700,1715.00,130
1617269760,1714.89,118
1617269820,1714.82,117
1617269880,1714.63,79
1617269940,1715.02,105
1617270000,1715.15,59
1617270060,1714.74,97
1617270120,1714.83,111
1617270180,1714.65,97
1617270240,1714.29,81
1617270300,1714.41,125
1617270360,1714.30,88
1617270420,1714.10,172
1617270480,1713.76,167
1617270540,1714.05,127
1617270600,1714.33,98
1617270660,1714.56,143
1617270720,1714.60,123
1617270780,1714.83,115
1617270840,1714.38,140
1617270900,1714.58,153
1617270960,1714.75,121
1617271020,1714.23,113
1617271080,1714.41,87
1617271140,1714.80,92
1617271200,1714.63,149
1617271260,1714.76,91
1617271320,1714.19,101
1617271380,1714.13,104
1617271440,1713.88,96
1617271500,1713.99,118
1617271560,1714.38,74
1617271620,1714.39,125
1617271680,1714.28,122
1617271740,1714.67,107
1617271800,1714.70,87
1617271860,1714.51,99
1617271920,1714.73,78
1617271980,1714.59,100
1617272040,1714.64,94
1617272100,1714.46,109
1617272160,1714.62,66
1617272220,1714.81,106
1617272280,1714.94,141
1617272340,1714.87,176
1617272400,1714.74,91
1617272460,1715.00,100
1617272520,1715.35,110
1617272580,1715.56,128
1617272640,1715.64,95
1617272700,1715.55,95
1617272760,1715.39,110
1617272820,1715.57,113
1617272880,1715.77,131
1617272940,1715.55,120
1617273000,1715.09,143
1617273060,1715.05,174
1617273120,1714.89,154
1617273180,1714.68,110
1617273240,1714.52,114
1617273300,1714.76,98
1617273360,1714.97,113
1617273420,1715.00,137
1617273480,1714.98,90
1617273540,1715.13,95
1617273600,1715.18,81
1617273660,1715.16,107
1617273720,1715.38,76
1617273780,1715.27,57
1617273840,1715.24,65
1617273900,1715.59,68
1617273960,1715.48,142
1617274020,1715.26,78
1617274080,1714.93,79
1617274140,1714.67,89
1617274200,1714.63,123
1617274260,1713.84,173
1617274320,1713.74,172
1617274380,1713.42,203
1617274440,1713.89,150
1617274500,1713.99,167
1617274560,1713.72,150
1617274620,1714.17,174
1617274680,1713.87,181
1617274740,1713.16,190
1617274800,1713.71,208
1617274860,1713.63,169
1617274920,1712.84,156
1617274980,1712.64,187
1617275040,1712.72,134
1617275100,1712.34,154
1617275160,1711.59,218
1617275220,1711.36,163
1617275280,1711.43,110
1617275340,1711.63,118
1617275400,1711.20,160
1617275460,1710.82,197
1617275520,1711.84,218
1617275580,1712.46,183
1617275640,1712.04,119
1617275700,1712.17,139
1617275760,1712.16,122
1617275820,1711.98,117
1617275880,1712.07,153
1617275940,1712.72,145
1617276000,1712.68,162
1617276060,1712.83,108
1617276120,1712.95,168
1617276180,1713.01,104
1617276240,1713.22,97
1617276300,1713.55,173
1617276360,1713.95,184
1617276420,1714.32,166
1617276480,1713.82,213
1617276540,1713.64,118
1617276600,1713.27,172
1617276660,1713.31,223
1617276720,1712.86,209
1617276780,1712.88,166
1617276840,1713.00,152
1617276900,1713.16,124
1617276960,1713.48,161
1617277020,1713.67,125
1617277080,1713.79,113
1617277140,1713.89,125
1617277200,1713.56,99
1617277260,1713.64,107
1617277320,1713.68,87
1617277380,1713.66,112
1617277440,1714.18,93
1617277500,1714.30,136
1617277560,1714.67,112
1617277620,1714.60,115
1617277680,1714.46,156
1617277740,1714.60,142
1617277800,1714.50,173
1617277860,1714.38,102
1617277920,1714.46,130
1617277980,1714.54,111
1617278040,1715.48,157
1617278100,1716.36,286
1617278160,1716.90,207
1617278220,1717.22,202
1617278280,1717.14,197
1617278340,1716.92,213
1617278400,1717.86,258
1617278460,1717.87,269
1617278520,1717.66,220
1617278580,1717.17,196
1617278640,1717.25,180
1617278700,1717.24,177
1617278760,1717.46,194
1617278820,1716.81,247
1617278880,1716.84,217
1617278940,1716.76,198
1617279000,1717.23,187
1617279060,1717.30,172
1617279120,1717.80,251
1617279180,1717.12,187
1617279240,1716.52,151
1617279300,1716.33,135
1617279360,1716.08,163
1617279420,1715.71,160
1617279480,1715.76,149
1617279540,1716.20,167
1617279600,1715.78,204
1617279660,1716.18,178
1617279720,1717.23,216
1617279780,1718.06,232
1617279840,1718.91,224
1617279900,1718.74,190
1617279960,1718.35,180
1617280020,1717.48,199
1617280080,1716.52,174
1617280140,1716.23,178
1617280200,1716.75,307
1617280260,1717.66,277
1617280320,1718.02,345
1617280380,1718.71,305
1617280440,1718.32,259
1617280500,1717.44,252
1617280560,1717.91,260
1617280620,1718.80,281
1617280680,1718.36,290
1617280740,1717.59,313
1617280800,1717.94,281
1617280860,1717.29,269
1617280920,1717.73,223
1617280980,1717.10,281
1617281040,1717.75,248
1617281100,1718.23,249
1617281160,1718.56,269
1617281220,1718.50,246
1617281280,1717.81,280
1617281340,1718.50,244
1617281400,1718.59,270
1617281460,1719.10,270
1617281520,1719.83,295
1617281580,1717.94,293
1617281640,1718.62,262
1617281700,1718.71,223
1617281760,1719.17,214
1617281820,1719.19,236
1617281880,1719.26,257
1617281940,1718.84,267
1617282000,1721.38,445
1617282060,1722.48,447
1617282120,1723.34,409
1617282180,1723.44,343
1617282240,1724.53,364
1617282300,1724.52,383
1617282360,1724.19,336
1617282420,1724.10,312
1617282480,1723.55,318
1617282540,1724.24,352
1617282600,1723.33,342
1617282660,1723.93,253
1617282720,1723.29,330
1617282780,1722.98,351
1617282840,1723.32,341
1617282900,1723.94,337
1617282960,1723.25,297
1617283020,1722.86,324
1617283080,1722.48,295
1617283140,1722.02,321
1617283200,1722.16,346
1617283260,1722.46,326
1617283320,1722.60,293
1617283380,1722.20,291
1617283440,1722.72,329
1617283500,1722.99,326
1617283560,1723.34,295
1617283620,1723.25,211
1617283680,1723.71,251
1617283740,1724.40,257
1617283800,1723.50,389
1617283860,1725.16,359
1617283920,1725.11,351
1617283980,1724.85,377
1617284040,1723.32,362
1617284100,1723.77,378
1617284160,1724.20,340
1617284220,1724.40,308
1617284280,1724.27,330
1617284340,1724.89,336
1617284400,1725.04,290
1617284460,1725.62,254
1617284520,1725.12,274
1617284580,1725.23,221
1617284640,1724.37,262
1617284700,1724.61,301
1617284760,1724.45,304
1617284820,1723.85,309
1617284880,1724.02,293
1617284940,1724.09,278
1617285000,1725.42,296
1617285060,1725.96,382
1617285120,1726.72,347
1617285180,1726.81,300
1617285240,1727.30,325
1617285300,1727.27,336
1617285360,1727.51,274
1617285420,1726.52,278
1617285480,1726.12,222
1617285540,1724.70,337
1617285600,1726.61,431
1617285660,1724.53,404
1617285720,1724.56,377
1617285780,1723.56,373
1617285840,1723.49,329
1617285900,1722.49,350
1617285960,1722.16,349
1617286020,1722.89,337
1617286080,1722.90,278
1617286140,1723.20,311
1617286200,1722.61,308
1617286260,1721.53,308
1617286320,1722.16,354
1617286380,1722.63,304
1617286440,1723.14,354
1617286500,1724.29,298
1617286560,1724.29,289
1617286620,1723.18,274
1617286680,1724.36,300
1617286740,1723.69,283
1617286800,1723.83,306
1617286860,1723.92,276
1617286920,1724.75,273
1617286980,1724.18,318
1617287040,1724.12,265
1617287100,1724.83,295
1617287160,1725.35,294
1617287220,1725.86,341
1617287280,1725.85,301
1617287340,1726.37,276
1617287400,1726.97,261
1617287460,1726.83,293
1617287520,1726.85,284
1617287580,1726.62,314
1617287640,1727.54,323
1617287700,1728.25,269
1617287760,1727.78,285
1617287820,1727.84,226
1617287880,1726.88,284
1617287940,1725.96,284
1617288000,1726.08,327
1617288060,1726.20,242
1617288120,1727.11,292
1617288180,1727.62,278
1617288240,1727.76,233
1617288300,1727.89,281
1617288360,1726.81,300
1617288420,1727.04,260
1617288480,1726.59,220
1617288540,1726.79,195
1617288600,1726.98,218
1617288660,1727.82,312
1617288720,1728.17,271
1617288780,1728.18,266
1617288840,1727.83,224
1617288900,1728.68,245
1617288960,1728.92,210
1617289020,1728.58,317
1617289080,1728.56,198
1617289140,1728.74,258
1617289200,1728.84,275
1617289260,1728.59,268
1617289320,1729.00,183
1617289380,1729.63,252
1617289440,1729.54,154
1617289500,1729.44,178
1617289560,1728.88,249
1617289620,1728.63,235
1617289680,1728.62,231
1617289740,1728.57,223
1617289800,1729.08,204
1617289860,1728.77,190
1617289920,1728.75,160
1617289980,1729.12,180
1617290040,1729.71,202
1617290100,1729.45,234
1617290160,1729.40,255
1617290220,1729.45,217
1617290280,1729.32,210
1617290340,1728.73,264
1617290400,1729.14,306
1617290460,1729.82,296
1617290520,1729.82,206
1617290580,1729.51,181
1617290640,1729.46,173
1617290700,1728.54,186
1617290760,1727.93,235
1617290820,1728.11,249
1617290880,1728.04,203
1617290940,1727.90,219
1617291000,1728.40,257
1617291060,1729.64,266
1617291120,1729.49,275
1617291180,1728.36,233
1617291240,1728.40,224
1617291300,1728.88,178
1617291360,1728.54,233
1617291420,1729.19,299
1617291480,1728.14,283
1617291540,1728.55,208
1617291600,1730.05,277
1617291660,1729.64,234
1617291720,1728.81,220
1617291780,1728.56,225
1617291840,1728.94,199
1617291900,1729.65,205
1617291960,1729.31,214
1617292020,1729.67,210
1617292080,1729.47,193
1617292140,1728.98,177
1617292200,1729.07,188
1617292260,1729.44,187
1617292320,1729.22,166
1617292380,1729.13,162
1617292440,1728.60,199
1617292500,1728.24,156
1617292560,1727.88,218
1617292620,1727.87,196
1617292680,1728.12,185
1617292740,1728.40,236
1617292800,1727.83,229
1617292860,1727.83,240
1617292920,1727.96,217
1617292980,1728.07,175
1617293040,1727.37,177
1617293100,1727.24,293
1617293160,1727.31,256
1617293220,1727.38,182
1617293280,1727.35,140
1617293340,1727.23,146
1617293400,1726.90,212
1617293460,1726.74,170
1617293520,1726.81,142
1617293580,1726.63,145
1617293640,1726.06,183
1617293700,1725.68,126
1617293760,1725.35,184
1617293820,1725.36,217
1617293880,1725.92,281
1617293940,1725.89,183
1617294000,1725.80,185
1617294060,1725.91,200
1617294120,1726.46,242
1617294180,1725.92,191
1617294240,1725.73,197
1617294300,1726.25,144
1617294360,1726.03,193
1617294420,1725.89,155
1617294480,1726.40,162
1617294540,1726.49,147
1617294600,1726.38,123
1617294660,1726.67,136
1617294720,1726.28,135
1617294780,1726.44,148
1617294840,1726.65,152
1617294900,1726.63,116
1617294960,1726.55,132
1617295020,1727.05,195
1617295080,1726.97,187
1617295140,1726.82,150
1617295200,1726.82,95
1617295260,1727.00,75
1617295320,1726.50,189
1617295380,1726.00,178
1617295440,1726.56,140
1617295500,1726.52,107
1617295560,1726.41,113
1617295620,1726.16,111
1617295680,1726.04,170
1617295740,1726.10,104
1617295800,1726.20,185
1617295860,1726.30,130
1617295920,1726.21,124
1617295980,1725.82,102
1617296040,1725.64,175
1617296100,1725.61,159
1617296160,1725.39,137
1617296220,1725.85,112
1617296280,1726.06,210
1617296340,1725.96,206
1617296400,1726.38,154
1617296460,1726.28,114
1617296520,1726.36,132
1617296580,1726.41,84
1617296640,1726.31,147
1617296700,1726.42,66
1617296760,1726.63,117
1617296820,1726.34,64
1617296880,1726.15,49
1617296940,1726.33,107
1617297000,1726.55,188
1617297060,1726.53,175
1617297120,1726.10,182
1617297180,1725.93,206
1617297240,1725.81,226
1617297300,1726.03,141
1617297360,1725.95,151
1617297420,1726.02,153
1617297480,1726.30,127
1617297540,1726.40,101
1617297600,1727.03,202
1617297660,1727.08,163
1617297720,1727.05,120
1617297780,1727.44,188
1617297840,1727.81,218
1617297900,1727.89,194
1617297960,1727.85,141
1617298020,1727.84,131
1617298080,1727.48,165
1617298140,1727.52,176
1617298200,1727.84,145
1617298260,1728.40,169
1617298320,1728.68,203
1617298380,1728.53,192
1617298440,1728.91,158
1617298500,1729.06,201
1617298560,1728.59,138
1617298620,1728.18,159
1617298680,1728.30,152
1617298740,1728.37,142
1617298800,1728.55,161
1617298860,1728.23,107
1617298920,1728.17,139
1617298980,1728.48,127
1617299040,1729.24,111
1617299100,1729.37,180
1617299160,1729.54,194
1617299220,1728.74,182
1617299280,1728.58,167
1617299340,1728.36,127
1617299400,1727.99,78
1617299460,1727.63,155
1617299520,1727.31,138
1617299580,1727.17,137
1617299640,1727.31,120
1617299700,1727.26,113
1617299760,1727.39,119
1617299820,1727.48,170
1617299880,1727.97,123
1617299940,1728.19,138
1617300000,1727.96,204
1617300060,1728.09,138
1617300120,1727.59,123
1617300180,1727.61,110
1617300240,1727.50,126
1617300300,1727.77,110
1617300360,1727.87,109
1617300420,1727.72,105
1617300480,1728.00,104
1617300540,1728.02,87
1617300600,1728.15,79
1617300660,1728.26,68
1617300720,1727.73,92
1617300780,1727.75,67
1617300840,1727.72,121
1617300900,1727.46,124
1617300960,1727.40,134
1617301020,1726.89,110
1617301080,1727.02,154
1617301140,1726.85,124
1617301200,1726.69,129
1617301260,1727.35,94
1617301320,1727.58,124
1617301380,1727.42,83
1617301440,1727.81,111
1617301500,1727.54,84
1617301560,1727.79,64
1617301620,1727.73,131
1617301680,1727.76,75
1617301740,1727.69,186
1617301800,1727.35,109
1617301860,1727.57,111
1617301920,1727.33,73
1617301980,1727.24,55
1617302040,1727.03,45
1617302100,1726.80,94
1617302160,1726.69,71
1617302220,1726.56,96
1617302280,1726.69,88
1617302340,1726.91,51
1617302400,1726.78,64
1617302460,1726.64,82
1617302520,1726.57,106
1617302580,1726.83,76
1617302640,1727.04,65
1617302700,1727.03,92
1617302760,1727.16,77
1617302820,1727.11,65
1617302880,1727.34,72
1617302940,1727.41,96
1617303000,1727.22,113
1617303060,1727.18,90
1617303120,1727.10,53
1617303180,1727.10,44
1617303240,1727.17,71
1617303300,1727.19,106
1617303360,1727.14,84
1617303420,1726.99,109
1617303480,1726.64,86
1617303540,1726.66,185
1617303600,1726.88,174
1617303660,1727.03,140
1617303720,1727.23,75
1617303780,1727.28,75
1617303840,1727.28,76
1617303900,1727.10,85
1617303960,1727.11,104
1617304020,1726.91,94
1617304080,1726.86,89
1617304140,1726.87,75
1617304200,1726.42,94
1617304260,1726.42,87
1617304320,1726.44,81
1617304380,1726.92,106
1617304440,1727.72,116
1617304500,1727.69,115
1617304560,1727.66,88
1617304620,1727.64,87
1617304680,1727.41,109
1617304740,1727.50,123
1617304800,1728.11,121
1617304860,1727.97,96
1617304920,1727.97,96
1617304980,1728.07,68
1617305040,1727.88,97
1617305100,1727.96,75
1617305160,1727.94,91
1617305220,1728.02,88
1617305280,1728.19,68
1617305340,1728.42,56
1617305400,1728.30,88
1617305460,1728.16,87
1617305520,1728.31,51
1617305580,1728.11,68
1617305640,1728.11,35
1617305700,1728.62,82
1617305760,1728.56,100
1617305820,1728.34,103
1617305880,1728.46,72
1617305940,1728.93,110
1617306000,1729.24,123
1617306060,1729.27,111
1617306120,1729.34,72
1617306180,1729.39,89
1617306240,1729.49,83
1617306300,1729.40,69
1617306360,1729.38,86
1617306420,1729.25,76
1617306480,1729.40,75
1617306540,1729.57,62
1617306600,1729.63,100
1617306660,1729.60,75
1617306720,1729.51,78
1617306780,1729.58,79
1617306840,1729.69,90
1617306900,1729.83,130
1617306960,1729.75,111
1617307020,1729.46,103
1617307080,1729.70,118
1617307140,1729.08,261
1617307200,1729.10,139
1617307260,1728.80,88
1617307320,1728.51,108
1617307380,1728.30,96
1617307440,1728.40,39
1617307500,1728.45,74
1617307560,1728.59,55
1617307620,1728.79,55
1617307680,1728.75,42
1617307740,1728.75,40
1617307800,1728.83,21
1617307860,1729.12,33
1617307920,1728.92,32
1617307980,1728.84,41
1617308040,1728.84,36
1617308100,1728.84,36
1617308160,1728.37,50
1617308220,1728.91,88
1617308280,1728.90,70
1617308340,1728.89,15
1617308400,1728.94,24
1617308460,1729.10,33
1617308520,1729.07,22
1617308580,1729.05,23
1617308640,1729.20,37
1617308700,1729.21,35
1617308760,1729.22,17
1617308820,1728.86,36
1617308880,1729.04,33
1617308940,1729.34,68
1617309000,1728.81,130
1617309060,1729.67,59
1617309120,1729.66,52
1617309180,1729.61,39
1617309240,1729.46,23
1617309300,1729.51,72
1617309360,1729.44,37
1617309420,1729.25,32
1617309480,1729.43,32
1617309540,1729.32,29
1617309600,1729.31,36
1617309660,1729.31,19
1617309720,1729.09,31
1617309780,1729.00,19
1617309840,1729.09,37
1617309900,1729.18,66
1617309960,1729.24,43
1617310020,1729.07,41
1617310080,1729.47,52
1617310140,1729.99,60
1617310200,1729.70,82
1617310260,1729.54,44
1617310320,1729.39,38
1617310380,1729.49,25
1617310440,1729.45,44
1617310500,1730.09,73
1617310560,1730.07,28
1617573720,1728.92,143
1617573780,1729.01,168
1617573840,1728.72,129
1617573900,1727.98,180
1617573960,1727.95,137
1617574020,1728.08,142
1617574080,1727.96,110
1617574140,1728.39,119
1617574200,1728.28,122
1617574260,1728.15,83
1617574320,1728.14,75
1617574380,1728.05,66
1617574440,1727.91,44
1617574500,1728.41,73
1617574560,1728.29,39
1617574620,1728.54,87
1617574680,1728.65,91
1617574740,1728.91,110
1617574800,1728.77,137
1617574860,1728.92,67
1617574920,1728.81,116
1617574980,1728.51,71
1617575040,1728.86,81
1617575100,1728.96,108
1617575160,1729.28,84
1617575220,1729.45,54
1617575280,1729.55,37
1617575340,1729.02,84
1617575400,1728.51,131
1617575460,1728.61,92
1617575520,1729.03,73
1617575580,1729.57,107
1617575640,1729.63,125
1617575700,1729.28,130
1617575760,1729.08,89
1617575820,1729.11,115
1617575880,1729.32,82
1617575940,1729.30,82
1617576000,1729.03,65
1617576060,1728.73,116
1617576120,1728.82,50
1617576180,1728.81,86
1617576240,1728.78,32
1617576300,1728.78,62
1617576360,1729.11,40
1617576420,1729.06,57
1617576480,1729.33,33
1617576540,1729.12,30
1617576600,1728.54,67
1617576660,1728.48,74
1617576720,1728.41,69
1617576780,1728.62,71
1617576840,1728.56,46
1617576900,1728.59,71
1617576960,1728.84,92
1617577020,1728.98,94
1617577080,1728.00,100
1617577140,1728.28,83
1617577200,1728.59,102
1617577260,1728.11,52
1617577320,1728.52,34
1617577380,1728.44,47
1617577440,1728.10,46
1617577500,1728.26,44
1617577560,1727.86,59
1617577620,1728.16,22
1617577680,1728.26,25
1617577740,1728.26,23
1617577800,1728.64,50
1617577860,1728.85,35
1617577920,1729.04,34
1617577980,1729.11,40
1617578040,1728.84,37
1617578100,1728.65,38
1617578160,1728.69,19
1617578220,1728.47,33
1617578280,1728.36,42
1617578340,1728.53,31
1617578400,1728.79,36
1617578460,1729.08,40
1617578520,1729.14,40
1617578580,1729.02,53
1617578640,1729.05,61
1617578700,1729.16,35
1617578760,1729.22,41
1617578820,1729.23,41
1617578880,1729.14,37
1617578940,1729.07,22
1617579000,1729.43,67
1617579060,1729.09,97
1617579120,1728.76,38
1617579180,1728.98,36
1617579240,1729.06,82
1617579300,1728.85,30
1617579360,1728.44,71
1617579420,1728.39,45
1617579480,1728.21,57
1617579540,1728.52,45
1617579600,1728.51,61
1617579660,1728.36,44
1617579720,1728.35,20
1617579780,1728.33,39
1617579840,1728.03,78
1617579900,1727.81,138
1617579960,1727.57,115
1617580020,1727.87,118
1617580080,1727.87,72
1617580140,1727.96,64
1617580200,1727.56,49
1617580260,1727.54,84
1617580320,1727.24,77
1617580380,1726.90,94
1617580440,1727.17,70
1617580500,1727.32,66
1617580560,1727.72,69
1617580620,1727.84,65
1617580680,1728.44,73
1617580740,1728.10,46
1617580800,1728.31,138
1617580860,1727.84,102
1617580920,1728.07,52
1617580980,1728.04,74
1617581040,1727.62,81
1617581100,1727.65,58
1617581160,1727.76,62
1617581220,1727.63,66
1617581280,1726.94,102
1617581340,1726.91,126
1617581400,1726.97,106
1617581460,1726.74,84
1617581520,1726.84,55
1617581580,1726.94,56
1617581640,1727.09,56
1617581700,1727.07,56
1617581760,1727.19,72
1617581820,1727.53,32
1617581880,1727.66,83
1617581940,1727.59,50
1617582000,1727.82,91
1617582060,1728.07,93
1617582120,1727.93,68
1617582180,1727.96,64
1617582240,1727.99,51
1617582300,1727.64,58
1617582360,1727.97,78
1617582420,1727.76,84
1617582480,1727.35,64
1617582540,1727.56,30
1617582600,1727.52,57
1617582660,1727.29,43
1617582720,1727.02,74
1617582780,1727.19,49
1617582840,1727.34,93
1617582900,1727.42,68
1617582960,1727.63,92
1617583020,1727.88,28
1617583080,1727.88,49
1617583140,1727.61,67
1617583200,1727.59,80
1617583260,1727.48,34
1617583320,1727.54,73
1617583380,1727.64,51
1617583440,1727.53,42
1617583500,1727.65,31
1617583560,1727.71,28
1617583620,1727.71,48
1617583680,1727.68,37
1617583740,1728.05,80
1617583800,1728.03,73
1617583860,1728.05,67
1617583920,1728.08,104
1617583980,1728.30,91
1617584040,1728.01,104
1617584100,1728.15,107
1617584160,1727.53,101
1617584220,1727.71,78
1617584280,1727.56,68
1617584340,1727.89,69
1617584400,1728.00,74
1617584460,1728.31,55
1617584520,1728.50,78
1617584580,1728.48,61
1617584640,1728.76,56
1617584700,1728.62,67
1617584760,1728.85,89
1617584820,1728.94,57
1617584880,1728.62,56
1617584940,1728.53,82
1617585000,1728.68,71
1617585060,1728.65,65
1617585120,1728.70,52
1617585180,1728.76,21
1617585240,1728.74,33
1617585300,1728.70,53
1617585360,1728.62,79
1617585420,1728.67,72
1617585480,1728.64,53
1617585540,1728.74,43
1617585600,1728.95,42
1617585660,1729.17,50
1617585720,1729.12,88
1617585780,1729.53,74
1617585840,1729.88,78
1617585900,1729.72,75
1617585960,1729.59,68
1617586020,1729.47,75
1617586080,1729.48,76
1617586140,1729.38,105
1617586200,1729.36,79
1617586260,1729.08,65
1617586320,1728.88,50
1617586380,1728.59,37
1617586440,1728.74,46
1617586500,1728.65,51
1617586560,1728.64,60
1617586620,1728.85,39
1617586680,1728.85,88
1617586740,1728.80,48
1617586800,1728.49,81
1617586860,1728.61,84
1617586920,1728.59,81
1617586980,1728.57,56
1617587040,1728.64,65
1617587100,1728.71,70
1617587160,1728.96,37
1617587220,1729.01,55
1617587280,1729.34,80
1617587340,1729.37,97
1617587400,1728.85,88
1617587460,1728.43,86
1617587520,1728.22,67
1617587580,1728.35,57
1617587640,1728.13,37
1617587700,1727.94,66
1617587760,1727.86,93
1617587820,1727.78,60
1617587880,1727.84,97
1617587940,1727.76,55
1617588000,1728.33,90
1617588060,1728.44,119
1617588120,1728.38,98
1617588180,1728.13,104
1617588240,1728.13,124
1617588300,1727.93,75
1617588360,1727.76,91
1617588420,1727.65,104
1617588480,1727.19,118
1617588540,1727.24,74
1617588600,1727.27,84
1617588660,1726.96,78
1617588720,1726.98,57
1617588780,1727.20,68
1617588840,1727.47,50
1617588900,1727.31,57
1617588960,1726.91,98
1617589020,1726.98,93
1617589080,1726.39,97
1617589140,1726.44,84
1617589200,1726.55,74
1617589260,1726.08,64
1617589320,1726.64,116
1617589380,1726.58,54
1617589440,1726.56,77
1617589500,1726.65,62
1617589560,1726.30,80
1617589620,1726.28,56
1617589680,1726.22,58
1617589740,1726.08,66
1617589800,1726.03,91
1617589860,1725.96,81
1617589920,1725.82,50
1617589980,1725.78,47
1617590040,1725.45,85
1617590100,1725.46,71
1617590160,1725.18,120
1617590220,1725.17,117
1617590280,1725.26,98
1617590340,1725.29,83
1617590400,1724.98,62
1617590460,1725.09,66
1617590520,1725.04,60
1617590580,1724.98,51
1617590640,1725.09,105
1617590700,1725.22,80
1617590760,1725.30,46
1617590820,1725.18,108
1617590880,1725.10,90
1617590940,1725.21,73
1617591000,1725.19,84
1617591060,1725.17,44
1617591120,1725.05,40
1617591180,1724.58,80
1617591240,1724.58,60
1617591300,1724.68,46
1617591360,1725.23,70
1617591420,1725.40,64
1617591480,1725.40,70
1617591540,1725.40,60
1617591600,1725.43,63
1617591660,1725.83,69
1617591720,1725.80,60
1617591780,1725.71,46
1617591840,1725.43,63
1617591900,1725.59,46
1617591960,1725.66,22
1617592020,1725.72,26
1617592080,1725.37,54
1617592140,1725.59,43
1617592200,1725.57,29
1617592260,1725.57,17
1617592320,1725.59,18
1617592380,1725.51,37
1617592440,1725.50,20
1617592500,1725.58,42
1617592560,1725.77,45
1617592620,1725.70,41
1617592680,1725.67,33
1617592740,1725.77,73
1617592800,1725.77,47
1617592860,1725.68,47
1617592920,1725.78,32
1617592980,1725.57,56
1617593040,1725.77,50
1617593100,1725.82,54
1617593160,1725.86,60
1617593220,1725.79,60
1617593280,1725.58,64
1617593340,1725.53,49
1617593400,1725.53,55
1617593460,1725.75,69
1617593520,1725.56,67
1617593580,1725.56,47
1617593640,1725.55,30
1617593700,1725.48,35
1617593760,1725.19,55
1617593820,1725.01,80
1617593880,1725.07,40
1617593940,1724.94,43
1617594000,1724.98,58
1617594060,1724.99,35
1617594120,1724.95,44
1617594180,1724.96,75
1617594240,1724.88,58
1617594300,1724.57,119
1617594360,1724.75,94
1617594420,1724.66,69
1617594480,1724.50,95
1617594540,1724.69,69
1617594600,1724.60,60
1617594660,1724.94,62
1617594720,1724.63,60
1617594780,1724.69,76
1617594840,1724.82,43
1617594900,1724.84,44
1617594960,1724.96,27
1617595020,1725.01,83
1617595080,1725.03,29
1617595140,1724.96,64
1617595200,1724.65,90
1617595260,1724.65,37
1617595320,1724.69,52
1617595380,1724.72,50
1617595440,1724.77,64
1617595500,1724.62,78
1617595560,1724.39,90
1617595620,1724.57,60
1617595680,1724.50,34
1617595740,1724.50,67
1617595800,1724.15,64
1617595860,1723.99,94
1617595920,1723.89,86
1617595980,1723.80,49
1617596040,1723.92,66
1617596100,1723.97,85
1617596160,1724.26,44
1617596220,1724.21,44
1617596280,1724.25,66
1617596340,1723.95,59
1617596400,1724.17,81
1617596460,1724.22,72
1617596520,1724.30,37
1617596580,1724.38,60
1617596640,1724.30,50
1617596700,1724.45,52
1617596760,1724.32,55
1617596820,1724.22,49
1617596880,1724.03,41
1617596940,1724.36,69
1617597000,1724.41,68
1617597060,1724.12,58
1617597120,1724.16,82
1617597180,1724.20,41
1617597240,1724.39,52
1617597300,1724.40,52
1617597360,1724.30,53
1617597420,1724.07,72
1617597480,1724.46,45
1617597540,1724.54,34
1617597600,1724.60,53
1617597660,1724.67,36
1617597720,1724.60,55
1617597780,1724.63,44
1617597840,1724.54,30
1617597900,1724.59,39
1617597960,1724.61,51
1617598020,1724.58,45
1617598080,1724.62,64
1617598140,1724.81,40
1617598200,1724.68,59
1617598260,1724.74,49
1617598320,1724.54,34
1617598380,1724.60,41
1617598440,1724.54,42
1617598500,1724.71,64
1617598560,1724.57,61
1617598620,1724.49,53
1617598680,1724.71,45
1617598740,1724.52,51
1617598800,1724.50,61
1617598860,1724.60,47
1617598920,1724.50,58
1617598980,1724.42,54
1617599040,1724.52,73
1617599100,1724.43,37
1617599160,1724.42,45
1617599220,1724.44,51
1617599280,1724.51,62
1617599340,1724.80,62
1617599400,1725.27,71
1617599460,1725.17,96
1617599520,1725.30,58
1617599580,1725.20,102
1617599640,1725.28,74
1617599700,1725.39,67
1617599760,1725.46,74
1617599820,1725.40,53
1617599880,1725.45,40
1617599940,1725.36,49
1617600000,1725.36,49
1617600060,1725.30,54
1617600120,1725.35,92
1617600180,1725.31,51
1617600240,1725.34,37
1617600300,1725.32,29
1617600360,1725.52,52
1617600420,1725.43,49
1617600480,1725.52,36
1617600540,1725.54,47
1617600600,1725.06,56
1617600660,1725.32,76
1617600720,1725.15,48
1617600780,1725.22,58
1617600840,1725.39,49
1617600900,1725.39,22
1617600960,1725.24,37
1617601020,1725.19,53
1617601080,1724.91,40
1617601140,1725.26,86
1617601200,1725.39,47
1617601260,1724.66,93
1617601320,1724.63,71
1617601380,1724.51,91
1617601440,1724.48,68
1617601500,1724.62,85
1617601560,1724.54,75
1617601620,1724.58,76
1617601680,1724.35,98
1617601740,1724.45,68
1617601800,1724.59,50
1617601860,1724.29,86
1617601920,1723.67,102
1617601980,1723.37,105
1617602040,1723.40,114
1617602100,1722.92,122
1617602160,1722.62,167
1617602220,1722.46,157
1617602280,1722.59,88
1617602340,1722.57,88
1617602400,1721.87,196
1617602460,1722.07,199
1617602520,1722.00,147
1617602580,1722.64,135
1617602640,1722.47,104
1617602700,1722.63,149
1617602760,1722.34,141
1617602820,1722.54,106
1617602880,1722.43,61
1617602940,1721.55,156
1617603000,1721.63,178
1617603060,1721.75,104
1617603120,1722.27,130
1617603180,1722.32,88
1617603240,1722.77,110
1617603300,1722.96,119
1617603360,1722.88,68
1617603420,1723.56,74
1617603480,1724.18,199
1617603540,1724.17,153
1617603600,1725.30,159
1617603660,1725.33,133
1617603720,1724.78,149
1617603780,1725.18,132
1617603840,1725.19,47
1617603900,1725.50,121
1617603960,1725.50,76
1617604020,1725.48,60
1617604080,1725.49,101
1617604140,1725.41,86
1617604200,1725.30,121
1617604260,1725.52,82
1617604320,1725.52,65
1617604380,1725.15,64
1617604440,1725.29,57
1617604500,1725.57,105
1617604560,1725.72,107
1617604620,1725.23,79
1617604680,1725.50,66
1617604740,1725.60,59
1617604800,1725.45,48
1617604860,1725.53,86
1617604920,1725.98,97
1617604980,1725.61,150
1617605040,1726.09,122
1617605100,1725.94,134
1617605160,1725.82,98
1617605220,1725.97,91
1617605280,1725.69,79
1617605340,1725.90,57
1617605400,1726.21,93
1617605460,1726.31,55
1617605520,1726.32,51
1617605580,1725.91,56
1617605640,1726.21,81
1617605700,1726.30,96
1617605760,1726.46,106
1617605820,1726.16,103
1617605880,1725.90,89
1617605940,1726.11,64
1617606000,1725.48,149
1617606060,1725.16,162
1617606120,1725.15,184
1617606180,1725.61,102
1617606240,1725.71,105
1617606300,1726.28,102
1617606360,1726.74,167
1617606420,1727.46,172
1617606480,1727.68,129
1617606540,1727.86,104
1617606600,1727.55,105
1617606660,1727.36,99
1617606720,1727.53,88
1617606780,1727.07,69
1617606840,1727.18,110
1617606900,1727.67,108
1617606960,1727.55,90
1617607020,1727.24,80
1617607080,1726.91,95
1617607140,1726.64,132
1617607200,1726.50,119
1617607260,1726.01,99
1617607320,1726.11,103
1617607380,1726.08,76
1617607440,1725.98,79
1617607500,1725.60,87
1617607560,1725.65,70
1617607620,1725.64,74
1617607680,1725.96,81
1617607740,1726.64,138
1617607800,1726.67,186
1617607860,1726.63,97
1617607920,1726.80,88
1617607980,1726.82,122
1617608040,1727.46,93
1617608100,1727.67,173
1617608160,1726.98,132
1617608220,1726.44,85
1617608280,1726.18,81
1617608340,1726.37,100
1617608400,1726.23,135
1617608460,1726.04,104
1617608520,1725.94,56
1617608580,1725.94,72
1617608640,1725.84,69
1617608700,1725.66,81
1617608760,1725.62,78
1617608820,1725.35,134
1617608880,1725.51,135
1617608940,1725.54,87
1617609000,1725.10,66
1617609060,1725.66,67
1617609120,1726.36,96
1617609180,1726.62,92
1617609240,1726.48,71
1617609300,1725.85,99
1617609360,1726.24,81
1617609420,1726.32,70
1617609480,1726.45,102
1617609540,1726.58,67
1617609600,1726.32,126
1617609660,1726.72,69
1617609720,1726.91,109
1617609780,1726.62,85
1617609840,1727.34,121
1617609900,1727.92,133
1617609960,1727.86,186
1617610020,1727.88,147
1617610080,1727.42,125
1617610140,1727.46,112
1617610200,1727.75,122
1617610260,1727.90,108
1617610320,1728.07,119
1617610380,1727.73,111
1617610440,1728.01,127
1617610500,1727.93,110
1617610560,1727.63,87
1617610620,1727.67,92
1617610680,1727.83,198
1617610740,1727.60,116
1617610800,1727.65,69
1617610860,1727.63,60
1617610920,1727.42,99
1617610980,1727.64,81
1617611040,1727.32,76
1617611100,1727.41,115
1617611160,1727.20,86
1617611220,1727.51,109
1617611280,1727.76,105
1617611340,1727.81,100
1617611400,1727.65,109
1617611460,1727.73,55
1617611520,1728.50,92
1617611580,1727.66,129
1617611640,1728.21,135
1617611700,1727.95,149
1617611760,1727.40,133
1617611820,1727.13,132
1617611880,1727.03,95
1617611940,1726.50,136
1617612000,1726.82,87
1617612060,1726.33,108
1617612120,1726.21,126
1617612180,1726.22,111
1617612240,1726.17,100
1617612300,1725.98,50
1617612360,1726.45,96
1617612420,1726.36,76
1617612480,1726.54,68
1617612540,1726.66,87
1617612600,1725.92,131
1617612660,1725.72,120
1617612720,1725.87,64
1617612780,1725.71,75
1617612840,1725.47,62
1617612900,1725.20,92
1617612960,1725.27,132
1617613020,1725.31,106
1617613080,1725.50,96
1617613140,1725.46,74
1617613200,1725.02,91
1617613260,1724.88,153
1617613320,1725.39,93
1617613380,1725.38,105
1617613440,1725.70,101
1617613500,1725.64,68
1617613560,1725.32,91
1617613620,1724.96,85
1617613680,1724.89,54
1617613740,1725.17,60
1617613800,1724.93,97
1617613860,1724.77,81
1617613920,1724.72,52
1617613980,1724.93,61
1617614040,1725.17,55
1617614100,1725.21,77
1617614160,1725.18,63
1617614220,1725.10,41
1617614280,1725.12,77
1617614340,1725.04,30
1617614400,1725.22,50
1617614460,1725.39,41
1617614520,1724.93,72
1617614580,1725.31,73
1617614640,1725.22,39
1617614700,1724.81,75
1617614760,1724.75,100
1617614820,1724.96,96
1617614880,1724.64,63
1617614940,1724.61,42
1617615000,1724.69,61
1617615060,1724.57,51
1617615120,1724.72,57
1617615180,1724.58,42
1617615240,1724.85,72
1617615300,1724.64,61
1617615360,1725.55,142
1617615420,1725.36,91
1617615480,1725.59,51
1617615540,1725.63,74
1617615600,1725.44,62
1617615660,1725.46,76
1617615720,1725.62,57
1617615780,1725.69,47
1617615840,1725.94,56
1617615900,1725.65,94
1617615960,1725.29,91
1617616020,1725.28,79
1617616080,1725.30,31
1617616140,1725.53,45
1617616200,1725.89,50
1617616260,1725.73,37
1617616320,1725.70,32
1617616380,1725.60,32
1617616440,1725.70,54
1617616500,1725.55,62
1617616560,1725.73,42
1617616620,1725.71,37
1617616680,1725.72,28
1617616740,1725.70,26
1617616800,1726.01,30
1617616860,1725.48,60
1617616920,1725.07,89
1617616980,1724.85,75
1617617040,1723.35,174
1617617100,1723.58,186
1617617160,1724.34,106
1617617220,1724.35,79
1617617280,1724.41,64
1617617340,1724.56,46
1617617400,1725.00,98
1617617460,1724.95,49
1617617520,1725.11,46
1617617580,1725.02,46
1617617640,1725.19,39
1617617700,1725.18,25
1617617760,1724.92,71
1617617820,1725.12,74
1617617880,1725.02,48
1617617940,1725.09,56
1617618000,1724.79,67
1617618060,1724.97,70
1617618120,1724.54,62
1617618180,1724.46,61
1617618240,1724.57,61
1617618300,1724.45,71
1617618360,1725.13,102
1617618420,1725.21,63
1617618480,1725.34,61
1617618540,1725.22,81
1617618600,1724.91,56
1617618660,1724.56,99
1617618720,1723.98,124
1617618780,1723.73,111
1617618840,1723.49,105
1617618900,1723.68,93
1617618960,1723.77,93
1617619020,1723.87,93
1617619080,1723.89,79
1617619140,1723.90,72
1617619200,1723.82,85
1617619260,1723.79,43
1617619320,1724.09,92
1617619380,1724.25,53
1617619440,1724.13,75
1617619500,1724.31,73
1617619560,1724.22,86
1617619620,1724.57,80
1617619680,1724.33,64
1617619740,1724.21,66
1617619800,1724.14,97
1617619860,1723.89,53
1617619920,1723.74,118
1617619980,1725.15,170
1617620040,1724.56,103
1617620100,1724.61,78
1617620160,1725.17,108
1617620220,1724.94,90
1617620280,1725.04,75
1617620340,1724.32,92
1617620400,1724.62,101
1617620460,1724.74,84
1617620520,1724.90,41
1617620580,1725.15,59
1617620640,1725.33,75
1617620700,1725.04,100
1617620760,1725.24,68
1617620820,1725.60,110
1617620880,1725.66,80
1617620940,1725.77,110
1617621000,1725.90,136
1617621060,1726.18,136
1617621120,1725.95,98
1617621180,1725.98,82
1617621240,1726.00,83
1617621300,1726.36,117
1617621360,1725.78,107
1617621420,1725.76,57
1617621480,1725.59,65
1617621540,1726.01,81
1617621600,1725.83,51
1617621660,1725.89,41
1617621720,1726.11,59
1617621780,1726.60,119
1617621840,1726.16,94
1617621900,1726.31,88
1617621960,1726.70,93
1617622020,1726.93,126
1617622080,1726.55,126
1617622140,1726.73,141
1617622200,1726.97,162
1617622260,1727.21,129
1617622320,1727.13,128
1617622380,1726.70,85
1617622440,1726.99,87
1617622500,1726.40,199
1617622560,1726.49,144
1617622620,1726.84,121
1617622680,1726.88,130
1617622740,1726.67,144
1617622800,1726.80,100
1617622860,1726.75,97
1617622920,1726.83,125
1617622980,1726.59,93
1617623040,1726.33,130
1617623100,1726.48,125
1617623160,1726.14,104
1617623220,1726.32,80
1617623280,1725.90,81
1617623340,1725.99,170
1617623400,1725.44,164
1617623460,1725.10,172
1617623520,1725.07,123
1617623580,1725.11,130
1617623640,1724.76,149
1617623700,1725.00,128
1617623760,1724.74,118
1617623820,1725.04,123
1617623880,1725.08,77
1617623940,1724.95,117
1617624000,1725.24,162
1617624060,1723.83,230
1617624120,1722.99,221
1617624180,1722.49,216
1617624240,1722.66,219
1617624300,1723.02,194
1617624360,1722.49,201
1617624420,1723.00,245
1617624480,1722.92,141
1617624540,1723.14,177
1617624600,1723.39,175
1617624660,1723.21,163
1617624720,1723.65,169
1617624780,1724.23,163
1617624840,1724.09,124
1617624900,1723.63,197
1617624960,1723.92,133
1617625020,1724.18,100
1617625080,1724.33,95
1617625140,1725.00,188
1617625200,1724.50,226
1617625260,1725.84,204
1617625320,1726.35,245
1617625380,1727.22,254
1617625440,1727.67,187
1617625500,1727.10,254
1617625560,1727.55,204
1617625620,1727.73,204
1617625680,1727.50,215
1617625740,1727.67,209
1617625800,1727.08,246
1617625860,1727.15,127
1617625920,1726.41,178
1617625980,1727.01,199
1617626040,1727.74,238
1617626100,1729.03,308
1617626160,1728.67,264
1617626220,1728.82,235
1617626280,1729.40,264
1617626340,1729.39,247
1617626400,1728.35,273
1617626460,1728.62,217
1617626520,1728.49,203
1617626580,1728.56,203
1617626640,1728.31,214
1617626700,1726.99,273
1617626760,1726.66,240
1617626820,1726.11,228
1617626880,1725.69,219
1617626940,1725.99,204
1617627000,1725.83,260
1617627060,1725.47,146
1617627120,1725.77,202
1617627180,1725.69,285
1617627240,1724.31,248
1617627300,1723.63,263
1617627360,1724.02,225
1617627420,1723.95,163
1617627480,1723.76,189
1617627540,1723.23,186
1617627600,1723.69,246
1617627660,1723.95,238
1617627720,1724.09,156
1617627780,1723.66,199
1617627840,1723.70,188
1617627900,1723.79,178
1617627960,1723.93,227
1617628020,1723.48,176
1617628080,1723.32,229
1617628140,1723.89,210
1617628200,1723.09,234
1617628260,1723.55,155
1617628320,1723.56,239
1617628380,1723.53,214
1617628440,1723.77,206
1617628500,1722.92,259
1617628560,1723.65,199
1617628620,1724.14,176
1617628680,1724.78,262
1617628740,1724.44,168
1617628800,1724.31,173
1617628860,1723.85,161
1617628920,1723.95,166
1617628980,1724.71,217
1617629040,1724.67,150
1617629100,1724.98,181
1617629160,1725.17,161
1617629220,1725.10,147
1617629280,1724.74,197
1617629340,1724.46,192
1617629400,1724.12,332
1617629460,1724.23,343
1617629520,1723.15,316
1617629580,1723.63,353
1617629640,1723.39,287
1617629700,1723.63,286
1617629760,1723.59,316
1617629820,1723.32,278
1617629880,1723.89,234
1617629940,1723.10,298
1617630000,1723.96,284
1617630060,1724.34,308
1617630120,1724.60,253
1617630180,1725.06,258
1617630240,1724.24,232
1617630300,1725.94,285
1617630360,1726.67,332
1617630420,1726.64,280
1617630480,1726.64,300
1617630540,1726.28,295
1617630600,1726.47,254
1617630660,1726.35,241
1617630720,1725.73,229
1617630780,1726.75,266
1617630840,1726.31,238
1617630900,1727.09,263
1617630960,1726.70,251
1617631020,1727.36,316
1617631080,1726.93,208
1617631140,1727.20,256
1617631200,1727.54,322
1617631260,1728.05,355
1617631320,1728.41,345
1617631380,1727.99,354
1617631440,1727.99,284
1617631500,1728.27,257
1617631560,1728.31,307
1617631620,1728.23,300
1617631680,1727.72,231
1617631740,1727.77,251
1617631800,1727.96,294
1617631860,1728.53,222
1617631920,1729.19,297
1617631980,1729.26,324
1617632040,1729.28,284
1617632100,1729.16,337
1617632160,1729.83,308
1617632220,1728.85,312
1617632280,1729.04,255
1617632340,1728.97,258
1617632400,1729.34,261
1617632460,1729.14,287
1617632520,1728.53,294
1617632580,1728.41,233
1617632640,1728.87,241
1617632700,1728.85,267
1617632760,1728.62,214
1617632820,1728.84,212
1617632880,1729.68,259
1617632940,1729.03,292
1617633000,1729.13,214
1617633060,1729.53,268
1617633120,1728.77,318
1617633180,1728.77,299
1617633240,1728.96,239
1617633300,1729.26,241
1617633360,1728.93,215
1617633420,1728.61,221
1617633480,1728.70,237
1617633540,1728.87,254
1617633600,1728.09,258
1617633660,1727.41,316
1617633720,1727.02,254
1617633780,1727.41,252
1617633840,1727.61,187
1617633900,1727.92,228
1617633960,1727.61,171
1617634020,1726.76,242
1617634080,1726.59,274
1617634140,1726.51,197
1617634200,1726.59,237
1617634260,1726.77,187
1617634320,1726.87,219
1617634380,1727.68,189
1617634440,1727.88,230
1617634500,1728.10,212
1617634560,1728.39,225
1617634620,1728.14,205
1617634680,1728.22,187
1617634740,1728.97,247
1617634800,1728.67,236
1617634860,1727.27,285
1617634920,1727.37,228
1617634980,1727.22,208
1617635040,1726.60,213
1617635100,1726.66,177
1617635160,1726.03,230
1617635220,1726.05,171
1617635280,1725.94,219
1617635340,1726.29,174
1617635400,1727.23,192
1617635460,1727.14,224
1617635520,1728.00,200
1617635580,1727.82,189
1617635640,1727.61,192
1617635700,1727.73,194
1617635760,1728.35,207
1617635820,1729.46,239
1617635880,1731.25,361
1617635940,1732.33,284
1617636000,1732.52,281
1617636060,1731.80,261
1617636120,1731.40,224
1617636180,1732.06,198
1617636240,1731.84,272
1617636300,1732.01,219
1617636360,1731.65,189
1617636420,1731.77,168
1617636480,1731.47,181
1617636540,1731.80,175
1617636600,1731.42,211
1617636660,1731.20,194
1617636720,1731.52,174
1617636780,1731.05,197
1617636840,1731.17,185
1617636900,1731.14,167
1617636960,1731.17,219
1617637020,1731.11,168
1617637080,1731.00,139
1617637140,1731.31,193
1617637200,1731.97,243
1617637260,1731.41,167
1617637320,1732.32,192
1617637380,1731.78,176
1617637440,1732.66,192
1617637500,1733.16,248
1617637560,1733.17,193
1617637620,1733.03,165
1617637680,1732.89,142
1617637740,1733.15,172
1617637800,1732.42,203
1617637860,1732.61,209
1617637920,1732.22,154
1617637980,1732.25,161
1617638040,1731.51,188
1617638100,1731.77,219
1617638160,1731.66,163
1617638220,1731.61,147
1617638280,1731.01,184
1617638340,1730.42,179
1617638400,1730.55,126
1617638460,1730.60,116
1617638520,1730.48,148
1617638580,1729.88,141
1617638640,1730.18,132
1617638700,1729.64,143
1617638760,1730.06,137
1617638820,1730.51,161
1617638880,1729.99,107
1617638940,1729.64,146
1617639000,1729.21,172
1617639060,1729.33,132
1617639120,1729.54,134
1617639180,1729.47,143
1617639240,1729.34,178
1617639300,1729.57,139
1617639360,1729.30,132
1617639420,1729.36,115
1617639480,1729.33,149
1617639540,1729.37,86
1617639600,1729.50,112
1617639660,1729.32,144
1617639720,1729.44,130
1617639780,1729.37,93
1617639840,1729.16,86
1617639900,1729.15,94
1617639960,1728.96,143
1617640020,1728.86,189
1617640080,1729.07,115
1617640140,1729.47,145
1617640200,1729.35,154
1617640260,1729.49,163
1617640320,1729.38,115
1617640380,1729.43,104
1617640440,1729.45,118
1617640500,1729.37,114
1617640560,1729.76,111
1617640620,1729.67,140
1617640680,1729.58,109
1617640740,1729.37,124
1617640800,1729.28,90
1617640860,1728.89,112
1617640920,1728.40,120
1617640980,1728.13,193
1617641040,1728.24,121
1617641100,1728.24,82
1617641160,1728.17,87
1617641220,1728.35,45
1617641280,1728.87,119
1617641340,1729.10,95
1617641400,1728.72,126
1617641460,1728.83,73
1617641520,1728.95,73
1617641580,1728.42,67
1617641640,1728.45,97
1617641700,1728.33,45
1617641760,1728.21,37
1617641820,1728.17,75
1617641880,1728.35,90
1617641940,1728.15,78
1617642000,1728.06,114
1617642060,1727.99,80
1617642120,1727.93,92
1617642180,1727.64,119
1617642240,1727.75,118
1617642300,1727.13,143
1617642360,1727.60,120
1617642420,1727.69,139
1617642480,1728.06,162
1617642540,1728.13,170
1617642600,1727.87,93
1617642660,1728.05,108
1617642720,1728.35,152
1617642780,1728.18,140
1617642840,1727.75,138
1617642900,1728.25,126
1617642960,1727.70,168
1617643020,1727.79,134
1617643080,1728.27,158
1617643140,1728.43,151
1617643200,1728.20,158
1617643260,1727.27,192
1617643320,1727.34,189
1617643380,1727.28,180
1617643440,1727.71,208
1617643500,1727.58,133
1617643560,1727.47,133
1617643620,1727.44,117
1617643680,1727.77,142
1617643740,1727.82,178
1617643800,1727.39,183
1617643860,1727.39,135
1617643920,1727.31,144
1617643980,1726.94,156
1617644040,1727.21,158
1617644100,1727.02,158
1617644160,1726.80,132
1617644220,1726.95,124
1617644280,1726.91,125
1617644340,1726.30,176
1617644400,1726.07,164
1617644460,1726.35,99
1617644520,1726.28,109
1617644580,1726.19,97
1617644640,1726.07,80
1617644700,1725.83,110
1617644760,1726.00,132
1617644820,1725.70,125
1617644880,1725.45,123
1617644940,1725.74,134
1617645000,1725.94,98
1617645060,1726.19,153
1617645120,1725.90,101
1617645180,1725.90,61
1617645240,1726.08,72
1617645300,1726.07,93
1617645360,1726.11,90
1617645420,1725.70,88
1617645480,1725.78,116
1617645540,1725.37,152
1617645600,1725.32,184
1617645660,1725.85,172
1617645720,1726.08,118
1617645780,1726.03,125
1617645840,1726.27,102
1617645900,1725.89,76
1617645960,1726.13,53
1617646020,1726.21,68
1617646080,1726.15,53
1617646140,1726.44,79
1617646200,1726.46,92
1617646260,1726.39,50
1617646320,1726.58,76
1617646380,1726.54,76
1617646440,1727.10,104
1617646500,1726.96,132
1617646560,1726.70,91
1617646620,1726.69,115
1617646680,1726.38,95
1617646740,1726.39,69
1617646800,1725.86,113
1617646860,1725.79,107
1617646920,1725.55,99
1617646980,1725.72,97
1617647040,1725.77,85
1617647100,1726.10,82
1617647160,1725.98,82
1617647220,1725.89,69
1617647280,1726.02,70
1617647340,1726.13,72
1617647400,1727.06,152
1617647460,1727.03,82
1617647520,1727.22,80
1617647580,1727.91,117
1617647640,1727.87,119
1617647700,1727.07,167
1617647760,1726.91,132
1617647820,1726.94,91
1617647880,1726.72,107
1617647940,1726.65,105
1617648000,1727.02,86
1617648060,1726.90,68
1617648120,1726.66,88
1617648180,1726.87,68
1617648240,1726.74,79
1617648300,1726.66,105
1617648360,1726.69,101
1617648420,1726.21,140
1617648480,1726.01,102
1617648540,1726.19,88
1617648600,1725.83,156
1617648660,1725.59,129
1617648720,1725.96,96
1617648780,1725.77,89
1617648840,1725.71,160
1617648900,1726.06,127
1617648960,1726.02,120
1617649020,1726.02,133
1617649080,1726.03,124
1617649140,1725.88,242
1617649200,1726.97,195
1617649260,1726.82,178
1617649320,1726.70,179
1617649380,1726.76,121
1617649440,1726.67,110
1617649500,1726.80,100
1617649560,1726.34,101
1617649620,1726.26,78
1617649680,1726.64,103
1617649740,1726.66,80
1617649800,1726.88,108
1617649860,1726.97,66
1617649920,1726.78,97
1617649980,1727.07,95
1617650040,1727.06,98
1617650100,1727.36,147
1617650160,1727.29,126
1617650220,1727.04,83
1617650280,1727.34,117
1617650340,1727.46,104
1617650400,1727.49,151
1617650460,1728.15,130
1617650520,1728.25,144
1617650580,1728.33,102
1617650640,1728.27,109
1617650700,1727.57,123
1617650760,1727.47,138
1617650820,1727.67,138
1617650880,1727.67,91
1617650940,1727.69,108
1617651000,1727.30,88
1617651060,1726.87,123
1617651120,1727.08,95
1617651180,1727.22,95
1617651240,1726.98,73
1617651300,1727.14,81
1617651360,1727.32,69
1617651420,1727.60,103
1617651480,1727.84,81
1617651540,1727.93,73
1617651600,1727.89,56
1617651660,1727.98,79
1617651720,1727.68,143
1617651780,1727.80,89
1617651840,1728.06,74
1617651900,1728.10,69
1617651960,1727.95,68
1617652020,1728.09,69
1617652080,1728.03,59
1617652140,1728.06,77
1617652200,1727.87,127
1617652260,1727.70,85
1617652320,1727.89,71
1617652380,1728.05,96
1617652440,1727.94,54
1617652500,1727.91,113
1617652560,1728.06,125
1617652620,1727.96,197
1617652680,1728.05,211
1617652740,1728.10,251
1617652800,1728.28,154
1617652860,1728.18,96
1617652920,1728.13,83
1617652980,1728.20,71
1617653040,1728.17,87
1617653100,1728.13,58
1617653160,1728.02,43
1617653220,1728.13,74
1617653280,1728.23,55
1617653340,1728.14,44
1617653400,1728.06,38
1617653460,1727.95,78
1617653520,1727.84,61
1617653580,1727.97,45
1617653640,1728.05,53
1617653700,1727.92,32
1617653760,1727.81,34
1617653820,1727.81,46
1617653880,1727.75,69
1617653940,1727.95,27
1617654000,1727.97,29
1617654060,1727.93,18
1617654120,1727.70,37
1617654180,1727.58,75
1617654240,1727.77,44
1617654300,1728.03,48
1617654360,1728.00,22
1617654420,1728.02,10
1617654480,1728.01,27
1617654540,1727.81,61
1617654600,1727.57,54
1617654660,1727.56,29
1617654720,1727.82,56
1617654780,1728.01,27
1617654840,1728.14,66
1617654900,1728.25,46
1617654960,1728.35,31
1617655020,1728.33,34
1617655080,1728.25,34
1617655140,1728.31,35
1617655200,1728.20,30
1617655260,1728.20,7
1617655320,1728.31,21
1617655380,1728.29,18
1617655440,1728.06,29
1617655500,1727.68,119
1617655560,1728.12,40
1617655620,1728.22,27
1617655680,1728.20,34
1617655740,1728.50,85
1617655800,1728.49,51
1617655860,1728.22,37
1617655920,1728.33,29
1617655980,1728.43,59
1617656040,1728.43,45
1617656100,1728.49,93
1617656160,1728.50,49
1617660120,1728.79,81
1617660180,1728.72,40
1617660240,1728.74,49
1617660300,1728.61,48
1617660360,1728.48,32
1617660420,1728.50,56
1617660480,1728.48,37
1617660540,1728.45,17
1617660600,1728.38,22
1617660660,1728.03,39
1617660720,1728.26,28
1617660780,1727.97,21
1617660840,1728.03,13
1617660900,1728.01,26
1617660960,1727.91,14
1617661020,1727.89,25
1617661080,1727.81,59
1617661140,1727.69,48
1617661200,1727.68,52
1617661260,1727.80,47
1617661320,1727.67,8
1617661380,1727.70,12
1617661440,1727.70,12
1617661500,1727.53,15
1617661560,1727.46,15
1617661620,1727.55,26
1617661680,1727.90,24
1617661740,1727.83,15
1617661800,1727.99,39
1617661860,1728.07,49
1617661920,1728.00,53
1617661980,1728.15,59
1617662040,1728.38,29
1617662100,1728.05,64
1617662160,1728.23,76
1617662220,1728.22,37
1617662280,1728.38,57
1617662340,1728.55,70
1617662400,1728.61,78
1617662460,1728.66,52
1617662520,1728.68,54
1617662580,1728.41,47
1617662640,1728.55,46
1617662700,1728.45,29
1617662760,1728.72,39
1617662820,1728.47,56
1617662880,1728.15,54
1617662940,1728.05,39
1617663000,1727.81,45
1617663060,1727.69,25
1617663120,1727.75,49
1617663180,1727.73,56
1617663240,1727.39,45
1617663300,1727.38,82
1617663360,1727.35,77
1617663420,1727.66,54
1617663480,1727.61,64
1617663540,1727.26,53
1617663600,1727.44,43
1617663660,1727.38,50
1617663720,1727.27,34
1617663780,1727.56,30
1617663840,1727.65,44
1617663900,1727.73,28
1617663960,1727.83,31
1617664020,1727.95,25
1617664080,1728.01,26
1617664140,1728.16,42
1617664200,1728.03,35
1617664260,1728.03,13
1617664320,1727.97,14
1617664380,1728.29,31
1617664440,1728.17,27
1617664500,1728.28,25
1617664560,1728.68,74
1617664620,1728.58,59
1617664680,1728.82,73
1617664740,1728.93,24
1617664800,1728.81,36
1617664860,1728.59,57
1617664920,1728.79,56
1617664980,1729.01,58
1617665040,1728.96,76
1617665100,1729.00,152
1617665160,1729.13,59
1617665220,1728.85,33
1617665280,1729.05,45
1617665340,1729.05,39
1617665400,1728.58,42
1617665460,1728.87,61
1617665520,1728.88,26
1617665580,1729.05,49
1617665640,1729.35,60
1617665700,1729.28,40
1617665760,1729.23,26
1617665820,1729.29,28
1617665880,1729.32,20
1617665940,1729.19,35
1617666000,1729.26,35
1617666060,1729.25,10
1617666120,1729.16,13
1617666180,1729.20,21
1617666240,1729.08,33
1617666300,1729.60,74
1617666360,1729.49,26
1617666420,1729.44,27
1617666480,1729.13,30
1617666540,1729.34,24
1617666600,1729.07,23
1617666660,1728.46,64
1617666720,1728.46,64
1617666780,1728.93,66
1617666840,1728.92,32
1617666900,1729.18,32
1617666960,1729.22,12
1617667020,1729.28,18
1617667080,1729.35,20
1617667140,1729.39,19
1617667200,1730.05,139
1617667260,1730.33,113
1617667320,1730.76,95
1617667380,1730.18,117
1617667440,1729.96,79
1617667500,1729.87,83
1617667560,1730.11,59
1617667620,1730.16,79
1617667680,1730.08,75
1617667740,1730.15,84
1617667800,1730.18,72
1617667860,1730.00,53
1617667920,1729.50,31
1617667980,1729.21,58
1617668040,1729.28,59
1617668100,1729.41,87
1617668160,1729.74,102
1617668220,1729.54,66
1617668280,1730.16,102
1617668340,1730.01,55
1617668400,1729.71,68
1617668460,1729.65,36
1617668520,1729.74,61
1617668580,1729.48,38
1617668640,1729.31,91
1617668700,1729.12,61
1617668760,1729.23,63
1617668820,1729.16,67
1617668880,1729.42,64
1617668940,1729.64,77
1617669000,1730.17,133
1617669060,1730.02,96
1617669120,1730.03,108
1617669180,1729.77,107
1617669240,1729.68,64
1617669300,1729.47,104
1617669360,1729.63,67
1617669420,1729.28,86
1617669480,1728.96,89
1617669540,1728.34,85
1617669600,1728.02,72
1617669660,1727.62,128
1617669720,1727.91,136
1617669780,1727.82,90
1617669840,1727.97,128
1617669900,1728.36,78
1617669960,1728.44,78
1617670020,1728.49,51
1617670080,1728.23,60
1617670140,1728.17,73
1617670200,1728.16,96
1617670260,1727.80,98
1617670320,1728.00,93
1617670380,1727.86,107
1617670440,1727.96,79
1617670500,1728.24,114
1617670560,1728.29,138
1617670620,1728.74,131
1617670680,1728.86,183
1617670740,1729.17,179
1617670800,1731.34,440
1617670860,1732.55,372
1617670920,1732.50,313
1617670980,1732.26,346
1617671040,1732.35,275
1617671100,1734.40,328
1617671160,1734.09,282
1617671220,1733.64,289
1617671280,1733.68,213
1617671340,1733.17,191
1617671400,1733.83,220
1617671460,1733.52,244
1617671520,1732.89,184
1617671580,1732.92,157
1617671640,1733.33,164
1617671700,1733.37,258
1617671760,1733.66,189
1617671820,1733.53,181
1617671880,1733.73,119
1617671940,1733.99,190
1617672000,1734.42,149
1617672060,1734.30,127
1617672120,1734.11,136
1617672180,1734.22,126
1617672240,1734.43,72
1617672300,1734.47,82
1617672360,1734.57,61
1617672420,1734.36,141
1617672480,1734.55,114
1617672540,1734.47,73
1617672600,1734.99,133
1617672660,1733.67,207
1617672720,1733.87,149
1617672780,1734.16,162
1617672840,1734.33,140
1617672900,1735.27,171
1617672960,1734.66,121
1617673020,1735.15,106
1617673080,1734.92,150
1617673140,1734.84,128
1617673200,1734.56,99
1617673260,1734.66,107
1617673320,1734.62,99
1617673380,1734.87,161
1617673440,1734.66,168
1617673500,1734.44,157
1617673560,1734.44,175
1617673620,1734.77,115
1617673680,1734.55,146
1617673740,1734.42,134
1617673800,1734.30,120
1617673860,1734.57,125
1617673920,1734.64,120
1617673980,1734.39,103
1617674040,1734.35,108
1617674100,1734.08,112
1617674160,1733.33,125
1617674220,1733.30,188
1617674280,1734.02,160
1617674340,1734.27,140
1617674400,1734.20,135
1617674460,1733.34,174
1617674520,1733.51,137
1617674580,1733.76,105
1617674640,1733.68,135
1617674700,1733.62,126
1617674760,1733.99,112
1617674820,1734.21,83
1617674880,1734.10,80
1617674940,1734.16,87
1617675000,1733.78,134
1617675060,1733.73,102
1617675120,1733.77,79
1617675180,1733.85,63
1617675240,1733.71,65
1617675300,1733.69,108
1617675360,1733.89,96
1617675420,1733.71,107
1617675480,1733.43,114
1617675540,1734.04,87
1617675600,1734.11,87
1617675660,1734.26,125
1617675720,1734.13,103
1617675780,1733.85,98
1617675840,1733.85,128
1617675900,1733.83,79
1617675960,1733.83,67
1617676020,1733.67,83
1617676080,1733.73,77
1617676140,1733.66,79
1617676200,1733.93,154
1617676260,1734.20,180
1617676320,1734.49,157
1617676380,1734.52,122
1617676440,1734.65,122
1617676500,1734.66,166
1617676560,1734.78,134
1617676620,1734.60,135
1617676680,1734.60,116
1617676740,1734.33,127
1617676800,1734.49,104
1617676860,1734.50,141
1617676920,1734.43,110
1617676980,1734.58,123
1617677040,1734.39,151
1617677100,1733.98,131
1617677160,1734.22,175
1617677220,1734.22,103
1617677280,1734.36,108
1617677340,1734.53,94
1617677400,1734.18,97
1617677460,1733.78,111
1617677520,1733.77,83
1617677580,1733.94,140
1617677640,1733.91,79
1617677700,1734.11,113
1617677760,1733.93,88
1617677820,1733.99,94
1617677880,1734.43,106
1617677940,1734.43,97
1617678000,1734.55,110
1617678060,1734.48,68
1617678120,1734.10,109
1617678180,1733.93,103
1617678240,1733.64,79
1617678300,1733.70,105
1617678360,1733.73,75
1617678420,1733.69,98
1617678480,1733.85,148
1617678540,1733.39,116
1617678600,1733.21,191
1617678660,1733.41,116
1617678720,1733.36,97
1617678780,1733.53,77
1617678840,1733.91,172
1617678900,1733.55,142
1617678960,1733.36,121
1617679020,1733.45,100
1617679080,1733.59,70
1617679140,1733.68,63
1617679200,1733.62,102
1617679260,1733.56,110
1617679320,1733.55,98
1617679380,1733.46,94
1617679440,1733.68,116
1617679500,1733.58,114
1617679560,1733.55,79
1617679620,1733.47,65
1617679680,1733.17,108
1617679740,1733.08,84
1617679800,1733.07,63
1617679860,1732.83,106
1617679920,1732.77,100
1617679980,1733.08,71
1617680040,1732.85,78
1617680100,1733.04,103
1617680160,1733.33,83
1617680220,1733.29,60
1617680280,1733.29,60
1617680340,1732.92,73
1617680400,1732.82,38
1617680460,1733.16,41
1617680520,1733.03,43
1617680580,1732.83,37
1617680640,1732.78,53
1617680700,1732.92,51
1617680760,1733.01,40
1617680820,1732.91,23
1617680880,1732.97,29
1617680940,1733.07,35
1617681000,1733.11,63
1617681060,1732.99,61
1617681120,1733.11,47
1617681180,1733.13,41
1617681240,1733.36,60
1617681300,1733.42,50
1617681360,1733.62,35
1617681420,1733.55,42
1617681480,1733.44,71
1617681540,1733.52,61
1617681600,1733.46,46
1617681660,1733.33,65
1617681720,1733.25,49
1617681780,1733.35,46
1617681840,1733.64,59
1617681900,1733.67,58
1617681960,1733.94,74
1617682020,1733.80,48
1617682080,1733.91,54
1617682140,1734.23,87
1617682200,1734.03,79
1617682260,1733.70,95
1617682320,1733.71,57
1617682380,1733.52,51
1617682440,1733.39,37
1617682500,1733.54,49
1617682560,1733.80,66
1617682620,1733.85,45
1617682680,1733.83,54
1617682740,1733.93,64
1617682800,1733.83,32
1617682860,1734.04,57
1617682920,1734.13,113
1617682980,1733.81,106
1617683040,1734.00,71
1617683100,1733.89,66
1617683160,1733.70,58
1617683220,1733.82,98
1617683280,1733.98,40
1617683340,1733.93,65
1617683400,1734.27,68
1617683460,1734.46,108
1617683520,1734.27,79
1617683580,1734.62,109
1617683640,1734.93,92
1617683700,1734.99,84
1617683760,1734.78,94
1617683820,1734.92,61
1617683880,1734.99,111
1617683940,1734.85,108
1617684000,1734.82,46
1617684060,1734.89,42
1617684120,1734.79,42
1617684180,1734.87,58
1617684240,1734.86,34
1617684300,1735.06,68
1617684360,1734.96,74
1617684420,1735.15,73
1617684480,1735.15,40
1617684540,1735.17,33
1617684600,1735.34,66
1617684660,1735.26,94
1617684720,1735.45,79
1617684780,1735.68,82
1617684840,1735.86,68
1617684900,1735.79,63
1617684960,1735.91,84
1617685020,1735.80,49
1617685080,1735.82,68
1617685140,1735.77,61
1617685200,1735.46,91
1617685260,1735.53,91
1617685320,1735.73,78
1617685380,1735.86,49
1617685440,1735.70,87
1617685500,1735.87,65
1617685560,1735.80,74
1617685620,1735.86,35
1617685680,1735.92,101
1617685740,1735.80,81
1617685800,1735.67,90
1617685860,1735.33,106
1617685920,1735.13,103
1617685980,1735.27,137
1617686040,1735.58,91
1617686100,1735.65,88
1617686160,1735.75,68
1617686220,1735.94,93
1617686280,1735.73,85
1617686340,1735.64,92
1617686400,1735.65,77
1617686460,1735.44,57
1617686520,1735.32,82
1617686580,1735.26,82
1617686640,1735.53,58
1617686700,1735.44,89
1617686760,1735.28,51
1617686820,1735.43,44
1617686880,1735.44,40
1617686940,1735.42,42
1617687000,1736.07,318
1617687060,1736.10,244
1617687120,1736.81,117
1617687180,1736.97,163
1617687240,1736.86,164
1617687300,1736.67,146
1617687360,1736.85,158
1617687420,1736.63,134
1617687480,1736.36,156
1617687540,1735.76,120
1617687600,1736.00,114
1617687660,1736.03,80
1617687720,1736.17,80
1617687780,1736.65,149
1617687840,1737.02,113
1617687900,1736.80,122
1617687960,1737.16,166
1617688020,1737.52,166
1617688080,1737.52,93
1617688140,1737.59,138
1617688200,1737.53,132
1617688260,1737.18,167
1617688320,1737.06,173
1617688380,1737.41,132
1617688440,1737.38,87
1617688500,1737.32,100
1617688560,1737.43,62
1617688620,1737.40,84
1617688680,1737.37,95
1617688740,1737.54,85
1617688800,1738.47,303
1617688860,1738.47,223
1617688920,1738.14,194
1617688980,1738.10,151
1617689040,1737.76,200
1617689100,1737.48,204
1617689160,1737.38,167
1617689220,1737.50,228
1617689280,1737.02,219
1617689340,1737.03,192
1617689400,1736.95,231
1617689460,1736.96,202
1617689520,1737.32,148
1617689580,1736.44,227
1617689640,1736.58,180
1617689700,1736.58,189
1617689760,1736.11,165
1617689820,1735.94,203
1617689880,1735.92,172
1617689940,1735.70,141
1617690000,1735.64,121
1617690060,1735.90,149
1617690120,1735.41,189
1617690180,1735.63,124
1617690240,1735.53,130
1617690300,1735.87,205
1617690360,1735.77,160
1617690420,1735.90,193
1617690480,1736.32,137
1617690540,1736.34,103
1617690600,1735.82,161
1617690660,1735.41,245
1617690720,1735.59,181
1617690780,1736.04,167
1617690840,1736.04,195
1617690900,1735.93,206
1617690960,1735.75,156
1617691020,1735.19,159
1617691080,1735.24,141
1617691140,1734.87,169
1617691200,1734.94,161
1617691260,1735.27,169
1617691320,1734.82,148
1617691380,1733.88,263
1617691440,1733.38,225
1617691500,1733.29,199
1617691560,1733.14,230
1617691620,1732.81,235
1617691680,1732.27,268
1617691740,1732.33,240
1617691800,1732.34,223
1617691860,1731.61,255
1617691920,1731.68,226
1617691980,1731.65,140
1617692040,1731.18,233
1617692100,1731.38,198
1617692160,1731.78,186
1617692220,1731.31,169
1617692280,1729.78,239
1617692340,1730.02,205
1617692400,1730.80,287
1617692460,1730.86,201
1617692520,1731.27,170
1617692580,1731.55,190
1617692640,1731.51,154
1617692700,1730.70,241
1617692760,1729.16,296
1617692820,1727.90,288
1617692880,1729.75,220
1617692940,1730.49,238
1617693000,1730.29,227
1617693060,1730.11,194
1617693120,1729.75,206
1617693180,1730.30,196
1617693240,1729.85,204
1617693300,1729.23,183
1617693360,1729.78,238
1617693420,1729.22,246
1617693480,1728.86,201
1617693540,1729.25,165
1617693600,1729.47,218
1617693660,1729.57,178
1617693720,1729.21,195
1617693780,1729.48,181
1617693840,1729.20,278
1617693900,1729.62,195
1617693960,1730.02,152
1617694020,1730.90,219
1617694080,1731.00,190
1617694140,1730.81,192
1617694200,1730.99,200
1617694260,1730.64,202
1617694320,1730.62,149
1617694380,1730.99,126
1617694440,1731.12,122
1617694500,1731.04,122
1617694560,1730.88,119
1617694620,1731.03,146
1617694680,1730.38,143
1617694740,1730.19,132
1617694800,1730.44,104
1617694860,1730.50,154
1617694920,1730.07,166
1617694980,1731.49,227
1617695040,1731.61,168
1617695100,1731.58,171
1617695160,1731.45,128
1617695220,1732.14,182
1617695280,1732.22,163
1617695340,1732.25,181
1617695400,1732.82,154
1617695460,1732.06,163
1617695520,1732.14,141
1617695580,1731.93,193
1617695640,1732.39,161
1617695700,1732.43,171
1617695760,1732.23,152
1617695820,1732.57,173
1617695880,1733.04,127
1617695940,1733.47,184
1617696000,1733.15,235
1617696060,1733.37,237
1617696120,1733.38,187
1617696180,1733.50,176
1617696240,1733.29,208
1617696300,1733.90,213
1617696360,1733.97,168
1617696420,1733.89,124
1617696480,1734.13,159
1617696540,1733.75,219
1617696600,1734.20,188
1617696660,1733.68,134
1617696720,1734.15,163
1617696780,1733.73,173
1617696840,1733.29,222
1617696900,1733.35,138
1617696960,1732.87,142
1617697020,1732.76,154
1617697080,1732.20,142
1617697140,1732.66,189
1617697200,1733.24,182
1617697260,1733.52,242
1617697320,1732.58,140
1617697380,1732.28,127
1617697440,1732.02,95
1617697500,1731.69,144
1617697560,1731.30,121
1617697620,1731.16,192
1617697680,1731.12,148
1617697740,1730.88,97
1617697800,1731.04,150
1617697860,1731.68,145
1617697920,1731.23,119
1617697980,1730.75,181
1617698040,1730.66,140
1617698100,1730.58,205
1617698160,1729.83,213
1617698220,1730.47,221
1617698280,1730.20,298
1617698340,1730.07,233
1617698400,1730.80,218
1617698460,1730.42,162
1617698520,1731.07,244
1617698580,1731.36,175
1617698640,1731.85,176
1617698700,1732.24,177
1617698760,1732.74,205
1617698820,1732.65,157
1617698880,1733.12,169
1617698940,1733.25,197
1617699000,1733.17,234
1617699060,1733.85,234
1617699120,1733.41,240
1617699180,1733.89,153
1617699240,1733.96,195
1617699300,1733.61,148
1617699360,1733.14,130
1617699420,1733.14,128
1617699480,1732.93,108
1617699540,1732.58,148
1617699600,1733.22,144
1617699660,1733.28,159
1617699720,1733.24,105
1617699780,1732.70,134
1617699840,1732.69,125
1617699900,1732.62,131
1617699960,1733.24,144
1617700020,1733.05,143
1617700080,1732.88,149
1617700140,1732.85,96
1617700200,1732.76,125
1617700260,1732.90,120
1617700320,1733.49,95
1617700380,1733.43,160
1617700440,1732.52,167
1617700500,1732.42,151
1617700560,1732.39,114
1617700620,1732.21,121
1617700680,1732.50,106
1617700740,1732.41,94
1617700800,1732.03,117
1617700860,1731.81,109
1617700920,1731.93,101
1617700980,1732.12,112
1617701040,1732.05,168
1617701100,1731.70,131
1617701160,1731.60,92
1617701220,1731.96,123
1617701280,1731.74,118
1617701340,1730.80,129
1617701400,1731.50,167
1617701460,1731.66,102
1617701520,1730.92,161
1617701580,1730.91,123
1617701640,1730.67,200
1617701700,1731.07,145
1617701760,1730.88,137
1617701820,1730.44,159
1617701880,1730.54,138
1617701940,1731.11,131
1617702000,1730.99,83
1617702060,1730.72,105
1617702120,1730.78,83
1617702180,1730.90,64
1617702240,1730.91,67
1617702300,1731.26,112
1617702360,1731.16,131
1617702420,1731.10,92
1617702480,1731.46,104
1617702540,1731.54,113
1617702600,1731.33,113
1617702660,1731.04,86
1617702720,1730.78,144
1617702780,1731.33,148
1617702840,1731.12,139
1617702900,1731.26,159
1617702960,1731.27,188
1617703020,1730.69,207
1617703080,1731.71,259
1617703140,1732.07,189
1617703200,1731.73,151
1617703260,1732.11,153
1617703320,1732.30,173
1617703380,1732.22,117
1617703440,1732.19,109
1617703500,1732.18,139
1617703560,1732.19,86
1617703620,1731.83,75
1617703680,1732.11,141
1617703740,1732.44,96
1617703800,1731.79,99
1617703860,1731.97,124
1617703920,1731.60,107
1617703980,1732.00,110
1617704040,1731.87,90
1617704100,1731.61,106
1617704160,1731.67,115
1617704220,1732.51,143
1617704280,1732.28,119
1617704340,1732.35,93
1617704400,1732.16,81
1617704460,1731.49,99
1617704520,1731.52,65
1617704580,1731.37,123
1617704640,1731.64,101
1617704700,1731.62,199
1617704760,1731.73,113
1617704820,1731.91,67
1617704880,1731.83,101
1617704940,1731.77,100
1617705000,1731.62,152
1617705060,1731.57,94
1617705120,1731.16,120
1617705180,1731.29,86
1617705240,1731.33,86
1617705300,1731.46,130
1617705360,1731.69,116
1617705420,1731.16,102
1617705480,1731.27,129
1617705540,1731.72,109
1617705600,1731.55,140
1617705660,1731.47,100
1617705720,1731.62,68
1617705780,1731.40,183
1617705840,1731.51,79
1617705900,1731.57,83
1617705960,1731.66,80
1617706020,1731.59,55
1617706080,1732.00,105
1617706140,1731.99,135
1617706200,1732.08,104
1617706260,1732.26,164
1617706320,1732.16,112
1617706380,1732.12,118
1617706440,1731.98,97
1617706500,1731.67,110
1617706560,1732.19,128
1617706620,1732.67,136
1617706680,1732.96,113
1617706740,1732.85,151
1617706800,1732.79,193
1617706860,1732.87,202
1617706920,1733.08,145
1617706980,1733.06,196
1617707040,1734.05,295
1617707100,1733.78,167
1617707160,1733.84,147
1617707220,1734.24,141
1617707280,1734.18,115
1617707340,1734.25,101
1617707400,1734.31,171
1617707460,1734.24,139
1617707520,1734.32,120
1617707580,1734.21,118
1617707640,1733.78,169
1617707700,1733.83,126
1617707760,1734.36,133
1617707820,1734.17,113
1617707880,1734.56,137
1617707940,1734.33,140
1617708000,1734.36,89
1617708060,1734.80,129
1617708120,1734.70,134
1617708180,1734.60,149
1617708240,1734.62,134
1617708300,1734.58,156
1617708360,1734.80,213
1617708420,1734.27,111
1617708480,1734.43,84
1617708540,1734.96,120
1617708600,1734.94,186
1617708660,1734.95,177
1617708720,1734.73,181
1617708780,1734.84,168
1617708840,1734.41,144
1617708900,1734.29,166
1617708960,1734.33,123
1617709020,1734.80,132
1617709080,1735.08,137
1617709140,1735.35,119
1617709200,1735.43,186
1617709260,1735.56,132
1617709320,1735.45,119
1617709380,1735.28,114
1617709440,1734.99,170
1617709500,1734.31,150
1617709560,1733.99,129
1617709620,1733.80,177
1617709680,1734.15,122
1617709740,1733.95,133
1617709800,1734.19,145
1617709860,1735.62,188
1617709920,1735.65,129
1617709980,1736.17,153
1617710040,1736.80,292
1617710100,1736.22,262
1617710160,1735.91,179
1617710220,1736.11,166
1617710280,1736.14,144
1617710340,1736.30,162
1617710400,1737.09,281
1617710460,1736.92,229
1617710520,1736.89,169
1617710580,1736.21,250
1617710640,1736.49,166
1617710700,1736.80,175
1617710760,1736.28,174
1617710820,1736.59,159
1617710880,1736.85,129
1617710940,1737.68,222
1617711000,1738.22,224
1617711060,1737.62,255
1617711120,1737.33,198
1617711180,1736.80,178
1617711240,1736.13,233
1617711300,1736.87,162
1617711360,1736.56,181
1617711420,1736.02,168
1617711480,1735.76,200
1617711540,1735.69,190
1617711600,1734.85,316
1617711660,1734.56,232
1617711720,1734.87,251
1617711780,1734.64,182
1617711840,1735.44,188
1617711900,1736.26,206
1617711960,1736.67,194
1617712020,1736.58,206
1617712080,1736.16,194
1617712140,1736.25,177
1617712200,1735.71,290
1617712260,1736.75,231
1617712320,1736.49,216
1617712380,1736.27,186
1617712440,1736.43,212
1617712500,1736.31,159
1617712560,1737.03,192
1617712620,1738.01,319
1617712680,1738.79,329
1617712740,1738.03,305
1617712800,1737.90,254
1617712860,1737.51,228
1617712920,1736.16,288
1617712980,1735.77,267
1617713040,1736.48,277
1617713100,1736.43,255
1617713160,1736.44,229
1617713220,1736.61,288
1617713280,1737.87,297
1617713340,1737.44,266
1617713400,1737.60,273
1617713460,1737.11,275
1617713520,1736.73,243
1617713580,1736.74,157
1617713640,1737.00,270
1617713700,1737.41,251
1617713760,1736.82,227
1617713820,1735.85,251
1617713880,1735.35,207
1617713940,1735.83,206
1617714000,1736.09,335
1617714060,1736.74,287
1617714120,1735.39,335
1617714180,1735.04,293
1617714240,1734.66,311
1617714300,1735.33,267
1617714360,1734.39,284
1617714420,1734.43,254
1617714480,1734.92,262
1617714540,1734.42,298
1617714600,1735.07,297
1617714660,1735.15,200
1617714720,1735.19,191
1617714780,1735.59,261
1617714840,1736.71,251
1617714900,1736.64,289
1617714960,1736.93,251
1617715020,1736.95,276
1617715080,1737.17,242
1617715140,1736.94,259
1617715200,1737.07,232
1617715260,1736.70,234
1617715320,1736.87,227
1617715380,1737.65,210
1617715440,1738.83,324
1617715500,1738.42,274
1617715560,1738.19,262
1617715620,1738.92,356
1617715680,1738.50,295
1617715740,1737.64,255
1617715800,1738.20,350
1617715860,1738.85,309
1617715920,1738.88,318
1617715980,1738.46,362
1617716040,1737.68,299
1617716100,1737.61,321
1617716160,1738.11,295
1617716220,1738.51,261
1617716280,1738.90,263
1617716340,1738.71,268
1617716400,1738.72,367
1617716460,1738.94,272
1617716520,1738.82,283
1617716580,1737.94,340
1617716640,1738.91,306
1617716700,1738.62,356
1617716760,1738.30,271
1617716820,1737.97,286
1617716880,1738.31,260
1617716940,1738.44,267
1617717000,1739.09,268
1617717060,1739.59,307
1617717120,1739.82,280
1617717180,1740.23,320
1617717240,1741.27,349
1617717300,1741.20,310
1617717360,1741.58,286
1617717420,1741.54,253
1617717480,1741.78,221
1617717540,1740.69,303
1617717600,1743.11,378
1617717660,1743.09,365
1617717720,1742.58,346
1617717780,1742.20,341
1617717840,1741.17,358
1617717900,1741.45,275
1617717960,1741.54,274
1617718020,1743.33,332
1617718080,1743.24,291
1617718140,1743.46,290
1617718200,1743.38,254
1617718260,1742.78,264
1617718320,1742.35,279
1617718380,1741.28,346
1617718440,1741.11,296
1617718500,1741.22,315
1617718560,1741.84,336
1617718620,1742.42,267
1617718680,1742.80,279
1617718740,1742.21,329
1617718800,1742.66,302
1617718860,1742.46,310
1617718920,1742.51,295
1617718980,1742.69,265
1617719040,1742.46,264
1617719100,1741.52,263
1617719160,1741.83,282
1617719220,1740.96,291
1617719280,1740.46,321
1617719340,1739.94,329
1617719400,1741.78,337
1617719460,1742.12,262
1617719520,1742.12,256
1617719580,1742.95,226
1617719640,1743.53,287
1617719700,1743.53,228
1617719760,1742.53,275
1617719820,1742.74,235
1617719880,1741.35,235
1617719940,1741.73,252
1617720000,1743.01,285
1617720060,1743.28,298
1617720120,1743.33,298
1617720180,1742.58,278
1617720240,1742.66,237
1617720300,1743.58,246
1617720360,1743.97,293
1617720420,1744.02,255
1617720480,1743.57,247
1617720540,1744.19,265
1617720600,1743.71,272
1617720660,1742.83,241
1617720720,1743.60,246
1617720780,1744.30,267
1617720840,1743.80,265
1617720900,1744.24,277
1617720960,1744.02,266
1617721020,1743.75,288
1617721080,1743.84,279
1617721140,1743.51,250
1617721200,1743.16,332
1617721260,1742.93,316
1617721320,1742.48,314
1617721380,1742.89,275
1617721440,1743.32,264
1617721500,1744.05,300
1617721560,1743.10,297
1617721620,1743.02,253
1617721680,1742.51,260
1617721740,1743.25,235
1617721800,1743.43,236
1617721860,1744.71,279
1617721920,1743.48,229
1617721980,1744.03,207
1617722040,1744.11,215
1617722100,1744.29,172
1617722160,1744.37,170
1617722220,1744.58,181
1617722280,1744.43,193
1617722340,1744.42,216
1617722400,1744.60,190
1617722460,1744.51,190
1617722520,1744.69,226
1617722580,1744.53,159
1617722640,1744.56,171
1617722700,1744.58,204
1617722760,1744.83,139
1617722820,1745.18,192
1617722880,1745.11,203
1617722940,1745.02,177
1617723000,1744.07,265
1617723060,1744.39,216
1617723120,1744.59,157
1617723180,1744.70,138
1617723240,1744.86,95
1617723300,1744.50,141
1617723360,1743.74,190
1617723420,1743.71,174
1617723480,1744.07,197
1617723540,1743.91,228
1617723600,1744.35,220
1617723660,1744.75,221
1617723720,1744.60,127
1617723780,1744.59,101
1617723840,1744.99,167
1617723900,1745.02,166
1617723960,1744.81,183
1617724020,1744.29,183
1617724080,1744.25,206
1617724140,1744.33,197
1617724200,1744.39,217
1617724260,1744.60,126
1617724320,1744.98,153
1617724380,1744.87,160
1617724440,1744.92,175
1617724500,1744.41,185
1617724560,1744.50,183
1617724620,1745.03,137
1617724680,1745.45,179
1617724740,1745.24,156
1617724800,1745.14,174
1617724860,1744.84,153
1617724920,1744.71,125
1617724980,1744.45,144
1617725040,1743.92,179
1617725100,1743.77,155
1617725160,1743.70,173
1617725220,1743.46,121
1617725280,1743.30,135
1617725340,1743.96,186
1617725400,1744.16,192
1617725460,1744.07,156
1617725520,1744.21,227
1617725580,1744.03,190
1617725640,1744.39,155
1617725700,1744.57,176
1617725760,1744.66,108
1617725820,1744.55,129
1617725880,1744.63,152
1617725940,1744.64,141
1617726000,1744.62,184
1617726060,1744.69,171
1617726120,1744.91,200
1617726180,1744.77,126
1617726240,1744.97,186
1617726300,1744.85,147
1617726360,1744.78,196
1617726420,1744.55,92
1617726480,1744.26,113
1617726540,1743.95,126
1617726600,1743.76,125
1617726660,1743.87,98
1617726720,1744.44,175
1617726780,1744.13,78
1617726840,1743.90,96
1617726900,1743.92,90
1617726960,1743.64,80
1617727020,1743.83,75
1617727080,1743.56,88
1617727140,1743.32,134
1617727200,1743.15,144
1617727260,1743.56,97
1617727320,1743.34,122
1617727380,1743.07,90
1617727440,1743.02,92
1617727500,1743.03,142
1617727560,1742.67,88
1617727620,1742.64,102
1617727680,1742.82,61
1617727740,1743.43,103
1617727800,1743.41,114
1617727860,1743.52,98
1617727920,1743.52,127
1617727980,1743.22,90
1617728040,1743.25,137
1617728100,1743.31,172
1617728160,1743.08,121
1617728220,1743.06,124
1617728280,1743.33,126
1617728340,1743.30,131
1617728400,1743.33,134
1617728460,1742.53,160
1617728520,1742.43,146
1617728580,1741.69,209
1617728640,1742.10,191
1617728700,1741.98,204
1617728760,1741.86,175
1617728820,1741.83,114
1617728880,1742.04,156
1617728940,1741.86,140
1617729000,1741.98,175
1617729060,1742.16,140
1617729120,1742.17,142
1617729180,1742.24,156
1617729240,1742.26,141
1617729300,1742.00,135
1617729360,1742.08,108
1617729420,1742.34,152
1617729480,1741.90,165
1617729540,1741.70,117
1617729600,1741.66,166
1617729660,1741.80,133
1617729720,1741.66,136
1617729780,1741.96,93
1617729840,1741.14,223
1617729900,1740.52,298
1617729960,1740.65,206
1617730020,1741.38,178
1617730080,1741.81,156
1617730140,1741.93,269
1617730200,1742.63,189
1617730260,1742.56,181
1617730320,1742.54,138
1617730380,1743.49,184
1617730440,1743.48,180
1617730500,1742.73,160
1617730560,1742.81,155
1617730620,1742.83,176
1617730680,1742.50,159
1617730740,1742.57,125
1617730800,1742.90,133
1617730860,1742.62,106
1617730920,1742.57,105
1617730980,1741.98,113
1617731040,1742.13,172
1617731100,1742.06,190
1617731160,1742.33,94
1617731220,1742.34,102
1617731280,1742.46,102
1617731340,1742.64,112
1617731400,1742.94,150
1617731460,1742.82,150
1617731520,1743.10,173
1617731580,1743.31,95
1617731640,1743.35,154
1617731700,1743.73,180
1617731760,1743.62,90
1617731820,1743.71,81
1617731880,1743.71,85
1617731940,1743.81,98
1617732000,1743.62,86
1617732060,1743.38,62
1617732120,1743.11,128
1617732180,1743.22,66
1617732240,1743.30,114
1617732300,1743.19,104
1617732360,1743.13,74
1617732420,1742.91,118
1617732480,1743.16,137
1617732540,1743.27,167
1617732600,1743.13,170
1617732660,1743.22,133
1617732720,1743.43,133
1617732780,1743.91,149
1617732840,1744.07,149
1617732900,1743.96,156
1617732960,1743.90,147
1617733020,1743.98,115
1617733080,1743.71,118
1617733140,1743.50,86
1617733200,1743.45,105
1617733260,1743.78,117
1617733320,1744.03,142
1617733380,1743.76,108
1617733440,1744.26,129
1617733500,1744.03,115
1617733560,1743.70,128
1617733620,1743.61,130
1617733680,1743.61,134
1617733740,1743.55,140
1617733800,1743.69,107
1617733860,1744.06,125
1617733920,1744.07,94
1617733980,1743.69,159
1617734040,1743.32,132
1617734100,1742.72,186
1617734160,1742.44,107
1617734220,1742.65,118
1617734280,1742.85,162
1617734340,1742.54,100
1617734400,1742.55,135
1617734460,1742.84,131
1617734520,1742.56,125
1617734580,1742.64,100
1617734640,1742.56,109
1617734700,1742.44,152
1617734760,1742.64,128
1617734820,1742.90,99
1617734880,1743.39,133
1617734940,1743.91,147
1617735000,1743.67,120
1617735060,1743.29,98
1617735120,1743.35,128
1617735180,1743.29,90
1617735240,1743.52,106
1617735300,1743.21,94
1617735360,1743.29,70
1617735420,1743.19,73
1617735480,1743.29,45
1617735540,1743.41,142
1617735600,1743.91,122
1617735660,1744.02,124
1617735720,1743.92,97
1617735780,1744.03,104
1617735840,1744.43,127
1617735900,1744.39,94
1617735960,1743.99,112
1617736020,1744.13,82
1617736080,1743.86,62
1617736140,1743.94,102
1617736200,1743.45,110
1617736260,1743.44,85
1617736320,1743.28,96
1617736380,1743.22,81
1617736440,1743.36,99
1617736500,1743.43,75
1617736560,1743.16,54
1617736620,1743.15,93
1617736680,1743.15,88
1617736740,1743.35,96
1617736800,1743.23,75
1617736860,1743.25,81
1617736920,1743.13,112
1617736980,1743.27,53
1617737040,1743.13,65
1617737100,1742.16,106
1617737160,1741.94,112
1617737220,1742.06,117
1617737280,1742.02,116
1617737340,1742.12,119
1617737400,1742.14,86
1617737460,1742.15,72
1617737520,1742.12,52
1617737580,1742.03,65
1617737640,1742.17,89
1617737700,1742.24,86
1617737760,1742.33,64
1617737820,1742.30,93
1617737880,1742.01,58
1617737940,1741.87,83
1617738000,1741.67,75
1617738060,1741.87,49
1617738120,1741.88,46
1617738180,1741.70,60
1617738240,1741.69,76
1617738300,1741.69,71
1617738360,1741.76,46
1617738420,1741.44,103
1617738480,1741.22,104
1617738540,1741.51,120
1617738600,1741.23,103
1617738660,1741.38,81
1617738720,1741.49,92
1617738780,1741.55,128
1617738840,1741.51,138
1617738900,1741.68,162
1617738960,1741.98,131
1617739020,1742.07,108
1617739080,1742.24,161
1617739140,1742.55,221
1617739200,1742.71,126
1617739260,1742.92,88
1617739320,1742.92,53
1617739380,1742.39,57
1617739440,1742.27,62
1617739500,1742.28,70
1617739560,1742.30,35
1617739620,1742.31,39
1617739680,1743.52,95
1617739740,1743.50,53
1617739800,1743.56,42
1617739860,1743.61,38
1617739920,1743.56,61
1617739980,1743.55,40
1617740040,1743.77,21
1617740100,1743.73,61
1617740160,1743.79,36
1617740220,1743.77,37
1617740280,1743.64,59
1617740340,1743.55,39
1617740400,1743.81,33
1617740460,1743.67,26
1617740520,1743.72,25
1617740580,1743.77,20
1617740640,1743.77,38
1617740700,1743.85,24
1617740760,1743.86,48
1617740820,1743.90,29
1617740880,1743.87,15
1617740940,1743.94,33
1617741000,1743.92,80
1617741060,1743.80,26
1617741120,1743.78,59
1617741180,1743.65,51
1617741240,1743.85,51
1617741300,1743.80,45
1617741360,1743.82,45
1617741420,1743.74,40
1617741480,1743.89,23
1617741540,1744.09,11
1617741600,1744.12,72
1617741660,1744.07,76
1617741720,1743.95,33
1617741780,1743.84,37
1617741840,1744.06,79
1617741900,1743.77,70
1617741960,1743.71,67
1617742020,1743.41,66
1617742080,1743.58,53
1617742140,1743.60,91
1617742200,1743.40,108
1617742260,1743.49,82
1617742320,1743.38,56
1617742380,1743.34,45
1617742440,1743.07,79
1617742500,1743.32,85
1617742560,1743.39,45
1617746520,1743.24,27
1617746580,1743.18,15
1617746640,1743.20,38
1617746700,1743.35,40
1617746760,1743.09,17
1617746820,1743.21,22
1617746880,1743.39,39
1617746940,1743.22,18
1617747000,1743.11,40
1617747060,1742.94,43
1617747120,1742.77,75
1617747180,1742.70,53
1617747240,1742.79,58
1617747300,1743.14,87
1617747360,1743.04,38
1617747420,1743.03,45
1617747480,1743.13,82
1617747540,1742.94,114
1617747600,1743.06,50
1617747660,1742.97,46
1617747720,1743.44,63
1617747780,1743.43,19
1617747840,1743.73,37
1617747900,1743.71,47
1617747960,1743.80,45
1617748020,1743.78,35
1617748080,1743.90,28
1617748140,1743.96,29
1617748200,1743.86,79
1617748260,1743.88,66
1617748320,1743.64,32
1617748380,1743.82,62
1617748440,1743.79,54
1617748500,1744.18,128
1617748560,1744.09,65
1617748620,1744.07,80
1617748680,1744.09,63
1617748740,1744.05,40
1617748800,1744.00,54
1617748860,1743.91,38
1617748920,1743.88,58
1617748980,1743.78,47
1617749040,1743.69,26
1617749100,1743.36,57
1617749160,1743.33,15
1617749220,1743.29,21
1617749280,1743.16,39
1617749340,1743.43,35
1617749400,1743.42,10
1617749460,1743.23,30
1617749520,1743.24,16
1617749580,1743.49,35
1617749640,1743.52,25
1617749700,1743.64,22
1617749760,1743.68,35
1617749820,1743.55,29
1617749880,1743.19,16
1617749940,1743.01,27
1617750000,1742.82,46
1617750060,1743.10,30
1617750120,1743.18,19
1617750180,1743.19,9
1617750240,1743.18,30
1617750300,1743.14,27
1617750360,1743.06,15
1617750420,1742.97,16
1617750480,1742.95,18
1617750540,1742.93,23
1617750600,1742.82,24
1617750660,1742.54,25
1617750720,1742.61,33
1617750780,1742.62,31
1617750840,1742.78,22
1617750900,1742.87,26
1617750960,1742.88,12
1617751020,1743.04,22
1617751080,1742.88,10
1617751140,1742.91,9
1617751200,1742.89,7
1617751260,1742.89,16
1617751320,1742.70,13
1617751380,1742.70,11
1617751440,1742.52,22
1617751500,1742.64,41
1617751560,1742.64,28
1617751620,1742.72,15
1617751680,1742.73,5
1617751740,1742.93,38
1617751800,1742.86,30
1617751860,1742.92,30
1617751920,1742.91,27
1617751980,1742.91,34
1617752040,1742.97,27
1617752100,1742.95,31
1617752160,1743.13,26
1617752220,1743.13,29
1617752280,1743.26,41
1617752340,1743.33,13
1617752400,1742.94,45
1617752460,1742.84,26
1617752520,1742.97,30
1617752580,1743.03,40
1617752640,1743.24,50
1617752700,1743.33,39
1617752760,1743.34,32
1617752820,1743.42,21
1617752880,1743.31,28
1617752940,1743.32,27
1617753000,1743.42,32
1617753060,1743.36,29
1617753120,1743.40,48
1617753180,1743.41,23
1617753240,1743.36,26
1617753300,1743.56,62
1617753360,1743.71,48
1617753420,1743.66,47
1617753480,1743.53,40
1617753540,1743.25,19
1617753600,1743.27,77
1617753660,1742.94,90
1617753720,1742.35,64
1617753780,1741.95,86
1617753840,1742.07,164
1617753900,1741.91,91
1617753960,1741.91,53
1617754020,1741.73,60
1617754080,1741.85,64
1617754140,1741.97,80
1617754200,1742.26,75
1617754260,1742.33,69
1617754320,1742.23,70
1617754380,1741.89,38
1617754440,1741.64,49
1617754500,1742.16,113
1617754560,1742.00,74
1617754620,1741.97,67
1617754680,1741.86,49
1617754740,1741.87,48
1617754800,1741.78,53
1617754860,1742.66,106
1617754920,1742.09,71
1617754980,1741.91,68
1617755040,1741.93,54
1617755100,1741.51,107
1617755160,1741.59,38
1617755220,1741.60,70
1617755280,1741.64,58
1617755340,1741.89,40
1617755400,1741.64,112
1617755460,1741.38,76
1617755520,1741.43,95
1617755580,1741.30,52
1617755640,1741.26,97
1617755700,1742.06,79
1617755760,1742.28,59
1617755820,1741.96,89
1617755880,1742.06,77
1617755940,1742.02,57
1617756000,1741.42,63
1617756060,1741.59,61
1617756120,1741.68,62
1617756180,1741.57,65
1617756240,1741.56,48
1617756300,1742.01,42
1617756360,1742.02,53
1617756420,1741.39,107
1617756480,1741.32,66
1617756540,1741.45,85
1617756600,1740.94,68
1617756660,1740.76,133
1617756720,1741.08,101
1617756780,1740.98,108
1617756840,1740.99,86
1617756900,1740.94,121
1617756960,1741.03,61
1617757020,1741.05,96
1617757080,1741.01,66
1617757140,1741.09,81
1617757200,1741.67,320
1617757260,1740.49,266
1617757320,1740.17,252
1617757380,1739.87,187
1617757440,1739.71,153
1617757500,1739.75,243
1617757560,1739.18,261
1617757620,1740.22,256
1617757680,1740.46,219
1617757740,1739.88,142
1617757800,1739.90,134
1617757860,1739.26,213
1617757920,1739.10,170
1617757980,1739.53,143
1617758040,1739.82,102
1617758100,1739.79,175
1617758160,1739.85,143
1617758220,1740.11,151
1617758280,1740.19,152
1617758340,1740.28,137
1617758400,1740.30,93
1617758460,1739.92,78
1617758520,1740.10,104
1617758580,1739.70,80
1617758640,1739.77,105
1617758700,1739.20,122
1617758760,1739.43,145
1617758820,1739.07,144
1617758880,1739.18,119
1617758940,1739.26,114
1617759000,1739.37,141
1617759060,1739.14,134
1617759120,1739.52,110
1617759180,1738.99,132
1617759240,1738.81,176
1617759300,1738.35,143
1617759360,1738.55,122
1617759420,1739.00,140
1617759480,1739.41,157
1617759540,1739.73,174
1617759600,1739.13,114
1617759660,1738.93,115
1617759720,1739.00,112
1617759780,1738.79,145
1617759840,1738.71,108
1617759900,1738.63,107
1617759960,1738.40,82
1617760020,1738.36,120
1617760080,1737.93,173
1617760140,1738.19,183
1617760200,1737.98,105
1617760260,1737.67,120
1617760320,1737.62,156
1617760380,1737.71,141
1617760440,1737.80,135
1617760500,1737.21,93
1617760560,1737.54,214
1617760620,1737.27,132
1617760680,1737.30,139
1617760740,1737.27,113
1617760800,1737.23,172
1617760860,1737.35,124
1617760920,1738.15,149
1617760980,1738.31,148
1617761040,1738.56,150
1617761100,1738.30,117
1617761160,1737.92,171
1617761220,1738.02,128
1617761280,1737.90,121
1617761340,1737.38,129
1617761400,1737.29,181
1617761460,1737.16,139
1617761520,1736.59,188
1617761580,1736.60,125
1617761640,1736.45,135
1617761700,1736.77,119
1617761760,1736.66,119
1617761820,1737.22,139
1617761880,1737.09,114
1617761940,1737.19,100
1617762000,1737.06,120
1617762060,1737.40,100
1617762120,1737.03,105
1617762180,1736.94,80
1617762240,1737.22,126
1617762300,1737.01,84
1617762360,1737.36,94
1617762420,1736.85,84
1617762480,1737.04,99
1617762540,1736.92,75
1617762600,1737.16,172
1617762660,1737.77,236
1617762720,1737.85,164
1617762780,1737.75,103
1617762840,1737.87,57
1617762900,1738.05,123
1617762960,1737.39,124
1617763020,1737.55,106
1617763080,1737.85,120
1617763140,1738.07,106
1617763200,1737.96,192
1617763260,1737.87,141
1617763320,1738.25,130
1617763380,1738.03,112
1617763440,1737.97,101
1617763500,1737.73,172
1617763560,1737.70,162
1617763620,1737.82,139
1617763680,1737.84,98
1617763740,1737.54,163
1617763800,1737.55,132
1617763860,1737.64,111
1617763920,1737.18,158
1617763980,1737.07,158
1617764040,1736.89,182
1617764100,1736.85,132
1617764160,1736.17,135
1617764220,1736.03,172
1617764280,1735.87,151
1617764340,1736.50,161
1617764400,1736.50,125
1617764460,1736.55,79
1617764520,1736.65,65
1617764580,1736.65,120
1617764640,1736.47,85
1617764700,1736.68,111
1617764760,1736.77,108
1617764820,1736.61,102
1617764880,1736.86,92
1617764940,1736.58,114
1617765000,1736.37,91
1617765060,1736.83,112
1617765120,1736.87,98
1617765180,1737.38,73
1617765240,1737.31,100
1617765300,1737.25,122
1617765360,1736.68,134
1617765420,1736.85,141
1617765480,1737.08,128
1617765540,1737.36,98
1617765600,1737.45,67
1617765660,1737.37,80
1617765720,1737.46,57
1617765780,1737.58,94
1617765840,1737.35,97
1617765900,1737.31,123
1617765960,1737.05,77
1617766020,1737.14,77
1617766080,1737.41,76
1617766140,1737.61,84
1617766200,1737.57,70
1617766260,1737.81,99
1617766320,1737.89,54
1617766380,1738.01,61
1617766440,1738.23,106
1617766500,1738.29,102
1617766560,1738.09,79
1617766620,1738.01,84
1617766680,1737.96,40
1617766740,1737.80,44
1617766800,1737.80,48
1617766860,1737.77,64
1617766920,1737.91,78
1617766980,1737.85,55
1617767040,1737.84,68
1617767100,1737.85,68
1617767160,1737.82,57
1617767220,1737.83,78
1617767280,1737.76,36
1617767340,1737.84,71
1617767400,1738.12,56
1617767460,1738.13,42
1617767520,1738.05,54
1617767580,1737.86,34
1617767640,1737.97,48
1617767700,1738.01,46
1617767760,1738.09,68
1617767820,1738.18,93
1617767880,1738.21,74
1617767940,1738.22,57
1617768000,1738.15,71
1617768060,1738.38,65
1617768120,1738.41,58
1617768180,1738.33,71
1617768240,1738.43,69
1617768300,1738.46,45
1617768360,1738.44,33
1617768420,1738.67,44
1617768480,1738.45,41
1617768540,1738.44,42
1617768600,1738.55,32
1617768660,1738.69,16
1617768720,1738.37,54
1617768780,1738.37,32
1617768840,1738.58,22
1617768900,1738.56,47
1617768960,1738.57,31
1617769020,1738.68,13
1617769080,1738.59,36
1617769140,1738.55,32
1617769200,1738.72,40
1617769260,1738.72,32
1617769320,1738.92,53
1617769380,1738.96,47
1617769440,1738.87,72
1617769500,1738.68,64
1617769560,1738.60,42
1617769620,1738.56,57
1617769680,1738.30,48
1617769740,1738.45,75
1617769800,1738.51,53
1617769860,1738.49,62
1617769920,1738.76,79
1617769980,1738.64,54
1617770040,1738.74,72
1617770100,1738.72,55
1617770160,1738.44,40
1617770220,1738.49,28
1617770280,1738.56,45
1617770340,1738.77,47
1617770400,1738.92,73
1617770460,1738.95,51
1617770520,1738.73,44
1617770580,1738.71,20
1617770640,1738.64,22
1617770700,1738.53,43
1617770760,1738.53,47
1617770820,1738.73,56
1617770880,1738.90,47
1617770940,1738.97,74
1617771000,1739.08,83
1617771060,1738.93,51
1617771120,1738.83,32
1617771180,1738.85,53
1617771240,1738.78,53
1617771300,1738.89,33
1617771360,1738.97,46
1617771420,1738.93,39
1617771480,1739.01,54
1617771540,1739.19,53
1617771600,1739.12,78
1617771660,1738.94,39
1617771720,1739.04,44
1617771780,1738.75,78
1617771840,1738.62,65
1617771900,1738.77,68
1617771960,1739.07,51
1617772020,1738.89,37
1617772080,1738.95,37
1617772140,1739.02,37
1617772200,1738.90,54
1617772260,1738.95,42
1617772320,1739.16,77
1617772380,1739.05,50
1617772440,1738.98,79
1617772500,1739.05,33
1617772560,1738.96,44
1617772620,1739.00,67
1617772680,1738.68,59
1617772740,1738.58,96
1617772800,1738.53,82
1617772860,1738.64,79
1617772920,1738.58,87
1617772980,1738.69,48
1617773040,1738.72,54
1617773100,1738.60,54
1617773160,1738.65,62
1617773220,1738.76,85
1617773280,1738.33,51
1617773340,1738.33,116
1617773400,1738.61,196
1617773460,1738.02,178
1617773520,1738.06,125
1617773580,1737.96,110
1617773640,1738.14,128
1617773700,1737.55,108
1617773760,1737.26,187
1617773820,1737.29,171
1617773880,1737.49,113
1617773940,1737.54,132
1617774000,1737.63,133
1617774060,1737.60,89
1617774120,1737.72,85
1617774180,1737.40,92
1617774240,1737.19,111
1617774300,1737.54,129
1617774360,1737.48,98
1617774420,1737.17,92
1617774480,1737.14,111
1617774540,1737.61,133
1617774600,1737.76,124
1617774660,1737.99,111
1617774720,1737.65,112
1617774780,1737.93,110
1617774840,1737.92,124
1617774900,1737.98,123
1617774960,1738.17,102
1617775020,1738.23,83
1617775080,1737.68,87
1617775140,1737.77,103
1617775200,1738.45,162
1617775260,1738.52,193
1617775320,1738.31,147
1617775380,1738.43,87
1617775440,1738.67,94
1617775500,1738.36,144
1617775560,1738.48,145
1617775620,1737.71,184
1617775680,1737.41,178
1617775740,1736.71,177
1617775800,1736.57,249
1617775860,1736.92,202
1617775920,1737.17,139
1617775980,1736.64,131
1617776040,1737.29,132
1617776100,1737.49,167
1617776160,1737.75,135
1617776220,1738.03,122
1617776280,1738.27,153
1617776340,1738.21,143
1617776400,1738.50,168
1617776460,1738.81,143
1617776520,1739.00,143
1617776580,1738.85,130
1617776640,1739.02,141
1617776700,1739.25,134
1617776760,1739.43,113
1617776820,1739.71,157
1617776880,1739.49,128
1617776940,1739.63,165
1617777000,1739.59,153
1617777060,1739.42,210
1617777120,1740.74,249
1617777180,1740.79,231
1617777240,1741.09,222
1617777300,1741.77,201
1617777360,1742.00,244
1617777420,1741.77,182
1617777480,1742.14,161
1617777540,1742.05,212
1617777600,1742.18,189
1617777660,1742.07,189
1617777720,1741.81,172
1617777780,1741.76,198
1617777840,1742.01,169
1617777900,1741.80,187
1617777960,1741.95,126
1617778020,1741.94,174
1617778080,1741.97,148
1617778140,1742.18,110
1617778200,1741.46,153
1617778260,1741.34,158
1617778320,1741.38,97
1617778380,1741.57,120
1617778440,1741.38,110
1617778500,1741.08,151
1617778560,1740.61,117
1617778620,1741.06,164
1617778680,1741.42,219
1617778740,1741.31,230
1617778800,1741.12,223
1617778860,1741.76,196
1617778920,1741.64,186
1617778980,1741.33,253
1617779040,1741.21,227
1617779100,1741.39,176
1617779160,1741.33,216
1617779220,1741.00,214
1617779280,1740.87,167
1617779340,1741.26,133
1617779400,1741.14,167
1617779460,1741.43,158
1617779520,1740.27,231
1617779580,1740.37,206
1617779640,1740.59,165
1617779700,1740.67,210
1617779760,1740.31,198
1617779820,1740.29,199
1617779880,1740.54,146
1617779940,1741.08,184
1617780000,1740.61,173
1617780060,1740.34,135
1617780120,1739.71,174
1617780180,1739.88,187
1617780240,1740.54,180
1617780300,1741.15,185
1617780360,1741.37,216
1617780420,1741.02,140
1617780480,1740.58,134
1617780540,1740.15,142
1617780600,1740.70,192
1617780660,1740.94,202
1617780720,1741.41,158
1617780780,1740.57,152
1617780840,1740.91,143
1617780900,1740.48,157
1617780960,1740.46,140
1617781020,1740.45,109
1617781080,1739.80,138
1617781140,1739.80,177
1617781200,1739.94,151
1617781260,1739.84,109
1617781320,1740.11,204
1617781380,1740.12,164
1617781440,1739.68,193
1617781500,1739.79,154
1617781560,1739.63,119
1617781620,1740.37,137
1617781680,1740.67,165
1617781740,1740.86,165
1617781800,1740.73,151
1617781860,1740.36,94
1617781920,1740.26,120
1617781980,1740.57,110
1617782040,1741.32,158
1617782100,1741.23,167
1617782160,1741.02,134
1617782220,1741.32,112
1617782280,1741.07,174
1617782340,1740.99,163
1617782400,1740.69,174
1617782460,1740.45,195
1617782520,1740.42,162
1617782580,1740.11,142
1617782640,1739.72,99
1617782700,1739.15,167
1617782760,1739.15,134
1617782820,1739.14,154
1617782880,1738.82,139
1617782940,1738.77,148
1617783000,1737.79,202
1617783060,1737.29,212
1617783120,1737.25,267
1617783180,1736.99,200
1617783240,1737.03,239
1617783300,1736.72,167
1617783360,1737.03,227
1617783420,1736.84,230
1617783480,1736.61,171
1617783540,1737.21,216
1617783600,1737.26,206
1617783660,1736.97,167
1617783720,1737.06,202
1617783780,1737.11,181
1617783840,1736.85,175
1617783900,1737.39,155
1617783960,1736.73,191
1617784020,1737.18,156
1617784080,1737.38,111
1617784140,1737.46,100
1617784200,1737.66,140
1617784260,1737.93,171
1617784320,1738.09,185
1617784380,1738.33,164
1617784440,1738.17,146
1617784500,1738.21,171
1617784560,1738.56,175
1617784620,1738.72,155
1617784680,1738.52,139
1617784740,1738.53,154
1617784800,1738.65,100
1617784860,1738.32,115
1617784920,1737.96,193
1617784980,1738.02,119
1617785040,1737.63,96
1617785100,1737.55,109
1617785160,1738.02,107
1617785220,1738.47,115
1617785280,1738.38,126
1617785340,1738.64,105
1617785400,1738.68,128
1617785460,1739.05,157
1617785520,1738.73,163
1617785580,1739.05,118
1617785640,1739.06,85
1617785700,1738.55,134
1617785760,1738.70,75
1617785820,1738.41,79
1617785880,1738.01,136
1617785940,1738.00,147
1617786000,1737.98,94
1617786060,1737.83,101
1617786120,1738.28,150
1617786180,1737.86,155
1617786240,1737.48,97
1617786300,1737.50,160
1617786360,1737.04,146
1617786420,1736.89,129
1617786480,1736.76,126
1617786540,1737.00,121
1617786600,1737.62,124
1617786660,1737.55,168
1617786720,1737.37,126
1617786780,1737.02,144
1617786840,1737.69,186
1617786900,1736.90,184
1617786960,1737.39,187
1617787020,1736.98,149
1617787080,1737.21,158
1617787140,1736.93,129
1617787200,1737.11,108
1617787260,1736.85,82
1617787320,1736.74,128
1617787380,1737.31,169
1617787440,1737.22,108
1617787500,1737.25,83
1617787560,1737.28,85
1617787620,1737.33,108
1617787680,1737.18,51
1617787740,1737.16,89
1617787800,1736.50,132
1617787860,1736.34,143
1617787920,1736.30,102
1617787980,1736.46,97
1617788040,1736.69,150
1617788100,1736.95,128
1617788160,1737.20,126
1617788220,1737.17,119
1617788280,1737.43,90
1617788340,1737.39,130
1617788400,1737.23,66
1617788460,1737.41,140
1617788520,1737.32,97
1617788580,1737.33,82
1617788640,1737.47,89
1617788700,1737.21,123
1617788760,1737.52,113
1617788820,1737.44,106
1617788880,1737.53,78
1617788940,1737.48,69
1617789000,1737.51,59
1617789060,1737.41,116
1617789120,1737.36,102
1617789180,1737.50,104
1617789240,1737.46,107
1617789300,1737.66,100
1617789360,1737.87,116
1617789420,1737.66,172
1617789480,1737.70,107
1617789540,1737.78,84
1617789600,1737.31,76
1617789660,1737.42,145
1617789720,1737.37,102
1617789780,1737.58,117
1617789840,1737.86,141
1617789900,1738.08,111
1617789960,1738.47,208
1617790020,1738.35,104
1617790080,1738.44,121
1617790140,1738.27,124
1617790200,1738.46,117
1617790260,1738.48,140
1617790320,1738.52,159
1617790380,1738.73,143
1617790440,1738.92,125
1617790500,1738.93,116
1617790560,1739.11,90
1617790620,1739.09,104
1617790680,1738.50,171
1617790740,1738.20,121
1617790800,1738.58,67
1617790860,1738.52,93
1617790920,1738.04,113
1617790980,1737.65,94
1617791040,1737.65,83
1617791100,1737.06,175
1617791160,1737.04,168
1617791220,1737.14,158
1617791280,1736.85,104
1617791340,1736.46,152
1617791400,1736.83,209
1617791460,1737.38,163
1617791520,1737.15,169
1617791580,1737.44,172
1617791640,1737.57,159
1617791700,1736.56,152
1617791760,1736.46,181
1617791820,1736.05,157
1617791880,1736.32,133
1617791940,1736.32,127
1617792000,1736.43,166
1617792060,1736.11,265
1617792120,1735.99,204
1617792180,1736.13,186
1617792240,1736.09,143
1617792300,1735.98,113
1617792360,1736.26,141
1617792420,1736.77,149
1617792480,1736.46,123
1617792540,1736.30,137
1617792600,1737.04,173
1617792660,1737.21,139
1617792720,1737.32,174
1617792780,1737.52,117
1617792840,1737.77,193
1617792900,1738.13,173
1617792960,1738.39,149
1617793020,1738.46,176
1617793080,1738.51,118
1617793140,1738.27,152
1617793200,1737.99,154
1617793260,1738.14,192
1617793320,1738.07,195
1617793380,1737.83,207
1617793440,1737.83,167
1617793500,1737.79,142
1617793560,1737.66,150
1617793620,1737.81,144
1617793680,1737.86,147
1617793740,1737.93,107
1617793800,1735.56,215
1617793860,1736.60,285
1617793920,1736.21,170
1617793980,1735.73,187
1617794040,1735.70,146
1617794100,1735.55,197
1617794160,1735.60,224
1617794220,1734.73,193
1617794280,1735.30,144
1617794340,1735.04,165
1617794400,1734.86,159
1617794460,1734.87,155
1617794520,1734.92,161
1617794580,1734.08,262
1617794640,1733.97,248
1617794700,1734.09,181
1617794760,1734.16,160
1617794820,1734.12,123
1617794880,1734.07,129
1617794940,1733.96,162
1617795000,1734.20,161
1617795060,1734.50,167
1617795120,1734.34,97
1617795180,1734.07,105
1617795240,1734.32,101
1617795300,1733.97,145
1617795360,1734.07,118
1617795420,1734.56,159
1617795480,1734.46,157
1617795540,1734.58,120
1617795600,1734.94,147
1617795660,1735.68,175
1617795720,1735.24,209
1617795780,1735.35,138
1617795840,1735.72,133
1617795900,1735.81,151
1617795960,1735.70,141
1617796020,1735.88,176
1617796080,1735.38,148
1617796140,1735.30,152
1617796200,1735.19,117
1617796260,1734.60,140
1617796320,1734.07,263
1617796380,1734.28,163
1617796440,1735.21,156
1617796500,1734.31,167
1617796560,1734.13,197
1617796620,1733.99,153
1617796680,1734.02,151
1617796740,1734.59,160
1617796800,1733.20,283
1617796860,1732.25,343
1617796920,1732.98,307
1617796980,1732.52,191
1617797040,1732.09,296
1617797100,1733.05,273
1617797160,1733.12,219
1617797220,1732.58,272
1617797280,1732.92,189
1617797340,1732.89,170
1617797400,1733.39,231
1617797460,1732.88,159
1617797520,1733.23,149
1617797580,1733.03,177
1617797640,1732.71,196
1617797700,1733.20,227
1617797760,1733.17,262
1617797820,1731.15,289
1617797880,1731.56,270
1617797940,1732.93,277
1617798000,1732.09,283
1617798060,1732.08,280
1617798120,1731.90,238
1617798180,1732.05,168
1617798240,1733.14,202
1617798300,1733.08,228
1617798360,1733.93,245
1617798420,1734.79,281
1617798480,1735.28,235
1617798540,1734.66,223
1617798600,1735.07,200
1617798660,1735.16,217
1617798720,1735.21,199
1617798780,1735.92,215
1617798840,1736.34,308
1617798900,1736.26,224
1617798960,1736.53,234
1617799020,1736.23,309
1617799080,1735.87,268
1617799140,1735.83,234
1617799200,1735.55,239
1617799260,1735.70,224
1617799320,1735.11,289
1617799380,1735.47,233
1617799440,1735.12,186
1617799500,1735.78,248
1617799560,1735.72,258
1617799620,1736.24,202
1617799680,1735.58,227
1617799740,1735.91,212
1617799800,1736.26,246
1617799860,1735.70,187
1617799920,1736.29,226
1617799980,1736.06,202
1617800040,1736.17,198
1617800100,1736.84,268
1617800160,1738.64,337
1617800220,1737.29,285
1617800280,1738.10,246
1617800340,1737.95,278
1617800400,1737.39,380
1617800460,1736.83,271
1617800520,1737.23,248
1617800580,1736.97,268
1617800640,1737.46,276
1617800700,1737.40,283
1617800760,1736.89,230
1617800820,1736.76,221
1617800880,1736.67,208
1617800940,1736.78,170
1617801000,1736.84,238
1617801060,1736.77,197
1617801120,1736.66,215
1617801180,1736.51,230
1617801240,1736.45,252
1617801300,1736.78,177
1617801360,1736.75,220
1617801420,1736.00,233
1617801480,1735.52,285
1617801540,1735.55,246
1617801600,1736.06,233
1617801660,1735.85,181
1617801720,1735.79,234
1617801780,1735.42,168
1617801840,1735.70,163
1617801900,1736.46,174
1617801960,1737.24,247
1617802020,1737.55,237
1617802080,1737.89,271
1617802140,1738.13,256
1617802200,1737.87,343
1617802260,1737.54,303
1617802320,1737.08,297
1617802380,1736.25,299
1617802440,1735.87,372
1617802500,1736.07,323
1617802560,1736.02,266
1617802620,1736.14,293
1617802680,1735.52,319
1617802740,1734.70,309
1617802800,1735.55,308
1617802860,1735.69,270
1617802920,1736.64,294
1617802980,1736.91,258
1617803040,1736.63,220
1617803100,1735.90,259
1617803160,1736.95,303
1617803220,1736.99,247
1617803280,1736.68,248
1617803340,1736.88,263
1617803400,1736.82,240
1617803460,1737.67,253
1617803520,1737.84,257
1617803580,1737.53,226
1617803640,1738.24,236
1617803700,1739.58,313
1617803760,1739.91,247
1617803820,1739.57,277
1617803880,1739.95,246
1617803940,1739.99,265
1617804000,1738.04,368
1617804060,1737.96,325
1617804120,1737.68,282
1617804180,1737.76,328
1617804240,1738.51,286
1617804300,1738.57,247
1617804360,1739.02,288
1617804420,1739.41,269
1617804480,1739.56,254
1617804540,1739.43,195
1617804600,1739.72,205
1617804660,1740.82,314
1617804720,1740.60,338
1617804780,1740.00,302
1617804840,1740.18,298
1617804900,1739.01,320
1617804960,1738.75,263
1617805020,1739.38,262
1617805080,1739.38,246
1617805140,1738.85,320
1617805200,1738.82,275
1617805260,1739.25,258
1617805320,1738.30,253
1617805380,1738.60,257
1617805440,1738.86,214
1617805500,1738.48,230
1617805560,1738.59,228
1617805620,1739.56,232
1617805680,1740.37,272
1617805740,1740.33,262
1617805800,1739.55,310
1617805860,1739.88,207
1617805920,1738.94,183
1617805980,1738.83,208
1617806040,1738.83,194
1617806100,1739.24,240
1617806160,1738.98,217
1617806220,1738.57,245
1617806280,1739.23,200
1617806340,1739.61,208
1617806400,1739.76,249
1617806460,1739.86,235
1617806520,1740.06,221
1617806580,1740.39,246
1617806640,1740.59,233
1617806700,1740.91,279
1617806760,1741.68,313
1617806820,1740.59,301
1617806880,1740.81,305
1617806940,1741.05,269
1617807000,1740.98,255
1617807060,1740.62,219
1617807120,1740.33,209
1617807180,1740.06,258
1617807240,1740.13,249
1617807300,1740.37,198
1617807360,1740.29,240
1617807420,1740.70,250
1617807480,1740.58,312
1617807540,1741.19,243
1617807600,1741.51,224
1617807660,1740.90,225
1617807720,1741.16,263
1617807780,1740.82,163
1617807840,1740.67,176
1617807900,1741.62,185
1617807960,1741.62,185
1617808020,1741.71,225
1617808080,1741.86,219
1617808140,1742.23,281
1617808200,1742.48,168
1617808260,1742.42,180
1617808320,1742.61,216
1617808380,1742.65,251
1617808440,1742.52,229
1617808500,1742.58,241
1617808560,1741.53,244
1617808620,1741.97,224
1617808680,1742.21,203
1617808740,1742.47,226
1617808800,1741.78,192
1617808860,1742.21,219
1617808920,1742.46,132
1617808980,1742.50,187
1617809040,1741.10,236
1617809100,1740.98,232
1617809160,1740.59,220
1617809220,1740.74,326
1617809280,1739.98,276
1617809340,1740.60,192
1617809400,1739.27,304
1617809460,1739.63,240
1617809520,1739.42,292
1617809580,1739.56,257
1617809640,1740.06,257
1617809700,1740.35,215
1617809760,1740.29,182
1617809820,1740.44,189
1617809880,1740.49,206
1617809940,1740.46,218
1617810000,1740.62,253
1617810060,1740.60,219
1617810120,1740.59,198
1617810180,1740.60,206
1617810240,1740.08,196
1617810300,1739.76,190
1617810360,1739.54,216
1617810420,1739.84,226
1617810480,1740.05,193
1617810540,1740.30,148
1617810600,1740.23,188
1617810660,1740.26,158
1617810720,1740.52,161
1617810780,1740.26,163
1617810840,1740.69,201
1617810900,1740.53,150
1617810960,1740.59,192
1617811020,1741.14,208
1617811080,1741.13,207
1617811140,1741.40,202
1617811200,1741.13,208
1617811260,1741.05,193
1617811320,1741.36,174
1617811380,1740.99,167
1617811440,1740.66,177
1617811500,1740.37,107
1617811560,1740.78,150
1617811620,1741.26,196
1617811680,1741.52,151
1617811740,1741.56,119
1617811800,1741.44,115
1617811860,1741.25,125
1617811920,1741.53,97
1617811980,1741.44,87
1617812040,1741.47,106
1617812100,1741.13,124
1617812160,1740.94,142
1617812220,1740.88,158
1617812280,1741.03,143
1617812340,1741.21,154
1617812400,1741.01,138
1617812460,1741.06,145
1617812520,1740.90,137
1617812580,1740.80,140
1617812640,1741.11,153
1617812700,1740.78,102
1617812760,1740.70,198
1617812820,1740.77,142
1617812880,1740.97,157
1617812940,1740.80,134
1617813000,1740.86,130
1617813060,1740.41,115
1617813120,1740.61,157
1617813180,1740.76,156
1617813240,1740.74,134
1617813300,1740.94,109
1617813360,1740.92,110
1617813420,1741.14,123
1617813480,1741.18,117
1617813540,1741.04,120
1617813600,1741.25,109
1617813660,1740.86,118
1617813720,1740.98,49
1617813780,1740.96,66
1617813840,1741.14,110
1617813900,1740.75,125
1617813960,1740.84,85
1617814020,1740.75,98
1617814080,1740.84,93
1617814140,1740.69,99
1617814200,1740.28,156
1617814260,1740.73,134
1617814320,1740.74,118
1617814380,1740.62,70
1617814440,1740.11,83
1617814500,1740.01,83
1617814560,1740.03,110
1617814620,1740.28,52
1617814680,1740.18,108
1617814740,1740.49,140
1617814800,1740.48,106
1617814860,1740.80,109
1617814920,1741.05,123
1617814980,1740.62,124
1617815040,1740.70,91
1617815100,1740.52,124
1617815160,1740.77,87
1617815220,1740.78,96
1617815280,1740.69,97
1617815340,1740.69,64
1617815400,1740.74,153
1617815460,1740.99,118
1617815520,1741.59,120
1617815580,1741.85,168
1617815640,1741.76,155
1617815700,1741.79,124
1617815760,1741.90,161
1617815820,1741.97,152
1617815880,1741.98,166
1617815940,1741.94,139
1617816000,1741.84,174
1617816060,1741.53,152
1617816120,1741.53,145
1617816180,1741.39,160
1617816240,1741.17,164
1617816300,1741.27,105
1617816360,1741.08,62
1617816420,1741.12,105
1617816480,1740.47,128
1617816540,1740.68,163
1617816600,1740.11,125
1617816660,1740.06,125
1617816720,1739.73,161
1617816780,1739.96,120
1617816840,1740.19,101
1617816900,1739.93,147
1617816960,1740.10,126
1617817020,1740.01,67
1617817080,1739.76,110
1617817140,1739.89,109
1617817200,1739.79,73
1617817260,1739.98,84
1617817320,1740.10,79
1617817380,1739.88,102
1617817440,1739.78,56
1617817500,1739.58,83
1617817560,1739.37,118
1617817620,1739.67,83
1617817680,1739.33,91
1617817740,1739.53,117
1617817800,1739.80,104
1617817860,1739.72,46
1617817920,1739.43,68
1617817980,1739.53,75
1617818040,1739.45,47
1617818100,1739.85,50
1617818160,1739.96,63
1617818220,1740.00,46
1617818280,1740.09,45
1617818340,1740.31,159
1617818400,1740.47,105
1617818460,1740.11,102
1617818520,1740.10,196
1617818580,1740.00,195
1617818640,1739.44,241
1617818700,1739.17,234
1617818760,1740.00,223
1617818820,1740.42,229
1617818880,1740.90,239
1617818940,1741.15,178
1617819000,1741.00,144
1617819060,1740.91,182
1617819120,1741.13,125
1617819180,1741.46,140
1617819240,1741.52,115
1617819300,1742.04,119
1617819360,1742.43,127
1617819420,1742.38,76
1617819480,1741.59,118
1617819540,1741.89,89
1617819600,1741.98,103
1617819660,1741.58,107
1617819720,1741.02,134
1617819780,1740.98,88
1617819840,1740.90,73
1617819900,1740.93,107
1617819960,1740.40,123
1617820020,1740.00,157
1617820080,1739.89,124
1617820140,1740.00,165
1617820200,1740.10,176
1617820260,1740.51,74
1617820320,1740.20,70
1617820380,1740.10,79
1617820440,1740.04,107
1617820500,1739.64,126
1617820560,1739.73,95
1617820620,1739.83,106
1617820680,1739.64,84
1617820740,1740.02,103
1617820800,1740.14,114
1617820860,1739.86,67
1617820920,1739.92,44
1617820980,1740.06,85
1617821040,1739.89,110
1617821100,1739.71,75
1617821160,1739.71,69
1617821220,1739.71,112
1617821280,1739.72,107
1617821340,1739.42,96
1617821400,1739.38,138
1617821460,1739.24,129
1617821520,1739.56,94
1617821580,1739.48,99
1617821640,1739.81,101
1617821700,1739.75,109
1617821760,1739.58,116
1617821820,1739.69,160
1617821880,1739.28,151
1617821940,1739.18,200
1617822000,1739.59,163
1617822060,1739.17,128
1617822120,1739.15,144
1617822180,1738.79,94
1617822240,1738.79,93
1617822300,1738.23,131
1617822360,1738.04,152
1617822420,1738.20,113
1617822480,1737.52,153
1617822540,1737.44,135
1617822600,1737.36,109
1617822660,1737.06,180
1617822720,1737.16,107
1617822780,1737.45,153
1617822840,1737.33,141
1617822900,1736.41,165
1617822960,1736.44,133
1617823020,1736.44,108
1617823080,1736.05,115
1617823140,1736.27,173
1617823200,1736.08,134
1617823260,1736.58,135
1617823320,1736.74,117
1617823380,1736.58,81
1617823440,1736.40,115
1617823500,1736.62,101
1617823560,1736.36,111
1617823620,1736.51,118
1617823680,1736.34,97
1617823740,1736.28,139
1617823800,1736.73,151
1617823860,1736.32,129
1617823920,1736.80,137
1617823980,1736.70,94
1617824040,1736.41,100
1617824100,1736.06,117
1617824160,1735.98,90
1617824220,1735.64,111
1617824280,1735.82,97
1617824340,1735.93,68
1617824400,1736.69,109
1617824460,1736.23,148
1617824520,1736.34,60
1617824580,1736.36,102
1617824640,1735.74,137
1617824700,1736.12,132
1617824760,1736.48,160
1617824820,1736.40,93
1617824880,1736.27,96
1617824940,1736.17,122
1617825000,1736.52,152
1617825060,1736.51,84
1617825120,1736.64,93
1617825180,1736.60,108
1617825240,1736.80,113
1617825300,1737.00,138
1617825360,1736.98,112
1617825420,1737.34,146
1617825480,1737.04,157
1617825540,1737.38,200
1617825600,1737.10,158
1617825660,1737.37,84
1617825720,1737.25,37
1617825780,1737.46,65
1617825840,1737.52,65
1617825900,1737.55,37
1617825960,1737.51,74
1617826020,1737.61,30
1617826080,1737.61,32
1617826140,1737.71,20
1617826200,1738.12,43
1617826260,1737.98,51
1617826320,1737.71,40
1617826380,1737.78,23
1617826440,1737.95,45
1617826500,1737.97,79
1617826560,1737.58,26
1617826620,1737.35,25
1617826680,1737.38,4
1617826740,1737.36,34
1617826800,1737.44,30
1617826860,1737.53,12
1617826920,1737.26,15
1617826980,1737.13,21
1617827040,1737.10,29
1617827100,1736.91,41
1617827160,1736.89,26
1617827220,1736.86,38
1617827280,1736.89,44
1617827340,1736.76,54
1617827400,1736.75,42
1617827460,1736.67,36
1617827520,1736.44,21
1617827580,1736.54,22
1617827640,1736.65,52
1617827700,1736.75,70
1617827760,1736.29,44
1617827820,1736.18,44
1617827880,1736.30,31
1617827940,1736.81,36
1617828000,1736.68,41
1617828060,1736.66,44
1617828120,1736.60,45
1617828180,1736.78,42
1617828240,1736.68,23
1617828300,1736.78,38
1617828360,1736.86,25
1617828420,1737.18,33
1617828480,1737.35,35
1617828540,1737.39,69
1617828600,1737.40,47
1617828660,1737.48,33
1617828720,1737.53,38
1617828780,1737.58,10
1617828840,1737.59,37
1617828900,1737.59,97
1617828960,1737.48,47
1617832920,1738.27,31
1617832980,1737.48,57
1617833040,1737.56,47
1617833100,1737.59,47
1617833160,1737.47,33
1617833220,1737.29,26
1617833280,1737.21,61
1617833340,1737.10,29
1617833400,1737.04,16
1617833460,1737.19,25
1617833520,1737.11,22
1617833580,1737.03,28
1617833640,1737.00,53
1617833700,1736.86,55
1617833760,1736.67,30
1617833820,1736.69,29
1617833880,1736.77,25
1617833940,1736.73,33
1617834000,1736.78,8
1617834060,1736.67,18
1617834120,1736.75,22
1617834180,1736.87,22
1617834240,1736.86,29
1617834300,1736.81,10
1617834360,1736.91,24
1617834420,1736.82,20
1617834480,1736.72,15
1617834540,1736.56,34
1617834600,1736.47,26
1617834660,1736.45,22
1617834720,1736.54,21
1617834780,1736.34,26
1617834840,1736.80,30
1617834900,1736.74,43
1617834960,1736.86,36
1617835020,1736.99,22
1617835080,1736.82,44
1617835140,1736.67,44
1617835200,1736.26,51
1617835260,1736.60,44
1617835320,1736.56,44
1617835380,1736.61,56
1617835440,1736.87,39
1617835500,1736.84,34
1617835560,1737.04,50
1617835620,1737.02,48
1617835680,1737.12,22
1617835740,1737.24,31
1617835800,1737.09,24
1617835860,1737.28,55
1617835920,1737.34,142
1617835980,1736.86,92
1617836040,1736.52,84
1617836100,1736.46,33
1617836160,1736.45,45
1617836220,1736.25,47
1617836280,1736.45,19
1617836340,1736.67,53
1617836400,1736.22,87
1617836460,1736.39,49
1617836520,1736.45,14
1617836580,1736.68,24
1617836640,1736.84,39
1617836700,1736.66,42
1617836760,1736.59,26
1617836820,1736.57,33
1617836880,1736.58,17
1617836940,1736.56,20
1617837000,1736.19,34
1617837060,1736.33,45
1617837120,1736.36,54
1617837180,1735.96,73
1617837240,1736.05,53
1617837300,1735.82,118
1617837360,1735.72,118
1617837420,1735.46,140
1617837480,1735.60,109
1617837540,1735.57,93
1617837600,1735.67,37
1617837660,1735.79,45
1617837720,1736.18,77
1617837780,1736.15,44
1617837840,1736.20,36
1617837900,1736.14,71
1617837960,1736.38,47
1617838020,1736.40,42
1617838080,1736.44,67
1617838140,1736.47,98
1617838200,1736.67,88
1617838260,1736.54,102
1617838320,1736.73,105
1617838380,1736.98,161
1617838440,1736.90,67
1617838500,1736.98,72
1617838560,1736.69,66
1617838620,1736.49,24
1617838680,1736.26,85
1617838740,1736.29,28
1617838800,1736.58,38
1617838860,1736.55,26
1617838920,1736.47,45
1617838980,1736.47,18
1617839040,1736.74,25
1617839100,1736.87,35
1617839160,1736.95,35
1617839220,1736.83,50
1617839280,1736.73,45
1617839340,1736.63,24
1617839400,1736.45,23
1617839460,1736.65,58
1617839520,1736.77,36
1617839580,1736.84,22
1617839640,1736.88,49
1617839700,1736.98,44
1617839760,1737.07,42
1617839820,1737.03,30
1617839880,1736.99,40
1617839940,1736.87,32
1617840000,1736.56,168
1617840060,1736.47,75
1617840120,1736.68,63
1617840180,1736.57,77
1617840240,1736.77,92
1617840300,1736.95,64
1617840360,1736.80,88
1617840420,1736.76,56
1617840480,1736.81,64
1617840540,1736.73,86
1617840600,1737.02,96
1617840660,1737.11,54
1617840720,1737.21,92
1617840780,1737.19,63
1617840840,1737.04,68
1617840900,1736.93,110
1617840960,1736.73,50
1617841020,1736.70,52
1617841080,1736.60,49
1617841140,1736.58,39
1617841200,1736.60,51
1617841260,1736.60,61
1617841320,1736.82,54
1617841380,1736.90,47
1617841440,1736.72,60
1617841500,1736.72,46
1617841560,1736.63,44
1617841620,1736.53,35
1617841680,1736.22,37
1617841740,1736.62,72
1617841800,1736.76,90
1617841860,1736.74,56
1617841920,1736.71,65
1617841980,1736.76,51
1617842040,1736.78,30
1617842100,1736.66,63
1617842160,1736.70,53
1617842220,1736.67,44
1617842280,1736.92,47
1617842340,1737.12,39
1617842400,1737.07,20
1617842460,1737.12,37
1617842520,1736.88,54
1617842580,1736.88,43
1617842640,1736.41,51
1617842700,1736.99,125
1617842760,1736.87,106
1617842820,1736.72,53
1617842880,1736.70,42
1617842940,1736.60,39
1617843000,1736.70,77
1617843060,1737.02,63
1617843120,1736.44,92
1617843180,1736.55,93
1617843240,1736.44,109
1617843300,1736.63,95
1617843360,1736.53,103
1617843420,1736.52,47
1617843480,1736.49,61
1617843540,1736.28,83
1617843600,1735.04,319
1617843660,1735.05,242
1617843720,1735.55,219
1617843780,1735.16,211
1617843840,1735.31,229
1617843900,1734.95,132
1617843960,1734.71,199
1617844020,1735.84,158
1617844080,1735.40,132
1617844140,1735.34,117
1617844200,1735.52,192
1617844260,1735.17,138
1617844320,1734.74,158
1617844380,1734.77,132
1617844440,1734.95,126
1617844500,1734.55,152
1617844560,1734.60,188
1617844620,1734.83,134
1617844680,1734.67,143
1617844740,1733.29,250
1617844800,1733.64,250
1617844860,1734.13,176
1617844920,1734.46,166
1617844980,1734.68,117
1617845040,1734.51,140
1617845100,1734.45,172
1617845160,1734.78,196
1617845220,1735.20,189
1617845280,1735.49,220
1617845340,1735.19,170
1617845400,1735.06,177
1617845460,1735.25,130
1617845520,1735.57,161
1617845580,1735.46,84
1617845640,1735.89,119
1617845700,1736.13,138
1617845760,1736.24,172
1617845820,1736.36,179
1617845880,1736.19,160
1617845940,1736.10,126
1617846000,1736.26,133
1617846060,1736.65,112
1617846120,1736.89,177
1617846180,1737.17,130
1617846240,1736.97,104
1617846300,1737.34,136
1617846360,1737.17,144
1617846420,1737.32,139
1617846480,1737.15,148
1617846540,1737.28,138
1617846600,1737.55,119
1617846660,1737.27,117
1617846720,1736.95,135
1617846780,1736.98,99
1617846840,1737.00,101
1617846900,1736.74,125
1617846960,1736.53,118
1617847020,1736.55,108
1617847080,1736.42,131
1617847140,1736.30,95
1617847200,1736.24,149
1617847260,1736.18,124
1617847320,1735.99,99
1617847380,1735.81,173
1617847440,1735.37,108
1617847500,1735.50,179
1617847560,1735.54,137
1617847620,1735.05,117
1617847680,1735.20,110
1617847740,1735.32,110
1617847800,1735.62,107
1617847860,1735.57,108
1617847920,1735.45,47
1617847980,1735.57,91
1617848040,1735.77,81
1617848100,1735.37,82
1617848160,1735.56,45
1617848220,1735.20,44
1617848280,1735.12,39
1617848340,1735.08,47
1617848400,1735.02,39
1617848460,1735.04,53
1617848520,1735.01,47
1617848580,1735.27,100
1617848640,1735.45,66
1617848700,1735.12,155
1617848760,1734.92,101
1617848820,1734.89,91
1617848880,1735.14,108
1617848940,1735.24,96
1617849000,1735.12,176
1617849060,1735.43,114
1617849120,1735.40,73
1617849180,1735.69,150
1617849240,1735.60,107
1617849300,1735.85,113
1617849360,1735.61,125
1617849420,1735.72,84
1617849480,1735.56,79
1617849540,1735.62,83
1617849600,1735.87,63
1617849660,1736.03,77
1617849720,1736.09,102
1617849780,1736.00,87
1617849840,1736.02,94
1617849900,1735.97,67
1617849960,1735.83,87
1617850020,1735.79,102
1617850080,1735.40,118
1617850140,1735.68,86
1617850200,1735.80,63
1617850260,1735.69,60
1617850320,1735.78,69
1617850380,1736.04,55
1617850440,1736.04,91
1617850500,1736.11,19
1617850560,1736.48,107
1617850620,1736.56,75
1617850680,1736.92,96
1617850740,1736.86,49
1617850800,1736.85,69
1617850860,1736.81,45
1617850920,1736.82,46
1617850980,1736.83,46
1617851040,1737.04,48
1617851100,1737.19,61
1617851160,1737.13,78
1617851220,1737.26,57
1617851280,1737.24,49
1617851340,1737.53,59
1617851400,1737.59,73
1617851460,1737.84,75
1617851520,1737.84,51
1617851580,1738.17,77
1617851640,1738.23,87
1617851700,1738.64,188
1617851760,1738.41,139
1617851820,1738.12,153
1617851880,1738.01,78
1617851940,1737.99,118
1617852000,1738.22,113
1617852060,1738.14,86
1617852120,1738.37,105
1617852180,1738.61,113
1617852240,1739.07,124
1617852300,1739.11,86
1617852360,1738.89,92
1617852420,1738.86,68
1617852480,1738.93,83
1617852540,1738.92,60
1617852600,1738.86,62
1617852660,1738.92,60
1617852720,1738.91,37
1617852780,1739.09,42
1617852840,1739.12,56
1617852900,1739.28,59
1617852960,1739.20,67
1617853020,1739.55,77
1617853080,1739.70,54
1617853140,1739.48,68
1617853200,1739.58,74
1617853260,1739.24,76
1617853320,1739.36,83
1617853380,1739.35,47
1617853440,1739.58,57
1617853500,1739.30,74
1617853560,1739.19,76
1617853620,1739.31,69
1617853680,1739.26,49
1617853740,1738.86,46
1617853800,1738.80,51
1617853860,1738.75,31
1617853920,1738.67,61
1617853980,1738.86,57
1617854040,1738.66,59
1617854100,1738.75,38
1617854160,1738.82,43
1617854220,1738.75,56
1617854280,1738.70,54
1617854340,1738.66,51
1617854400,1738.91,74
1617854460,1738.96,59
1617854520,1738.99,54
1617854580,1739.14,44
1617854640,1739.43,50
1617854700,1739.32,91
1617854760,1739.20,29
1617854820,1739.14,40
1617854880,1738.89,58
1617854940,1738.95,38
1617855000,1738.93,24
1617855060,1738.88,25
1617855120,1738.88,29
1617855180,1738.88,29
1617855240,1739.02,22
1617855300,1738.84,33
1617855360,1738.88,15
1617855420,1738.88,34
1617855480,1738.96,28
1617855540,1738.94,19
1617855600,1738.97,25
1617855660,1738.89,34
1617855720,1739.04,42
1617855780,1739.35,40
1617855840,1739.34,29
1617855900,1739.37,25
1617855960,1739.64,26
1617856020,1739.64,21
1617856080,1739.71,50
1617856140,1739.47,65
1617856200,1739.58,71
1617856260,1739.50,58
1617856320,1739.37,47
1617856380,1739.34,44
1617856440,1739.20,53
1617856500,1739.53,44
1617856560,1739.26,79
1617856620,1739.21,46
1617856680,1739.18,41
1617856740,1739.59,68
1617856800,1739.60,94
1617856860,1739.83,44
1617856920,1739.47,66
1617856980,1739.53,52
1617857040,1739.72,52
1617857100,1739.74,45
1617857160,1739.82,46
1617857220,1739.69,50
1617857280,1739.61,64
1617857340,1739.61,41
1617857400,1739.82,43
1617857460,1739.69,23
1617857520,1739.56,31
1617857580,1739.42,46
1617857640,1739.60,60
1617857700,1739.99,65
1617857760,1740.26,65
1617857820,1739.82,96
1617857880,1739.93,63
1617857940,1739.97,47
1617858000,1740.37,77
1617858060,1740.15,57
1617858120,1740.13,63
1617858180,1739.83,108
1617858240,1739.87,85
1617858300,1739.91,100
1617858360,1739.96,56
1617858420,1739.71,59
1617858480,1739.74,90
1617858540,1739.78,59
1617858600,1740.00,65
1617858660,1739.78,66
1617858720,1739.72,54
1617858780,1739.68,35
1617858840,1739.60,62
1617858900,1739.85,75
1617858960,1739.89,39
1617859020,1739.99,39
1617859080,1739.78,50
1617859140,1740.05,45
1617859200,1740.19,52
1617859260,1740.43,37
1617859320,1740.60,135
1617859380,1740.68,105
1617859440,1740.66,75
1617859500,1740.42,80
1617859560,1740.61,70
1617859620,1740.64,57
1617859680,1740.63,84
1617859740,1740.82,109
1617859800,1741.12,200
1617859860,1740.96,144
1617859920,1741.00,195
1617859980,1741.27,246
1617860040,1741.91,267
1617860100,1741.80,222
1617860160,1742.75,246
1617860220,1742.50,156
1617860280,1742.75,154
1617860340,1744.01,340
1617860400,1743.78,371
1617860460,1743.56,297
1617860520,1743.35,226
1617860580,1743.01,241
1617860640,1743.02,232
1617860700,1744.03,296
1617860760,1743.75,268
1617860820,1743.04,224
1617860880,1742.71,191
1617860940,1742.69,207
1617861000,1742.96,174
1617861060,1742.93,158
1617861120,1742.86,182
1617861180,1742.91,174
1617861240,1742.73,151
1617861300,1742.94,190
1617861360,1742.28,160
1617861420,1743.31,170
1617861480,1743.08,114
1617861540,1743.12,157
1617861600,1741.97,218
1617861660,1742.46,146
1617861720,1742.54,165
1617861780,1742.06,165
1617861840,1742.22,144
1617861900,1742.49,161
1617861960,1742.42,159
1617862020,1742.43,192
1617862080,1742.99,164
1617862140,1742.96,171
1617862200,1743.66,199
1617862260,1743.58,164
1617862320,1743.98,167
1617862380,1744.04,166
1617862440,1744.22,185
1617862500,1744.34,159
1617862560,1744.16,196
1617862620,1744.08,198
1617862680,1744.15,151
1617862740,1744.17,135
1617862800,1744.43,171
1617862860,1743.28,175
1617862920,1743.83,179
1617862980,1743.98,137
1617863040,1743.80,150
1617863100,1743.71,183
1617863160,1743.54,181
1617863220,1743.17,170
1617863280,1743.14,206
1617863340,1743.64,168
1617863400,1743.59,159
1617863460,1743.87,143
1617863520,1744.25,194
1617863580,1744.46,153
1617863640,1744.77,199
1617863700,1743.75,223
1617863760,1743.00,220
1617863820,1742.90,246
1617863880,1743.02,192
1617863940,1742.78,174
1617864000,1742.74,214
1617864060,1743.06,168
1617864120,1743.04,133
1617864180,1742.85,134
1617864240,1742.71,123
1617864300,1742.59,130
1617864360,1741.93,132
1617864420,1742.09,127
1617864480,1742.07,118
1617864540,1742.23,95
1617864600,1742.41,81
1617864660,1742.12,105
1617864720,1742.74,155
1617864780,1742.80,123
1617864840,1742.74,119
1617864900,1742.86,146
1617864960,1742.94,122
1617865020,1743.11,84
1617865080,1743.05,153
1617865140,1743.29,167
1617865200,1743.19,162
1617865260,1743.10,185
1617865320,1743.55,181
1617865380,1743.52,171
1617865440,1743.40,112
1617865500,1743.76,177
1617865560,1743.45,128
1617865620,1742.83,188
1617865680,1742.77,197
1617865740,1742.55,168
1617865800,1742.65,156
1617865860,1743.97,259
1617865920,1744.20,215
1617865980,1744.62,274
1617866040,1744.28,207
1617866100,1745.05,183
1617866160,1744.53,207
1617866220,1744.79,140
1617866280,1744.83,147
1617866340,1744.42,175
1617866400,1744.51,141
1617866460,1744.19,182
1617866520,1744.06,148
1617866580,1744.10,130
1617866640,1744.53,147
1617866700,1744.92,136
1617866760,1744.72,151
1617866820,1744.76,151
1617866880,1744.87,131
1617866940,1744.17,163
1617867000,1743.90,195
1617867060,1743.93,134
1617867120,1744.57,134
1617867180,1744.81,125
1617867240,1744.65,118
1617867300,1744.98,111
1617867360,1746.97,280
1617867420,1747.03,286
1617867480,1746.34,260
1617867540,1746.00,166
1617867600,1745.94,126
1617867660,1746.27,155
1617867720,1746.15,119
1617867780,1746.40,120
1617867840,1746.12,124
1617867900,1745.88,110
1617867960,1745.37,146
1617868020,1745.42,127
1617868080,1745.30,156
1617868140,1744.90,164
1617868200,1744.75,201
1617868260,1745.39,178
1617868320,1745.91,204
1617868380,1746.10,184
1617868440,1745.98,190
1617868500,1746.11,151
1617868560,1746.08,149
1617868620,1745.47,135
1617868680,1745.88,200
1617868740,1745.24,198
1617868800,1745.60,193
1617868860,1745.42,172
1617868920,1745.01,218
1617868980,1745.25,163
1617869040,1745.16,199
1617869100,1744.98,132
1617869160,1744.54,155
1617869220,1744.74,178
1617869280,1744.60,198
1617869340,1744.19,178
1617869400,1744.66,165
1617869460,1744.28,167
1617869520,1744.21,155
1617869580,1744.13,116
1617869640,1744.11,125
1617869700,1744.12,99
1617869760,1744.21,103
1617869820,1744.39,124
1617869880,1744.32,147
1617869940,1743.88,105
1617870000,1744.06,111
1617870060,1744.48,118
1617870120,1744.80,114
1617870180,1744.59,76
1617870240,1744.90,127
1617870300,1744.70,85
1617870360,1744.86,127
1617870420,1744.90,86
1617870480,1745.06,105
1617870540,1745.27,119
1617870600,1745.29,97
1617870660,1745.50,107
1617870720,1744.55,141
1617870780,1743.88,249
1617870840,1743.92,178
1617870900,1743.05,163
1617870960,1743.02,189
1617871020,1743.82,299
1617871080,1744.15,146
1617871140,1744.06,122
1617871200,1743.75,121
1617871260,1743.56,82
1617871320,1743.64,81
1617871380,1743.76,123
1617871440,1743.56,118
1617871500,1743.47,124
1617871560,1742.97,176
1617871620,1743.12,135
1617871680,1743.21,140
1617871740,1743.12,107
1617871800,1743.13,113
1617871860,1742.75,111
1617871920,1742.14,195
1617871980,1742.33,192
1617872040,1742.60,174
1617872100,1742.44,142
1617872160,1742.89,233
1617872220,1743.10,254
1617872280,1742.78,212
1617872340,1743.26,160
1617872400,1743.38,146
1617872460,1743.09,149
1617872520,1743.68,166
1617872580,1743.45,90
1617872640,1743.07,124
1617872700,1743.65,126
1617872760,1743.48,117
1617872820,1743.21,149
1617872880,1743.18,135
1617872940,1742.69,165
1617873000,1742.78,146
1617873060,1742.89,80
1617873120,1742.53,96
1617873180,1742.74,96
1617873240,1743.55,120
1617873300,1743.65,104
1617873360,1743.32,112
1617873420,1743.19,79
1617873480,1742.39,127
1617873540,1743.11,126
1617873600,1743.28,58
1617873660,1743.03,86
1617873720,1743.45,105
1617873780,1742.67,110
1617873840,1742.51,116
1617873900,1742.65,109
1617873960,1742.37,81
1617874020,1742.63,104
1617874080,1742.72,94
1617874140,1742.61,155
1617874200,1743.44,185
1617874260,1743.55,149
1617874320,1743.48,164
1617874380,1743.49,146
1617874440,1743.50,121
1617874500,1743.32,90
1617874560,1743.12,109
1617874620,1743.54,157
1617874680,1743.58,85
1617874740,1743.62,105
1617874800,1743.45,123
1617874860,1743.67,139
1617874920,1743.87,83
1617874980,1743.43,140
1617875040,1743.70,119
1617875100,1743.90,105
1617875160,1744.13,91
1617875220,1743.97,126
1617875280,1743.90,75
1617875340,1743.74,106
1617875400,1743.66,88
1617875460,1743.67,112
1617875520,1743.37,136
1617875580,1743.23,114
1617875640,1743.10,133
1617875700,1743.02,159
1617875760,1743.19,100
1617875820,1743.08,90
1617875880,1743.30,124
1617875940,1743.29,93
1617876000,1744.00,148
1617876060,1743.61,133
1617876120,1743.71,96
1617876180,1744.22,135
1617876240,1744.32,214
1617876300,1743.94,135
1617876360,1744.36,96
1617876420,1744.07,81
1617876480,1744.34,101
1617876540,1744.34,61
1617876600,1744.47,85
1617876660,1744.64,80
1617876720,1744.77,91
1617876780,1745.19,158
1617876840,1745.98,214
1617876900,1745.86,158
1617876960,1745.66,196
1617877020,1745.41,90
1617877080,1745.00,107
1617877140,1745.00,65
1617877200,1745.09,85
1617877260,1745.12,110
1617877320,1745.05,108
1617877380,1745.03,54
1617877440,1744.79,74
1617877500,1744.82,77
1617877560,1745.00,68
1617877620,1745.46,67
1617877680,1745.73,111
1617877740,1745.80,111
1617877800,1745.33,137
1617877860,1745.57,147
1617877920,1745.92,207
1617877980,1746.11,186
1617878040,1745.86,149
1617878100,1746.02,122
1617878160,1746.30,106
1617878220,1746.68,138
1617878280,1747.04,152
1617878340,1746.72,119
1617878400,1746.93,99
1617878460,1746.64,119
1617878520,1747.18,156
1617878580,1747.09,164
1617878640,1746.47,122
1617878700,1746.48,124
1617878760,1746.75,130
1617878820,1746.67,119
1617878880,1746.65,113
1617878940,1746.65,109
1617879000,1746.51,114
1617879060,1746.32,79
1617879120,1746.25,93
1617879180,1746.16,92
1617879240,1746.19,51
1617879300,1746.20,88
1617879360,1746.08,150
1617879420,1746.10,90
1617879480,1746.02,107
1617879540,1745.87,134
1617879600,1746.87,158
1617879660,1747.15,151
1617879720,1747.20,150
1617879780,1747.84,170
1617879840,1748.05,207
1617879900,1748.49,194
1617879960,1748.42,135
1617880020,1748.74,175
1617880080,1748.55,194
1617880140,1748.78,135
1617880200,1748.82,136
1617880260,1748.25,204
1617880320,1748.15,156
1617880380,1747.83,145
1617880440,1747.49,120
1617880500,1747.60,112
1617880560,1747.82,152
1617880620,1748.12,135
1617880680,1747.99,104
1617880740,1748.26,143
1617880800,1748.68,149
1617880860,1748.18,115
1617880920,1748.07,120
1617880980,1748.38,133
1617881040,1748.48,104
1617881100,1748.99,126
1617881160,1749.00,189
1617881220,1748.78,132
1617881280,1748.28,132
1617881340,1748.42,170
1617881400,1748.92,205
1617881460,1749.24,187
1617881520,1749.34,208
1617881580,1749.22,169
1617881640,1749.79,192
1617881700,1750.62,315
1617881760,1750.39,225
1617881820,1750.92,229
1617881880,1750.77,139
1617881940,1750.08,150
1617882000,1750.38,187
1617882060,1750.32,143
1617882120,1750.47,130
1617882180,1750.49,171
1617882240,1750.22,166
1617882300,1750.86,183
1617882360,1750.80,115
1617882420,1750.70,136
1617882480,1750.99,162
1617882540,1751.21,172
1617882600,1750.75,126
1617882660,1750.55,137
1617882720,1749.92,159
1617882780,1749.62,166
1617882840,1749.53,184
1617882900,1749.71,167
1617882960,1749.88,119
1617883020,1749.80,146
1617883080,1749.92,188
1617883140,1749.74,154
1617883200,1749.67,221
1617883260,1749.21,183
1617883320,1749.22,157
1617883380,1749.25,154
1617883440,1748.17,278
1617883500,1748.48,250
1617883560,1748.77,176
1617883620,1748.40,199
1617883680,1748.47,229
1617883740,1748.28,155
1617883800,1747.77,162
1617883860,1746.80,234
1617883920,1746.39,284
1617883980,1746.71,226
1617884040,1746.46,196
1617884100,1746.99,174
1617884160,1747.17,187
1617884220,1747.29,134
1617884280,1747.26,163
1617884340,1747.26,89
1617884400,1748.06,165
1617884460,1748.86,190
1617884520,1748.44,251
1617884580,1747.33,197
1617884640,1748.48,243
1617884700,1748.13,254
1617884760,1748.47,133
1617884820,1748.12,119
1617884880,1748.54,162
1617884940,1748.43,140
1617885000,1748.93,237
1617885060,1749.18,286
1617885120,1750.06,275
1617885180,1749.10,268
1617885240,1749.08,256
1617885300,1748.38,206
1617885360,1747.64,229
1617885420,1747.23,262
1617885480,1747.50,245
1617885540,1747.52,254
1617885600,1747.83,246
1617885660,1747.46,207
1617885720,1747.22,229
1617885780,1747.60,209
1617885840,1747.28,204
1617885900,1747.18,246
1617885960,1747.90,227
1617886020,1748.02,219
1617886080,1747.07,226
1617886140,1748.19,237
1617886200,1748.29,186
1617886260,1748.48,223
1617886320,1747.60,193
1617886380,1748.18,194
1617886440,1748.23,197
1617886500,1747.77,139
1617886560,1747.85,185
1617886620,1747.45,205
1617886680,1747.61,188
1617886740,1747.50,196
1617886800,1748.51,372
1617886860,1749.83,371
1617886920,1750.05,336
1617886980,1750.59,287
1617887040,1751.17,336
1617887100,1752.25,345
1617887160,1752.32,310
1617887220,1752.54,310
1617887280,1752.96,309
1617887340,1752.05,250
1617887400,1752.65,210
1617887460,1751.41,266
1617887520,1750.84,330
1617887580,1750.30,275
1617887640,1750.77,252
1617887700,1751.55,257
1617887760,1751.71,261
1617887820,1752.56,250
1617887880,1752.04,246
1617887940,1751.71,201
1617888000,1751.23,260
1617888060,1751.25,243
1617888120,1750.65,250
1617888180,1751.33,270
1617888240,1751.55,235
1617888300,1752.11,220
1617888360,1752.46,171
1617888420,1752.62,214
1617888480,1752.73,189
1617888540,1752.54,239
1617888600,1753.11,328
1617888660,1754.28,280
1617888720,1754.40,425
1617888780,1753.84,350
1617888840,1752.83,345
1617888900,1753.45,357
1617888960,1755.20,342
1617889020,1755.13,355
1617889080,1755.17,332
1617889140,1754.93,350
1617889200,1755.04,362
1617889260,1755.17,304
1617889320,1756.27,399
1617889380,1757.17,358
1617889440,1756.90,357
1617889500,1756.38,356
1617889560,1754.63,400
1617889620,1754.52,381
1617889680,1755.93,307
1617889740,1755.89,279
1617889800,1756.10,269
1617889860,1756.12,294
1617889920,1756.14,364
1617889980,1756.15,333
1617890040,1755.77,291
1617890100,1756.09,314
1617890160,1756.53,376
1617890220,1755.84,310
1617890280,1755.02,330
1617890340,1753.79,341
1617890400,1755.36,385
1617890460,1755.24,319
1617890520,1755.00,287
1617890580,1756.16,333
1617890640,1756.31,300
1617890700,1757.18,366
1617890760,1755.89,326
1617890820,1755.72,301
1617890880,1755.58,275
1617890940,1756.50,251
1617891000,1756.71,323
1617891060,1757.40,269
1617891120,1757.58,349
1617891180,1757.19,302
1617891240,1757.10,320
1617891300,1757.88,290
1617891360,1757.63,301
1617891420,1757.30,298
1617891480,1757.13,328
1617891540,1757.09,307
1617891600,1757.26,286
1617891660,1757.66,293
1617891720,1756.99,240
1617891780,1756.80,276
1617891840,1756.67,231
1617891900,1756.43,242
1617891960,1756.27,272
1617892020,1756.24,295
1617892080,1755.98,228
1617892140,1755.52,263
1617892200,1756.50,267
1617892260,1757.06,282
1617892320,1757.11,278
1617892380,1756.92,298
1617892440,1757.00,279
1617892500,1757.71,219
1617892560,1757.84,190
1617892620,1757.78,251
1617892680,1757.90,241
1617892740,1757.49,282
1617892800,1757.64,244
1617892860,1757.51,141
1617892920,1757.79,222
1617892980,1758.11,170
1617893040,1758.40,256
1617893100,1758.53,269
1617893160,1758.30,226
1617893220,1757.50,269
1617893280,1757.37,241
1617893340,1756.82,232
1617893400,1756.39,237
1617893460,1756.92,286
1617893520,1756.87,267
1617893580,1757.66,274
1617893640,1757.64,242
1617893700,1757.22,229
1617893760,1756.18,264
1617893820,1756.52,337
1617893880,1756.06,304
1617893940,1756.41,329
1617894000,1756.34,360
1617894060,1755.74,304
1617894120,1754.85,280
1617894180,1754.26,340
1617894240,1755.80,318
1617894300,1755.39,259
1617894360,1754.72,305
1617894420,1754.67,262
1617894480,1754.68,239
1617894540,1755.15,249
1617894600,1755.02,225
1617894660,1755.01,215
1617894720,1755.54,180
1617894780,1756.02,218
1617894840,1755.84,186
1617894900,1755.27,234
1617894960,1754.88,211
1617895020,1754.38,192
1617895080,1754.96,244
1617895140,1754.96,216
1617895200,1755.25,185
1617895260,1754.70,182
1617895320,1754.48,192
1617895380,1754.22,192
1617895440,1754.14,150
1617895500,1753.71,168
1617895560,1754.10,192
1617895620,1754.67,151
1617895680,1754.67,141
1617895740,1754.65,164
1617895800,1754.72,171
1617895860,1754.85,137
1617895920,1754.88,146
1617895980,1754.95,185
1617896040,1754.35,178
1617896100,1754.65,192
1617896160,1754.92,143
1617896220,1754.72,169
1617896280,1754.82,135
1617896340,1754.24,135
1617896400,1754.59,131
1617896460,1754.59,163
1617896520,1754.58,182
1617896580,1754.73,116
1617896640,1754.74,125
1617896700,1754.78,131
1617896760,1754.65,97
1617896820,1754.71,115
1617896880,1754.69,141
1617896940,1754.70,101
1617897000,1754.96,121
1617897060,1754.92,153
1617897120,1755.22,109
1617897180,1755.31,177
1617897240,1755.51,177
1617897300,1755.82,158
1617897360,1756.04,169
1617897420,1756.01,186
1617897480,1755.94,142
1617897540,1755.79,172
1617897600,1755.84,153
1617897660,1755.77,127
1617897720,1755.69,123
1617897780,1755.93,129
1617897840,1755.86,112
1617897900,1755.60,174
1617897960,1755.83,142
1617898020,1756.07,143
1617898080,1756.45,131
1617898140,1756.56,132
1617898200,1756.64,191
1617898260,1756.59,164
1617898320,1756.56,151
1617898380,1756.69,112
1617898440,1756.60,154
1617898500,1757.28,178
1617898560,1757.23,203
1617898620,1756.66,157
1617898680,1756.82,149
1617898740,1757.35,163
1617898800,1757.19,171
1617898860,1757.39,203
1617898920,1757.43,119
1617898980,1757.17,90
1617899040,1757.39,137
1617899100,1757.38,147
1617899160,1757.21,117
1617899220,1757.15,144
1617899280,1757.16,148
1617899340,1756.96,123
1617899400,1757.17,119
1617899460,1757.13,117
1617899520,1757.10,138
1617899580,1757.17,123
1617899640,1757.16,153
1617899700,1757.06,176
1617899760,1757.06,204
1617899820,1757.00,96
1617899880,1756.72,142
1617899940,1757.25,139
1617900000,1757.20,133
1617900060,1756.92,118
1617900120,1756.83,153
1617900180,1756.94,121
1617900240,1757.12,106
1617900300,1757.01,147
1617900360,1756.89,116
1617900420,1756.65,100
1617900480,1756.52,149
1617900540,1756.57,134
1617900600,1756.31,100
1617900660,1756.29,147
1617900720,1756.02,136
1617900780,1756.62,133
1617900840,1756.32,122
1617900900,1756.43,88
1617900960,1756.56,92
1617901020,1756.84,166
1617901080,1757.01,113
1617901140,1757.04,191
1617901200,1757.05,132
1617901260,1756.64,127
1617901320,1756.55,107
1617901380,1756.87,103
1617901440,1756.98,79
1617901500,1756.82,112
1617901560,1756.90,99
1617901620,1756.92,81
1617901680,1756.92,117
1617901740,1756.88,76
1617901800,1756.90,92
1617901860,1756.82,116
1617901920,1756.98,114
1617901980,1757.01,140
1617902040,1757.19,144
1617902100,1757.12,157
1617902160,1756.94,113
1617902220,1757.15,127
1617902280,1757.03,124
1617902340,1756.90,117
1617902400,1757.13,105
1617902460,1757.16,109
1617902520,1757.07,65
1617902580,1757.17,109
1617902640,1756.95,199
1617902700,1756.73,106
1617902760,1756.74,144
1617902820,1756.90,95
1617902880,1756.79,156
1617902940,1757.41,266
1617903000,1756.39,178
1617903060,1756.44,128
1617903120,1756.43,112
1617903180,1756.29,85
1617903240,1756.43,83
1617903300,1756.25,91
1617903360,1756.42,127
1617903420,1756.34,94
1617903480,1756.41,88
1617903540,1756.82,106
1617903600,1756.76,115
1617903660,1756.89,97
1617903720,1756.82,134
1617903780,1756.69,92
1617903840,1756.14,90
1617903900,1755.84,126
1617903960,1755.93,95
1617904020,1755.57,125
1617904080,1755.62,99
1617904140,1755.34,85
1617904200,1755.25,116
1617904260,1755.32,93
1617904320,1755.49,118
1617904380,1755.37,79
1617904440,1755.54,66
1617904500,1754.88,95
1617904560,1755.03,106
1617904620,1755.02,97
1617904680,1754.94,69
1617904740,1754.87,117
1617904800,1754.73,143
1617904860,1755.01,162
1617904920,1754.96,184
1617904980,1755.27,171
1617905040,1755.27,112
1617905100,1755.37,142
1617905160,1754.88,141
1617905220,1754.81,141
1617905280,1754.93,121
1617905340,1754.80,129
1617905400,1755.12,87
1617905460,1755.13,84
1617905520,1755.05,75
1617905580,1755.07,74
1617905640,1755.25,83
1617905700,1755.32,154
1617905760,1755.17,90
1617905820,1754.97,80
1617905880,1755.23,132
1617905940,1755.38,119
1617906000,1755.18,137
1617906060,1755.31,88
1617906120,1755.23,76
1617906180,1755.25,58
1617906240,1755.23,93
1617906300,1755.12,86
1617906360,1754.88,68
1617906420,1755.23,70
1617906480,1755.31,82
1617906540,1755.26,109
1617906600,1755.05,93
1617906660,1754.98,54
1617906720,1754.98,95
1617906780,1754.66,116
1617906840,1754.95,62
1617906900,1754.93,21
1617906960,1754.72,81
1617907020,1754.86,68
1617907080,1755.13,90
1617907140,1755.24,45
1617907200,1755.28,64
1617907260,1755.34,91
1617907320,1755.14,93
1617907380,1755.13,44
1617907440,1755.13,110
1617907500,1755.08,91
1617907560,1754.93,95
1617907620,1754.86,61
1617907680,1755.16,70
1617907740,1755.11,74
1617907800,1754.80,63
1617907860,1754.75,74
1617907920,1754.86,58
1617907980,1754.74,99
1617908040,1754.75,59
1617908100,1754.64,98
1617908160,1754.58,88
1617908220,1754.82,83
1617908280,1754.93,77
1617908340,1754.99,148
1617908400,1754.95,111
1617908460,1754.89,81
1617908520,1754.99,77
1617908580,1755.08,82
1617908640,1754.86,98
1617908700,1754.96,78
1617908760,1755.04,72
1617908820,1755.49,57
1617908880,1755.50,60
1617908940,1755.33,96
1617909000,1755.10,109
1617909060,1755.28,70
1617909120,1755.24,75
1617909180,1755.20,78
1617909240,1755.20,96
1617909300,1755.37,131
1617909360,1755.10,80
1617909420,1755.09,77
1617909480,1755.09,46
1617909540,1755.15,86
1617909600,1755.11,44
1617909660,1755.05,63
1617909720,1755.07,87
1617909780,1754.77,62
1617909840,1754.60,95
1617909900,1754.61,77
1617909960,1754.57,71
1617910020,1754.58,67
1617910080,1754.65,50
1617910140,1754.75,58
1617910200,1754.62,77
1617910260,1754.74,97
1617910320,1754.65,73
1617910380,1754.59,89
1617910440,1754.48,71
1617910500,1754.49,61
1617910560,1754.54,101
1617910620,1754.51,78
1617910680,1754.44,77
1617910740,1754.30,44
1617910800,1754.51,77
1617910860,1754.56,86
1617910920,1754.48,59
1617910980,1754.44,84
1617911040,1754.32,81
1617911100,1754.24,52
1617911160,1754.20,64
1617911220,1754.38,67
1617911280,1754.58,50
1617911340,1754.70,25
1617911400,1754.99,103
1617911460,1755.22,71
1617911520,1755.27,95
1617911580,1755.26,84
1617911640,1755.70,122
1617911700,1755.62,110
1617911760,1755.68,106
1617911820,1755.44,85
1617911880,1755.54,116
1617911940,1755.86,163
1617912000,1755.88,140
1617912060,1755.71,96
1617912120,1755.75,82
1617912180,1755.71,55
1617912240,1755.84,58
1617912300,1756.01,67
1617912360,1756.00,54
1617912420,1756.02,71
1617912480,1755.90,27
1617912540,1755.93,26
1617912600,1756.22,58
1617912660,1756.28,39
1617912720,1756.45,44
1617912780,1756.59,66
1617912840,1756.64,33
1617912900,1756.57,28
1617912960,1756.66,35
1617913020,1756.82,46
1617913080,1756.81,26
1617913140,1756.50,38
1617913200,1756.89,63
1617913260,1756.82,39
1617913320,1756.56,51
1617913380,1756.80,54
1617913440,1756.85,60
1617913500,1756.91,30
1617913560,1756.79,46
1617913620,1756.86,40
1617913680,1756.64,79
1617913740,1756.45,60
1617913800,1756.41,73
1617913860,1756.23,50
1617913920,1756.30,44
1617913980,1756.23,40
1617914040,1756.65,33
1617914100,1756.46,53
1617914160,1756.52,31
1617914220,1756.73,59
1617914280,1756.83,62
1617914340,1756.71,58
1617914400,1756.72,43
1617914460,1756.74,24
1617914520,1756.90,34
1617914580,1757.28,72
1617914640,1757.66,73
1617914700,1757.14,67
1617914760,1756.99,118
1617914820,1756.85,80
1617914880,1756.98,60
1617914940,1756.91,114
1617915000,1756.71,108
1617915060,1756.51,49
1617915120,1756.41,73
1617915180,1756.12,63
1617915240,1756.12,64
1617915300,1756.15,82
1617915360,1755.98,71
1617919320,1755.86,56
1617919380,1755.94,34
1617919440,1755.74,49
1617919500,1755.70,31
1617919560,1755.73,32
1617919620,1755.48,26
1617919680,1755.46,10
1617919740,1755.51,18
1617919800,1755.39,27
1617919860,1755.32,23
1617919920,1755.30,12
1617919980,1755.57,40
1617920040,1755.42,11
1617920100,1755.57,30
1617920160,1755.38,27
1617920220,1755.24,21
1617920280,1755.20,16
1617920340,1755.26,33
1617920400,1755.22,39
1617920460,1755.12,14
1617920520,1755.40,25
1617920580,1755.09,30
1617920640,1755.08,29
1617920700,1755.11,43
1617920760,1754.94,68
1617920820,1754.79,52
1617920880,1754.77,27
1617920940,1754.68,23
1617921000,1754.73,64
1617921060,1754.82,38
1617921120,1754.61,32
1617921180,1754.64,63
1617921240,1754.64,21
1617921300,1754.45,62
1617921360,1754.61,27
1617921420,1754.60,36
1617921480,1754.63,32
1617921540,1754.51,24
1617921600,1754.45,30
1617921660,1754.36,21
1617921720,1754.17,62
1617921780,1754.27,39
1617921840,1754.34,13
1617921900,1754.36,29
1617921960,1754.48,32
1617922020,1754.45,22
1617922080,1754.40,15
1617922140,1754.35,19
1617922200,1754.48,50
1617922260,1754.63,15
1617922320,1754.75,43
1617922380,1754.75,21
1617922440,1754.75,12
1617922500,1754.76,11
1617922560,1754.86,16
1617922620,1754.86,19
1617922680,1754.88,31
1617922740,1754.84,35
1617922800,1754.95,54
1617922860,1754.72,33
1617922920,1754.66,23
1617922980,1754.57,29
1617923040,1754.91,25
1617923100,1754.79,14
1617923160,1754.53,20
1617923220,1754.66,37
1617923280,1754.72,19
1617923340,1754.72,22
1617923400,1754.83,29
1617923460,1754.84,22
1617923520,1755.25,45
1617923580,1755.24,39
1617923640,1755.24,17
1617923700,1755.34,47
1617923760,1755.32,14
1617923820,1755.27,46
1617923880,1755.36,40
1617923940,1755.46,32
1617924000,1755.47,31
1617924060,1755.71,25
1617924120,1755.43,39
1617924180,1755.23,26
1617924240,1754.93,29
1617924300,1755.07,22
1617924360,1755.08,28
1617924420,1755.12,29
1617924480,1754.97,25
1617924540,1755.05,22
1617924600,1755.31,24
1617924660,1755.37,41
1617924720,1755.24,48
1617924780,1755.18,23
1617924840,1755.33,23
1617924900,1755.29,32
1617924960,1754.87,32
1617925020,1754.80,24
1617925080,1754.61,30
1617925140,1754.62,27
1617925200,1754.63,45
1617925260,1754.52,30
1617925320,1754.42,20
1617925380,1754.43,29
1617925440,1754.44,45
1617925500,1754.67,35
1617925560,1754.57,33
1617925620,1754.67,37
1617925680,1754.67,14
1617925740,1754.60,66
1617925800,1754.61,28
1617925860,1754.60,36
1617925920,1754.36,48
1617925980,1754.31,41
1617926040,1754.28,26
1617926100,1754.19,25
1617926160,1754.09,48
1617926220,1754.01,79
1617926280,1754.23,43
1617926340,1754.19,50
1617926400,1754.33,93
1617926460,1754.30,81
1617926520,1754.59,70
1617926580,1754.69,58
1617926640,1754.70,65
1617926700,1755.21,72
1617926760,1755.09,85
1617926820,1754.90,69
1617926880,1755.07,58
1617926940,1754.88,82
1617927000,1754.81,72
1617927060,1754.67,47
1617927120,1754.28,44
1617927180,1753.89,45
1617927240,1753.89,92
1617927300,1753.69,127
1617927360,1753.88,54
1617927420,1753.90,37
1617927480,1753.89,37
1617927540,1753.48,55
1617927600,1753.28,91
1617927660,1753.37,74
1617927720,1753.45,58
1617927780,1753.60,71
1617927840,1753.60,46
1617927900,1753.41,79
1617927960,1753.66,77
1617928020,1753.62,75
1617928080,1753.53,76
1617928140,1753.51,87
1617928200,1753.38,88
1617928260,1753.60,62
1617928320,1753.75,84
1617928380,1753.86,79
1617928440,1753.79,95
1617928500,1753.64,65
1617928560,1753.62,61
1617928620,1753.79,73
1617928680,1754.72,105
1617928740,1754.61,105
1617928800,1754.68,72
1617928860,1754.51,88
1617928920,1754.62,44
1617928980,1754.66,58
1617929040,1754.56,52
1617929100,1754.28,50
1617929160,1754.05,74
1617929220,1754.19,71
1617929280,1754.49,38
1617929340,1754.24,67
1617929400,1754.77,67
1617929460,1754.57,81
1617929520,1754.35,83
1617929580,1754.57,90
1617929640,1754.68,113
1617929700,1754.86,138
1617929760,1754.84,95
1617929820,1754.90,68
1617929880,1754.96,121
1617929940,1755.18,123
1617930000,1755.52,283
1617930060,1755.69,206
1617930120,1754.66,224
1617930180,1754.23,227
1617930240,1754.20,209
1617930300,1754.45,145
1617930360,1755.00,205
1617930420,1754.99,178
1617930480,1754.94,99
1617930540,1754.93,106
1617930600,1755.09,113
1617930660,1755.26,76
1617930720,1755.47,105
1617930780,1755.52,94
1617930840,1755.45,141
1617930900,1755.56,108
1617930960,1755.78,138
1617931020,1755.54,123
1617931080,1755.36,95
1617931140,1755.62,135
1617931200,1755.98,154
1617931260,1756.28,102
1617931320,1756.37,105
1617931380,1756.69,66
1617931440,1756.91,92
1617931500,1756.74,97
1617931560,1757.33,99
1617931620,1757.23,144
1617931680,1756.86,127
1617931740,1756.52,170
1617931800,1756.12,174
1617931860,1756.00,126
1617931920,1755.36,134
1617931980,1755.23,121
1617932040,1755.64,172
1617932100,1755.42,185
1617932160,1754.98,179
1617932220,1755.21,143
1617932280,1755.48,125
1617932340,1755.51,120
1617932400,1755.64,67
1617932460,1756.11,64
1617932520,1755.73,136
1617932580,1755.97,132
1617932640,1755.87,107
1617932700,1756.07,143
1617932760,1755.78,140
1617932820,1755.75,81
1617932880,1756.12,123
1617932940,1756.14,122
1617933000,1756.07,89
1617933060,1756.12,150
1617933120,1756.53,158
1617933180,1756.53,132
1617933240,1756.57,116
1617933300,1756.41,58
1617933360,1756.54,110
1617933420,1756.40,82
1617933480,1756.51,107
1617933540,1756.65,114
1617933600,1756.15,197
1617933660,1755.82,97
1617933720,1755.91,98
1617933780,1755.79,134
1617933840,1755.87,61
1617933900,1755.55,99
1617933960,1755.71,111
1617934020,1755.49,73
1617934080,1755.16,136
1617934140,1755.16,136
1617934200,1754.93,113
1617934260,1754.69,154
1617934320,1754.72,157
1617934380,1754.35,148
1617934440,1754.29,129
1617934500,1754.03,130
1617934560,1753.85,101
1617934620,1753.88,126
1617934680,1753.93,140
1617934740,1754.09,109
1617934800,1754.20,101
1617934860,1754.35,54
1617934920,1754.38,82
1617934980,1754.39,84
1617935040,1754.68,104
1617935100,1754.82,80
1617935160,1754.92,87
1617935220,1754.92,108
1617935280,1754.92,94
1617935340,1754.80,115
1617935400,1753.99,230
1617935460,1754.43,167
1617935520,1753.27,241
1617935580,1753.38,171
1617935640,1752.62,256
1617935700,1753.05,213
1617935760,1753.39,195
1617935820,1753.49,175
1617935880,1753.62,169
1617935940,1753.37,124
1617936000,1753.03,165
1617936060,1753.60,209
1617936120,1753.26,171
1617936180,1753.68,153
1617936240,1753.37,150
1617936300,1753.02,174
1617936360,1753.02,109
1617936420,1753.30,140
1617936480,1753.32,182
1617936540,1753.23,142
1617936600,1752.98,138
1617936660,1753.48,120
1617936720,1753.23,108
1617936780,1752.78,93
1617936840,1753.15,153
1617936900,1752.73,112
1617936960,1752.97,126
1617937020,1752.97,87
1617937080,1753.09,157
1617937140,1752.70,153
1617937200,1751.91,231
1617937260,1752.07,155
1617937320,1751.72,120
1617937380,1752.04,175
1617937440,1752.43,131
1617937500,1752.25,134
1617937560,1752.04,137
1617937620,1752.13,117
1617937680,1752.21,85
1617937740,1751.98,85
1617937800,1751.93,122
1617937860,1751.87,60
1617937920,1751.93,79
1617937980,1751.48,89
1617938040,1751.56,86
1617938100,1751.74,103
1617938160,1751.93,85
1617938220,1751.78,130
1617938280,1751.81,70
1617938340,1752.16,124
1617938400,1752.17,93
1617938460,1752.11,106
1617938520,1751.83,133
1617938580,1751.97,115
1617938640,1752.32,167
1617938700,1752.45,129
1617938760,1752.32,127
1617938820,1752.70,141
1617938880,1752.86,138
1617938940,1752.80,109
1617939000,1752.53,105
1617939060,1752.57,97
1617939120,1752.68,71
1617939180,1752.54,86
1617939240,1752.54,77
1617939300,1752.42,84
1617939360,1752.84,111
1617939420,1752.75,94
1617939480,1752.58,57
1617939540,1752.43,53
1617939600,1752.24,51
1617939660,1752.22,53
1617939720,1752.44,71
1617939780,1752.52,37
1617939840,1752.54,71
1617939900,1752.36,72
1617939960,1752.45,96
1617940020,1752.38,60
1617940080,1752.38,37
1617940140,1752.39,30
1617940200,1752.58,50
1617940260,1752.86,81
1617940320,1752.82,63
1617940380,1752.77,48
1617940440,1752.96,61
1617940500,1752.89,87
1617940560,1753.02,116
1617940620,1753.03,38
1617940680,1752.97,55
1617940740,1753.16,25
1617940800,1752.78,48
1617940860,1752.95,58
1617940920,1753.17,58
1617940980,1753.23,41
1617941040,1753.22,35
1617941100,1753.20,17
1617941160,1753.23,61
1617941220,1753.13,42
1617941280,1753.47,39
1617941340,1753.49,67
1617941400,1753.37,46
1617941460,1753.48,45
1617941520,1753.20,50
1617941580,1753.27,55
1617941640,1753.13,31
1617941700,1752.89,60
1617941760,1752.88,39
1617941820,1752.73,34
1617941880,1752.67,49
1617941940,1752.62,26
1617942000,1752.44,53
1617942060,1752.14,56
1617942120,1752.27,32
1617942180,1752.23,52
1617942240,1752.06,50
1617942300,1752.03,34
1617942360,1752.02,23
1617942420,1752.08,36
1617942480,1752.06,22
1617942540,1752.06,48
1617942600,1751.80,44
1617942660,1751.82,65
1617942720,1751.80,109
1617942780,1751.94,37
1617942840,1752.17,60
1617942900,1752.14,29
1617942960,1752.29,67
1617943020,1752.51,51
1617943080,1752.17,20
1617943140,1752.30,20
1617943200,1752.22,14
1617943260,1752.03,39
1617943320,1751.82,57
1617943380,1751.96,79
1617943440,1751.95,24
1617943500,1751.83,63
1617943560,1751.77,40
1617943620,1752.10,23
1617943680,1751.94,48
1617943740,1752.00,46
1617943800,1751.96,71
1617943860,1751.85,73
1617943920,1751.84,56
1617943980,1751.77,73
1617944040,1751.76,48
1617944100,1751.68,87
1617944160,1751.96,74
1617944220,1751.98,60
1617944280,1751.92,76
1617944340,1752.11,53
1617944400,1752.15,74
1617944460,1752.34,67
1617944520,1752.50,39
1617944580,1752.54,36
1617944640,1752.52,26
1617944700,1752.32,56
1617944760,1752.25,70
1617944820,1751.92,86
1617944880,1751.97,69
1617944940,1751.62,83
1617945000,1751.27,135
1617945060,1750.97,97
1617945120,1751.01,93
1617945180,1751.28,80
1617945240,1751.33,79
1617945300,1751.25,25
1617945360,1751.15,66
1617945420,1751.03,95
1617945480,1751.27,71
1617945540,1751.44,75
1617945600,1751.86,71
1617945660,1751.83,50
1617945720,1751.25,104
1617945780,1751.08,72
1617945840,1750.81,75
1617945900,1751.01,71
1617945960,1751.16,80
1617946020,1750.78,113
1617946080,1750.83,95
1617946140,1750.40,92
1617946200,1750.36,282
1617946260,1750.55,167
1617946320,1750.71,117
1617946380,1750.90,146
1617946440,1751.29,154
1617946500,1751.13,130
1617946560,1750.89,131
1617946620,1750.75,131
1617946680,1750.85,91
1617946740,1750.44,123
1617946800,1749.92,199
1617946860,1750.07,137
1617946920,1750.19,110
1617946980,1750.26,92
1617947040,1750.17,161
1617947100,1749.91,142
1617947160,1749.95,210
1617947220,1749.65,181
1617947280,1749.60,180
1617947340,1749.85,188
1617947400,1749.76,194
1617947460,1749.50,169
1617947520,1749.78,152
1617947580,1750.46,152
1617947640,1750.37,151
1617947700,1750.19,149
1617947760,1750.37,97
1617947820,1750.11,99
1617947880,1749.98,93
1617947940,1750.45,147
1617948000,1749.72,224
1617948060,1750.16,116
1617948120,1749.03,225
1617948180,1749.31,179
1617948240,1749.80,181
1617948300,1749.65,196
1617948360,1750.18,199
1617948420,1750.42,212
1617948480,1750.36,209
1617948540,1750.59,197
1617948600,1750.04,110
1617948660,1750.01,103
1617948720,1749.75,181
1617948780,1749.70,178
1617948840,1749.55,181
1617948900,1749.19,202
1617948960,1749.06,158
1617949020,1749.03,133
1617949080,1749.17,144
1617949140,1748.66,182
1617949200,1748.01,165
1617949260,1748.08,147
1617949320,1748.50,149
1617949380,1748.76,167
1617949440,1748.31,155
1617949500,1748.49,158
1617949560,1748.25,185
1617949620,1748.84,199
1617949680,1748.51,193
1617949740,1748.00,281
1617949800,1747.99,206
1617949860,1748.12,186
1617949920,1747.84,181
1617949980,1747.73,177
1617950040,1748.21,125
1617950100,1747.96,165
1617950160,1747.79,139
1617950220,1747.83,94
1617950280,1747.75,72
1617950340,1747.69,72
1617950400,1747.73,128
1617950460,1747.88,194
1617950520,1747.80,185
1617950580,1747.80,121
1617950640,1747.86,82
1617950700,1748.58,146
1617950760,1748.44,142
1617950820,1748.49,159
1617950880,1748.38,100
1617950940,1748.40,127
1617951000,1748.58,177
1617951060,1748.94,119
1617951120,1748.97,46
1617951180,1749.03,128
1617951240,1749.05,135
1617951300,1749.06,86
1617951360,1749.20,73
1617951420,1748.87,139
1617951480,1749.02,142
1617951540,1748.90,147
1617951600,1748.50,224
1617951660,1748.59,113
1617951720,1748.37,161
1617951780,1748.51,128
1617951840,1748.38,135
1617951900,1748.26,168
1617951960,1748.12,115
1617952020,1746.93,194
1617952080,1746.37,282
1617952140,1746.80,229
1617952200,1745.95,234
1617952260,1745.79,275
1617952320,1746.15,286
1617952380,1746.25,172
1617952440,1746.48,182
1617952500,1746.97,211
1617952560,1746.84,197
1617952620,1746.68,205
1617952680,1746.78,129
1617952740,1746.81,227
1617952800,1746.16,193
1617952860,1746.75,177
1617952920,1746.84,143
1617952980,1747.01,115
1617953040,1747.28,164
1617953100,1746.05,157
1617953160,1745.97,191
1617953220,1746.43,188
1617953280,1746.52,186
1617953340,1746.53,155
1617953400,1746.35,212
1617953460,1746.52,150
1617953520,1746.54,171
1617953580,1745.89,175
1617953640,1746.02,195
1617953700,1744.63,308
1617953760,1744.60,287
1617953820,1744.19,224
1617953880,1744.89,183
1617953940,1744.88,150
1617954000,1745.04,205
1617954060,1745.00,175
1617954120,1745.64,175
1617954180,1746.08,157
1617954240,1746.00,198
1617954300,1746.69,221
1617954360,1746.92,214
1617954420,1747.12,171
1617954480,1747.13,154
1617954540,1746.95,169
1617954600,1746.51,162
1617954660,1746.93,120
1617954720,1746.55,197
1617954780,1746.65,104
1617954840,1746.68,154
1617954900,1747.00,130
1617954960,1747.28,132
1617955020,1747.26,181
1617955080,1747.61,125
1617955140,1747.53,208
1617955200,1747.34,206
1617955260,1747.59,201
1617955320,1746.91,216
1617955380,1746.95,230
1617955440,1746.61,170
1617955500,1746.85,145
1617955560,1747.02,144
1617955620,1746.78,150
1617955680,1747.02,161
1617955740,1746.40,194
1617955800,1746.07,150
1617955860,1746.29,251
1617955920,1746.26,195
1617955980,1746.26,205
1617956040,1745.98,138
1617956100,1745.19,204
1617956160,1745.50,198
1617956220,1745.57,184
1617956280,1745.43,125
1617956340,1745.76,206
1617956400,1744.86,172
1617956460,1744.90,163
1617956520,1744.59,232
1617956580,1745.53,160
1617956640,1745.22,193
1617956700,1744.73,177
1617956760,1744.18,141
1617956820,1744.29,189
1617956880,1744.33,162
1617956940,1744.41,166
1617957000,1744.55,138
1617957060,1744.94,179
1617957120,1744.94,119
1617957180,1744.88,99
1617957240,1745.86,154
1617957300,1746.20,227
1617957360,1746.06,127
1617957420,1745.74,202
1617957480,1745.31,145
1617957540,1745.45,141
1617957600,1745.62,123
1617957660,1745.25,177
1617957720,1745.32,184
1617957780,1745.42,163
1617957840,1745.82,121
1617957900,1746.24,181
1617957960,1745.99,114
1617958020,1745.43,120
1617958080,1745.92,126
1617958140,1746.32,191
1617958200,1746.03,152
1617958260,1746.09,191
1617958320,1745.82,151
1617958380,1745.51,121
1617958440,1745.66,117
1617958500,1745.74,127
1617958560,1745.70,138
1617958620,1745.66,74
1617958680,1745.61,97
1617958740,1745.49,71
1617958800,1745.12,115
1617958860,1745.36,130
1617958920,1745.31,97
1617958980,1745.41,83
1617959040,1745.34,105
1617959100,1745.50,102
1617959160,1745.86,98
1617959220,1745.84,51
1617959280,1745.83,103
1617959340,1746.23,130
1617959400,1746.32,153
1617959460,1746.15,80
1617959520,1746.42,131
1617959580,1746.49,93
1617959640,1747.08,162
1617959700,1746.78,178
1617959760,1746.81,138
1617959820,1746.80,106
1617959880,1746.56,91
1617959940,1746.19,115
1617960000,1746.01,137
1617960060,1745.97,102
1617960120,1745.72,118
1617960180,1746.13,115
1617960240,1746.32,135
1617960300,1746.33,103
1617960360,1746.62,133
1617960420,1746.67,120
1617960480,1746.50,157
1617960540,1746.51,132
1617960600,1747.25,159
1617960660,1747.26,172
1617960720,1746.83,195
1617960780,1746.69,126
1617960840,1745.87,134
1617960900,1745.94,197
1617960960,1745.16,169
1617961020,1745.59,225
1617961080,1746.40,144
1617961140,1746.92,92
1617961200,1746.41,141
1617961260,1746.70,103
1617961320,1746.69,79
1617961380,1746.68,95
1617961440,1746.59,126
1617961500,1746.50,83
1617961560,1746.51,63
1617961620,1746.64,71
1617961680,1746.68,50
1617961740,1746.83,61
1617961800,1746.33,123
1617961860,1746.47,83
1617961920,1746.15,147
1617961980,1746.32,108
1617962040,1746.24,112
1617962100,1746.31,105
1617962160,1746.13,129
1617962220,1745.90,56
1617962280,1745.86,113
1617962340,1745.95,117
1617962400,1745.68,111
1617962460,1745.74,119
1617962520,1745.53,123
1617962580,1745.41,156
1617962640,1744.98,183
1617962700,1745.06,122
1617962760,1744.47,192
1617962820,1744.63,136
1617962880,1744.48,222
1617962940,1744.42,129
1617963000,1744.35,189
1617963060,1744.03,261
1617963120,1744.43,173
1617963180,1744.73,140
1617963240,1744.65,147
1617963300,1744.47,115
1617963360,1744.44,142
1617963420,1744.52,155
1617963480,1744.55,87
1617963540,1744.43,132
1617963600,1744.37,145
1617963660,1744.24,181
1617963720,1744.21,163
1617963780,1744.44,134
1617963840,1744.57,140
1617963900,1745.21,135
1617963960,1745.22,160
1617964020,1745.07,141
1617964080,1745.15,122
1617964140,1745.20,147
1617964200,1745.16,156
1617964260,1745.25,116
1617964320,1745.64,184
1617964380,1745.73,142
1617964440,1745.54,113
1617964500,1745.51,122
1617964560,1745.84,87
1617964620,1745.93,110
1617964680,1745.77,110
1617964740,1746.10,78
1617964800,1745.68,151
1617964860,1745.56,164
1617964920,1745.68,136
1617964980,1745.56,153
1617965040,1745.54,91
1617965100,1745.62,41
1617965160,1745.26,79
1617965220,1745.14,99
1617965280,1745.49,95
1617965340,1745.42,131
1617965400,1745.91,137
1617965460,1746.29,112
1617965520,1746.14,102
1617965580,1746.41,52
1617965640,1746.21,211
1617965700,1746.60,145
1617965760,1746.40,120
1617965820,1745.85,172
1617965880,1745.63,110
1617965940,1745.60,69
1617966000,1745.15,166
1617966060,1745.20,156
1617966120,1745.74,170
1617966180,1745.79,141
1617966240,1746.04,161
1617966300,1745.79,142
1617966360,1746.05,135
1617966420,1746.14,115
1617966480,1746.46,171
1617966540,1746.98,155
1617966600,1747.47,199
1617966660,1747.44,117
1617966720,1747.55,120
1617966780,1747.38,134
1617966840,1748.00,224
1617966900,1747.61,196
1617966960,1747.62,116
1617967020,1747.59,137
1617967080,1747.74,105
1617967140,1747.28,178
1617967200,1747.34,145
1617967260,1748.16,139
1617967320,1748.50,179
1617967380,1748.66,189
1617967440,1748.48,139
1617967500,1748.58,120
1617967560,1748.76,128
1617967620,1748.37,163
1617967680,1748.36,124
1617967740,1748.52,113
1617967800,1748.44,183
1617967860,1748.51,152
1617967920,1748.54,83
1617967980,1748.45,147
1617968040,1748.62,162
1617968100,1747.66,187
1617968160,1747.22,164
1617968220,1747.23,116
1617968280,1747.12,141
1617968340,1747.27,111
1617968400,1747.37,81
1617968460,1747.22,71
1617968520,1747.16,131
1617968580,1746.83,120
1617968640,1746.94,124
1617968700,1746.70,98
1617968760,1746.22,156
1617968820,1745.98,118
1617968880,1745.83,83
1617968940,1745.51,55
1617969000,1745.27,131
1617969060,1745.25,112
1617969120,1744.84,131
1617969180,1745.29,134
1617969240,1745.37,158
1617969300,1745.42,105
1617969360,1745.01,181
1617969420,1744.99,157
1617969480,1744.83,172
1617969540,1744.79,164
1617969600,1745.02,232
1617969660,1744.60,203
1617969720,1744.57,183
1617969780,1744.50,169
1617969840,1744.32,163
1617969900,1744.42,194
1617969960,1744.32,217
1617970020,1744.51,190
1617970080,1744.16,155
1617970140,1744.27,138
1617970200,1744.54,167
1617970260,1744.21,183
1617970320,1744.35,166
1617970380,1744.73,158
1617970440,1744.75,204
1617970500,1744.35,203
1617970560,1744.22,163
1617970620,1744.26,139
1617970680,1744.21,179
1617970740,1744.30,208
1617970800,1742.18,337
1617970860,1740.75,345
1617970920,1741.13,300
1617970980,1740.61,284
1617971040,1739.62,280
1617971100,1739.54,327
1617971160,1739.19,339
1617971220,1739.28,248
1617971280,1739.80,224
1617971340,1739.20,228
1617971400,1738.50,340
1617971460,1738.96,277
1617971520,1739.34,296
1617971580,1740.55,284
1617971640,1739.58,305
1617971700,1739.98,290
1617971760,1739.24,292
1617971820,1738.94,261
1617971880,1739.14,230
1617971940,1738.72,247
1617972000,1738.43,170
1617972060,1738.31,205
1617972120,1738.78,206
1617972180,1738.20,228
1617972240,1738.35,196
1617972300,1737.11,243
1617972360,1737.26,280
1617972420,1737.34,261
1617972480,1736.73,200
1617972540,1735.83,259
1617972600,1737.08,323
1617972660,1736.47,341
1617972720,1736.80,318
1617972780,1736.44,218
1617972840,1736.66,209
1617972900,1736.67,185
1617972960,1736.64,291
1617973020,1738.30,339
1617973080,1738.70,337
1617973140,1738.20,284
1617973200,1736.20,397
1617973260,1736.81,353
1617973320,1736.37,339
1617973380,1736.77,326
1617973440,1735.01,331
1617973500,1734.29,402
1617973560,1733.32,343
1617973620,1732.94,349
1617973680,1732.16,371
1617973740,1732.80,373
1617973800,1732.85,324
1617973860,1733.57,300
1617973920,1732.52,333
1617973980,1732.08,305
1617974040,1732.96,307
1617974100,1731.89,276
1617974160,1733.16,366
1617974220,1733.69,325
1617974280,1734.17,314
1617974340,1735.15,343
1617974400,1734.84,272
1617974460,1735.36,281
1617974520,1735.24,305
1617974580,1736.00,287
1617974640,1736.38,269
1617974700,1737.64,329
1617974760,1737.94,280
1617974820,1736.96,267
1617974880,1737.00,242
1617974940,1737.37,274
1617975000,1737.45,354
1617975060,1737.30,325
1617975120,1738.00,314
1617975180,1738.28,304
1617975240,1737.68,310
1617975300,1737.17,270
1617975360,1737.21,305
1617975420,1735.26,311
1617975480,1734.74,363
1617975540,1734.50,299
1617975600,1734.74,281
1617975660,1735.12,283
1617975720,1735.77,286
1617975780,1736.96,322
1617975840,1738.32,283
1617975900,1739.48,379
1617975960,1739.84,349
1617976020,1739.82,330
1617976080,1740.02,268
1617976140,1740.09,333
1617976200,1739.52,267
1617976260,1739.79,237
1617976320,1740.21,224
1617976380,1740.35,271
1617976440,1740.99,298
1617976500,1741.13,256
1617976560,1741.02,260
1617976620,1741.44,266
1617976680,1741.56,280
1617976740,1739.75,336
1617976800,1740.36,357
1617976860,1740.19,341
1617976920,1740.46,298
1617976980,1740.86,302
1617977040,1741.46,281
1617977100,1740.68,265
1617977160,1740.73,236
1617977220,1740.78,272
1617977280,1740.75,250
1617977340,1740.63,236
1617977400,1740.10,293
1617977460,1740.12,228
1617977520,1740.42,248
1617977580,1740.29,279
1617977640,1740.59,279
1617977700,1740.24,255
1617977760,1740.41,264
1617977820,1740.53,181
1617977880,1741.23,245
1617977940,1741.11,224
1617978000,1741.74,263
1617978060,1742.51,246
1617978120,1742.45,189
1617978180,1743.01,262
1617978240,1743.24,221
1617978300,1742.52,258
1617978360,1742.75,306
1617978420,1743.11,274
1617978480,1742.39,262
1617978540,1742.94,269
1617978600,1742.21,249
1617978660,1742.08,302
1617978720,1741.97,292
1617978780,1741.59,263
1617978840,1742.65,245
1617978900,1742.66,233
1617978960,1743.24,267
1617979020,1742.95,256
1617979080,1743.63,214
1617979140,1743.01,305
1617979200,1743.28,238
1617979260,1743.67,256
1617979320,1744.33,284
1617979380,1744.57,250
1617979440,1744.59,266
1617979500,1744.84,261
1617979560,1745.83,246
1617979620,1745.98,261
1617979680,1746.58,274
1617979740,1746.36,269
1617979800,1745.77,268
1617979860,1746.11,251
1617979920,1746.59,298
1617979980,1746.51,274
1617980040,1746.24,257
1617980100,1746.56,277
1617980160,1745.64,292
1617980220,1745.83,317
1617980280,1745.14,288
1617980340,1745.07,247
1617980400,1745.00,216
1617980460,1744.11,169
1617980520,1744.50,245
1617980580,1744.51,184
1617980640,1744.51,158
1617980700,1744.58,197
1617980760,1743.47,249
1617980820,1742.70,274
1617980880,1743.36,247
1617980940,1743.24,194
1617981000,1742.94,183
1617981060,1742.84,143
1617981120,1743.07,155
1617981180,1742.87,168
1617981240,1743.17,177
1617981300,1743.96,217
1617981360,1744.00,133
1617981420,1744.54,169
1617981480,1744.64,176
1617981540,1744.55,165
1617981600,1744.42,192
1617981660,1744.71,135
1617981720,1744.42,133
1617981780,1744.00,143
1617981840,1743.53,187
1617981900,1743.42,143
1617981960,1743.24,225
1617982020,1743.57,199
1617982080,1743.38,245
1617982140,1743.43,228
1617982200,1743.34,167
1617982260,1743.50,161
1617982320,1743.51,175
1617982380,1743.72,120
1617982440,1743.64,109
1617982500,1743.54,115
1617982560,1743.35,113
1617982620,1743.25,115
1617982680,1743.44,159
1617982740,1744.05,221
1617982800,1745.00,299
1617982860,1745.22,254
1617982920,1745.78,229
1617982980,1745.79,170
1617983040,1745.47,206
1617983100,1744.98,246
1617983160,1745.44,188
1617983220,1745.51,193
1617983280,1745.64,127
1617983340,1745.00,168
1617983400,1745.01,204
1617983460,1745.32,201
1617983520,1745.32,168
1617983580,1745.12,147
1617983640,1745.01,141
1617983700,1744.92,166
1617983760,1744.78,164
1617983820,1744.87,157
1617983880,1744.78,124
1617983940,1744.73,204
1617984000,1744.74,138
1617984060,1744.54,167
1617984120,1744.21,185
1617984180,1744.20,112
1617984240,1744.50,114
1617984300,1744.41,73
1617984360,1745.09,173
1617984420,1744.97,152
1617984480,1744.71,122
1617984540,1744.42,180
1617984600,1744.22,184
1617984660,1744.33,140
1617984720,1744.72,114
1617984780,1744.83,116
1617984840,1744.84,118
1617984900,1745.27,112
1617984960,1745.66,102
1617985020,1745.82,111
1617985080,1745.88,133
1617985140,1745.88,113
1617985200,1745.80,108
1617985260,1746.17,146
1617985320,1746.28,132
1617985380,1745.94,106
1617985440,1746.07,132
1617985500,1746.05,155
1617985560,1745.61,159
1617985620,1745.75,99
1617985680,1745.85,126
1617985740,1745.86,95
1617985800,1746.18,146
1617985860,1746.24,74
1617985920,1746.12,95
1617985980,1746.15,95
1617986040,1746.13,134
1617986100,1746.05,114
1617986160,1746.13,91
1617986220,1746.14,92
1617986280,1746.04,128
1617986340,1746.04,97
1617986400,1746.04,129
1617986460,1745.95,73
1617986520,1745.75,136
1617986580,1746.00,127
1617986640,1746.10,64
1617986700,1746.00,93
1617986760,1746.13,106
1617986820,1746.13,59
1617986880,1746.03,67
1617986940,1745.68,111
1617987000,1745.41,94
1617987060,1745.49,79
1617987120,1745.71,104
1617987180,1745.63,108
1617987240,1745.51,123
1617987300,1745.42,106
1617987360,1745.01,111
1617987420,1745.02,92
1617987480,1744.69,74
1617987540,1745.05,144
1617987600,1744.95,108
1617987660,1745.64,130
1617987720,1745.32,108
1617987780,1744.33,78
1617987840,1744.85,141
1617987900,1744.94,103
1617987960,1745.47,75
1617988020,1745.55,96
1617988080,1744.24,112
1617988140,1743.84,126
1617988200,1744.46,125
1617988260,1744.84,119
1617988320,1744.80,113
1617988380,1744.75,104
1617988440,1744.85,38
1617988500,1745.09,96
1617988560,1744.94,123
1617988620,1745.08,123
1617988680,1745.43,160
1617988740,1745.44,75
1617988800,1745.52,81
1617988860,1745.41,114
1617988920,1745.44,96
1617988980,1745.36,59
1617989040,1745.27,27
1617989100,1745.19,129
1617989160,1745.11,79
1617989220,1745.14,73
1617989280,1745.03,94
1617989340,1744.13,298
1617989400,1744.15,141
1617989460,1744.94,195
1617989520,1744.74,158
1617989580,1744.41,142
1617989640,1744.28,103
1617989700,1744.38,84
1617989760,1744.82,100
1617989820,1744.87,134
1617989880,1744.90,76
1617989940,1744.55,107
1617990000,1744.39,140
1617990060,1744.49,93
1617990120,1744.30,108
1617990180,1744.30,103
1617990240,1744.27,118
1617990300,1744.11,109
1617990360,1744.35,136
1617990420,1744.18,91
1617990480,1744.21,70
1617990540,1744.23,63
1617990600,1744.06,115
1617990660,1744.32,79
1617990720,1744.12,78
1617990780,1744.13,93
1617990840,1744.02,95
1617990900,1744.15,89
1617990960,1744.12,65
1617991020,1744.23,59
1617991080,1743.93,64
1617991140,1743.75,79
1617991200,1743.83,123
1617991260,1743.92,103
1617991320,1743.82,55
1617991380,1743.73,87
1617991440,1743.61,104
1617991500,1743.36,154
1617991560,1743.10,138
1617991620,1743.10,92
1617991680,1742.78,82
1617991740,1742.51,112
1617991800,1742.47,123
1617991860,1742.09,177
1617991920,1741.81,195
1617991980,1741.72,175
1617992040,1741.52,137
1617992100,1741.40,147
1617992160,1741.72,127
1617992220,1741.86,80
1617992280,1741.56,133
1617992340,1741.58,100
1617992400,1741.68,121
1617992460,1741.72,143
1617992520,1741.92,79
1617992580,1741.86,118
1617992640,1741.82,150
1617992700,1742.23,99
1617992760,1742.22,98
1617992820,1742.18,121
1617992880,1741.93,176
1617992940,1741.80,146
1617993000,1741.71,142
1617993060,1741.73,98
1617993120,1742.34,119
1617993180,1742.32,115
1617993240,1742.44,70
1617993300,1742.28,96
1617993360,1742.46,53
1617993420,1742.71,83
1617993480,1742.52,79
1617993540,1742.63,52
1617993600,1742.29,69
1617993660,1741.95,98
1617993720,1742.69,103
1617993780,1742.71,116
1617993840,1742.76,75
1617993900,1742.82,108
1617993960,1742.69,86
1617994020,1742.94,103
1617994080,1742.94,59
1617994140,1742.78,69
1617994200,1742.67,152
1617994260,1742.67,53
1617994320,1743.20,113
1617994380,1743.40,64
1617994440,1743.58,81
1617994500,1743.01,156
1617994560,1742.63,101
1617994620,1742.72,111
1617994680,1742.99,145
1617994740,1743.18,236
1617994800,1742.79,203
1617994860,1743.18,124
1617994920,1743.22,115
1617994980,1743.08,80
1617995040,1743.39,101
1617995100,1743.31,105
1617995160,1743.37,127
1617995220,1743.36,96
1617995280,1743.33,84
1617995340,1743.43,91
1617995400,1743.54,102
1617995460,1743.33,121
1617995520,1743.11,126
1617995580,1742.96,75
1617995640,1742.79,92
1617995700,1742.78,66
1617995760,1742.63,53
1617995820,1742.65,76
1617995880,1742.59,85
1617995940,1742.65,46
1617996000,1742.76,57
1617996060,1742.98,86
1617996120,1742.69,91
1617996180,1742.96,76
1617996240,1743.14,58
1617996300,1742.85,78
1617996360,1743.20,65
1617996420,1742.85,65
1617996480,1742.84,35
1617996540,1742.85,71
1617996600,1742.35,140
1617996660,1742.35,117
1617996720,1742.55,109
1617996780,1742.48,117
1617996840,1742.56,74
1617996900,1742.56,69
1617996960,1742.41,82
1617997020,1742.17,147
1617997080,1742.00,185
1617997140,1742.00,148
1617997200,1742.18,145
1617997260,1742.59,105
1617997320,1742.81,121
1617997380,1742.84,122
1617997440,1742.58,114
1617997500,1742.79,155
1617997560,1743.02,101
1617997620,1743.12,123
1617997680,1743.23,81
1617997740,1743.31,99
1617997800,1743.38,158
1617997860,1743.43,129
1617997920,1743.65,149
1617997980,1743.64,97
1617998040,1743.63,95
1617998100,1743.46,120
1617998160,1743.05,170
1617998220,1743.28,139
1617998280,1743.27,93
1617998340,1743.00,214
1617998400,1742.82,121
1617998460,1742.57,87
1617998520,1742.54,61
1617998580,1742.78,72
1617998640,1742.76,55
1617998700,1742.76,71
1617998760,1742.81,83
1617998820,1742.77,51
1617998880,1742.87,45
1617998940,1742.78,33
1617999000,1742.67,47
1617999060,1742.68,43
1617999120,1742.58,41
1617999180,1742.83,58
1617999240,1742.96,46
1617999300,1743.24,63
1617999360,1743.23,45
1617999420,1743.12,24
1617999480,1743.20,18
1617999540,1743.11,27
1617999600,1743.01,29
1617999660,1742.80,47
1617999720,1742.92,19
1617999780,1743.02,28
1617999840,1742.93,20
1617999900,1743.02,19
1617999960,1742.93,17
1618000020,1742.92,15
1618000080,1742.82,15
1618000140,1742.82,54
1618000200,1742.86,56
1618000260,1742.83,13
1618000320,1742.90,27
1618000380,1742.90,26
1618000440,1742.90,23
1618000500,1742.85,24
1618000560,1742.81,24
1618000620,1742.90,33
1618000680,1743.03,23
1618000740,1743.01,16
1618000800,1742.96,41
1618000860,1743.02,17
1618000920,1743.04,36
1618000980,1743.12,12
1618001040,1743.09,17
1618001100,1743.30,34
1618001160,1743.28,25
1618001220,1743.44,13
1618001280,1743.69,23
1618001340,1743.20,84
1618001400,1743.30,39
1618001460,1743.57,32
1618001520,1743.52,23
1618001580,1743.51,33
1618001640,1743.51,22
1618001700,1743.88,67
1618001760,1743.86,43
1618178520,1743.19,60
1618178580,1742.82,81
1618178640,1742.75,69
1618178700,1742.75,71
1618178760,1743.09,50
1618178820,1743.15,47
1618178880,1743.10,39
1618178940,1743.09,31
1618179000,1742.93,49
1618179060,1742.92,33
1618179120,1742.80,22
1618179180,1742.68,66
1618179240,1742.91,49
1618179300,1743.21,68
1618179360,1743.29,82
1618179420,1743.04,21
1618179480,1743.10,26
1618179540,1743.15,24
1618179600,1743.13,13
1618179660,1743.14,5
1618179720,1743.12,6
1618179780,1743.02,3
1618179840,1742.91,9
1618179900,1742.91,29
1618179960,1742.80,20
1618180020,1743.04,26
1618180080,1742.80,34
1618180140,1742.89,28
1618180200,1742.80,70
1618180260,1742.51,19
1618180320,1742.40,24
1618180380,1742.57,20
1618180440,1742.39,24
1618180500,1742.27,29
1618180560,1742.35,39
1618180620,1742.26,24
1618180680,1742.27,41
1618180740,1742.29,31
1618180800,1742.43,28
1618180860,1742.26,44
1618180920,1742.21,41
1618180980,1742.02,47
1618181040,1741.88,26
1618181100,1741.81,26
1618181160,1741.68,43
1618181220,1741.63,27
1618181280,1741.69,26
1618181340,1741.81,18
1618181400,1741.74,18
1618181460,1741.60,29
1618181520,1741.84,37
1618181580,1742.03,27
1618181640,1741.82,28
1618181700,1741.78,28
1618181760,1741.55,40
1618181820,1741.55,33
1618181880,1741.53,63
1618181940,1741.59,58
1618182000,1741.27,122
1618182060,1740.62,103
1618182120,1740.59,93
1618182180,1741.40,46
1618182240,1741.72,77
1618182300,1741.93,73
1618182360,1742.15,65
1618182420,1741.96,50
1618182480,1741.47,43
1618182540,1741.34,55
1618182600,1741.45,37
1618182660,1741.06,33
1618182720,1741.32,37
1618182780,1741.77,28
1618182840,1741.55,39
1618182900,1741.54,35
1618182960,1742.04,83
1618183020,1742.01,51
1618183080,1742.09,40
1618183140,1742.08,24
1618183200,1742.32,41
1618183260,1742.20,52
1618183320,1742.11,37
1618183380,1742.29,30
1618183440,1742.40,40
1618183500,1742.20,68
1618183560,1742.13,42
1618183620,1741.94,54
1618183680,1741.79,24
1618183740,1741.78,24
1618183800,1741.88,17
1618183860,1741.97,20
1618183920,1741.66,45
1618183980,1741.62,35
1618184040,1741.55,61
1618184100,1741.50,76
1618184160,1741.77,52
1618184220,1741.75,34
1618184280,1741.49,21
1618184340,1741.47,51
1618184400,1741.55,49
1618184460,1741.78,32
1618184520,1741.79,22
1618184580,1741.92,45
1618184640,1742.12,52
1618184700,1742.40,51
1618184760,1742.38,51
1618184820,1742.27,65
1618184880,1742.21,56
1618184940,1742.15,43
1618185000,1742.13,58
1618185060,1742.12,53
1618185120,1742.21,48
1618185180,1742.48,48
1618185240,1742.49,70
1618185300,1742.45,47
1618185360,1742.27,61
1618185420,1742.17,50
1618185480,1741.86,50
1618185540,1741.69,62
1618185600,1741.25,125
1618185660,1741.16,100
1618185720,1741.19,108
1618185780,1740.87,87
1618185840,1740.87,83
1618185900,1740.93,96
1618185960,1741.06,75
1618186020,1741.06,71
1618186080,1741.42,72
1618186140,1741.53,74
1618186200,1741.63,50
1618186260,1741.66,62
1618186320,1741.57,63
1618186380,1741.26,59
1618186440,1741.16,50
1618186500,1741.54,96
1618186560,1741.63,39
1618186620,1741.85,37
1618186680,1741.98,57
1618186740,1741.88,63
1618186800,1741.88,69
1618186860,1741.91,63
1618186920,1741.76,43
1618186980,1741.67,40
1618187040,1741.94,44
1618187100,1741.95,75
1618187160,1742.09,72
1618187220,1742.10,47
1618187280,1742.01,49
1618187340,1741.95,59
1618187400,1741.91,94
1618187460,1741.86,56
1618187520,1741.88,57
1618187580,1741.97,56
1618187640,1741.96,56
1618187700,1741.98,80
1618187760,1742.02,66
1618187820,1741.30,57
1618187880,1741.22,75
1618187940,1741.05,98
1618188000,1741.12,76
1618188060,1741.54,53
1618188120,1741.66,66
1618188180,1742.14,46
1618188240,1742.43,80
1618188300,1742.40,64
1618188360,1742.43,57
1618188420,1742.49,63
1618188480,1742.31,60
1618188540,1742.28,53
1618188600,1742.30,40
1618188660,1742.29,73
1618188720,1742.11,76
1618188780,1742.33,99
1618188840,1742.30,103
1618188900,1742.10,111
1618188960,1742.11,62
1618189020,1741.92,75
1618189080,1741.78,42
1618189140,1741.74,37
1618189200,1742.82,348
1618189260,1742.76,239
1618189320,1741.83,212
1618189380,1741.00,207
1618189440,1741.11,233
1618189500,1742.03,249
1618189560,1742.41,209
1618189620,1743.10,219
1618189680,1743.08,196
1618189740,1742.93,198
1618189800,1742.45,141
1618189860,1742.66,118
1618189920,1742.44,95
1618189980,1741.87,92
1618190040,1741.48,143
1618190100,1740.77,245
1618190160,1739.91,210
1618190220,1740.56,200
1618190280,1741.05,172
1618190340,1741.36,182
1618190400,1741.88,163
1618190460,1742.17,158
1618190520,1742.08,115
1618190580,1741.67,182
1618190640,1741.69,129
1618190700,1741.79,121
1618190760,1741.59,80
1618190820,1740.99,97
1618190880,1741.09,121
1618190940,1741.27,155
1618191000,1741.08,181
1618191060,1741.13,224
1618191120,1741.42,160
1618191180,1741.21,138
1618191240,1740.82,132
1618191300,1740.81,152
1618191360,1740.46,169
1618191420,1740.65,196
1618191480,1740.48,164
1618191540,1740.21,105
1618191600,1739.55,176
1618191660,1739.83,235
1618191720,1739.56,172
1618191780,1740.05,184
1618191840,1740.60,179
1618191900,1741.15,215
1618191960,1740.72,171
1618192020,1740.37,185
1618192080,1740.52,195
1618192140,1739.75,192
1618192200,1739.18,222
1618192260,1739.39,180
1618192320,1739.08,132
1618192380,1739.15,151
1618192440,1738.93,149
1618192500,1738.96,173
1618192560,1739.35,218
1618192620,1739.45,191
1618192680,1739.55,213
1618192740,1739.34,115
1618192800,1739.57,116
1618192860,1738.94,149
1618192920,1738.68,142
1618192980,1738.97,131
1618193040,1739.20,165
1618193100,1739.08,118
1618193160,1738.61,159
1618193220,1738.62,165
1618193280,1738.95,184
1618193340,1739.06,170
1618193400,1739.02,119
1618193460,1739.00,65
1618193520,1738.50,138
1618193580,1738.38,79
1618193640,1738.19,138
1618193700,1738.19,90
1618193760,1737.83,102
1618193820,1737.85,106
1618193880,1737.70,92
1618193940,1737.96,116
1618194000,1737.97,111
1618194060,1738.32,144
1618194120,1738.82,152
1618194180,1738.79,128
1618194240,1739.05,124
1618194300,1739.14,139
1618194360,1739.38,88
1618194420,1739.13,116
1618194480,1739.17,130
1618194540,1739.14,110
1618194600,1738.99,248
1618194660,1739.03,217
1618194720,1738.50,130
1618194780,1737.87,264
1618194840,1737.14,289
1618194900,1737.16,250
1618194960,1736.97,201
1618195020,1737.10,158
1618195080,1737.91,223
1618195140,1738.15,191
1618195200,1737.95,220
1618195260,1737.84,149
1618195320,1737.70,168
1618195380,1738.03,136
1618195440,1737.79,120
1618195500,1737.79,209
1618195560,1737.96,166
1618195620,1738.26,155
1618195680,1738.19,108
1618195740,1738.66,125
1618195800,1738.48,166
1618195860,1738.47,108
1618195920,1738.42,120
1618195980,1738.40,102
1618196040,1738.59,84
1618196100,1738.82,160
1618196160,1739.09,139
1618196220,1738.81,88
1618196280,1739.20,142
1618196340,1739.44,174
1618196400,1739.21,140
1618196460,1739.05,135
1618196520,1739.12,115
1618196580,1739.06,124
1618196640,1739.32,148
1618196700,1739.62,142
1618196760,1739.65,146
1618196820,1739.79,98
1618196880,1739.76,86
1618196940,1739.76,104
1618197000,1739.94,162
1618197060,1739.77,104
1618197120,1739.78,56
1618197180,1739.75,107
1618197240,1739.76,87
1618197300,1740.00,140
1618197360,1740.20,140
1618197420,1739.87,134
1618197480,1739.52,123
1618197540,1739.46,99
1618197600,1739.43,48
1618197660,1739.01,145
1618197720,1738.88,85
1618197780,1738.62,94
1618197840,1738.35,78
1618197900,1738.22,113
1618197960,1738.30,62
1618198020,1738.19,105
1618198080,1738.18,119
1618198140,1738.11,127
1618198200,1738.34,102
1618198260,1738.30,63
1618198320,1738.23,90
1618198380,1738.24,57
1618198440,1737.97,64
1618198500,1737.91,54
1618198560,1737.78,87
1618198620,1737.44,80
1618198680,1737.42,62
1618198740,1737.37,65
1618198800,1737.50,58
1618198860,1737.52,25
1618198920,1737.62,75
1618198980,1737.53,69
1618199040,1737.36,67
1618199100,1737.52,66
1618199160,1737.90,76
1618199220,1738.26,70
1618199280,1738.27,110
1618199340,1738.33,73
1618199400,1738.53,82
1618199460,1738.32,51
1618199520,1738.45,63
1618199580,1738.51,65
1618199640,1738.60,71
1618199700,1738.67,55
1618199760,1738.76,78
1618199820,1738.64,39
1618199880,1738.52,35
1618199940,1738.69,66
1618200000,1738.59,65
1618200060,1738.64,40
1618200120,1738.52,55
1618200180,1738.40,55
1618200240,1738.50,58
1618200300,1738.78,66
1618200360,1738.99,103
1618200420,1739.00,72
1618200480,1738.80,87
1618200540,1739.08,74
1618200600,1738.95,44
1618200660,1739.00,52
1618200720,1738.76,39
1618200780,1738.89,67
1618200840,1738.85,65
1618200900,1738.80,68
1618200960,1738.80,69
1618201020,1738.76,57
1618201080,1738.66,56
1618201140,1738.66,89
1618201200,1738.49,59
1618201260,1738.42,95
1618201320,1738.18,76
1618201380,1738.16,64
1618201440,1738.10,61
1618201500,1738.00,56
1618201560,1737.88,45
1618201620,1737.96,52
1618201680,1738.02,58
1618201740,1738.04,53
1618201800,1738.38,62
1618201860,1738.41,54
1618201920,1738.17,76
1618201980,1738.04,72
1618202040,1737.97,33
1618202100,1738.17,47
1618202160,1738.17,29
1618202220,1737.94,49
1618202280,1737.99,50
1618202340,1738.15,57
1618202400,1738.22,72
1618202460,1737.88,81
1618202520,1738.02,75
1618202580,1738.02,24
1618202640,1737.84,56
1618202700,1737.83,22
1618202760,1738.21,38
1618202820,1738.25,64
1618202880,1738.32,70
1618202940,1738.17,64
1618203000,1738.16,29
1618203060,1737.94,51
1618203120,1738.16,53
1618203180,1737.99,44
1618203240,1738.27,51
1618203300,1738.49,54
1618203360,1738.30,58
1618203420,1738.29,57
1618203480,1738.35,73
1618203540,1738.54,68
1618203600,1738.26,76
1618203660,1738.17,43
1618203720,1738.26,89
1618203780,1738.37,66
1618203840,1737.88,81
1618203900,1737.82,70
1618203960,1737.72,82
1618204020,1738.14,110
1618204080,1737.77,65
1618204140,1737.66,42
1618204200,1737.84,72
1618204260,1737.40,60
1618204320,1737.40,65
1618204380,1737.34,69
1618204440,1737.08,100
1618204500,1737.04,142
1618204560,1737.07,83
1618204620,1737.09,41
1618204680,1737.36,60
1618204740,1737.34,85
1618204800,1736.93,127
1618204860,1737.35,83
1618204920,1737.03,60
1618204980,1737.00,49
1618205040,1736.92,71
1618205100,1736.85,79
1618205160,1736.92,79
1618205220,1736.84,60
1618205280,1736.40,66
1618205340,1736.38,130
1618205400,1736.08,310
1618205460,1736.16,206
1618205520,1736.04,221
1618205580,1736.35,240
1618205640,1736.14,181
1618205700,1735.85,165
1618205760,1735.54,155
1618205820,1735.72,208
1618205880,1735.64,130
1618205940,1735.98,165
1618206000,1736.10,170
1618206060,1736.06,121
1618206120,1736.19,77
1618206180,1736.24,103
1618206240,1736.53,140
1618206300,1737.40,173
1618206360,1737.38,130
1618206420,1737.20,85
1618206480,1737.39,101
1618206540,1737.20,100
1618206600,1737.14,52
1618206660,1737.37,138
1618206720,1737.76,162
1618206780,1737.63,107
1618206840,1737.83,123
1618206900,1737.88,146
1618206960,1738.37,137
1618207020,1738.35,132
1618207080,1738.61,105
1618207140,1738.45,160
1618207200,1738.19,236
1618207260,1738.85,241
1618207320,1738.93,197
1618207380,1738.82,151
1618207440,1738.36,193
1618207500,1738.88,218
1618207560,1738.97,151
1618207620,1738.51,165
1618207680,1739.11,214
1618207740,1739.48,175
1618207800,1739.99,182
1618207860,1739.99,191
1618207920,1739.79,146
1618207980,1739.83,145
1618208040,1739.75,107
1618208100,1739.48,158
1618208160,1739.73,211
1618208220,1739.78,117
1618208280,1740.35,155
1618208340,1740.70,175
1618208400,1740.98,174
1618208460,1740.46,198
1618208520,1740.91,163
1618208580,1740.88,132
1618208640,1740.75,125
1618208700,1741.05,174
1618208760,1740.86,168
1618208820,1740.15,169
1618208880,1740.08,157
1618208940,1739.55,195
1618209000,1739.41,168
1618209060,1739.43,149
1618209120,1740.03,149
1618209180,1740.45,144
1618209240,1740.38,154
1618209300,1740.20,120
1618209360,1740.30,118
1618209420,1740.21,167
1618209480,1740.42,118
1618209540,1740.82,155
1618209600,1741.32,178
1618209660,1741.34,156
1618209720,1741.00,173
1618209780,1740.77,117
1618209840,1740.16,176
1618209900,1740.72,215
1618209960,1740.60,155
1618210020,1740.81,168
1618210080,1741.00,217
1618210140,1740.95,135
1618210200,1741.03,111
1618210260,1740.94,99
1618210320,1741.03,123
1618210380,1741.36,128
1618210440,1741.70,246
1618210500,1741.62,242
1618210560,1741.68,138
1618210620,1741.70,144
1618210680,1741.89,204
1618210740,1740.91,207
1618210800,1741.61,232
1618210860,1741.34,142
1618210920,1741.43,202
1618210980,1740.96,214
1618211040,1741.14,189
1618211100,1741.01,177
1618211160,1741.80,198
1618211220,1741.80,181
1618211280,1741.71,165
1618211340,1741.69,128
1618211400,1741.79,127
1618211460,1741.84,174
1618211520,1741.98,207
1618211580,1741.80,161
1618211640,1741.48,151
1618211700,1741.71,129
1618211760,1742.14,121
1618211820,1741.67,150
1618211880,1741.86,134
1618211940,1741.61,131
1618212000,1741.59,145
1618212060,1741.34,165
1618212120,1741.16,169
1618212180,1740.55,189
1618212240,1740.67,192
1618212300,1740.60,120
1618212360,1740.68,120
1618212420,1740.26,173
1618212480,1739.33,198
1618212540,1738.67,228
1618212600,1738.76,200
1618212660,1738.78,174
1618212720,1739.08,182
1618212780,1739.85,220
1618212840,1739.83,272
1618212900,1740.01,153
1618212960,1740.75,210
1618213020,1740.70,189
1618213080,1740.81,167
1618213140,1740.29,181
1618213200,1740.33,172
1618213260,1740.35,176
1618213320,1739.76,186
1618213380,1739.80,150
1618213440,1739.46,132
1618213500,1739.28,150
1618213560,1739.56,138
1618213620,1739.45,120
1618213680,1739.41,164
1618213740,1738.72,132
1618213800,1738.91,184
1618213860,1738.71,154
1618213920,1738.30,148
1618213980,1738.76,126
1618214040,1739.51,175
1618214100,1739.34,152
1618214160,1739.55,96
1618214220,1739.43,137
1618214280,1739.17,124
1618214340,1739.15,139
1618214400,1739.41,202
1618214460,1739.63,158
1618214520,1739.43,137
1618214580,1739.37,122
1618214640,1739.54,105
1618214700,1739.37,112
1618214760,1739.06,116
1618214820,1738.55,160
1618214880,1738.05,152
1618214940,1738.64,165
1618215000,1738.83,162
1618215060,1739.04,157
1618215120,1738.20,200
1618215180,1738.01,139
1618215240,1738.22,164
1618215300,1738.01,169
1618215360,1737.89,129
1618215420,1737.96,117
1618215480,1738.15,144
1618215540,1738.40,154
1618215600,1738.49,175
1618215660,1737.60,177
1618215720,1737.66,134
1618215780,1737.77,95
1618215840,1738.16,120
1618215900,1738.16,104
1618215960,1737.88,95
1618216020,1737.44,119
1618216080,1737.35,100
1618216140,1737.15,110
1618216200,1737.21,120
1618216260,1737.34,109
1618216320,1737.52,100
1618216380,1737.73,156
1618216440,1737.84,112
1618216500,1737.70,93
1618216560,1737.49,93
1618216620,1737.69,76
1618216680,1737.88,76
1618216740,1738.17,98
1618216800,1738.23,60
1618216860,1738.27,78
1618216920,1738.24,76
1618216980,1738.41,85
1618217040,1738.18,74
1618217100,1738.25,74
1618217160,1738.16,83
1618217220,1738.91,106
1618217280,1738.96,94
1618217340,1739.06,92
1618217400,1738.59,96
1618217460,1738.62,106
1618217520,1738.57,102
1618217580,1738.47,89
1618217640,1738.03,124
1618217700,1738.01,122
1618217760,1738.05,93
1618217820,1738.00,73
1618217880,1737.89,88
1618217940,1737.90,95
1618218000,1737.98,98
1618218060,1738.35,92
1618218120,1738.33,123
1618218180,1738.54,92
1618218240,1738.60,124
1618218300,1738.97,108
1618218360,1738.86,104
1618218420,1738.87,103
1618218480,1738.96,49
1618218540,1738.53,86
1618218600,1738.75,101
1618218660,1738.79,123
1618218720,1738.57,113
1618218780,1738.99,94
1618218840,1739.04,145
1618218900,1739.38,175
1618218960,1740.00,165
1618219020,1739.92,182
1618219080,1739.91,133
1618219140,1740.11,167
1618219200,1740.20,126
1618219260,1740.24,114
1618219320,1740.27,90
1618219380,1741.63,218
1618219440,1740.96,213
1618219500,1740.94,119
1618219560,1741.11,138
1618219620,1741.51,122
1618219680,1741.38,167
1618219740,1741.93,162
1618219800,1741.67,225
1618219860,1741.66,205
1618219920,1741.75,118
1618219980,1741.70,178
1618220040,1741.74,185
1618220100,1741.88,133
1618220160,1742.29,145
1618220220,1742.08,119
1618220280,1742.47,107
1618220340,1742.11,105
1618220400,1742.74,131
1618220460,1742.32,139
1618220520,1742.46,155
1618220580,1742.54,133
1618220640,1742.53,95
1618220700,1742.06,149
1618220760,1741.93,105
1618220820,1742.02,107
1618220880,1741.87,118
1618220940,1741.61,110
1618221000,1741.65,127
1618221060,1741.65,145
1618221120,1741.60,133
1618221180,1741.41,119
1618221240,1741.48,115
1618221300,1741.59,98
1618221360,1741.43,113
1618221420,1741.60,71
1618221480,1741.56,102
1618221540,1741.39,71
1618221600,1741.43,163
1618221660,1741.38,138
1618221720,1741.63,104
1618221780,1741.98,145
1618221840,1742.05,123
1618221900,1742.13,134
1618221960,1741.80,131
1618222020,1741.96,82
1618222080,1741.46,105
1618222140,1741.16,96
1618222200,1740.89,83
1618222260,1741.20,107
1618222320,1741.25,101
1618222380,1741.23,69
1618222440,1741.11,67
1618222500,1741.01,86
1618222560,1741.21,92
1618222620,1740.95,83
1618222680,1740.94,104
1618222740,1740.95,85
1618222800,1741.29,124
1618222860,1741.50,83
1618222920,1741.73,62
1618222980,1741.55,78
1618223040,1741.72,86
1618223100,1741.50,109
1618223160,1741.28,81
1618223220,1741.21,56
1618223280,1741.52,96
1618223340,1741.44,94
1618223400,1741.61,77
1618223460,1741.40,103
1618223520,1741.57,112
1618223580,1741.73,74
1618223640,1741.63,104
1618223700,1741.82,59
1618223760,1741.27,47
1618223820,1741.51,37
1618223880,1741.26,87
1618223940,1741.66,86
1618224000,1741.50,91
1618224060,1741.42,125
1618224120,1741.74,107
1618224180,1741.43,129
1618224240,1741.28,82
1618224300,1741.33,131
1618224360,1741.91,127
1618224420,1741.87,161
1618224480,1741.99,170
1618224540,1741.66,143
1618224600,1741.56,72
1618224660,1741.42,112
1618224720,1740.97,134
1618224780,1740.73,168
1618224840,1740.77,159
1618224900,1740.50,131
1618224960,1740.55,129
1618225020,1740.89,99
1618225080,1741.17,146
1618225140,1740.65,95
1618225200,1740.81,139
1618225260,1740.71,137
1618225320,1740.83,96
1618225380,1741.17,111
1618225440,1741.20,139
1618225500,1741.19,79
1618225560,1741.42,116
1618225620,1741.20,86
1618225680,1740.87,64
1618225740,1740.54,60
1618225800,1740.95,63
1618225860,1741.39,90
1618225920,1741.68,94
1618225980,1742.26,130
1618226040,1742.25,105
1618226100,1741.94,167
1618226160,1741.37,119
1618226220,1742.28,149
1618226280,1743.11,140
1618226340,1742.61,139
1618226400,1743.41,234
1618226460,1742.41,160
1618226520,1742.99,146
1618226580,1742.56,170
1618226640,1742.54,185
1618226700,1742.76,139
1618226760,1743.64,123
1618226820,1743.75,198
1618226880,1743.70,166
1618226940,1743.79,104
1618227000,1744.02,163
1618227060,1743.52,153
1618227120,1743.35,112
1618227180,1743.25,122
1618227240,1743.51,133
1618227300,1743.54,114
1618227360,1743.44,178
1618227420,1743.32,133
1618227480,1743.33,121
1618227540,1743.29,96
1618227600,1742.96,144
1618227660,1743.38,153
1618227720,1743.16,136
1618227780,1743.29,76
1618227840,1743.19,138
1618227900,1743.12,117
1618227960,1742.61,112
1618228020,1742.97,162
1618228080,1742.91,94
1618228140,1742.96,115
1618228200,1742.93,76
1618228260,1742.99,114
1618228320,1742.95,180
1618228380,1743.02,129
1618228440,1743.34,100
1618228500,1743.29,95
1618228560,1743.19,127
1618228620,1743.26,106
1618228680,1743.35,123
1618228740,1742.38,200
1618228800,1743.93,226
1618228860,1743.82,164
1618228920,1744.36,187
1618228980,1744.74,178
1618229040,1743.42,195
1618229100,1742.95,205
1618229160,1742.77,191
1618229220,1742.54,184
1618229280,1743.08,205
1618229340,1743.69,184
1618229400,1743.71,180
1618229460,1743.19,198
1618229520,1743.31,119
1618229580,1742.68,166
1618229640,1742.92,178
1618229700,1743.00,135
1618229760,1742.77,119
1618229820,1742.85,150
1618229880,1742.95,129
1618229940,1742.31,159
1618230000,1742.61,206
1618230060,1742.01,182
1618230120,1741.25,232
1618230180,1741.24,243
1618230240,1740.78,177
1618230300,1740.70,200
1618230360,1740.95,163
1618230420,1740.95,193
1618230480,1741.56,165
1618230540,1741.26,164
1618230600,1741.12,166
1618230660,1740.59,191
1618230720,1740.89,194
1618230780,1740.60,167
1618230840,1741.08,165
1618230900,1740.64,218
1618230960,1740.37,160
1618231020,1740.71,162
1618231080,1740.72,174
1618231140,1741.18,159
1618231200,1741.17,181
1618231260,1741.34,164
1618231320,1741.51,139
1618231380,1742.12,176
1618231440,1741.99,180
1618231500,1741.62,178
1618231560,1741.70,169
1618231620,1741.80,148
1618231680,1741.52,142
1618231740,1741.21,144
1618231800,1740.34,202
1618231860,1740.38,197
1618231920,1740.09,151
1618231980,1740.51,154
1618232040,1740.60,145
1618232100,1740.05,136
1618232160,1739.39,184
1618232220,1739.78,183
1618232280,1739.37,158
1618232340,1738.87,263
1618232400,1738.91,338
1618232460,1738.16,346
1618232520,1738.54,253
1618232580,1739.98,319
1618232640,1739.92,296
1618232700,1739.04,313
1618232760,1739.24,221
1618232820,1738.55,186
1618232880,1739.39,203
1618232940,1738.53,159
1618233000,1738.61,249
1618233060,1738.11,264
1618233120,1738.19,196
1618233180,1738.02,212
1618233240,1738.10,210
1618233300,1737.65,259
1618233360,1737.65,274
1618233420,1737.45,178
1618233480,1737.35,195
1618233540,1737.48,192
1618233600,1737.48,205
1618233660,1738.18,185
1618233720,1737.37,168
1618233780,1736.89,234
1618233840,1737.71,190
1618233900,1737.69,173
1618233960,1737.53,139
1618234020,1737.31,168
1618234080,1737.00,230
1618234140,1737.11,162
1618234200,1736.82,272
1618234260,1736.51,296
1618234320,1736.64,266
1618234380,1736.19,302
1618234440,1736.04,327
1618234500,1735.54,309
1618234560,1736.46,356
1618234620,1737.54,289
1618234680,1737.65,294
1618234740,1737.34,255
1618234800,1737.05,314
1618234860,1737.38,286
1618234920,1736.72,290
1618234980,1737.66,255
1618235040,1737.07,241
1618235100,1736.80,265
1618235160,1737.49,248
1618235220,1737.45,230
1618235280,1736.46,252
1618235340,1735.71,350
1618235400,1734.70,398
1618235460,1734.20,336
1618235520,1734.04,337
1618235580,1732.79,373
1618235640,1732.71,277
1618235700,1732.80,267
1618235760,1732.67,269
1618235820,1733.79,306
1618235880,1733.86,342
1618235940,1733.46,312
1618236000,1732.80,386
1618236060,1734.03,384
1618236120,1733.82,357
1618236180,1733.81,319
1618236240,1733.80,309
1618236300,1733.21,318
1618236360,1732.60,361
1618236420,1732.67,311
1618236480,1732.29,278
1618236540,1733.18,357
1618236600,1734.06,316
1618236660,1735.02,275
1618236720,1734.30,312
1618236780,1734.07,243
1618236840,1733.31,252
1618236900,1733.82,251
1618236960,1734.53,301
1618237020,1734.86,243
1618237080,1735.22,238
1618237140,1735.12,256
1618237200,1735.79,221
1618237260,1736.00,274
1618237320,1735.82,213
1618237380,1736.20,165
1618237440,1735.14,221
1618237500,1734.73,206
1618237560,1734.11,172
1618237620,1733.77,197
1618237680,1734.02,196
1618237740,1733.55,258
1618237800,1733.69,186
1618237860,1733.31,267
1618237920,1732.87,261
1618237980,1732.40,215
1618238040,1732.93,296
1618238100,1731.62,359
1618238160,1730.91,311
1618238220,1731.37,274
1618238280,1731.28,255
1618238340,1730.97,248
1618238400,1731.83,240
1618238460,1732.34,221
1618238520,1731.88,207
1618238580,1731.82,241
1618238640,1731.60,173
1618238700,1731.68,218
1618238760,1732.60,218
1618238820,1733.13,223
1618238880,1733.24,205
1618238940,1733.52,166
1618239000,1733.45,170
1618239060,1733.13,141
1618239120,1733.45,166
1618239180,1734.02,173
1618239240,1733.31,216
1618239300,1732.98,183
1618239360,1732.90,194
1618239420,1733.92,173
1618239480,1734.33,174
1618239540,1734.04,206
1618239600,1734.41,196
1618239660,1734.56,217
1618239720,1734.70,188
1618239780,1734.75,203
1618239840,1734.71,156
1618239900,1735.21,208
1618239960,1734.89,179
1618240020,1735.57,223
1618240080,1735.71,215
1618240140,1735.50,214
1618240200,1735.31,181
1618240260,1735.08,182
1618240320,1734.77,121
1618240380,1734.65,119
1618240440,1734.29,117
1618240500,1734.51,150
1618240560,1735.36,144
1618240620,1735.34,178
1618240680,1735.25,123
1618240740,1735.17,120
1618240800,1735.38,113
1618240860,1735.37,114
1618240920,1735.03,162
1618240980,1734.48,111
1618241040,1734.35,181
1618241100,1734.27,111
1618241160,1734.28,121
1618241220,1734.94,108
1618241280,1734.42,165
1618241340,1734.58,93
1618241400,1734.02,128
1618241460,1734.32,167
1618241520,1734.14,188
1618241580,1733.88,187
1618241640,1733.59,160
1618241700,1733.67,151
1618241760,1733.79,146
1618241820,1734.20,123
1618241880,1734.68,186
1618241940,1734.27,121
1618242000,1733.73,201
1618242060,1733.28,184
1618242120,1733.09,192
1618242180,1733.08,148
1618242240,1732.66,138
1618242300,1732.50,160
1618242360,1732.30,138
1618242420,1732.61,145
1618242480,1732.28,129
1618242540,1731.79,162
1618242600,1732.29,168
1618242660,1732.60,180
1618242720,1732.13,134
1618242780,1732.30,132
1618242840,1732.69,142
1618242900,1732.45,82
1618242960,1731.93,151
1618243020,1731.66,168
1618243080,1731.75,200
1618243140,1732.19,125
1618243200,1732.76,164
1618243260,1732.54,99
1618243320,1732.19,96
1618243380,1732.01,182
1618243440,1731.71,199
1618243500,1731.47,154
1618243560,1731.55,164
1618243620,1731.80,155
1618243680,1731.49,148
1618243740,1731.46,116
1618243800,1731.49,166
1618243860,1731.73,160
1618243920,1731.80,103
1618243980,1731.78,81
1618244040,1731.56,120
1618244100,1731.56,163
1618244160,1731.22,107
1618244220,1731.38,124
1618244280,1731.17,164
1618244340,1731.56,219
1618244400,1731.53,189
1618244460,1731.48,135
1618244520,1731.79,94
1618244580,1731.74,149
1618244640,1731.70,96
1618244700,1731.67,146
1618244760,1731.57,128
1618244820,1732.09,163
1618244880,1731.90,107
1618244940,1731.92,132
1618245000,1732.17,148
1618245060,1732.04,202
1618245120,1732.35,129
1618245180,1732.60,128
1618245240,1732.67,167
1618245300,1732.81,150
1618245360,1732.18,184
1618245420,1732.23,178
1618245480,1732.19,141
1618245540,1732.19,139
1618245600,1732.71,172
1618245660,1732.68,164
1618245720,1732.96,133
1618245780,1732.70,154
1618245840,1732.88,142
1618245900,1732.62,129
1618245960,1732.64,119
1618246020,1733.20,151
1618246080,1733.20,132
1618246140,1733.00,120
1618246200,1732.94,139
1618246260,1733.03,97
1618246320,1733.11,126
1618246380,1732.93,139
1618246440,1732.68,111
1618246500,1732.44,140
1618246560,1732.57,100
1618246620,1732.86,123
1618246680,1732.82,85
1618246740,1732.98,177
1618246800,1732.59,200
1618246860,1732.53,164
1618246920,1732.44,277
1618246980,1732.69,224
1618247040,1732.46,136
1618247100,1732.89,156
1618247160,1733.46,186
1618247220,1733.65,171
1618247280,1733.75,165
1618247340,1733.53,142
1618247400,1733.25,192
1618247460,1732.42,221
1618247520,1732.32,184
1618247580,1732.31,141
1618247640,1732.09,160
1618247700,1731.99,113
1618247760,1732.04,114
1618247820,1732.10,134
1618247880,1732.17,127
1618247940,1732.29,79
1618248000,1732.44,139
1618248060,1732.13,100
1618248120,1732.22,80
1618248180,1732.40,71
1618248240,1732.84,119
1618248300,1732.81,143
1618248360,1732.79,78
1618248420,1732.82,103
1618248480,1732.98,89
1618248540,1732.98,117
1618248600,1732.94,128
1618248660,1733.08,89
1618248720,1733.00,106
1618248780,1732.83,53
1618248840,1733.11,44
1618248900,1732.73,59
1618248960,1732.96,81
1618249020,1732.97,73
1618249080,1733.05,61
1618249140,1732.52,158
1618249200,1732.67,81
1618249260,1732.18,124
1618249320,1732.18,89
1618249380,1732.34,101
1618249440,1732.75,76
1618249500,1732.89,74
1618249560,1733.04,94
1618249620,1732.82,69
1618249680,1732.50,138
1618249740,1732.65,98
1618249800,1732.41,122
1618249860,1732.41,59
1618249920,1732.70,95
1618249980,1732.87,80
1618250040,1732.77,69
1618250100,1732.75,73
1618250160,1732.41,96
1618250220,1732.29,106
1618250280,1732.10,66
1618250340,1731.76,167
1618250400,1731.73,163
1618250460,1731.43,105
1618250520,1731.46,153
1618250580,1731.59,148
1618250640,1731.75,113
1618250700,1732.16,145
1618250760,1732.06,102
1618250820,1731.90,116
1618250880,1731.91,92
1618250940,1731.65,126
1618251000,1731.52,95
1618251060,1731.57,145
1618251120,1731.49,125
1618251180,1731.46,66
1618251240,1731.78,82
1618251300,1731.68,63
1618251360,1731.51,122
1618251420,1731.59,109
1618251480,1730.93,153
1618251540,1730.92,77
1618251600,1730.74,143
1618251660,1730.30,208
1618251720,1730.24,190
1618251780,1729.91,202
1618251840,1729.71,145
1618251900,1728.78,198
1618251960,1728.26,280
1618252020,1728.35,207
1618252080,1728.08,142
1618252140,1728.20,174
1618252200,1728.54,150
1618252260,1728.85,141
1618252320,1729.05,97
1618252380,1728.93,110
1618252440,1728.85,120
1618252500,1728.54,92
1618252560,1728.40,172
1618252620,1728.50,136
1618252680,1728.56,85
1618252740,1728.59,157
1618252800,1728.72,177
1618252860,1728.43,127
1618252920,1728.53,127
1618252980,1728.52,162
1618253040,1728.31,124
1618253100,1727.88,151
1618253160,1728.64,216
1618253220,1729.45,177
1618253280,1729.66,142
1618253340,1730.24,144
1618253400,1730.24,170
1618253460,1729.62,145
1618253520,1729.62,101
1618253580,1729.81,98
1618253640,1729.90,115
1618253700,1730.11,114
1618253760,1730.11,97
1618253820,1730.33,109
1618253880,1730.31,139
1618253940,1730.40,213
1618254000,1730.19,199
1618254060,1730.45,119
1618254120,1730.39,136
1618254180,1730.71,88
1618254240,1730.33,97
1618254300,1730.65,106
1618254360,1730.61,94
1618254420,1730.67,122
1618254480,1730.89,91
1618254540,1731.21,121
1618254600,1731.60,152
1618254660,1731.30,136
1618254720,1731.10,166
1618254780,1730.81,105
1618254840,1730.72,106
1618254900,1730.50,80
1618254960,1730.35,83
1618255020,1730.29,86
1618255080,1730.49,127
1618255140,1730.33,87
1618255200,1730.35,68
1618255260,1730.93,95
1618255320,1731.01,86
1618255380,1731.21,118
1618255440,1731.34,177
1618255500,1731.30,140
1618255560,1731.56,149
1618255620,1731.69,138
1618255680,1731.61,87
1618255740,1731.52,74
1618255800,1731.46,71
1618255860,1731.58,66
1618255920,1731.39,81
1618255980,1731.56,93
1618256040,1731.77,60
1618256100,1731.63,71
1618256160,1731.63,66
1618256220,1731.63,50
1618256280,1731.74,51
1618256340,1731.36,77
1618256400,1731.46,64
1618256460,1731.62,77
1618256520,1731.74,70
1618256580,1731.95,109
1618256640,1731.89,89
1618256700,1731.69,99
1618256760,1731.68,111
1618256820,1731.62,132
1618256880,1731.67,85
1618256940,1731.77,92
1618257000,1731.68,97
1618257060,1731.72,67
1618257120,1731.86,73
1618257180,1731.79,44
1618257240,1731.77,38
1618257300,1731.88,115
1618257360,1731.91,111
1618257420,1732.07,71
1618257480,1732.21,143
1618257540,1732.51,192
1618257600,1732.53,233
1618257660,1732.41,58
1618257720,1732.21,70
1618257780,1732.30,64
1618257840,1732.13,71
1618257900,1732.21,51
1618257960,1732.50,43
1618258020,1732.20,33
1618258080,1732.11,31
1618258140,1732.22,51
1618258200,1732.11,37
1618258260,1732.22,20
1618258320,1732.10,46
1618258380,1732.10,33
1618258440,1731.88,53
1618258500,1732.35,67
1618258560,1732.26,28
1618258620,1732.39,26
1618258680,1732.41,25
1618258740,1732.47,25
1618258800,1732.71,42
1618258860,1732.39,60
1618258920,1732.30,18
1618258980,1732.09,31
1618259040,1732.11,46
1618259100,1732.33,48
1618259160,1732.41,29
1618259220,1732.54,49
1618259280,1732.38,32
1618259340,1732.29,55
1618259400,1732.30,30
1618259460,1732.24,22
1618259520,1732.41,41
1618259580,1732.46,28
1618259640,1732.20,30
1618259700,1732.16,17
1618259760,1732.21,21
1618259820,1732.24,24
1618259880,1732.44,28
1618259940,1732.84,50
1618260000,1732.68,31
1618260060,1732.76,44
1618260120,1732.70,61
1618260180,1732.80,46
1618260240,1732.75,38
1618260300,1732.59,81
1618260360,1732.40,46
1618260420,1732.50,22
1618260480,1732.20,56
1618260540,1732.58,72
1618260600,1732.47,72
1618260660,1732.37,50
1618260720,1732.47,36
1618260780,1732.28,54
1618260840,1732.34,48
1618260900,1732.48,54
1618260960,1732.58,43
1618264920,1733.10,50
1618264980,1733.26,69
1618265040,1733.17,48
1618265100,1733.28,69
1618265160,1733.31,56
1618265220,1733.31,48
1618265280,1733.36,57
1618265340,1733.17,38
1618265400,1733.21,21
1618265460,1733.11,19
1618265520,1733.03,9
1618265580,1733.04,6
1618265640,1733.10,16
1618265700,1733.27,35
1618265760,1732.92,33
1618265820,1732.78,32
1618265880,1732.82,20
1618265940,1732.85,20
1618266000,1732.81,22
1618266060,1732.70,22
1618266120,1732.70,17
1618266180,1733.08,31
1618266240,1732.95,37
1618266300,1732.93,17
1618266360,1732.97,18
1618266420,1732.90,41
1618266480,1732.79,38
1618266540,1732.85,14
1618266600,1732.78,22
1618266660,1732.71,33
1618266720,1732.64,17
1618266780,1732.63,11
1618266840,1732.63,20
1618266900,1732.55,21
1618266960,1732.82,37
1618267020,1732.77,20
1618267080,1732.92,21
1618267140,1732.90,28
1618267200,1732.77,14
1618267260,1732.97,41
1618267320,1732.79,22
1618267380,1732.58,36
1618267440,1732.23,39
1618267500,1732.28,46
1618267560,1732.06,55
1618267620,1732.82,66
1618267680,1732.75,31
1618267740,1732.70,32
1618267800,1732.91,26
1618267860,1732.76,39
1618267920,1732.68,33
1618267980,1732.39,25
1618268040,1732.35,31
1618268100,1732.39,22
1618268160,1732.56,13
1618268220,1732.46,24
1618268280,1732.40,21
1618268340,1732.66,13
1618268400,1733.03,68
1618268460,1732.97,33
1618268520,1733.00,26
1618268580,1733.16,12
1618268640,1733.18,31
1618268700,1732.89,26
1618268760,1732.78,26
1618268820,1732.64,22
1618268880,1732.58,33
1618268940,1732.62,19
1618269000,1732.71,18
1618269060,1732.69,28
1618269120,1732.63,19
1618269180,1732.76,41
1618269240,1732.76,19
1618269300,1732.75,20
1618269360,1732.73,15
1618269420,1732.75,33
1618269480,1732.86,37
1618269540,1732.71,39
1618269600,1732.53,37
1618269660,1732.49,35
1618269720,1732.57,18
1618269780,1732.09,51
1618269840,1732.10,41
1618269900,1732.23,41
1618269960,1732.35,42
1618270020,1732.52,24
1618270080,1732.52,16
1618270140,1732.72,27
1618270200,1732.67,36
1618270260,1732.43,58
1618270320,1732.54,45
1618270380,1732.56,15
1618270440,1732.61,49
1618270500,1732.50,21
1618270560,1732.54,45
1618270620,1732.62,46
1618270680,1732.65,16
1618270740,1732.75,34
1618270800,1732.94,48
1618270860,1733.14,54
1618270920,1733.09,51
1618270980,1733.15,46
1618271040,1733.14,39
1618271100,1732.88,75
1618271160,1733.03,39
1618271220,1732.94,30
1618271280,1732.85,31
1618271340,1732.88,48
1618271400,1732.75,46
1618271460,1732.35,48
1618271520,1732.44,31
1618271580,1732.40,27
1618271640,1731.91,59
1618271700,1732.14,30
1618271760,1732.01,56
1618271820,1732.08,53
1618271880,1732.11,19
1618271940,1731.98,25
1618272000,1731.56,112
1618272060,1731.49,107
1618272120,1731.58,67
1618272180,1731.39,115
1618272240,1731.04,117
1618272300,1730.95,95
1618272360,1730.77,80
1618272420,1730.63,95
1618272480,1730.41,89
1618272540,1730.42,81
1618272600,1730.40,100
1618272660,1730.45,58
1618272720,1730.23,88
1618272780,1730.36,103
1618272840,1730.38,109
1618272900,1730.40,114
1618272960,1730.41,65
1618273020,1730.45,94
1618273080,1730.39,78
1618273140,1730.28,63
1618273200,1730.27,101
1618273260,1730.25,57
1618273320,1730.07,77
1618273380,1729.98,63
1618273440,1729.95,84
1618273500,1729.75,57
1618273560,1729.93,88
1618273620,1730.00,79
1618273680,1730.50,88
1618273740,1730.52,55
1618273800,1730.44,88
1618273860,1730.63,65
1618273920,1730.74,66
1618273980,1730.83,45
1618274040,1730.66,75
1618274100,1730.86,53
1618274160,1730.47,116
1618274220,1730.33,87
1618274280,1730.52,57
1618274340,1730.23,64
1618274400,1730.23,101
1618274460,1730.28,109
1618274520,1730.22,85
1618274580,1730.34,117
1618274640,1730.30,79
1618274700,1730.17,102
1618274760,1730.29,177
1618274820,1730.55,85
1618274880,1730.60,133
1618274940,1730.50,84
1618275000,1730.35,120
1618275060,1730.17,118
1618275120,1730.13,135
1618275180,1730.31,124
1618275240,1730.34,91
1618275300,1730.47,89
1618275360,1730.70,71
1618275420,1730.71,62
1618275480,1730.58,76
1618275540,1730.59,105
1618275600,1729.83,346
1618275660,1730.17,271
1618275720,1728.65,273
1618275780,1729.43,247
1618275840,1729.57,222
1618275900,1729.14,118
1618275960,1728.62,217
1618276020,1728.66,200
1618276080,1728.93,147
1618276140,1728.74,157
1618276200,1729.27,169
1618276260,1729.17,154
1618276320,1729.10,112
1618276380,1729.44,81
1618276440,1729.47,94
1618276500,1729.57,195
1618276560,1729.43,144
1618276620,1729.34,123
1618276680,1729.57,132
1618276740,1728.70,146
1618276800,1728.66,170
1618276860,1728.66,142
1618276920,1728.30,158
1618276980,1728.37,140
1618277040,1728.88,148
1618277100,1729.00,87
1618277160,1729.08,109
1618277220,1729.61,144
1618277280,1729.30,174
1618277340,1729.51,122
1618277400,1729.45,160
1618277460,1730.78,295
1618277520,1731.49,266
1618277580,1731.64,230
1618277640,1731.47,226
1618277700,1732.02,226
1618277760,1731.26,235
1618277820,1730.66,147
1618277880,1731.04,178
1618277940,1731.07,260
1618278000,1731.87,158
1618278060,1732.17,186
1618278120,1732.09,187
1618278180,1731.93,191
1618278240,1732.30,140
1618278300,1732.49,221
1618278360,1732.27,170
1618278420,1732.99,195
1618278480,1733.18,156
1618278540,1733.36,150
1618278600,1733.43,131
1618278660,1733.42,180
1618278720,1733.58,135
1618278780,1733.51,164
1618278840,1732.86,171
1618278900,1732.64,93
1618278960,1732.14,176
1618279020,1732.70,292
1618279080,1733.14,252
1618279140,1733.25,133
1618279200,1733.18,194
1618279260,1733.59,191
1618279320,1733.78,125
1618279380,1733.83,172
1618279440,1733.76,165
1618279500,1734.59,258
1618279560,1734.26,167
1618279620,1734.36,137
1618279680,1734.37,99
1618279740,1734.60,149
1618279800,1734.00,164
1618279860,1734.05,127
1618279920,1734.30,136
1618279980,1734.76,130
1618280040,1734.91,149
1618280100,1734.97,101
1618280160,1735.04,70
1618280220,1735.04,39
1618280280,1734.84,71
1618280340,1734.89,66
1618280400,1735.06,107
1618280460,1734.94,73
1618280520,1735.04,64
1618280580,1735.26,119
1618280640,1735.17,78
1618280700,1735.03,75
1618280760,1735.14,93
1618280820,1735.21,90
1618280880,1735.42,85
1618280940,1735.05,105
1618281000,1735.42,135
1618281060,1735.16,175
1618281120,1735.01,155
1618281180,1734.88,135
1618281240,1734.74,189
1618281300,1735.11,126
1618281360,1735.37,187
1618281420,1735.38,120
1618281480,1734.90,151
1618281540,1735.05,133
1618281600,1735.09,102
1618281660,1735.11,93
1618281720,1735.43,125
1618281780,1735.88,158
1618281840,1736.03,113
1618281900,1736.07,162
1618281960,1736.04,117
1618282020,1735.84,132
1618282080,1735.79,101
1618282140,1735.95,91
1618282200,1736.11,119
1618282260,1735.94,151
1618282320,1736.04,161
1618282380,1735.97,126
1618282440,1735.95,91
1618282500,1735.87,106
1618282560,1736.07,149
1618282620,1735.96,112
1618282680,1736.02,112
1618282740,1735.87,87
1618282800,1735.75,103
1618282860,1735.34,156
1618282920,1735.63,67
1618282980,1735.21,137
1618283040,1735.24,96
1618283100,1734.75,104
1618283160,1734.82,92
1618283220,1734.76,104
1618283280,1734.59,170
1618283340,1734.37,126
1618283400,1734.36,85
1618283460,1734.11,73
1618283520,1734.11,119
1618283580,1734.12,55
1618283640,1734.03,107
1618283700,1733.94,81
1618283760,1733.85,94
1618283820,1733.96,106
1618283880,1733.93,82
1618283940,1734.07,102
1618284000,1734.10,119
1618284060,1734.17,129
1618284120,1734.03,121
1618284180,1733.75,132
1618284240,1733.69,100
1618284300,1733.62,117
1618284360,1733.70,117
1618284420,1733.67,115
1618284480,1733.33,100
1618284540,1733.24,148
1618284600,1733.47,82
1618284660,1733.33,52
1618284720,1733.30,52
1618284780,1733.30,86
1618284840,1733.24,61
1618284900,1733.26,99
1618284960,1733.16,82
1618285020,1733.15,55
1618285080,1733.06,52
1618285140,1732.99,50
1618285200,1732.92,60
1618285260,1732.86,55
1618285320,1732.91,63
1618285380,1732.79,57
1618285440,1732.82,62
1618285500,1732.48,70
1618285560,1732.49,76
1618285620,1732.35,68
1618285680,1732.34,49
1618285740,1732.18,62
1618285800,1732.13,45
1618285860,1732.24,44
1618285920,1731.93,50
1618285980,1731.93,64
1618286040,1731.96,77
1618286100,1731.72,84
1618286160,1731.67,74
1618286220,1731.36,89
1618286280,1731.77,88
1618286340,1731.79,82
1618286400,1731.98,147
1618286460,1732.10,71
1618286520,1731.91,86
1618286580,1732.03,64
1618286640,1732.07,66
1618286700,1731.98,74
1618286760,1732.01,72
1618286820,1731.42,94
1618286880,1731.45,90
1618286940,1731.29,102
1618287000,1731.25,107
1618287060,1731.19,79
1618287120,1731.40,60
1618287180,1731.28,84
1618287240,1731.57,86
1618287300,1731.38,79
1618287360,1731.14,65
1618287420,1731.12,63
1618287480,1731.11,50
1618287540,1731.34,48
1618287600,1731.25,68
1618287660,1731.22,69
1618287720,1730.96,70
1618287780,1730.83,39
1618287840,1730.84,59
1618287900,1730.53,105
1618287960,1730.35,104
1618288020,1730.40,90
1618288080,1730.06,94
1618288140,1730.04,106
1618288200,1729.84,71
1618288260,1729.92,84
1618288320,1729.75,79
1618288380,1729.68,68
1618288440,1729.55,73
1618288500,1729.53,59
1618288560,1728.96,96
1618288620,1729.29,100
1618288680,1729.57,107
1618288740,1728.81,137
1618288800,1728.63,115
1618288860,1729.08,98
1618288920,1728.95,60
1618288980,1729.35,70
1618289040,1729.20,90
1618289100,1729.34,94
1618289160,1729.44,68
1618289220,1729.53,95
1618289280,1728.97,121
1618289340,1729.23,78
1618289400,1730.04,161
1618289460,1730.54,153
1618289520,1730.15,84
1618289580,1729.64,80
1618289640,1729.98,68
1618289700,1729.74,73
1618289760,1729.73,47
1618289820,1729.67,66
1618289880,1729.96,53
1618289940,1729.94,75
1618290000,1729.91,100
1618290060,1730.02,68
1618290120,1730.21,91
1618290180,1730.58,95
1618290240,1730.31,110
1618290300,1729.90,123
1618290360,1730.05,96
1618290420,1730.06,53
1618290480,1729.86,105
1618290540,1729.94,92
1618290600,1729.68,71
1618290660,1729.98,81
1618290720,1729.95,64
1618290780,1730.12,88
1618290840,1730.24,98
1618290900,1730.47,98
1618290960,1729.98,130
1618291020,1729.76,61
1618291080,1729.66,84
1618291140,1729.62,54
1618291200,1729.58,69
1618291260,1729.36,52
1618291320,1729.23,89
1618291380,1729.25,55
1618291440,1729.07,59
1618291500,1729.11,91
1618291560,1729.08,78
1618291620,1729.02,82
1618291680,1728.92,56
1618291740,1729.04,85
1618291800,1727.80,328
1618291860,1726.70,288
1618291920,1726.90,240
1618291980,1726.53,259
1618292040,1726.62,227
1618292100,1726.61,200
1618292160,1726.10,148
1618292220,1725.63,164
1618292280,1725.16,237
1618292340,1725.18,234
1618292400,1726.16,181
1618292460,1725.74,195
1618292520,1725.89,180
1618292580,1725.91,153
1618292640,1725.84,163
1618292700,1725.66,151
1618292760,1726.05,129
1618292820,1726.23,162
1618292880,1725.84,158
1618292940,1725.81,151
1618293000,1725.74,131
1618293060,1725.83,147
1618293120,1726.05,148
1618293180,1726.25,174
1618293240,1726.30,155
1618293300,1726.20,134
1618293360,1726.12,138
1618293420,1726.59,112
1618293480,1727.22,127
1618293540,1727.74,184
1618293600,1727.19,256
1618293660,1726.67,198
1618293720,1727.24,180
1618293780,1727.44,189
1618293840,1727.13,163
1618293900,1727.33,166
1618293960,1727.34,145
1618294020,1727.65,115
1618294080,1727.10,159
1618294140,1727.31,123
1618294200,1727.49,181
1618294260,1727.02,172
1618294320,1727.30,155
1618294380,1727.22,135
1618294440,1727.52,184
1618294500,1727.21,187
1618294560,1727.13,184
1618294620,1726.51,166
1618294680,1726.46,135
1618294740,1726.42,153
1618294800,1726.25,148
1618294860,1726.15,209
1618294920,1726.36,156
1618294980,1726.50,208
1618295040,1726.44,118
1618295100,1726.48,126
1618295160,1726.70,137
1618295220,1726.60,138
1618295280,1726.32,153
1618295340,1725.55,214
1618295400,1725.42,198
1618295460,1725.41,173
1618295520,1725.76,198
1618295580,1725.05,189
1618295640,1725.02,190
1618295700,1725.04,245
1618295760,1725.45,172
1618295820,1725.40,143
1618295880,1725.49,157
1618295940,1725.27,146
1618296000,1725.77,149
1618296060,1725.58,146
1618296120,1725.68,138
1618296180,1725.31,161
1618296240,1725.34,135
1618296300,1725.30,152
1618296360,1725.59,187
1618296420,1726.27,164
1618296480,1725.79,195
1618296540,1725.28,162
1618296600,1725.10,149
1618296660,1724.32,159
1618296720,1724.46,235
1618296780,1724.82,141
1618296840,1724.93,153
1618296900,1724.51,200
1618296960,1724.26,204
1618297020,1724.27,224
1618297080,1724.78,168
1618297140,1724.43,209
1618297200,1725.54,206
1618297260,1724.76,207
1618297320,1724.96,232
1618297380,1724.66,170
1618297440,1724.46,145
1618297500,1724.05,222
1618297560,1724.12,219
1618297620,1723.99,169
1618297680,1724.39,169
1618297740,1724.20,162
1618297800,1724.07,172
1618297860,1724.69,151
1618297920,1725.00,162
1618297980,1725.22,180
1618298040,1725.12,169
1618298100,1724.80,119
1618298160,1724.96,98
1618298220,1724.97,117
1618298280,1724.76,169
1618298340,1724.68,100
1618298400,1724.73,114
1618298460,1725.28,130
1618298520,1725.87,171
1618298580,1725.84,149
1618298640,1725.83,106
1618298700,1725.63,178
1618298760,1725.81,148
1618298820,1726.08,118
1618298880,1726.16,163
1618298940,1727.00,151
1618299000,1727.30,208
1618299060,1726.81,211
1618299120,1727.12,158
1618299180,1727.12,128
1618299240,1727.51,157
1618299300,1727.78,224
1618299360,1727.88,248
1618299420,1728.05,225
1618299480,1728.30,196
1618299540,1728.03,170
1618299600,1727.48,152
1618299660,1727.44,194
1618299720,1727.48,188
1618299780,1727.28,161
1618299840,1727.16,170
1618299900,1727.03,124
1618299960,1727.06,158
1618300020,1727.52,145
1618300080,1728.00,185
1618300140,1727.69,138
1618300200,1727.92,112
1618300260,1727.88,125
1618300320,1728.26,91
1618300380,1728.13,131
1618300440,1727.77,113
1618300500,1727.94,151
1618300560,1727.97,175
1618300620,1727.92,147
1618300680,1727.81,104
1618300740,1727.68,130
1618300800,1727.71,113
1618300860,1727.83,117
1618300920,1727.54,159
1618300980,1727.53,120
1618301040,1727.52,117
1618301100,1726.86,162
1618301160,1726.55,189
1618301220,1726.40,155
1618301280,1726.23,172
1618301340,1726.76,239
1618301400,1727.26,163
1618301460,1727.51,157
1618301520,1727.95,171
1618301580,1727.67,137
1618301640,1728.76,179
1618301700,1728.38,192
1618301760,1728.40,118
1618301820,1728.14,108
1618301880,1728.00,151
1618301940,1728.21,125
1618302000,1728.64,137
1618302060,1728.58,123
1618302120,1728.67,108
1618302180,1728.40,143
1618302240,1728.59,177
1618302300,1728.43,118
1618302360,1728.35,165
1618302420,1728.23,136
1618302480,1728.13,120
1618302540,1727.93,96
1618302600,1727.48,122
1618302660,1727.68,173
1618302720,1727.20,142
1618302780,1726.91,87
1618302840,1726.90,130
1618302900,1727.02,140
1618302960,1727.65,121
1618303020,1727.59,97
1618303080,1727.67,100
1618303140,1727.69,94
1618303200,1727.25,142
1618303260,1728.17,135
1618303320,1728.10,190
1618303380,1728.28,101
1618303440,1728.19,143
1618303500,1728.09,108
1618303560,1728.49,118
1618303620,1728.56,103
1618303680,1728.07,131
1618303740,1727.98,114
1618303800,1727.86,99
1618303860,1728.35,92
1618303920,1728.38,88
1618303980,1728.37,82
1618304040,1728.38,84
1618304100,1728.34,112
1618304160,1728.57,74
1618304220,1728.52,65
1618304280,1728.40,93
1618304340,1728.37,137
1618304400,1727.96,165
1618304460,1727.71,90
1618304520,1728.10,93
1618304580,1727.93,144
1618304640,1727.88,119
1618304700,1727.83,113
1618304760,1727.97,140
1618304820,1728.07,146
1618304880,1728.16,78
1618304940,1728.10,107
1618305000,1728.39,109
1618305060,1728.45,143
1618305120,1728.42,69
1618305180,1728.68,111
1618305240,1729.16,123
1618305300,1728.78,138
1618305360,1728.75,126
1618305420,1729.60,173
1618305480,1729.83,190
1618305540,1729.86,156
1618305600,1729.83,130
1618305660,1729.97,140
1618305720,1729.98,146
1618305780,1729.68,82
1618305840,1729.11,110
1618305900,1728.92,103
1618305960,1728.95,105
1618306020,1729.24,112
1618306080,1729.32,120
1618306140,1729.00,97
1618306200,1728.61,113
1618306260,1728.49,103
1618306320,1728.13,150
1618306380,1728.17,115
1618306440,1727.64,148
1618306500,1727.82,115
1618306560,1727.99,121
1618306620,1727.99,139
1618306680,1727.68,128
1618306740,1727.52,68
1618306800,1727.65,64
1618306860,1727.36,106
1618306920,1727.53,95
1618306980,1727.63,102
1618307040,1727.88,85
1618307100,1727.47,76
1618307160,1727.40,124
1618307220,1727.67,88
1618307280,1727.15,108
1618307340,1727.21,85
1618307400,1727.26,105
1618307460,1727.09,119
1618307520,1726.88,87
1618307580,1726.48,100
1618307640,1726.31,97
1618307700,1726.25,93
1618307760,1726.28,106
1618307820,1726.62,131
1618307880,1726.54,135
1618307940,1726.43,119
1618308000,1726.98,135
1618308060,1726.92,141
1618308120,1726.84,127
1618308180,1727.14,146
1618308240,1726.97,86
1618308300,1726.80,104
1618308360,1726.39,113
1618308420,1726.20,84
1618308480,1726.11,83
1618308540,1726.03,67
1618308600,1726.56,91
1618308660,1726.75,87
1618308720,1726.82,57
1618308780,1727.20,89
1618308840,1727.14,95
1618308900,1727.10,103
1618308960,1726.98,127
1618309020,1727.05,104
1618309080,1726.98,80
1618309140,1726.86,105
1618309200,1726.82,102
1618309260,1726.51,106
1618309320,1726.88,98
1618309380,1726.73,97
1618309440,1727.13,125
1618309500,1727.49,149
1618309560,1727.03,112
1618309620,1726.68,81
1618309680,1726.62,75
1618309740,1726.17,90
1618309800,1725.88,153
1618309860,1725.84,131
1618309920,1725.74,116
1618309980,1725.65,78
1618310040,1725.29,149
1618310100,1725.51,145
1618310160,1725.39,166
1618310220,1725.44,129
1618310280,1725.59,80
1618310340,1725.45,100
1618310400,1725.46,89
1618310460,1725.56,86
1618310520,1725.61,167
1618310580,1725.38,116
1618310640,1724.73,127
1618310700,1724.88,125
1618310760,1725.39,151
1618310820,1725.28,117
1618310880,1725.10,134
1618310940,1725.51,138
1618311000,1725.34,126
1618311060,1725.31,113
1618311120,1725.34,91
1618311180,1725.38,103
1618311240,1725.61,77
1618311300,1725.14,117
1618311360,1725.26,161
1618311420,1725.35,113
1618311480,1725.26,158
1618311540,1725.98,216
1618311600,1726.81,384
1618311660,1727.46,399
1618311720,1729.20,364
1618311780,1729.75,372
1618311840,1729.25,353
1618311900,1728.59,319
1618311960,1728.18,328
1618312020,1729.00,285
1618312080,1729.53,234
1618312140,1729.78,228
1618312200,1729.71,280
1618312260,1730.04,227
1618312320,1729.75,216
1618312380,1729.54,191
1618312440,1729.82,191
1618312500,1729.67,230
1618312560,1729.07,228
1618312620,1729.38,240
1618312680,1729.57,150
1618312740,1728.72,161
1618312800,1728.95,157
1618312860,1728.93,170
1618312920,1728.35,212
1618312980,1727.98,131
1618313040,1727.87,168
1618313100,1727.77,124
1618313160,1727.52,181
1618313220,1727.73,158
1618313280,1727.84,157
1618313340,1727.93,189
1618313400,1727.99,194
1618313460,1727.85,133
1618313520,1727.78,161
1618313580,1727.27,175
1618313640,1727.90,155
1618313700,1727.92,182
1618313760,1727.54,189
1618313820,1727.57,209
1618313880,1727.76,188
1618313940,1728.06,153
1618314000,1727.94,199
1618314060,1727.56,261
1618314120,1727.49,240
1618314180,1727.60,169
1618314240,1727.49,113
1618314300,1727.61,186
1618314360,1727.53,210
1618314420,1728.89,198
1618314480,1729.05,202
1618314540,1729.18,183
1618314600,1729.41,147
1618314660,1730.02,238
1618314720,1729.64,218
1618314780,1729.33,143
1618314840,1729.46,136
1618314900,1729.50,141
1618314960,1729.33,214
1618315020,1729.63,179
1618315080,1729.37,156
1618315140,1729.17,166
1618315200,1729.46,253
1618315260,1729.37,212
1618315320,1729.99,206
1618315380,1729.95,284
1618315440,1729.32,220
1618315500,1729.29,194
1618315560,1728.80,187
1618315620,1728.87,191
1618315680,1728.96,233
1618315740,1728.85,164
1618315800,1729.80,237
1618315860,1730.95,284
1618315920,1731.40,249
1618315980,1731.63,271
1618316040,1732.13,260
1618316100,1731.98,257
1618316160,1733.26,304
1618316220,1733.52,264
1618316280,1733.44,194
1618316340,1733.75,221
1618316400,1733.32,318
1618316460,1733.43,272
1618316520,1732.94,233
1618316580,1732.95,238
1618316640,1732.98,206
1618316700,1733.04,228
1618316760,1732.91,179
1618316820,1733.06,167
1618316880,1732.56,132
1618316940,1733.01,197
1618317000,1732.16,487
1618317060,1732.07,420
1618317120,1733.95,422
1618317180,1734.94,456
1618317240,1734.51,433
1618317300,1733.54,399
1618317360,1733.95,351
1618317420,1734.84,390
1618317480,1735.05,385
1618317540,1736.79,420
1618317600,1737.07,381
1618317660,1738.35,420
1618317720,1739.66,389
1618317780,1739.83,408
1618317840,1740.33,382
1618317900,1740.96,424
1618317960,1740.85,373
1618318020,1740.46,366
1618318080,1739.35,372
1618318140,1739.18,297
1618318200,1738.36,302
1618318260,1738.55,319
1618318320,1738.42,320
1618318380,1737.70,298
1618318440,1737.64,287
1618318500,1737.71,262
1618318560,1738.02,208
1618318620,1737.88,279
1618318680,1737.13,280
1618318740,1736.44,307
1618318800,1737.28,376
1618318860,1738.82,382
1618318920,1740.13,333
1618318980,1739.30,375
1618319040,1740.20,311
1618319100,1741.03,392
1618319160,1741.13,378
1618319220,1740.62,336
1618319280,1741.10,334
1618319340,1741.48,305
1618319400,1741.45,323
1618319460,1741.81,298
1618319520,1741.53,295
1618319580,1742.68,303
1618319640,1741.37,271
1618319700,1741.94,350
1618319760,1739.90,341
1618319820,1739.94,342
1618319880,1740.45,291
1618319940,1741.10,276
1618320000,1741.69,310
1618320060,1741.17,313
1618320120,1741.74,332
1618320180,1742.22,293
1618320240,1742.00,265
1618320300,1742.02,333
1618320360,1741.67,247
1618320420,1742.35,255
1618320480,1742.42,299
1618320540,1742.02,310
1618320600,1742.04,350
1618320660,1744.50,380
1618320720,1744.05,368
1618320780,1744.15,344
1618320840,1744.22,266
1618320900,1745.23,389
1618320960,1745.70,377
1618321020,1746.41,378
1618321080,1745.76,357
1618321140,1747.64,394
1618321200,1747.99,395
1618321260,1747.55,358
1618321320,1747.57,388
1618321380,1747.16,345
1618321440,1747.45,341
1618321500,1746.62,328
1618321560,1746.63,297
1618321620,1746.86,294
1618321680,1746.92,281
1618321740,1746.72,319
1618321800,1747.46,225
1618321860,1748.05,258
1618321920,1748.39,302
1618321980,1747.78,248
1618322040,1747.93,297
1618322100,1748.18,261
1618322160,1748.25,327
1618322220,1748.73,293
1618322280,1747.88,298
1618322340,1748.13,302
1618322400,1747.89,327
1618322460,1747.55,304
1618322520,1746.12,282
1618322580,1745.62,369
1618322640,1746.06,347
1618322700,1747.18,309
1618322760,1747.02,347
1618322820,1746.87,264
1618322880,1746.70,251
1618322940,1746.20,292
1618323000,1745.88,292
1618323060,1745.86,257
1618323120,1745.70,279
1618323180,1745.41,237
1618323240,1745.64,244
1618323300,1745.30,279
1618323360,1743.99,316
1618323420,1743.40,305
1618323480,1742.99,278
1618323540,1742.46,206
1618323600,1742.35,301
1618323660,1742.41,289
1618323720,1742.31,274
1618323780,1741.56,307
1618323840,1742.69,307
1618323900,1743.41,271
1618323960,1743.90,293
1618324020,1743.33,234
1618324080,1743.35,216
1618324140,1743.08,255
1618324200,1743.90,308
1618324260,1743.08,229
1618324320,1742.84,247
1618324380,1741.92,218
1618324440,1742.66,246
1618324500,1740.58,336
1618324560,1741.33,299
1618324620,1740.33,284
1618324680,1740.51,244
1618324740,1741.24,196
1618324800,1741.62,252
1618324860,1741.59,262
1618324920,1741.77,252
1618324980,1742.41,252
1618325040,1742.12,235
1618325100,1742.59,192
1618325160,1743.27,187
1618325220,1743.07,232
1618325280,1743.48,184
1618325340,1743.71,244
1618325400,1743.61,242
1618325460,1743.83,231
1618325520,1742.80,236
1618325580,1743.40,211
1618325640,1742.46,218
1618325700,1743.26,256
1618325760,1743.34,215
1618325820,1743.11,235
1618325880,1742.64,264
1618325940,1743.03,259
1618326000,1742.02,245
1618326060,1742.51,232
1618326120,1742.50,247
1618326180,1742.21,184
1618326240,1742.37,202
1618326300,1741.89,215
1618326360,1741.34,198
1618326420,1741.52,218
1618326480,1742.16,148
1618326540,1742.48,231
1618326600,1742.77,202
1618326660,1743.00,222
1618326720,1742.42,183
1618326780,1742.87,187
1618326840,1742.49,160
1618326900,1742.45,189
1618326960,1742.40,160
1618327020,1742.20,142
1618327080,1741.49,186
1618327140,1741.00,115
1618327200,1741.61,205
1618327260,1742.44,183
1618327320,1743.13,191
1618327380,1743.01,160
1618327440,1743.19,105
1618327500,1743.14,165
1618327560,1743.42,162
1618327620,1743.41,112
1618327680,1743.49,132
1618327740,1743.92,151
1618327800,1743.37,231
1618327860,1743.20,126
1618327920,1743.80,122
1618327980,1744.01,129
1618328040,1743.82,215
1618328100,1743.60,155
1618328160,1742.94,190
1618328220,1742.84,195
1618328280,1743.20,136
1618328340,1743.45,168
1618328400,1743.71,136
1618328460,1743.87,148
1618328520,1743.58,111
1618328580,1743.30,122
1618328640,1743.71,130
1618328700,1743.84,158
1618328760,1744.01,161
1618328820,1743.87,130
1618328880,1743.74,161
1618328940,1744.00,136
1618329000,1743.93,139
1618329060,1743.92,112
1618329120,1744.09,120
1618329180,1744.03,124
1618329240,1743.98,92
1618329300,1744.02,123
1618329360,1743.62,141
1618329420,1743.41,180
1618329480,1743.83,173
1618329540,1743.82,127
1618329600,1744.33,164
1618329660,1744.17,159
1618329720,1743.98,101
1618329780,1743.50,112
1618329840,1743.47,130
1618329900,1743.58,140
1618329960,1743.30,77
1618330020,1743.63,115
1618330080,1743.76,121
1618330140,1743.58,120
1618330200,1743.93,106
1618330260,1743.91,92
1618330320,1744.08,94
1618330380,1744.42,83
1618330440,1744.39,164
1618330500,1745.14,178
1618330560,1745.28,120
1618330620,1745.13,181
1618330680,1744.57,148
1618330740,1744.56,158
1618330800,1744.70,136
1618330860,1744.81,110
1618330920,1744.88,130
1618330980,1744.24,130
1618331040,1744.67,135
1618331100,1744.90,119
1618331160,1744.53,113
1618331220,1744.65,77
1618331280,1744.86,126
1618331340,1744.88,104
1618331400,1744.51,115
1618331460,1744.87,100
1618331520,1744.77,70
1618331580,1744.70,99
1618331640,1744.78,92
1618331700,1744.87,91
1618331760,1744.66,93
1618331820,1744.10,94
1618331880,1743.99,139
1618331940,1743.28,159
1618332000,1742.76,140
1618332060,1742.83,158
1618332120,1742.71,114
1618332180,1742.81,119
1618332240,1742.97,191
1618332300,1742.85,102
1618332360,1742.69,119
1618332420,1742.49,114
1618332480,1742.49,127
1618332540,1742.45,93
1618332600,1742.45,42
1618332660,1742.30,133
1618332720,1741.92,173
1618332780,1741.95,97
1618332840,1742.21,89
1618332900,1742.89,114
1618332960,1742.48,143
1618333020,1742.26,135
1618333080,1742.41,131
1618333140,1742.60,135
1618333200,1742.97,170
1618333260,1743.38,143
1618333320,1744.87,382
1618333380,1745.50,303
1618333440,1745.49,296
1618333500,1745.91,287
1618333560,1746.38,323
1618333620,1746.26,274
1618333680,1746.39,245
1618333740,1746.71,189
1618333800,1746.65,236
1618333860,1746.35,204
1618333920,1746.15,179
1618333980,1746.12,189
1618334040,1746.62,191
1618334100,1746.73,150
1618334160,1746.42,182
1618334220,1746.38,170
1618334280,1746.69,104
1618334340,1746.58,183
1618334400,1746.49,140
1618334460,1746.99,137
1618334520,1746.51,173
1618334580,1746.80,178
1618334640,1745.91,166
1618334700,1745.27,215
1618334760,1746.33,220
1618334820,1746.11,203
1618334880,1746.56,155
1618334940,1747.21,232
1618335000,1746.85,218
1618335060,1746.94,178
1618335120,1746.95,148
1618335180,1746.85,122
1618335240,1747.54,135
1618335300,1747.50,140
1618335360,1747.59,141
1618335420,1747.39,154
1618335480,1746.69,198
1618335540,1746.34,144
1618335600,1746.54,126
1618335660,1746.06,108
1618335720,1746.05,64
1618335780,1746.06,89
1618335840,1746.05,94
1618335900,1746.45,123
1618335960,1746.53,126
1618336020,1746.43,66
1618336080,1746.12,90
1618336140,1745.61,107
1618336200,1745.63,108
1618336260,1745.66,113
1618336320,1745.57,144
1618336380,1745.59,130
1618336440,1745.59,140
1618336500,1745.19,146
1618336560,1745.24,135
1618336620,1745.11,114
1618336680,1745.18,168
1618336740,1745.04,155
1618336800,1745.10,167
1618336860,1744.86,157
1618336920,1744.70,145
1618336980,1744.57,122
1618337040,1744.83,99
1618337100,1744.43,139
1618337160,1744.32,105
1618337220,1744.11,111
1618337280,1744.22,117
1618337340,1744.33,100
1618337400,1745.08,168
1618337460,1745.27,173
1618337520,1745.32,124
1618337580,1745.71,117
1618337640,1745.94,139
1618337700,1745.65,149
1618337760,1745.85,134
1618337820,1745.55,143
1618337880,1745.81,125
1618337940,1745.99,120
1618338000,1745.81,118
1618338060,1745.82,120
1618338120,1746.11,125
1618338180,1746.02,92
1618338240,1746.12,159
1618338300,1746.30,150
1618338360,1746.09,112
1618338420,1745.88,149
1618338480,1746.14,130
1618338540,1746.27,228
1618338600,1746.57,136
1618338660,1746.57,102
1618338720,1746.37,130
1618338780,1746.22,111
1618338840,1746.33,136
1618338900,1746.10,135
1618338960,1745.59,72
1618339020,1745.34,128
1618339080,1745.21,97
1618339140,1745.09,113
1618339200,1744.80,101
1618339260,1744.99,89
1618339320,1744.92,89
1618339380,1744.93,65
1618339440,1745.33,88
1618339500,1744.97,98
1618339560,1745.14,115
1618339620,1745.24,82
1618339680,1745.34,113
1618339740,1745.38,95
1618339800,1745.42,56
1618339860,1745.67,63
1618339920,1745.77,61
1618339980,1745.77,39
1618340040,1746.12,60
1618340100,1746.17,97
1618340160,1745.98,70
1618340220,1745.79,106
1618340280,1745.46,165
1618340340,1745.28,149
1618340400,1745.73,166
1618340460,1746.07,124
1618340520,1745.61,177
1618340580,1745.57,171
1618340640,1745.07,164
1618340700,1745.32,129
1618340760,1745.20,84
1618340820,1744.92,133
1618340880,1745.18,113
1618340940,1745.69,128
1618341000,1745.71,126
1618341060,1746.00,92
1618341120,1745.67,98
1618341180,1745.55,83
1618341240,1745.70,111
1618341300,1745.13,95
1618341360,1744.93,103
1618341420,1744.98,57
1618341480,1744.97,80
1618341540,1744.86,55
1618341600,1744.87,65
1618341660,1744.42,78
1618341720,1744.42,104
1618341780,1744.22,62
1618341840,1744.20,78
1618341900,1744.36,65
1618341960,1744.53,118
1618342020,1744.50,72
1618342080,1744.75,124
1618342140,1744.87,82
1618342200,1744.98,95
1618342260,1744.99,122
1618342320,1744.86,66
1618342380,1744.83,56
1618342440,1744.99,75
1618342500,1744.68,71
1618342560,1744.78,101
1618342620,1744.91,59
1618342680,1744.82,76
1618342740,1744.90,82
1618342800,1744.94,84
1618342860,1744.87,78
1618342920,1744.93,94
1618342980,1744.92,68
1618343040,1744.99,73
1618343100,1744.98,66
1618343160,1744.72,81
1618343220,1744.79,78
1618343280,1744.73,68
1618343340,1744.96,116
1618343400,1744.81,134
1618343460,1744.55,65
1618343520,1744.55,81
1618343580,1744.72,85
1618343640,1744.89,126
1618343700,1744.76,157
1618343760,1744.75,112
1618343820,1744.97,121
1618343880,1744.93,193
1618343940,1744.96,226
1618344000,1744.90,164
1618344060,1744.85,72
1618344120,1744.92,75
1618344180,1744.75,44
1618344240,1744.86,40
1618344300,1745.36,26
1618344360,1745.16,53
1618344420,1745.22,58
1618344480,1745.26,47
1618344540,1745.25,53
1618344600,1745.26,38
1618344660,1745.06,62
1618344720,1745.00,43
1618344780,1745.05,72
1618344840,1745.15,57
1618344900,1745.24,34
1618344960,1744.94,42
1618345020,1744.86,35
1618345080,1745.24,32
1618345140,1745.24,31
1618345200,1745.24,16
1618345260,1745.24,37
1618345320,1745.24,32
1618345380,1745.10,27
1618345440,1745.16,26
1618345500,1745.18,37
1618345560,1745.24,18
1618345620,1745.30,33
1618345680,1745.25,26
1618345740,1745.24,43
1618345800,1745.54,56
1618345860,1745.78,40
1618345920,1745.82,65
1618345980,1745.81,26
1618346040,1745.71,35
1618346100,1745.73,35
1618346160,1745.61,54
1618346220,1745.73,50
1618346280,1745.72,42
1618346340,1745.64,46
1618346400,1745.64,49
1618346460,1745.62,14
1618346520,1745.53,51
1618346580,1745.41,46
1618346640,1745.27,45
1618346700,1745.33,66
1618346760,1745.35,42
1618346820,1745.46,44
1618346880,1745.30,57
1618346940,1745.29,106
1618347000,1745.26,66
1618347060,1745.24,39
1618347120,1745.27,50
1618347180,1745.27,21
1618347240,1745.39,27
1618347300,1745.54,43
1618347360,1745.44,37
1618351320,1745.86,70
1618351380,1745.89,37
1618351440,1745.68,23
1618351500,1745.75,65
1618351560,1745.63,55
1618351620,1745.55,41
1618351680,1745.52,37
1618351740,1745.74,16
1618351800,1745.59,39
1618351860,1745.59,29
1618351920,1745.46,35
1618351980,1745.75,40
1618352040,1745.55,28
1618352100,1745.71,110
1618352160,1745.10,93
1618352220,1745.48,76
1618352280,1745.27,47
1618352340,1744.99,106
1618352400,1744.71,62
1618352460,1744.66,70
1618352520,1744.63,75
1618352580,1744.74,72
1618352640,1744.88,33
1618352700,1744.90,26
1618352760,1744.97,56
1618352820,1744.92,60
1618352880,1744.59,71
1618352940,1744.38,95
1618353000,1744.37,111
1618353060,1744.80,66
1618353120,1745.31,70
1618353180,1745.34,14
1618353240,1745.18,38
1618353300,1744.90,43
1618353360,1744.91,50
1618353420,1744.93,61
1618353480,1744.81,54
1618353540,1744.80,58
1618353600,1744.58,57
1618353660,1744.78,32
1618353720,1745.19,37
1618353780,1745.45,47
1618353840,1745.32,28
1618353900,1745.39,37
1618353960,1745.46,27
1618354020,1745.54,26
1618354080,1745.61,53
1618354140,1745.75,71
1618354200,1745.79,55
1618354260,1746.25,69
1618354320,1746.07,80
1618354380,1746.08,66
1618354440,1745.99,32
1618354500,1745.93,56
1618354560,1745.60,59
1618354620,1745.80,42
1618354680,1745.40,57
1618354740,1745.19,30
1618354800,1745.29,30
1618354860,1745.38,17
1618354920,1745.45,32
1618354980,1745.42,24
1618355040,1745.18,41
1618355100,1745.18,23
1618355160,1745.18,5
1618355220,1745.58,26
1618355280,1745.78,30
1618355340,1745.58,17
1618355400,1745.78,31
1618355460,1745.57,19
1618355520,1745.58,8
1618355580,1745.48,8
1618355640,1745.39,10
1618355700,1745.38,9
1618355760,1745.59,26
1618355820,1745.51,25
1618355880,1745.76,30
1618355940,1745.46,38
1618356000,1745.35,23
1618356060,1745.34,30
1618356120,1745.33,5
1618356180,1745.35,17
1618356240,1745.44,19
1618356300,1745.52,29
1618356360,1745.17,23
1618356420,1745.29,51
1618356480,1745.50,74
1618356540,1745.75,70
1618356600,1745.82,23
1618356660,1745.91,47
1618356720,1745.93,11
1618356780,1745.92,27
1618356840,1745.88,22
1618356900,1745.88,24
1618356960,1745.90,65
1618357020,1745.72,39
1618357080,1745.61,25
1618357140,1745.75,23
1618357200,1746.00,35
1618357260,1746.10,32
1618357320,1746.06,41
1618357380,1746.01,49
1618357440,1746.00,29
1618357500,1746.04,51
1618357560,1746.22,55
1618357620,1746.48,32
1618357680,1746.80,51
1618357740,1746.17,128
1618357800,1746.42,88
1618357860,1746.53,55
1618357920,1746.69,39
1618357980,1746.38,62
1618358040,1746.46,25
1618358100,1746.35,26
1618358160,1746.22,27
1618358220,1746.93,170
1618358280,1746.82,49
1618358340,1746.68,43
1618358400,1746.75,128
1618358460,1746.46,94
1618358520,1746.49,101
1618358580,1746.34,35
1618358640,1746.15,35
1618358700,1746.47,116
1618358760,1746.25,71
1618358820,1745.73,102
1618358880,1745.81,77
1618358940,1745.45,113
1618359000,1745.54,83
1618359060,1745.71,47
1618359120,1745.71,73
1618359180,1745.79,44
1618359240,1745.71,24
1618359300,1745.60,78
1618359360,1746.01,90
1618359420,1745.97,49
1618359480,1745.92,65
1618359540,1745.81,49
1618359600,1746.06,66
1618359660,1746.03,45
1618359720,1745.93,31
1618359780,1746.05,73
1618359840,1745.97,79
1618359900,1746.06,65
1618359960,1745.75,72
1618360020,1745.85,70
1618360080,1745.71,53
1618360140,1745.72,35
1618360200,1745.49,65
1618360260,1745.32,79
1618360320,1745.73,83
1618360380,1745.66,72
1618360440,1745.63,69
1618360500,1745.36,93
1618360560,1745.51,60
1618360620,1745.64,51
1618360680,1745.44,57
1618360740,1745.54,81
1618360800,1745.55,80
1618360860,1745.65,74
1618360920,1745.56,59
1618360980,1745.61,43
1618361040,1745.68,69
1618361100,1745.56,65
1618361160,1745.93,61
1618361220,1746.06,70
1618361280,1746.23,93
1618361340,1746.37,101
1618361400,1746.40,70
1618361460,1746.49,89
1618361520,1746.57,127
1618361580,1746.45,132
1618361640,1746.44,140
1618361700,1746.69,148
1618361760,1747.03,172
1618361820,1747.21,114
1618361880,1746.99,68
1618361940,1747.05,96
1618362000,1747.76,277
1618362060,1748.55,258
1618362120,1748.60,284
1618362180,1749.30,255
1618362240,1748.75,203
1618362300,1748.74,181
1618362360,1747.94,195
1618362420,1748.13,126
1618362480,1748.03,140
1618362540,1747.87,121
1618362600,1747.42,168
1618362660,1747.19,104
1618362720,1747.51,160
1618362780,1747.21,98
1618362840,1746.95,145
1618362900,1747.30,178
1618362960,1747.62,168
1618363020,1747.14,168
1618363080,1747.30,181
1618363140,1747.15,153
1618363200,1747.39,149
1618363260,1747.23,180
1618363320,1747.27,133
1618363380,1747.54,63
1618363440,1747.68,93
1618363500,1747.66,90
1618363560,1747.60,91
1618363620,1747.04,111
1618363680,1746.96,96
1618363740,1746.29,171
1618363800,1745.87,205
1618363860,1746.03,205
1618363920,1746.36,204
1618363980,1746.04,189
1618364040,1745.88,122
1618364100,1745.63,125
1618364160,1745.02,147
1618364220,1744.89,176
1618364280,1744.89,130
1618364340,1744.80,122
1618364400,1744.72,170
1618364460,1744.96,147
1618364520,1745.22,126
1618364580,1745.47,97
1618364640,1745.64,119
1618364700,1746.25,160
1618364760,1746.48,195
1618364820,1746.40,199
1618364880,1746.30,170
1618364940,1746.30,130
1618365000,1745.94,163
1618365060,1746.09,135
1618365120,1746.27,118
1618365180,1746.54,105
1618365240,1745.77,170
1618365300,1745.50,178
1618365360,1745.68,134
1618365420,1745.75,91
1618365480,1745.69,81
1618365540,1745.75,70
1618365600,1744.95,165
1618365660,1744.76,142
1618365720,1744.70,168
1618365780,1744.49,155
1618365840,1744.63,130
1618365900,1744.72,137
1618365960,1744.42,135
1618366020,1744.52,136
1618366080,1744.47,77
1618366140,1744.42,143
1618366200,1744.22,138
1618366260,1744.15,111
1618366320,1744.49,103
1618366380,1744.50,154
1618366440,1744.33,103
1618366500,1744.26,69
1618366560,1744.43,69
1618366620,1744.78,104
1618366680,1744.85,75
1618366740,1745.00,82
1618366800,1745.21,54
1618366860,1745.54,71
1618366920,1745.39,92
1618366980,1745.67,73
1618367040,1745.74,89
1618367100,1745.72,71
1618367160,1745.62,100
1618367220,1745.68,92
1618367280,1745.70,80
1618367340,1745.57,78
1618367400,1745.37,165
1618367460,1745.68,132
1618367520,1745.97,120
1618367580,1745.89,91
1618367640,1746.26,157
1618367700,1746.23,117
1618367760,1746.30,121
1618367820,1746.44,166
1618367880,1746.40,138
1618367940,1746.34,113
1618368000,1746.38,115
1618368060,1745.96,125
1618368120,1745.68,115
1618368180,1745.55,111
1618368240,1745.36,137
1618368300,1745.63,93
1618368360,1745.24,142
1618368420,1745.43,146
1618368480,1745.73,169
1618368540,1745.62,167
1618368600,1745.50,155
1618368660,1745.36,169
1618368720,1745.44,118
1618368780,1745.28,98
1618368840,1745.01,187
1618368900,1744.61,116
1618368960,1744.67,113
1618369020,1744.47,148
1618369080,1744.36,89
1618369140,1745.15,111
1618369200,1744.98,95
1618369260,1745.12,67
1618369320,1745.25,81
1618369380,1744.94,100
1618369440,1744.64,92
1618369500,1744.98,108
1618369560,1745.06,105
1618369620,1745.07,86
1618369680,1744.90,49
1618369740,1744.81,65
1618369800,1744.67,90
1618369860,1744.48,79
1618369920,1744.26,87
1618369980,1744.09,84
1618370040,1744.53,104
1618370100,1744.47,89
1618370160,1744.12,123
1618370220,1744.15,103
1618370280,1744.25,91
1618370340,1744.51,83
1618370400,1744.97,70
1618370460,1745.19,103
1618370520,1744.97,58
1618370580,1744.92,41
1618370640,1744.77,117
1618370700,1744.93,46
1618370760,1744.90,40
1618370820,1744.72,88
1618370880,1744.64,48
1618370940,1744.88,67
1618371000,1744.77,71
1618371060,1744.77,40
1618371120,1744.83,45
1618371180,1744.65,84
1618371240,1744.50,78
1618371300,1744.27,75
1618371360,1744.41,25
1618371420,1744.55,56
1618371480,1744.34,39
1618371540,1744.45,44
1618371600,1744.60,84
1618371660,1744.60,50
1618371720,1744.74,44
1618371780,1744.72,22
1618371840,1744.52,41
1618371900,1744.43,51
1618371960,1744.30,59
1618372020,1743.98,55
1618372080,1744.09,72
1618372140,1744.15,55
1618372200,1743.65,77
1618372260,1743.82,41
1618372320,1743.66,66
1618372380,1743.77,58
1618372440,1743.97,48
1618372500,1744.20,33
1618372560,1744.21,38
1618372620,1744.08,64
1618372680,1744.02,56
1618372740,1743.94,62
1618372800,1743.79,55
1618372860,1743.55,35
1618372920,1743.66,39
1618372980,1743.64,52
1618373040,1743.67,24
1618373100,1743.51,58
1618373160,1743.54,53
1618373220,1743.58,59
1618373280,1743.66,33
1618373340,1743.48,27
1618373400,1743.55,50
1618373460,1743.67,35
1618373520,1743.54,18
1618373580,1743.63,39
1618373640,1744.00,80
1618373700,1744.17,57
1618373760,1744.17,52
1618373820,1744.04,72
1618373880,1743.79,69
1618373940,1743.78,63
1618374000,1743.70,51
1618374060,1743.81,44
1618374120,1744.01,46
1618374180,1744.08,27
1618374240,1744.03,63
1618374300,1744.13,25
1618374360,1744.20,20
1618374420,1743.83,44
1618374480,1743.76,45
1618374540,1743.85,59
1618374600,1744.02,44
1618374660,1744.11,39
1618374720,1744.20,56
1618374780,1744.14,45
1618374840,1744.20,22
1618374900,1744.14,45
1618374960,1744.16,36
1618375020,1744.28,25
1618375080,1743.97,75
1618375140,1743.98,24
1618375200,1743.88,44
1618375260,1743.86,35
1618375320,1743.97,57
1618375380,1744.03,72
1618375440,1743.78,40
1618375500,1743.75,42
1618375560,1743.46,57
1618375620,1743.50,59
1618375680,1743.23,56
1618375740,1743.16,87
1618375800,1743.39,77
1618375860,1743.48,88
1618375920,1743.51,45
1618375980,1743.27,64
1618376040,1743.17,34
1618376100,1743.30,64
1618376160,1743.22,57
1618376220,1743.47,76
1618376280,1743.09,61
1618376340,1742.88,110
1618376400,1742.73,156
1618376460,1742.81,88
1618376520,1743.02,61
1618376580,1742.73,59
1618376640,1742.60,76
1618376700,1742.32,50
1618376760,1742.16,112
1618376820,1742.71,150
1618376880,1742.53,75
1618376940,1742.35,61
1618377000,1742.97,117
1618377060,1743.00,99
1618377120,1743.02,78
1618377180,1742.89,44
1618377240,1742.78,50
1618377300,1742.73,99
1618377360,1742.53,61
1618377420,1742.42,64
1618377480,1742.33,86
1618377540,1742.30,66
1618377600,1742.26,64
1618377660,1742.15,75
1618377720,1742.01,124
1618377780,1742.29,123
1618377840,1742.47,103
1618377900,1742.51,74
1618377960,1742.59,91
1618378020,1742.67,53
1618378080,1742.23,136
1618378140,1741.96,99
1618378200,1742.35,284
1618378260,1741.83,192
1618378320,1741.38,166
1618378380,1741.32,159
1618378440,1741.01,113
1618378500,1740.97,154
1618378560,1741.26,123
1618378620,1740.95,154
1618378680,1741.06,144
1618378740,1741.05,158
1618378800,1741.32,178
1618378860,1741.40,170
1618378920,1742.01,112
1618378980,1742.08,82
1618379040,1741.96,68
1618379100,1742.09,91
1618379160,1742.42,121
1618379220,1743.05,133
1618379280,1743.39,112
1618379340,1744.03,163
1618379400,1743.83,203
1618379460,1743.29,152
1618379520,1743.05,95
1618379580,1742.99,139
1618379640,1743.03,145
1618379700,1742.84,153
1618379760,1743.81,195
1618379820,1744.02,131
1618379880,1743.84,113
1618379940,1743.74,118
1618380000,1744.31,245
1618380060,1743.92,208
1618380120,1743.72,145
1618380180,1743.55,176
1618380240,1744.59,239
1618380300,1744.81,143
1618380360,1745.10,179
1618380420,1745.50,287
1618380480,1745.38,209
1618380540,1745.11,239
1618380600,1745.91,263
1618380660,1745.53,277
1618380720,1746.14,194
1618380780,1746.17,188
1618380840,1746.19,118
1618380900,1746.42,143
1618380960,1746.42,117
1618381020,1746.20,138
1618381080,1746.59,175
1618381140,1746.99,168
1618381200,1747.17,143
1618381260,1746.82,178
1618381320,1745.68,200
1618381380,1746.19,223
1618381440,1745.85,167
1618381500,1746.87,196
1618381560,1746.59,169
1618381620,1746.17,193
1618381680,1746.10,164
1618381740,1745.57,185
1618381800,1746.29,228
1618381860,1746.31,186
1618381920,1746.24,163
1618381980,1745.68,179
1618382040,1747.16,190
1618382100,1747.56,177
1618382160,1747.56,194
1618382220,1747.79,144
1618382280,1748.26,177
1618382340,1747.57,183
1618382400,1747.78,151
1618382460,1747.43,131
1618382520,1747.64,169
1618382580,1747.14,150
1618382640,1747.31,192
1618382700,1747.14,127
1618382760,1747.41,168
1618382820,1747.16,122
1618382880,1746.73,167
1618382940,1746.71,131
1618383000,1746.73,129
1618383060,1746.34,129
1618383120,1746.21,117
1618383180,1746.15,148
1618383240,1746.22,156
1618383300,1746.44,105
1618383360,1746.90,126
1618383420,1746.40,214
1618383480,1747.02,214
1618383540,1747.18,181
1618383600,1747.03,225
1618383660,1747.99,238
1618383720,1748.00,253
1618383780,1746.76,265
1618383840,1746.32,243
1618383900,1745.66,266
1618383960,1745.14,251
1618384020,1744.79,186
1618384080,1745.27,217
1618384140,1745.77,175
1618384200,1745.55,213
1618384260,1745.41,191
1618384320,1745.80,171
1618384380,1746.08,173
1618384440,1746.64,169
1618384500,1747.57,248
1618384560,1747.64,210
1618384620,1747.32,190
1618384680,1746.63,242
1618384740,1745.96,226
1618384800,1746.31,169
1618384860,1745.58,188
1618384920,1745.12,183
1618384980,1745.19,160
1618385040,1744.76,211
1618385100,1744.89,237
1618385160,1744.74,201
1618385220,1744.63,192
1618385280,1744.28,204
1618385340,1744.76,191
1618385400,1744.71,174
1618385460,1744.99,154
1618385520,1745.58,174
1618385580,1745.48,193
1618385640,1744.99,172
1618385700,1744.96,155
1618385760,1744.04,282
1618385820,1744.16,225
1618385880,1743.98,170
1618385940,1744.50,196
1618386000,1744.81,165
1618386060,1745.48,166
1618386120,1745.21,130
1618386180,1745.15,125
1618386240,1744.58,122
1618386300,1745.06,138
1618386360,1745.31,151
1618386420,1745.42,99
1618386480,1745.66,125
1618386540,1745.66,114
1618386600,1744.97,163
1618386660,1745.14,139
1618386720,1745.28,137
1618386780,1745.18,171
1618386840,1745.02,159
1618386900,1745.41,146
1618386960,1745.57,107
1618387020,1745.33,104
1618387080,1745.04,176
1618387140,1744.75,118
1618387200,1744.83,163
1618387260,1745.02,110
1618387320,1745.17,128
1618387380,1745.21,132
1618387440,1745.07,104
1618387500,1745.11,104
1618387560,1744.98,131
1618387620,1745.04,125
1618387680,1745.47,121
1618387740,1745.61,112
1618387800,1745.73,128
1618387860,1745.79,144
1618387920,1745.69,163
1618387980,1746.06,126
1618388040,1746.46,183
1618388100,1746.34,190
1618388160,1746.09,153
1618388220,1746.05,170
1618388280,1746.41,153
1618388340,1746.12,133
1618388400,1747.04,160
1618388460,1747.00,154
1618388520,1746.90,137
1618388580,1746.54,108
1618388640,1746.72,124
1618388700,1746.55,97
1618388760,1746.46,100
1618388820,1746.01,100
1618388880,1745.97,134
1618388940,1746.36,164
1618389000,1746.46,147
1618389060,1746.55,128
1618389120,1746.76,134
1618389180,1746.96,175
1618389240,1747.06,184
1618389300,1747.01,162
1618389360,1747.40,149
1618389420,1747.52,126
1618389480,1748.08,152
1618389540,1747.66,200
1618389600,1747.82,196
1618389660,1747.81,136
1618389720,1747.76,146
1618389780,1747.36,186
1618389840,1747.05,181
1618389900,1747.03,163
1618389960,1746.69,116
1618390020,1746.63,157
1618390080,1746.84,128
1618390140,1746.68,131
1618390200,1746.68,138
1618390260,1746.48,132
1618390320,1746.49,149
1618390380,1746.53,110
1618390440,1746.67,154
1618390500,1746.67,135
1618390560,1746.29,130
1618390620,1746.33,98
1618390680,1745.90,157
1618390740,1745.70,131
1618390800,1745.51,112
1618390860,1745.57,133
1618390920,1746.17,149
1618390980,1746.03,111
1618391040,1745.93,120
1618391100,1745.53,151
1618391160,1745.21,107
1618391220,1745.52,135
1618391280,1746.00,136
1618391340,1746.28,137
1618391400,1746.50,147
1618391460,1746.42,119
1618391520,1746.27,153
1618391580,1746.25,108
1618391640,1746.31,115
1618391700,1745.86,133
1618391760,1745.83,124
1618391820,1745.47,103
1618391880,1745.35,105
1618391940,1744.75,144
1618392000,1745.08,159
1618392060,1744.67,169
1618392120,1744.31,127
1618392180,1744.22,161
1618392240,1744.01,182
1618392300,1743.67,185
1618392360,1743.72,160
1618392420,1743.57,157
1618392480,1743.62,163
1618392540,1743.79,163
1618392600,1743.50,194
1618392660,1743.57,191
1618392720,1743.42,122
1618392780,1743.39,189
1618392840,1743.09,139
1618392900,1742.88,157
1618392960,1742.76,192
1618393020,1742.98,132
1618393080,1742.97,132
1618393140,1742.84,112
1618393200,1743.14,130
1618393260,1742.97,101
1618393320,1742.78,109
1618393380,1742.86,144
1618393440,1742.91,131
1618393500,1742.68,145
1618393560,1743.08,115
1618393620,1742.86,109
1618393680,1742.59,161
1618393740,1742.85,110
1618393800,1742.92,87
1618393860,1742.49,139
1618393920,1742.34,113
1618393980,1742.36,121
1618394040,1742.32,101
1618394100,1742.16,110
1618394160,1742.31,59
1618394220,1742.52,95
1618394280,1742.86,106
1618394340,1743.34,128
1618394400,1743.30,140
1618394460,1743.75,134
1618394520,1743.92,99
1618394580,1743.92,113
1618394640,1743.98,79
1618394700,1743.85,137
1618394760,1743.71,82
1618394820,1743.58,110
1618394880,1743.72,99
1618394940,1744.05,102
1618395000,1743.95,94
1618395060,1743.91,73
1618395120,1743.86,73
1618395180,1744.42,108
1618395240,1744.47,81
1618395300,1744.35,82
1618395360,1744.54,100
1618395420,1744.03,104
1618395480,1744.25,105
1618395540,1743.66,141
1618395600,1743.37,146
1618395660,1743.49,119
1618395720,1743.48,116
1618395780,1743.56,82
1618395840,1743.21,95
1618395900,1743.06,134
1618395960,1742.90,117
1618396020,1742.66,153
1618396080,1742.47,91
1618396140,1742.32,82
1618396200,1742.36,137
1618396260,1742.41,91
1618396320,1742.88,113
1618396380,1743.32,126
1618396440,1743.29,140
1618396500,1743.38,108
1618396560,1743.38,99
1618396620,1743.67,128
1618396680,1743.37,91
1618396740,1743.30,69
1618396800,1743.45,97
1618396860,1743.77,105
1618396920,1743.68,87
1618396980,1743.62,104
1618397040,1743.59,136
1618397100,1743.48,99
1618397160,1743.00,103
1618397220,1742.93,102
1618397280,1743.06,93
1618397340,1742.76,61
1618397400,1742.19,100
1618397460,1742.02,165
1618397520,1741.86,137
1618397580,1742.10,113
1618397640,1742.34,123
1618397700,1742.40,146
1618397760,1742.50,175
1618397820,1742.63,136
1618397880,1742.63,97
1618397940,1742.36,93
1618398000,1742.13,194
1618398060,1742.43,193
1618398120,1742.55,172
1618398180,1742.89,202
1618398240,1742.83,174
1618398300,1743.14,164
1618398360,1742.87,136
1618398420,1742.34,132
1618398480,1742.25,100
1618398540,1741.81,131
1618398600,1741.84,80
1618398660,1742.31,94
1618398720,1742.20,123
1618398780,1742.75,112
1618398840,1743.17,129
1618398900,1743.24,119
1618398960,1743.34,108
1618399020,1743.78,142
1618399080,1743.78,115
1618399140,1743.75,134
1618399200,1743.75,87
1618399260,1743.52,137
1618399320,1743.14,113
1618399380,1743.07,158
1618399440,1742.55,119
1618399500,1743.22,110
1618399560,1743.23,136
1618399620,1743.11,133
1618399680,1743.21,139
1618399740,1743.38,102
1618399800,1743.10,123
1618399860,1743.07,99
1618399920,1742.98,151
1618399980,1742.98,117
1618400040,1743.68,166
1618400100,1743.68,161
1618400160,1743.62,153
1618400220,1744.06,125
1618400280,1744.17,118
1618400340,1744.08,97
1618400400,1744.11,136
1618400460,1744.38,90
1618400520,1744.34,144
1618400580,1744.61,119
1618400640,1744.76,159
1618400700,1744.93,127
1618400760,1744.72,150
1618400820,1744.86,104
1618400880,1744.71,133
1618400940,1744.92,113
1618401000,1744.49,114
1618401060,1744.06,127
1618401120,1743.86,104
1618401180,1743.57,84
1618401240,1744.24,113
1618401300,1744.57,114
1618401360,1744.95,143
1618401420,1744.91,130
1618401480,1745.24,133
1618401540,1744.79,124
1618401600,1745.01,165
1618401660,1744.62,158
1618401720,1745.02,143
1618401780,1744.60,112
1618401840,1744.73,109
1618401900,1744.63,157
1618401960,1744.79,135
1618402020,1745.33,168
1618402080,1745.35,148
1618402140,1745.92,129
1618402200,1746.05,117
1618402260,1746.33,161
1618402320,1745.90,175
1618402380,1745.36,143
1618402440,1744.93,165
1618402500,1744.52,138
1618402560,1744.23,89
1618402620,1744.36,161
1618402680,1743.72,122
1618402740,1743.91,195
1618402800,1744.30,160
1618402860,1744.33,173
1618402920,1744.56,138
1618402980,1744.98,250
1618403040,1745.58,242
1618403100,1744.38,253
1618403160,1744.75,218
1618403220,1745.35,169
1618403280,1745.85,215
1618403340,1746.32,236
1618403400,1744.94,275
1618403460,1745.28,210
1618403520,1745.15,226
1618403580,1745.91,215
1618403640,1745.75,193
1618403700,1745.83,194
1618403760,1745.87,210
1618403820,1745.95,180
1618403880,1745.98,193
1618403940,1745.65,168
1618404000,1746.07,167
1618404060,1746.01,194
1618404120,1746.68,181
1618404180,1746.90,175
1618404240,1746.58,198
1618404300,1746.27,175
1618404360,1746.89,195
1618404420,1746.92,162
1618404480,1746.07,216
1618404540,1746.43,180
1618404600,1746.18,176
1618404660,1745.45,215
1618404720,1745.46,203
1618404780,1745.27,156
1618404840,1745.36,109
1618404900,1745.10,152
1618404960,1745.64,176
1618405020,1744.86,203
1618405080,1744.33,240
1618405140,1744.39,225
1618405200,1743.95,341
1618405260,1744.02,333
1618405320,1744.70,264
1618405380,1744.12,266
1618405440,1743.95,208
1618405500,1743.42,230
1618405560,1743.78,229
1618405620,1744.26,186
1618405680,1744.32,232
1618405740,1743.33,284
1618405800,1742.45,307
1618405860,1740.35,375
1618405920,1740.30,366
1618405980,1740.12,351
1618406040,1740.36,337
1618406100,1740.71,327
1618406160,1739.96,276
1618406220,1735.39,444
1618406280,1734.23,432
1618406340,1734.98,400
1618406400,1735.29,371
1618406460,1735.97,338
1618406520,1736.26,296
1618406580,1737.03,308
1618406640,1737.28,318
1618406700,1737.87,306
1618406760,1737.55,304
1618406820,1737.84,224
1618406880,1738.35,278
1618406940,1737.77,266
1618407000,1738.65,283
1618407060,1737.62,314
1618407120,1736.19,339
1618407180,1737.73,350
1618407240,1737.05,339
1618407300,1737.17,376
1618407360,1737.49,348
1618407420,1738.30,307
1618407480,1738.94,329
1618407540,1737.94,346
1618407600,1738.18,326
1618407660,1738.80,348
1618407720,1739.02,287
1618407780,1738.36,297
1618407840,1738.65,282
1618407900,1738.70,365
1618407960,1738.05,291
1618408020,1739.04,288
1618408080,1739.07,228
1618408140,1738.02,245
1618408200,1738.03,253
1618408260,1737.53,220
1618408320,1737.58,243
1618408380,1737.24,178
1618408440,1736.75,273
1618408500,1736.79,286
1618408560,1737.68,282
1618408620,1737.11,259
1618408680,1737.09,239
1618408740,1736.52,241
1618408800,1735.99,321
1618408860,1735.88,276
1618408920,1736.18,252
1618408980,1735.83,321
1618409040,1736.12,247
1618409100,1735.75,256
1618409160,1736.49,262
1618409220,1736.48,249
1618409280,1735.28,289
1618409340,1736.48,295
1618409400,1735.89,264
1618409460,1735.97,226
1618409520,1736.50,208
1618409580,1736.64,210
1618409640,1736.17,228
1618409700,1736.55,213
1618409760,1736.49,172
1618409820,1734.81,286
1618409880,1735.21,227
1618409940,1735.31,254
1618410000,1733.67,333
1618410060,1733.35,322
1618410120,1733.18,299
1618410180,1733.45,262
1618410240,1734.11,292
1618410300,1733.73,297
1618410360,1733.86,284
1618410420,1734.15,304
1618410480,1735.48,318
1618410540,1735.54,280
1618410600,1735.43,309
1618410660,1736.52,279
1618410720,1737.87,381
1618410780,1737.90,310
1618410840,1738.53,276
1618410900,1738.13,301
1618410960,1738.02,256
1618411020,1738.45,228
1618411080,1738.72,171
1618411140,1738.43,211
1618411200,1738.67,289
1618411260,1738.79,194
1618411320,1738.85,185
1618411380,1739.00,187
1618411440,1739.17,230
1618411500,1739.68,304
1618411560,1740.03,292
1618411620,1739.44,320
1618411680,1740.13,235
1618411740,1739.88,225
1618411800,1739.11,240
1618411860,1739.07,233
1618411920,1738.41,234
1618411980,1738.45,241
1618412040,1738.37,205
1618412100,1738.55,221
1618412160,1738.16,245
1618412220,1737.54,194
1618412280,1737.36,283
1618412340,1737.19,262
1618412400,1737.78,254
1618412460,1736.74,262
1618412520,1737.07,268
1618412580,1736.27,247
1618412640,1736.06,196
1618412700,1735.58,271
1618412760,1735.32,172
1618412820,1735.37,213
1618412880,1735.17,232
1618412940,1735.27,172
1618413000,1734.89,202
1618413060,1734.91,114
1618413120,1735.50,205
1618413180,1735.63,217
1618413240,1735.14,251
1618413300,1735.76,221
1618413360,1736.15,184
1618413420,1735.46,186
1618413480,1735.36,169
1618413540,1735.08,130
1618413600,1735.38,125
1618413660,1735.24,168
1618413720,1734.98,202
1618413780,1734.92,179
1618413840,1734.70,206
1618413900,1734.43,156
1618413960,1734.32,202
1618414020,1734.42,194
1618414080,1734.64,196
1618414140,1735.73,225
1618414200,1736.55,284
1618414260,1735.89,188
1618414320,1735.62,215
1618414380,1735.20,170
1618414440,1735.11,152
1618414500,1734.70,212
1618414560,1735.41,202
1618414620,1735.84,166
1618414680,1735.70,187
1618414740,1736.11,163
1618414800,1736.23,201
1618414860,1736.47,232
1618414920,1736.04,141
1618414980,1735.93,159
1618415040,1736.04,77
1618415100,1735.88,154
1618415160,1735.86,140
1618415220,1735.57,184
1618415280,1735.82,127
1618415340,1735.45,114
1618415400,1735.73,163
1618415460,1736.12,151
1618415520,1736.37,196
1618415580,1736.32,139
1618415640,1736.27,144
1618415700,1736.41,153
1618415760,1736.45,127
1618415820,1736.39,119
1618415880,1737.01,186
1618415940,1736.60,193
1618416000,1736.45,186
1618416060,1735.95,151
1618416120,1736.61,192
1618416180,1736.29,214
1618416240,1735.88,155
1618416300,1736.32,219
1618416360,1736.45,169
1618416420,1736.41,170
1618416480,1737.06,197
1618416540,1737.12,141
1618416600,1736.80,141
1618416660,1736.47,124
1618416720,1736.49,205
1618416780,1736.79,161
1618416840,1736.69,173
1618416900,1736.74,135
1618416960,1736.96,162
1618417020,1737.13,133
1618417080,1737.18,148
1618417140,1737.86,246
1618417200,1737.55,185
1618417260,1737.73,138
1618417320,1737.64,83
1618417380,1737.51,71
1618417440,1737.57,95
1618417500,1737.03,193
1618417560,1736.81,173
1618417620,1736.45,190
1618417680,1736.42,201
1618417740,1735.93,208
1618417800,1735.98,147
1618417860,1736.45,149
1618417920,1736.77,179
1618417980,1736.92,136
1618418040,1736.67,140
1618418100,1736.59,161
1618418160,1736.49,143
1618418220,1736.54,110
1618418280,1736.74,112
1618418340,1736.96,128
1618418400,1736.81,124
1618418460,1736.94,140
1618418520,1737.21,128
1618418580,1737.26,117
1618418640,1737.20,182
1618418700,1736.90,126
1618418760,1736.88,103
1618418820,1736.90,79
1618418880,1737.00,63
1618418940,1737.10,82
1618419000,1737.00,81
1618419060,1736.90,87
1618419120,1737.05,59
1618419180,1736.95,82
1618419240,1736.81,63
1618419300,1736.66,62
1618419360,1736.71,79
1618419420,1736.95,115
1618419480,1736.76,130
1618419540,1736.55,137
1618419600,1736.21,153
1618419660,1736.46,110
1618419720,1736.32,105
1618419780,1736.22,75
1618419840,1736.02,120
1618419900,1735.86,138
1618419960,1736.01,85
1618420020,1736.01,102
1618420080,1736.11,47
1618420140,1736.17,51
1618420200,1736.22,79
1618420260,1736.04,98
1618420320,1736.26,140
1618420380,1736.27,129
1618420440,1736.36,152
1618420500,1736.13,105
1618420560,1735.68,140
1618420620,1736.06,152
1618420680,1736.06,131
1618420740,1735.81,148
1618420800,1735.69,130
1618420860,1736.00,114
1618420920,1735.47,158
1618420980,1735.75,156
1618421040,1736.32,265
1618421100,1736.10,138
1618421160,1735.72,111
1618421220,1735.74,151
1618421280,1735.70,128
1618421340,1736.45,275
1618421400,1736.14,169
1618421460,1735.66,190
1618421520,1735.48,128
1618421580,1735.17,165
1618421640,1735.27,94
1618421700,1735.19,148
1618421760,1735.30,114
1618421820,1735.37,146
1618421880,1735.50,111
1618421940,1735.19,117
1618422000,1735.51,126
1618422060,1735.59,99
1618422120,1736.00,154
1618422180,1735.93,85
1618422240,1735.91,99
1618422300,1736.07,139
1618422360,1736.00,76
1618422420,1735.91,115
1618422480,1736.06,44
1618422540,1735.77,99
1618422600,1735.86,80
1618422660,1735.80,107
1618422720,1735.53,92
1618422780,1735.60,110
1618422840,1735.62,91
1618422900,1735.50,87
1618422960,1735.49,99
1618423020,1735.55,137
1618423080,1735.17,107
1618423140,1735.60,190
1618423200,1734.95,164
1618423260,1734.67,180
1618423320,1734.56,162
1618423380,1734.56,196
1618423440,1734.28,173
1618423500,1734.24,141
1618423560,1734.44,151
1618423620,1734.44,134
1618423680,1734.40,140
1618423740,1735.00,180
1618423800,1734.94,167
1618423860,1735.09,143
1618423920,1735.16,163
1618423980,1735.21,138
1618424040,1735.69,125
1618424100,1735.77,143
1618424160,1735.95,169
1618424220,1736.11,166
1618424280,1736.20,141
1618424340,1736.25,123
1618424400,1736.32,97
1618424460,1736.53,150
1618424520,1736.30,129
1618424580,1736.71,83
1618424640,1736.79,93
1618424700,1736.53,143
1618424760,1736.42,99
1618424820,1736.45,122
1618424880,1736.49,143
1618424940,1736.28,148
1618425000,1735.78,75
1618425060,1735.78,76
1618425120,1736.26,104
1618425180,1736.36,84
1618425240,1736.37,74
1618425300,1736.28,101
1618425360,1736.28,99
1618425420,1736.36,110
1618425480,1736.15,82
1618425540,1736.10,63
1618425600,1736.01,86
1618425660,1735.84,72
1618425720,1735.95,75
1618425780,1735.81,135
1618425840,1735.61,110
1618425900,1735.92,116
1618425960,1735.90,90
1618426020,1736.12,82
1618426080,1736.35,121
1618426140,1736.04,111
1618426200,1735.95,103
1618426260,1735.83,99
1618426320,1735.56,91
1618426380,1735.67,101
1618426440,1735.86,88
1618426500,1735.98,113
1618426560,1735.73,104
1618426620,1735.93,111
1618426680,1736.18,119
1618426740,1736.31,175
1618426800,1736.37,153
1618426860,1736.21,96
1618426920,1736.34,115
1618426980,1736.58,113
1618427040,1736.63,72
1618427100,1736.54,130
1618427160,1736.57,132
1618427220,1736.72,76
1618427280,1736.87,106
1618427340,1736.79,81
1618427400,1736.69,129
1618427460,1736.75,97
1618427520,1736.75,72
1618427580,1736.98,84
1618427640,1737.07,112
1618427700,1737.18,91
1618427760,1737.32,68
1618427820,1737.18,65
1618427880,1737.24,78
1618427940,1737.25,60
1618428000,1737.22,91
1618428060,1737.30,87
1618428120,1737.40,55
1618428180,1737.40,58
1618428240,1737.56,77
1618428300,1737.52,62
1618428360,1737.39,44
1618428420,1737.22,59
1618428480,1737.12,50
1618428540,1737.23,75
1618428600,1737.03,105
1618428660,1736.83,88
1618428720,1736.93,86
1618428780,1737.04,111
1618428840,1736.95,97
1618428900,1736.71,97
1618428960,1736.69,141
1618429020,1736.94,101
1618429080,1736.90,75
1618429140,1736.68,95
1618429200,1736.46,64
1618429260,1736.40,95
1618429320,1736.20,113
1618429380,1736.30,89
1618429440,1736.49,85
1618429500,1736.78,63
1618429560,1736.50,67
1618429620,1736.47,76
1618429680,1736.17,68
1618429740,1736.15,110
1618429800,1736.03,115
1618429860,1736.15,96
1618429920,1736.14,112
1618429980,1736.50,116
1618430040,1736.35,93
1618430100,1736.33,143
1618430160,1736.01,81
1618430220,1736.01,130
1618430280,1736.46,137
1618430340,1736.99,190
1618430400,1736.58,114
1618430460,1736.59,73
1618430520,1736.61,44
1618430580,1736.68,47
1618430640,1736.68,40
1618430700,1736.68,34
1618430760,1736.68,37
1618430820,1736.69,33
1618430880,1736.71,43
1618430940,1736.68,45
1618431000,1736.69,26
1618431060,1736.61,17
1618431120,1736.69,22
1618431180,1736.68,44
1618431240,1736.69,27
1618431300,1736.59,54
1618431360,1736.72,49
1618431420,1736.79,42
1618431480,1736.89,11
1618431600,1736.89,1
1618431660,1736.89,9
1618431720,1736.90,21
1618431780,1736.95,29
1618431840,1736.91,28
1618431900,1736.96,35
1618431960,1736.87,14
1618432020,1736.80,26
1618432080,1736.88,24
1618432140,1736.87,33
1618432200,1736.74,67
1618432260,1736.78,32
1618432320,1736.94,35
1618432380,1736.94,37
1618432440,1737.05,37
1618432500,1736.84,37
1618432560,1736.94,33
1618432620,1736.93,24
1618432680,1736.76,55
1618432740,1736.83,27
1618432800,1736.89,31
1618432860,1736.93,38
1618432920,1736.64,45
1618432980,1736.63,40
1618433040,1736.35,36
1618433100,1736.63,66
1618433160,1736.34,42
1618433220,1736.52,36
1618433280,1736.63,32
1618433340,1736.62,80
1618433400,1736.51,79
1618433460,1736.51,29
1618433520,1736.14,73
1618433580,1736.21,41
1618433640,1736.21,16
1618433700,1736.40,59
1618433760,1736.32,16
1618437720,1736.30,52
1618437780,1736.29,49
1618437840,1736.25,28
1618437900,1736.18,48
1618437960,1735.98,17
1618438020,1736.05,30
1618438080,1735.97,23
1618438140,1735.92,36
1618438200,1736.03,41
1618438260,1736.01,31
1618438320,1736.14,37
1618438380,1736.04,34
1618438440,1736.10,32
1618438500,1736.28,40
1618438560,1736.12,36
1618438620,1735.87,29
1618438680,1735.87,17
1618438740,1735.88,8
1618438800,1735.87,24
1618438860,1736.04,32
1618438920,1736.19,13
1618438980,1736.28,17
1618439040,1736.15,8
1618439100,1736.07,31
1618439160,1736.11,65
1618439220,1736.19,11
1618439280,1736.15,23
1618439340,1736.02,57
1618439400,1736.32,43
1618439460,1736.32,48
1618439520,1736.34,21
1618439580,1736.31,20
1618439640,1736.41,21
1618439700,1736.33,40
1618439760,1735.94,69
1618439820,1735.89,49
1618439880,1735.90,27
1618439940,1736.01,31
1618440000,1736.26,49
1618440060,1736.55,45
1618440120,1736.51,56
1618440180,1736.58,50
1618440240,1736.56,26
1618440300,1736.48,24
1618440360,1736.62,45
1618440420,1736.71,10
1618440480,1736.70,34
1618440540,1736.30,47
1618440600,1736.29,23
1618440660,1736.10,32
1618440720,1736.32,28
1618440780,1736.10,26
1618440840,1736.00,19
1618440900,1735.99,14
1618440960,1735.89,26
1618441020,1735.71,23
1618441080,1735.98,30
1618441140,1735.99,19
1618441200,1735.92,26
1618441260,1736.07,27
1618441320,1736.01,15
1618441380,1736.06,30
1618441440,1736.13,57
1618441500,1736.08,29
1618441560,1736.15,38
1618441620,1736.08,31
1618441680,1736.10,22
1618441740,1736.08,22
1618441800,1736.22,22
1618441860,1736.22,28
1618441920,1736.26,25
1618441980,1736.03,39
1618442040,1735.95,15
1618442100,1735.84,47
1618442160,1735.97,13
1618442220,1736.11,31
1618442280,1736.07,39
1618442340,1736.06,33
1618442400,1736.18,21
1618442460,1736.08,49
1618442520,1736.08,37
1618442580,1736.20,27
1618442640,1736.19,13
1618442700,1736.27,36
1618442760,1736.27,18
1618442820,1736.22,14
1618442880,1736.24,21
1618442940,1736.24,24
1618443000,1736.23,37
1618443060,1736.46,31
1618443120,1736.41,36
1618443180,1736.26,38
1618443240,1736.25,25
1618443300,1736.36,20
1618443360,1736.23,32
1618443420,1736.23,30
1618443480,1736.26,36
1618443540,1735.97,39
1618443600,1736.04,31
1618443660,1735.99,39
1618443720,1735.92,41
1618443780,1735.90,21
1618443840,1735.94,35
1618443900,1735.89,78
1618443960,1735.59,56
1618444020,1735.64,44
1618444080,1735.58,42
1618444140,1735.52,53
1618444200,1735.82,49
1618444260,1735.95,47
1618444320,1736.30,58
1618444380,1736.03,44
1618444440,1736.02,51
1618444500,1736.18,58
1618444560,1736.31,27
1618444620,1736.33,26
1618444680,1736.52,72
1618444740,1736.67,46
1618444800,1736.89,132
1618444860,1737.06,125
1618444920,1737.05,83
1618444980,1737.23,82
1618445040,1737.29,77
1618445100,1737.29,83
1618445160,1737.51,66
1618445220,1737.48,50
1618445280,1737.61,51
1618445340,1737.97,62
1618445400,1737.59,53
1618445460,1737.67,62
1618445520,1737.61,52
1618445580,1738.17,77
1618445640,1738.21,72
1618445700,1738.10,79
1618445760,1738.68,67
1618445820,1738.75,79
1618445880,1738.87,56
1618445940,1738.63,74
1618446000,1738.54,56
1618446060,1738.59,54
1618446120,1738.49,50
1618446180,1738.57,61
1618446240,1738.72,71
1618446300,1738.70,38
1618446360,1738.70,48
1618446420,1738.61,41
1618446480,1739.10,103
1618446540,1739.17,103
1618446600,1738.96,102
1618446660,1738.61,93
1618446720,1738.65,70
1618446780,1738.88,55
1618446840,1738.80,70
1618446900,1738.76,70
1618446960,1738.71,80
1618447020,1738.78,68
1618447080,1738.67,50
1618447140,1738.67,78
1618447200,1738.15,140
1618447260,1738.21,70
1618447320,1738.09,72
1618447380,1738.06,96
1618447440,1737.99,98
1618447500,1738.02,80
1618447560,1738.22,68
1618447620,1738.12,58
1618447680,1738.16,42
1618447740,1738.81,90
1618447800,1738.74,82
1618447860,1739.01,74
1618447920,1738.90,83
1618447980,1739.01,140
1618448040,1739.02,150
1618448100,1738.86,93
1618448160,1738.88,67
1618448220,1738.89,73
1618448280,1738.98,109
1618448340,1738.73,78
1618448400,1738.25,318
1618448460,1739.56,246
1618448520,1739.46,260
1618448580,1739.30,193
1618448640,1740.18,254
1618448700,1739.94,221
1618448760,1739.79,224
1618448820,1739.10,173
1618448880,1738.96,215
1618448940,1738.71,172
1618449000,1738.45,143
1618449060,1737.75,230
1618449120,1738.12,211
1618449180,1737.86,169
1618449240,1738.10,162
1618449300,1738.69,174
1618449360,1739.07,181
1618449420,1738.93,149
1618449480,1739.32,126
1618449540,1739.49,142
1618449600,1739.42,105
1618449660,1739.43,142
1618449720,1739.40,153
1618449780,1739.18,155
1618449840,1739.01,127
1618449900,1738.47,145
1618449960,1738.65,139
1618450020,1739.01,135
1618450080,1738.88,128
1618450140,1739.12,186
1618450200,1739.48,236
1618450260,1739.41,173
1618450320,1739.48,139
1618450380,1739.21,165
1618450440,1739.42,147
1618450500,1739.38,130
1618450560,1738.95,166
1618450620,1737.99,214
1618450680,1737.85,201
1618450740,1736.99,215
1618450800,1735.84,317
1618450860,1735.66,317
1618450920,1735.17,206
1618450980,1735.33,275
1618451040,1734.84,258
1618451100,1734.96,269
1618451160,1734.46,195
1618451220,1734.81,184
1618451280,1735.99,247
1618451340,1735.77,183
1618451400,1735.77,188
1618451460,1735.69,198
1618451520,1736.24,181
1618451580,1736.23,162
1618451640,1736.34,100
1618451700,1736.17,146
1618451760,1735.74,216
1618451820,1735.51,168
1618451880,1735.55,164
1618451940,1735.22,222
1618452000,1735.24,222
1618452060,1734.90,155
1618452120,1735.09,213
1618452180,1735.64,168
1618452240,1736.09,169
1618452300,1736.19,118
1618452360,1736.00,211
1618452420,1736.04,145
1618452480,1736.34,133
1618452540,1736.13,119
1618452600,1735.82,145
1618452660,1735.34,151
1618452720,1735.03,201
1618452780,1735.63,128
1618452840,1735.69,161
1618452900,1735.87,141
1618452960,1736.37,108
1618453020,1735.86,126
1618453080,1735.93,38
1618453140,1735.85,73
1618453200,1736.36,106
1618453260,1736.21,123
1618453320,1736.35,97
1618453380,1736.37,90
1618453440,1736.27,73
1618453500,1736.08,84
1618453560,1736.32,76
1618453620,1736.35,110
1618453680,1736.05,96
1618453740,1735.95,113
1618453800,1735.59,142
1618453860,1735.41,120
1618453920,1736.07,141
1618453980,1736.15,98
1618454040,1736.59,124
1618454100,1736.24,123
1618454160,1736.59,127
1618454220,1736.38,137
1618454280,1736.39,121
1618454340,1736.58,103
1618454400,1736.47,97
1618454460,1736.57,52
1618454520,1736.67,101
1618454580,1736.49,107
1618454640,1736.80,101
1618454700,1736.80,119
1618454760,1736.80,128
1618454820,1736.87,87
1618454880,1736.99,126
1618454940,1737.19,90
1618455000,1737.12,126
1618455060,1737.28,85
1618455120,1737.34,73
1618455180,1737.48,104
1618455240,1737.86,116
1618455300,1738.23,172
1618455360,1738.62,232
1618455420,1738.10,162
1618455480,1738.54,131
1618455540,1738.35,127
1618455600,1738.89,128
1618455660,1738.73,175
1618455720,1739.05,185
1618455780,1738.91,168
1618455840,1739.12,130
1618455900,1739.24,170
1618455960,1739.10,115
1618456020,1739.47,128
1618456080,1739.51,129
1618456140,1739.58,80
1618456200,1739.41,101
1618456260,1739.54,83
1618456320,1739.63,100
1618456380,1739.57,103
1618456440,1739.46,107
1618456500,1739.48,116
1618456560,1739.08,123
1618456620,1738.73,154
1618456680,1739.01,119
1618456740,1738.92,140
1618456800,1738.87,58
1618456860,1739.09,139
1618456920,1739.39,98
1618456980,1739.58,91
1618457040,1739.58,56
1618457100,1739.58,84
1618457160,1739.56,93
1618457220,1739.18,120
1618457280,1739.07,100
1618457340,1738.88,148
1618457400,1738.91,131
1618457460,1738.31,184
1618457520,1738.54,86
1618457580,1738.22,38
1618457640,1737.90,84
1618457700,1738.02,70
1618457760,1738.20,71
1618457820,1738.22,48
1618457880,1738.41,26
1618457940,1738.61,68
1618458000,1738.43,54
1618458060,1738.29,84
1618458120,1738.16,69
1618458180,1738.42,91
1618458240,1738.37,98
1618458300,1738.25,73
1618458360,1738.36,73
1618458420,1738.42,43
1618458480,1738.26,57
1618458540,1738.32,51
1618458600,1738.33,68
1618458660,1738.46,28
1618458720,1738.51,67
1618458780,1738.66,69
1618458840,1738.65,55
1618458900,1738.62,40
1618458960,1738.52,42
1618459020,1738.67,44
1618459080,1738.41,49
1618459140,1738.50,17
1618459200,1738.13,85
1618459260,1738.09,33
1618459320,1738.16,30
1618459380,1738.09,40
1618459440,1738.14,50
1618459500,1738.13,34
1618459560,1737.99,42
1618459620,1738.23,43
1618459680,1738.38,26
1618459740,1738.33,50
1618459800,1738.25,51
1618459860,1738.07,49
1618459920,1737.90,46
1618459980,1737.95,64
1618460040,1738.20,52
1618460100,1738.25,49
1618460160,1738.46,43
1618460220,1738.58,47
1618460280,1738.67,50
1618460340,1738.74,46
1618460400,1738.53,47
1618460460,1738.89,53
1618460520,1738.91,30
1618460580,1738.82,34
1618460640,1738.94,23
1618460700,1739.10,57
1618460760,1739.03,47
1618460820,1739.26,63
1618460880,1739.39,59
1618460940,1739.44,56
1618461000,1739.53,65
1618461060,1739.59,49
1618461120,1739.51,68
1618461180,1739.38,51
1618461240,1739.35,59
1618461300,1739.43,70
1618461360,1739.60,74
1618461420,1739.55,57
1618461480,1739.52,35
1618461540,1739.76,31
1618461600,1739.78,35
1618461660,1739.99,41
1618461720,1739.97,55
1618461780,1740.02,59
1618461840,1739.63,88
1618461900,1739.60,66
1618461960,1739.89,68
1618462020,1739.83,97
1618462080,1739.93,76
1618462140,1739.83,77
1618462200,1739.86,61
1618462260,1740.07,62
1618462320,1740.15,60
1618462380,1739.95,60
1618462440,1739.91,57
1618462500,1740.15,51
1618462560,1739.93,70
1618462620,1739.77,66
1618462680,1739.99,81
1618462740,1739.81,42
1618462800,1740.24,84
1618462860,1740.46,75
1618462920,1740.39,60
1618462980,1740.30,66
1618463040,1740.38,54
1618463100,1740.52,73
1618463160,1740.27,49
1618463220,1740.37,48
1618463280,1740.54,72
1618463340,1741.73,131
1618463400,1741.67,115
1618463460,1741.43,117
1618463520,1741.54,94
1618463580,1741.65,118
1618463640,1741.67,78
1618463700,1741.67,64
1618463760,1742.25,106
1618463820,1742.45,86
1618463880,1742.14,96
1618463940,1741.83,67
1618464000,1741.81,67
1618464060,1741.74,92
1618464120,1741.53,107
1618464180,1741.23,75
1618464240,1741.05,75
1618464300,1741.06,44
1618464360,1741.21,61
1618464420,1741.31,47
1618464480,1741.22,52
1618464540,1741.24,79
1618464600,1740.91,252
1618464660,1740.62,209
1618464720,1741.27,176
1618464780,1741.65,209
1618464840,1741.45,159
1618464900,1741.45,147
1618464960,1741.20,139
1618465020,1741.33,126
1618465080,1741.15,120
1618465140,1741.22,110
1618465200,1741.55,207
1618465260,1741.54,181
1618465320,1741.71,96
1618465380,1741.65,99
1618465440,1742.05,129
1618465500,1742.41,166
1618465560,1742.08,145
1618465620,1742.09,90
1618465680,1742.59,112
1618465740,1742.55,170
1618465800,1742.78,109
1618465860,1742.87,102
1618465920,1742.66,167
1618465980,1742.47,103
1618466040,1742.60,77
1618466100,1742.46,83
1618466160,1742.14,69
1618466220,1742.43,88
1618466280,1742.05,162
1618466340,1741.72,133
1618466400,1742.21,155
1618466460,1741.95,161
1618466520,1742.17,189
1618466580,1743.12,255
1618466640,1742.94,147
1618466700,1743.04,164
1618466760,1743.19,188
1618466820,1742.91,162
1618466880,1742.88,139
1618466940,1742.45,163
1618467000,1742.86,173
1618467060,1742.95,128
1618467120,1743.00,150
1618467180,1742.44,118
1618467240,1742.38,108
1618467300,1742.13,176
1618467360,1742.18,137
1618467420,1742.42,168
1618467480,1742.53,133
1618467540,1742.89,118
1618467600,1743.26,185
1618467660,1743.00,164
1618467720,1743.23,131
1618467780,1743.36,169
1618467840,1743.49,146
1618467900,1743.83,184
1618467960,1743.95,152
1618468020,1744.33,191
1618468080,1743.90,168
1618468140,1743.84,148
1618468200,1744.21,191
1618468260,1744.83,162
1618468320,1744.98,150
1618468380,1744.73,134
1618468440,1744.66,145
1618468500,1744.57,142
1618468560,1744.51,133
1618468620,1744.66,166
1618468680,1745.19,161
1618468740,1745.12,176
1618468800,1745.15,151
1618468860,1745.20,153
1618468920,1745.11,150
1618468980,1744.81,131
1618469040,1745.16,141
1618469100,1744.94,177
1618469160,1744.75,122
1618469220,1745.11,143
1618469280,1744.85,145
1618469340,1745.01,134
1618469400,1745.21,116
1618469460,1745.67,163
1618469520,1745.58,172
1618469580,1745.36,156
1618469640,1745.61,157
1618469700,1745.76,124
1618469760,1745.52,176
1618469820,1745.57,154
1618469880,1745.54,164
1618469940,1745.87,127
1618470000,1746.32,244
1618470060,1745.75,238
1618470120,1746.45,209
1618470180,1746.52,164
1618470240,1746.28,148
1618470300,1746.73,171
1618470360,1746.78,115
1618470420,1746.69,169
1618470480,1746.66,115
1618470540,1746.69,137
1618470600,1746.58,139
1618470660,1746.93,137
1618470720,1747.09,97
1618470780,1746.82,162
1618470840,1747.03,138
1618470900,1747.28,161
1618470960,1747.47,187
1618471020,1746.80,138
1618471080,1746.84,187
1618471140,1746.88,146
1618471200,1747.14,159
1618471260,1747.02,108
1618471320,1746.84,139
1618471380,1747.30,163
1618471440,1746.86,138
1618471500,1746.85,110
1618471560,1747.26,125
1618471620,1747.38,185
1618471680,1747.25,154
1618471740,1746.86,162
1618471800,1747.07,199
1618471860,1747.38,141
1618471920,1747.15,207
1618471980,1747.28,158
1618472040,1747.17,171
1618472100,1747.14,142
1618472160,1747.25,94
1618472220,1747.04,101
1618472280,1747.03,124
1618472340,1747.03,90
1618472400,1746.68,142
1618472460,1746.95,135
1618472520,1746.57,200
1618472580,1746.56,141
1618472640,1746.41,149
1618472700,1746.45,135
1618472760,1746.77,138
1618472820,1746.61,121
1618472880,1746.40,134
1618472940,1746.39,139
1618473000,1746.62,133
1618473060,1746.41,119
1618473120,1745.92,120
1618473180,1745.61,142
1618473240,1745.57,166
1618473300,1745.84,195
1618473360,1745.73,122
1618473420,1745.60,124
1618473480,1745.49,113
1618473540,1745.65,87
1618473600,1745.43,168
1618473660,1745.90,115
1618473720,1745.69,88
1618473780,1745.56,113
1618473840,1744.92,134
1618473900,1745.03,125
1618473960,1744.90,128
1618474020,1744.92,88
1618474080,1745.03,104
1618474140,1744.96,126
1618474200,1744.92,130
1618474260,1744.60,124
1618474320,1744.83,151
1618474380,1744.65,110
1618474440,1744.92,86
1618474500,1744.72,136
1618474560,1744.46,195
1618474620,1744.82,109
1618474680,1744.77,132
1618474740,1744.84,150
1618474800,1745.02,115
1618474860,1744.96,141
1618474920,1744.94,140
1618474980,1744.86,100
1618475040,1745.09,110
1618475100,1745.73,145
1618475160,1745.46,149
1618475220,1745.27,100
1618475280,1745.16,81
1618475340,1745.49,108
1618475400,1745.32,174
1618475460,1745.40,120
1618475520,1745.52,119
1618475580,1745.58,138
1618475640,1746.40,233
1618475700,1746.49,142
1618475760,1746.57,130
1618475820,1746.88,135
1618475880,1746.83,128
1618475940,1747.15,108
1618476000,1747.34,168
1618476060,1747.36,160
1618476120,1747.51,158
1618476180,1747.32,168
1618476240,1747.20,193
1618476300,1746.43,163
1618476360,1746.76,141
1618476420,1746.62,166
1618476480,1747.04,119
1618476540,1747.03,170
1618476600,1746.98,133
1618476660,1746.89,128
1618476720,1746.78,124
1618476780,1746.88,125
1618476840,1746.83,146
1618476900,1747.10,147
1618476960,1747.12,128
1618477020,1747.06,152
1618477080,1747.24,123
1618477140,1747.92,171
1618477200,1748.26,160
1618477260,1748.15,182
1618477320,1748.35,130
1618477380,1748.36,137
1618477440,1747.97,140
1618477500,1748.05,80
1618477560,1747.87,132
1618477620,1747.56,134
1618477680,1747.33,125
1618477740,1747.35,76
1618477800,1747.38,125
1618477860,1747.30,102
1618477920,1747.53,119
1618477980,1747.92,134
1618478040,1748.09,100
1618478100,1747.92,161
1618478160,1747.85,135
1618478220,1748.06,127
1618478280,1747.67,122
1618478340,1747.66,98
1618478400,1749.06,188
1618478460,1748.90,226
1618478520,1749.01,159
1618478580,1748.97,160
1618478640,1748.87,141
1618478700,1748.14,137
1618478760,1747.94,148
1618478820,1747.86,177
1618478880,1748.16,128
1618478940,1747.92,90
1618479000,1748.00,169
1618479060,1747.73,119
1618479120,1747.50,129
1618479180,1747.40,115
1618479240,1747.39,178
1618479300,1747.40,142
1618479360,1747.84,174
1618479420,1748.25,116
1618479480,1748.34,130
1618479540,1747.84,101
1618479600,1747.81,85
1618479660,1747.88,77
1618479720,1748.03,101
1618479780,1748.07,58
1618479840,1747.75,129
1618479900,1747.65,124
1618479960,1747.27,144
1618480020,1746.90,217
1618480080,1747.47,141
1618480140,1747.91,117
1618480200,1747.80,98
1618480260,1748.12,115
1618480320,1748.02,93
1618480380,1747.89,90
1618480440,1747.52,104
1618480500,1747.61,78
1618480560,1747.54,113
1618480620,1747.67,119
1618480680,1747.46,112
1618480740,1747.36,118
1618480800,1747.29,125
1618480860,1747.28,101
1618480920,1747.05,108
1618480980,1746.86,142
1618481040,1746.99,171
1618481100,1746.78,135
1618481160,1746.99,109
1618481220,1746.85,119
1618481280,1746.69,123
1618481340,1746.88,78
1618481400,1747.16,100
1618481460,1747.08,54
1618481520,1747.24,123
1618481580,1747.32,76
1618481640,1747.06,91
1618481700,1747.33,89
1618481760,1747.15,58
1618481820,1747.24,62
1618481880,1747.04,70
1618481940,1746.95,96
1618482000,1747.04,101
1618482060,1747.23,93
1618482120,1747.24,78
1618482180,1747.14,100
1618482240,1747.14,112
1618482300,1747.28,91
1618482360,1747.25,44
1618482420,1747.14,96
1618482480,1747.24,91
1618482540,1747.42,93
1618482600,1747.44,75
1618482660,1747.11,62
1618482720,1746.70,122
1618482780,1746.56,105
1618482840,1746.45,157
1618482900,1745.66,204
1618482960,1745.66,143
1618483020,1745.67,156
1618483080,1745.73,141
1618483140,1745.78,118
1618483200,1746.07,126
1618483260,1746.36,138
1618483320,1746.72,105
1618483380,1746.69,110
1618483440,1746.41,116
1618483500,1746.43,110
1618483560,1746.84,144
1618483620,1746.85,58
1618483680,1746.83,102
1618483740,1746.97,90
1618483800,1747.14,84
1618483860,1747.14,66
1618483920,1747.17,87
1618483980,1747.06,61
1618484040,1747.15,83
1618484100,1746.97,105
1618484160,1746.39,136
1618484220,1746.40,147
1618484280,1746.38,117
1618484340,1746.66,86
1618484400,1746.93,145
1618484460,1747.05,160
1618484520,1747.14,98
1618484580,1747.42,151
1618484640,1746.59,130
1618484700,1746.49,33
1618484760,1746.60,127
1618484820,1746.83,117
1618484880,1746.92,56
1618484940,1747.20,86
1618485000,1747.21,117
1618485060,1747.32,94
1618485120,1746.89,96
1618485180,1746.53,52
1618485240,1746.62,75
1618485300,1746.88,83
1618485360,1746.30,93
1618485420,1746.55,88
1618485480,1746.58,107
1618485540,1746.34,83
1618485600,1746.36,136
1618485660,1746.49,94
1618485720,1746.59,142
1618485780,1746.66,100
1618485840,1746.73,114
1618485900,1747.03,118
1618485960,1747.33,116
1618486020,1747.13,102
1618486080,1746.64,89
1618486140,1746.97,95
1618486200,1747.05,129
1618486260,1747.07,93
1618486320,1747.23,87
1618486380,1747.03,125
1618486440,1746.68,122
1618486500,1746.86,144
1618486560,1746.59,161
1618486620,1745.64,147
1618486680,1745.70,171
1618486740,1745.07,208
1618486800,1744.99,153
1618486860,1744.69,152
1618486920,1745.08,202
1618486980,1745.35,175
1618487040,1745.57,159
1618487100,1745.28,199
1618487160,1745.49,107
1618487220,1745.39,155
1618487280,1745.29,106
1618487340,1745.32,99
1618487400,1745.11,109
1618487460,1745.10,127
1618487520,1744.93,141
1618487580,1744.75,125
1618487640,1744.89,128
1618487700,1745.73,203
1618487760,1745.25,160
1618487820,1745.58,143
1618487880,1745.16,104
1618487940,1744.75,120
1618488000,1746.15,211
1618488060,1746.54,206
1618488120,1746.77,179
1618488180,1747.31,186
1618488240,1746.95,211
1618488300,1747.56,174
1618488360,1748.32,188
1618488420,1748.52,213
1618488480,1749.43,291
1618488540,1749.09,296
1618488600,1748.57,223
1618488660,1749.42,207
1618488720,1750.19,213
1618488780,1750.43,194
1618488840,1750.37,202
1618488900,1750.99,316
1618488960,1751.07,268
1618489020,1750.99,233
1618489080,1750.78,184
1618489140,1750.53,181
1618489200,1752.05,310
1618489260,1751.82,229
1618489320,1751.42,234
1618489380,1751.43,179
1618489440,1751.53,196
1618489500,1750.58,227
1618489560,1750.19,214
1618489620,1750.18,205
1618489680,1749.67,215
1618489740,1748.41,262
1618489800,1748.93,427
1618489860,1750.21,442
1618489920,1750.77,373
1618489980,1752.16,427
1618490040,1749.93,420
1618490100,1750.12,349
1618490160,1748.63,377
1618490220,1748.76,342
1618490280,1747.95,305
1618490340,1748.24,369
1618490400,1747.07,338
1618490460,1747.28,330
1618490520,1746.41,362
1618490580,1747.68,317
1618490640,1748.50,288
1618490700,1748.99,304
1618490760,1750.11,348
1618490820,1748.06,357
1618490880,1747.36,312
1618490940,1748.19,290
1618491000,1746.90,312
1618491060,1747.25,288
1618491120,1747.17,284
1618491180,1747.64,247
1618491240,1747.55,213
1618491300,1746.94,262
1618491360,1746.51,231
1618491420,1746.86,264
1618491480,1746.43,228
1618491540,1746.84,302
1618491600,1749.28,406
1618491660,1748.13,367
1618491720,1746.69,393
1618491780,1746.98,363
1618491840,1746.66,283
1618491900,1747.04,298
1618491960,1747.17,299
1618492020,1747.62,308
1618492080,1747.52,289
1618492140,1748.39,277
1618492200,1748.99,319
1618492260,1748.92,297
1618492320,1747.94,247
1618492380,1748.32,260
1618492440,1748.10,224
1618492500,1749.23,302
1618492560,1750.00,312
1618492620,1750.42,281
1618492680,1750.26,295
1618492740,1749.77,272
1618492800,1749.76,265
1618492860,1750.14,256
1618492920,1750.47,267
1618492980,1750.25,231
1618493040,1750.54,255
1618493100,1750.81,237
1618493160,1750.93,252
1618493220,1751.32,280
1618493280,1751.58,259
1618493340,1751.49,243
1618493400,1751.92,354
1618493460,1751.72,341
1618493520,1753.58,388
1618493580,1754.71,451
1618493640,1754.85,339
1618493700,1752.77,400
1618493760,1753.18,408
1618493820,1752.67,416
1618493880,1753.70,392
1618493940,1754.14,343
1618494000,1754.24,355
1618494060,1754.24,335
1618494120,1753.83,350
1618494180,1753.01,310
1618494240,1753.75,369
1618494300,1754.28,330
1618494360,1754.55,373
1618494420,1754.07,318
1618494480,1753.87,281
1618494540,1753.99,262
1618494600,1756.03,374
1618494660,1756.12,391
1618494720,1756.26,331
1618494780,1755.49,324
1618494840,1754.93,368
1618494900,1753.31,348
1618494960,1753.10,351
1618495020,1753.30,362
1618495080,1753.21,303
1618495140,1754.49,322
1618495200,1756.11,431
1618495260,1756.26,395
1618495320,1756.16,348
1618495380,1756.26,356
1618495440,1757.08,357
1618495500,1756.98,331
1618495560,1756.51,335
1618495620,1757.86,380
1618495680,1759.90,414
1618495740,1760.67,412
1618495800,1760.48,387
1618495860,1760.68,365
1618495920,1761.91,363
1618495980,1763.11,316
1618496040,1763.40,384
1618496100,1764.10,399
1618496160,1764.12,401
1618496220,1763.55,349
1618496280,1762.71,360
1618496340,1763.81,311
1618496400,1764.72,313
1618496460,1764.96,330
1618496520,1763.98,359
1618496580,1763.26,333
1618496640,1763.46,318
1618496700,1764.64,327
1618496760,1764.51,301
1618496820,1764.34,333
1618496880,1764.13,332
1618496940,1764.06,292
1618497000,1764.26,303
1618497060,1763.63,330
1618497120,1763.98,303
1618497180,1764.12,350
1618497240,1763.73,297
1618497300,1764.19,303
1618497360,1764.31,272
1618497420,1765.11,303
1618497480,1765.48,249
1618497540,1764.70,284
1618497600,1765.30,304
1618497660,1764.96,260
1618497720,1765.29,272
1618497780,1765.00,286
1618497840,1765.39,276
1618497900,1765.09,296
1618497960,1765.41,269
1618498020,1766.12,265
1618498080,1765.72,279
1618498140,1766.48,304
1618498200,1766.43,252
1618498260,1764.85,301
1618498320,1764.43,271
1618498380,1764.83,286
1618498440,1765.69,312
1618498500,1765.77,253
1618498560,1765.25,179
1618498620,1765.16,226
1618498680,1765.47,250
1618498740,1764.84,223
1618498800,1765.53,250
1618498860,1765.54,236
1618498920,1766.15,256
1618498980,1766.25,282
1618499040,1766.26,239
1618499100,1766.24,248
1618499160,1766.55,213
1618499220,1767.37,336
1618499280,1767.18,336
1618499340,1766.45,247
1618499400,1766.84,261
1618499460,1767.00,208
1618499520,1766.71,216
1618499580,1765.97,247
1618499640,1765.58,247
1618499700,1765.10,229
1618499760,1765.35,303
1618499820,1765.18,246
1618499880,1765.03,225
1618499940,1765.59,264
1618500000,1766.06,242
1618500060,1766.11,238
1618500120,1765.91,227
1618500180,1766.03,214
1618500240,1766.18,195
1618500300,1766.49,176
1618500360,1767.14,249
1618500420,1766.70,203
1618500480,1767.07,254
1618500540,1767.05,202
1618500600,1766.75,195
1618500660,1767.53,233
1618500720,1767.67,186
1618500780,1767.53,213
1618500840,1767.02,137
1618500900,1767.39,205
1618500960,1767.82,196
1618501020,1767.95,244
1618501080,1768.05,212
1618501140,1768.71,243
1618501200,1768.97,162
1618501260,1768.94,194
1618501320,1768.75,181
1618501380,1769.48,251
1618501440,1769.41,276
1618501500,1768.47,254
1618501560,1768.39,215
1618501620,1768.54,224
1618501680,1768.25,183
1618501740,1768.22,214
1618501800,1768.50,204
1618501860,1768.38,165
1618501920,1768.97,148
1618501980,1768.86,195
1618502040,1768.97,148
1618502100,1769.06,220
1618502160,1768.08,204
1618502220,1767.98,183
1618502280,1767.03,249
1618502340,1766.52,266
1618502400,1768.30,305
1618502460,1769.06,207
1618502520,1769.12,243
1618502580,1768.71,221
1618502640,1768.48,178
1618502700,1768.58,149
1618502760,1768.60,155
1618502820,1768.31,107
1618502880,1768.56,197
1618502940,1767.86,152
1618503000,1768.56,164
1618503060,1768.39,144
1618503120,1768.37,174
1618503180,1768.54,141
1618503240,1768.26,139
1618503300,1768.55,107
1618503360,1768.86,158
1618503420,1768.86,87
1618503480,1768.45,139
1618503540,1768.34,124
1618503600,1768.14,134
1618503660,1768.25,157
1618503720,1768.30,130
1618503780,1768.35,153
1618503840,1768.34,112
1618503900,1768.34,113
1618503960,1768.25,94
1618504020,1768.24,93
1618504080,1768.23,118
1618504140,1768.23,114
1618504200,1767.90,133
1618504260,1768.23,161
1618504320,1768.12,125
1618504380,1768.22,108
1618504440,1768.13,71
1618504500,1767.93,90
1618504560,1768.12,142
1618504620,1767.92,133
1618504680,1767.81,161
1618504740,1767.84,196
1618504800,1767.82,121
1618504860,1767.44,147
1618504920,1767.55,149
1618504980,1768.21,152
1618505040,1768.31,118
1618505100,1768.40,129
1618505160,1767.99,110
1618505220,1767.70,138
1618505280,1768.23,140
1618505340,1767.73,130
1618505400,1768.01,82
1618505460,1767.70,76
1618505520,1767.70,103
1618505580,1767.30,105
1618505640,1767.30,126
1618505700,1767.30,132
1618505760,1767.50,131
1618505820,1767.50,83
1618505880,1767.80,84
1618505940,1767.50,176
1618506000,1767.40,102
1618506060,1766.92,86
1618506120,1766.99,169
1618506180,1767.62,185
1618506240,1768.04,142
1618506300,1767.49,116
1618506360,1767.21,126
1618506420,1767.04,132
1618506480,1766.94,142
1618506540,1766.93,120
1618506600,1766.53,165
1618506660,1766.22,190
1618506720,1766.13,161
1618506780,1766.12,167
1618506840,1766.12,175
1618506900,1766.22,178
1618506960,1766.43,163
1618507020,1766.66,132
1618507080,1766.69,115
1618507140,1766.51,150
1618507200,1766.33,148
1618507260,1766.47,148
1618507320,1766.30,140
1618507380,1766.41,134
1618507440,1766.06,166
1618507500,1765.58,210
1618507560,1765.83,151
1618507620,1765.72,134
1618507680,1765.92,157
1618507740,1765.72,288
1618507800,1765.52,201
1618507860,1765.62,162
1618507920,1765.71,159
1618507980,1765.45,110
1618508040,1765.45,126
1618508100,1765.80,148
1618508160,1765.94,111
1618508220,1765.56,118
1618508280,1765.72,99
1618508340,1765.91,96
1618508400,1765.91,141
1618508460,1765.82,114
1618508520,1765.72,119
1618508580,1765.74,95
1618508640,1766.11,117
1618508700,1766.23,132
1618508760,1766.63,113
1618508820,1766.65,149
1618508880,1766.62,144
1618508940,1766.98,136
1618509000,1767.07,144
1618509060,1766.77,145
1618509120,1766.63,83
1618509180,1766.52,118
1618509240,1766.18,110
1618509300,1766.46,106
1618509360,1766.58,164
1618509420,1766.46,119
1618509480,1766.47,106
1618509540,1766.45,165
1618509600,1766.40,156
1618509660,1766.84,100
1618509720,1766.74,168
1618509780,1767.05,151
1618509840,1767.35,140
1618509900,1767.52,110
1618509960,1767.55,90
1618510020,1767.81,102
1618510080,1767.58,132
1618510140,1767.80,113
1618510200,1767.46,151
1618510260,1767.29,87
1618510320,1767.45,127
1618510380,1767.45,111
1618510440,1767.44,48
1618510500,1767.62,92
1618510560,1767.37,72
1618510620,1767.29,52
1618510680,1766.89,114
1618510740,1766.91,134
1618510800,1766.59,67
1618510860,1766.59,86
1618510920,1766.11,100
1618510980,1766.20,116
1618511040,1766.21,94
1618511100,1766.21,106
1618511160,1766.23,127
1618511220,1766.35,72
1618511280,1766.67,138
1618511340,1766.66,97
1618511400,1766.64,140
1618511460,1765.95,117
1618511520,1766.36,108
1618511580,1766.39,93
1618511640,1766.73,131
1618511700,1766.64,112
1618511760,1766.78,109
1618511820,1766.57,123
1618511880,1766.39,94
1618511940,1766.39,80
1618512000,1766.01,117
1618512060,1766.41,75
1618512120,1766.16,96
1618512180,1766.21,84
1618512240,1766.10,69
1618512300,1766.05,80
1618512360,1765.96,76
1618512420,1765.86,98
1618512480,1765.96,82
1618512540,1766.04,65
1618512600,1765.83,87
1618512660,1765.92,36
1618512720,1765.84,64
1618512780,1766.03,31
1618512840,1766.54,123
1618512900,1766.50,117
1618512960,1766.34,99
1618513020,1766.46,93
1618513080,1766.63,111
1618513140,1767.03,178
1618513200,1766.82,156
1618513260,1767.11,74
1618513320,1766.99,63
1618513380,1766.78,102
1618513440,1766.85,84
1618513500,1766.81,97
1618513560,1766.90,59
1618513620,1766.64,84
1618513680,1766.42,99
1618513740,1766.54,97
1618513800,1766.03,130
1618513860,1766.42,96
1618513920,1766.54,93
1618513980,1766.31,91
1618514040,1766.22,69
1618514100,1766.44,89
1618514160,1766.52,64
1618514220,1766.51,105
1618514280,1766.55,119
1618514340,1766.32,134
1618514400,1766.12,151
1618514460,1765.80,138
1618514520,1765.61,95
1618514580,1765.56,77
1618514640,1765.15,112
1618514700,1765.05,132
1618514760,1765.13,110
1618514820,1765.33,140
1618514880,1764.97,69
1618514940,1764.99,77
1618515000,1764.93,76
1618515060,1764.90,132
1618515120,1764.93,112
1618515180,1764.96,92
1618515240,1764.99,110
1618515300,1764.54,111
1618515360,1764.61,128
1618515420,1764.34,54
1618515480,1764.40,116
1618515540,1764.29,116
1618515600,1764.35,100
1618515660,1763.91,105
1618515720,1764.00,157
1618515780,1763.92,130
1618515840,1764.15,104
1618515900,1764.41,102
1618515960,1764.36,115
1618516020,1764.04,112
1618516080,1763.97,99
1618516140,1764.26,129
1618516200,1764.68,100
1618516260,1764.56,83
1618516320,1764.92,107
1618516380,1764.88,139
1618516440,1764.31,141
1618516500,1764.51,153
1618516560,1764.43,98
1618516620,1764.51,130
1618516680,1765.09,215
1618516740,1764.96,223
1618516800,1764.83,170
1618516860,1764.91,144
1618516920,1764.98,105
1618516980,1764.96,106
1618517040,1765.05,98
1618517100,1764.98,70
1618517160,1764.74,95
1618517220,1764.80,46
1618517280,1764.60,59
1618517340,1764.62,59
1618517400,1764.20,91
1618517460,1764.13,50
1618517520,1764.04,69
1618517580,1763.96,68
1618517640,1764.04,59
1618517700,1763.86,71
1618517760,1764.31,69
1618517820,1764.13,101
1618517880,1764.14,91
1618517940,1764.09,48
1618518000,1763.97,36
1618518060,1763.76,72
1618518120,1763.72,41
1618518180,1763.64,82
1618518240,1763.85,52
1618518300,1763.64,60
1618518360,1763.60,74
1618518420,1763.63,50
1618518480,1763.75,51
1618518540,1763.84,49
1618518600,1764.38,109
1618518660,1764.43,53
1618518720,1764.17,78
1618518780,1764.26,42
1618518840,1764.21,63
1618518900,1764.05,73
1618518960,1764.06,62
1618519020,1764.08,39
1618519080,1764.01,32
1618519140,1763.99,43
1618519200,1764.10,61
1618519260,1763.84,68
1618519320,1763.75,42
1618519380,1763.66,49
1618519440,1763.65,31
1618519500,1763.72,95
1618519560,1763.78,52
1618519620,1763.70,64
1618519680,1763.79,26
1618519740,1763.69,106
1618519800,1763.39,138
1618519860,1763.17,85
1618519920,1763.30,64
1618519980,1763.59,103
1618520040,1763.49,82
1618520100,1763.32,91
1618520160,1763.33,55
1618524120,1763.47,78
1618524180,1763.77,76
1618524240,1763.97,79
1618524300,1764.37,65
1618524360,1764.41,52
1618524420,1764.21,38
1618524480,1764.22,45
1618524540,1764.11,25
1618524600,1763.70,33
1618524660,1763.71,41
1618524720,1764.17,23
1618524780,1764.37,24
1618524840,1764.32,14
1618524900,1764.39,17
1618524960,1764.50,11
1618525020,1764.51,12
1618525080,1764.12,40
1618525140,1764.32,48
1618525200,1764.42,42
1618525260,1764.67,55
1618525320,1764.75,47
1618525380,1764.64,41
1618525440,1764.52,31
1618525500,1764.14,50
1618525560,1764.12,16
1618525620,1764.02,21
1618525680,1764.12,4
1618525740,1764.34,39
1618525800,1764.34,41
1618525860,1764.32,37
1618525920,1764.24,42
1618525980,1764.14,29
1618526040,1764.33,45
1618526100,1764.25,15
1618526160,1764.14,24
1618526220,1764.06,22
1618526280,1764.23,45
1618526340,1763.95,12
1618526400,1763.87,19
1618526460,1763.93,11
1618526520,1763.81,39
1618526580,1763.83,19
1618526640,1763.83,30
1618526700,1763.93,9
1618526760,1763.77,22
1618526820,1763.84,15
1618526880,1763.75,15
1618526940,1763.84,24
1618527000,1763.83,10
1618527060,1763.85,24
1618527120,1763.74,9
1618527180,1763.82,11
1618527240,1764.19,51
1618527300,1763.86,49
1618527360,1763.71,41
1618527420,1763.55,46
1618527480,1763.77,44
1618527540,1763.75,21
1618527600,1763.15,97
1618527660,1763.43,49
1618527720,1763.41,50
1618527780,1763.42,36
1618527840,1763.40,24
1618527900,1763.18,41
1618527960,1763.06,36
1618528020,1763.25,32
1618528080,1763.27,42
1618528140,1763.43,54
1618528200,1763.41,32
1618528260,1763.42,23
1618528320,1763.55,25
1618528380,1763.36,34
1618528440,1763.30,14
1618528500,1763.32,28
1618528560,1763.55,27
1618528620,1763.82,43
1618528680,1763.61,44
1618528740,1763.87,24
1618528800,1763.66,32
1618528860,1763.86,16
1618528920,1763.86,38
1618528980,1763.85,25
1618529040,1763.83,32
1618529100,1763.83,39
1618529160,1763.87,38
1618529220,1763.86,16
1618529280,1763.90,20
1618529340,1763.94,23
1618529400,1763.94,36
1618529460,1763.98,18
1618529520,1764.16,30
1618529580,1764.34,52
1618529640,1764.25,22
1618529700,1764.16,36
1618529760,1763.95,32
1618529820,1763.95,12
1618529880,1764.05,25
1618529940,1763.95,27
1618530000,1764.04,27
1618530060,1764.13,30
1618530120,1764.14,35
1618530180,1764.03,14
1618530240,1764.09,24
1618530300,1764.02,31
1618530360,1763.92,33
1618530420,1763.98,25
1618530480,1764.32,79
1618530540,1764.14,80
1618530600,1764.16,70
1618530660,1764.11,40
1618530720,1763.86,52
1618530780,1763.73,56
1618530840,1763.69,44
1618530900,1763.60,70
1618530960,1763.66,35
1618531020,1763.66,25
1618531080,1763.76,43
1618531140,1763.89,23
1618531200,1765.35,160
1618531260,1765.72,144
1618531320,1765.25,95
1618531380,1765.91,144
1618531440,1765.89,119
1618531500,1765.15,138
1618531560,1765.42,108
1618531620,1765.29,87
1618531680,1765.18,75
1618531740,1765.52,116
1618531800,1765.57,108
1618531860,1765.41,98
1618531920,1765.44,81
1618531980,1765.48,73
1618532040,1764.90,83
1618532100,1764.96,113
1618532160,1765.04,77
1618532220,1765.04,72
1618532280,1764.92,48
1618532340,1764.81,31
1618532400,1765.24,94
1618532460,1765.31,111
1618532520,1764.91,99
1618532580,1765.01,114
1618532640,1765.11,43
1618532700,1765.27,104
1618532760,1765.01,110
1618532820,1764.93,91
1618532880,1764.90,85
1618532940,1764.82,110
1618533000,1764.81,90
1618533060,1765.17,108
1618533120,1764.95,85
1618533180,1764.73,95
1618533240,1764.51,87
1618533300,1764.43,85
1618533360,1764.23,80
1618533420,1764.19,62
1618533480,1764.10,88
1618533540,1763.96,90
1618533600,1764.08,113
1618533660,1764.09,97
1618533720,1763.77,94
1618533780,1763.79,67
1618533840,1763.90,100
1618533900,1763.97,127
1618533960,1763.46,76
1618534020,1763.46,78
1618534080,1763.52,105
1618534140,1763.38,93
1618534200,1763.37,72
1618534260,1763.32,67
1618534320,1763.18,101
1618534380,1763.24,78
1618534440,1763.41,108
1618534500,1762.90,164
1618534560,1762.75,132
1618534620,1762.70,104
1618534680,1762.69,94
1618534740,1762.69,141
1618534800,1762.64,355
1618534860,1763.72,289
1618534920,1763.62,231
1618534980,1763.01,261
1618535040,1762.03,333
1618535100,1761.92,252
1618535160,1761.94,194
1618535220,1762.39,231
1618535280,1763.03,224
1618535340,1763.01,182
1618535400,1763.16,189
1618535460,1763.68,227
1618535520,1763.51,153
1618535580,1763.43,164
1618535640,1762.70,177
1618535700,1763.00,202
1618535760,1763.07,136
1618535820,1763.23,149
1618535880,1763.08,171
1618535940,1762.21,150
1618536000,1762.42,214
1618536060,1762.98,180
1618536120,1763.34,117
1618536180,1762.99,150
1618536240,1763.33,130
1618536300,1763.28,124
1618536360,1763.10,170
1618536420,1763.58,142
1618536480,1763.78,126
1618536540,1763.61,119
1618536600,1763.29,170
1618536660,1762.49,208
1618536720,1762.69,241
1618536780,1762.53,169
1618536840,1762.23,141
1618536900,1762.28,147
1618536960,1762.45,134
1618537020,1762.16,100
1618537080,1762.15,118
1618537140,1762.47,139
1618537200,1762.38,133
1618537260,1762.17,137
1618537320,1762.05,214
1618537380,1762.00,144
1618537440,1761.86,152
1618537500,1761.82,192
1618537560,1761.88,161
1618537620,1761.90,89
1618537680,1762.32,138
1618537740,1762.77,106
1618537800,1762.93,117
1618537860,1762.81,83
1618537920,1762.67,82
1618537980,1762.76,120
1618538040,1762.79,119
1618538100,1762.80,84
1618538160,1761.96,94
1618538220,1761.84,104
1618538280,1761.94,80
1618538340,1762.11,107
1618538400,1762.08,182
1618538460,1762.08,168
1618538520,1761.95,97
1618538580,1762.13,155
1618538640,1762.02,169
1618538700,1761.86,119
1618538760,1761.40,164
1618538820,1761.68,159
1618538880,1761.68,145
1618538940,1761.46,187
1618539000,1761.19,151
1618539060,1760.96,172
1618539120,1761.02,151
1618539180,1760.87,148
1618539240,1761.12,104
1618539300,1761.13,115
1618539360,1760.84,93
1618539420,1761.06,81
1618539480,1761.17,76
1618539540,1760.98,57
1618539600,1760.97,90
1618539660,1760.71,62
1618539720,1760.69,102
1618539780,1760.78,97
1618539840,1760.67,70
1618539900,1760.70,60
1618539960,1760.70,71
1618540020,1760.38,54
1618540080,1760.14,139
1618540140,1760.28,84
1618540200,1760.21,163
1618540260,1760.33,144
1618540320,1760.21,138
1618540380,1760.69,145
1618540440,1760.46,94
1618540500,1760.29,126
1618540560,1760.23,117
1618540620,1760.31,111
1618540680,1760.51,122
1618540740,1760.63,150
1618540800,1760.21,94
1618540860,1760.19,89
1618540920,1759.98,99
1618540980,1759.88,78
1618541040,1760.18,102
1618541100,1760.02,135
1618541160,1760.29,92
1618541220,1760.58,137
1618541280,1761.10,150
1618541340,1760.92,131
1618541400,1760.60,124
1618541460,1761.01,147
1618541520,1761.22,109
1618541580,1761.46,140
1618541640,1761.13,160
1618541700,1761.23,126
1618541760,1761.40,142
1618541820,1761.38,97
1618541880,1761.33,114
1618541940,1761.42,93
1618542000,1761.30,135
1618542060,1761.28,125
1618542120,1761.18,105
1618542180,1761.26,120
1618542240,1761.30,116
1618542300,1761.17,103
1618542360,1761.45,165
1618542420,1761.61,182
1618542480,1761.59,166
1618542540,1761.78,93
1618542600,1761.78,158
1618542660,1761.80,108
1618542720,1762.10,121
1618542780,1762.14,108
1618542840,1762.35,117
1618542900,1762.19,130
1618542960,1762.25,49
1618543020,1762.25,74
1618543080,1762.10,101
1618543140,1762.32,100
1618543200,1762.39,77
1618543260,1762.42,75
1618543320,1762.10,108
1618543380,1762.30,88
1618543440,1762.32,97
1618543500,1762.16,96
1618543560,1762.20,62
1618543620,1762.33,74
1618543680,1762.07,93
1618543740,1761.97,86
1618543800,1762.12,102
1618543860,1761.98,59
1618543920,1762.07,64
1618543980,1762.07,51
1618544040,1762.30,32
1618544100,1762.41,20
1618544160,1762.47,45
1618544220,1762.51,63
1618544280,1762.41,50
1618544340,1762.55,75
1618544400,1762.48,49
1618544460,1762.55,52
1618544520,1762.48,68
1618544580,1762.38,50
1618544640,1762.30,15
1618544700,1762.49,51
1618544760,1762.42,56
1618544820,1762.29,24
1618544880,1762.57,36
1618544940,1762.71,43
1618545000,1762.88,63
1618545060,1763.08,95
1618545120,1762.85,70
1618545180,1762.86,51
1618545240,1762.83,45
1618545300,1762.92,43
1618545360,1763.09,56
1618545420,1763.12,78
1618545480,1763.17,35
1618545540,1763.19,57
1618545600,1763.00,110
1618545660,1763.28,67
1618545720,1763.47,104
1618545780,1763.71,93
1618545840,1764.07,99
1618545900,1764.12,97
1618545960,1764.13,75
1618546020,1763.87,118
1618546080,1763.56,79
1618546140,1763.49,69
1618546200,1763.58,48
1618546260,1763.49,43
1618546320,1763.66,59
1618546380,1763.73,50
1618546440,1763.70,62
1618546500,1763.55,52
1618546560,1763.61,29
1618546620,1763.51,44
1618546680,1763.54,45
1618546740,1763.73,54
1618546800,1763.98,69
1618546860,1764.32,64
1618546920,1764.21,64
1618546980,1764.10,38
1618547040,1763.90,63
1618547100,1764.01,39
1618547160,1763.91,56
1618547220,1763.89,38
1618547280,1764.02,39
1618547340,1764.19,59
1618547400,1764.07,86
1618547460,1764.17,49
1618547520,1764.19,69
1618547580,1764.33,71
1618547640,1764.26,61
1618547700,1764.19,35
1618547760,1764.15,40
1618547820,1764.06,63
1618547880,1764.22,52
1618547940,1764.20,32
1618548000,1764.15,40
1618548060,1764.17,49
1618548120,1764.46,52
1618548180,1764.53,78
1618548240,1764.57,33
1618548300,1764.56,56
1618548360,1764.53,60
1618548420,1764.43,84
1618548480,1764.30,76
1618548540,1764.50,65
1618548600,1764.51,77
1618548660,1764.40,59
1618548720,1764.43,84
1618548780,1764.33,37
1618548840,1764.94,120
1618548900,1764.79,114
1618548960,1764.83,45
1618549020,1764.71,31
1618549080,1764.80,50
1618549140,1764.91,42
1618549200,1764.83,88
1618549260,1764.99,75
1618549320,1765.14,66
1618549380,1764.87,77
1618549440,1764.83,68
1618549500,1764.91,41
1618549560,1764.69,58
1618549620,1764.12,116
1618549680,1764.09,103
1618549740,1764.14,65
1618549800,1764.12,33
1618549860,1764.27,59
1618549920,1764.16,54
1618549980,1764.15,52
1618550040,1764.20,42
1618550100,1764.31,65
1618550160,1764.22,46
1618550220,1764.42,47
1618550280,1764.42,84
1618550340,1764.65,57
1618550400,1764.75,52
1618550460,1764.98,33
1618550520,1765.38,84
1618550580,1765.37,83
1618550640,1764.98,86
1618550700,1764.80,91
1618550760,1764.45,72
1618550820,1764.78,61
1618550880,1764.79,27
1618550940,1764.72,73
1618551000,1765.10,181
1618551060,1764.26,156
1618551120,1764.43,137
1618551180,1764.98,173
1618551240,1765.05,174
1618551300,1765.47,247
1618551360,1765.49,215
1618551420,1765.69,158
1618551480,1765.44,103
1618551540,1765.72,139
1618551600,1765.57,82
1618551660,1765.31,140
1618551720,1765.33,81
1618551780,1765.70,186
1618551840,1765.51,133
1618551900,1765.98,184
1618551960,1765.93,141
1618552020,1765.94,192
1618552080,1765.93,143
1618552140,1765.83,100
1618552200,1765.58,103
1618552260,1765.45,84
1618552320,1765.89,137
1618552380,1766.05,121
1618552440,1765.98,154
1618552500,1766.02,95
1618552560,1765.92,128
1618552620,1765.78,126
1618552680,1765.81,115
1618552740,1766.10,102
1618552800,1765.33,191
1618552860,1765.33,185
1618552920,1764.67,207
1618552980,1764.45,172
1618553040,1764.84,178
1618553100,1765.17,167
1618553160,1765.03,138
1618553220,1764.62,174
1618553280,1764.73,186
1618553340,1764.46,217
1618553400,1763.94,251
1618553460,1764.24,153
1618553520,1763.32,195
1618553580,1764.28,215
1618553640,1764.74,178
1618553700,1764.72,161
1618553760,1764.28,196
1618553820,1764.34,138
1618553880,1764.08,92
1618553940,1763.33,149
1618554000,1763.06,262
1618554060,1763.40,192
1618554120,1763.98,192
1618554180,1764.00,155
1618554240,1764.09,161
1618554300,1764.31,179
1618554360,1764.41,157
1618554420,1763.70,193
1618554480,1763.59,219
1618554540,1762.21,248
1618554600,1762.23,232
1618554660,1761.85,210
1618554720,1761.86,206
1618554780,1761.91,219
1618554840,1762.13,190
1618554900,1761.54,240
1618554960,1762.03,224
1618555020,1762.25,182
1618555080,1762.28,161
1618555140,1762.62,186
1618555200,1762.98,158
1618555260,1763.05,136
1618555320,1763.05,129
1618555380,1763.13,94
1618555440,1763.04,138
1618555500,1763.16,244
1618555560,1762.67,168
1618555620,1762.50,169
1618555680,1762.48,160
1618555740,1762.64,136
1618555800,1762.81,165
1618555860,1762.85,121
1618555920,1762.74,116
1618555980,1762.39,118
1618556040,1762.46,147
1618556100,1762.53,113
1618556160,1762.84,138
1618556220,1762.85,176
1618556280,1762.30,191
1618556340,1762.60,178
1618556400,1762.08,242
1618556460,1762.90,166
1618556520,1763.92,260
1618556580,1763.76,249
1618556640,1764.01,205
1618556700,1763.81,209
1618556760,1763.78,168
1618556820,1764.30,150
1618556880,1764.72,172
1618556940,1764.51,156
1618557000,1765.25,223
1618557060,1765.03,180
1618557120,1765.31,180
1618557180,1765.06,139
1618557240,1765.51,183
1618557300,1765.63,221
1618557360,1764.98,129
1618557420,1765.05,117
1618557480,1763.97,174
1618557540,1763.95,160
1618557600,1764.04,129
1618557660,1763.72,164
1618557720,1763.79,184
1618557780,1763.65,115
1618557840,1764.02,132
1618557900,1763.93,143
1618557960,1763.43,161
1618558020,1763.95,117
1618558080,1763.81,159
1618558140,1763.91,101
1618558200,1763.49,143
1618558260,1762.77,203
1618558320,1762.90,188
1618558380,1762.87,153
1618558440,1763.01,220
1618558500,1762.94,172
1618558560,1762.85,177
1618558620,1762.91,158
1618558680,1762.88,138
1618558740,1763.24,118
1618558800,1763.40,127
1618558860,1763.29,116
1618558920,1762.87,170
1618558980,1762.42,203
1618559040,1762.64,156
1618559100,1762.55,128
1618559160,1761.75,212
1618559220,1761.83,207
1618559280,1762.11,183
1618559340,1762.07,140
1618559400,1762.34,96
1618559460,1762.60,152
1618559520,1762.57,116
1618559580,1763.00,121
1618559640,1762.95,128
1618559700,1762.82,127
1618559760,1763.05,101
1618559820,1764.46,227
1618559880,1764.40,231
1618559940,1764.22,186
1618560000,1763.57,186
1618560060,1762.89,191
1618560120,1764.01,190
1618560180,1763.95,174
1618560240,1764.05,170
1618560300,1764.17,149
1618560360,1764.55,179
1618560420,1764.64,201
1618560480,1764.32,190
1618560540,1764.64,166
1618560600,1764.88,152
1618560660,1764.97,157
1618560720,1765.01,158
1618560780,1765.46,149
1618560840,1765.31,202
1618560900,1765.81,178
1618560960,1765.90,180
1618561020,1766.10,207
1618561080,1766.43,165
1618561140,1766.52,131
1618561200,1766.04,175
1618561260,1766.49,184
1618561320,1766.40,138
1618561380,1766.90,176
1618561440,1766.99,142
1618561500,1767.10,132
1618561560,1766.68,163
1618561620,1766.32,163
1618561680,1766.13,131
1618561740,1765.97,125
1618561800,1766.14,129
1618561860,1765.95,123
1618561920,1766.03,106
1618561980,1766.21,97
1618562040,1765.92,106
1618562100,1765.58,119
1618562160,1766.05,198
1618562220,1765.96,140
1618562280,1765.44,130
1618562340,1765.84,161
1618562400,1765.71,107
1618562460,1765.93,123
1618562520,1765.52,126
1618562580,1765.49,142
1618562640,1764.84,131
1618562700,1764.96,145
1618562760,1765.44,155
1618562820,1765.84,72
1618562880,1765.71,178
1618562940,1765.70,82
1618563000,1766.21,119
1618563060,1766.31,138
1618563120,1765.67,93
1618563180,1766.03,106
1618563240,1765.96,76
1618563300,1765.85,83
1618563360,1766.22,136
1618563420,1765.67,142
1618563480,1765.66,156
1618563540,1766.08,144
1618563600,1766.63,158
1618563660,1766.97,147
1618563720,1766.64,161
1618563780,1766.90,111
1618563840,1766.82,104
1618563900,1766.49,121
1618563960,1766.64,120
1618564020,1767.00,65
1618564080,1767.11,101
1618564140,1767.36,123
1618564200,1767.38,130
1618564260,1766.88,160
1618564320,1766.12,156
1618564380,1766.40,117
1618564440,1766.05,112
1618564500,1766.40,96
1618564560,1766.61,107
1618564620,1766.44,107
1618564680,1766.48,87
1618564740,1766.36,110
1618564800,1766.16,118
1618564860,1765.93,107
1618564920,1765.83,86
1618564980,1765.72,101
1618565040,1765.73,128
1618565100,1766.24,137
1618565160,1766.34,103
1618565220,1766.36,97
1618565280,1766.47,120
1618565340,1766.56,101
1618565400,1766.09,123
1618565460,1766.18,73
1618565520,1766.21,114
1618565580,1766.26,92
1618565640,1766.28,121
1618565700,1766.56,105
1618565760,1766.63,99
1618565820,1766.75,127
1618565880,1767.04,106
1618565940,1767.05,98
1618566000,1767.23,144
1618566060,1768.09,175
1618566120,1768.39,148
1618566180,1768.57,175
1618566240,1768.78,176
1618566300,1768.57,188
1618566360,1768.51,180
1618566420,1768.72,138
1618566480,1768.71,162
1618566540,1768.65,132
1618566600,1768.75,142
1618566660,1769.53,226
1618566720,1770.93,286
1618566780,1770.78,294
1618566840,1771.22,310
1618566900,1770.13,268
1618566960,1771.21,209
1618567020,1770.91,225
1618567080,1770.92,172
1618567140,1771.14,177
1618567200,1770.67,189
1618567260,1770.91,167
1618567320,1771.24,152
1618567380,1770.63,180
1618567440,1770.56,142
1618567500,1770.84,170
1618567560,1772.32,248
1618567620,1772.28,248
1618567680,1772.11,194
1618567740,1772.25,140
1618567800,1772.14,167
1618567860,1772.06,165
1618567920,1771.96,136
1618567980,1772.44,154
1618568040,1771.90,175
1618568100,1772.09,152
1618568160,1772.13,198
1618568220,1772.13,128
1618568280,1772.16,139
1618568340,1772.92,210
1618568400,1773.09,216
1618568460,1772.97,175
1618568520,1773.31,192
1618568580,1772.29,177
1618568640,1772.19,182
1618568700,1772.68,146
1618568760,1772.65,124
1618568820,1772.91,194
1618568880,1773.05,182
1618568940,1772.91,135
1618569000,1772.63,136
1618569060,1773.80,137
1618569120,1774.68,220
1618569180,1775.33,245
1618569240,1775.42,184
1618569300,1775.57,112
1618569360,1775.44,125
1618569420,1775.20,174
1618569480,1774.68,152
1618569540,1774.49,155
1618569600,1775.06,179
1618569660,1774.76,141
1618569720,1774.95,115
1618569780,1775.05,124
1618569840,1774.95,117
1618569900,1774.92,137
1618569960,1775.01,128
1618570020,1775.23,135
1618570080,1775.09,136
1618570140,1775.33,111
1618570200,1775.33,143
1618570260,1775.44,106
1618570320,1775.57,182
1618570380,1775.67,249
1618570440,1775.98,215
1618570500,1776.98,264
1618570560,1778.85,288
1618570620,1778.07,252
1618570680,1778.21,198
1618570740,1778.29,178
1618570800,1777.99,231
1618570860,1777.33,267
1618570920,1777.04,219
1618570980,1777.09,192
1618571040,1777.02,187
1618571100,1776.77,164
1618571160,1777.23,180
1618571220,1777.04,191
1618571280,1776.88,159
1618571340,1776.83,130
1618571400,1777.05,175
1618571460,1776.55,145
1618571520,1776.85,124
1618571580,1776.69,104
1618571640,1777.02,152
1618571700,1776.94,143
1618571760,1777.15,154
1618571820,1776.83,148
1618571880,1777.07,128
1618571940,1777.48,163
1618572000,1777.07,160
1618572060,1776.75,167
1618572120,1776.43,172
1618572180,1776.49,134
1618572240,1776.75,116
1618572300,1776.67,98
1618572360,1776.43,114
1618572420,1776.16,96
1618572480,1776.78,173
1618572540,1776.83,141
1618572600,1776.46,166
1618572660,1777.04,180
1618572720,1777.04,203
1618572780,1776.69,169
1618572840,1777.04,151
1618572900,1776.70,110
1618572960,1776.93,139
1618573020,1777.10,174
1618573080,1776.90,123
1618573140,1777.12,173
1618573200,1777.22,182
1618573260,1777.13,184
1618573320,1777.36,135
1618573380,1777.71,164
1618573440,1777.66,142
1618573500,1777.14,183
1618573560,1777.14,110
1618573620,1777.22,130
1618573680,1777.34,119
1618573740,1777.95,167
1618573800,1778.57,196
1618573860,1779.02,183
1618573920,1778.66,239
1618573980,1778.80,203
1618574040,1778.29,195
1618574100,1778.13,188
1618574160,1778.20,171
1618574220,1778.33,151
1618574280,1778.17,164
1618574340,1778.65,186
1618574400,1778.18,259
1618574460,1778.91,280
1618574520,1779.69,259
1618574580,1779.20,206
1618574640,1778.74,205
1618574700,1778.82,191
1618574760,1779.09,184
1618574820,1779.54,230
1618574880,1779.99,297
1618574940,1780.50,276
1618575000,1780.38,268
1618575060,1781.07,251
1618575120,1781.31,258
1618575180,1782.31,350
1618575240,1782.59,314
1618575300,1783.41,336
1618575360,1782.01,283
1618575420,1781.04,292
1618575480,1780.60,272
1618575540,1780.35,261
1618575600,1780.21,324
1618575660,1780.35,326
1618575720,1780.59,271
1618575780,1781.99,238
1618575840,1782.02,254
1618575900,1781.47,247
1618575960,1782.74,263
1618576020,1782.11,282
1618576080,1780.99,256
1618576140,1780.84,206
1618576200,1779.97,251
1618576260,1780.46,298
1618576320,1781.76,266
1618576380,1782.22,267
1618576440,1782.26,249
1618576500,1782.81,276
1618576560,1782.54,276
1618576620,1782.57,267
1618576680,1782.87,262
1618576740,1783.14,220
1618576800,1783.41,315
1618576860,1783.49,259
1618576920,1782.17,299
1618576980,1782.10,242
1618577040,1781.08,276
1618577100,1780.86,254
1618577160,1780.80,208
1618577220,1780.39,225
1618577280,1780.43,251
1618577340,1780.08,188
1618577400,1780.40,250
1618577460,1780.74,215
1618577520,1779.93,250
1618577580,1779.91,227
1618577640,1780.31,251
1618577700,1779.96,228
1618577760,1780.37,257
1618577820,1779.78,192
1618577880,1780.09,221
1618577940,1780.80,261
1618578000,1781.72,407
1618578060,1782.27,363
1618578120,1782.23,275
1618578180,1781.49,262
1618578240,1780.50,316
1618578300,1779.50,299
1618578360,1778.40,357
1618578420,1778.40,333
1618578480,1777.15,311
1618578540,1776.13,370
1618578600,1777.55,338
1618578660,1776.93,298
1618578720,1777.69,308
1618578780,1777.41,226
1618578840,1776.12,306
1618578900,1774.73,358
1618578960,1775.38,355
1618579020,1776.20,329
1618579080,1776.20,329
1618579140,1775.99,273
1618579200,1774.97,329
1618579260,1775.06,301
1618579320,1775.57,281
1618579380,1775.82,273
1618579440,1775.71,217
1618579500,1775.25,307
1618579560,1774.88,276
1618579620,1774.98,288
1618579680,1775.49,340
1618579740,1774.59,274
1618579800,1774.26,384
1618579860,1773.26,357
1618579920,1774.58,398
1618579980,1773.71,376
1618580040,1773.39,410
1618580100,1774.27,363
1618580160,1775.17,366
1618580220,1775.99,370
1618580280,1774.77,398
1618580340,1775.26,406
1618580400,1774.60,403
1618580460,1774.35,337
1618580520,1773.90,324
1618580580,1773.50,331
1618580640,1774.33,381
1618580700,1774.79,369
1618580760,1775.91,348
1618580820,1775.19,290
1618580880,1774.84,306
1618580940,1775.64,317
1618581000,1776.15,302
1618581060,1776.02,324
1618581120,1775.22,285
1618581180,1776.11,328
1618581240,1775.78,344
1618581300,1774.53,321
1618581360,1774.19,315
1618581420,1773.20,333
1618581480,1772.72,307
1618581540,1772.70,289
1618581600,1774.44,372
1618581660,1774.46,381
1618581720,1775.00,346
1618581780,1774.71,298
1618581840,1774.32,309
1618581900,1775.32,324
1618581960,1775.32,279
1618582020,1776.11,287
1618582080,1776.60,278
1618582140,1776.82,265
1618582200,1777.57,282
1618582260,1778.03,299
1618582320,1777.70,284
1618582380,1776.77,262
1618582440,1777.86,285
1618582500,1777.35,304
1618582560,1776.97,283
1618582620,1778.09,274
1618582680,1778.59,290
1618582740,1779.32,320
1618582800,1778.91,293
1618582860,1779.08,270
1618582920,1779.04,262
1618582980,1779.10,257
1618583040,1779.15,246
1618583100,1780.01,229
1618583160,1780.20,275
1618583220,1780.46,259
1618583280,1780.35,275
1618583340,1779.52,273
1618583400,1779.26,301
1618583460,1779.83,258
1618583520,1780.22,255
1618583580,1779.80,213
1618583640,1778.51,254
1618583700,1778.34,264
1618583760,1778.14,255
1618583820,1777.82,277
1618583880,1777.38,248
1618583940,1776.98,271
1618584000,1776.96,254
1618584060,1777.64,298
1618584120,1777.38,177
1618584180,1776.86,207
1618584240,1776.01,285
1618584300,1776.25,288
1618584360,1776.87,243
1618584420,1777.40,253
1618584480,1777.80,169
1618584540,1777.90,227
1618584600,1777.59,228
1618584660,1777.58,189
1618584720,1778.18,205
1618584780,1777.89,248
1618584840,1778.03,170
1618584900,1779.13,295
1618584960,1779.49,263
1618585020,1779.31,242
1618585080,1779.33,276
1618585140,1779.31,224
1618585200,1779.09,245
1618585260,1779.03,255
1618585320,1778.71,266
1618585380,1779.08,214
1618585440,1779.62,232
1618585500,1779.08,180
1618585560,1779.45,239
1618585620,1779.66,264
1618585680,1779.66,252
1618585740,1779.65,219
1618585800,1779.50,219
1618585860,1779.15,250
1618585920,1778.94,217
1618585980,1779.05,196
1618586040,1778.87,210
1618586100,1778.59,235
1618586160,1779.04,244
1618586220,1778.58,270
1618586280,1778.18,203
1618586340,1777.91,224
1618586400,1778.18,219
1618586460,1778.04,212
1618586520,1778.25,142
1618586580,1778.20,132
1618586640,1777.74,172
1618586700,1778.14,208
1618586760,1778.44,217
1618586820,1778.53,180
1618586880,1778.44,197
1618586940,1778.13,242
1618587000,1777.88,209
1618587060,1778.23,209
1618587120,1778.14,227
1618587180,1778.26,215
1618587240,1778.03,220
1618587300,1778.36,229
1618587360,1778.51,155
1618587420,1778.58,143
1618587480,1778.63,177
1618587540,1778.92,164
1618587600,1778.56,179
1618587660,1778.44,177
1618587720,1778.35,172
1618587780,1778.34,204
1618587840,1778.45,189
1618587900,1778.51,215
1618587960,1778.67,157
1618588020,1778.94,165
1618588080,1779.16,139
1618588140,1779.17,157
1618588200,1778.96,86
1618588260,1779.05,151
1618588320,1779.18,112
1618588380,1779.07,167
1618588440,1779.25,141
1618588500,1779.41,165
1618588560,1778.69,194
1618588620,1778.79,139
1618588680,1778.82,178
1618588740,1778.88,173
1618588800,1779.19,151
1618588860,1779.33,218
1618588920,1778.76,157
1618588980,1777.88,149
1618589040,1777.82,135
1618589100,1777.42,180
1618589160,1777.57,168
1618589220,1778.15,180
1618589280,1778.03,157
1618589340,1778.32,120
1618589400,1778.18,156
1618589460,1778.53,128
1618589520,1778.45,146
1618589580,1778.46,94
1618589640,1778.13,92
1618589700,1778.14,94
1618589760,1777.86,117
1618589820,1777.68,127
1618589880,1777.70,138
1618589940,1777.67,122
1618590000,1777.26,171
1618590060,1777.30,146
1618590120,1777.10,170
1618590180,1777.30,135
1618590240,1777.66,130
1618590300,1776.99,169
1618590360,1777.05,167
1618590420,1777.07,134
1618590480,1777.02,123
1618590540,1777.08,117
1618590600,1777.18,146
1618590660,1777.26,103
1618590720,1777.36,114
1618590780,1777.65,111
1618590840,1777.53,70
1618590900,1777.37,81
1618590960,1777.25,101
1618591020,1777.02,90
1618591080,1776.93,105
1618591140,1777.35,118
1618591200,1777.39,127
1618591260,1777.11,128
1618591320,1777.39,97
1618591380,1777.38,140
1618591440,1777.46,102
1618591500,1777.54,107
1618591560,1777.83,94
1618591620,1777.73,110
1618591680,1777.75,115
1618591740,1778.10,138
1618591800,1778.02,122
1618591860,1778.10,127
1618591920,1778.17,142
1618591980,1778.22,110
1618592040,1778.33,131
1618592100,1778.90,141
1618592160,1779.40,128
1618592220,1779.24,73
1618592280,1779.83,89
1618592340,1779.98,149
1618592400,1780.12,138
1618592460,1779.88,102
1618592520,1779.66,103
1618592580,1779.38,156
1618592640,1779.22,126
1618592700,1779.50,141
1618592760,1779.73,113
1618592820,1779.78,100
1618592880,1779.58,168
1618592940,1779.48,113
1618593000,1779.69,101
1618593060,1779.59,82
1618593120,1779.54,77
1618593180,1779.59,84
1618593240,1779.49,111
1618593300,1779.39,80
1618593360,1779.59,61
1618593420,1779.44,106
1618593480,1779.39,44
1618593540,1779.61,83
1618593600,1779.81,115
1618593660,1779.39,134
1618593720,1779.02,121
1618593780,1778.89,137
1618593840,1778.57,205
1618593900,1778.73,139
1618593960,1778.73,111
1618594020,1779.01,141
1618594080,1779.19,151
1618594140,1779.44,276
1618594200,1778.75,119
1618594260,1778.43,114
1618594320,1778.58,158
1618594380,1778.88,121
1618594440,1779.07,71
1618594500,1779.13,66
1618594560,1778.90,67
1618594620,1778.73,133
1618594680,1778.80,89
1618594740,1778.70,57
1618594800,1778.68,128
1618594860,1778.46,91
1618594920,1778.12,133
1618594980,1778.20,89
1618595040,1777.91,82
1618595100,1778.01,111
1618595160,1777.81,91
1618595220,1778.02,82
1618595280,1778.13,101
1618595340,1778.31,121
1618595400,1778.37,75
1618595460,1778.35,96
1618595520,1778.40,80
1618595580,1778.27,94
1618595640,1778.25,106
1618595700,1778.38,56
1618595760,1778.34,48
1618595820,1778.06,53
1618595880,1778.04,57
1618595940,1778.16,99
1618596000,1778.16,115
1618596060,1778.50,88
1618596120,1778.54,55
1618596180,1778.39,94
1618596240,1778.26,56
1618596300,1778.34,113
1618596360,1778.14,81
1618596420,1778.26,58
1618596480,1778.46,94
1618596540,1778.06,119
1618596600,1778.37,112
1618596660,1778.38,74
1618596720,1778.10,81
1618596780,1778.05,91
1618596840,1777.84,84
1618596900,1778.09,105
1618596960,1778.08,97
1618597020,1777.95,65
1618597080,1778.33,70
1618597140,1778.55,92
1618597200,1778.42,89
1618597260,1778.30,79
1618597320,1778.23,62
1618597380,1778.28,56
1618597440,1778.37,78
1618597500,1778.37,72
1618597560,1778.51,59
1618597620,1778.20,82
1618597680,1778.20,97
1618597740,1778.20,94
1618597800,1778.18,108
1618597860,1778.29,40
1618597920,1778.20,43
1618597980,1778.38,50
1618598040,1778.36,80
1618598100,1778.37,57
1618598160,1778.13,79
1618598220,1778.13,46
1618598280,1777.93,91
1618598340,1777.82,117
1618598400,1777.56,117
1618598460,1777.65,88
1618598520,1777.84,110
1618598580,1778.10,78
1618598640,1777.91,103
1618598700,1778.08,100
1618598760,1778.37,103
1618598820,1778.27,148
1618598880,1778.33,101
1618598940,1778.34,79
1618599000,1778.45,72
1618599060,1778.47,88
1618599120,1778.09,98
1618599180,1778.13,86
1618599240,1778.31,68
1618599300,1778.12,85
1618599360,1777.93,106
1618599420,1778.22,103
1618599480,1777.81,101
1618599540,1778.14,241
1618599600,1778.57,159
1618599660,1778.63,199
1618599720,1778.71,101
1618599780,1778.80,119
1618599840,1778.85,109
1618599900,1778.82,51
1618599960,1778.59,122
1618600020,1778.57,121
1618600080,1778.37,131
1618600140,1778.28,76
1618600200,1777.90,112
1618600260,1777.68,158
1618600320,1777.88,103
1618600380,1777.69,102
1618600440,1777.79,74
1618600500,1777.98,112
1618600560,1777.79,88
1618600620,1777.59,102
1618600680,1777.28,103
1618600740,1777.38,83
1618600800,1777.27,76
1618600860,1777.19,61
1618600920,1777.15,101
1618600980,1777.51,126
1618601040,1777.27,108
1618601100,1777.50,88
1618601160,1777.18,126
1618601220,1777.06,100
1618601280,1777.15,90
1618601340,1777.42,84
1618601400,1777.33,105
1618601460,1777.14,84
1618601520,1776.78,78
1618601580,1776.78,90
1618601640,1777.03,108
1618601700,1776.67,69
1618601760,1776.81,65
1618601820,1776.72,97
1618601880,1776.48,100
1618601940,1776.45,74
1618602000,1776.28,77
1618602060,1776.26,65
1618602120,1776.30,125
1618602180,1776.23,86
1618602240,1775.85,161
1618602300,1775.66,110
1618602360,1775.23,122
1618602420,1775.17,134
1618602480,1775.10,141
1618602540,1775.33,101
1618602600,1774.91,182
1618602660,1775.06,99
1618602720,1775.03,152
1618602780,1774.92,145
1618602840,1775.10,128
1618602900,1775.20,194
1618602960,1775.47,130
1618603020,1775.44,133
1618603080,1775.70,124
1618603140,1776.00,197
1618603200,1775.90,156
1618603260,1775.86,85
1618603320,1775.48,63
1618603380,1775.75,55
1618603440,1775.63,40
1618603500,1775.36,55
1618603560,1775.15,45
1618603620,1774.94,65
1618603680,1775.04,31
1618603740,1775.09,75
1618603800,1775.08,47
1618603860,1775.13,14
1618603920,1775.32,47
1618603980,1775.33,29
1618604040,1775.55,46
1618604100,1775.54,65
1618604160,1775.60,32
1618604220,1775.41,36
1618604280,1775.57,30
1618604340,1775.61,29
1618604400,1775.89,40
1618604460,1776.06,73
1618604520,1775.94,39
1618604580,1775.73,28
1618604640,1775.45,41
1618604700,1775.45,23
1618604760,1775.55,8
1618604820,1775.55,22
1618604880,1775.55,12
1618604940,1775.67,31
1618605000,1776.16,55
1618605060,1775.88,32
1618605120,1775.94,28
1618605180,1775.81,15
1618605240,1776.02,22
1618605300,1775.90,29
1618605360,1776.09,31
1618605420,1775.80,38
1618605480,1775.80,18
1618605540,1775.80,17
1618605600,1776.00,51
1618605660,1776.01,29
1618605720,1775.80,34
1618605780,1775.83,19
1618605840,1775.76,26
1618605900,1775.74,46
1618605960,1775.90,30
1618606020,1775.91,17
1618606080,1776.22,41
1618606140,1776.13,66
1618606200,1776.14,39
1618606260,1776.72,54
1618606320,1776.83,65
1618606380,1776.75,50
1618606440,1776.75,83
1618606500,1776.71,78
1618606560,1776.93,25
1618783320,1775.93,103
1618783380,1776.24,49
1618783440,1775.68,63
1618783500,1775.58,106
1618783560,1775.83,50
1618783620,1776.45,88
1618783680,1775.85,74
1618783740,1775.83,61
1618783800,1775.86,20
1618783860,1776.00,46
1618783920,1776.08,28
1618783980,1775.66,48
1618784040,1775.69,24
1618784100,1775.98,66
1618784160,1775.93,36
1618784220,1776.07,22
1618784280,1776.04,28
1618784340,1775.81,30
1618784400,1776.24,41
1618784460,1776.09,67
1618784520,1775.81,32
1618784580,1775.80,14
1618784640,1775.96,40
1618784700,1776.03,29
1618784760,1776.19,48
1618784820,1775.84,59
1618784880,1775.89,26
1618784940,1775.84,24
1618785000,1776.31,45
1618785060,1776.11,48
1618785120,1775.94,44
1618785180,1775.97,49
1618785240,1776.03,31
1618785300,1775.96,35
1618785360,1775.84,37
1618785420,1776.17,38
1618785480,1776.22,37
1618785540,1776.31,61
1618785600,1775.95,77
1618785660,1775.79,53
1618785720,1775.77,42
1618785780,1775.75,25
1618785840,1775.74,22
1618785900,1776.02,36
1618785960,1776.03,37
1618786020,1776.18,35
1618786080,1775.98,37
1618786140,1775.95,15
1618786200,1775.78,26
1618786260,1775.86,50
1618786320,1775.80,32
1618786380,1775.81,45
1618786440,1775.68,65
1618786500,1775.46,70
1618786560,1775.47,52
1618786620,1775.60,37
1618786680,1775.34,45
1618786740,1775.34,23
1618786800,1775.32,141
1618786860,1775.51,79
1618786920,1775.65,48
1618786980,1776.04,84
1618787040,1775.94,45
1618787100,1776.63,82
1618787160,1776.54,73
1618787220,1776.43,50
1618787280,1776.68,41
1618787340,1776.54,63
1618787400,1776.48,68
1618787460,1776.43,42
1618787520,1776.68,51
1618787580,1776.85,59
1618787640,1776.77,66
1618787700,1776.53,35
1618787760,1776.53,58
1618787820,1776.79,35
1618787880,1776.99,61
1618787940,1777.02,50
1618788000,1776.93,34
1618788060,1777.60,101
1618788120,1777.89,118
1618788180,1777.58,66
1618788240,1777.22,59
1618788300,1777.07,69
1618788360,1777.31,76
1618788420,1777.28,76
1618788480,1777.19,75
1618788540,1776.99,60
1618788600,1776.69,69
1618788660,1776.78,73
1618788720,1776.79,82
1618788780,1776.90,51
1618788840,1777.00,61
1618788900,1777.19,69
1618788960,1777.05,45
1618789020,1776.99,51
1618789080,1776.92,60
1618789140,1777.25,63
1618789200,1777.42,97
1618789260,1777.60,65
1618789320,1777.45,28
1618789380,1777.31,40
1618789440,1777.38,48
1618789500,1777.23,84
1618789560,1777.15,47
1618789620,1776.94,55
1618789680,1776.96,21
1618789740,1776.88,41
1618789800,1777.15,23
1618789860,1777.07,52
1618789920,1776.96,37
1618789980,1776.96,21
1618790040,1777.21,49
1618790100,1776.90,95
1618790160,1776.95,19
1618790220,1776.65,70
1618790280,1776.66,101
1618790340,1776.75,75
1618790400,1777.24,132
1618790460,1776.58,150
1618790520,1776.53,114
1618790580,1776.89,82
1618790640,1776.64,94
1618790700,1776.49,95
1618790760,1776.71,76
1618790820,1776.98,72
1618790880,1777.01,80
1618790940,1777.86,102
1618791000,1778.06,131
1618791060,1778.62,126
1618791120,1778.53,170
1618791180,1778.16,67
1618791240,1777.78,54
1618791300,1777.82,77
1618791360,1777.89,81
1618791420,1778.21,68
1618791480,1778.27,109
1618791540,1778.31,66
1618791600,1778.35,91
1618791660,1778.44,78
1618791720,1778.54,107
1618791780,1778.63,100
1618791840,1778.42,53
1618791900,1779.15,80
1618791960,1779.27,82
1618792020,1779.66,111
1618792080,1780.19,118
1618792140,1780.29,154
1618792200,1779.86,141
1618792260,1780.17,133
1618792320,1780.42,80
1618792380,1780.98,159
1618792440,1780.98,164
1618792500,1780.84,119
1618792560,1781.32,126
1618792620,1782.01,154
1618792680,1782.12,151
1618792740,1782.24,121
1618792800,1782.16,136
1618792860,1782.04,122
1618792920,1781.30,165
1618792980,1781.29,146
1618793040,1781.32,65
1618793100,1781.43,99
1618793160,1781.98,128
1618793220,1782.69,96
1618793280,1782.82,138
1618793340,1782.67,131
1618793400,1782.98,138
1618793460,1783.19,163
1618793520,1782.62,222
1618793580,1782.54,180
1618793640,1782.65,263
1618793700,1782.27,241
1618793760,1782.11,151
1618793820,1781.94,139
1618793880,1782.01,122
1618793940,1782.13,146
1618794000,1782.92,378
1618794060,1782.72,291
1618794120,1782.41,241
1618794180,1782.13,197
1618794240,1781.88,221
1618794300,1781.57,235
1618794360,1780.97,227
1618794420,1780.20,233
1618794480,1779.99,287
1618794540,1779.18,329
1618794600,1779.64,333
1618794660,1780.02,243
1618794720,1780.08,250
1618794780,1778.90,278
1618794840,1777.90,296
1618794900,1777.36,361
1618794960,1778.23,261
1618795020,1777.75,244
1618795080,1778.06,267
1618795140,1778.08,150
1618795200,1777.93,199
1618795260,1777.34,236
1618795320,1777.60,175
1618795380,1777.31,137
1618795440,1776.66,174
1618795500,1776.08,235
1618795560,1776.31,293
1618795620,1776.81,351
1618795680,1777.08,228
1618795740,1776.96,241
1618795800,1776.78,241
1618795860,1776.63,244
1618795920,1775.93,281
1618795980,1775.19,283
1618796040,1774.51,286
1618796100,1773.97,258
1618796160,1773.16,285
1618796220,1774.80,328
1618796280,1774.93,294
1618796340,1775.41,221
1618796400,1775.72,240
1618796460,1775.92,218
1618796520,1776.47,225
1618796580,1776.56,271
1618796640,1777.12,241
1618796700,1776.94,272
1618796760,1776.97,233
1618796820,1776.53,264
1618796880,1776.53,229
1618796940,1776.48,214
1618797000,1776.84,232
1618797060,1776.61,219
1618797120,1776.58,183
1618797180,1776.67,108
1618797240,1775.70,222
1618797300,1775.75,203
1618797360,1775.63,137
1618797420,1775.56,171
1618797480,1775.30,214
1618797540,1775.15,156
1618797600,1775.82,253
1618797660,1776.17,207
1618797720,1776.03,237
1618797780,1776.80,253
1618797840,1776.57,258
1618797900,1776.48,213
1618797960,1776.26,245
1618798020,1776.84,177
1618798080,1777.03,151
1618798140,1776.95,179
1618798200,1777.05,211
1618798260,1777.22,194
1618798320,1777.01,167
1618798380,1776.72,152
1618798440,1776.36,176
1618798500,1776.17,139
1618798560,1776.34,121
1618798620,1776.33,123
1618798680,1776.35,91
1618798740,1776.39,119
1618798800,1776.65,106
1618798860,1776.59,74
1618798920,1776.71,56
1618798980,1777.09,107
1618799040,1777.24,79
1618799100,1777.23,70
1618799160,1777.39,100
1618799220,1777.23,125
1618799280,1776.55,127
1618799340,1776.88,99
1618799400,1777.07,190
1618799460,1777.17,131
1618799520,1777.83,188
1618799580,1777.77,142
1618799640,1777.65,143
1618799700,1777.60,138
1618799760,1777.92,202
1618799820,1777.68,114
1618799880,1777.61,83
1618799940,1777.59,119
1618800000,1777.52,139
1618800060,1777.04,150
1618800120,1776.81,154
1618800180,1776.81,131
1618800240,1776.78,118
1618800300,1777.35,116
1618800360,1777.02,138
1618800420,1777.35,172
1618800480,1777.59,73
1618800540,1777.91,160
1618800600,1778.03,186
1618800660,1778.37,218
1618800720,1778.88,191
1618800780,1778.66,218
1618800840,1778.63,151
1618800900,1778.77,159
1618800960,1778.54,100
1618801020,1778.56,118
1618801080,1778.37,147
1618801140,1779.05,171
1618801200,1778.68,155
1618801260,1778.97,148
1618801320,1779.19,182
1618801380,1779.49,111
1618801440,1779.48,117
1618801500,1778.82,147
1618801560,1778.48,104
1618801620,1778.47,139
1618801680,1778.63,123
1618801740,1778.69,99
1618801800,1778.47,96
1618801860,1778.35,111
1618801920,1778.11,106
1618801980,1778.22,102
1618802040,1778.40,83
1618802100,1778.56,76
1618802160,1778.51,122
1618802220,1778.46,92
1618802280,1778.68,84
1618802340,1778.60,74
1618802400,1778.61,82
1618802460,1778.89,82
1618802520,1778.82,64
1618802580,1778.84,104
1618802640,1779.19,114
1618802700,1778.72,131
1618802760,1778.40,114
1618802820,1778.01,146
1618802880,1777.79,132
1618802940,1777.77,107
1618803000,1777.92,103
1618803060,1777.99,59
1618803120,1777.88,84
1618803180,1778.09,49
1618803240,1778.26,86
1618803300,1778.34,58
1618803360,1778.41,65
1618803420,1778.04,71
1618803480,1777.93,90
1618803540,1777.69,91
1618803600,1777.82,74
1618803660,1777.70,69
1618803720,1777.65,67
1618803780,1777.66,41
1618803840,1777.77,87
1618803900,1777.86,105
1618803960,1778.00,67
1618804020,1777.98,60
1618804080,1777.99,86
1618804140,1777.95,68
1618804200,1777.76,59
1618804260,1777.43,68
1618804320,1777.42,59
1618804380,1777.31,71
1618804440,1777.35,58
1618804500,1777.31,46
1618804560,1777.57,65
1618804620,1777.42,50
1618804680,1777.51,37
1618804740,1777.34,71
1618804800,1777.39,72
1618804860,1777.26,49
1618804920,1777.17,19
1618804980,1777.07,41
1618805040,1777.22,32
1618805100,1777.26,57
1618805160,1777.20,61
1618805220,1777.11,53
1618805280,1777.13,51
1618805340,1777.27,51
1618805400,1777.25,38
1618805460,1777.27,46
1618805520,1776.99,26
1618805580,1777.13,53
1618805640,1777.01,48
1618805700,1777.30,58
1618805760,1777.14,50
1618805820,1777.10,69
1618805880,1777.09,85
1618805940,1776.71,65
1618806000,1776.82,42
1618806060,1776.78,35
1618806120,1776.85,41
1618806180,1776.68,65
1618806240,1776.75,72
1618806300,1776.68,57
1618806360,1776.67,61
1618806420,1776.75,64
1618806480,1776.75,60
1618806540,1776.77,39
1618806600,1776.87,89
1618806660,1777.07,75
1618806720,1777.07,111
1618806780,1777.02,63
1618806840,1777.26,45
1618806900,1777.31,110
1618806960,1777.45,98
1618807020,1777.40,87
1618807080,1777.38,54
1618807140,1777.34,38
1618807200,1777.34,43
1618807260,1777.34,57
1618807320,1777.13,88
1618807380,1777.00,66
1618807440,1777.01,51
1618807500,1777.51,90
1618807560,1777.70,72
1618807620,1777.58,123
1618807680,1777.85,46
1618807740,1777.82,58
1618807800,1777.85,73
1618807860,1778.07,63
1618807920,1778.03,76
1618807980,1777.99,58
1618808040,1778.06,44
1618808100,1778.02,42
1618808160,1778.09,75
1618808220,1778.11,36
1618808280,1778.00,65
1618808340,1777.91,39
1618808400,1778.03,55
1618808460,1778.08,58
1618808520,1777.92,63
1618808580,1778.38,87
1618808640,1778.44,48
1618808700,1778.31,58
1618808760,1778.39,57
1618808820,1778.40,68
1618808880,1778.44,73
1618808940,1778.47,69
1618809000,1778.34,54
1618809060,1778.43,88
1618809120,1778.50,58
1618809180,1778.32,41
1618809240,1778.36,56
1618809300,1778.20,41
1618809360,1777.72,73
1618809420,1777.80,69
1618809480,1778.21,67
1618809540,1778.20,38
1618809600,1778.18,73
1618809660,1777.92,71
1618809720,1777.85,41
1618809780,1777.81,30
1618809840,1777.83,43
1618809900,1777.55,49
1618809960,1777.34,87
1618810020,1777.22,85
1618810080,1777.20,67
1618810140,1777.45,79
1618810200,1778.31,191
1618810260,1778.05,158
1618810320,1778.70,200
1618810380,1778.71,165
1618810440,1779.27,170
1618810500,1779.61,199
1618810560,1779.07,160
1618810620,1778.67,145
1618810680,1778.61,108
1618810740,1778.62,106
1618810800,1778.78,131
1618810860,1779.04,141
1618810920,1779.22,123
1618810980,1778.86,130
1618811040,1778.85,131
1618811100,1778.57,105
1618811160,1778.58,134
1618811220,1777.97,171
1618811280,1777.85,108
1618811340,1777.42,100
1618811400,1777.58,153
1618811460,1777.09,179
1618811520,1777.00,219
1618811580,1777.41,187
1618811640,1777.22,180
1618811700,1777.69,228
1618811760,1777.67,261
1618811820,1777.42,192
1618811880,1777.68,231
1618811940,1777.81,160
1618812000,1777.10,255
1618812060,1776.41,237
1618812120,1776.15,280
1618812180,1776.66,236
1618812240,1776.15,247
1618812300,1775.54,278
1618812360,1776.20,221
1618812420,1776.17,166
1618812480,1776.25,194
1618812540,1776.43,187
1618812600,1776.42,184
1618812660,1776.85,185
1618812720,1777.43,161
1618812780,1777.29,171
1618812840,1777.33,106
1618812900,1777.25,140
1618812960,1777.00,139
1618813020,1776.96,128
1618813080,1776.87,147
1618813140,1777.28,117
1618813200,1777.74,156
1618813260,1778.62,222
1618813320,1778.41,167
1618813380,1778.55,194
1618813440,1779.52,186
1618813500,1779.58,173
1618813560,1779.57,229
1618813620,1780.07,215
1618813680,1780.22,208
1618813740,1780.08,209
1618813800,1779.96,207
1618813860,1780.72,244
1618813920,1781.32,178
1618813980,1780.60,249
1618814040,1780.47,193
1618814100,1780.45,203
1618814160,1779.79,202
1618814220,1778.84,250
1618814280,1779.19,187
1618814340,1779.22,176
1618814400,1779.29,178
1618814460,1779.19,163
1618814520,1779.47,149
1618814580,1779.82,166
1618814640,1780.35,220
1618814700,1780.00,165
1618814760,1780.30,196
1618814820,1780.99,169
1618814880,1780.96,229
1618814940,1781.12,255
1618815000,1781.11,165
1618815060,1781.07,137
1618815120,1781.22,194
1618815180,1780.85,191
1618815240,1780.12,200
1618815300,1779.83,184
1618815360,1779.51,141
1618815420,1779.64,154
1618815480,1779.90,175
1618815540,1779.95,214
1618815600,1779.66,296
1618815660,1780.23,194
1618815720,1780.73,213
1618815780,1780.50,175
1618815840,1779.77,217
1618815900,1779.16,244
1618815960,1778.45,205
1618816020,1778.31,242
1618816080,1778.85,191
1618816140,1778.39,197
1618816200,1778.00,220
1618816260,1778.20,212
1618816320,1778.45,174
1618816380,1778.70,159
1618816440,1779.16,173
1618816500,1779.18,165
1618816560,1779.25,189
1618816620,1778.85,170
1618816680,1779.97,195
1618816740,1779.94,180
1618816800,1780.75,234
1618816860,1780.30,199
1618816920,1780.04,177
1618816980,1780.49,166
1618817040,1780.80,194
1618817100,1780.67,207
1618817160,1780.14,130
1618817220,1779.42,231
1618817280,1779.55,254
1618817340,1779.85,167
1618817400,1780.27,184
1618817460,1780.89,288
1618817520,1781.76,306
1618817580,1781.74,214
1618817640,1781.94,173
1618817700,1781.65,194
1618817760,1782.19,219
1618817820,1782.31,192
1618817880,1782.33,202
1618817940,1782.40,166
1618818000,1782.49,163
1618818060,1782.89,214
1618818120,1782.72,253
1618818180,1783.76,262
1618818240,1784.26,353
1618818300,1783.72,289
1618818360,1783.79,278
1618818420,1784.63,265
1618818480,1786.15,416
1618818540,1786.57,342
1618818600,1786.75,373
1618818660,1786.20,293
1618818720,1786.51,280
1618818780,1786.77,291
1618818840,1786.70,254
1618818900,1785.99,276
1618818960,1785.81,274
1618819020,1785.95,227
1618819080,1786.30,225
1618819140,1787.05,238
1618819200,1787.20,237
1618819260,1786.53,254
1618819320,1787.17,234
1618819380,1786.87,246
1618819440,1786.93,235
1618819500,1786.61,340
1618819560,1786.43,230
1618819620,1786.60,200
1618819680,1785.88,228
1618819740,1785.96,339
1618819800,1786.52,251
1618819860,1786.33,230
1618819920,1785.77,214
1618819980,1785.68,205
1618820040,1785.59,221
1618820100,1785.48,232
1618820160,1785.69,381
1618820220,1785.66,237
1618820280,1785.83,243
1618820340,1785.98,197
1618820400,1785.44,187
1618820460,1785.59,237
1618820520,1785.26,281
1618820580,1786.23,166
1618820640,1786.19,181
1618820700,1786.50,180
1618820760,1786.32,188
1618820820,1786.47,182
1618820880,1786.22,230
1618820940,1785.69,195
1618821000,1786.16,246
1618821060,1786.02,237
1618821120,1786.57,188
1618821180,1786.26,197
1618821240,1787.44,330
1618821300,1788.09,279
1618821360,1787.94,293
1618821420,1788.52,222
1618821480,1787.90,233
1618821540,1787.53,171
1618821600,1788.05,159
1618821660,1788.28,172
1618821720,1787.98,187
1618821780,1788.02,188
1618821840,1787.99,129
1618821900,1787.55,139
1618821960,1787.73,204
1618822020,1787.54,141
1618822080,1787.26,197
1618822140,1787.27,161
1618822200,1787.60,154
1618822260,1787.22,142
1618822320,1786.91,287
1618822380,1787.24,186
1618822440,1787.58,164
1618822500,1787.17,203
1618822560,1786.48,198
1618822620,1786.77,258
1618822680,1786.62,145
1618822740,1787.06,134
1618822800,1786.90,163
1618822860,1786.99,172
1618822920,1787.02,91
1618822980,1787.26,132
1618823040,1787.73,154
1618823100,1787.45,286
1618823160,1786.55,240
1618823220,1786.49,214
1618823280,1786.60,157
1618823340,1786.91,166
1618823400,1787.10,149
1618823460,1787.15,150
1618823520,1787.25,109
1618823580,1787.44,143
1618823640,1787.69,129
1618823700,1787.65,136
1618823760,1787.58,143
1618823820,1787.52,179
1618823880,1787.54,115
1618823940,1787.30,99
1618824000,1787.75,135
1618824060,1787.93,149
1618824120,1788.14,58
1618824180,1788.49,146
1618824240,1789.71,228
1618824300,1789.88,154
1618824360,1789.64,123
1618824420,1789.22,127
1618824480,1788.96,131
1618824540,1788.85,110
1618824600,1788.68,157
1618824660,1789.09,175
1618824720,1789.52,165
1618824780,1789.28,156
1618824840,1789.27,141
1618824900,1788.66,113
1618824960,1788.93,118
1618825020,1789.13,95
1618825080,1788.56,134
1618825140,1788.43,156
1618825200,1788.20,215
1618825260,1788.08,135
1618825320,1788.26,134
1618825380,1788.08,143
1618825440,1788.20,217
1618825500,1787.73,207
1618825560,1787.84,135
1618825620,1787.56,146
1618825680,1788.08,140
1618825740,1787.97,97
1618825800,1788.09,101
1618825860,1788.18,94
1618825920,1788.36,112
1618825980,1788.54,139
1618826040,1788.57,114
1618826100,1788.61,143
1618826160,1788.57,141
1618826220,1788.54,152
1618826280,1788.62,116
1618826340,1788.62,140
1618826400,1788.73,132
1618826460,1789.14,118
1618826520,1789.25,128
1618826580,1788.65,134
1618826640,1788.26,119
1618826700,1788.03,136
1618826760,1788.43,134
1618826820,1788.51,135
1618826880,1789.15,143
1618826940,1788.99,139
1618827000,1789.16,134
1618827060,1788.92,129
1618827120,1788.59,105
1618827180,1788.51,124
1618827240,1788.56,116
1618827300,1788.43,128
1618827360,1788.59,109
1618827420,1788.88,161
1618827480,1788.68,180
1618827540,1788.68,116
1618827600,1788.74,111
1618827660,1789.12,111
1618827720,1789.86,173
1618827780,1789.63,159
1618827840,1789.28,143
1618827900,1789.18,159
1618827960,1789.67,128
1618828020,1789.77,141
1618828080,1789.91,145
1618828140,1789.79,99
1618828200,1789.36,117
1618828260,1789.38,117
1618828320,1789.55,98
1618828380,1789.44,75
1618828440,1789.16,114
1618828500,1789.57,102
1618828560,1789.72,102
1618828620,1789.44,138
1618828680,1788.47,152
1618828740,1788.46,224
1618828800,1788.17,175
1618828860,1787.12,217
1618828920,1787.04,235
1618828980,1787.69,223
1618829040,1787.48,240
1618829100,1787.12,173
1618829160,1787.07,224
1618829220,1787.20,158
1618829280,1787.22,176
1618829340,1787.23,166
1618829400,1787.25,119
1618829460,1787.11,122
1618829520,1787.13,147
1618829580,1787.11,106
1618829640,1787.07,170
1618829700,1787.18,193
1618829760,1787.38,165
1618829820,1787.66,159
1618829880,1787.33,192
1618829940,1787.51,155
1618830000,1787.69,202
1618830060,1787.57,222
1618830120,1788.04,211
1618830180,1787.72,249
1618830240,1787.77,254
1618830300,1786.57,237
1618830360,1786.52,294
1618830420,1786.37,236
1618830480,1786.27,215
1618830540,1786.40,189
1618830600,1786.51,191
1618830660,1786.31,173
1618830720,1786.28,144
1618830780,1786.49,149
1618830840,1786.57,119
1618830900,1786.34,128
1618830960,1786.18,197
1618831020,1785.64,195
1618831080,1785.55,217
1618831140,1784.84,208
1618831200,1784.73,271
1618831260,1784.85,188
1618831320,1784.48,175
1618831380,1784.74,218
1618831440,1784.04,186
1618831500,1784.55,162
1618831560,1784.32,145
1618831620,1783.68,192
1618831680,1783.07,183
1618831740,1783.07,215
1618831800,1783.04,232
1618831860,1782.71,242
1618831920,1782.68,178
1618831980,1782.08,190
1618832040,1782.69,172
1618832100,1782.22,206
1618832160,1781.51,174
1618832220,1781.06,203
1618832280,1782.04,223
1618832340,1782.00,227
1618832400,1781.65,169
1618832460,1781.68,182
1618832520,1781.74,204
1618832580,1781.65,118
1618832640,1781.38,146
1618832700,1781.37,179
1618832760,1780.56,125
1618832820,1779.01,234
1618832880,1779.79,256
1618832940,1780.28,207
1618833000,1781.41,258
1618833060,1781.61,242
1618833120,1781.04,192
1618833180,1781.41,202
1618833240,1780.64,217
1618833300,1780.84,223
1618833360,1780.86,188
1618833420,1781.05,188
1618833480,1781.42,218
1618833540,1782.15,255
1618833600,1781.85,257
1618833660,1781.94,191
1618833720,1781.86,209
1618833780,1781.76,162
1618833840,1782.04,193
1618833900,1781.70,182
1618833960,1781.86,245
1618834020,1780.98,221
1618834080,1781.10,237
1618834140,1779.50,259
1618834200,1779.07,298
1618834260,1778.77,293
1618834320,1777.25,312
1618834380,1776.39,344
1618834440,1776.21,314
1618834500,1776.36,284
1618834560,1775.08,313
1618834620,1776.42,281
1618834680,1776.41,351
1618834740,1778.73,355
1618834800,1777.40,358
1618834860,1777.49,247
1618834920,1776.58,205
1618834980,1776.39,217
1618835040,1776.91,231
1618835100,1777.16,300
1618835160,1776.93,282
1618835220,1777.07,205
1618835280,1777.48,240
1618835340,1777.71,209
1618835400,1777.88,229
1618835460,1778.38,230
1618835520,1777.74,221
1618835580,1777.25,248
1618835640,1777.15,218
1618835700,1776.65,209
1618835760,1776.53,257
1618835820,1777.22,228
1618835880,1778.10,289
1618835940,1778.16,213
1618836000,1777.67,193
1618836060,1777.48,212
1618836120,1776.74,206
1618836180,1777.11,185
1618836240,1777.08,190
1618836300,1777.48,209
1618836360,1777.64,189
1618836420,1777.74,185
1618836480,1778.55,295
1618836540,1778.15,166
1618836600,1778.50,184
1618836660,1778.31,185
1618836720,1778.22,182
1618836780,1777.46,218
1618836840,1777.15,217
1618836900,1777.18,217
1618836960,1776.76,225
1618837020,1775.26,319
1618837080,1776.08,246
1618837140,1776.19,315
1618837200,1776.49,384
1618837260,1776.68,336
1618837320,1775.75,288
1618837380,1774.54,395
1618837440,1774.29,431
1618837500,1775.80,388
1618837560,1775.61,329
1618837620,1775.26,308
1618837680,1774.34,311
1618837740,1774.12,356
1618837800,1774.84,411
1618837860,1774.28,388
1618837920,1774.30,332
1618837980,1774.46,306
1618838040,1772.23,353
1618838100,1771.46,418
1618838160,1771.64,387
1618838220,1771.03,414
1618838280,1768.88,396
1618838340,1767.78,390
1618838400,1768.30,418
1618838460,1767.89,379
1618838520,1767.92,381
1618838580,1768.37,388
1618838640,1770.35,385
1618838700,1769.75,310
1618838760,1770.64,312
1618838820,1770.83,349
1618838880,1771.39,337
1618838940,1771.44,275
1618839000,1772.66,353
1618839060,1773.34,312
1618839120,1773.08,312
1618839180,1772.43,330
1618839240,1772.43,288
1618839300,1773.01,311
1618839360,1771.74,270
1618839420,1771.66,285
1618839480,1772.06,315
1618839540,1772.19,313
1618839600,1772.56,323
1618839660,1772.21,308
1618839720,1772.44,271
1618839780,1772.39,236
1618839840,1771.69,274
1618839900,1771.47,339
1618839960,1770.54,357
1618840020,1769.70,327
1618840080,1770.94,306
1618840140,1771.15,294
1618840200,1772.54,311
1618840260,1772.73,272
1618840320,1772.98,292
1618840380,1773.07,302
1618840440,1771.44,336
1618840500,1772.02,343
1618840560,1773.21,332
1618840620,1772.88,326
1618840680,1773.42,311
1618840740,1773.72,348
1618840800,1774.56,353
1618840860,1774.31,307
1618840920,1774.48,324
1618840980,1773.96,329
1618841040,1773.82,326
1618841100,1773.93,256
1618841160,1773.28,323
1618841220,1773.16,349
1618841280,1772.59,296
1618841340,1772.24,316
1618841400,1773.74,365
1618841460,1773.01,312
1618841520,1773.05,261
1618841580,1773.69,314
1618841640,1773.03,302
1618841700,1772.48,347
1618841760,1772.16,312
1618841820,1773.26,322
1618841880,1773.72,298
1618841940,1774.33,286
1618842000,1773.41,292
1618842060,1773.39,292
1618842120,1773.42,293
1618842180,1773.19,319
1618842240,1773.53,300
1618842300,1772.79,287
1618842360,1772.69,259
1618842420,1772.98,260
1618842480,1772.57,283
1618842540,1772.26,247
1618842600,1772.38,232
1618842660,1771.48,279
1618842720,1770.97,278
1618842780,1771.66,276
1618842840,1772.82,227
1618842900,1772.73,249
1618842960,1773.29,264
1618843020,1773.16,275
1618843080,1772.59,246
1618843140,1771.51,273
1618843200,1772.77,239
1618843260,1772.89,209
1618843320,1773.56,237
1618843380,1773.86,229
1618843440,1773.82,262
1618843500,1773.42,291
1618843560,1772.28,340
1618843620,1773.99,311
1618843680,1773.82,332
1618843740,1773.75,315
1618843800,1773.80,286
1618843860,1774.28,245
1618843920,1774.21,212
1618843980,1773.97,204
1618844040,1773.07,230
1618844100,1773.64,271
1618844160,1773.46,280
1618844220,1773.58,256
1618844280,1774.78,245
1618844340,1775.84,360
1618844400,1775.22,362
1618844460,1775.39,320
1618844520,1775.67,258
1618844580,1775.08,234
1618844640,1775.16,209
1618844700,1774.80,235
1618844760,1775.18,251
1618844820,1774.95,157
1618844880,1775.97,172
1618844940,1776.72,184
1618845000,1776.06,207
1618845060,1775.91,200
1618845120,1775.49,114
1618845180,1775.18,208
1618845240,1775.41,205
1618845300,1774.76,223
1618845360,1774.72,143
1618845420,1775.02,129
1618845480,1775.37,144
1618845540,1775.62,204
1618845600,1775.62,163
1618845660,1775.35,174
1618845720,1775.31,155
1618845780,1775.40,172
1618845840,1775.17,186
1618845900,1775.14,192
1618845960,1775.74,187
1618846020,1775.54,177
1618846080,1775.56,196
1618846140,1775.67,158
1618846200,1775.39,160
1618846260,1775.14,211
1618846320,1775.24,183
1618846380,1774.34,230
1618846440,1773.45,302
1618846500,1773.68,172
1618846560,1773.63,183
1618846620,1774.06,216
1618846680,1774.04,189
1618846740,1774.13,162
1618846800,1774.18,176
1618846860,1774.09,102
1618846920,1773.47,138
1618846980,1773.79,152
1618847040,1773.43,193
1618847100,1773.83,241
1618847160,1773.94,164
1618847220,1773.63,159
1618847280,1773.13,157
1618847340,1772.91,179
1618847400,1773.06,179
1618847460,1772.83,199
1618847520,1773.14,193
1618847580,1773.32,152
1618847640,1773.46,167
1618847700,1772.95,201
1618847760,1772.69,182
1618847820,1772.81,205
1618847880,1772.33,197
1618847940,1772.20,171
1618848000,1771.97,243
1618848060,1772.62,206
1618848120,1772.66,160
1618848180,1772.06,167
1618848240,1771.96,181
1618848300,1772.19,155
1618848360,1772.12,133
1618848420,1772.06,171
1618848480,1771.85,174
1618848540,1771.98,124
1618848600,1771.88,125
1618848660,1771.76,66
1618848720,1772.04,108
1618848780,1771.72,81
1618848840,1771.50,107
1618848900,1771.55,122
1618848960,1771.81,133
1618849020,1772.00,121
1618849080,1771.86,113
1618849140,1771.80,127
1618849200,1771.60,145
1618849260,1771.37,103
1618849320,1770.96,139
1618849380,1770.87,192
1618849440,1771.18,121
1618849500,1771.21,131
1618849560,1771.12,139
1618849620,1770.96,168
1618849680,1771.22,152
1618849740,1771.52,185
1618849800,1770.52,210
1618849860,1770.14,208
1618849920,1769.36,223
1618849980,1769.04,143
1618850040,1769.50,205
1618850100,1769.26,192
1618850160,1769.60,137
1618850220,1770.03,217
1618850280,1770.23,125
1618850340,1770.43,137
1618850400,1770.19,184
1618850460,1770.58,156
1618850520,1770.57,143
1618850580,1770.55,126
1618850640,1771.10,144
1618850700,1770.94,127
1618850760,1771.27,135
1618850820,1771.56,195
1618850880,1771.64,155
1618850940,1771.59,111
1618851000,1771.62,104
1618851060,1771.70,135
1618851120,1771.80,149
1618851180,1771.64,119
1618851240,1771.63,125
1618851300,1771.79,166
1618851360,1771.69,176
1618851420,1771.77,197
1618851480,1771.56,87
1618851540,1771.46,146
1618851600,1771.60,175
1618851660,1771.92,105
1618851720,1771.99,89
1618851780,1771.66,110
1618851840,1771.49,97
1618851900,1771.48,49
1618851960,1770.87,91
1618852020,1771.28,150
1618852080,1771.36,138
1618852140,1771.21,144
1618852200,1771.17,181
1618852260,1771.40,80
1618852320,1771.53,48
1618852380,1771.09,97
1618852440,1770.78,87
1618852500,1770.83,122
1618852560,1770.54,70
1618852620,1770.64,25
1618852680,1770.74,47
1618852740,1770.75,73
1618852800,1770.74,39
1618852860,1770.39,129
1618852920,1770.67,61
1618852980,1770.58,112
1618853040,1770.48,130
1618853100,1770.28,95
1618853160,1770.18,119
1618853220,1770.38,53
1618853280,1770.77,74
1618853340,1770.24,117
1618853400,1769.74,116
1618853460,1769.59,69
1618853520,1770.40,89
1618853580,1770.50,54
1618853640,1770.41,49
1618853700,1770.31,86
1618853760,1770.46,115
1618853820,1770.73,78
1618853880,1771.06,95
1618853940,1771.21,104
1618854000,1771.34,150
1618854060,1771.27,77
1618854120,1771.35,110
1618854180,1771.45,73
1618854240,1771.40,46
1618854300,1771.37,113
1618854360,1771.40,104
1618854420,1771.51,26
1618854480,1771.50,44
1618854540,1771.40,40
1618854600,1771.12,68
1618854660,1771.24,75
1618854720,1771.39,35
1618854780,1771.19,41
1618854840,1771.21,59
1618854900,1771.19,44
1618854960,1771.48,63
1618855020,1771.69,54
1618855080,1771.77,40
1618855140,1771.59,68
1618855200,1771.64,37
1618855260,1771.49,69
1618855320,1771.19,39
1618855380,1771.49,44
1618855440,1771.61,55
1618855500,1771.61,56
1618855560,1771.41,34
1618855620,1771.12,87
1618855680,1771.32,45
1618855740,1771.33,67
1618855800,1771.13,105
1618855860,1771.03,7
1618855920,1771.14,41
1618855980,1770.94,20
1618856040,1770.45,110
1618856100,1770.58,116
1618856160,1770.44,34
1618856220,1770.45,42
1618856280,1770.45,21
1618856340,1770.41,38
1618856400,1770.25,67
1618856460,1770.15,57
1618856520,1770.73,64
1618856580,1770.64,89
1618856640,1770.73,27
1618856700,1770.82,63
1618856760,1770.54,58
1618856820,1770.53,80
1618856880,1770.71,117
1618856940,1770.74,114
1618857000,1770.65,130
1618857060,1770.68,93
1618857120,1770.66,68
1618857180,1770.66,82
1618857240,1771.15,64
1618857300,1771.02,63
1618857360,1770.74,88
1618857420,1770.76,73
1618857480,1771.08,74
1618857540,1770.88,121
1618857600,1770.76,131
1618857660,1770.42,218
1618857720,1769.86,142
1618857780,1770.09,129
1618857840,1770.18,73
1618857900,1770.02,133
1618857960,1770.23,26
1618858020,1770.17,17
1618858080,1770.36,51
1618858140,1770.36,25
1618858200,1770.17,61
1618858260,1770.25,56
1618858320,1770.65,34
1618858380,1770.85,42
1618858440,1770.94,84
1618858500,1770.91,74
1618858560,1771.27,61
1618858620,1771.32,47
1618858680,1771.72,81
1618858740,1771.62,151
1618858800,1771.15,75
1618858860,1771.15,96
1618858920,1770.98,67
1618858980,1771.16,54
1618859040,1771.07,10
1618859100,1770.61,70
1618859160,1770.56,37
1618859220,1770.55,60
1618859280,1770.46,51
1618859340,1770.55,66
1618859400,1770.50,45
1618859460,1770.55,47
1618859520,1770.65,28
1618859580,1770.45,58
1618859640,1770.54,30
1618859700,1770.73,77
1618859760,1770.92,34
1618859820,1771.01,10
1618859880,1771.11,43
1618859940,1771.09,53
1618860000,1770.90,57
1618860060,1770.90,18
1618860120,1770.60,36
1618860180,1770.70,33
1618860240,1771.02,46
1618860300,1770.90,32
1618860360,1770.90,50
1618860420,1770.96,26
1618860480,1770.90,45
1618860540,1770.80,47
1618860600,1770.72,93
1618860660,1770.41,67
1618860720,1770.42,54
1618860780,1770.41,71
1618860840,1770.54,54
1618860900,1770.84,47
1618860960,1770.69,28
1618861020,1770.37,59
1618861080,1769.80,98
1618861140,1769.87,55
1618861200,1770.17,71
1618861260,1770.47,68
1618861320,1770.80,70
1618861380,1771.06,92
1618861440,1770.86,51
1618861500,1770.66,25
1618861560,1770.49,53
1618861620,1770.50,55
1618861680,1770.60,89
1618861740,1770.56,63
1618861800,1770.48,64
1618861860,1770.62,94
1618861920,1770.57,74
1618861980,1770.44,51
1618862040,1770.51,61
1618862100,1770.49,98
1618862160,1770.79,93
1618862220,1770.51,79
1618862280,1770.70,82
1618862340,1770.91,124
1618862400,1770.68,123
1618862460,1770.58,93
1618862520,1770.92,48
1618862580,1770.94,20
1618862640,1770.87,44
1618862700,1770.93,20
1618862760,1770.95,21
1618862820,1770.65,38
1618862880,1770.66,33
1618862940,1770.76,69
1618863000,1770.67,52
1618863060,1770.69,20
1618863120,1770.76,19
1618863180,1770.89,39
1618863240,1770.77,43
1618863300,1770.79,50
1618863360,1770.64,23
1618863420,1770.88,54
1618863480,1770.95,24
1618863540,1770.95,35
1618863600,1770.78,18
1618863660,1770.62,49
1618863720,1770.38,42
1618863780,1770.25,15
1618863840,1770.37,13
1618863900,1770.35,52
1618863960,1770.57,37
1618864020,1770.77,27
1618864080,1770.70,25
1618864140,1771.00,52
1618864200,1770.77,60
1618864260,1770.76,32
1618864320,1770.65,28
1618864380,1770.57,27
1618864440,1770.47,29
1618864500,1770.30,39
1618864560,1770.28,50
1618864620,1770.27,40
1618864680,1770.30,19
1618864740,1770.66,28
1618864800,1770.58,13
1618864860,1770.66,24
1618864920,1770.62,19
1618864980,1770.42,37
1618865040,1770.34,24
1618865100,1770.10,53
1618865160,1770.09,45
1618865220,1769.98,58
1618865280,1770.66,63
1618865340,1770.51,31
1618865400,1770.59,43
1618865460,1770.57,16
1618865520,1770.56,41
1618865580,1770.58,24
1618865640,1770.84,69
1618865700,1770.82,36
1618865760,1770.96,22
1618869720,1770.96,56
1618869780,1771.06,39
1618869840,1770.89,27
1618869900,1770.51,38
1618869960,1770.54,37
1618870020,1770.63,19
1618870080,1770.63,24
1618870140,1770.57,38
1618870200,1770.60,10
1618870260,1770.53,15
1618870320,1770.59,9
1618870380,1770.59,17
1618870440,1770.50,14
1618870500,1770.54,26
1618870560,1770.50,32
1618870620,1770.44,48
1618870680,1770.42,24
1618870740,1770.51,18
1618870800,1770.33,28
1618870860,1770.61,13
1618870920,1770.68,27
1618870980,1770.85,30
1618871040,1770.77,34
1618871100,1770.71,22
1618871160,1770.65,11
1618871220,1770.59,10
1618871280,1770.55,9
1618871340,1770.40,19
1618871400,1770.64,20
1618871460,1770.69,26
1618871520,1770.86,19
1618871580,1771.19,35
1618871640,1771.09,51
1618871700,1770.81,48
1618871760,1770.69,29
1618871820,1770.69,41
1618871880,1770.68,22
1618871940,1770.70,16
1618872000,1770.69,19
1618872060,1770.94,53
1618872120,1771.18,50
1618872180,1771.22,27
1618872240,1771.11,60
1618872300,1771.17,37
1618872360,1771.06,19
1618872420,1771.19,25
1618872480,1771.21,48
1618872540,1771.29,24
1618872600,1771.30,23
1618872660,1771.29,33
1618872720,1771.15,47
1618872780,1771.18,18
1618872840,1771.16,20
1618872900,1771.14,9
1618872960,1771.01,27
1618873020,1771.08,29
1618873080,1771.18,24
1618873140,1771.39,25
1618873200,1771.04,73
1618873260,1770.81,37
1618873320,1770.80,35
1618873380,1770.60,44
1618873440,1770.97,42
1618873500,1770.82,36
1618873560,1770.72,34
1618873620,1770.52,27
1618873680,1770.60,26
1618873740,1770.95,24
1618873800,1770.93,39
1618873860,1771.07,28
1618873920,1770.86,28
1618873980,1770.90,11
1618874040,1771.15,33
1618874100,1771.01,29
1618874160,1770.82,43
1618874220,1770.73,13
1618874280,1770.77,35
1618874340,1770.87,22
1618874400,1771.22,43
1618874460,1771.06,31
1618874520,1771.10,26
1618874580,1770.96,33
1618874640,1770.89,47
1618874700,1770.96,16
1618874760,1771.16,42
1618874820,1771.21,28
1618874880,1771.22,14
1618874940,1771.09,32
1618875000,1771.10,65
1618875060,1771.24,39
1618875120,1771.10,38
1618875180,1771.33,19
1618875240,1771.11,33
1618875300,1771.15,15
1618875360,1771.01,27
1618875420,1771.01,36
1618875480,1770.97,18
1618875540,1771.03,15
1618875600,1771.44,56
1618875660,1771.44,46
1618875720,1771.26,33
1618875780,1771.18,40
1618875840,1771.44,46
1618875900,1771.30,73
1618875960,1771.50,51
1618876020,1771.43,70
1618876080,1771.42,56
1618876140,1771.57,32
1618876200,1771.60,60
1618876260,1771.45,48
1618876320,1771.43,56
1618876380,1771.58,62
1618876440,1771.75,50
1618876500,1772.05,91
1618876560,1772.45,92
1618876620,1772.36,68
1618876680,1772.01,74
1618876740,1772.15,64
1618876800,1771.97,108
1618876860,1772.06,72
1618876920,1772.48,107
1618876980,1772.47,74
1618877040,1772.18,66
1618877100,1772.09,84
1618877160,1772.59,83
1618877220,1772.07,97
1618877280,1772.02,52
1618877340,1771.98,62
1618877400,1772.15,62
1618877460,1772.35,92
1618877520,1772.29,69
1618877580,1772.25,47
1618877640,1772.63,79
1618877700,1772.28,77
1618877760,1772.53,89
1618877820,1772.51,47
1618877880,1772.40,37
1618877940,1772.58,103
1618878000,1772.51,53
1618878060,1772.43,94
1618878120,1772.19,57
1618878180,1772.00,63
1618878240,1772.12,55
1618878300,1772.11,39
1618878360,1771.87,80
1618878420,1772.10,79
1618878480,1771.83,83
1618878540,1771.95,84
1618878600,1771.80,90
1618878660,1771.62,71
1618878720,1771.75,75
1618878780,1771.80,107
1618878840,1771.54,66
1618878900,1771.24,86
1618878960,1771.29,56
1618879020,1771.00,53
1618879080,1771.11,74
1618879140,1771.13,42
1618879200,1770.74,65
1618879260,1770.71,48
1618879320,1770.52,58
1618879380,1770.43,78
1618879440,1770.10,94
1618879500,1769.94,44
1618879560,1769.85,78
1618879620,1770.16,114
1618879680,1770.02,75
1618879740,1769.85,76
1618879800,1770.10,99
1618879860,1769.88,81
1618879920,1768.80,223
1618879980,1768.77,145
1618880040,1769.07,141
1618880100,1769.35,139
1618880160,1769.25,93
1618880220,1769.31,54
1618880280,1768.81,61
1618880340,1768.75,71
1618880400,1768.41,343
1618880460,1768.44,263
1618880520,1768.68,184
1618880580,1767.94,237
1618880640,1767.99,166
1618880700,1768.84,181
1618880760,1769.80,224
1618880820,1769.52,178
1618880880,1769.23,148
1618880940,1769.57,170
1618881000,1770.10,177
1618881060,1770.26,124
1618881120,1769.59,128
1618881180,1769.59,148
1618881240,1769.75,140
1618881300,1769.98,124
1618881360,1770.01,108
1618881420,1770.00,115
1618881480,1770.07,145
1618881540,1769.49,202
1618881600,1769.82,175
1618881660,1769.20,123
1618881720,1768.56,150
1618881780,1768.64,180
1618881840,1769.07,167
1618881900,1768.98,110
1618881960,1768.94,106
1618882020,1769.16,96
1618882080,1769.71,119
1618882140,1769.50,105
1618882200,1770.29,165
1618882260,1771.53,275
1618882320,1771.32,286
1618882380,1771.34,246
1618882440,1770.97,215
1618882500,1770.53,249
1618882560,1769.85,200
1618882620,1769.30,194
1618882680,1769.07,170
1618882740,1768.81,247
1618882800,1768.81,163
1618882860,1768.75,142
1618882920,1768.97,108
1618882980,1769.42,121
1618883040,1769.36,126
1618883100,1769.35,155
1618883160,1769.66,159
1618883220,1770.00,152
1618883280,1770.91,209
1618883340,1770.42,193
1618883400,1769.73,202
1618883460,1769.85,156
1618883520,1769.71,161
1618883580,1770.68,180
1618883640,1770.08,139
1618883700,1769.97,206
1618883760,1770.04,206
1618883820,1770.22,199
1618883880,1770.24,125
1618883940,1770.41,188
1618884000,1770.20,233
1618884060,1769.96,201
1618884120,1769.96,125
1618884180,1769.96,151
1618884240,1770.16,160
1618884300,1769.80,139
1618884360,1769.44,202
1618884420,1769.14,202
1618884480,1768.65,148
1618884540,1768.99,132
1618884600,1768.40,130
1618884660,1769.36,158
1618884720,1768.77,160
1618884780,1768.66,139
1618884840,1768.58,125
1618884900,1769.54,127
1618884960,1769.85,113
1618885020,1769.90,101
1618885080,1769.64,87
1618885140,1769.51,93
1618885200,1769.40,82
1618885260,1769.30,87
1618885320,1769.48,98
1618885380,1769.66,77
1618885440,1769.56,71
1618885500,1769.48,81
1618885560,1769.59,69
1618885620,1769.57,97
1618885680,1769.75,83
1618885740,1769.63,127
1618885800,1768.69,195
1618885860,1768.09,220
1618885920,1768.02,152
1618885980,1767.21,247
1618886040,1766.75,220
1618886100,1766.05,200
1618886160,1766.08,181
1618886220,1766.63,173
1618886280,1766.80,174
1618886340,1766.73,119
1618886400,1766.79,91
1618886460,1765.80,185
1618886520,1766.32,174
1618886580,1766.08,137
1618886640,1766.64,150
1618886700,1766.67,158
1618886760,1766.82,135
1618886820,1766.81,96
1618886880,1767.35,135
1618886940,1767.53,121
1618887000,1767.48,102
1618887060,1767.43,100
1618887120,1767.82,98
1618887180,1767.63,103
1618887240,1768.20,135
1618887300,1768.25,100
1618887360,1768.44,99
1618887420,1768.28,153
1618887480,1768.81,130
1618887540,1768.69,150
1618887600,1768.68,153
1618887660,1769.34,209
1618887720,1769.25,203
1618887780,1769.52,155
1618887840,1769.59,122
1618887900,1770.77,232
1618887960,1770.50,227
1618888020,1771.04,242
1618888080,1771.19,145
1618888140,1771.52,249
1618888200,1773.12,296
1618888260,1773.31,313
1618888320,1773.47,258
1618888380,1773.08,196
1618888440,1773.63,226
1618888500,1773.72,219
1618888560,1774.31,237
1618888620,1774.48,193
1618888680,1774.13,213
1618888740,1774.08,181
1618888800,1774.31,194
1618888860,1774.25,149
1618888920,1774.64,145
1618888980,1774.35,154
1618889040,1774.28,153
1618889100,1774.75,175
1618889160,1775.13,158
1618889220,1775.25,171
1618889280,1775.31,126
1618889340,1775.68,98
1618889400,1775.16,144
1618889460,1774.77,168
1618889520,1774.93,123
1618889580,1774.38,115
1618889640,1774.34,118
1618889700,1774.57,91
1618889760,1774.71,71
1618889820,1774.65,71
1618889880,1773.62,148
1618889940,1772.81,175
1618890000,1773.06,119
1618890060,1773.10,88
1618890120,1773.19,56
1618890180,1773.45,84
1618890240,1773.41,85
1618890300,1773.29,58
1618890360,1773.22,65
1618890420,1773.15,81
1618890480,1773.29,44
1618890540,1773.66,58
1618890600,1773.78,84
1618890660,1773.86,68
1618890720,1774.28,75
1618890780,1774.35,127
1618890840,1774.24,94
1618890900,1774.11,67
1618890960,1773.81,72
1618891020,1773.54,76
1618891080,1773.16,77
1618891140,1773.28,96
1618891200,1773.21,109
1618891260,1772.84,110
1618891320,1772.52,100
1618891380,1772.89,149
1618891440,1772.42,101
1618891500,1772.22,109
1618891560,1772.18,66
1618891620,1772.36,77
1618891680,1772.43,72
1618891740,1772.29,28
1618891800,1772.36,46
1618891860,1772.23,26
1618891920,1772.14,59
1618891980,1772.29,83
1618892040,1772.03,52
1618892100,1772.10,108
1618892160,1771.94,76
1618892220,1772.06,77
1618892280,1772.17,70
1618892340,1772.49,87
1618892400,1772.48,56
1618892460,1772.00,80
1618892520,1772.01,47
1618892580,1772.00,70
1618892640,1772.18,62
1618892700,1772.19,61
1618892760,1772.41,73
1618892820,1772.45,52
1618892880,1772.59,77
1618892940,1772.51,64
1618893000,1772.35,96
1618893060,1772.33,89
1618893120,1772.29,61
1618893180,1772.26,70
1618893240,1772.34,45
1618893300,1772.41,48
1618893360,1772.50,58
1618893420,1772.50,71
1618893480,1772.29,56
1618893540,1772.12,52
1618893600,1772.21,56
1618893660,1772.15,58
1618893720,1772.09,49
1618893780,1772.11,25
1618893840,1772.04,55
1618893900,1772.27,53
1618893960,1772.15,75
1618894020,1771.74,111
1618894080,1771.47,124
1618894140,1771.52,72
1618894200,1771.72,97
1618894260,1771.55,72
1618894320,1771.90,50
1618894380,1772.20,101
1618894440,1772.40,67
1618894500,1772.37,63
1618894560,1772.51,45
1618894620,1772.42,42
1618894680,1772.49,44
1618894740,1772.36,61
1618894800,1772.33,63
1618894860,1772.43,70
1618894920,1772.58,60
1618894980,1772.03,95
1618895040,1772.15,94
1618895100,1772.29,67
1618895160,1772.21,44
1618895220,1772.48,41
1618895280,1772.24,43
1618895340,1771.83,76
1618895400,1771.88,101
1618895460,1772.01,69
1618895520,1771.85,45
1618895580,1771.89,55
1618895640,1771.73,50
1618895700,1771.86,64
1618895760,1771.94,83
1618895820,1771.85,53
1618895880,1771.86,58
1618895940,1771.95,51
1618896000,1771.97,82
1618896060,1772.16,75
1618896120,1772.22,70
1618896180,1772.16,71
1618896240,1771.46,96
1618896300,1770.44,219
1618896360,1770.35,113
1618896420,1770.03,120
1618896480,1770.28,117
1618896540,1769.80,148
1618896600,1769.41,308
1618896660,1769.31,230
1618896720,1769.45,187
1618896780,1770.17,192
1618896840,1771.21,254
1618896900,1771.18,174
1618896960,1770.29,149
1618897020,1769.95,161
1618897080,1770.04,183
1618897140,1769.52,193
1618897200,1769.18,126
1618897260,1769.17,156
1618897320,1769.39,171
1618897380,1769.65,177
1618897440,1770.00,129
1618897500,1770.18,159
1618897560,1770.31,114
1618897620,1770.90,106
1618897680,1770.57,117
1618897740,1770.71,121
1618897800,1770.45,189
1618897860,1770.68,113
1618897920,1771.12,212
1618897980,1771.21,175
1618898040,1771.13,135
1618898100,1771.30,113
1618898160,1771.25,106
1618898220,1770.93,145
1618898280,1771.12,148
1618898340,1771.49,121
1618898400,1770.99,203
1618898460,1770.75,213
1618898520,1770.49,202
1618898580,1770.15,203
1618898640,1770.29,218
1618898700,1770.39,189
1618898760,1770.08,174
1618898820,1770.20,210
1618898880,1770.36,165
1618898940,1770.59,214
1618899000,1771.02,153
1618899060,1771.48,206
1618899120,1771.26,200
1618899180,1771.44,196
1618899240,1771.44,192
1618899300,1771.41,168
1618899360,1771.62,179
1618899420,1770.21,259
1618899480,1769.52,309
1618899540,1769.55,193
1618899600,1769.41,189
1618899660,1769.25,155
1618899720,1769.58,195
1618899780,1769.43,195
1618899840,1769.00,201
1618899900,1769.34,207
1618899960,1769.47,224
1618900020,1769.66,164
1618900080,1769.48,124
1618900140,1769.57,160
1618900200,1768.79,245
1618900260,1768.65,231
1618900320,1767.79,234
1618900380,1768.13,227
1618900440,1768.60,232
1618900500,1767.99,258
1618900560,1767.92,224
1618900620,1768.39,191
1618900680,1768.39,208
1618900740,1768.01,182
1618900800,1768.42,267
1618900860,1767.77,233
1618900920,1767.99,252
1618900980,1767.89,214
1618901040,1768.03,243
1618901100,1769.07,237
1618901160,1769.92,229
1618901220,1769.55,215
1618901280,1769.15,252
1618901340,1769.38,229
1618901400,1769.16,199
1618901460,1769.18,148
1618901520,1769.11,164
1618901580,1769.21,179
1618901640,1769.26,174
1618901700,1769.08,146
1618901760,1769.06,181
1618901820,1768.81,192
1618901880,1769.06,207
1618901940,1770.25,231
1618902000,1769.28,222
1618902060,1769.57,222
1618902120,1769.73,240
1618902180,1769.65,274
1618902240,1769.75,213
1618902300,1769.80,208
1618902360,1770.14,266
1618902420,1769.40,186
1618902480,1768.89,238
1618902540,1768.89,223
1618902600,1768.65,187
1618902660,1768.26,144
1618902720,1767.40,210
1618902780,1768.06,235
1618902840,1768.23,168
1618902900,1768.76,206
1618902960,1768.59,192
1618903020,1768.41,180
1618903080,1768.79,133
1618903140,1768.67,158
1618903200,1769.54,213
1618903260,1768.99,217
1618903320,1769.50,113
1618903380,1769.41,173
1618903440,1769.49,102
1618903500,1769.71,136
1618903560,1769.55,140
1618903620,1769.02,118
1618903680,1769.01,112
1618903740,1768.86,99
1618903800,1769.06,120
1618903860,1769.12,164
1618903920,1769.05,142
1618903980,1769.66,113
1618904040,1770.19,181
1618904100,1771.07,182
1618904160,1772.57,298
1618904220,1773.21,305
1618904280,1773.36,252
1618904340,1773.08,203
1618904400,1773.77,197
1618904460,1773.72,191
1618904520,1774.22,237
1618904580,1774.07,187
1618904640,1774.07,155
1618904700,1773.96,161
1618904760,1773.41,182
1618904820,1773.70,192
1618904880,1773.58,144
1618904940,1773.19,190
1618905000,1772.73,162
1618905060,1772.85,122
1618905120,1772.60,121
1618905180,1772.66,149
1618905240,1772.70,113
1618905300,1772.21,130
1618905360,1771.96,114
1618905420,1771.52,140
1618905480,1771.80,146
1618905540,1771.91,124
1618905600,1771.82,174
1618905660,1771.45,141
1618905720,1770.99,177
1618905780,1770.05,232
1618905840,1770.13,179
1618905900,1769.92,180
1618905960,1769.80,175
1618906020,1768.85,202
1618906080,1768.31,173
1618906140,1768.82,271
1618906200,1769.05,252
1618906260,1769.09,211
1618906320,1769.04,178
1618906380,1769.14,137
1618906440,1768.97,118
1618906500,1768.65,163
1618906560,1769.10,145
1618906620,1769.03,143
1618906680,1768.89,140
1618906740,1768.88,102
1618906800,1768.78,131
1618906860,1769.19,161
1618906920,1769.82,166
1618906980,1770.04,152
1618907040,1770.24,172
1618907100,1769.90,161
1618907160,1769.19,203
1618907220,1767.81,177
1618907280,1765.53,382
1618907340,1766.70,331
1618907400,1766.92,235
1618907460,1766.65,228
1618907520,1766.83,206
1618907580,1767.21,199
1618907640,1767.64,129
1618907700,1767.39,110
1618907760,1767.77,148
1618907820,1767.33,124
1618907880,1765.70,246
1618907940,1765.76,243
1618908000,1767.06,210
1618908060,1766.97,190
1618908120,1768.32,190
1618908180,1768.60,140
1618908240,1768.68,157
1618908300,1768.92,149
1618908360,1769.47,226
1618908420,1769.32,214
1618908480,1769.55,148
1618908540,1769.35,93
1618908600,1769.29,155
1618908660,1769.30,177
1618908720,1768.28,135
1618908780,1768.25,142
1618908840,1768.34,156
1618908900,1768.24,188
1618908960,1768.02,209
1618909020,1767.89,153
1618909080,1767.77,166
1618909140,1768.24,163
1618909200,1768.49,169
1618909260,1768.33,156
1618909320,1768.43,129
1618909380,1768.31,98
1618909440,1768.04,161
1618909500,1767.88,135
1618909560,1767.07,152
1618909620,1766.90,123
1618909680,1766.76,122
1618909740,1767.31,148
1618909800,1767.51,87
1618909860,1767.97,118
1618909920,1767.60,139
1618909980,1767.15,105
1618910040,1767.39,105
1618910100,1766.96,119
1618910160,1766.66,143
1618910220,1766.69,116
1618910280,1766.56,189
1618910340,1766.42,136
1618910400,1767.30,148
1618910460,1767.37,88
1618910520,1766.84,108
1618910580,1766.27,107
1618910640,1765.82,187
1618910700,1766.84,241
1618910760,1767.01,176
1618910820,1766.65,162
1618910880,1766.42,160
1618910940,1766.98,173
1618911000,1766.06,243
1618911060,1765.58,256
1618911120,1765.69,204
1618911180,1765.67,197
1618911240,1765.00,213
1618911300,1764.30,277
1618911360,1764.44,269
1618911420,1763.87,211
1618911480,1764.12,254
1618911540,1764.80,231
1618911600,1765.33,215
1618911660,1765.71,160
1618911720,1765.39,205
1618911780,1764.55,200
1618911840,1764.81,202
1618911900,1764.85,245
1618911960,1765.05,217
1618912020,1765.13,187
1618912080,1765.92,195
1618912140,1765.90,178
1618912200,1765.88,129
1618912260,1766.79,296
1618912320,1767.72,215
1618912380,1767.54,169
1618912440,1767.82,144
1618912500,1768.36,201
1618912560,1768.88,157
1618912620,1768.32,161
1618912680,1769.28,227
1618912740,1770.16,274
1618912800,1769.02,285
1618912860,1768.90,213
1618912920,1768.92,126
1618912980,1769.13,162
1618913040,1768.10,193
1618913100,1767.79,181
1618913160,1768.10,193
1618913220,1767.59,172
1618913280,1767.81,153
1618913340,1767.62,165
1618913400,1767.54,164
1618913460,1768.08,213
1618913520,1767.52,207
1618913580,1767.72,166
1618913640,1767.81,170
1618913700,1768.72,172
1618913760,1768.93,159
1618913820,1769.32,202
1618913880,1769.06,208
1618913940,1769.26,242
1618914000,1769.64,136
1618914060,1769.81,216
1618914120,1769.42,188
1618914180,1769.11,190
1618914240,1768.53,151
1618914300,1768.92,183
1618914360,1768.77,167
1618914420,1768.65,101
1618914480,1768.90,119
1618914540,1769.49,138
1618914600,1769.17,178
1618914660,1768.77,152
1618914720,1769.09,145
1618914780,1768.62,121
1618914840,1768.51,157
1618914900,1769.59,126
1618914960,1769.66,128
1618915020,1771.18,226
1618915080,1770.97,205
1618915140,1770.16,175
1618915200,1770.25,160
1618915260,1770.24,143
1618915320,1770.04,139
1618915380,1769.76,194
1618915440,1770.56,296
1618915500,1770.80,257
1618915560,1771.62,251
1618915620,1771.49,217
1618915680,1771.58,109
1618915740,1771.60,107
1618915800,1771.27,189
1618915860,1771.42,162
1618915920,1771.18,188
1618915980,1771.99,203
1618916040,1771.19,188
1618916100,1770.82,140
1618916160,1770.87,131
1618916220,1770.60,186
1618916280,1770.39,158
1618916340,1770.98,134
1618916400,1771.70,234
1618916460,1771.93,198
1618916520,1771.88,187
1618916580,1772.30,187
1618916640,1772.80,217
1618916700,1773.26,227
1618916760,1773.88,209
1618916820,1773.49,219
1618916880,1773.66,189
1618916940,1773.51,202
1618917000,1772.73,247
1618917060,1772.56,193
1618917120,1772.79,122
1618917180,1772.87,98
1618917240,1772.39,151
1618917300,1772.99,161
1618917360,1773.24,116
1618917420,1773.02,114
1618917480,1773.73,187
1618917540,1773.99,250
1618917600,1774.28,195
1618917660,1773.76,206
1618917720,1774.32,184
1618917780,1774.66,207
1618917840,1774.44,195
1618917900,1775.03,179
1618917960,1774.62,118
1618918020,1774.57,182
1618918080,1773.94,131
1618918140,1774.26,162
1618918200,1774.28,176
1618918260,1774.32,164
1618918320,1774.30,119
1618918380,1774.33,204
1618918440,1774.39,136
1618918500,1774.13,128
1618918560,1774.42,127
1618918620,1774.55,124
1618918680,1773.83,180
1618918740,1773.44,143
1618918800,1774.02,160
1618918860,1774.21,114
1618918920,1774.27,105
1618918980,1774.00,128
1618919040,1774.29,83
1618919100,1774.70,95
1618919160,1774.78,150
1618919220,1774.50,132
1618919280,1775.06,106
1618919340,1775.04,226
1618919400,1774.79,157
1618919460,1774.37,131
1618919520,1774.56,85
1618919580,1774.45,66
1618919640,1774.50,95
1618919700,1774.58,117
1618919760,1774.37,143
1618919820,1774.28,162
1618919880,1773.68,170
1618919940,1773.31,200
1618920000,1773.36,219
1618920060,1773.36,208
1618920120,1773.05,147
1618920180,1772.65,234
1618920240,1772.54,226
1618920300,1772.20,193
1618920360,1771.85,214
1618920420,1771.53,159
1618920480,1771.66,199
1618920540,1772.15,191
1618920600,1771.73,120
1618920660,1770.41,185
1618920720,1770.50,234
1618920780,1770.49,216
1618920840,1770.20,150
1618920900,1771.18,179
1618920960,1771.23,133
1618921020,1772.45,142
1618921080,1772.21,152
1618921140,1772.65,287
1618921200,1773.60,287
1618921260,1772.21,260
1618921320,1770.78,251
1618921380,1770.66,284
1618921440,1770.74,307
1618921500,1771.08,199
1618921560,1770.68,204
1618921620,1771.12,227
1618921680,1771.32,182
1618921740,1771.17,196
1618921800,1770.19,241
1618921860,1768.70,379
1618921920,1768.12,324
1618921980,1768.01,290
1618922040,1766.94,343
1618922100,1767.76,289
1618922160,1768.45,246
1618922220,1768.10,267
1618922280,1766.93,240
1618922340,1767.36,221
1618922400,1767.17,237
1618922460,1767.07,211
1618922520,1766.94,221
1618922580,1767.03,291
1618922640,1767.42,261
1618922700,1767.23,250
1618922760,1767.97,222
1618922820,1768.28,212
1618922880,1767.90,225
1618922940,1768.46,202
1618923000,1769.51,288
1618923060,1768.93,209
1618923120,1768.49,171
1618923180,1769.42,200
1618923240,1769.67,186
1618923300,1769.97,184
1618923360,1770.09,197
1618923420,1770.20,171
1618923480,1769.23,243
1618923540,1769.54,258
1618923600,1768.34,353
1618923660,1768.42,315
1618923720,1768.68,259
1618923780,1766.80,315
1618923840,1766.90,272
1618923900,1766.23,311
1618923960,1767.87,310
1618924020,1768.50,260
1618924080,1768.56,214
1618924140,1769.15,226
1618924200,1769.34,225
1618924260,1769.13,230
1618924320,1768.21,232
1618924380,1768.35,184
1618924440,1768.58,189
1618924500,1768.23,177
1618924560,1767.51,232
1618924620,1767.91,159
1618924680,1767.74,199
1618924740,1767.64,173
1618924800,1767.91,230
1618924860,1767.76,161
1618924920,1768.24,177
1618924980,1768.43,252
1618925040,1768.68,202
1618925100,1769.34,246
1618925160,1768.59,209
1618925220,1768.67,155
1618925280,1767.82,183
1618925340,1768.20,171
1618925400,1769.47,313
1618925460,1769.71,374
1618925520,1769.39,320
1618925580,1769.00,312
1618925640,1769.08,272
1618925700,1769.14,313
1618925760,1769.85,295
1618925820,1770.65,314
1618925880,1771.30,320
1618925940,1770.74,329
1618926000,1771.28,337
1618926060,1771.27,293
1618926120,1772.37,353
1618926180,1772.41,290
1618926240,1772.41,239
1618926300,1772.31,325
1618926360,1772.23,309
1618926420,1771.89,240
1618926480,1772.75,236
1618926540,1772.70,319
1618926600,1773.26,280
1618926660,1773.29,287
1618926720,1773.47,210
1618926780,1773.56,281
1618926840,1773.19,280
1618926900,1773.05,240
1618926960,1773.24,258
1618927020,1773.15,275
1618927080,1773.35,285
1618927140,1773.57,268
1618927200,1775.92,382
1618927260,1776.13,387
1618927320,1775.28,354
1618927380,1776.57,375
1618927440,1775.48,336
1618927500,1776.70,301
1618927560,1776.75,325
1618927620,1776.98,298
1618927680,1777.42,335
1618927740,1777.21,282
1618927800,1777.73,313
1618927860,1777.07,294
1618927920,1777.23,283
1618927980,1776.52,239
1618928040,1776.23,308
1618928100,1776.71,314
1618928160,1777.39,279
1618928220,1777.31,276
1618928280,1777.58,285
1618928340,1777.67,228
1618928400,1777.13,263
1618928460,1775.94,274
1618928520,1775.71,310
1618928580,1775.18,333
1618928640,1774.88,289
1618928700,1775.75,270
1618928760,1774.89,265
1618928820,1775.93,230
1618928880,1776.66,249
1618928940,1777.13,272
1618929000,1777.59,323
1618929060,1778.15,289
1618929120,1776.67,314
1618929180,1776.64,221
1618929240,1776.17,196
1618929300,1776.87,296
1618929360,1775.74,278
1618929420,1776.73,275
1618929480,1776.95,256
1618929540,1776.67,262
1618929600,1775.36,254
1618929660,1774.83,310
1618929720,1774.97,255
1618929780,1775.10,249
1618929840,1774.63,272
1618929900,1773.52,252
1618929960,1773.92,307
1618930020,1773.92,328
1618930080,1775.06,289
1618930140,1774.87,250
1618930200,1775.45,253
1618930260,1774.83,281
1618930320,1773.49,320
1618930380,1774.42,363
1618930440,1774.09,346
1618930500,1775.81,350
1618930560,1775.62,368
1618930620,1776.00,274
1618930680,1775.61,289
1618930740,1775.62,266
1618930800,1775.73,333
1618930860,1775.39,284
1618930920,1774.09,330
1618930980,1775.83,303
1618931040,1775.71,270
1618931100,1774.72,253
1618931160,1775.35,267
1618931220,1775.39,225
1618931280,1775.61,247
1618931340,1776.19,268
1618931400,1776.28,255
1618931460,1776.15,246
1618931520,1776.01,206
1618931580,1775.79,221
1618931640,1775.72,224
1618931700,1775.76,262
1618931760,1775.76,284
1618931820,1775.25,230
1618931880,1775.54,251
1618931940,1775.28,217
1618932000,1775.80,286
1618932060,1775.71,294
1618932120,1775.91,295
1618932180,1774.55,275
1618932240,1774.41,333
1618932300,1773.79,280
1618932360,1774.73,305
1618932420,1774.80,246
1618932480,1774.66,173
1618932540,1774.71,239
1618932600,1774.93,227
1618932660,1775.31,242
1618932720,1775.41,218
1618932780,1775.88,222
1618932840,1775.60,232
1618932900,1775.81,194
1618932960,1775.82,235
1618933020,1775.83,230
1618933080,1776.26,188
1618933140,1776.38,252
1618933200,1776.87,207
1618933260,1777.86,250
1618933320,1778.93,356
1618933380,1779.74,266
1618933440,1778.58,308
1618933500,1779.43,254
1618933560,1779.76,253
1618933620,1779.02,234
1618933680,1778.93,213
1618933740,1778.83,199
1618933800,1778.65,208
1618933860,1778.67,192
1618933920,1778.88,185
1618933980,1778.84,191
1618934040,1778.74,233
1618934100,1779.19,188
1618934160,1778.88,217
1618934220,1778.98,185
1618934280,1778.47,162
1618934340,1778.78,157
1618934400,1778.76,195
1618934460,1778.34,200
1618934520,1778.22,215
1618934580,1777.99,190
1618934640,1777.46,237
1618934700,1777.46,156
1618934760,1777.77,193
1618934820,1778.06,129
1618934880,1778.19,88
1618934940,1778.48,129
1618935000,1778.37,97
1618935060,1778.54,121
1618935120,1778.79,124
1618935180,1778.99,143
1618935240,1779.25,114
1618935300,1779.92,188
1618935360,1778.93,232
1618935420,1778.66,179
1618935480,1778.51,146
1618935540,1778.95,148
1618935600,1778.66,156
1618935660,1779.60,172
1618935720,1779.69,172
1618935780,1779.98,134
1618935840,1780.20,150
1618935900,1780.05,119
1618935960,1779.86,121
1618936020,1780.12,142
1618936080,1780.14,125
1618936140,1780.17,107
1618936200,1779.95,188
1618936260,1780.22,112
1618936320,1780.23,154
1618936380,1780.13,94
1618936440,1779.84,130
1618936500,1779.60,111
1618936560,1779.22,155
1618936620,1778.83,177
1618936680,1779.18,137
1618936740,1778.85,132
1618936800,1778.66,153
1618936860,1778.63,95
1618936920,1778.48,114
1618936980,1778.51,137
1618937040,1778.55,119
1618937100,1778.93,147
1618937160,1778.77,109
1618937220,1778.46,91
1618937280,1778.64,80
1618937340,1778.07,136
1618937400,1778.37,161
1618937460,1778.27,117
1618937520,1778.30,112
1618937580,1778.17,129
1618937640,1777.69,154
1618937700,1777.97,115
1618937760,1777.77,128
1618937820,1777.97,140
1618937880,1777.57,125
1618937940,1778.02,89
1618938000,1777.95,161
1618938060,1778.64,162
1618938120,1778.61,160
1618938180,1779.02,130
1618938240,1778.83,164
1618938300,1778.72,135
1618938360,1778.83,100
1618938420,1778.70,139
1618938480,1778.79,76
1618938540,1779.07,109
1618938600,1778.69,157
1618938660,1778.62,126
1618938720,1778.85,124
1618938780,1779.16,96
1618938840,1779.20,184
1618938900,1779.44,102
1618938960,1778.96,161
1618939020,1779.10,116
1618939080,1779.12,98
1618939140,1779.38,148
1618939200,1779.66,157
1618939260,1779.35,144
1618939320,1779.31,127
1618939380,1778.76,179
1618939440,1778.25,193
1618939500,1778.45,172
1618939560,1778.71,142
1618939620,1778.45,125
1618939680,1778.12,127
1618939740,1778.50,219
1618939800,1778.40,154
1618939860,1777.91,132
1618939920,1778.40,126
1618939980,1778.33,86
1618940040,1778.39,130
1618940100,1778.34,107
1618940160,1778.45,116
1618940220,1778.55,85
1618940280,1778.48,86
1618940340,1778.56,80
1618940400,1778.15,73
1618940460,1778.44,34
1618940520,1778.35,31
1618940580,1778.43,43
1618940640,1778.34,71
1618940700,1778.32,91
1618940760,1778.32,45
1618940820,1778.23,76
1618940880,1778.22,81
1618940940,1778.12,40
1618941000,1778.12,23
1618941060,1778.22,28
1618941120,1778.43,53
1618941180,1778.32,63
1618941240,1778.23,45
1618941300,1777.94,66
1618941360,1777.85,78
1618941420,1777.75,60
1618941480,1777.55,60
1618941540,1777.63,89
1618941600,1777.84,79
1618941660,1778.05,43
1618941720,1778.35,89
1618941780,1778.46,64
1618941840,1778.55,83
1618941900,1778.34,65
1618941960,1778.63,91
1618942020,1778.61,89
1618942080,1778.46,74
1618942140,1778.45,109
1618942200,1778.26,46
1618942260,1778.11,70
1618942320,1778.10,68
1618942380,1777.61,87
1618942440,1777.86,129
1618942500,1777.75,92
1618942560,1778.11,92
1618942620,1778.16,101
1618942680,1778.14,82
1618942740,1778.10,86
1618942800,1778.09,81
1618942860,1778.05,57
1618942920,1778.08,61
1618942980,1777.96,77
1618943040,1777.95,57
1618943100,1777.46,97
1618943160,1777.46,133
1618943220,1777.65,72
1618943280,1777.74,67
1618943340,1777.54,84
1618943400,1777.88,80
1618943460,1777.83,63
1618943520,1777.76,63
1618943580,1777.54,57
1618943640,1777.31,90
1618943700,1777.32,66
1618943760,1777.42,55
1618943820,1777.28,69
1618943880,1777.44,55
1618943940,1777.57,48
1618944000,1777.66,63
1618944060,1777.73,59
1618944120,1777.37,78
1618944180,1777.23,117
1618944240,1777.54,126
1618944300,1777.28,58
1618944360,1777.53,121
1618944420,1777.81,108
1618944480,1777.87,63
1618944540,1777.95,54
1618944600,1777.75,103
1618944660,1778.23,93
1618944720,1778.02,83
1618944780,1777.94,63
1618944840,1777.89,99
1618944900,1777.74,110
1618944960,1777.80,102
1618945020,1778.03,97
1618945080,1777.76,75
1618945140,1777.83,164
1618945200,1777.85,93
1618945260,1777.97,72
1618945320,1778.18,50
1618945380,1778.02,83
1618945440,1778.23,88
1618945500,1778.18,87
1618945560,1778.17,67
1618945620,1778.29,70
1618945680,1778.08,52
1618945740,1778.27,34
1618945800,1778.19,31
1618945860,1778.37,42
1618945920,1778.57,57
1618945980,1778.90,76
1618946040,1779.39,112
1618946100,1779.04,143
1618946160,1778.95,76
1618946220,1778.82,75
1618946280,1778.49,84
1618946340,1777.71,82
1618946400,1777.57,100
1618946460,1777.92,71
1618946520,1777.74,61
1618946580,1777.75,50
1618946640,1777.91,57
1618946700,1777.79,59
1618946760,1777.39,45
1618946820,1777.62,38
1618946880,1777.48,81
1618946940,1777.54,69
1618947000,1777.52,49
1618947060,1777.51,66
1618947120,1777.63,56
1618947180,1777.48,29
1618947240,1777.40,27
1618947300,1777.50,37
1618947360,1777.43,55
1618947420,1777.40,86
1618947480,1777.50,50
1618947540,1777.48,41
1618947600,1777.68,71
1618947660,1777.75,76
1618947720,1777.77,26
1618947780,1777.80,41
1618947840,1777.95,70
1618947900,1777.87,67
1618947960,1777.96,74
1618948020,1777.96,18
1618948080,1777.96,42
1618948140,1777.85,35
1618948200,1777.74,57
1618948260,1777.76,69
1618948320,1777.92,62
1618948380,1778.05,77
1618948440,1778.14,99
1618948500,1777.81,57
1618948560,1777.61,76
1618948620,1777.52,68
1618948680,1777.53,51
1618948740,1777.40,126
1618948800,1777.22,157
1618948860,1777.51,54
1618948920,1777.42,48
1618948980,1777.65,83
1618949040,1777.78,26
1618949100,1778.04,64
1618949160,1778.16,36
1618949220,1778.35,39
1618949280,1778.42,42
1618949340,1778.44,21
1618949400,1778.43,38
1618949460,1778.73,34
1618949520,1778.65,29
1618949580,1778.85,28
1618949640,1778.98,57
1618949700,1779.04,72
1618949760,1778.98,37
1618949820,1778.88,13
1618949880,1778.94,18
1618949940,1778.93,28
1618950000,1778.89,31
1618950060,1778.88,4
1618950120,1778.95,25
1618950180,1778.88,32
1618950240,1778.87,57
1618950300,1778.84,21
1618950360,1778.92,31
1618950420,1779.02,28
1618950480,1779.03,42
1618950540,1779.04,58
1618950600,1779.14,49
1618950660,1779.15,27
1618950720,1779.15,31
1618950780,1779.06,47
1618950840,1779.24,43
1618950900,1779.05,20
1618950960,1778.85,50
1618951020,1778.74,39
1618951080,1778.64,26
1618951140,1778.12,49
1618951200,1778.40,58
1618951260,1778.28,34
1618951320,1778.18,35
1618951380,1778.18,26
1618951440,1777.99,36
1618951500,1778.27,80
1618951560,1778.18,42
1618951620,1778.24,7
1618951680,1778.15,20
1618951740,1777.98,92
1618951800,1778.35,62
1618951860,1778.26,15
1618951920,1778.68,35
1618951980,1778.65,36
1618952040,1778.69,46
1618952100,1778.54,77
1618952160,1778.64,25
1618956120,1778.27,51
1618956180,1778.34,35
1618956240,1778.18,33
1618956300,1778.06,50
1618956360,1778.17,39
1618956420,1778.15,30
1618956480,1778.25,29
1618956540,1778.14,29
1618956600,1778.17,29
1618956660,1778.05,24
1618956720,1777.94,26
1618956780,1777.68,35
1618956840,1777.82,36
1618956900,1778.15,42
1618956960,1778.15,15
1618957020,1777.94,20
1618957080,1777.94,10
1618957140,1777.83,14
1618957200,1777.72,15
1618957260,1777.80,12
1618957320,1777.78,20
1618957380,1777.96,23
1618957440,1778.18,29
1618957500,1778.15,21
1618957560,1778.15,22
1618957620,1778.06,45
1618957680,1778.12,33
1618957740,1778.10,31
1618957800,1778.21,24
1618957860,1778.08,24
1618957920,1778.22,8
1618957980,1778.40,18
1618958040,1778.40,5
1618958100,1778.41,14
1618958160,1778.51,28
1618958220,1778.82,20
1618958280,1778.71,44
1618958340,1778.41,23
1618958400,1778.50,16
1618958460,1778.42,27
1618958520,1778.57,25
1618958580,1778.12,49
1618958640,1778.21,12
1618958700,1778.51,15
1618958760,1778.41,21
1618958820,1778.22,13
1618958880,1778.21,10
1618958940,1778.41,26
1618959000,1778.61,31
1618959060,1778.61,11
1618959120,1778.61,29
1618959180,1778.81,29
1618959240,1778.81,10
1618959300,1778.81,22
1618959360,1778.52,31
1618959420,1778.61,21
1618959480,1778.55,23
1618959540,1778.31,32
1618959600,1778.11,40
1618959660,1778.23,40
1618959720,1778.31,12
1618959780,1778.25,27
1618959840,1778.03,41
1618959900,1777.93,25
1618959960,1777.95,39
1618960020,1778.01,25
1618960080,1777.91,22
1618960140,1777.93,24
1618960200,1777.77,43
1618960260,1777.69,25
1618960320,1777.77,35
1618960380,1777.74,42
1618960440,1777.84,54
1618960500,1777.70,42
1618960560,1777.55,31
1618960620,1777.66,22
1618960680,1777.66,50
1618960740,1777.63,8
1618960800,1777.47,22
1618960860,1777.57,23
1618960920,1777.23,39
1618960980,1777.15,41
1618961040,1777.10,36
1618961100,1777.13,23
1618961160,1777.06,29
1618961220,1777.45,27
1618961280,1777.24,28
1618961340,1777.05,35
1618961400,1776.98,43
1618961460,1776.51,109
1618961520,1776.43,84
1618961580,1776.63,78
1618961640,1777.42,80
1618961700,1777.55,81
1618961760,1776.97,80
1618961820,1777.17,71
1618961880,1777.10,44
1618961940,1777.42,47
1618962000,1777.45,36
1618962060,1777.22,44
1618962120,1777.40,42
1618962180,1777.59,57
1618962240,1777.55,66
1618962300,1777.38,40
1618962360,1777.10,37
1618962420,1777.28,34
1618962480,1776.99,36
1618962540,1776.94,36
1618962600,1776.90,15
1618962660,1776.99,21
1618962720,1776.90,21
1618962780,1776.70,38
1618962840,1776.70,43
1618962900,1777.00,45
1618962960,1776.98,59
1618963020,1776.86,46
1618963080,1776.77,48
1618963140,1776.77,70
1618963200,1776.99,115
1618963260,1777.14,62
1618963320,1776.84,89
1618963380,1776.82,77
1618963440,1776.80,67
1618963500,1776.79,92
1618963560,1776.78,55
1618963620,1776.76,35
1618963680,1777.13,80
1618963740,1777.47,81
1618963800,1777.70,61
1618963860,1777.58,74
1618963920,1777.63,61
1618963980,1777.94,72
1618964040,1778.05,59
1618964100,1778.62,67
1618964160,1779.49,161
1618964220,1779.00,111
1618964280,1779.84,75
1618964340,1779.97,84
1618964400,1779.47,89
1618964460,1779.19,135
1618964520,1778.71,169
1618964580,1778.70,92
1618964640,1778.89,51
1618964700,1778.78,66
1618964760,1778.58,99
1618964820,1778.99,62
1618964880,1778.96,72
1618964940,1778.51,70
1618965000,1778.57,52
1618965060,1778.43,87
1618965120,1779.00,84
1618965180,1778.87,96
1618965240,1778.45,99
1618965300,1778.39,73
1618965360,1778.64,85
1618965420,1778.72,82
1618965480,1778.62,114
1618965540,1778.36,86
1618965600,1778.78,86
1618965660,1778.64,81
1618965720,1779.42,120
1618965780,1779.36,75
1618965840,1778.88,104
1618965900,1779.09,104
1618965960,1779.10,100
1618966020,1779.20,81
1618966080,1779.10,101
1618966140,1778.57,132
1618966200,1778.39,128
1618966260,1777.91,104
1618966320,1778.32,142
1618966380,1777.99,128
1618966440,1777.91,104
1618966500,1777.89,161
1618966560,1777.62,140
1618966620,1777.39,128
1618966680,1777.30,129
1618966740,1777.39,125
1618966800,1779.03,328
1618966860,1779.01,198
1618966920,1779.57,194
1618966980,1780.26,236
1618967040,1780.46,235
1618967100,1780.66,237
1618967160,1780.64,281
1618967220,1780.11,195
1618967280,1780.09,144
1618967340,1780.12,123
1618967400,1779.20,151
1618967460,1779.26,88
1618967520,1778.80,124
1618967580,1778.76,174
1618967640,1778.37,154
1618967700,1777.82,280
1618967760,1778.13,263
1618967820,1777.94,220
1618967880,1777.17,164
1618967940,1777.67,144
1618968000,1777.73,144
1618968060,1777.78,98
1618968120,1778.65,164
1618968180,1778.36,172
1618968240,1779.06,185
1618968300,1779.38,163
1618968360,1779.61,159
1618968420,1780.02,169
1618968480,1779.48,164
1618968540,1779.44,119
1618968600,1780.29,219
1618968660,1779.81,221
1618968720,1780.82,211
1618968780,1780.65,209
1618968840,1781.06,174
1618968900,1780.98,164
1618968960,1781.23,189
1618969020,1781.14,162
1618969080,1781.41,176
1618969140,1782.13,117
1618969200,1781.90,153
1618969260,1782.39,152
1618969320,1781.78,149
1618969380,1781.29,116
1618969440,1781.78,190
1618969500,1781.59,136
1618969560,1781.50,133
1618969620,1781.36,145
1618969680,1781.37,185
1618969740,1781.70,147
1618969800,1781.63,116
1618969860,1781.66,129
1618969920,1781.65,90
1618969980,1781.62,99
1618970040,1781.28,102
1618970100,1781.04,104
1618970160,1780.77,74
1618970220,1780.62,84
1618970280,1780.95,125
1618970340,1780.95,126
1618970400,1780.36,124
1618970460,1780.23,189
1618970520,1780.32,161
1618970580,1779.93,163
1618970640,1780.28,147
1618970700,1780.08,136
1618970760,1780.38,169
1618970820,1780.56,136
1618970880,1780.01,114
1618970940,1779.81,105
1618971000,1780.14,106
1618971060,1780.61,182
1618971120,1780.73,125
1618971180,1781.23,156
1618971240,1781.24,143
1618971300,1781.01,81
1618971360,1781.11,58
1618971420,1781.29,111
1618971480,1781.21,70
1618971540,1781.22,76
1618971600,1781.01,68
1618971660,1780.92,64
1618971720,1781.19,61
1618971780,1780.92,54
1618971840,1781.04,88
1618971900,1780.95,58
1618971960,1781.14,75
1618972020,1781.31,72
1618972080,1781.01,46
1618972140,1780.82,61
1618972200,1782.01,137
1618972260,1782.02,131
1618972320,1782.18,114
1618972380,1782.48,103
1618972440,1782.22,156
1618972500,1782.53,134
1618972560,1782.55,80
1618972620,1781.70,105
1618972680,1781.40,85
1618972740,1780.88,104
1618972800,1781.01,129
1618972860,1780.67,105
1618972920,1780.39,100
1618972980,1780.47,159
1618973040,1780.44,110
1618973100,1780.54,102
1618973160,1780.73,107
1618973220,1780.70,109
1618973280,1780.69,80
1618973340,1780.65,103
1618973400,1781.03,121
1618973460,1781.09,121
1618973520,1781.26,131
1618973580,1781.30,117
1618973640,1781.94,102
1618973700,1782.07,116
1618973760,1782.03,72
1618973820,1782.37,93
1618973880,1782.57,148
1618973940,1782.72,77
1618974000,1782.74,138
1618974060,1782.69,77
1618974120,1782.74,69
1618974180,1782.60,86
1618974240,1782.63,81
1618974300,1782.45,100
1618974360,1782.60,78
1618974420,1782.68,73
1618974480,1782.89,137
1618974540,1783.00,141
1618974600,1783.60,169
1618974660,1784.44,185
1618974720,1784.01,146
1618974780,1784.10,119
1618974840,1784.28,77
1618974900,1784.53,170
1618974960,1784.40,124
1618975020,1783.90,113
1618975080,1783.78,110
1618975140,1782.88,106
1618975200,1782.71,105
1618975260,1782.64,120
1618975320,1782.62,55
1618975380,1782.71,58
1618975440,1782.75,75
1618975500,1782.75,115
1618975560,1782.19,101
1618975620,1782.22,63
1618975680,1782.29,80
1618975740,1782.10,101
1618975800,1782.30,78
1618975860,1782.60,68
1618975920,1782.65,90
1618975980,1782.72,89
1618976040,1782.72,42
1618976100,1782.68,76
1618976160,1782.34,99
1618976220,1782.53,91
1618976280,1782.19,123
1618976340,1782.35,93
1618976400,1782.41,64
1618976460,1782.44,117
1618976520,1782.35,34
1618976580,1782.64,56
1618976640,1782.73,73
1618976700,1782.72,68
1618976760,1782.51,75
1618976820,1782.31,52
1618976880,1782.02,71
1618976940,1781.81,55
1618977000,1781.98,59
1618977060,1781.92,41
1618977120,1781.82,46
1618977180,1782.00,58
1618977240,1782.11,51
1618977300,1782.20,54
1618977360,1782.31,61
1618977420,1782.29,45
1618977480,1782.27,29
1618977540,1782.07,35
1618977600,1782.36,76
1618977660,1782.35,43
1618977720,1782.25,66
1618977780,1781.93,68
1618977840,1781.70,80
1618977900,1782.00,92
1618977960,1781.77,81
1618978020,1781.78,101
1618978080,1782.00,66
1618978140,1781.82,56
1618978200,1781.68,99
1618978260,1781.64,57
1618978320,1781.58,47
1618978380,1781.58,34
1618978440,1781.61,56
1618978500,1781.59,49
1618978560,1781.67,52
1618978620,1781.88,20
1618978680,1782.14,71
1618978740,1782.16,35
1618978800,1781.77,61
1618978860,1781.93,54
1618978920,1781.88,38
1618978980,1781.96,35
1618979040,1782.06,47
1618979100,1781.95,26
1618979160,1781.85,53
1618979220,1781.56,58
1618979280,1781.67,36
1618979340,1781.56,88
1618979400,1781.77,60
1618979460,1782.10,92
1618979520,1782.01,49
1618979580,1781.97,21
1618979640,1781.66,56
1618979700,1781.58,35
1618979760,1781.47,50
1618979820,1781.19,107
1618979880,1781.09,108
1618979940,1781.11,67
1618980000,1781.26,77
1618980060,1781.00,66
1618980120,1781.00,36
1618980180,1780.73,80
1618980240,1780.47,81
1618980300,1780.67,27
1618980360,1780.37,53
1618980420,1780.46,66
1618980480,1780.53,71
1618980540,1780.86,76
1618980600,1780.80,79
1618980660,1780.86,51
1618980720,1780.68,88
1618980780,1780.92,78
1618980840,1780.90,39
1618980900,1781.32,61
1618980960,1781.13,63
1618981020,1781.10,51
1618981080,1781.27,35
1618981140,1781.17,46
1618981200,1781.46,122
1618981260,1781.27,81
1618981320,1781.80,45
1618981380,1781.56,83
1618981440,1781.66,56
1618981500,1781.25,55
1618981560,1781.24,77
1618981620,1781.08,75
1618981680,1781.52,132
1618981740,1781.84,78
1618981800,1782.02,73
1618981860,1782.10,90
1618981920,1782.18,101
1618981980,1782.02,74
1618982040,1782.02,76
1618982100,1782.33,67
1618982160,1782.30,84
1618982220,1782.78,100
1618982280,1782.85,110
1618982340,1782.90,95
1618982400,1783.18,83
1618982460,1782.89,72
1618982520,1782.98,78
1618982580,1783.07,129
1618982640,1783.00,95
1618982700,1783.25,120
1618982760,1783.16,45
1618982820,1783.41,61
1618982880,1783.60,96
1618982940,1783.60,102
1618983000,1783.42,189
1618983060,1783.68,156
1618983120,1783.11,119
1618983180,1783.28,105
1618983240,1783.23,96
1618983300,1783.33,144
1618983360,1783.73,155
1618983420,1783.77,171
1618983480,1783.92,139
1618983540,1783.84,88
1618983600,1783.45,136
1618983660,1783.76,133
1618983720,1784.51,126
1618983780,1784.72,124
1618983840,1784.60,142
1618983900,1784.81,115
1618983960,1784.76,129
1618984020,1784.94,177
1618984080,1784.99,191
1618984140,1785.34,162
1618984200,1784.89,231
1618984260,1784.56,167
1618984320,1784.71,204
1618984380,1784.74,155
1618984440,1784.34,170
1618984500,1784.33,185
1618984560,1784.48,98
1618984620,1784.34,95
1618984680,1784.45,80
1618984740,1784.77,133
1618984800,1783.50,243
1618984860,1784.27,231
1618984920,1784.56,206
1618984980,1784.69,166
1618985040,1784.78,223
1618985100,1785.21,215
1618985160,1784.72,209
1618985220,1785.25,169
1618985280,1785.79,137
1618985340,1785.73,148
1618985400,1785.80,172
1618985460,1786.04,138
1618985520,1786.26,176
1618985580,1786.52,191
1618985640,1786.48,219
1618985700,1786.54,224
1618985760,1786.02,159
1618985820,1785.99,198
1618985880,1786.04,205
1618985940,1785.86,229
1618986000,1785.37,214
1618986060,1785.57,109
1618986120,1786.35,176
1618986180,1786.26,143
1618986240,1786.03,101
1618986300,1785.43,124
1618986360,1784.94,174
1618986420,1785.21,176
1618986480,1785.20,187
1618986540,1785.30,91
1618986600,1785.81,126
1618986660,1785.94,140
1618986720,1785.93,143
1618986780,1785.95,66
1618986840,1785.19,117
1618986900,1785.86,169
1618986960,1786.08,130
1618987020,1786.42,139
1618987080,1786.41,104
1618987140,1786.74,149
1618987200,1786.57,167
1618987260,1786.60,117
1618987320,1786.45,90
1618987380,1786.42,129
1618987440,1786.79,162
1618987500,1786.72,176
1618987560,1786.86,143
1618987620,1786.79,164
1618987680,1786.89,82
1618987740,1786.94,155
1618987800,1787.64,130
1618987860,1787.51,86
1618987920,1787.61,80
1618987980,1787.54,97
1618988040,1787.84,145
1618988100,1788.05,138
1618988160,1787.97,197
1618988220,1787.75,190
1618988280,1787.74,145
1618988340,1787.97,141
1618988400,1787.54,212
1618988460,1786.82,169
1618988520,1787.14,160
1618988580,1787.64,203
1618988640,1786.53,218
1618988700,1787.29,222
1618988760,1787.40,207
1618988820,1786.75,183
1618988880,1786.94,196
1618988940,1786.92,169
1618989000,1786.69,175
1618989060,1787.15,123
1618989120,1787.14,200
1618989180,1787.62,154
1618989240,1787.95,194
1618989300,1788.14,183
1618989360,1788.11,133
1618989420,1787.66,112
1618989480,1787.44,120
1618989540,1787.27,117
1618989600,1786.21,167
1618989660,1786.15,183
1618989720,1786.62,157
1618989780,1786.81,129
1618989840,1786.33,181
1618989900,1785.45,200
1618989960,1785.31,190
1618990020,1784.90,170
1618990080,1785.02,204
1618990140,1784.60,228
1618990200,1784.51,192
1618990260,1784.12,147
1618990320,1783.97,150
1618990380,1784.09,218
1618990440,1784.06,184
1618990500,1783.62,194
1618990560,1782.91,251
1618990620,1782.27,251
1618990680,1782.23,252
1618990740,1781.86,281
1618990800,1782.13,213
1618990860,1781.25,217
1618990920,1781.80,196
1618990980,1782.03,222
1618991040,1782.08,227
1618991100,1781.82,219
1618991160,1782.32,212
1618991220,1782.34,201
1618991280,1782.14,205
1618991340,1782.07,167
1618991400,1782.60,153
1618991460,1782.59,114
1618991520,1782.00,164
1618991580,1781.78,165
1618991640,1781.17,114
1618991700,1781.58,165
1618991760,1781.23,156
1618991820,1781.19,184
1618991880,1781.44,146
1618991940,1782.07,130
1618992000,1781.98,139
1618992060,1782.08,142
1618992120,1782.16,156
1618992180,1782.16,93
1618992240,1782.10,108
1618992300,1782.10,127
1618992360,1781.87,113
1618992420,1781.71,150
1618992480,1782.00,164
1618992540,1781.71,133
1618992600,1781.64,87
1618992660,1781.58,84
1618992720,1782.23,127
1618992780,1782.87,192
1618992840,1782.87,133
1618992900,1782.89,157
1618992960,1782.72,126
1618993020,1783.41,191
1618993080,1783.56,169
1618993140,1783.58,152
1618993200,1783.48,162
1618993260,1783.57,167
1618993320,1783.34,121
1618993380,1783.12,143
1618993440,1783.33,99
1618993500,1783.63,101
1618993560,1783.72,144
1618993620,1783.35,128
1618993680,1782.72,129
1618993740,1782.94,110
1618993800,1782.38,153
1618993860,1782.30,156
1618993920,1782.22,108
1618993980,1781.98,106
1618994040,1781.94,42
1618994100,1781.97,106
1618994160,1782.05,92
1618994220,1782.26,121
1618994280,1782.79,159
1618994340,1782.15,114
1618994400,1782.21,78
1618994460,1782.14,79
1618994520,1781.66,62
1618994580,1781.56,72
1618994640,1781.18,174
1618994700,1780.58,171
1618994760,1780.82,127
1618994820,1780.60,110
1618994880,1780.63,135
1618994940,1779.06,197
1618995000,1779.15,214
1618995060,1779.75,138
1618995120,1778.97,171
1618995180,1778.95,189
1618995240,1778.82,134
1618995300,1779.66,188
1618995360,1778.79,138
1618995420,1778.05,195
1618995480,1778.17,174
1618995540,1778.56,203
1618995600,1778.18,169
1618995660,1778.63,143
1618995720,1778.66,182
1618995780,1778.66,169
1618995840,1779.03,122
1618995900,1779.03,111
1618995960,1778.50,129
1618996020,1778.65,156
1618996080,1778.87,126
1618996140,1779.06,150
1618996200,1779.21,100
1618996260,1779.26,107
1618996320,1779.24,116
1618996380,1779.27,85
1618996440,1778.98,85
1618996500,1779.14,97
1618996560,1779.03,103
1618996620,1778.82,119
1618996680,1778.38,139
1618996740,1778.58,116
1618996800,1779.14,139
1618996860,1778.71,162
1618996920,1778.83,126
1618996980,1778.88,138
1618997040,1779.33,118
1618997100,1778.83,106
1618997160,1778.45,111
1618997220,1778.11,137
1618997280,1778.29,145
1618997340,1778.06,116
1618997400,1779.26,197
1618997460,1779.58,124
1618997520,1779.47,113
1618997580,1778.80,170
1618997640,1778.55,184
1618997700,1778.48,198
1618997760,1778.09,171
1618997820,1778.20,149
1618997880,1778.41,181
1618997940,1778.39,143
1618998000,1778.50,137
1618998060,1778.62,114
1618998120,1778.57,85
1618998180,1778.95,81
1618998240,1779.16,146
1618998300,1778.60,137
1618998360,1778.52,111
1618998420,1778.03,114
1618998480,1778.86,116
1618998540,1778.85,115
1618998600,1778.93,109
1618998660,1779.20,116
1618998720,1779.29,99
1618998780,1779.08,68
1618998840,1779.42,148
1618998900,1779.21,137
1618998960,1779.38,131
1618999020,1779.08,102
1618999080,1779.60,111
1618999140,1779.34,143
1618999200,1779.34,118
1618999260,1779.30,100
1618999320,1778.76,77
1618999380,1778.11,110
1618999440,1777.93,180
1618999500,1778.06,106
1618999560,1778.39,100
1618999620,1778.52,136
1618999680,1778.48,94
1618999740,1778.21,100
1618999800,1778.96,138
1618999860,1778.96,83
1618999920,1778.35,152
1618999980,1778.63,95
1619000040,1778.75,129
1619000100,1778.92,80
1619000160,1779.15,98
1619000220,1779.07,184
1619000280,1779.26,97
1619000340,1779.13,104
1619000400,1778.91,114
1619000460,1778.64,145
1619000520,1778.86,130
1619000580,1778.73,85
1619000640,1778.72,95
1619000700,1778.72,108
1619000760,1778.75,98
1619000820,1778.79,129
1619000880,1778.96,95
1619000940,1779.06,105
1619001000,1779.27,106
1619001060,1779.51,146
1619001120,1779.98,99
1619001180,1779.93,82
1619001240,1779.75,146
1619001300,1779.67,162
1619001360,1779.53,118
1619001420,1779.89,128
1619001480,1780.16,128
1619001540,1780.15,59
1619001600,1780.11,140
1619001660,1779.78,147
1619001720,1779.72,169
1619001780,1779.85,119
1619001840,1779.68,110
1619001900,1779.90,80
1619001960,1780.50,114
1619002020,1780.59,148
1619002080,1780.93,139
1619002140,1780.95,116
1619002200,1781.22,131
1619002260,1781.12,163
1619002320,1780.72,103
1619002380,1780.38,133
1619002440,1781.09,168
1619002500,1781.23,127
1619002560,1780.80,130
1619002620,1780.45,123
1619002680,1780.21,102
1619002740,1780.14,120
1619002800,1780.40,129
1619002860,1780.79,161
1619002920,1780.75,98
1619002980,1781.12,110
1619003040,1781.66,150
1619003100,1781.17,164
1619003160,1781.67,178
1619003220,1781.93,130
1619003280,1781.90,135
1619003340,1782.43,166
1619003400,1782.41,166
1619003460,1782.68,126
1619003520,1782.19,134
1619003580,1782.27,106
1619003640,1782.10,70
1619003700,1782.26,125
1619003760,1782.28,86
1619003820,1782.37,95
1619003880,1782.37,88
1619003940,1782.28,87
1619004000,1782.29,115
1619004060,1782.38,111
1619004120,1782.56,111
1619004180,1782.56,67
1619004240,1782.91,127
1619004300,1782.92,153
1619004360,1782.87,103
1619004420,1782.72,46
1619004480,1782.62,24
1619004540,1782.31,66
1619004600,1782.88,127
1619004660,1782.92,117
1619004720,1782.86,104
1619004780,1782.99,136
1619004840,1782.60,146
1619004900,1782.50,90
1619004960,1783.33,158
1619005020,1783.38,95
1619005080,1783.65,106
1619005140,1783.82,106
1619005200,1783.98,149
1619005260,1784.19,159
1619005320,1783.55,125
1619005380,1783.85,96
1619005440,1783.97,90
1619005500,1783.88,120
1619005560,1783.56,134
1619005620,1783.77,100
1619005680,1783.93,129
1619005740,1783.89,127
1619005800,1783.87,121
1619005860,1783.36,148
1619005920,1783.12,87
1619005980,1782.74,184
1619006040,1783.11,127
1619006100,1783.04,89
1619006160,1782.54,99
1619006220,1782.76,125
1619006280,1783.05,135
1619006340,1782.92,122
1619006400,1783.53,159
1619006460,1783.91,184
1619006520,1783.48,201
1619006580,1783.46,163
1619006640,1783.03,148
1619006700,1783.36,114
1619006760,1782.68,155
1619006820,1783.15,117
1619006880,1783.07,116
1619006940,1783.70,150
1619007000,1783.53,153
1619007060,1783.62,110
1619007120,1783.43,134
1619007180,1783.56,120
1619007240,1783.42,148
1619007300,1783.14,157
1619007360,1783.46,89
1619007420,1782.99,129
1619007480,1782.42,112
1619007540,1783.21,176
1619007600,1783.11,222
1619007660,1783.00,181
1619007720,1781.87,229
1619007780,1782.97,224
1619007840,1783.82,250
1619007900,1784.01,233
1619007960,1784.10,243
1619008020,1784.95,295
1619008080,1785.12,227
1619008140,1785.11,172
1619008200,1786.25,264
1619008260,1786.92,303
1619008320,1787.01,277
1619008380,1786.60,218
1619008440,1786.91,267
1619008500,1787.59,291
1619008560,1787.67,228
1619008620,1787.47,191
1619008680,1786.56,243
1619008740,1786.02,315
1619008800,1786.04,249
1619008860,1785.86,185
1619008920,1785.86,163
1619008980,1786.04,172
1619009040,1786.71,245
1619009100,1786.51,214
1619009160,1786.33,213
1619009220,1786.53,192
1619009280,1785.81,202
1619009340,1786.43,193
1619009400,1786.44,131
1619009460,1786.95,216
1619009520,1786.68,185
1619009580,1786.52,189
1619009640,1786.13,158
1619009700,1786.49,146
1619009760,1786.41,110
1619009820,1786.35,118
1619009880,1786.22,191
1619009940,1786.42,128
1619010000,1785.70,265
1619010060,1786.40,239
1619010120,1787.29,227
1619010180,1786.37,229
1619010240,1785.56,268
1619010300,1786.97,301
1619010360,1787.07,196
1619010420,1786.16,215
1619010480,1785.91,215
1619010540,1786.44,225
1619010600,1785.72,201
1619010660,1784.84,242
1619010720,1784.29,278
1619010780,1784.48,199
1619010840,1784.78,168
1619010900,1783.80,169
1619010960,1784.21,230
1619011020,1783.90,203
1619011080,1784.61,190
1619011140,1783.88,156
1619011200,1784.10,205
1619011260,1784.50,230
1619011320,1784.17,205
1619011380,1784.11,179
1619011440,1783.85,179
1619011500,1784.43,172
1619011560,1784.58,157
1619011620,1784.67,160
1619011680,1784.60,156
1619011740,1784.56,152
1619011800,1784.78,315
1619011860,1785.17,304
1619011920,1786.53,325
1619011980,1786.41,342
1619012040,1786.54,345
1619012100,1786.62,367
1619012160,1786.31,274
1619012220,1786.86,309
1619012280,1786.74,298
1619012340,1786.56,303
1619012400,1786.58,291
1619012460,1786.86,308
1619012520,1786.95,340
1619012580,1787.13,312
1619012640,1788.96,359
1619012700,1789.87,379
1619012760,1791.25,408
1619012820,1791.97,382
1619012880,1792.30,360
1619012940,1792.12,353
1619013000,1793.45,400
1619013060,1794.35,371
1619013120,1794.26,365
1619013180,1795.12,370
1619013240,1794.85,337
1619013300,1795.88,368
1619013360,1796.14,356
1619013420,1796.75,306
1619013480,1797.29,344
1619013540,1795.89,400
1619013600,1796.64,448
1619013660,1796.12,444
1619013720,1795.61,434
1619013780,1796.22,386
1619013840,1795.61,276
1619013900,1794.89,339
1619013960,1793.81,359
1619014020,1793.37,292
1619014080,1793.05,344
1619014140,1793.22,303
1619014200,1793.31,246
1619014260,1793.14,275
1619014320,1792.04,291
1619014380,1792.12,281
1619014440,1791.65,288
1619014500,1791.45,289
1619014560,1792.50,317
1619014620,1793.03,292
1619014680,1793.43,299
1619014740,1793.53,327
1619014800,1793.55,320
1619014860,1793.00,208
1619014920,1793.61,231
1619014980,1793.91,306
1619015040,1794.70,273
1619015100,1795.48,281
1619015160,1795.98,302
1619015220,1796.16,343
1619015280,1796.06,295
1619015340,1795.40,296
1619015400,1794.51,329
1619015460,1793.45,315
1619015520,1791.84,347
1619015580,1792.27,346
1619015640,1792.54,249
1619015700,1792.94,282
1619015760,1794.36,282
1619015820,1794.33,236
1619015880,1793.83,250
1619015940,1794.24,232
1619016000,1794.06,310
1619016060,1794.91,267
1619016120,1794.81,221
1619016180,1794.71,198
1619016240,1793.83,209
1619016300,1794.43,251
1619016360,1793.71,257
1619016420,1791.93,329
1619016480,1792.42,367
1619016540,1791.67,294
1619016600,1789.82,399
1619016660,1791.54,342
1619016720,1791.26,327
1619016780,1791.55,295
1619016840,1791.06,285
1619016900,1791.18,284
1619016960,1790.59,233
1619017020,1790.61,295
1619017080,1791.53,295
1619017140,1791.19,287
1619017200,1790.33,329
1619017260,1790.40,330
1619017320,1789.64,265
1619017380,1790.30,296
1619017440,1790.99,270
1619017500,1790.79,220
1619017560,1791.23,164
1619017620,1791.23,234
1619017680,1791.38,218
1619017740,1791.71,170
1619017800,1791.39,144
1619017860,1791.76,225
1619017920,1792.28,270
1619017980,1792.34,225
1619018040,1792.26,185
1619018100,1791.86,216
1619018160,1792.04,181
1619018220,1792.49,171
1619018280,1792.36,191
1619018340,1792.75,225
1619018400,1792.26,190
1619018460,1792.32,188
1619018520,1792.45,187
1619018580,1792.33,174
1619018640,1792.03,197
1619018700,1792.49,183
1619018760,1793.10,147
1619018820,1793.51,191
1619018880,1793.98,208
1619018940,1793.88,198
1619019000,1794.11,211
1619019060,1794.08,190
1619019120,1794.13,187
1619019180,1794.41,177
1619019240,1794.14,161
1619019300,1794.35,168
1619019360,1794.92,139
1619019420,1794.44,202
1619019480,1794.55,167
1619019540,1794.17,185
1619019600,1794.16,188
1619019660,1793.64,195
1619019720,1793.45,115
1619019780,1793.67,140
1619019840,1793.44,155
1619019900,1793.53,148
1619019960,1793.66,124
1619020020,1793.80,180
1619020080,1794.51,170
1619020140,1794.42,135
1619020200,1794.41,133
1619020260,1794.40,147
1619020320,1794.50,187
1619020380,1794.47,169
1619020440,1794.44,133
1619020500,1794.63,166
1619020560,1794.41,139
1619020620,1793.70,158
1619020680,1793.44,154
1619020740,1792.96,183
1619020800,1793.22,185
1619020860,1793.97,174
1619020920,1794.15,166
1619020980,1794.59,166
1619021040,1794.35,166
1619021100,1794.27,152
1619021160,1794.07,107
1619021220,1794.16,96
1619021280,1794.31,155
1619021340,1794.45,131
1619021400,1793.82,166
1619021460,1793.70,96
1619021520,1793.78,83
1619021580,1793.90,59
1619021640,1793.61,92
1619021700,1793.10,163
1619021760,1793.37,149
1619021820,1793.40,117
1619021880,1793.86,120
1619021940,1793.14,129
1619022000,1793.10,178
1619022060,1792.98,183
1619022120,1792.78,142
1619022180,1792.39,184
1619022240,1792.57,177
1619022300,1792.56,151
1619022360,1792.46,132
1619022420,1792.47,130
1619022480,1792.19,119
1619022540,1791.81,206
1619022600,1791.94,166
1619022660,1791.84,148
1619022720,1792.45,211
1619022780,1792.21,192
1619022840,1792.03,198
1619022900,1791.80,176
1619022960,1791.78,125
1619023020,1791.77,101
1619023080,1791.68,97
1619023140,1791.76,110
1619023200,1792.39,146
1619023260,1791.90,144
1619023320,1791.50,94
1619023380,1791.62,75
1619023440,1791.29,102
1619023500,1791.00,182
1619023560,1791.04,106
1619023620,1791.43,132
1619023680,1791.71,171
1619023740,1791.86,119
1619023800,1792.13,166
1619023860,1792.04,131
1619023920,1791.89,131
1619023980,1791.61,91
1619024040,1791.73,84
1619024100,1791.69,109
1619024160,1791.16,172
1619024220,1790.95,117
1619024280,1790.06,211
1619024340,1790.82,191
1619024400,1791.69,175
1619024460,1791.64,138
1619024520,1791.82,287
1619024580,1791.69,184
1619024640,1791.50,184
1619024700,1791.19,225
1619024760,1791.11,176
1619024820,1791.21,202
1619024880,1791.59,167
1619024940,1791.57,143
1619025000,1792.07,136
1619025060,1791.86,130
1619025120,1791.83,133
1619025180,1791.90,152
1619025240,1791.62,170
1619025300,1791.41,149
1619025360,1791.84,128
1619025420,1791.88,135
1619025480,1791.95,71
1619025540,1792.10,52
1619025600,1792.31,94
1619025660,1792.40,90
1619025720,1791.82,150
1619025780,1791.81,153
1619025840,1792.43,216
1619025900,1792.67,105
1619025960,1792.53,123
1619026020,1792.26,122
1619026080,1792.16,103
1619026140,1792.73,219
1619026200,1792.61,179
1619026260,1792.70,86
1619026320,1792.86,116
1619026380,1793.38,160
1619026440,1793.14,119
1619026500,1792.92,78
1619026560,1792.86,86
1619026620,1792.60,96
1619026680,1792.60,90
1619026740,1792.78,77
1619026800,1793.08,82
1619026860,1792.98,64
1619026920,1792.67,57
1619026980,1792.82,47
1619027040,1792.79,78
1619027100,1792.89,80
1619027160,1792.70,77
1619027220,1792.81,95
1619027280,1793.08,89
1619027340,1792.99,75
1619027400,1792.88,129
1619027460,1792.80,45
1619027520,1792.96,80
1619027580,1793.14,63
1619027640,1793.31,118
1619027700,1793.30,101
1619027760,1793.12,85
1619027820,1793.14,95
1619027880,1792.70,91
1619027940,1792.06,155
1619028000,1791.87,121
1619028060,1791.42,125
1619028120,1791.09,130
1619028180,1791.31,112
1619028240,1791.63,94
1619028300,1791.44,95
1619028360,1791.83,104
1619028420,1792.16,102
1619028480,1792.28,106
1619028540,1792.14,85
1619028600,1791.87,102
1619028660,1791.96,81
1619028720,1791.70,117
1619028780,1791.70,85
1619028840,1791.98,83
1619028900,1792.13,86
1619028960,1791.89,107
1619029020,1791.83,92
1619029080,1791.62,106
1619029140,1791.51,102
1619029200,1791.60,121
1619029260,1791.55,105
1619029320,1791.51,100
1619029380,1791.30,126
1619029440,1791.43,127
1619029500,1791.70,146
1619029560,1791.23,131
1619029620,1791.32,70
1619029680,1791.20,112
1619029740,1791.65,135
1619029800,1791.76,88
1619029860,1791.36,75
1619029920,1791.07,80
1619029980,1791.39,85
1619030040,1791.38,58
1619030100,1791.75,87
1619030160,1791.76,57
1619030220,1791.68,66
1619030280,1791.86,26
1619030340,1792.17,68
1619030400,1792.08,135
1619030460,1792.28,57
1619030520,1792.46,38
1619030580,1792.52,84
1619030640,1792.69,96
1619030700,1792.84,72
1619030760,1792.76,93
1619030820,1792.85,64
1619030880,1792.35,86
1619030940,1792.54,74
1619031000,1792.74,67
1619031060,1792.85,87
1619031120,1793.15,81
1619031180,1793.31,122
1619031240,1792.93,85
1619031300,1792.83,52
1619031360,1793.02,118
1619031420,1792.98,54
1619031480,1793.17,113
1619031540,1793.14,202
1619031600,1792.61,171
1619031660,1793.20,102
1619031720,1793.11,126
1619031780,1793.48,87
1619031840,1793.61,48
1619031900,1793.76,66
1619031960,1793.73,67
1619032020,1793.82,94
1619032080,1793.88,104
1619032140,1793.80,113
1619032200,1793.71,84
1619032260,1793.91,82
1619032320,1794.04,70
1619032380,1794.05,54
1619032440,1794.04,110
1619032500,1794.11,67
1619032560,1794.03,72
1619032620,1793.90,67
1619032680,1793.59,61
1619032740,1793.49,59
1619032800,1793.59,45
1619032860,1793.69,72
1619032920,1793.68,60
1619032980,1794.00,59
1619033040,1793.77,61
1619033100,1793.94,54
1619033160,1793.91,37
1619033220,1794.27,85
1619033280,1793.86,86
1619033340,1794.31,90
1619033400,1794.30,55
1619033460,1794.45,101
1619033520,1794.77,111
1619033580,1794.45,88
1619033640,1794.56,105
1619033700,1794.67,71
1619033760,1794.55,95
1619033820,1794.62,131
1619033880,1794.66,72
1619033940,1794.81,42
1619034000,1795.16,109
1619034060,1795.20,152
1619034120,1794.95,132
1619034180,1794.77,124
1619034240,1794.52,123
1619034300,1794.68,73
1619034360,1794.64,122
1619034420,1794.82,63
1619034480,1794.46,93
1619034540,1794.63,96
1619034600,1794.65,81
1619034660,1794.44,78
1619034720,1794.53,75
1619034780,1794.58,56
1619034840,1794.41,77
1619034900,1794.26,93
1619034960,1794.46,41
1619035020,1794.23,62
1619035080,1794.41,75
1619035140,1794.61,110
1619035200,1794.23,107
1619035260,1794.13,65
1619035320,1793.95,52
1619035380,1794.05,57
1619035440,1794.24,57
1619035500,1794.33,22
1619035560,1794.44,33
1619035620,1794.59,32
1619035680,1794.52,36
1619035740,1794.43,47
1619035800,1794.28,35
1619035860,1794.08,19
1619035920,1794.16,18
1619035980,1794.25,40
1619036040,1794.39,36
1619036100,1794.38,60
1619036160,1794.22,44
1619036220,1793.85,40
1619036280,1793.74,69
1619036340,1793.75,51
1619036400,1794.03,34
1619036460,1793.95,26
1619036520,1793.69,38
1619036580,1793.69,21
1619036640,1793.96,47
1619036700,1793.86,46
1619036760,1793.95,16
1619036820,1794.15,54
1619036880,1794.06,14
1619036940,1794.04,9
1619037000,1794.35,56
1619037060,1794.34,52
1619037120,1794.35,8
1619037180,1794.35,32
1619037240,1794.14,14
1619037300,1794.31,58
1619037360,1794.40,10
1619037420,1794.31,29
1619037480,1794.41,23
1619037540,1794.49,9
1619037600,1794.25,37
1619037660,1794.22,40
1619037720,1794.23,22
1619037780,1794.20,15
1619037840,1794.12,30
1619037900,1794.15,34
1619037960,1794.32,29
1619038020,1794.29,33
1619038080,1793.67,37
1619038140,1793.66,60
1619038200,1793.64,79
1619038260,1793.71,25
1619038320,1793.65,36
1619038380,1793.75,40
1619038440,1793.94,27
1619038500,1793.75,71
1619038560,1793.75,8
1619042520,1793.91,50
1619042580,1794.14,40
1619042640,1793.98,35
1619042700,1793.86,51
1619042760,1793.95,33
1619042820,1794.15,36
1619042880,1794.23,35
1619042940,1794.01,18
1619043000,1794.07,20
1619043060,1794.13,16
1619043120,1794.23,17
1619043180,1794.04,11
1619043240,1793.93,23
1619043300,1793.84,36
1619043360,1793.77,44
1619043420,1793.92,23
1619043480,1793.87,23
1619043540,1793.84,23
1619043600,1794.06,28
1619043660,1794.11,25
1619043720,1794.11,3
1619043780,1794.20,17
1619043840,1794.02,10
1619043900,1794.12,19
1619043960,1794.12,11
1619044020,1794.01,12
1619044080,1794.02,5
1619044140,1793.82,12
1619044200,1793.91,19
1619044260,1794.00,29
1619044320,1793.90,30
1619044380,1794.02,15
1619044440,1794.19,15
1619044500,1793.94,15
1619044560,1794.01,19
1619044620,1794.06,22
1619044680,1793.85,18
1619044740,1793.90,7
1619044800,1793.77,44
1619044860,1794.00,38
1619044920,1793.79,32
1619044980,1793.79,29
1619045040,1793.82,23
1619045100,1793.88,20
1619045160,1794.00,17
1619045220,1793.88,27
1619045280,1793.96,16
1619045340,1793.97,16
1619045400,1794.06,20
1619045460,1794.06,5
1619045520,1793.97,8
1619045580,1793.97,11
1619045640,1793.88,9
1619045700,1793.87,14
1619045760,1793.97,6
1619045820,1793.87,6
1619045880,1794.06,11
1619045940,1794.06,13
1619046000,1794.33,42
1619046060,1794.30,31
1619046120,1794.51,39
1619046180,1794.53,27
1619046240,1794.89,31
1619046300,1794.98,39
1619046360,1794.98,24
1619046420,1794.86,38
1619046480,1795.04,9
1619046540,1794.75,32
1619046600,1794.75,21
1619046660,1794.47,29
1619046720,1794.48,22
1619046780,1794.58,29
1619046840,1794.53,20
1619046900,1794.78,25
1619046960,1794.80,27
1619047020,1794.84,36
1619047080,1794.84,31
1619047140,1794.80,21
1619047200,1794.76,38
1619047260,1794.45,54
1619047320,1794.39,35
1619047380,1794.59,22
1619047440,1794.52,25
1619047500,1794.43,26
1619047560,1794.52,27
1619047620,1794.41,24
1619047680,1794.42,13
1619047740,1794.52,19
1619047800,1794.39,47
1619047860,1794.30,23
1619047920,1794.51,50
1619047980,1794.63,10
1619048040,1794.82,15
1619048100,1794.77,7
1619048160,1794.62,19
1619048220,1794.49,38
1619048280,1794.18,45
1619048340,1794.18,21
1619048400,1794.08,7
1619048460,1794.08,3
1619048520,1793.99,11
1619048580,1793.59,26
1619048640,1793.87,41
1619048700,1793.95,45
1619048760,1793.86,52
1619048820,1793.65,46
1619048880,1793.85,35
1619048940,1793.84,17
1619049000,1793.93,4
1619049180,1794.32,6
1619049300,1794.24,3
1619049360,1794.05,37
1619049420,1794.06,23
1619049480,1793.87,40
1619049540,1793.68,19
1619049600,1793.81,98
1619049660,1793.62,68
1619049720,1793.71,73
1619049780,1793.71,61
1619049840,1793.42,46
1619049900,1793.22,43
1619049960,1793.12,54
1619050020,1793.13,26
1619050080,1793.24,62
1619050140,1793.25,53
1619050200,1793.25,46
1619050260,1793.45,7
1619050320,1793.45,29
1619050380,1793.19,53
1619050440,1793.31,12
1619050500,1793.02,63
1619050560,1793.14,50
1619050620,1793.28,34
1619050680,1793.08,45
1619050740,1793.18,35
1619050800,1792.90,53
1619050860,1792.84,64
1619050920,1792.62,16
1619050980,1792.63,8
1619051040,1792.63,2
1619051100,1792.82,8
1619051220,1792.86,6
1619051280,1792.94,2
1619051340,1792.94,38
1619051400,1793.13,48
1619051460,1793.31,6
1619051520,1793.08,42
1619051580,1793.01,20
1619051700,1793.17,2
1619051820,1793.80,41
1619051940,1792.54,3
1619052000,1792.94,20
1619052120,1793.05,4
1619052180,1793.04,24
1619052240,1792.84,14
1619052420,1793.52,10
1619052480,1793.85,103
1619052540,1794.24,52
1619052600,1794.18,41
1619052660,1793.78,47
1619052720,1793.63,34
1619052780,1793.63,11
1619052840,1793.33,46
1619052900,1793.34,21
1619052960,1793.34,34
1619053020,1793.54,13
1619053080,1793.54,19
1619053140,1793.93,2
1619053200,1794.22,3
1619053260,1794.22,1
1619053320,1795.20,84
1619053380,1794.49,124
1619053440,1794.50,14
1619053560,1795.56,17
1619053620,1795.58,51
1619053680,1795.39,27
1619053740,1794.96,2
1619053800,1794.70,11
1619053920,1795.44,44
1619053980,1795.07,58
1619054100,1794.58,2
1619054160,1794.73,2
1619054220,1794.09,2
1619054280,1794.09,61
1619054340,1793.54,5
1619054400,1793.38,42
1619054580,1793.95,30
1619054640,1794.16,36
1619054760,1794.06,5
1619055180,1796.05,2
1619055240,1795.80,4
1619055480,1796.92,10
1619055720,1797.71,2
1619056020,1797.63,4
1619056200,1797.52,4
1619056620,1796.46,6
1619056680,1795.98,6
1619056800,1796.10,3
1619056860,1795.90,2
1619056980,1795.76,2
1619057640,1795.02,10
1619057700,1794.90,19
1619057760,1794.71,54
1619057820,1794.99,48
1619057880,1794.90,53
1619057940,1794.79,53
1619058000,1794.73,43
1619058060,1794.84,40
1619058120,1794.73,33
1619058180,1794.74,37
1619058240,1794.83,66
1619058300,1794.33,69
1619058360,1794.29,44
1619058420,1794.24,43
1619058480,1794.23,87
1619058540,1794.69,83
1619058600,1795.26,214
1619058660,1794.46,149
1619058720,1793.88,129
1619058780,1794.02,121
1619058840,1794.13,124
1619058900,1793.72,102
1619058960,1793.58,104
1619059020,1793.45,80
1619059080,1793.64,142
1619059140,1793.38,103
1619059200,1793.21,97
1619059260,1793.42,71
1619059320,1793.39,64
1619059380,1793.42,53
1619059440,1793.58,83
1619059500,1793.64,91
1619059560,1793.68,40
1619059620,1793.35,84
1619059680,1793.52,117
1619059740,1793.34,51
1619059800,1793.83,122
1619059860,1793.76,148
1619059920,1793.53,54
1619059980,1793.76,67
1619060040,1793.40,55
1619060100,1793.20,70
1619060160,1793.46,129
1619060220,1793.44,92
1619060280,1793.73,55
1619060340,1793.93,90
1619060400,1793.94,132
1619060460,1794.11,99
1619060520,1794.03,85
1619060580,1794.43,116
1619060640,1794.50,102
1619060700,1794.55,111
1619060760,1794.45,94
1619060820,1794.72,86
1619060880,1794.42,96
1619060940,1794.41,62
1619061000,1794.72,82
1619061060,1794.76,74
1619061120,1794.68,110
1619061180,1794.76,90
1619061240,1794.66,98
1619061300,1794.66,107
1619061360,1794.85,114
1619061420,1795.18,79
1619061480,1795.12,90
1619061540,1794.93,93
1619061600,1794.97,92
1619061660,1794.67,79
1619061720,1794.78,81
1619061780,1794.79,75
1619061840,1794.60,78
1619061900,1794.63,95
1619061960,1794.53,69
1619062020,1794.51,85
1619062080,1794.17,104
1619062140,1794.03,58
1619062200,1793.69,66
1619062260,1793.39,84
1619062320,1793.55,68
1619062380,1793.49,33
1619062440,1793.52,42
1619062500,1793.55,48
1619062560,1793.54,49
1619062620,1793.47,22
1619062680,1793.52,31
1619062740,1793.35,52
1619062800,1793.61,45
1619062860,1793.58,35
1619062920,1793.11,43
1619062980,1793.14,88
1619063040,1792.92,43
1619063100,1793.28,75
1619063160,1793.70,64
1619063220,1793.67,66
1619063280,1793.53,57
1619063340,1793.54,92
1619063400,1793.61,81
1619063460,1793.58,79
1619063520,1793.80,44
1619063580,1793.70,16
1619063640,1793.63,48
1619063700,1793.69,81
1619063760,1793.49,86
1619063820,1793.33,78
1619063880,1793.34,44
1619063940,1793.43,40
1619064000,1793.55,66
1619064060,1793.43,61
1619064120,1793.32,61
1619064180,1793.26,36
1619064240,1793.34,32
1619064300,1793.35,34
1619064360,1793.35,45
1619064420,1793.26,25
1619064480,1793.16,32
1619064540,1793.18,43
1619064600,1792.75,65
1619064660,1792.66,62
1619064720,1792.62,69
1619064780,1792.85,83
1619064840,1792.84,99
1619064900,1792.73,50
1619064960,1792.51,72
1619065020,1792.50,52
1619065080,1792.56,83
1619065140,1792.50,28
1619065200,1792.28,66
1619065260,1792.27,34
1619065320,1792.31,49
1619065380,1792.26,96
1619065440,1791.99,126
1619065500,1791.83,66
1619065560,1791.80,72
1619065620,1791.46,59
1619065680,1790.52,119
1619065740,1790.45,82
1619065800,1791.12,109
1619065860,1790.90,83
1619065920,1790.91,70
1619065980,1790.88,79
1619066040,1790.64,74
1619066100,1790.71,56
1619066160,1790.76,64
1619066220,1790.88,121
1619066280,1791.09,111
1619066340,1791.24,77
1619066400,1791.22,83
1619066460,1791.18,68
1619066520,1791.56,92
1619066580,1791.75,83
1619066640,1791.70,90
1619066700,1792.00,37
1619066760,1792.19,46
1619066820,1792.24,29
1619066880,1792.25,57
1619066940,1792.23,49
1619067000,1792.71,69
1619067060,1792.70,79
1619067120,1792.60,64
1619067180,1792.76,65
1619067240,1792.59,75
1619067300,1792.71,57
1619067360,1792.87,58
1619067420,1792.95,42
1619067480,1792.92,69
1619067540,1793.36,99
1619067600,1793.32,111
1619067660,1793.00,92
1619067720,1793.11,51
1619067780,1792.84,75
1619067840,1792.94,59
1619067900,1793.11,63
1619067960,1793.17,68
1619068020,1793.16,45
1619068080,1792.67,60
1619068140,1793.03,49
1619068200,1793.09,62
1619068260,1792.78,71
1619068320,1792.65,85
1619068380,1792.55,74
1619068440,1792.65,57
1619068500,1792.77,46
1619068560,1792.74,42
1619068620,1792.71,59
1619068680,1792.80,60
1619068740,1793.00,111
1619068800,1793.03,78
1619068860,1793.05,50
1619068920,1793.10,52
1619068980,1793.24,67
1619069040,1793.40,35
1619069100,1793.19,58
1619069160,1793.86,81
1619069220,1793.80,69
1619069280,1793.90,85
1619069340,1793.98,45
1619069400,1794.02,174
1619069460,1793.63,130
1619069520,1794.54,140
1619069580,1794.46,120
1619069640,1794.16,127
1619069700,1794.14,103
1619069760,1793.18,138
1619069820,1792.95,163
1619069880,1792.76,127
1619069940,1792.26,163
1619070000,1791.95,136
1619070060,1791.28,154
1619070120,1791.18,182
1619070180,1790.95,121
1619070240,1791.40,146
1619070300,1791.05,133
1619070360,1791.34,103
1619070420,1791.05,113
1619070480,1790.92,110
1619070540,1790.95,91
1619070600,1791.19,132
1619070660,1791.19,130
1619070720,1791.05,117
1619070780,1791.53,118
1619070840,1791.66,78
1619070900,1790.98,104
1619070960,1790.99,85
1619071020,1791.00,133
1619071080,1791.05,102
1619071140,1791.35,81
1619071200,1791.81,244
1619071260,1791.47,168
1619071320,1790.86,184
1619071380,1791.12,154
1619071440,1790.28,250
1619071500,1789.14,270
1619071560,1789.42,211
1619071620,1789.39,143
1619071680,1789.34,164
1619071740,1789.25,154
1619071800,1788.97,190
1619071860,1788.91,151
1619071920,1789.29,189
1619071980,1789.42,193
1619072040,1788.85,205
1619072100,1788.44,180
1619072160,1789.21,116
1619072220,1788.91,107
1619072280,1789.14,105
1619072340,1789.13,89
1619072400,1789.04,152
1619072460,1789.30,130
1619072520,1789.22,159
1619072580,1789.19,112
1619072640,1789.19,81
1619072700,1789.45,125
1619072760,1789.94,130
1619072820,1790.05,138
1619072880,1790.25,142
1619072940,1790.29,107
1619073000,1790.61,144
1619073060,1790.70,140
1619073120,1790.48,159
1619073180,1790.99,201
1619073240,1791.07,131
1619073300,1791.79,183
1619073360,1791.00,127
1619073420,1791.80,142
1619073480,1791.94,107
1619073540,1791.94,120
1619073600,1792.41,187
1619073660,1791.97,131
1619073720,1791.67,124
1619073780,1791.22,152
1619073840,1790.66,168
1619073900,1791.00,157
1619073960,1791.87,162
1619074020,1791.70,191
1619074080,1792.54,192
1619074140,1792.31,185
1619074200,1792.35,121
1619074260,1791.89,128
1619074320,1791.77,72
1619074380,1791.84,122
1619074440,1791.75,117
1619074500,1791.50,147
1619074560,1791.72,147
1619074620,1791.92,138
1619074680,1791.76,126
1619074740,1791.82,233
1619074800,1792.16,213
1619074860,1792.61,117
1619074920,1792.47,186
1619074980,1792.52,153
1619075040,1792.20,131
1619075100,1792.59,100
1619075160,1793.00,104
1619075220,1793.03,95
1619075280,1792.59,128
1619075340,1792.09,63
1619075400,1792.27,145
1619075460,1792.75,92
1619075520,1792.84,180
1619075580,1793.09,160
1619075640,1793.56,137
1619075700,1793.15,140
1619075760,1793.04,75
1619075820,1793.05,132
1619075880,1793.01,138
1619075940,1792.89,112
1619076000,1792.67,139
1619076060,1792.21,152
1619076120,1792.26,174
1619076180,1792.08,124
1619076240,1792.21,144
1619076300,1792.67,157
1619076360,1792.67,129
1619076420,1792.66,97
1619076480,1792.56,130
1619076540,1792.84,166
1619076600,1791.94,184
1619076660,1791.94,165
1619076720,1791.47,116
1619076780,1791.54,70
1619076840,1791.72,120
1619076900,1791.79,139
1619076960,1791.03,182
1619077020,1791.83,168
1619077080,1791.58,126
1619077140,1792.01,111
1619077200,1792.39,131
1619077260,1792.43,70
1619077320,1792.68,90
1619077380,1792.48,109
1619077440,1792.64,95
1619077500,1792.91,69
1619077560,1793.12,103
1619077620,1793.33,172
1619077680,1793.12,133
1619077740,1792.76,109
1619077800,1792.68,146
1619077860,1792.59,150
1619077920,1792.32,159
1619077980,1792.52,154
1619078040,1792.70,115
1619078100,1792.30,110
1619078160,1792.00,112
1619078220,1792.10,93
1619078280,1791.56,153
1619078340,1791.37,154
1619078400,1791.28,222
1619078460,1791.14,158
1619078520,1791.34,124
1619078580,1791.65,139
1619078640,1791.45,122
1619078700,1791.49,90
1619078760,1791.60,81
1619078820,1791.40,78
1619078880,1791.48,119
1619078940,1791.37,161
1619079000,1791.39,165
1619079060,1791.33,142
1619079120,1791.35,153
1619079180,1791.24,89
1619079240,1791.40,115
1619079300,1791.51,111
1619079360,1791.22,193
1619079420,1790.48,148
1619079480,1790.23,202
1619079540,1790.27,128
1619079600,1790.56,128
1619079660,1790.76,124
1619079720,1790.79,91
1619079780,1790.68,101
1619079840,1790.53,105
1619079900,1790.55,124
1619079960,1790.66,128
1619080020,1790.07,118
1619080080,1790.36,137
1619080140,1790.42,99
1619080200,1791.00,125
1619080260,1791.20,96
1619080320,1790.94,92
1619080380,1791.86,140
1619080440,1791.12,116
1619080500,1791.70,117
1619080560,1791.78,115
1619080620,1791.48,111
1619080680,1791.31,117
1619080740,1791.24,69
1619080800,1790.94,99
1619080860,1790.56,139
1619080920,1790.29,134
1619080980,1789.94,149
1619081040,1790.09,156
1619081100,1790.16,116
1619081160,1790.55,119
1619081220,1790.19,124
1619081280,1789.98,116
1619081340,1789.87,168
1619081400,1789.81,138
1619081460,1790.08,199
1619081520,1789.82,150
1619081580,1790.05,115
1619081640,1790.05,92
1619081700,1790.28,112
1619081760,1790.52,138
1619081820,1790.52,146
1619081880,1790.48,140
1619081940,1789.82,167
1619082000,1790.55,158
1619082060,1790.38,140
1619082120,1789.77,121
1619082180,1789.84,74
1619082240,1789.92,99
1619082300,1790.12,82
1619082360,1790.34,121
1619082420,1790.22,98
1619082480,1790.35,113
1619082540,1790.08,136
1619082600,1790.07,118
1619082660,1790.22,100
1619082720,1789.59,83
1619082780,1790.06,139
1619082840,1790.02,149
1619082900,1790.08,82
1619082960,1789.78,86
1619083020,1789.37,106
1619083080,1789.77,93
1619083140,1788.90,158
1619083200,1788.97,136
1619083260,1789.15,119
1619083320,1788.58,125
1619083380,1788.46,124
1619083440,1788.57,142
1619083500,1788.44,139
1619083560,1788.54,140
1619083620,1788.56,80
1619083680,1788.39,135
1619083740,1787.48,144
1619083800,1786.54,292
1619083860,1786.22,251
1619083920,1786.21,206
1619083980,1787.32,203
1619084040,1786.28,222
1619084100,1786.90,141
1619084160,1786.78,143
1619084220,1786.90,109
1619084280,1786.91,124
1619084340,1786.53,150
1619084400,1786.60,121
1619084460,1787.31,105
1619084520,1787.35,117
1619084580,1787.05,110
1619084640,1786.87,83
1619084700,1786.57,101
1619084760,1786.94,97
1619084820,1787.35,162
1619084880,1787.66,120
1619084940,1787.69,103
1619085000,1787.54,107
1619085060,1787.23,65
1619085120,1787.09,75
1619085180,1787.31,157
1619085240,1787.42,115
1619085300,1787.64,119
1619085360,1787.73,135
1619085420,1787.86,115
1619085480,1787.79,63
1619085540,1787.40,128
1619085600,1787.54,165
1619085660,1787.65,141
1619085720,1787.80,103
1619085780,1787.30,106
1619085840,1787.73,132
1619085900,1788.07,90
1619085960,1788.05,138
1619086020,1788.52,177
1619086080,1788.94,133
1619086140,1788.46,159
1619086200,1788.81,117
1619086260,1788.78,109
1619086320,1788.45,118
1619086380,1789.37,87
1619086440,1789.51,135
1619086500,1789.87,97
1619086560,1789.71,91
1619086620,1789.75,59
1619086680,1789.65,102
1619086740,1789.11,108
1619086800,1789.85,68
1619086860,1788.92,131
1619086920,1788.94,103
1619086980,1789.09,95
1619087040,1789.33,69
1619087100,1789.43,135
1619087160,1789.05,121
1619087220,1788.59,133
1619087280,1788.44,105
1619087340,1787.72,118
1619087400,1788.47,158
1619087460,1788.38,104
1619087520,1788.24,118
1619087580,1788.27,85
1619087640,1788.55,94
1619087700,1788.44,96
1619087760,1787.77,120
1619087820,1787.46,121
1619087880,1787.29,86
1619087940,1787.16,78
1619088000,1787.22,91
1619088060,1786.44,92
1619088120,1786.89,96
1619088180,1787.17,84
1619088240,1787.13,86
1619088300,1787.21,104
1619088360,1787.59,105
1619088420,1787.10,134
1619088480,1786.90,130
1619088540,1786.91,102
1619088600,1786.98,67
1619088660,1786.73,121
1619088720,1786.52,82
1619088780,1786.56,105
1619088840,1786.34,121
1619088900,1786.20,78
1619088960,1785.21,228
1619089020,1785.26,130
1619089080,1783.92,210
1619089140,1785.04,199
1619089200,1783.98,207
1619089260,1784.63,198
1619089320,1784.37,125
1619089380,1784.77,132
1619089440,1785.13,119
1619089500,1785.62,153
1619089560,1785.95,164
1619089620,1786.71,202
1619089680,1786.88,170
1619089740,1787.08,135
1619089800,1787.24,114
1619089860,1786.85,82
1619089920,1786.77,93
1619089980,1786.87,108
1619090040,1786.87,116
1619090100,1786.97,87
1619090160,1787.45,118
1619090220,1787.66,106
1619090280,1787.65,100
1619090340,1787.38,129
1619090400,1788.31,181
1619090460,1788.20,158
1619090520,1787.99,144
1619090580,1788.17,128
1619090640,1787.64,123
1619090700,1787.39,120
1619090760,1786.97,135
1619090820,1787.19,137
1619090880,1787.53,91
1619090940,1787.22,100
1619091000,1787.25,83
1619091060,1786.86,103
1619091120,1786.89,102
1619091180,1786.68,112
1619091240,1787.01,85
1619091300,1787.62,156
1619091360,1787.22,133
1619091420,1786.95,94
1619091480,1786.96,108
1619091540,1787.11,75
1619091600,1787.21,96
1619091660,1787.53,128
1619091720,1787.82,165
1619091780,1787.50,117
1619091840,1787.50,124
1619091900,1787.51,96
1619091960,1788.07,104
1619092020,1788.41,221
1619092080,1788.40,142
1619092140,1788.39,90
1619092200,1788.10,83
1619092260,1786.79,172
1619092320,1786.08,143
1619092380,1785.67,97
1619092440,1785.60,128
1619092500,1785.62,170
1619092560,1785.48,168
1619092620,1785.78,228
1619092680,1785.77,166
1619092740,1786.22,151
1619092800,1785.65,205
1619092860,1785.26,266
1619092920,1785.16,216
1619092980,1785.09,194
1619093040,1785.29,175
1619093100,1784.79,189
1619093160,1784.30,175
1619093220,1783.87,266
1619093280,1783.83,257
1619093340,1783.76,235
1619093400,1783.45,230
1619093460,1784.11,206
1619093520,1783.31,208
1619093580,1783.09,199
1619093640,1782.71,267
1619093700,1783.84,244
1619093760,1784.14,230
1619093820,1784.46,184
1619093880,1784.65,184
1619093940,1785.30,283
1619094000,1786.39,247
1619094060,1786.68,242
1619094120,1786.96,255
1619094180,1786.64,182
1619094240,1786.48,208
1619094300,1786.29,202
1619094360,1785.40,201
1619094420,1784.60,235
1619094480,1785.09,148
1619094540,1784.63,137
1619094600,1783.53,251
1619094660,1784.53,260
1619094720,1785.25,343
1619094780,1785.09,319
1619094840,1786.05,262
1619094900,1785.58,284
1619094960,1785.57,224
1619095020,1786.34,202
1619095080,1785.03,234
1619095140,1785.93,200
1619095200,1786.58,297
1619095260,1786.83,263
1619095320,1786.32,235
1619095380,1787.09,230
1619095440,1787.05,203
1619095500,1786.92,202
1619095560,1786.67,158
1619095620,1786.69,168
1619095680,1786.50,188
1619095740,1785.87,221
1619095800,1787.19,283
1619095860,1786.79,232
1619095920,1786.14,188
1619095980,1785.70,267
1619096040,1786.15,255
1619096100,1786.19,231
1619096160,1785.74,217
1619096220,1783.82,280
1619096280,1783.82,397
1619096340,1785.23,355
1619096400,1785.31,372
1619096460,1785.25,331
1619096520,1785.33,287
1619096580,1782.42,392
1619096640,1782.75,431
1619096700,1783.46,393
1619096760,1783.64,385
1619096820,1783.86,300
1619096880,1784.80,292
1619096940,1784.33,273
1619097000,1784.01,302
1619097060,1783.78,314
1619097120,1782.62,284
1619097180,1783.03,264
1619097240,1783.48,257
1619097300,1782.73,260
1619097360,1784.84,307
1619097420,1785.54,301
1619097480,1785.93,316
1619097540,1785.07,346
1619097600,1782.12,421
1619097660,1780.60,438
1619097720,1780.85,362
1619097780,1782.92,371
1619097840,1783.52,377
1619097900,1782.91,364
1619097960,1784.51,304
1619098020,1784.04,298
1619098080,1784.18,194
1619098140,1783.82,247
1619098200,1783.60,358
1619098260,1782.54,358
1619098320,1782.43,359
1619098380,1784.43,356
1619098440,1784.35,393
1619098500,1784.52,390
1619098560,1784.34,343
1619098620,1784.38,371
1619098680,1785.08,402
1619098740,1785.64,335
1619098800,1784.49,366
1619098860,1784.69,356
1619098920,1784.86,361
1619098980,1785.00,365
1619099040,1785.00,317
1619099100,1784.71,362
1619099160,1784.71,316
1619099220,1784.84,274
1619099280,1784.26,305
1619099340,1783.65,334
1619099400,1784.23,319
1619099460,1785.98,297
1619099520,1785.51,294
1619099580,1786.53,356
1619099640,1787.35,315
1619099700,1787.30,266
1619099760,1787.68,275
1619099820,1787.73,308
1619099880,1786.88,280
1619099940,1787.17,244
1619100000,1787.80,354
1619100060,1787.25,320
1619100120,1787.11,339
1619100180,1787.24,323
1619100240,1786.89,347
1619100300,1785.98,341
1619100360,1786.89,306
1619100420,1787.10,273
1619100480,1786.23,264
1619100540,1786.61,274
1619100600,1786.85,325
1619100660,1785.93,323
1619100720,1786.94,292
1619100780,1785.90,283
1619100840,1785.98,244
1619100900,1784.15,368
1619100960,1784.69,341
1619101020,1784.48,269
1619101080,1784.84,285
1619101140,1784.98,289
1619101200,1784.85,312
1619101260,1784.54,246
1619101320,1784.68,285
1619101380,1784.80,239
1619101440,1785.35,250
1619101500,1785.58,225
1619101560,1786.21,252
1619101620,1785.90,206
1619101680,1785.30,264
1619101740,1784.60,271
1619101800,1784.34,261
1619101860,1785.18,294
1619101920,1785.30,287
1619101980,1785.52,202
1619102040,1786.02,279
1619102100,1785.62,178
1619102160,1785.61,167
1619102220,1786.15,206
1619102280,1786.59,218
1619102340,1786.74,229
1619102400,1786.81,214
1619102460,1787.03,227
1619102520,1787.52,252
1619102580,1787.51,213
1619102640,1786.77,277
1619102700,1786.66,230
1619102760,1786.41,206
1619102820,1786.01,257
1619102880,1786.07,259
1619102940,1786.11,169
1619103000,1785.74,251
1619103060,1785.34,211
1619103120,1785.75,208
1619103180,1785.38,268
1619103240,1785.29,175
1619103300,1785.02,265
1619103360,1785.27,203
1619103420,1785.33,215
1619103480,1785.37,199
1619103540,1784.99,236
1619103600,1784.98,218
1619103660,1784.82,225
1619103720,1784.30,221
1619103780,1783.91,241
1619103840,1784.01,225
1619103900,1784.20,184
1619103960,1784.47,143
1619104020,1784.51,145
1619104080,1784.78,179
1619104140,1785.40,219
1619104200,1784.41,224
1619104260,1784.91,161
1619104320,1784.47,240
1619104380,1784.71,201
1619104440,1784.58,131
1619104500,1784.13,148
1619104560,1783.79,170
1619104620,1783.06,212
1619104680,1782.84,291
1619104740,1782.95,166
1619104800,1782.70,184
1619104860,1782.16,222
1619104920,1781.87,265
1619104980,1782.06,203
1619105040,1782.02,219
1619105100,1781.90,230
1619105160,1782.53,148
1619105220,1781.90,225
1619105280,1781.23,223
1619105340,1780.38,329
1619105400,1779.43,310
1619105460,1780.25,312
1619105520,1781.23,333
1619105580,1780.79,312
1619105640,1781.34,301
1619105700,1781.41,272
1619105760,1781.42,246
1619105820,1781.56,197
1619105880,1781.82,256
1619105940,1781.74,171
1619106000,1781.24,193
1619106060,1781.94,165
1619106120,1782.38,229
1619106180,1782.31,215
1619106240,1782.20,156
1619106300,1782.40,189
1619106360,1782.12,135
1619106420,1782.42,165
1619106480,1782.51,192
1619106540,1782.48,184
1619106600,1782.96,188
1619106660,1782.84,197
1619106720,1782.94,143
1619106780,1782.68,143
1619106840,1782.13,170
1619106900,1782.10,196
1619106960,1782.24,159
1619107020,1781.51,138
1619107080,1781.01,235
1619107140,1780.80,222
1619107200,1780.34,264
1619107260,1779.70,235
1619107320,1778.44,324
1619107380,1778.39,267
1619107440,1777.86,262
1619107500,1777.86,213
1619107560,1778.16,223
1619107620,1778.06,205
1619107680,1778.39,177
1619107740,1778.09,148
1619107800,1778.14,161
1619107860,1778.22,119
1619107920,1778.86,198
1619107980,1778.83,133
1619108040,1778.96,185
1619108100,1779.45,194
1619108160,1780.12,235
1619108220,1780.01,203
1619108280,1780.37,179
1619108340,1780.35,153
1619108400,1780.49,184
1619108460,1780.26,183
1619108520,1780.64,126
1619108580,1780.86,189
1619108640,1780.98,176
1619108700,1781.08,189
1619108760,1781.35,179
1619108820,1781.14,162
1619108880,1780.98,117
1619108940,1781.21,205
1619109000,1781.57,114
1619109060,1781.18,171
1619109120,1780.89,214
1619109180,1780.93,142
1619109240,1780.98,105
1619109300,1781.09,110
1619109360,1780.97,114
1619109420,1780.95,136
1619109480,1781.38,143
1619109540,1781.25,122
1619109600,1781.46,130
1619109660,1781.18,120
1619109720,1780.95,156
1619109780,1780.76,144
1619109840,1780.94,143
1619109900,1780.69,138
1619109960,1780.78,85
1619110020,1780.83,128
1619110080,1780.77,122
1619110140,1780.98,134
1619110200,1780.79,72
1619110260,1780.53,131
1619110320,1780.77,127
1619110380,1780.94,125
1619110440,1781.24,161
1619110500,1781.58,200
1619110560,1781.15,172
1619110620,1781.64,146
1619110680,1781.76,153
1619110740,1781.83,129
1619110800,1781.73,118
1619110860,1781.82,93
1619110920,1781.07,155
1619110980,1781.28,120
1619111040,1781.50,115
1619111100,1781.74,165
1619111160,1782.65,256
1619111220,1782.95,356
1619111280,1782.17,352
1619111340,1782.79,292
1619111400,1783.38,281
1619111460,1783.52,360
1619111520,1782.99,274
1619111580,1782.73,297
1619111640,1782.60,261
1619111700,1782.87,246
1619111760,1782.52,160
1619111820,1782.33,196
1619111880,1782.79,218
1619111940,1782.54,238
1619112000,1781.94,326
1619112060,1782.65,264
1619112120,1782.05,243
1619112180,1781.52,258
1619112240,1782.11,231
1619112300,1781.71,243
1619112360,1781.81,164
1619112420,1782.40,156
1619112480,1782.01,186
1619112540,1781.59,304
1619112600,1781.30,267
1619112660,1780.72,198
1619112720,1781.29,227
1619112780,1780.95,225
1619112840,1781.24,239
1619112900,1781.00,192
1619112960,1780.62,153
1619113020,1780.80,180
1619113080,1780.74,185
1619113140,1780.62,172
1619113200,1781.14,190
1619113260,1781.28,148
1619113320,1780.82,146
1619113380,1781.21,169
1619113440,1781.60,221
1619113500,1781.48,201
1619113560,1781.49,211
1619113620,1781.17,187
1619113680,1781.10,178
1619113740,1782.10,210
1619113800,1781.77,225
1619113860,1781.23,189
1619113920,1781.64,152
1619113980,1781.84,211
1619114040,1781.92,183
1619114100,1782.07,241
1619114160,1782.21,234
1619114220,1782.40,145
1619114280,1782.39,212
1619114340,1782.39,113
1619114400,1782.09,216
1619114460,1781.49,200
1619114520,1781.00,234
1619114580,1781.06,251
1619114640,1781.11,219
1619114700,1780.78,239
1619114760,1780.58,216
1619114820,1779.71,217
1619114880,1779.56,244
1619114940,1779.07,251
1619115000,1779.60,297
1619115060,1779.21,221
1619115120,1779.62,183
1619115180,1780.09,171
1619115240,1780.07,150
1619115300,1780.08,173
1619115360,1780.10,195
1619115420,1779.97,160
1619115480,1779.96,143
1619115540,1779.99,84
1619115600,1779.87,155
1619115660,1779.97,210
1619115720,1780.32,142
1619115780,1780.35,142
1619115840,1780.25,109
1619115900,1779.93,99
1619115960,1780.25,122
1619116020,1780.46,111
1619116080,1780.06,127
1619116140,1780.06,195
1619116200,1780.02,139
1619116260,1779.86,96
1619116320,1780.35,143
1619116380,1780.80,128
1619116440,1781.01,116
1619116500,1781.25,100
1619116560,1781.72,122
1619116620,1781.76,104
1619116680,1781.87,117
1619116740,1781.90,116
1619116800,1781.93,121
1619116860,1782.28,89
1619116920,1782.30,85
1619116980,1782.61,84
1619117040,1782.69,100
1619117100,1782.41,158
1619117160,1782.19,97
1619117220,1781.97,88
1619117280,1782.20,91
1619117340,1782.26,113
1619117400,1781.97,120
1619117460,1781.56,120
1619117520,1781.64,115
1619117580,1781.72,85
1619117640,1781.82,123
1619117700,1781.72,85
1619117760,1782.21,109
1619117820,1782.28,117
1619117880,1782.37,91
1619117940,1782.62,161
1619118000,1782.10,130
1619118060,1782.33,127
1619118120,1782.11,85
1619118180,1782.12,94
1619118240,1781.80,80
1619118300,1781.80,90
1619118360,1782.02,45
1619118420,1781.75,93
1619118480,1781.90,107
1619118540,1781.80,87
1619118600,1781.69,38
1619118660,1781.98,34
1619118720,1781.62,72
1619118780,1782.05,85
1619118840,1781.71,35
1619118900,1781.77,47
1619118960,1781.57,60
1619119020,1781.77,107
1619119080,1781.48,35
1619119140,1781.88,132
1619119200,1781.87,112
1619119260,1782.08,100
1619119320,1781.48,105
1619119380,1781.78,72
1619119440,1781.49,80
1619119500,1781.77,105
1619119560,1781.79,110
1619119620,1782.04,80
1619119680,1782.26,114
1619119740,1782.38,112
1619119800,1782.25,116
1619119860,1782.28,107
1619119920,1782.76,59
1619119980,1782.66,59
1619120040,1783.04,74
1619120100,1783.14,65
1619120160,1783.12,69
1619120220,1783.05,65
1619120280,1783.20,62
1619120340,1783.34,83
1619120400,1783.30,72
1619120460,1783.24,47
1619120520,1783.43,45
1619120580,1783.23,93
1619120640,1783.12,36
1619120700,1783.29,98
1619120760,1783.21,66
1619120820,1783.34,40
1619120880,1783.20,96
1619120940,1783.08,84
1619121000,1783.32,164
1619121060,1783.40,117
1619121120,1783.31,104
1619121180,1783.44,100
1619121240,1783.81,133
1619121300,1783.37,115
1619121360,1783.41,97
1619121420,1783.51,120
1619121480,1783.44,106
1619121540,1783.51,195
1619121600,1784.10,167
1619121660,1784.20,49
1619121720,1783.99,36
1619121780,1783.90,17
1619121840,1784.05,13
1619121900,1784.29,29
1619121960,1784.35,45
1619122020,1784.29,31
1619122080,1784.19,27
1619122140,1784.10,13
1619122200,1784.15,10
1619122260,1784.05,24
1619122320,1783.90,55
1619122380,1783.60,53
1619122440,1783.50,43
1619122500,1783.51,41
1619122560,1783.51,28
1619122620,1783.51,9
1619122680,1783.52,18
1619122740,1783.43,31
1619122800,1783.21,19
1619122860,1783.11,4
1619122920,1783.21,4
1619123040,1783.30,8
1619123100,1783.50,12
1619123160,1783.60,18
1619123220,1783.70,6
1619123280,1783.31,20
1619123340,1783.40,16
1619123400,1783.50,15
1619123460,1783.60,5
1619123520,1783.40,16
1619123580,1783.40,2
1619123640,1783.40,2
1619123700,1783.40,7
1619123760,1783.40,5
1619123880,1783.30,8
1619123940,1783.40,18
1619124000,1783.40,8
1619124060,1783.70,8
1619124120,1783.80,17
1619124180,1783.90,10
1619124240,1784.00,6
1619124300,1784.22,60
1619124360,1784.40,31
1619124420,1784.11,40
1619124480,1784.20,13
1619124540,1784.20,6
1619124600,1784.00,30
1619124660,1784.39,39
1619124720,1784.38,7
1619124780,1784.44,25
1619124840,1784.38,31
1619124900,1784.28,15
1619124960,1784.09,30
1619128920,1784.18,46
1619128980,1784.00,47
1619129040,1784.11,56
1619129100,1784.20,25
1619129160,1784.36,45
1619129220,1784.18,30
1619129280,1784.27,25
1619129340,1784.05,29
1619129400,1784.03,21
1619129460,1784.08,52
1619129520,1783.98,9
1619129580,1783.97,20
1619129640,1784.07,6
1619129700,1784.20,27
1619129760,1784.14,5
1619129820,1784.15,23
1619129880,1783.95,31
1619129940,1783.96,15
1619130000,1784.05,12
1619130060,1784.02,17
1619130120,1783.98,11
1619130180,1783.97,17
1619130240,1783.94,6
1619130300,1783.83,9
1619130360,1783.90,7
1619130420,1783.75,16
1619130480,1783.86,8
1619130540,1783.93,17
1619130600,1783.86,24
1619130660,1783.68,10
1619130720,1783.95,24
1619130780,1784.20,10
1619130840,1784.16,36
1619130900,1784.16,21
1619130960,1784.16,20
1619131020,1784.07,7
1619131080,1783.87,12
1619131140,1783.87,5
1619131200,1783.77,4
1619131260,1783.90,15
1619131320,1783.83,55
1619131380,1783.92,15
1619131440,1783.92,10
1619131500,1784.03,5
1619131560,1784.13,30
1619131620,1784.14,18
1619131680,1784.15,31
1619131740,1784.15,22
1619131800,1784.54,26
1619131860,1784.64,4
1619131920,1784.84,22
1619131980,1785.14,27
1619132040,1785.99,115
1619132100,1785.82,76
1619132160,1785.31,94
1619132220,1785.28,48
1619132280,1784.49,61
1619132340,1783.90,55
1619132400,1784.56,62
1619132460,1784.63,32
1619132520,1784.44,38
1619132580,1784.55,19
1619132640,1784.35,18
1619132700,1784.22,44
1619132760,1784.74,28
1619132820,1784.82,41
1619132880,1785.04,26
1619132940,1784.90,31
1619133000,1784.64,14
1619133060,1784.66,3
1619133120,1784.14,55
1619133180,1784.85,73
1619133240,1785.00,43
1619133300,1785.00,47
1619133360,1784.94,35
1619133420,1784.28,74
1619133480,1784.89,58
1619133540,1785.20,35
1619133600,1785.17,49
1619133660,1785.54,31
1619133720,1785.55,36
1619133780,1785.20,34
1619133840,1784.82,36
1619133900,1784.81,48
1619133960,1784.84,34
1619134020,1784.98,27
1619134080,1784.55,23
1619134140,1784.33,40
1619134200,1784.94,49
1619134260,1784.77,36
1619134320,1784.48,27
1619134380,1784.73,28
1619134440,1784.69,18
1619134500,1784.20,49
1619134560,1784.32,65
1619134620,1784.32,33
1619134680,1784.22,21
1619134740,1784.42,15
1619134800,1784.21,41
1619134860,1784.53,39
1619134920,1784.54,40
1619134980,1784.35,33
1619135040,1784.24,18
1619135100,1784.07,54
1619135160,1783.65,56
1619135220,1783.59,77
1619135280,1783.44,52
1619135340,1783.45,57
1619135400,1783.64,36
1619135460,1783.66,54
1619135520,1783.56,43
1619135580,1783.69,20
1619135640,1783.68,30
1619135700,1783.65,46
1619135760,1783.35,45
1619135820,1783.03,40
1619135880,1783.12,48
1619135940,1783.14,37
1619136000,1783.82,60
1619136060,1783.35,122
1619136120,1783.21,96
1619136180,1783.17,83
1619136240,1783.56,62
1619136300,1783.37,83
1619136360,1783.46,70
1619136420,1783.31,56
1619136480,1783.85,69
1619136540,1783.69,81
1619136600,1783.56,72
1619136660,1783.47,55
1619136720,1783.63,53
1619136780,1783.76,38
1619136840,1783.93,58
1619136900,1783.67,86
1619136960,1783.72,58
1619137020,1783.52,32
1619137080,1783.65,66
1619137140,1783.58,73
1619137200,1783.45,58
1619137260,1783.66,66
1619137320,1783.76,64
1619137380,1784.06,39
1619137440,1783.97,33
1619137500,1784.46,52
1619137560,1784.41,99
1619137620,1784.29,85
1619137680,1784.48,71
1619137740,1784.38,45
1619137800,1783.88,97
1619137860,1784.17,63
1619137920,1784.28,82
1619137980,1784.03,46
1619138040,1784.08,57
1619138100,1784.18,60
1619138160,1783.99,65
1619138220,1783.99,21
1619138280,1783.98,34
1619138340,1784.08,75
1619138400,1783.72,49
1619138460,1783.79,45
1619138520,1783.78,80
1619138580,1783.41,54
1619138640,1783.66,95
1619138700,1783.71,55
1619138760,1783.74,55
1619138820,1783.20,59
1619138880,1783.22,94
1619138940,1783.15,98
1619139000,1783.05,117
1619139060,1783.11,80
1619139120,1783.34,57
1619139180,1783.33,116
1619139240,1783.55,198
1619139300,1783.64,138
1619139360,1783.91,112
1619139420,1783.73,77
1619139480,1783.89,102
1619139540,1784.01,67
1619139600,1784.13,285
1619139660,1783.82,191
1619139720,1784.53,177
1619139780,1784.66,162
1619139840,1785.02,151
1619139900,1785.23,220
1619139960,1785.04,171
1619140020,1785.42,226
1619140080,1785.71,137
1619140140,1785.41,153
1619140200,1785.64,136
1619140260,1785.57,144
1619140320,1786.08,187
1619140380,1786.65,168
1619140440,1786.37,118
1619140500,1786.76,145
1619140560,1786.36,123
1619140620,1786.46,121
1619140680,1786.86,84
1619140740,1787.29,140
1619140800,1787.99,163
1619140860,1787.84,154
1619140920,1787.93,108
1619140980,1787.77,81
1619141040,1787.82,116
1619141100,1788.22,138
1619141160,1787.74,79
1619141220,1787.52,103
1619141280,1787.12,128
1619141340,1786.94,88
1619141400,1786.63,109
1619141460,1786.49,116
1619141520,1786.35,129
1619141580,1786.11,194
1619141640,1786.92,132
1619141700,1787.60,163
1619141760,1787.48,108
1619141820,1787.36,145
1619141880,1787.68,98
1619141940,1787.81,139
1619142000,1788.48,143
1619142060,1788.52,225
1619142120,1789.05,142
1619142180,1788.79,66
1619142240,1789.34,152
1619142300,1788.95,79
1619142360,1788.62,150
1619142420,1789.08,149
1619142480,1789.16,140
1619142540,1789.00,124
1619142600,1789.09,88
1619142660,1789.29,74
1619142720,1789.59,99
1619142780,1789.35,173
1619142840,1789.55,117
1619142900,1789.16,146
1619142960,1789.19,117
1619143020,1788.78,111
1619143080,1788.79,108
1619143140,1788.76,79
1619143200,1788.38,187
1619143260,1788.44,210
1619143320,1788.21,201
1619143380,1788.50,186
1619143440,1788.21,91
1619143500,1787.78,189
1619143560,1787.81,139
1619143620,1787.54,115
1619143680,1787.53,170
1619143740,1787.44,103
1619143800,1787.64,57
1619143860,1787.47,88
1619143920,1787.20,84
1619143980,1787.06,106
1619144040,1787.04,110
1619144100,1787.19,119
1619144160,1787.19,139
1619144220,1787.52,117
1619144280,1787.34,85
1619144340,1787.41,92
1619144400,1787.43,46
1619144460,1787.72,69
1619144520,1788.04,113
1619144580,1787.97,77
1619144640,1787.82,76
1619144700,1787.72,67
1619144760,1787.75,68
1619144820,1788.02,59
1619144880,1787.88,66
1619144940,1787.97,68
1619145000,1787.85,82
1619145060,1787.96,33
1619145120,1788.07,93
1619145180,1787.71,144
1619145240,1787.72,80
1619145300,1787.43,49
1619145360,1787.38,43
1619145420,1787.67,93
1619145480,1787.41,75
1619145540,1787.42,57
1619145600,1787.94,101
1619145660,1787.93,63
1619145720,1787.84,84
1619145780,1787.71,88
1619145840,1787.97,108
1619145900,1788.16,117
1619145960,1788.13,64
1619146020,1788.00,111
1619146080,1787.88,85
1619146140,1787.67,106
1619146200,1787.70,56
1619146260,1787.30,86
1619146320,1787.17,95
1619146380,1787.19,71
1619146440,1787.05,83
1619146500,1786.88,106
1619146560,1786.87,108
1619146620,1786.91,84
1619146680,1787.19,95
1619146740,1787.27,92
1619146800,1786.82,110
1619146860,1786.82,74
1619146920,1786.85,70
1619146980,1786.46,79
1619147040,1786.17,53
1619147100,1786.26,94
1619147160,1786.20,109
1619147220,1786.17,89
1619147280,1786.27,76
1619147340,1786.69,134
1619147400,1786.93,139
1619147460,1786.87,97
1619147520,1786.73,125
1619147580,1786.60,64
1619147640,1786.96,53
1619147700,1787.01,85
1619147760,1787.04,71
1619147820,1787.27,88
1619147880,1787.01,91
1619147940,1787.23,82
1619148000,1786.43,95
1619148060,1786.85,133
1619148120,1786.79,53
1619148180,1786.91,78
1619148240,1786.71,96
1619148300,1787.04,85
1619148360,1787.11,111
1619148420,1787.12,80
1619148480,1787.19,98
1619148540,1787.32,122
1619148600,1787.32,71
1619148660,1787.15,56
1619148720,1787.04,66
1619148780,1786.95,27
1619148840,1786.76,46
1619148900,1786.67,57
1619148960,1786.74,85
1619149020,1786.65,66
1619149080,1786.52,41
1619149140,1786.64,45
1619149200,1786.71,59
1619149260,1786.52,66
1619149320,1786.35,48
1619149380,1786.47,24
1619149440,1786.49,31
1619149500,1786.39,79
1619149560,1786.32,65
1619149620,1786.26,117
1619149680,1786.27,47
1619149740,1786.33,53
1619149800,1786.27,53
1619149860,1786.25,60
1619149920,1786.35,57
1619149980,1786.36,49
1619150040,1786.70,70
1619150100,1786.36,99
1619150160,1786.37,51
1619150220,1786.23,91
1619150280,1786.41,51
1619150340,1786.01,92
1619150400,1785.77,97
1619150460,1785.61,58
1619150520,1785.46,59
1619150580,1785.52,35
1619150640,1785.50,85
1619150700,1785.76,67
1619150760,1785.51,38
1619150820,1785.50,91
1619150880,1785.17,73
1619150940,1785.21,74
1619151000,1785.19,76
1619151060,1785.00,73
1619151120,1785.84,114
1619151180,1785.82,61
1619151240,1786.09,33
1619151300,1786.45,51
1619151360,1786.49,62
1619151420,1786.59,122
1619151480,1786.10,140
1619151540,1785.93,69
1619151600,1785.48,53
1619151660,1785.06,54
1619151720,1785.23,115
1619151780,1785.90,213
1619151840,1785.77,88
1619151900,1785.84,81
1619151960,1785.98,62
1619152020,1785.76,54
1619152080,1785.30,142
1619152140,1785.13,86
1619152200,1785.11,139
1619152260,1784.85,141
1619152320,1784.58,102
1619152380,1784.48,67
1619152440,1784.34,86
1619152500,1784.54,53
1619152560,1784.53,61
1619152620,1784.81,71
1619152680,1784.89,73
1619152740,1784.69,51
1619152800,1784.48,83
1619152860,1784.78,92
1619152920,1784.84,48
1619152980,1784.88,50
1619153040,1785.10,82
1619153100,1785.03,83
1619153160,1785.35,129
1619153220,1785.11,114
1619153280,1784.91,62
1619153340,1784.91,78
1619153400,1784.69,101
1619153460,1784.93,115
1619153520,1785.17,100
1619153580,1785.08,55
1619153640,1785.09,44
1619153700,1785.10,52
1619153760,1784.94,47
1619153820,1784.99,38
1619153880,1784.98,49
1619153940,1784.89,42
1619154000,1785.18,100
1619154060,1785.18,60
1619154120,1785.18,36
1619154180,1785.00,75
1619154240,1784.93,78
1619154300,1784.73,21
1619154360,1784.60,49
1619154420,1784.58,87
1619154480,1784.75,47
1619154540,1784.70,61
1619154600,1784.60,53
1619154660,1784.83,51
1619154720,1784.79,88
1619154780,1784.75,64
1619154840,1784.77,38
1619154900,1784.56,41
1619154960,1784.79,78
1619155020,1784.48,94
1619155080,1785.07,128
1619155140,1784.70,87
1619155200,1784.67,27
1619155260,1784.66,39
1619155320,1784.57,104
1619155380,1784.49,69
1619155440,1784.11,68
1619155500,1784.24,96
1619155560,1784.17,47
1619155620,1784.16,36
1619155680,1784.06,71
1619155740,1783.68,69
1619155800,1783.91,221
1619155860,1783.49,186
1619155920,1783.06,185
1619155980,1782.89,170
1619156040,1783.69,178
1619156100,1783.67,140
1619156160,1783.54,161
1619156220,1783.79,104
1619156280,1783.96,124
1619156340,1783.75,120
1619156400,1783.57,140
1619156460,1783.76,160
1619156520,1783.76,112
1619156580,1783.46,100
1619156640,1783.60,111
1619156700,1783.72,94
1619156760,1783.93,113
1619156820,1783.68,104
1619156880,1783.76,69
1619156940,1784.09,66
1619157000,1784.20,93
1619157060,1783.99,87
1619157120,1783.86,99
1619157180,1784.09,98
1619157240,1784.22,58
1619157300,1784.11,80
1619157360,1783.61,44
1619157420,1783.93,74
1619157480,1784.88,137
1619157540,1784.80,142
1619157600,1784.42,180
1619157660,1784.97,169
1619157720,1785.67,170
1619157780,1786.12,161
1619157840,1785.95,118
1619157900,1786.04,135
1619157960,1786.23,103
1619158020,1786.24,67
1619158080,1786.34,69
1619158140,1786.29,120
1619158200,1785.88,146
1619158260,1786.50,130
1619158320,1786.40,114
1619158380,1786.30,80
1619158440,1786.39,132
1619158500,1786.15,135
1619158560,1785.74,107
1619158620,1785.66,149
1619158680,1785.38,121
1619158740,1785.88,108
1619158800,1785.47,123
1619158860,1785.34,108
1619158920,1785.13,121
1619158980,1784.74,93
1619159040,1784.19,104
1619159100,1784.01,115
1619159160,1784.25,133
1619159220,1784.34,118
1619159280,1783.73,179
1619159340,1783.77,132
1619159400,1783.76,115
1619159460,1783.82,133
1619159520,1783.56,76
1619159580,1783.59,68
1619159640,1783.08,103
1619159700,1783.26,149
1619159760,1783.23,150
1619159820,1782.92,93
1619159880,1783.18,133
1619159940,1783.38,145
1619160000,1783.91,150
1619160060,1784.73,148
1619160120,1784.45,114
1619160180,1784.02,93
1619160240,1784.02,84
1619160300,1783.93,86
1619160360,1784.21,93
1619160420,1784.86,63
1619160480,1784.83,158
1619160540,1784.94,105
1619160600,1784.62,120
1619160660,1784.44,126
1619160720,1784.43,97
1619160780,1784.64,61
1619160840,1784.76,101
1619160900,1785.02,113
1619160960,1785.36,160
1619161020,1785.33,124
1619161080,1785.13,178
1619161140,1785.01,205
1619161200,1785.62,259
1619161260,1785.44,182
1619161320,1785.52,144
1619161380,1785.13,145
1619161440,1785.11,115
1619161500,1784.75,150
1619161560,1784.78,140
1619161620,1785.88,201
1619161680,1786.28,201
1619161740,1786.63,189
1619161800,1786.33,206
1619161860,1785.84,142
1619161920,1785.73,153
1619161980,1785.15,139
1619162040,1785.43,184
1619162100,1784.97,261
1619162160,1784.08,202
1619162220,1784.04,224
1619162280,1784.62,234
1619162340,1784.79,216
1619162400,1783.65,292
1619162460,1783.56,226
1619162520,1783.22,215
1619162580,1782.34,215
1619162640,1782.58,213
1619162700,1782.43,233
1619162760,1783.20,216
1619162820,1783.15,190
1619162880,1783.50,168
1619162940,1782.84,197
1619163000,1781.99,287
1619163060,1781.99,229
1619163120,1782.15,215
1619163180,1782.65,178
1619163240,1782.35,188
1619163300,1782.46,189
1619163360,1782.19,177
1619163420,1782.96,139
1619163480,1782.92,148
1619163540,1782.92,133
1619163600,1783.03,146
1619163660,1783.61,179
1619163720,1783.22,183
1619163780,1783.26,158
1619163840,1783.66,109
1619163900,1783.77,125
1619163960,1783.87,145
1619164020,1784.16,162
1619164080,1784.36,156
1619164140,1784.26,195
1619164200,1784.12,104
1619164260,1783.73,170
1619164320,1783.77,154
1619164380,1783.61,130
1619164440,1783.65,152
1619164500,1783.44,80
1619164560,1783.37,96
1619164620,1783.41,115
1619164680,1783.77,128
1619164740,1783.06,170
1619164800,1782.86,198
1619164860,1783.20,179
1619164920,1783.03,146
1619164980,1782.91,109
1619165040,1782.77,116
1619165100,1782.88,94
1619165160,1783.06,123
1619165220,1783.20,100
1619165280,1782.52,96
1619165340,1782.31,123
1619165400,1782.48,140
1619165460,1782.39,125
1619165520,1782.27,147
1619165580,1782.30,78
1619165640,1781.92,93
1619165700,1782.06,179
1619165760,1782.63,136
1619165820,1783.13,128
1619165880,1783.50,149
1619165940,1783.56,108
1619166000,1784.34,177
1619166060,1783.86,142
1619166120,1784.24,167
1619166180,1783.78,133
1619166240,1783.65,93
1619166300,1783.33,73
1619166360,1783.29,76
1619166420,1783.22,110
1619166480,1783.50,68
1619166540,1783.61,91
1619166600,1784.24,131
1619166660,1784.20,77
1619166720,1783.97,138
1619166780,1784.25,121
1619166840,1784.11,146
1619166900,1783.70,170
1619166960,1783.32,148
1619167020,1783.28,128
1619167080,1783.97,165
1619167140,1784.00,86
1619167200,1784.25,83
1619167260,1783.69,126
1619167320,1784.41,132
1619167380,1784.31,79
1619167440,1784.48,72
1619167500,1784.73,150
1619167560,1784.75,123
1619167620,1784.65,97
1619167680,1784.30,78
1619167740,1784.35,68
1619167800,1784.68,137
1619167860,1785.06,108
1619167920,1784.88,80
1619167980,1785.10,85
1619168040,1784.86,111
1619168100,1784.83,80
1619168160,1784.57,121
1619168220,1784.86,83
1619168280,1784.94,97
1619168340,1784.66,143
1619168400,1784.42,119
1619168460,1784.14,129
1619168520,1784.28,87
1619168580,1784.07,78
1619168640,1784.65,88
1619168700,1784.89,83
1619168760,1785.37,112
1619168820,1785.68,117
1619168880,1785.56,90
1619168940,1785.72,85
1619169000,1785.91,132
1619169060,1785.24,127
1619169120,1785.08,111
1619169180,1785.03,74
1619169240,1784.76,83
1619169300,1784.87,84
1619169360,1784.96,59
1619169420,1785.18,50
1619169480,1784.90,54
1619169540,1785.35,92
1619169600,1785.74,145
1619169660,1785.76,138
1619169720,1785.83,115
1619169780,1785.80,120
1619169840,1785.58,96
1619169900,1785.17,92
1619169960,1784.95,97
1619170020,1785.08,96
1619170080,1785.21,64
1619170140,1785.20,86
1619170200,1784.97,65
1619170260,1784.82,117
1619170320,1784.67,94
1619170380,1784.38,79
1619170440,1784.43,81
1619170500,1784.53,82
1619170560,1784.88,110
1619170620,1785.14,103
1619170680,1784.82,110
1619170740,1784.96,169
1619170800,1785.16,106
1619170860,1785.01,77
1619170920,1784.85,62
1619170980,1785.09,69
1619171040,1785.12,71
1619171100,1785.58,98
1619171160,1785.66,129
1619171220,1785.58,85
1619171280,1785.63,101
1619171340,1785.60,56
1619171400,1785.71,54
1619171460,1785.91,98
1619171520,1786.00,88
1619171580,1786.05,67
1619171640,1786.30,104
1619171700,1786.36,141
1619171760,1786.73,108
1619171820,1787.00,136
1619171880,1787.07,95
1619171940,1786.51,141
1619172000,1786.08,148
1619172060,1785.78,141
1619172120,1786.05,74
1619172180,1786.24,65
1619172240,1786.26,95
1619172300,1786.78,94
1619172360,1786.88,152
1619172420,1786.68,131
1619172480,1786.63,103
1619172540,1786.20,88
1619172600,1786.21,71
1619172660,1786.21,71
1619172720,1786.09,102
1619172780,1786.03,91
1619172840,1785.74,78
1619172900,1785.73,72
1619172960,1785.47,108
1619173020,1785.90,118
1619173080,1785.71,91
1619173140,1785.73,86
1619173200,1785.78,80
1619173260,1785.64,112
1619173320,1785.76,112
1619173380,1785.72,72
1619173440,1785.78,47
1619173500,1786.15,62
1619173560,1786.14,85
1619173620,1785.48,123
1619173680,1785.93,119
1619173740,1786.37,109
1619173800,1786.22,81
1619173860,1785.95,65
1619173920,1785.84,69
1619173980,1785.80,12
1619174040,1785.72,39
1619174100,1785.88,49
1619174160,1785.70,53
1619174220,1785.61,76
1619174280,1785.83,72
1619174340,1786.23,61
1619174400,1786.52,116
1619174460,1786.26,77
1619174520,1786.45,56
1619174580,1786.46,114
1619174640,1787.00,112
1619174700,1787.03,135
1619174760,1787.36,98
1619174820,1787.50,144
1619174880,1787.50,75
1619174940,1787.62,124
1619175000,1787.92,107
1619175060,1787.90,65
1619175120,1788.20,90
1619175180,1788.29,98
1619175240,1788.29,61
1619175300,1787.46,155
1619175360,1787.81,146
1619175420,1787.72,141
1619175480,1787.50,121
1619175540,1787.50,78
1619175600,1787.34,187
1619175660,1787.18,113
1619175720,1787.10,156
1619175780,1786.95,123
1619175840,1787.00,90
1619175900,1787.52,143
1619175960,1787.24,100
1619176020,1787.17,72
1619176080,1786.80,115
1619176140,1786.26,126
1619176200,1785.41,205
1619176260,1785.44,126
1619176320,1785.59,138
1619176380,1786.15,129
1619176440,1786.79,133
1619176500,1786.91,174
1619176560,1787.26,176
1619176620,1786.90,176
1619176680,1786.65,113
1619176740,1786.80,140
1619176800,1786.79,119
1619176860,1786.69,98
1619176920,1786.86,135
1619176980,1787.04,123
1619177040,1786.99,87
1619177100,1786.78,129
1619177160,1787.01,69
1619177220,1787.19,89
1619177280,1787.67,147
1619177340,1788.16,114
1619177400,1788.33,180
1619177460,1788.41,172
1619177520,1788.61,131
1619177580,1788.51,121
1619177640,1788.64,122
1619177700,1789.06,170
1619177760,1789.39,233
1619177820,1788.56,130
1619177880,1789.43,155
1619177940,1789.20,170
1619178000,1789.22,112
1619178060,1789.25,97
1619178120,1789.20,126
1619178180,1789.12,107
1619178240,1788.88,167
1619178300,1788.78,209
1619178360,1789.59,164
1619178420,1790.12,243
1619178480,1789.72,209
1619178540,1790.02,134
1619178600,1791.05,240
1619178660,1790.93,194
1619178720,1790.94,188
1619178780,1790.75,137
1619178840,1790.70,180
1619178900,1790.91,179
1619178960,1790.90,156
1619179020,1791.01,197
1619179080,1790.86,161
1619179140,1791.15,202
1619179200,1791.24,242
1619179260,1792.41,252
1619179320,1791.57,193
1619179380,1790.77,191
1619179440,1791.56,258
1619179500,1791.18,228
1619179560,1791.48,232
1619179620,1791.75,179
1619179680,1791.59,131
1619179740,1792.30,168
1619179800,1792.10,159
1619179860,1791.87,191
1619179920,1791.98,168
1619179980,1792.06,170
1619180040,1792.36,145
1619180100,1792.27,167
1619180160,1791.36,247
1619180220,1792.15,217
1619180280,1791.38,164
1619180340,1791.87,197
1619180400,1793.37,321
1619180460,1793.78,284
1619180520,1794.22,285
1619180580,1794.18,285
1619180640,1794.03,327
1619180700,1793.96,266
1619180760,1793.53,177
1619180820,1793.12,242
1619180880,1793.16,178
1619180940,1793.79,229
1619181000,1793.64,282
1619181060,1793.98,237
1619181120,1794.25,228
1619181180,1794.27,194
1619181240,1794.00,171
1619181300,1794.10,202
1619181360,1794.21,191
1619181420,1794.57,174
1619181480,1794.61,166
1619181540,1794.80,278
1619181600,1794.38,195
1619181660,1794.42,214
1619181720,1794.63,158
1619181780,1794.01,167
1619181840,1793.99,156
1619181900,1794.07,182
1619181960,1794.99,219
1619182020,1794.58,163
1619182080,1794.25,190
1619182140,1794.46,146
1619182200,1794.46,154
1619182260,1794.07,179
1619182320,1794.04,234
1619182380,1794.39,216
1619182440,1793.80,204
1619182500,1794.08,195
1619182560,1794.30,133
1619182620,1794.36,135
1619182680,1794.19,109
1619182740,1793.58,235
1619182800,1793.95,273
1619182860,1794.74,287
1619182920,1795.56,267
1619182980,1794.78,281
1619183040,1794.72,236
1619183100,1794.66,192
1619183160,1794.33,242
1619183220,1794.07,245
1619183280,1793.64,288
1619183340,1792.60,292
1619183400,1791.89,305
1619183460,1792.14,307
1619183520,1791.78,301
1619183580,1791.97,234
1619183640,1790.23,332
1619183700,1790.35,326
1619183760,1789.80,243
1619183820,1789.60,258
1619183880,1788.04,310
1619183940,1788.69,315
1619184000,1789.78,349
1619184060,1790.50,226
1619184120,1789.51,232
1619184180,1789.29,231
1619184240,1788.86,200
1619184300,1788.65,283
1619184360,1787.31,307
1619184420,1787.55,299
1619184480,1787.59,239
1619184540,1787.06,266
1619184600,1787.51,340
1619184660,1788.38,369
1619184720,1788.24,313
1619184780,1787.14,303
1619184840,1787.19,417
1619184900,1787.08,376
1619184960,1787.66,307
1619185020,1786.25,332
1619185080,1786.25,387
1619185140,1785.97,371
1619185200,1786.12,340
1619185260,1785.11,328
1619185320,1785.52,301
1619185380,1785.58,232
1619185440,1785.19,219
1619185500,1785.88,287
1619185560,1785.78,283
1619185620,1786.57,337
1619185680,1786.36,344
1619185740,1787.03,342
1619185800,1785.86,277
1619185860,1784.01,372
1619185920,1783.43,380
1619185980,1783.13,334
1619186040,1782.66,310
1619186100,1781.45,392
1619186160,1782.72,306
1619186220,1782.27,326
1619186280,1781.79,285
1619186340,1781.65,271
1619186400,1781.79,326
1619186460,1779.13,405
1619186520,1777.84,425
1619186580,1778.61,389
1619186640,1778.54,363
1619186700,1777.46,333
1619186760,1778.52,381
1619186820,1778.80,328
1619186880,1779.11,305
1619186940,1778.81,292
1619187000,1779.05,283
1619187060,1780.08,322
1619187120,1780.53,284
1619187180,1780.20,262
1619187240,1779.85,328
1619187300,1779.15,324
1619187360,1777.54,328
1619187420,1774.70,431
1619187480,1773.24,441
1619187540,1773.86,409
1619187600,1773.15,412
1619187660,1772.37,386
1619187720,1774.05,345
1619187780,1774.81,327
1619187840,1773.78,353
1619187900,1773.88,372
1619187960,1774.03,359
1619188020,1773.50,305
1619188080,1773.84,350
1619188140,1772.82,325
1619188200,1770.97,397
1619188260,1771.15,391
1619188320,1771.34,360
1619188380,1772.98,408
1619188440,1773.74,333
1619188500,1773.01,339
1619188560,1773.65,323
1619188620,1772.99,276
1619188680,1773.88,278
1619188740,1773.44,234
1619188800,1773.13,332
1619188860,1773.06,308
1619188920,1773.11,299
1619188980,1773.12,278
1619189040,1772.74,286
1619189100,1771.64,358
1619189160,1772.38,291
1619189220,1773.29,270
1619189280,1772.49,269
1619189340,1772.03,300
1619189400,1772.06,335
1619189460,1772.81,301
1619189520,1773.07,277
1619189580,1774.27,291
1619189640,1773.99,268
1619189700,1773.88,277
1619189760,1774.35,293
1619189820,1774.23,310
1619189880,1774.43,342
1619189940,1774.16,293
1619190000,1774.12,277
1619190060,1773.92,277
1619190120,1773.90,220
1619190180,1774.42,179
1619190240,1774.77,258
1619190300,1775.39,271
1619190360,1775.43,264
1619190420,1775.57,211
1619190480,1775.44,217
1619190540,1774.96,209
1619190600,1775.52,179
1619190660,1775.84,223
1619190720,1775.80,278
1619190780,1775.92,194
1619190840,1775.32,219
1619190900,1777.04,253
1619190960,1776.18,273
1619191020,1775.97,185
1619191080,1776.35,211
1619191140,1776.38,189
1619191200,1776.15,153
1619191260,1776.45,163
1619191320,1776.94,181
1619191380,1777.90,221
1619191440,1777.51,230
1619191500,1776.70,227
1619191560,1776.80,196
1619191620,1777.19,160
1619191680,1777.30,157
1619191740,1777.10,138
1619191800,1776.49,199
1619191860,1776.53,181
1619191920,1775.66,206
1619191980,1775.53,196
1619192040,1776.20,152
1619192100,1776.01,195
1619192160,1775.75,169
1619192220,1775.52,157
1619192280,1775.69,153
1619192340,1776.21,148
1619192400,1776.52,212
1619192460,1776.76,186
1619192520,1776.53,149
1619192580,1776.89,133
1619192640,1777.10,147
1619192700,1777.12,214
1619192760,1777.45,132
1619192820,1777.69,175
1619192880,1777.49,195
1619192940,1777.51,181
1619193000,1777.74,167
1619193060,1777.65,128
1619193120,1777.83,142
1619193180,1777.25,220
1619193240,1777.22,144
1619193300,1776.96,190
1619193360,1776.97,159
1619193420,1777.17,137
1619193480,1777.02,133
1619193540,1776.49,178
1619193600,1776.96,193
1619193660,1777.48,172
1619193720,1777.26,141
1619193780,1777.07,167
1619193840,1777.43,172
1619193900,1777.28,201
1619193960,1777.11,112
1619194020,1777.15,157
1619194080,1777.38,129
1619194140,1776.79,118
1619194200,1776.80,108
1619194260,1777.03,104
1619194320,1776.88,97
1619194380,1776.88,98
1619194440,1776.58,102
1619194500,1776.20,185
1619194560,1776.43,170
1619194620,1776.70,195
1619194680,1775.90,171
1619194740,1775.78,167
1619194800,1775.85,143
1619194860,1775.89,172
1619194920,1775.83,151
1619194980,1775.80,157
1619195040,1776.28,104
1619195100,1776.50,57
1619195160,1776.47,88
1619195220,1776.39,122
1619195280,1776.25,116
1619195340,1776.56,86
1619195400,1776.45,153
1619195460,1776.28,112
1619195520,1776.74,156
1619195580,1776.85,166
1619195640,1776.83,119
1619195700,1776.81,91
1619195760,1776.76,132
1619195820,1776.74,82
1619195880,1776.81,62
1619195940,1777.21,100
1619196000,1777.23,75
1619196060,1777.51,103
1619196120,1777.74,96
1619196180,1777.78,129
1619196240,1777.76,107
1619196300,1778.12,99
1619196360,1778.28,111
1619196420,1778.08,133
1619196480,1778.19,125
1619196540,1778.00,194
1619196600,1777.90,140
1619196660,1777.80,87
1619196720,1777.50,77
1619196780,1777.61,94
1619196840,1777.57,122
1619196900,1777.80,117
1619196960,1777.76,130
1619197020,1778.03,150
1619197080,1777.76,167
1619197140,1777.58,145
1619197200,1777.93,94
1619197260,1778.35,94
1619197320,1777.70,113
1619197380,1777.58,102
1619197440,1777.78,120
1619197500,1777.66,111
1619197560,1777.89,81
1619197620,1777.95,100
1619197680,1778.21,69
1619197740,1778.74,138
1619197800,1779.09,190
1619197860,1779.01,122
1619197920,1779.02,113
1619197980,1779.23,79
1619198040,1778.94,118
1619198100,1778.21,158
1619198160,1777.97,121
1619198220,1777.97,116
1619198280,1778.11,138
1619198340,1778.04,137
1619198400,1777.74,146
1619198460,1777.52,111
1619198520,1777.53,101
1619198580,1777.68,92
1619198640,1777.68,95
1619198700,1777.59,106
1619198760,1777.43,116
1619198820,1777.32,110
1619198880,1777.57,108
1619198940,1778.24,266
1619199000,1777.72,146
1619199060,1777.92,134
1619199120,1777.71,93
1619199180,1777.81,74
1619199240,1777.81,72
1619199300,1777.80,64
1619199360,1777.57,61
1619199420,1777.71,84
1619199480,1777.76,96
1619199540,1777.75,93
1619199600,1777.88,64
1619199660,1777.87,89
1619199720,1777.97,79
1619199780,1777.77,63
1619199840,1777.37,123
1619199900,1777.56,81
1619199960,1777.47,88
1619200020,1777.49,77
1619200080,1777.51,83
1619200140,1777.33,73
1619200200,1777.19,90
1619200260,1777.16,134
1619200320,1777.18,89
1619200380,1777.14,84
1619200440,1777.15,76
1619200500,1777.26,65
1619200560,1777.40,78
1619200620,1777.48,89
1619200680,1777.62,60
1619200740,1777.58,92
1619200800,1777.80,120
1619200860,1777.75,107
1619200920,1777.18,91
1619200980,1777.34,75
1619201040,1777.36,88
1619201100,1777.46,66
1619201160,1777.56,65
1619201220,1777.51,128
1619201280,1777.34,105
1619201340,1777.16,62
1619201400,1777.12,80
1619201460,1777.12,50
1619201520,1776.92,62
1619201580,1776.90,98
1619201640,1776.58,108
1619201700,1776.90,69
1619201760,1776.93,51
1619201820,1777.18,90
1619201880,1777.01,64
1619201940,1777.08,76
1619202000,1776.98,104
1619202060,1776.71,89
1619202120,1776.69,75
1619202180,1776.79,90
1619202240,1776.86,157
1619202300,1776.99,103
1619202360,1776.75,108
1619202420,1776.38,128
1619202480,1776.05,118
1619202540,1776.01,84
1619202600,1776.08,98
1619202660,1776.53,90
1619202720,1776.42,78
1619202780,1776.69,71
1619202840,1776.60,43
1619202900,1776.68,77
1619202960,1776.67,51
1619203020,1776.94,75
1619203080,1776.91,81
1619203140,1777.00,53
1619203200,1776.85,36
1619203260,1776.84,59
1619203320,1776.63,44
1619203380,1776.72,54
1619203440,1776.94,73
1619203500,1776.96,36
1619203560,1776.87,35
1619203620,1776.77,64
1619203680,1776.90,34
1619203740,1776.78,78
1619203800,1776.72,56
1619203860,1776.76,74
1619203920,1776.79,57
1619203980,1776.86,48
1619204040,1776.94,79
1619204100,1777.50,120
1619204160,1777.39,71
1619204220,1777.16,84
1619204280,1776.82,118
1619204340,1776.74,226
1619204400,1776.70,138
1619204460,1776.48,93
1619204520,1776.56,47
1619204580,1776.25,76
1619204640,1775.88,80
1619204700,1775.58,117
1619204760,1775.74,56
1619204820,1775.66,93
1619204880,1775.75,70
1619204940,1775.73,75
1619205000,1776.13,116
1619205060,1776.15,74
1619205120,1776.03,55
1619205180,1776.23,79
1619205240,1776.31,97
1619205300,1776.13,93
1619205360,1776.05,78
1619205420,1776.00,62
1619205480,1776.24,75
1619205540,1776.28,74
1619205600,1776.12,56
1619205660,1776.30,69
1619205720,1776.04,65
1619205780,1775.91,75
1619205840,1775.86,61
1619205900,1775.68,51
1619205960,1775.77,81
1619206020,1776.07,101
1619206080,1776.17,96
1619206140,1776.29,98
1619206200,1775.97,123
1619206260,1775.66,120
1619206320,1775.76,76
1619206380,1775.87,52
1619206440,1775.76,63
1619206500,1775.75,92
1619206560,1775.94,79
1619206620,1775.95,62
1619206680,1776.18,49
1619206740,1776.39,94
1619206800,1776.63,132
1619206860,1776.69,120
1619206920,1776.59,90
1619206980,1776.65,81
1619207040,1776.35,108
1619207100,1776.31,65
1619207160,1776.24,66
1619207220,1776.38,49
1619207280,1776.33,65
1619207340,1776.27,37
1619207400,1776.14,66
1619207460,1776.25,56
1619207520,1776.16,76
1619207580,1776.22,51
1619207640,1776.29,67
1619207700,1776.31,102
1619207760,1776.20,56
1619207820,1775.95,67
1619207880,1776.10,79
1619207940,1776.41,138
1619208000,1776.18,157
1619208060,1776.15,119
1619208120,1776.26,53
1619208180,1776.27,41
1619208240,1776.30,33
1619208300,1776.32,35
1619208360,1776.36,21
1619208420,1776.41,42
1619208480,1776.31,36
1619208540,1776.20,25
1619208600,1776.32,27
1619208660,1776.42,18
1619208720,1776.45,25
1619208780,1776.40,16
1619208840,1776.40,34
1619208900,1776.39,30
1619208960,1776.50,21
1619209020,1776.46,19
1619209080,1776.60,29
1619209140,1776.63,7
1619209200,1776.70,15
1619209260,1776.63,23
1619209320,1776.62,15
1619209380,1776.51,23
1619209440,1776.50,15
1619209500,1776.69,11
1619209560,1776.59,10
1619209620,1776.62,7
1619209680,1776.70,27
1619209740,1776.70,31
1619209800,1776.69,41
1619209860,1776.83,21
1619209920,1776.70,13
1619209980,1776.64,14
1619210040,1776.66,17
1619210100,1776.71,30
1619210160,1776.74,12
1619210220,1776.79,18
1619210280,1776.82,7
1619210340,1776.89,14
1619210400,1776.92,38
1619210460,1776.81,32
1619210520,1776.82,23
1619210580,1776.92,28
1619210640,1776.82,26
1619210700,1776.54,26
1619210760,1776.73,21
1619210820,1776.63,7
1619210880,1776.62,13
1619210940,1775.96,84
1619211000,1776.53,58
1619211060,1776.32,36
1619211120,1776.53,29
1619211180,1776.63,30
1619211240,1776.53,27
1619211300,1776.54,59
1619211360,1776.56,40
1619388120,1775.62,114
1619388180,1776.02,74
1619388240,1775.50,70
1619388300,1775.70,78
1619388360,1775.48,58
1619388420,1775.09,67
1619388480,1775.00,71
1619388540,1774.83,67
1619388600,1774.76,82
1619388660,1775.02,54
1619388720,1774.69,40
1619388780,1774.89,23
1619388840,1774.88,39
1619388900,1775.09,44
1619388960,1775.03,34
1619389020,1775.51,34
1619389080,1775.41,28
1619389140,1775.37,33
1619389200,1775.36,35
1619389260,1775.34,34
1619389320,1775.23,38
1619389380,1775.26,10
1619389440,1775.26,18
1619389500,1775.42,28
1619389560,1775.61,27
1619389620,1775.68,16
1619389680,1775.71,21
1619389740,1775.92,27
1619389800,1775.75,68
1619389860,1775.77,50
1619389920,1775.69,33
1619389980,1775.75,34
1619390040,1775.61,23
1619390100,1775.40,23
1619390160,1775.11,21
1619390220,1775.08,33
1619390280,1774.81,23
1619390340,1775.10,36
1619390400,1775.16,50
1619390460,1774.84,30
1619390520,1775.06,35
1619390580,1775.00,42
1619390640,1775.04,58
1619390700,1775.07,41
1619390760,1775.03,28
1619390820,1775.29,28
1619390880,1775.40,58
1619390940,1775.14,32
1619391000,1775.17,43
1619391060,1775.15,29
1619391120,1774.93,20
1619391180,1774.73,20
1619391240,1774.69,38
1619391300,1774.87,49
1619391360,1774.73,30
1619391420,1774.64,23
1619391480,1774.72,29
1619391540,1774.69,30
1619391600,1774.16,110
1619391660,1774.36,66
1619391720,1774.46,45
1619391780,1774.72,21
1619391840,1774.76,51
1619391900,1774.93,46
1619391960,1774.99,44
1619392020,1775.02,35
1619392080,1774.87,33
1619392140,1774.92,37
1619392200,1774.92,39
1619392260,1774.82,17
1619392320,1774.72,2
1619392380,1774.91,24
1619392440,1774.92,5
1619392500,1774.66,44
1619392560,1774.76,4
1619392620,1774.63,9
1619392680,1774.67,11
1619392740,1774.65,17
1619392800,1774.62,23
1619392860,1774.38,11
1619392920,1774.32,15
1619392980,1774.21,11
1619393040,1774.49,12
1619393100,1774.31,18
1619393160,1774.30,11
1619393220,1774.33,17
1619393280,1774.49,13
1619393340,1774.24,29
1619393400,1774.17,13
1619393460,1774.15,32
1619393520,1774.12,22
1619393580,1774.18,39
1619393640,1774.42,29
1619393700,1774.52,27
1619393760,1774.69,33
1619393820,1774.73,36
1619393880,1774.73,20
1619393940,1774.71,20
1619394000,1774.55,33
1619394060,1774.73,27
1619394120,1774.71,9
1619394180,1774.53,22
1619394240,1774.68,20
1619394300,1774.99,57
1619394360,1774.91,36
1619394420,1774.80,68
1619394480,1774.82,20
1619394540,1774.92,9
1619394600,1775.25,61
1619394660,1775.22,28
1619394720,1775.33,35
1619394780,1775.33,17
1619394840,1775.47,39
1619394900,1775.28,56
1619394960,1775.29,25
1619395020,1775.29,19
1619395080,1775.34,27
1619395140,1774.86,52
1619395200,1775.34,131
1619395260,1775.93,163
1619395320,1776.47,135
1619395380,1776.58,112
1619395440,1776.39,101
1619395500,1776.60,71
1619395560,1776.38,91
1619395620,1776.69,78
1619395680,1776.96,103
1619395740,1776.94,87
1619395800,1776.79,95
1619395860,1776.69,74
1619395920,1776.63,69
1619395980,1776.51,87
1619396040,1776.60,66
1619396100,1776.72,55
1619396160,1776.92,85
1619396220,1777.11,61
1619396280,1777.37,116
1619396340,1777.16,61
1619396400,1777.36,82
1619396460,1777.46,42
1619396520,1777.70,34
1619396580,1777.68,63
1619396640,1777.68,37
1619396700,1777.68,47
1619396760,1778.15,110
1619396820,1778.35,49
1619396880,1778.56,112
1619396940,1778.08,70
1619397000,1778.46,71
1619397060,1778.36,76
1619397120,1778.23,94
1619397180,1778.55,112
1619397240,1778.56,67
1619397300,1778.64,65
1619397360,1778.78,100
1619397420,1778.82,105
1619397480,1779.06,114
1619397540,1778.80,92
1619397600,1778.74,66
1619397660,1778.53,79
1619397720,1778.73,65
1619397780,1778.82,80
1619397840,1778.57,63
1619397900,1778.97,49
1619397960,1778.97,70
1619398020,1779.09,45
1619398080,1779.00,43
1619398140,1778.61,53
1619398200,1778.54,56
1619398260,1779.01,76
1619398320,1778.45,101
1619398380,1778.52,70
1619398440,1778.38,133
1619398500,1779.02,129
1619398560,1778.96,70
1619398620,1778.92,94
1619398680,1778.93,34
1619398740,1778.36,81
1619398800,1779.47,229
1619398860,1778.65,175
1619398920,1779.25,152
1619398980,1779.79,186
1619399040,1779.80,133
1619399100,1779.41,143
1619399160,1779.79,123
1619399220,1780.15,124
1619399280,1780.31,135
1619399340,1780.78,169
1619399400,1780.65,182
1619399460,1780.47,143
1619399520,1780.61,105
1619399580,1780.56,142
1619399640,1780.37,106
1619399700,1780.42,177
1619399760,1780.46,173
1619399820,1780.67,131
1619399880,1780.81,123
1619399940,1780.80,188
1619400000,1780.36,224
1619400060,1779.63,181
1619400120,1779.80,161
1619400180,1779.44,151
1619400240,1779.80,214
1619400300,1779.71,147
1619400360,1779.18,127
1619400420,1779.31,136
1619400480,1779.36,236
1619400540,1779.98,210
1619400600,1779.23,182
1619400660,1779.63,175
1619400720,1779.85,138
1619400780,1779.18,146
1619400840,1779.23,112
1619400900,1779.15,138
1619400960,1779.27,192
1619401020,1778.84,164
1619401080,1778.65,145
1619401140,1778.71,140
1619401200,1778.61,97
1619401260,1778.11,138
1619401320,1778.65,160
1619401380,1778.96,161
1619401440,1778.85,111
1619401500,1779.40,211
1619401560,1779.93,178
1619401620,1779.81,171
1619401680,1780.08,153
1619401740,1780.31,105
1619401800,1780.04,152
1619401860,1780.60,94
1619401920,1780.70,104
1619401980,1780.75,118
1619402040,1780.83,51
1619402100,1780.72,163
1619402160,1780.70,115
1619402220,1780.97,155
1619402280,1780.94,155
1619402340,1780.64,156
1619402400,1780.40,226
1619402460,1780.10,107
1619402520,1779.65,160
1619402580,1779.73,169
1619402640,1779.83,110
1619402700,1779.43,86
1619402760,1779.30,165
1619402820,1779.68,106
1619402880,1780.09,116
1619402940,1779.91,180
1619403000,1780.00,156
1619403060,1779.54,172
1619403120,1779.86,121
1619403180,1779.86,118
1619403240,1779.67,102
1619403300,1779.70,77
1619403360,1779.53,98
1619403420,1779.92,119
1619403480,1780.21,73
1619403540,1780.24,72
1619403600,1780.41,62
1619403660,1780.48,45
1619403720,1781.01,62
1619403780,1781.01,61
1619403840,1781.04,57
1619403900,1780.99,55
1619403960,1781.00,88
1619404020,1781.08,62
1619404080,1781.16,41
1619404140,1781.10,36
1619404200,1780.99,133
1619404260,1781.14,131
1619404320,1780.97,140
1619404380,1781.07,117
1619404440,1781.67,155
1619404500,1781.42,168
1619404560,1781.42,129
1619404620,1781.67,196
1619404680,1781.41,156
1619404740,1781.56,152
1619404800,1781.50,154
1619404860,1781.04,130
1619404920,1780.56,171
1619404980,1780.50,142
1619405040,1780.73,130
1619405100,1780.48,149
1619405160,1780.44,133
1619405220,1780.27,182
1619405280,1780.53,109
1619405340,1780.61,147
1619405400,1780.52,108
1619405460,1780.53,193
1619405520,1780.51,105
1619405580,1780.45,128
1619405640,1780.18,82
1619405700,1780.69,124
1619405760,1780.56,153
1619405820,1780.57,147
1619405880,1780.56,68
1619405940,1780.74,98
1619406000,1780.59,106
1619406060,1780.55,97
1619406120,1780.57,81
1619406180,1780.32,92
1619406240,1780.21,50
1619406300,1780.08,114
1619406360,1780.00,79
1619406420,1780.16,66
1619406480,1779.88,116
1619406540,1779.89,104
1619406600,1780.07,96
1619406660,1780.30,70
1619406720,1780.61,77
1619406780,1780.81,136
1619406840,1781.12,113
1619406900,1781.10,169
1619406960,1781.27,136
1619407020,1781.39,99
1619407080,1781.71,201
1619407140,1781.72,191
1619407200,1782.59,226
1619407260,1782.53,168
1619407320,1782.59,173
1619407380,1782.57,152
1619407440,1782.77,123
1619407500,1782.67,108
1619407560,1782.60,92
1619407620,1782.40,120
1619407680,1782.47,140
1619407740,1782.21,162
1619407800,1782.55,128
1619407860,1782.44,87
1619407920,1782.12,100
1619407980,1782.26,77
1619408040,1782.25,69
1619408100,1782.25,90
1619408160,1782.45,83
1619408220,1782.54,77
1619408280,1782.64,79
1619408340,1782.69,74
1619408400,1782.73,71
1619408460,1782.12,85
1619408520,1782.00,65
1619408580,1782.18,64
1619408640,1782.15,56
1619408700,1781.98,85
1619408760,1781.96,63
1619408820,1781.60,96
1619408880,1781.43,81
1619408940,1781.11,56
1619409000,1781.26,61
1619409060,1781.20,70
1619409120,1781.10,49
1619409180,1781.16,44
1619409240,1781.31,58
1619409300,1781.37,56
1619409360,1780.97,87
1619409420,1781.30,111
1619409480,1781.14,66
1619409540,1781.10,54
1619409600,1780.99,51
1619409660,1781.00,82
1619409720,1781.01,39
1619409780,1781.20,47
1619409840,1781.27,74
1619409900,1781.14,92
1619409960,1781.00,98
1619410020,1781.06,57
1619410080,1781.17,40
1619410140,1781.23,55
1619410200,1781.02,101
1619410260,1780.93,67
1619410320,1780.76,96
1619410380,1780.68,58
1619410440,1780.93,83
1619410500,1780.75,94
1619410560,1780.65,80
1619410620,1780.79,54
1619410680,1780.75,92
1619410740,1780.87,41
1619410800,1781.04,67
1619410860,1781.14,21
1619410920,1780.94,73
1619410980,1781.01,74
1619411040,1781.12,56
1619411100,1781.04,68
1619411160,1780.82,16
1619411220,1780.93,79
1619411280,1780.95,70
1619411340,1780.92,35
1619411400,1780.91,57
1619411460,1780.79,80
1619411520,1781.06,82
1619411580,1781.11,34
1619411640,1781.22,57
1619411700,1781.25,49
1619411760,1781.34,48
1619411820,1781.32,34
1619411880,1781.29,39
1619411940,1781.13,47
1619412000,1781.11,40
1619412060,1781.16,15
1619412120,1781.12,32
1619412180,1781.31,24
1619412240,1781.23,19
1619412300,1780.75,74
1619412360,1781.00,40
1619412420,1780.88,28
1619412480,1780.86,20
1619412540,1780.77,41
1619412600,1780.77,46
1619412660,1780.86,72
1619412720,1780.95,56
1619412780,1780.81,36
1619412840,1780.72,33
1619412900,1780.67,46
1619412960,1780.52,44
1619413020,1780.43,70
1619413080,1780.46,22
1619413140,1780.34,26
1619413200,1780.24,103
1619413260,1780.34,85
1619413320,1780.45,33
1619413380,1780.58,52
1619413440,1780.53,31
1619413500,1780.44,34
1619413560,1780.39,18
1619413620,1780.36,76
1619413680,1780.41,59
1619413740,1780.49,81
1619413800,1780.52,57
1619413860,1780.47,82
1619413920,1780.71,27
1619413980,1780.59,43
1619414040,1780.68,40
1619414100,1780.73,22
1619414160,1780.67,40
1619414220,1780.67,39
1619414280,1780.77,32
1619414340,1780.68,74
1619414400,1781.21,52
1619414460,1781.19,33
1619414520,1781.10,79
1619414580,1781.19,37
1619414640,1781.26,44
1619414700,1781.28,24
1619414760,1781.30,32
1619414820,1781.12,34
1619414880,1781.09,32
1619414940,1781.70,64
1619415000,1782.71,160
1619415060,1782.81,146
1619415120,1783.29,185
1619415180,1783.36,116
1619415240,1783.39,109
1619415300,1783.16,117
1619415360,1782.93,144
1619415420,1782.79,155
1619415480,1782.31,150
1619415540,1782.81,129
1619415600,1783.02,120
1619415660,1782.52,137
1619415720,1782.70,139
1619415780,1782.67,143
1619415840,1782.58,145
1619415900,1782.62,126
1619415960,1781.92,128
1619416020,1782.21,143
1619416080,1782.03,127
1619416140,1782.15,139
1619416200,1782.51,97
1619416260,1782.16,115
1619416320,1782.34,107
1619416380,1782.44,81
1619416440,1782.33,71
1619416500,1782.10,92
1619416560,1781.79,82
1619416620,1781.06,169
1619416680,1780.70,193
1619416740,1779.94,166
1619416800,1779.74,194
1619416860,1779.28,211
1619416920,1778.96,232
1619416980,1778.39,226
1619417040,1778.04,261
1619417100,1777.98,232
1619417160,1777.85,197
1619417220,1778.82,242
1619417280,1779.04,213
1619417340,1778.96,178
1619417400,1778.49,157
1619417460,1779.07,180
1619417520,1779.16,95
1619417580,1779.26,145
1619417640,1779.17,170
1619417700,1779.57,183
1619417760,1779.20,133
1619417820,1778.09,170
1619417880,1778.63,134
1619417940,1779.17,122
1619418000,1778.71,144
1619418060,1778.80,140
1619418120,1778.21,162
1619418180,1778.00,216
1619418240,1777.46,190
1619418300,1777.50,160
1619418360,1777.50,159
1619418420,1777.57,124
1619418480,1777.37,166
1619418540,1777.83,142
1619418600,1777.46,205
1619418660,1777.07,188
1619418720,1776.50,235
1619418780,1776.43,188
1619418840,1776.71,149
1619418900,1776.90,194
1619418960,1777.30,120
1619419020,1776.25,153
1619419080,1775.81,136
1619419140,1775.02,206
1619419200,1776.20,202
1619419260,1775.87,105
1619419320,1775.97,181
1619419380,1775.49,137
1619419440,1775.43,132
1619419500,1775.39,158
1619419560,1775.63,160
1619419620,1775.75,126
1619419680,1776.01,134
1619419740,1776.49,181
1619419800,1776.94,176
1619419860,1777.05,175
1619419920,1776.97,151
1619419980,1777.16,126
1619420040,1777.15,84
1619420100,1776.75,108
1619420160,1776.45,136
1619420220,1776.27,147
1619420280,1776.34,189
1619420340,1776.22,184
1619420400,1777.09,207
1619420460,1777.77,168
1619420520,1777.35,263
1619420580,1777.21,161
1619420640,1777.28,191
1619420700,1778.64,274
1619420760,1778.42,209
1619420820,1778.31,127
1619420880,1777.82,123
1619420940,1778.20,183
1619421000,1778.71,213
1619421060,1778.32,184
1619421120,1778.68,230
1619421180,1778.66,210
1619421240,1778.83,194
1619421300,1778.78,142
1619421360,1778.84,149
1619421420,1779.12,141
1619421480,1779.01,95
1619421540,1778.72,149
1619421600,1778.55,138
1619421660,1778.83,131
1619421720,1779.24,128
1619421780,1779.20,155
1619421840,1778.55,161
1619421900,1778.59,204
1619421960,1778.77,125
1619422020,1778.48,150
1619422080,1778.68,184
1619422140,1778.72,187
1619422200,1778.05,198
1619422260,1777.64,165
1619422320,1777.33,132
1619422380,1776.91,154
1619422440,1776.74,154
1619422500,1776.74,86
1619422560,1776.45,223
1619422620,1777.41,228
1619422680,1777.49,119
1619422740,1777.10,197
1619422800,1776.37,169
1619422860,1776.38,137
1619422920,1776.22,192
1619422980,1776.30,155
1619423040,1776.21,107
1619423100,1776.48,134
1619423160,1777.49,209
1619423220,1777.24,175
1619423280,1777.42,206
1619423340,1777.18,178
1619423400,1777.04,194
1619423460,1777.06,107
1619423520,1777.36,112
1619423580,1776.99,129
1619423640,1777.59,148
1619423700,1777.92,164
1619423760,1777.90,106
1619423820,1777.98,115
1619423880,1778.32,159
1619423940,1778.62,199
1619424000,1778.52,191
1619424060,1778.76,162
1619424120,1778.61,166
1619424180,1778.70,106
1619424240,1778.90,87
1619424300,1779.07,135
1619424360,1779.10,138
1619424420,1779.01,128
1619424480,1778.88,136
1619424540,1779.90,136
1619424600,1779.85,239
1619424660,1779.63,182
1619424720,1779.51,125
1619424780,1780.18,165
1619424840,1780.06,156
1619424900,1780.09,156
1619424960,1780.03,126
1619425020,1779.81,127
1619425080,1780.03,134
1619425140,1779.76,96
1619425200,1780.10,104
1619425260,1780.76,231
1619425320,1781.32,196
1619425380,1781.22,150
1619425440,1781.31,185
1619425500,1781.15,205
1619425560,1780.66,155
1619425620,1781.00,124
1619425680,1780.86,108
1619425740,1780.89,102
1619425800,1780.90,146
1619425860,1780.63,134
1619425920,1780.20,101
1619425980,1780.50,160
1619426040,1779.88,212
1619426100,1779.91,135
1619426160,1780.41,135
1619426220,1779.77,108
1619426280,1779.64,107
1619426340,1779.51,168
1619426400,1780.39,166
1619426460,1780.10,159
1619426520,1780.08,140
1619426580,1780.28,175
1619426640,1780.09,137
1619426700,1780.05,174
1619426760,1780.25,146
1619426820,1779.35,132
1619426880,1779.16,113
1619426940,1778.96,96
1619427000,1778.93,152
1619427060,1778.90,107
1619427120,1779.40,177
1619427180,1779.39,114
1619427240,1779.65,89
1619427300,1779.27,123
1619427360,1779.21,145
1619427420,1779.28,176
1619427480,1779.58,177
1619427540,1779.62,103
1619427600,1779.41,180
1619427660,1779.33,123
1619427720,1779.35,105
1619427780,1778.97,123
1619427840,1779.33,123
1619427900,1779.20,105
1619427960,1779.41,118
1619428020,1779.84,106
1619428080,1780.51,173
1619428140,1781.02,158
1619428200,1780.01,150
1619428260,1780.28,115
1619428320,1780.19,109
1619428380,1780.63,88
1619428440,1780.61,124
1619428500,1780.92,149
1619428560,1781.15,153
1619428620,1782.02,181
1619428680,1781.78,160
1619428740,1781.28,115
1619428800,1781.60,181
1619428860,1781.33,161
1619428920,1781.10,124
1619428980,1780.67,119
1619429040,1780.66,107
1619429100,1780.29,140
1619429160,1779.98,194
1619429220,1780.09,166
1619429280,1780.39,144
1619429340,1780.64,143
1619429400,1780.05,151
1619429460,1779.64,142
1619429520,1779.71,145
1619429580,1779.72,121
1619429640,1779.63,107
1619429700,1779.61,142
1619429760,1779.30,122
1619429820,1779.43,97
1619429880,1779.50,96
1619429940,1779.20,65
1619430000,1779.50,103
1619430060,1779.37,111
1619430120,1779.69,117
1619430180,1780.04,138
1619430240,1780.59,136
1619430300,1780.56,116
1619430360,1780.47,142
1619430420,1780.66,122
1619430480,1780.93,146
1619430540,1780.86,107
1619430600,1780.47,107
1619430660,1780.40,115
1619430720,1780.96,135
1619430780,1781.30,127
1619430840,1781.18,132
1619430900,1781.45,117
1619430960,1781.49,117
1619431020,1781.35,111
1619431080,1780.97,116
1619431140,1781.17,107
1619431200,1781.41,180
1619431260,1781.32,194
1619431320,1781.14,153
1619431380,1781.27,156
1619431440,1781.11,116
1619431500,1781.22,139
1619431560,1781.67,125
1619431620,1782.09,208
1619431680,1781.56,153
1619431740,1781.66,154
1619431800,1781.97,133
1619431860,1781.46,94
1619431920,1781.09,124
1619431980,1781.42,125
1619432040,1780.36,147
1619432100,1779.97,199
1619432160,1780.06,159
1619432220,1780.51,75
1619432280,1780.42,82
1619432340,1780.41,109
1619432400,1780.47,121
1619432460,1780.35,111
1619432520,1779.82,178
1619432580,1779.72,117
1619432640,1779.56,146
1619432700,1779.72,116
1619432760,1779.85,80
1619432820,1779.78,119
1619432880,1780.21,80
1619432940,1780.42,121
1619433000,1780.11,151
1619433060,1780.05,131
1619433120,1780.00,80
1619433180,1780.20,66
1619433240,1779.80,129
1619433300,1779.81,88
1619433360,1779.36,89
1619433420,1779.35,109
1619433480,1779.60,98
1619433540,1779.76,117
1619433600,1778.95,113
1619433660,1778.93,81
1619433720,1778.92,101
1619433780,1779.54,183
1619433840,1779.82,153
1619433900,1779.67,120
1619433960,1779.79,141
1619434020,1779.52,112
1619434080,1779.38,95
1619434140,1779.36,77
1619434200,1779.67,75
1619434260,1780.13,100
1619434320,1779.92,120
1619434380,1780.10,74
1619434440,1780.07,82
1619434500,1779.85,124
1619434560,1779.96,138
1619434620,1779.88,88
1619434680,1779.80,128
1619434740,1779.48,160
1619434800,1779.01,210
1619434860,1779.09,228
1619434920,1779.16,165
1619434980,1779.21,114
1619435040,1779.33,144
1619435100,1779.01,144
1619435160,1779.03,161
1619435220,1778.98,90
1619435280,1778.18,221
1619435340,1778.39,166
1619435400,1778.70,136
1619435460,1778.36,147
1619435520,1778.03,137
1619435580,1777.19,175
1619435640,1777.36,158
1619435700,1777.49,117
1619435760,1777.14,187
1619435820,1776.88,116
1619435880,1776.76,117
1619435940,1776.52,114
1619436000,1776.87,113
1619436060,1776.44,160
1619436120,1776.22,174
1619436180,1776.52,100
1619436240,1776.14,114
1619436300,1776.22,113
1619436360,1776.56,114
1619436420,1776.35,173
1619436480,1776.54,159
1619436540,1776.88,191
1619436600,1777.38,190
1619436660,1777.12,171
1619436720,1777.01,174
1619436780,1777.24,130
1619436840,1777.32,173
1619436900,1777.69,153
1619436960,1777.82,90
1619437020,1777.42,122
1619437080,1777.01,151
1619437140,1777.62,196
1619437200,1777.72,129
1619437260,1776.89,148
1619437320,1776.28,153
1619437380,1776.13,185
1619437440,1775.71,245
1619437500,1775.23,205
1619437560,1775.02,163
1619437620,1776.19,175
1619437680,1776.46,164
1619437740,1776.60,99
1619437800,1776.64,139
1619437860,1776.75,114
1619437920,1776.53,158
1619437980,1776.65,111
1619438040,1776.56,116
1619438100,1776.74,110
1619438160,1777.11,100
1619438220,1776.52,121
1619438280,1776.47,123
1619438340,1776.56,63
1619438400,1776.60,161
1619438460,1776.64,142
1619438520,1776.46,83
1619438580,1776.70,110
1619438640,1776.89,115
1619438700,1777.59,121
1619438760,1777.49,155
1619438820,1776.94,101
1619438880,1776.84,86
1619438940,1776.97,121
1619439000,1776.73,101
1619439060,1774.98,220
1619439120,1773.05,314
1619439180,1772.89,339
1619439240,1772.23,253
1619439300,1772.30,221
1619439360,1772.53,194
1619439420,1772.27,193
1619439480,1772.47,219
1619439540,1771.99,208
1619439600,1769.20,318
1619439660,1770.46,332
1619439720,1770.65,258
1619439780,1770.15,210
1619439840,1770.32,238
1619439900,1770.36,170
1619439960,1770.57,172
1619440020,1770.64,176
1619440080,1771.34,171
1619440140,1771.04,178
1619440200,1770.33,274
1619440260,1769.85,261
1619440320,1770.08,184
1619440380,1770.46,193
1619440440,1770.93,186
1619440500,1769.92,261
1619440560,1770.95,193
1619440620,1771.20,165
1619440680,1772.26,159
1619440740,1773.11,210
1619440800,1774.08,247
1619440860,1774.28,190
1619440920,1774.52,197
1619440980,1774.40,244
1619441040,1774.01,232
1619441100,1774.59,248
1619441160,1775.46,255
1619441220,1774.91,291
1619441280,1775.83,207
1619441340,1775.64,150
1619441400,1775.42,214
1619441460,1775.54,199
1619441520,1776.63,191
1619441580,1776.71,196
1619441640,1777.26,225
1619441700,1777.21,240
1619441760,1777.26,196
1619441820,1776.58,210
1619441880,1776.33,298
1619441940,1776.63,231
1619442000,1776.58,339
1619442060,1776.31,263
1619442120,1776.19,307
1619442180,1776.29,229
1619442240,1775.32,285
1619442300,1775.60,287
1619442360,1776.84,199
1619442420,1777.36,314
1619442480,1778.23,334
1619442540,1779.79,329
1619442600,1779.15,273
1619442660,1779.27,300
1619442720,1778.45,288
1619442780,1778.66,237
1619442840,1778.69,303
1619442900,1778.21,267
1619442960,1778.89,228
1619443020,1778.92,274
1619443080,1778.48,246
1619443140,1778.29,235
1619443200,1778.37,297
1619443260,1779.09,273
1619443320,1779.70,240
1619443380,1779.13,243
1619443440,1779.74,247
1619443500,1779.58,278
1619443560,1779.75,294
1619443620,1778.18,220
1619443680,1778.85,236
1619443740,1779.25,251
1619443800,1778.83,313
1619443860,1777.67,322
1619443920,1776.50,411
1619443980,1775.82,340
1619444040,1775.60,340
1619444100,1775.84,373
1619444160,1777.68,367
1619444220,1777.54,387
1619444280,1776.92,292
1619444340,1776.37,275
1619444400,1777.46,373
1619444460,1777.47,293
1619444520,1777.38,233
1619444580,1777.03,255
1619444640,1777.19,252
1619444700,1776.55,202
1619444760,1776.54,255
1619444820,1776.24,238
1619444880,1776.83,305
1619444940,1775.91,308
1619445000,1776.31,284
1619445060,1776.21,281
1619445120,1775.62,292
1619445180,1775.28,310
1619445240,1775.51,380
1619445300,1774.78,347
1619445360,1775.95,380
1619445420,1775.69,307
1619445480,1775.91,289
1619445540,1776.09,321
1619445600,1774.17,386
1619445660,1773.94,361
1619445720,1773.11,293
1619445780,1773.89,272
1619445840,1774.68,328
1619445900,1773.91,279
1619445960,1774.88,293
1619446020,1774.65,275
1619446080,1774.13,246
1619446140,1774.51,251
1619446200,1775.63,290
1619446260,1775.29,312
1619446320,1776.02,292
1619446380,1776.25,224
1619446440,1776.51,276
1619446500,1777.46,292
1619446560,1777.85,249
1619446620,1778.12,248
1619446680,1778.31,325
1619446740,1778.36,315
1619446800,1778.94,299
1619446860,1778.95,243
1619446920,1778.64,225
1619446980,1778.86,184
1619447040,1779.54,236
1619447100,1778.64,257
1619447160,1778.55,277
1619447220,1779.04,252
1619447280,1778.62,199
1619447340,1778.11,290
1619447400,1778.89,307
1619447460,1778.91,200
1619447520,1778.82,153
1619447580,1778.94,159
1619447640,1778.78,126
1619447700,1778.18,179
1619447760,1779.08,146
1619447820,1779.06,173
1619447880,1778.98,152
1619447940,1778.37,198
1619448000,1778.70,212
1619448060,1778.70,176
1619448120,1778.83,153
1619448180,1779.29,150
1619448240,1779.12,213
1619448300,1779.49,188
1619448360,1779.89,205
1619448420,1780.06,198
1619448480,1778.83,295
1619448540,1778.45,225
1619448600,1778.14,249
1619448660,1778.65,188
1619448720,1778.05,177
1619448780,1778.27,179
1619448840,1779.07,223
1619448900,1779.14,278
1619448960,1779.04,236
1619449020,1779.15,242
1619449080,1777.74,266
1619449140,1777.70,297
1619449200,1777.64,270
1619449260,1777.55,322
1619449320,1777.98,250
1619449380,1777.91,211
1619449440,1778.14,248
1619449500,1778.09,237
1619449560,1777.84,190
1619449620,1777.56,189
1619449680,1777.65,230
1619449740,1777.75,123
1619449800,1778.24,172
1619449860,1777.72,155
1619449920,1777.97,220
1619449980,1777.53,186
1619450040,1777.74,174
1619450100,1777.77,161
1619450160,1777.78,135
1619450220,1778.29,160
1619450280,1778.38,157
1619450340,1778.66,165
1619450400,1778.88,169
1619450460,1779.28,163
1619450520,1779.01,197
1619450580,1778.99,146
1619450640,1779.37,115
1619450700,1779.05,139
1619450760,1778.73,89
1619450820,1778.89,148
1619450880,1778.78,142
1619450940,1778.77,108
1619451000,1778.80,200
1619451060,1779.02,192
1619451120,1778.55,158
1619451180,1777.58,206
1619451240,1777.89,236
1619451300,1778.09,203
1619451360,1778.19,151
1619451420,1778.17,140
1619451480,1778.05,160
1619451540,1777.86,115
1619451600,1777.98,131
1619451660,1778.08,70
1619451720,1778.10,119
1619451780,1778.33,110
1619451840,1778.43,115
1619451900,1778.15,133
1619451960,1778.46,103
1619452020,1778.47,79
1619452080,1778.99,114
1619452140,1778.87,153
1619452200,1779.09,187
1619452260,1779.07,158
1619452320,1778.89,97
1619452380,1778.48,125
1619452440,1778.78,94
1619452500,1778.56,106
1619452560,1778.34,135
1619452620,1778.65,90
1619452680,1778.46,54
1619452740,1778.95,126
1619452800,1778.80,134
1619452860,1778.57,134
1619452920,1778.38,114
1619452980,1778.18,111
1619453040,1778.37,97
1619453100,1778.27,80
1619453160,1778.36,73
1619453220,1778.48,102
1619453280,1778.57,69
1619453340,1778.47,84
1619453400,1778.82,80
1619453460,1779.15,115
1619453520,1778.83,126
1619453580,1778.86,123
1619453640,1778.76,106
1619453700,1778.77,97
1619453760,1778.68,106
1619453820,1778.21,126
1619453880,1778.19,150
1619453940,1778.59,51
1619454000,1778.75,86
1619454060,1778.84,101
1619454120,1778.98,57
1619454180,1779.16,33
1619454240,1778.97,61
1619454300,1778.86,51
1619454360,1778.63,131
1619454420,1779.10,117
1619454480,1779.43,143
1619454540,1779.52,113
1619454600,1779.73,147
1619454660,1779.84,102
1619454720,1779.91,123
1619454780,1779.88,104
1619454840,1779.67,90
1619454900,1779.66,84
1619454960,1779.49,83
1619455020,1779.45,136
1619455080,1779.44,111
1619455140,1779.40,66
1619455200,1779.34,65
1619455260,1779.48,67
1619455320,1779.44,61
1619455380,1779.34,110
1619455440,1779.27,43
1619455500,1779.58,79
1619455560,1779.59,72
1619455620,1779.58,97
1619455680,1779.84,156
1619455740,1779.95,130
1619455800,1780.06,82
1619455860,1779.86,101
1619455920,1779.85,64
1619455980,1780.04,82
1619456040,1779.94,104
1619456100,1779.86,66
1619456160,1779.34,97
1619456220,1779.16,123
1619456280,1778.92,115
1619456340,1778.81,81
1619456400,1779.11,107
1619456460,1779.75,147
1619456520,1779.51,143
1619456580,1779.81,127
1619456640,1779.71,110
1619456700,1779.90,122
1619456760,1779.85,63
1619456820,1779.78,60
1619456880,1779.68,56
1619456940,1779.53,109
1619457000,1779.55,60
1619457060,1779.51,80
1619457120,1779.15,131
1619457180,1779.54,92
1619457240,1779.73,104
1619457300,1780.14,92
1619457360,1780.24,117
1619457420,1780.12,129
1619457480,1780.22,102
1619457540,1780.01,120
1619457600,1780.20,112
1619457660,1780.40,86
1619457720,1780.34,99
1619457780,1780.54,165
1619457840,1780.26,180
1619457900,1780.24,125
1619457960,1779.84,59
1619458020,1780.35,100
1619458080,1779.86,82
1619458140,1779.86,110
1619458200,1779.94,104
1619458260,1780.12,84
1619458320,1779.37,95
1619458380,1779.31,119
1619458440,1779.56,101
1619458500,1779.79,55
1619458560,1779.38,90
1619458620,1779.41,91
1619458680,1779.19,84
1619458740,1779.09,25
1619458800,1779.20,78
1619458860,1779.20,71
1619458920,1779.59,84
1619458980,1779.69,72
1619459040,1779.80,55
1619459100,1779.88,69
1619459160,1779.89,51
1619459220,1779.90,39
1619459280,1779.90,52
1619459340,1779.84,46
1619459400,1779.89,32
1619459460,1779.90,47
1619459520,1779.91,65
1619459580,1779.48,97
1619459640,1779.28,86
1619459700,1779.17,90
1619459760,1778.97,71
1619459820,1779.58,70
1619459880,1779.70,118
1619459940,1779.66,90
1619460000,1779.56,87
1619460060,1779.56,59
1619460120,1779.68,41
1619460180,1779.77,63
1619460240,1779.57,45
1619460300,1779.56,72
1619460360,1779.60,55
1619460420,1779.55,48
1619460480,1779.78,86
1619460540,1779.54,56
1619460600,1779.45,69
1619460660,1779.37,82
1619460720,1779.73,69
1619460780,1779.82,56
1619460840,1779.77,70
1619460900,1779.76,70
1619460960,1779.80,56
1619461020,1779.56,111
1619461080,1779.53,28
1619461140,1779.62,50
1619461200,1779.63,61
1619461260,1779.51,57
1619461320,1779.48,109
1619461380,1779.38,63
1619461440,1779.68,67
1619461500,1779.58,52
1619461560,1779.98,73
1619461620,1779.96,100
1619461680,1779.46,126
1619461740,1779.46,88
1619461800,1779.46,42
1619461860,1779.77,67
1619461920,1779.86,52
1619461980,1779.75,60
1619462040,1779.57,49
1619462100,1779.66,76
1619462160,1779.74,39
1619462220,1779.64,88
1619462280,1779.67,92
1619462340,1779.62,56
1619462400,1779.63,23
1619462460,1779.51,42
1619462520,1779.51,50
1619462580,1779.63,69
1619462640,1779.91,74
1619462700,1780.09,54
1619462760,1780.22,90
1619462820,1779.97,74
1619462880,1780.10,103
1619462940,1780.16,141
1619463000,1780.25,132
1619463060,1780.23,109
1619463120,1780.22,86
1619463180,1779.93,66
1619463240,1779.93,33
1619463300,1779.92,41
1619463360,1779.73,72
1619463420,1779.99,102
1619463480,1779.90,37
1619463540,1779.80,127
1619463600,1780.09,71
1619463660,1780.38,63
1619463720,1780.47,59
1619463780,1780.37,34
1619463840,1780.37,31
1619463900,1780.37,62
1619463960,1780.37,28
1619464020,1780.46,61
1619464080,1780.44,64
1619464140,1780.46,42
1619464200,1780.36,70
1619464260,1780.34,77
1619464320,1780.39,9
1619464380,1780.28,32
1619464440,1780.67,96
1619464500,1780.57,47
1619464560,1780.28,41
1619464620,1780.27,59
1619464680,1780.47,36
1619464740,1780.25,58
1619464800,1780.28,90
1619464860,1780.38,65
1619464920,1780.48,51
1619464980,1780.50,37
1619465040,1780.60,38
1619465100,1780.50,76
1619465160,1780.71,132
1619465220,1780.80,68
1619465280,1780.79,59
1619465340,1780.58,174
1619465400,1780.68,255
1619465460,1781.13,237
1619465520,1780.94,118
1619465580,1781.17,124
1619465640,1781.07,99
1619465700,1780.86,75
1619465760,1780.77,96
1619465820,1780.99,64
1619465880,1780.95,69
1619465940,1780.94,100
1619466000,1780.86,35
1619466060,1781.04,81
1619466120,1780.84,25
1619466180,1780.83,65
1619466240,1781.31,82
1619466300,1781.21,85
1619466360,1781.16,69
1619466420,1781.00,56
1619466480,1781.21,46
1619466540,1780.74,77
1619466600,1780.75,87
1619466660,1780.61,49
1619466720,1780.68,65
1619466780,1780.39,116
1619466840,1780.30,86
1619466900,1780.58,85
1619466960,1780.58,83
1619467020,1780.59,44
1619467080,1780.90,104
1619467140,1780.97,143
1619467200,1780.85,133
1619467260,1780.65,88
1619467320,1780.57,50
1619467380,1780.74,58
1619467440,1780.75,47
1619467500,1780.74,57
1619467560,1780.74,40
1619467620,1780.74,49
1619467680,1780.74,40
1619467740,1780.85,53
1619467800,1781.03,42
1619467860,1780.93,31
1619467920,1781.20,60
1619467980,1781.22,52
1619468040,1781.14,41
1619468100,1781.04,32
1619468160,1780.83,38
1619468220,1780.83,18
1619468280,1780.84,12
1619468340,1780.74,19
1619468400,1780.64,23
1619468460,1780.96,36
1619468520,1780.96,32
1619468580,1781.16,33
1619468640,1781.17,29
1619468700,1781.16,17
1619468760,1781.16,22
1619468820,1781.08,23
1619468880,1780.88,20
1619468940,1780.99,49
1619469000,1781.37,78
1619469060,1781.29,25
1619469120,1781.39,19
1619469180,1781.50,24
1619469240,1781.30,18
1619469300,1781.30,30
1619469360,1781.21,15
1619469420,1781.10,29
1619469480,1781.06,58
1619469540,1781.66,74
1619469600,1781.77,36
1619469660,1781.74,38
1619469720,1781.74,30
1619469780,1781.84,36
1619469840,1781.91,30
1619469900,1781.65,63
1619469960,1781.65,16
1619470020,1781.45,16
1619470080,1781.67,27
1619470140,1782.11,72
1619470200,1782.30,92
1619470260,1781.21,80
1619470320,1781.35,31
1619470380,1781.34,17
1619470440,1781.45,40
1619470500,1781.16,77
1619470560,1781.27,44
1619474520,1781.13,57
1619474580,1781.09,44
1619474640,1781.36,34
1619474700,1781.38,35
1619474760,1781.47,33
1619474820,1781.49,12
1619474880,1781.59,9
1619474940,1781.69,43
1619475000,1781.79,36
1619475060,1781.60,10
1619475120,1781.69,17
1619475180,1781.69,17
1619475240,1781.86,23
1619475300,1781.58,24
1619475360,1781.58,12
1619475420,1781.48,9
1619475480,1781.37,20
1619475540,1781.37,15
1619475600,1781.27,10
1619475660,1781.16,6
1619475720,1781.26,10
1619475780,1781.35,20
1619475840,1781.24,15
1619475900,1781.25,20
1619476020,1781.15,12
1619476080,1781.31,29
1619476140,1781.40,10
1619476200,1781.36,21
1619476260,1781.36,22
1619476320,1781.37,12
1619476380,1780.91,27
1619476440,1780.84,43
1619476500,1780.83,36
1619476560,1780.83,16
1619476620,1780.80,23
1619476680,1780.98,17
1619476740,1780.89,26
1619476800,1780.81,21
1619476860,1781.07,27
1619476920,1781.02,17
1619476980,1781.02,12
1619477040,1781.38,22
1619477100,1781.53,38
1619477160,1781.62,33
1619477220,1781.67,46
1619477280,1781.63,27
1619477340,1781.48,40
1619477400,1781.54,12
1619477460,1781.46,21
1619477520,1781.33,22
1619477580,1781.24,25
1619477640,1781.65,40
1619477700,1781.63,42
1619477760,1781.29,30
1619477820,1781.28,19
1619477880,1781.31,39
1619477940,1781.54,31
1619478000,1781.58,70
1619478060,1781.38,47
1619478120,1781.21,35
1619478180,1781.27,36
1619478240,1781.16,13
1619478300,1781.13,19
1619478360,1781.01,34
1619478420,1780.99,19
1619478480,1780.82,20
1619478540,1781.03,29
1619478600,1781.10,17
1619478660,1780.91,20
1619478720,1781.10,16
1619478780,1780.83,28
1619478840,1780.74,7
1619478900,1780.94,13
1619478960,1780.71,27
1619479020,1780.64,30
1619479080,1780.69,27
1619479140,1780.61,26
1619479200,1780.74,42
1619479260,1780.73,17
1619479320,1780.73,27
1619479380,1780.52,34
1619479440,1780.55,30
1619479500,1780.51,13
1619479560,1780.47,20
1619479620,1780.51,9
1619479680,1780.61,12
1619479740,1780.70,7
1619479800,1780.62,53
1619479860,1780.63,9
1619479920,1780.62,27
1619479980,1780.65,47
1619480040,1780.52,21
1619480100,1780.61,20
1619480160,1780.34,26
1619480220,1780.53,19
1619480280,1780.69,5
1619480340,1780.90,15
1619480400,1781.22,28
1619480460,1781.14,10
1619480520,1781.22,13
1619480580,1781.39,19
1619480640,1781.10,32
1619480700,1780.71,37
1619480760,1780.81,50
1619480820,1780.79,45
1619480880,1780.80,21
1619480940,1780.80,15
1619481000,1780.86,17
1619481060,1781.04,11
1619481120,1780.87,31
1619481180,1780.80,13
1619481240,1780.89,10
1619481300,1780.70,19
1619481360,1780.50,35
1619481420,1780.24,55
1619481480,1780.15,61
1619481540,1780.04,47
1619481600,1780.15,129
1619481660,1780.26,139
1619481720,1780.45,54
1619481780,1780.37,53
1619481840,1780.58,36
1619481900,1780.90,61
1619481960,1781.12,75
1619482020,1781.41,40
1619482080,1781.52,52
1619482140,1781.87,80
1619482200,1781.96,76
1619482260,1782.16,101
1619482320,1782.07,85
1619482380,1781.95,45
1619482440,1782.14,49
1619482500,1782.28,54
1619482560,1782.07,57
1619482620,1781.63,85
1619482680,1781.53,63
1619482740,1781.60,38
1619482800,1781.60,85
1619482860,1781.52,91
1619482920,1781.49,78
1619482980,1781.71,59
1619483040,1781.78,64
1619483100,1781.47,44
1619483160,1781.49,63
1619483220,1781.56,62
1619483280,1781.36,62
1619483340,1780.99,63
1619483400,1780.74,65
1619483460,1780.88,76
1619483520,1780.92,75
1619483580,1781.06,85
1619483640,1781.16,84
1619483700,1780.80,79
1619483760,1780.58,80
1619483820,1780.76,107
1619483880,1780.92,45
1619483940,1780.62,49
1619484000,1780.93,22
1619484060,1781.11,65
1619484120,1781.22,37
1619484180,1780.91,37
1619484240,1780.73,28
1619484300,1780.52,42
1619484360,1780.56,28
1619484420,1780.52,58
1619484480,1780.53,51
1619484540,1780.43,28
1619484600,1780.83,54
1619484660,1780.83,114
1619484720,1780.62,80
1619484780,1780.86,112
1619484840,1780.93,175
1619484900,1780.83,141
1619484960,1781.09,142
1619485020,1781.12,93
1619485080,1780.94,62
1619485140,1781.33,77
1619485200,1783.19,298
1619485260,1783.83,305
1619485320,1783.62,259
1619485380,1782.62,175
1619485440,1782.62,153
1619485500,1781.21,197
1619485560,1781.17,236
1619485620,1781.29,122
1619485680,1781.15,99
1619485740,1780.89,165
1619485800,1780.48,143
1619485860,1780.63,175
1619485920,1780.25,158
1619485980,1779.76,207
1619486040,1779.49,171
1619486100,1778.42,298
1619486160,1779.02,202
1619486220,1778.87,205
1619486280,1778.84,167
1619486340,1779.41,210
1619486400,1779.27,162
1619486460,1779.06,148
1619486520,1779.36,163
1619486580,1779.28,168
1619486640,1779.00,106
1619486700,1779.36,184
1619486760,1779.39,144
1619486820,1779.13,104
1619486880,1779.01,117
1619486940,1778.84,62
1619487000,1777.59,135
1619487060,1777.08,195
1619487120,1777.56,194
1619487180,1777.87,135
1619487240,1777.66,147
1619487300,1777.53,130
1619487360,1777.63,150
1619487420,1776.88,180
1619487480,1777.28,202
1619487540,1777.52,108
1619487600,1777.47,145
1619487660,1777.69,143
1619487720,1776.96,152
1619487780,1776.98,154
1619487840,1776.77,165
1619487900,1776.46,197
1619487960,1776.25,153
1619488020,1775.87,169
1619488080,1776.16,157
1619488140,1775.88,137
1619488200,1776.04,157
1619488260,1776.19,75
1619488320,1776.00,149
1619488380,1775.89,143
1619488440,1775.77,118
1619488500,1774.65,172
1619488560,1773.81,240
1619488620,1774.67,232
1619488680,1774.74,161
1619488740,1775.14,166
1619488800,1775.66,179
1619488860,1776.21,164
1619488920,1776.20,119
1619488980,1776.35,170
1619489040,1776.40,108
1619489100,1776.56,122
1619489160,1776.38,121
1619489220,1776.33,139
1619489280,1776.05,114
1619489340,1775.59,100
1619489400,1775.87,176
1619489460,1776.05,79
1619489520,1776.01,99
1619489580,1776.03,89
1619489640,1775.81,107
1619489700,1775.89,55
1619489760,1776.04,75
1619489820,1776.07,64
1619489880,1776.05,72
1619489940,1775.86,79
1619490000,1775.58,83
1619490060,1775.25,100
1619490120,1774.98,113
1619490180,1775.18,133
1619490240,1774.77,141
1619490300,1774.88,133
1619490360,1775.11,124
1619490420,1775.19,117
1619490480,1775.06,94
1619490540,1774.74,63
1619490600,1775.25,170
1619490660,1775.07,122
1619490720,1775.29,104
1619490780,1775.68,108
1619490840,1775.69,123
1619490900,1775.69,97
1619490960,1775.89,77
1619491020,1775.89,102
1619491080,1776.09,105
1619491140,1776.20,76
1619491200,1776.62,87
1619491260,1776.58,89
1619491320,1776.55,72
1619491380,1776.65,54
1619491440,1776.62,73
1619491500,1776.74,33
1619491560,1776.69,64
1619491620,1776.64,32
1619491680,1776.77,40
1619491740,1776.76,49
1619491800,1777.18,46
1619491860,1777.58,109
1619491920,1777.66,116
1619491980,1777.41,74
1619492040,1777.66,40
1619492100,1777.76,43
1619492160,1777.66,36
1619492220,1777.63,63
1619492280,1777.99,71
1619492340,1778.05,56
1619492400,1777.88,116
1619492460,1777.95,136
1619492520,1778.36,163
1619492580,1778.20,96
1619492640,1778.25,124
1619492700,1778.17,99
1619492760,1778.31,88
1619492820,1778.54,119
1619492880,1778.72,90
1619492940,1778.75,115
1619493000,1778.82,102
1619493060,1778.52,100
1619493120,1778.32,96
1619493180,1778.39,99
1619493240,1778.38,84
1619493300,1778.38,59
1619493360,1778.37,98
1619493420,1778.19,96
1619493480,1778.28,100
1619493540,1778.42,116
1619493600,1778.34,94
1619493660,1778.61,105
1619493720,1778.62,29
1619493780,1778.58,80
1619493840,1778.33,134
1619493900,1778.17,121
1619493960,1778.60,160
1619494020,1778.65,116
1619494080,1778.48,81
1619494140,1778.63,45
1619494200,1778.46,65
1619494260,1778.58,69
1619494320,1778.58,59
1619494380,1778.62,79
1619494440,1778.70,47
1619494500,1778.65,51
1619494560,1778.41,42
1619494620,1778.34,29
1619494680,1778.33,40
1619494740,1778.33,36
1619494800,1778.14,26
1619494860,1777.92,44
1619494920,1778.15,44
1619494980,1778.11,30
1619495040,1777.98,62
1619495100,1777.87,45
1619495160,1778.25,38
1619495220,1778.50,34
1619495280,1778.66,56
1619495340,1778.50,27
1619495400,1778.50,42
1619495460,1779.40,88
1619495520,1779.73,104
1619495580,1779.97,96
1619495640,1779.82,67
1619495700,1779.92,55
1619495760,1779.80,59
1619495820,1779.96,41
1619495880,1780.05,51
1619495940,1779.85,109
1619496000,1779.98,78
1619496060,1779.67,74
1619496120,1779.79,58
1619496180,1779.61,65
1619496240,1779.77,73
1619496300,1779.94,60
1619496360,1779.99,76
1619496420,1779.99,41
1619496480,1780.05,33
1619496540,1780.07,23
1619496600,1780.27,47
1619496660,1780.08,61
1619496720,1779.81,53
1619496780,1779.98,40
1619496840,1779.54,38
1619496900,1779.89,71
1619496960,1779.92,35
1619497020,1779.78,57
1619497080,1780.23,79
1619497140,1780.17,86
1619497200,1780.20,72
1619497260,1780.24,50
1619497320,1780.26,41
1619497380,1780.24,50
1619497440,1780.22,58
1619497500,1780.27,50
1619497560,1780.26,30
1619497620,1780.38,29
1619497680,1780.79,96
1619497740,1780.90,62
1619497800,1780.88,45
1619497860,1780.86,43
1619497920,1780.90,45
1619497980,1780.94,35
1619498040,1781.04,58
1619498100,1781.01,77
1619498160,1780.89,54
1619498220,1781.08,49
1619498280,1781.01,63
1619498340,1780.90,47
1619498400,1780.81,42
1619498460,1780.97,45
1619498520,1780.84,60
1619498580,1781.11,42
1619498640,1781.13,20
1619498700,1781.26,36
1619498760,1781.29,69
1619498820,1781.29,69
1619498880,1781.22,48
1619498940,1781.01,54
1619499000,1780.92,36
1619499060,1781.01,36
1619499120,1780.96,44
1619499180,1781.30,40
1619499240,1781.22,54
1619499300,1781.57,72
1619499360,1781.62,68
1619499420,1781.66,61
1619499480,1781.60,69
1619499540,1781.51,52
1619499600,1781.29,75
1619499660,1781.00,64
1619499720,1780.78,29
1619499780,1780.49,68
1619499840,1780.60,29
1619499900,1780.55,35
1619499960,1780.38,46
1619500020,1780.49,33
1619500080,1780.79,61
1619500140,1780.58,46
1619500200,1780.47,39
1619500260,1780.61,70
1619500320,1780.58,64
1619500380,1780.55,14
1619500440,1780.63,69
1619500500,1780.57,52
1619500560,1780.79,44
1619500620,1780.92,23
1619500680,1780.81,49
1619500740,1780.91,62
1619500800,1780.90,26
1619500860,1781.18,42
1619500920,1780.69,54
1619500980,1781.01,25
1619501040,1780.79,30
1619501100,1780.49,66
1619501160,1780.37,67
1619501220,1780.36,60
1619501280,1780.19,68
1619501340,1780.35,50
1619501400,1781.19,159
1619501460,1781.15,131
1619501520,1781.23,122
1619501580,1781.11,84
1619501640,1781.81,160
1619501700,1781.66,152
1619501760,1781.50,137
1619501820,1781.87,126
1619501880,1781.71,107
1619501940,1782.23,115
1619502000,1782.58,145
1619502060,1782.42,129
1619502120,1782.52,68
1619502180,1782.71,128
1619502240,1782.89,118
1619502300,1782.44,161
1619502360,1782.46,149
1619502420,1782.50,72
1619502480,1782.03,134
1619502540,1781.97,158
1619502600,1782.32,136
1619502660,1782.52,115
1619502720,1782.49,91
1619502780,1782.79,109
1619502840,1782.58,79
1619502900,1783.00,118
1619502960,1782.92,137
1619503020,1782.50,72
1619503080,1782.98,138
1619503140,1783.12,90
1619503200,1782.83,184
1619503260,1782.31,189
1619503320,1781.97,134
1619503380,1781.67,115
1619503440,1781.82,117
1619503500,1781.75,154
1619503560,1781.54,109
1619503620,1782.03,146
1619503680,1781.84,152
1619503740,1781.86,184
1619503800,1781.50,119
1619503860,1781.69,143
1619503920,1781.44,136
1619503980,1780.90,165
1619504040,1780.68,189
1619504100,1780.58,116
1619504160,1780.32,140
1619504220,1780.63,154
1619504280,1780.42,149
1619504340,1780.33,125
1619504400,1780.75,139
1619504460,1781.23,144
1619504520,1781.33,120
1619504580,1781.23,119
1619504640,1780.69,153
1619504700,1780.84,131
1619504760,1780.91,102
1619504820,1781.51,108
1619504880,1781.66,170
1619504940,1781.40,162
1619505000,1781.67,144
1619505060,1781.83,99
1619505120,1782.21,194
1619505180,1782.21,148
1619505240,1781.73,142
1619505300,1781.69,123
1619505360,1781.50,101
1619505420,1781.56,97
1619505480,1781.47,101
1619505540,1781.65,93
1619505600,1781.46,98
1619505660,1781.04,160
1619505720,1781.10,69
1619505780,1781.12,125
1619505840,1780.80,149
1619505900,1780.63,156
1619505960,1780.68,140
1619506020,1780.51,119
1619506080,1780.74,86
1619506140,1780.64,98
1619506200,1780.68,87
1619506260,1780.73,99
1619506320,1780.45,99
1619506380,1780.60,140
1619506440,1780.49,90
1619506500,1780.14,143
1619506560,1779.73,125
1619506620,1779.85,131
1619506680,1780.20,143
1619506740,1780.15,109
1619506800,1780.62,156
1619506860,1779.95,148
1619506920,1780.68,149
1619506980,1781.17,173
1619507040,1781.56,160
1619507100,1781.74,190
1619507160,1781.29,122
1619507220,1781.22,146
1619507280,1780.25,137
1619507340,1780.49,167
1619507400,1780.61,139
1619507460,1780.63,122
1619507520,1780.32,159
1619507580,1780.34,103
1619507640,1780.73,132
1619507700,1780.74,100
1619507760,1780.77,112
1619507820,1780.92,136
1619507880,1781.51,129
1619507940,1781.45,110
1619508000,1781.36,97
1619508060,1781.38,110
1619508120,1781.56,115
1619508180,1781.52,126
1619508240,1781.25,169
1619508300,1781.24,176
1619508360,1781.23,146
1619508420,1781.38,126
1619508480,1781.48,108
1619508540,1781.55,105
1619508600,1780.93,159
1619508660,1780.84,134
1619508720,1780.52,121
1619508780,1780.14,153
1619508840,1779.88,166
1619508900,1779.96,137
1619508960,1780.13,160
1619509020,1780.08,134
1619509080,1780.08,85
1619509140,1779.83,103
1619509200,1779.89,93
1619509260,1780.40,135
1619509320,1780.42,128
1619509380,1780.12,146
1619509440,1779.89,76
1619509500,1779.74,154
1619509560,1779.20,155
1619509620,1779.11,199
1619509680,1778.79,153
1619509740,1778.83,155
1619509800,1778.68,97
1619509860,1777.94,191
1619509920,1778.31,173
1619509980,1778.43,168
1619510040,1777.93,143
1619510100,1778.02,116
1619510160,1778.20,137
1619510220,1778.22,127
1619510280,1778.34,139
1619510340,1778.26,148
1619510400,1777.93,176
1619510460,1778.01,109
1619510520,1778.05,113
1619510580,1777.84,179
1619510640,1777.74,134
1619510700,1777.93,160
1619510760,1777.72,178
1619510820,1777.39,135
1619510880,1776.98,174
1619510940,1776.74,191
1619511000,1776.84,158
1619511060,1776.74,146
1619511120,1776.55,145
1619511180,1776.33,153
1619511240,1776.19,227
1619511300,1776.50,211
1619511360,1776.66,145
1619511420,1776.47,133
1619511480,1776.57,151
1619511540,1776.54,120
1619511600,1776.95,158
1619511660,1777.98,207
1619511720,1777.95,150
1619511780,1778.06,191
1619511840,1778.04,109
1619511900,1777.86,139
1619511960,1778.03,138
1619512020,1778.34,151
1619512080,1778.45,94
1619512140,1778.62,161
1619512200,1778.60,153
1619512260,1778.60,165
1619512320,1778.30,124
1619512380,1778.40,134
1619512440,1778.47,125
1619512500,1778.56,114
1619512560,1778.73,74
1619512620,1778.74,86
1619512680,1778.96,123
1619512740,1779.12,62
1619512800,1779.67,145
1619512860,1779.87,104
1619512920,1779.91,115
1619512980,1780.07,111
1619513040,1779.98,130
1619513100,1780.21,115
1619513160,1780.19,125
1619513220,1779.89,143
1619513280,1779.54,126
1619513340,1779.74,113
1619513400,1779.65,83
1619513460,1779.14,105
1619513520,1779.23,105
1619513580,1779.40,100
1619513640,1779.37,153
1619513700,1779.49,128
1619513760,1779.41,77
1619513820,1779.29,41
1619513880,1779.29,84
1619513940,1779.25,90
1619514000,1779.47,105
1619514060,1779.49,94
1619514120,1779.42,102
1619514180,1779.69,115
1619514240,1779.37,121
1619514300,1779.26,56
1619514360,1779.28,80
1619514420,1779.28,109
1619514480,1779.46,149
1619514540,1779.43,123
1619514600,1779.34,101
1619514660,1779.15,62
1619514720,1778.93,117
1619514780,1778.72,121
1619514840,1778.57,101
1619514900,1778.97,100
1619514960,1778.70,105
1619515020,1778.71,113
1619515080,1778.60,93
1619515140,1778.70,93
1619515200,1778.88,73
1619515260,1779.41,138
1619515320,1778.96,99
1619515380,1779.00,83
1619515440,1779.72,163
1619515500,1780.34,175
1619515560,1780.59,152
1619515620,1780.73,183
1619515680,1780.87,131
1619515740,1780.79,153
1619515800,1780.74,164
1619515860,1780.88,127
1619515920,1780.99,119
1619515980,1781.31,127
1619516040,1780.87,162
1619516100,1780.84,112
1619516160,1781.13,104
1619516220,1781.04,92
1619516280,1781.30,131
1619516340,1781.46,102
1619516400,1780.91,122
1619516460,1781.03,101
1619516520,1781.32,110
1619516580,1781.19,113
1619516640,1781.09,87
1619516700,1781.14,91
1619516760,1781.24,87
1619516820,1781.38,141
1619516880,1781.38,105
1619516940,1781.50,141
1619517000,1781.20,131
1619517060,1781.21,204
1619517120,1781.56,150
1619517180,1781.32,123
1619517240,1781.56,137
1619517300,1781.55,139
1619517360,1781.26,137
1619517420,1781.27,128
1619517480,1781.45,93
1619517540,1781.48,140
1619517600,1781.77,124
1619517660,1781.64,130
1619517720,1781.62,89
1619517780,1781.04,133
1619517840,1781.10,125
1619517900,1781.06,156
1619517960,1780.83,147
1619518020,1780.54,137
1619518080,1780.74,127
1619518140,1781.15,123
1619518200,1781.58,77
1619518260,1781.97,138
1619518320,1781.53,125
1619518380,1781.24,77
1619518440,1780.93,120
1619518500,1781.17,153
1619518560,1781.56,78
1619518620,1781.78,107
1619518680,1781.55,92
1619518740,1780.77,89
1619518800,1780.77,82
1619518860,1780.68,98
1619518920,1780.96,124
1619518980,1780.68,106
1619519040,1780.52,96
1619519100,1780.67,98
1619519160,1780.54,77
1619519220,1780.83,88
1619519280,1781.01,60
1619519340,1781.22,109
1619519400,1780.81,130
1619519460,1780.90,78
1619519520,1780.70,72
1619519580,1780.41,64
1619519640,1780.29,98
1619519700,1779.83,136
1619519760,1779.76,80
1619519820,1779.65,129
1619519880,1779.99,110
1619519940,1779.82,99
1619520000,1779.81,105
1619520060,1779.85,110
1619520120,1779.66,108
1619520180,1779.58,67
1619520240,1779.81,115
1619520300,1779.81,112
1619520360,1779.91,78
1619520420,1780.36,108
1619520480,1780.22,95
1619520540,1779.93,126
1619520600,1779.99,114
1619520660,1780.16,142
1619520720,1780.23,115
1619520780,1780.21,126
1619520840,1780.47,116
1619520900,1780.68,112
1619520960,1781.06,140
1619521020,1781.28,130
1619521080,1781.48,181
1619521140,1781.66,145
1619521200,1781.59,186
1619521260,1781.46,151
1619521320,1781.41,164
1619521380,1781.34,142
1619521440,1781.38,103
1619521500,1781.51,118
1619521560,1781.41,131
1619521620,1781.33,135
1619521680,1782.13,139
1619521740,1781.58,126
1619521800,1781.62,121
1619521860,1781.70,110
1619521920,1781.95,135
1619521980,1782.22,90
1619522040,1782.22,85
1619522100,1782.60,131
1619522160,1782.41,130
1619522220,1782.75,137
1619522280,1782.75,118
1619522340,1782.66,87
1619522400,1782.47,104
1619522460,1782.67,93
1619522520,1782.68,91
1619522580,1782.69,119
1619522640,1782.73,129
1619522700,1782.31,112
1619522760,1782.00,122
1619522820,1781.70,94
1619522880,1781.81,111
1619522940,1781.82,88
1619523000,1781.91,123
1619523060,1781.99,90
1619523120,1782.65,157
1619523180,1782.52,141
1619523240,1781.81,139
1619523300,1781.83,146
1619523360,1781.66,153
1619523420,1781.15,126
1619523480,1781.65,183
1619523540,1781.35,162
1619523600,1780.71,130
1619523660,1780.54,137
1619523720,1780.52,112
1619523780,1780.22,114
1619523840,1779.99,132
1619523900,1780.74,166
1619523960,1780.73,124
1619524020,1780.73,120
1619524080,1780.78,108
1619524140,1781.04,141
1619524200,1781.04,120
1619524260,1780.93,118
1619524320,1780.88,124
1619524380,1780.84,180
1619524440,1780.64,138
1619524500,1781.10,121
1619524560,1781.87,179
1619524620,1782.50,204
1619524680,1782.67,139
1619524740,1782.55,142
1619524800,1781.70,163
1619524860,1781.62,198
1619524920,1781.74,171
1619524980,1781.34,104
1619525040,1781.72,121
1619525100,1781.94,152
1619525160,1781.76,178
1619525220,1781.89,108
1619525280,1781.98,119
1619525340,1782.43,257
1619525400,1781.01,213
1619525460,1780.65,134
1619525520,1780.55,186
1619525580,1780.98,178
1619525640,1781.43,194
1619525700,1781.39,144
1619525760,1781.73,80
1619525820,1782.32,96
1619525880,1782.91,171
1619525940,1783.02,188
1619526000,1784.58,315
1619526060,1784.00,246
1619526120,1784.28,243
1619526180,1784.36,221
1619526240,1784.73,244
1619526300,1785.08,289
1619526360,1784.64,225
1619526420,1784.18,270
1619526480,1784.18,210
1619526540,1784.86,154
1619526600,1784.89,191
1619526660,1782.70,202
1619526720,1781.90,302
1619526780,1782.67,243
1619526840,1782.70,200
1619526900,1782.19,193
1619526960,1782.18,187
1619527020,1781.74,139
1619527080,1781.60,156
1619527140,1781.38,208
1619527200,1782.58,261
1619527260,1782.07,217
1619527320,1781.95,186
1619527380,1782.10,177
1619527440,1781.88,122
1619527500,1781.36,165
1619527560,1781.92,160
1619527620,1782.96,185
1619527680,1783.36,234
1619527740,1783.39,226
1619527800,1784.11,137
1619527860,1782.96,235
1619527920,1783.10,194
1619527980,1783.00,193
1619528040,1783.09,170
1619528100,1782.43,255
1619528160,1782.41,189
1619528220,1782.81,150
1619528280,1783.10,174
1619528340,1783.05,228
1619528400,1783.24,285
1619528460,1782.39,282
1619528520,1782.22,275
1619528580,1781.63,294
1619528640,1781.07,298
1619528700,1782.27,313
1619528760,1782.68,278
1619528820,1783.48,274
1619528880,1784.20,349
1619528940,1784.88,295
1619529000,1784.62,333
1619529060,1784.37,337
1619529120,1784.45,294
1619529180,1783.87,212
1619529240,1783.61,268
1619529300,1783.56,295
1619529360,1784.18,316
1619529420,1784.54,257
1619529480,1784.18,209
1619529540,1783.94,215
1619529600,1784.93,226
1619529660,1784.42,299
1619529720,1784.86,217
1619529780,1784.31,182
1619529840,1783.95,282
1619529900,1784.42,228
1619529960,1783.02,311
1619530020,1782.77,210
1619530080,1781.73,247
1619530140,1781.94,262
1619530200,1781.97,326
1619530260,1780.55,326
1619530320,1779.00,379
1619530380,1778.53,384
1619530440,1779.41,354
1619530500,1779.96,338
1619530560,1780.55,300
1619530620,1780.47,334
1619530680,1780.49,331
1619530740,1781.59,310
1619530800,1781.14,303
1619530860,1781.32,329
1619530920,1780.84,294
1619530980,1780.05,303
1619531040,1779.47,279
1619531100,1780.42,312
1619531160,1780.42,252
1619531220,1780.34,274
1619531280,1781.44,357
1619531340,1781.31,281
1619531400,1782.37,309
1619531460,1783.23,339
1619531520,1783.48,340
1619531580,1783.34,290
1619531640,1783.71,242
1619531700,1783.99,243
1619531760,1783.56,208
1619531820,1782.83,216
1619531880,1782.82,182
1619531940,1782.93,215
1619532000,1783.44,354
1619532060,1783.36,286
1619532120,1782.97,319
1619532180,1782.74,244
1619532240,1783.07,212
1619532300,1783.31,256
1619532360,1783.08,227
1619532420,1783.29,227
1619532480,1783.30,186
1619532540,1782.94,156
1619532600,1781.48,267
1619532660,1780.96,262
1619532720,1781.60,267
1619532780,1782.96,244
1619532840,1783.23,287
1619532900,1784.16,337
1619532960,1783.94,322
1619533020,1783.23,273
1619533080,1782.92,252
1619533140,1782.76,243
1619533200,1783.30,263
1619533260,1782.99,255
1619533320,1783.74,259
1619533380,1783.57,238
1619533440,1783.29,219
1619533500,1783.02,266
1619533560,1782.88,229
1619533620,1782.93,156
1619533680,1782.75,202
1619533740,1782.74,207
1619533800,1782.28,182
1619533860,1782.09,192
1619533920,1782.52,205
1619533980,1782.40,188
1619534040,1781.86,202
1619534100,1781.25,232
1619534160,1780.45,261
1619534220,1780.26,293
1619534280,1780.28,249
1619534340,1780.04,218
1619534400,1779.77,236
1619534460,1780.01,219
1619534520,1780.31,245
1619534580,1779.77,193
1619534640,1779.63,276
1619534700,1780.23,307
1619534760,1779.97,226
1619534820,1779.95,263
1619534880,1779.86,228
1619534940,1780.83,228
1619535000,1780.95,274
1619535060,1781.49,189
1619535120,1781.12,222
1619535180,1780.31,233
1619535240,1780.97,207
1619535300,1780.27,269
1619535360,1780.30,253
1619535420,1780.05,283
1619535480,1781.19,286
1619535540,1781.09,245
1619535600,1780.98,236
1619535660,1781.34,224
1619535720,1781.64,250
1619535780,1781.37,198
1619535840,1780.84,215
1619535900,1780.90,176
1619535960,1780.63,163
1619536020,1780.16,179
1619536080,1780.31,193
1619536140,1780.74,156
1619536200,1780.67,166
1619536260,1780.52,142
1619536320,1779.96,149
1619536380,1779.97,151
1619536440,1779.68,133
1619536500,1779.97,211
1619536560,1780.13,152
1619536620,1779.74,94
1619536680,1779.82,117
1619536740,1779.36,143
1619536800,1779.03,148
1619536860,1778.67,217
1619536920,1778.27,230
1619536980,1777.91,196
1619537040,1778.07,233
1619537100,1778.55,192
1619537160,1779.08,185
1619537220,1778.86,179
1619537280,1778.65,145
1619537340,1778.33,164
1619537400,1778.65,175
1619537460,1778.92,117
1619537520,1779.01,170
1619537580,1779.26,183
1619537640,1778.84,170
1619537700,1779.24,152
1619537760,1778.87,136
1619537820,1779.29,123
1619537880,1779.58,76
1619537940,1779.34,136
1619538000,1779.12,158
1619538060,1778.90,144
1619538120,1778.92,116
1619538180,1779.21,121
1619538240,1778.80,118
1619538300,1778.36,149
1619538360,1778.02,175
1619538420,1778.03,136
1619538480,1778.67,114
1619538540,1778.43,96
1619538600,1778.99,118
1619538660,1779.03,115
1619538720,1779.08,122
1619538780,1779.13,128
1619538840,1778.95,87
1619538900,1779.26,103
1619538960,1779.00,89
1619539020,1779.01,59
1619539080,1778.85,109
1619539140,1778.14,182
1619539200,1778.34,127
1619539260,1778.63,135
1619539320,1778.72,72
1619539380,1778.59,172
1619539440,1778.27,124
1619539500,1778.67,97
1619539560,1778.60,146
1619539620,1778.91,98
1619539680,1778.84,140
1619539740,1778.64,64
1619539800,1778.95,106
1619539860,1779.13,98
1619539920,1778.81,74
1619539980,1778.59,38
1619540040,1778.45,90
1619540100,1778.51,95
1619540160,1778.53,90
1619540220,1778.62,135
1619540280,1778.60,108
1619540340,1778.76,90
1619540400,1778.76,49
1619540460,1778.67,88
1619540520,1778.55,84
1619540580,1778.64,133
1619540640,1778.42,52
1619540700,1778.18,90
1619540760,1778.13,105
1619540820,1777.90,94
1619540880,1778.03,77
1619540940,1777.86,74
1619541000,1777.89,98
1619541060,1778.00,79
1619541120,1778.42,104
1619541180,1778.13,155
1619541240,1778.51,111
1619541300,1778.88,138
1619541360,1778.86,197
1619541420,1779.20,186
1619541480,1778.99,136
1619541540,1779.25,134
1619541600,1779.30,151
1619541660,1779.31,131
1619541720,1779.39,145
1619541780,1779.26,115
1619541840,1779.55,147
1619541900,1779.28,172
1619541960,1779.08,120
1619542020,1778.98,123
1619542080,1778.73,117
1619542140,1778.78,140
1619542200,1778.56,153
1619542260,1778.80,167
1619542320,1778.80,113
1619542380,1778.40,121
1619542440,1778.21,108
1619542500,1778.66,144
1619542560,1778.12,188
1619542620,1778.37,115
1619542680,1777.83,183
1619542740,1778.23,179
1619542800,1778.23,176
1619542860,1778.60,175
1619542920,1779.24,276
1619542980,1779.29,157
1619543040,1779.19,163
1619543100,1779.51,201
1619543160,1779.61,187
1619543220,1779.83,120
1619543280,1779.41,126
1619543340,1779.11,138
1619543400,1779.22,143
1619543460,1779.30,139
1619543520,1779.35,113
1619543580,1779.13,124
1619543640,1779.14,102
1619543700,1779.14,128
1619543760,1779.07,93
1619543820,1778.86,60
1619543880,1778.92,92
1619543940,1778.63,90
1619544000,1778.90,128
1619544060,1779.26,74
1619544120,1779.29,62
1619544180,1779.05,63
1619544240,1778.83,98
1619544300,1778.91,79
1619544360,1779.02,117
1619544420,1779.12,68
1619544480,1779.04,82
1619544540,1778.91,173
1619544600,1778.80,131
1619544660,1778.46,113
1619544720,1778.40,142
1619544780,1778.34,107
1619544840,1778.53,149
1619544900,1778.41,139
1619544960,1778.46,139
1619545020,1778.48,105
1619545080,1778.42,81
1619545140,1778.02,64
1619545200,1778.20,65
1619545260,1778.54,62
1619545320,1778.35,80
1619545380,1778.22,99
1619545440,1777.62,148
1619545500,1777.64,209
1619545560,1777.06,170
1619545620,1776.97,171
1619545680,1776.99,111
1619545740,1777.17,119
1619545800,1777.30,90
1619545860,1777.34,101
1619545920,1777.52,152
1619545980,1777.62,126
1619546040,1777.66,124
1619546100,1777.40,135
1619546160,1777.54,125
1619546220,1777.54,130
1619546280,1777.42,166
1619546340,1777.21,185
1619546400,1777.24,47
1619546460,1776.43,155
1619546520,1776.33,190
1619546580,1776.36,176
1619546640,1776.37,141
1619546700,1776.21,158
1619546760,1775.79,151
1619546820,1775.92,135
1619546880,1776.45,99
1619546940,1776.35,180
1619547000,1775.83,148
1619547060,1776.21,160
1619547120,1776.10,115
1619547180,1776.22,148
1619547240,1776.21,122
1619547300,1776.84,119
1619547360,1776.87,127
1619547420,1777.00,168
1619547480,1776.96,132
1619547540,1777.17,139
1619547600,1776.89,119
1619547660,1776.86,100
1619547720,1776.78,68
1619547780,1776.58,69
1619547840,1776.47,76
1619547900,1776.54,95
1619547960,1776.57,91
1619548020,1777.19,118
1619548080,1777.16,156
1619548140,1777.25,120
1619548200,1776.99,142
1619548260,1776.64,96
1619548320,1777.23,134
1619548380,1777.26,70
1619548440,1777.05,77
1619548500,1777.31,92
1619548560,1777.09,74
1619548620,1777.17,61
1619548680,1777.53,83
1619548740,1776.90,149
1619548800,1776.88,87
1619548860,1776.81,77
1619548920,1776.68,58
1619548980,1776.70,71
1619549040,1776.80,109
1619549100,1776.96,124
1619549160,1776.74,88
1619549220,1776.63,73
1619549280,1775.92,151
1619549340,1775.89,138
1619549400,1775.69,82
1619549460,1775.85,109
1619549520,1776.08,132
1619549580,1776.55,146
1619549640,1776.50,188
1619549700,1776.40,164
1619549760,1776.44,79
1619549820,1776.79,101
1619549880,1776.54,84
1619549940,1776.73,182
1619550000,1777.15,167
1619550060,1777.11,133
1619550120,1777.16,84
1619550180,1777.06,86
1619550240,1776.77,86
1619550300,1776.48,76
1619550360,1776.72,69
1619550420,1776.84,114
1619550480,1776.82,99
1619550540,1776.64,97
1619550600,1776.63,52
1619550660,1776.91,67
1619550720,1777.07,165
1619550780,1777.16,124
1619550840,1777.13,139
1619550900,1776.95,81
1619550960,1776.65,63
1619551020,1776.94,55
1619551080,1777.14,45
1619551140,1777.14,76
1619551200,1777.16,73
1619551260,1777.34,20
1619551320,1777.45,37
1619551380,1777.44,40
1619551440,1777.55,43
1619551500,1777.48,33
1619551560,1777.15,39
1619551620,1776.94,52
1619551680,1776.65,43
1619551740,1776.86,96
1619551800,1777.14,84
1619551860,1777.14,69
1619551920,1777.24,77
1619551980,1776.91,49
1619552040,1777.03,67
1619552100,1776.53,75
1619552160,1777.02,80
1619552220,1777.13,57
1619552280,1777.25,53
1619552340,1777.26,79
1619552400,1776.83,85
1619552460,1776.65,61
1619552520,1776.83,59
1619552580,1776.73,66
1619552640,1776.78,60
1619552700,1776.56,55
1619552760,1776.34,42
1619552820,1776.17,76
1619552880,1776.16,71
1619552940,1776.01,88
1619553000,1775.83,149
1619553060,1775.77,152
1619553120,1775.86,54
1619553180,1775.76,91
1619553240,1776.07,70
1619553300,1776.22,116
1619553360,1776.34,88
1619553420,1776.43,109
1619553480,1776.23,91
1619553540,1776.63,223
1619553600,1776.56,181
1619553660,1776.56,118
1619553720,1776.46,38
1619553780,1776.48,41
1619553840,1776.52,32
1619553900,1776.51,23
1619553960,1776.32,22
1619554020,1775.73,72
1619554080,1776.52,80
1619554140,1776.11,81
1619554200,1776.24,47
1619554260,1776.32,45
1619554320,1776.21,31
1619554380,1776.41,32
1619554440,1776.33,48
1619554500,1776.29,36
1619554560,1776.11,43
1619554620,1776.12,25
1619554680,1776.25,60
1619554740,1776.35,21
1619554800,1775.84,56
1619554860,1775.92,38
1619554920,1775.92,6
1619554980,1775.64,51
1619555040,1775.66,62
1619555100,1775.87,29
1619555160,1776.02,47
1619555220,1775.98,30
1619555280,1775.84,56
1619555340,1775.73,41
1619555400,1775.76,57
1619555460,1775.97,39
1619555520,1776.18,91
1619555580,1776.10,71
1619555640,1776.08,22
1619555700,1776.28,45
1619555760,1776.08,46
1619555820,1776.27,25
1619555880,1776.27,12
1619555940,1776.28,14
1619556000,1776.26,53
1619556060,1776.40,22
1619556120,1776.46,35
1619556180,1776.46,22
1619556240,1776.49,10
1619556300,1776.58,43
1619556360,1776.55,45
1619556420,1776.79,43
1619556480,1776.79,22
1619556540,1776.86,37
1619556600,1777.03,70
1619556660,1776.95,37
1619556720,1776.64,64
1619556780,1776.72,39
1619556840,1776.62,31
1619556900,1776.54,41
1619556960,1776.71,27
1619560920,1776.77,38
1619560980,1776.93,85
1619561040,1776.88,40
1619561100,1776.98,36
1619561160,1777.04,18
1619561220,1777.04,16
1619561280,1776.59,34
1619561340,1776.56,33
1619561400,1776.48,29
1619561460,1776.58,34
1619561520,1776.62,27
1619561580,1776.43,36
1619561640,1776.33,16
1619561700,1776.25,39
1619561760,1776.13,11
1619561820,1776.11,18
1619561880,1776.12,9
1619561940,1776.11,1
1619562000,1776.16,22
1619562060,1776.16,28
1619562120,1776.21,26
1619562180,1776.24,6
1619562240,1776.32,25
1619562300,1776.42,12
1619562360,1776.30,7
1619562420,1776.24,33
1619562480,1776.11,18
1619562540,1776.09,2
1619562600,1776.11,4
1619562660,1776.03,24
1619562720,1776.00,31
1619562780,1775.90,34
1619562840,1775.97,32
1619562900,1776.15,38
1619562960,1776.14,51
1619563020,1775.94,28
1619563080,1775.98,38
1619563140,1775.85,17
1619563200,1775.88,35
1619563260,1775.84,23
1619563320,1775.89,44
1619563380,1775.81,24
1619563440,1776.14,48
1619563500,1776.28,61
1619563560,1776.12,39
1619563620,1776.26,32
1619563680,1776.21,28
1619563740,1775.89,61
1619563800,1775.87,15
1619563860,1775.88,41
1619563920,1775.64,38
1619563980,1775.82,21
1619564040,1775.70,19
1619564100,1775.68,14
1619564160,1775.47,29
1619564220,1775.66,39
1619564280,1775.46,14
1619564340,1775.50,11
1619564400,1775.65,51
1619564460,1775.55,35
1619564520,1775.66,11
1619564580,1775.55,25
1619564640,1775.46,29
1619564700,1775.46,44
1619564760,1775.66,25
1619564820,1775.96,36
1619564880,1775.95,32
1619564940,1775.53,42
1619565000,1775.75,25
1619565060,1775.75,12
1619565120,1775.74,9
1619565180,1775.83,27
1619565240,1775.84,5
1619565300,1775.95,9
1619565360,1775.96,15
1619565420,1775.96,13
1619565480,1776.03,24
1619565540,1775.98,32
1619565600,1776.08,21
1619565660,1776.03,17
1619565720,1776.11,20
1619565780,1776.15,28
1619565840,1776.15,22
1619565900,1776.25,26
1619565960,1776.13,46
1619566020,1776.14,12
1619566080,1776.22,22
1619566140,1776.16,25
1619566200,1776.12,25
1619566260,1776.12,26
1619566320,1776.17,38
1619566380,1776.20,25
1619566440,1776.24,14
1619566500,1776.29,14
1619566560,1776.20,19
1619566620,1776.23,21
1619566680,1776.19,22
1619566740,1776.19,17
1619566800,1775.92,32
1619566860,1775.86,30
1619566920,1775.85,24
1619566980,1775.55,26
1619567040,1775.56,5
1619567100,1775.52,67
1619567160,1775.57,37
1619567220,1775.51,51
1619567280,1775.46,26
1619567340,1775.46,48
1619567400,1775.41,41
1619567460,1775.45,50
1619567520,1775.46,43
1619567580,1775.49,32
1619567640,1775.50,11
1619567700,1775.43,17
1619567760,1775.44,33
1619567820,1775.42,12
1619567880,1775.44,16
1619567940,1775.47,22
1619568000,1775.10,102
1619568060,1774.87,128
1619568120,1774.64,139
1619568180,1773.33,219
1619568240,1773.58,144
1619568300,1773.51,139
1619568360,1774.10,107
1619568420,1774.38,56
1619568480,1773.98,89
1619568540,1773.67,109
1619568600,1773.86,71
1619568660,1773.80,69
1619568720,1774.02,58
1619568780,1773.68,63
1619568840,1772.60,136
1619568900,1772.23,163
1619568960,1772.39,103
1619569020,1772.36,103
1619569080,1772.77,111
1619569140,1772.73,103
1619569200,1772.68,93
1619569260,1772.79,57
1619569320,1773.10,64
1619569380,1773.11,48
1619569440,1772.88,71
1619569500,1772.43,87
1619569560,1772.63,60
1619569620,1772.52,53
1619569680,1772.51,62
1619569740,1772.51,67
1619569800,1772.09,118
1619569860,1772.20,140
1619569920,1772.08,141
1619569980,1772.04,103
1619570040,1771.92,87
1619570100,1771.97,99
1619570160,1771.76,75
1619570220,1771.86,90
1619570280,1770.98,116
1619570340,1770.05,164
1619570400,1771.23,166
1619570460,1771.12,100
1619570520,1770.68,101
1619570580,1770.73,106
1619570640,1770.82,119
1619570700,1771.19,68
1619570760,1771.59,92
1619570820,1771.77,125
1619570880,1771.68,135
1619570940,1771.76,121
1619571000,1772.05,75
1619571060,1771.91,114
1619571120,1771.99,95
1619571180,1771.91,85
1619571240,1771.92,130
1619571300,1772.16,133
1619571360,1772.17,79
1619571420,1772.12,42
1619571480,1772.04,66
1619571540,1771.83,60
1619571600,1771.01,387
1619571660,1770.99,285
1619571720,1770.54,230
1619571780,1769.96,215
1619571840,1768.57,231
1619571900,1768.58,271
1619571960,1768.87,226
1619572020,1769.04,195
1619572080,1769.60,190
1619572140,1769.30,174
1619572200,1769.67,165
1619572260,1769.67,150
1619572320,1769.26,131
1619572380,1769.32,107
1619572440,1769.32,152
1619572500,1769.65,225
1619572560,1770.21,177
1619572620,1770.03,176
1619572680,1770.03,90
1619572740,1770.62,134
1619572800,1770.63,137
1619572860,1770.43,160
1619572920,1770.48,111
1619572980,1769.87,95
1619573040,1769.57,136
1619573100,1769.76,88
1619573160,1769.67,95
1619573220,1769.47,106
1619573280,1768.51,187
1619573340,1767.52,225
1619573400,1768.23,312
1619573460,1767.89,232
1619573520,1768.04,211
1619573580,1768.62,216
1619573640,1768.78,174
1619573700,1768.13,174
1619573760,1767.96,146
1619573820,1768.51,202
1619573880,1768.19,136
1619573940,1767.39,258
1619574000,1766.82,256
1619574060,1767.70,221
1619574120,1768.13,231
1619574180,1768.49,224
1619574240,1768.64,181
1619574300,1768.95,140
1619574360,1768.92,158
1619574420,1769.04,167
1619574480,1769.51,150
1619574540,1769.35,134
1619574600,1769.81,172
1619574660,1769.93,155
1619574720,1769.93,117
1619574780,1769.95,102
1619574840,1770.32,108
1619574900,1770.12,118
1619574960,1770.01,129
1619575020,1770.01,91
1619575080,1770.00,114
1619575140,1769.63,89
1619575200,1769.28,132
1619575260,1769.66,124
1619575320,1769.75,97
1619575380,1770.04,94
1619575440,1770.41,115
1619575500,1770.64,169
1619575560,1770.40,136
1619575620,1770.63,92
1619575680,1770.49,97
1619575740,1770.69,68
1619575800,1770.86,156
1619575860,1770.76,128
1619575920,1770.67,96
1619575980,1770.97,73
1619576040,1771.32,114
1619576100,1771.36,104
1619576160,1771.78,121
1619576220,1771.90,92
1619576280,1771.89,101
1619576340,1771.91,62
1619576400,1771.92,62
1619576460,1771.97,96
1619576520,1771.86,125
1619576580,1771.87,64
1619576640,1771.88,76
1619576700,1772.06,42
1619576760,1772.10,76
1619576820,1772.14,92
1619576880,1771.94,81
1619576940,1772.00,92
1619577000,1771.89,130
1619577060,1772.48,113
1619577120,1772.00,140
1619577180,1771.74,68
1619577240,1771.73,98
1619577300,1771.65,110
1619577360,1772.02,91
1619577420,1772.07,78
1619577480,1772.29,81
1619577540,1772.24,100
1619577600,1772.69,98
1619577660,1773.03,110
1619577720,1772.97,126
1619577780,1772.32,116
1619577840,1772.17,82
1619577900,1772.67,106
1619577960,1772.82,131
1619578020,1772.00,110
1619578080,1771.69,105
1619578140,1771.65,55
1619578200,1771.79,143
1619578260,1772.01,102
1619578320,1771.82,63
1619578380,1771.79,88
1619578440,1772.04,71
1619578500,1772.10,107
1619578560,1771.72,68
1619578620,1771.72,74
1619578680,1771.93,73
1619578740,1771.61,76
1619578800,1771.72,125
1619578860,1771.69,97
1619578920,1771.56,79
1619578980,1771.27,114
1619579040,1771.07,120
1619579100,1771.31,137
1619579160,1771.16,86
1619579220,1771.16,91
1619579280,1771.28,89
1619579340,1771.39,148
1619579400,1771.26,105
1619579460,1771.15,116
1619579520,1771.37,117
1619579580,1771.34,111
1619579640,1771.71,95
1619579700,1771.60,64
1619579760,1771.61,75
1619579820,1771.49,68
1619579880,1771.61,75
1619579940,1771.61,32
1619580000,1771.52,43
1619580060,1771.51,41
1619580120,1771.53,58
1619580180,1771.42,58
1619580240,1771.39,76
1619580300,1771.33,92
1619580360,1771.38,86
1619580420,1771.64,87
1619580480,1771.58,144
1619580540,1771.82,80
1619580600,1771.72,69
1619580660,1771.85,64
1619580720,1771.87,58
1619580780,1771.90,39
1619580840,1771.95,47
1619580900,1772.01,51
1619580960,1771.87,37
1619581020,1771.87,25
1619581080,1772.07,37
1619581140,1772.07,30
1619581200,1772.17,27
1619581260,1772.17,11
1619581320,1772.07,5
1619581380,1771.96,51
1619581440,1772.07,37
1619581500,1771.86,22
1619581560,1771.69,29
1619581620,1771.65,47
1619581680,1771.90,47
1619581740,1772.07,43
1619581800,1772.09,14
1619581860,1772.03,10
1619581920,1772.02,27
1619581980,1772.07,23
1619582040,1771.99,21
1619582100,1772.00,28
1619582160,1772.02,52
1619582220,1772.01,38
1619582280,1771.81,45
1619582340,1771.86,35
1619582400,1771.77,43
1619582460,1771.76,30
1619582520,1771.88,34
1619582580,1771.86,14
1619582640,1771.86,21
1619582700,1772.04,42
1619582760,1771.87,53
1619582820,1771.91,47
1619582880,1771.84,35
1619582940,1771.94,45
1619583000,1771.90,25
1619583060,1771.66,34
1619583120,1771.55,70
1619583180,1771.17,97
1619583240,1771.24,69
1619583300,1771.46,78
1619583360,1771.62,77
1619583420,1771.63,52
1619583480,1771.69,24
1619583540,1771.73,45
1619583600,1771.99,58
1619583660,1771.79,34
1619583720,1771.81,47
1619583780,1771.68,31
1619583840,1771.51,48
1619583900,1771.56,53
1619583960,1771.64,46
1619584020,1771.66,45
1619584080,1771.70,36
1619584140,1771.68,49
1619584200,1771.50,57
1619584260,1771.66,34
1619584320,1771.61,29
1619584380,1771.68,39
1619584440,1771.70,31
1619584500,1771.69,40
1619584560,1771.69,13
1619584680,1771.69,14
1619584740,1771.69,15
1619584800,1771.49,37
1619584860,1771.49,45
1619584920,1771.53,34
1619584980,1771.79,49
1619585040,1771.71,17
1619585100,1771.70,26
1619585160,1771.80,53
1619585220,1771.82,25
1619585280,1771.68,24
1619585340,1771.60,32
1619585400,1771.67,37
1619585460,1771.49,46
1619585520,1771.46,40
1619585580,1771.34,81
1619585640,1771.38,30
1619585700,1771.21,42
1619585760,1771.14,60
1619585820,1771.20,48
1619585880,1771.23,9
1619585940,1771.04,49
1619586000,1771.05,98
1619586060,1771.22,67
1619586120,1771.41,56
1619586180,1771.33,39
1619586240,1771.51,39
1619586300,1771.44,38
1619586360,1771.48,53
1619586420,1771.44,29
1619586480,1771.45,40
1619586540,1771.40,44
1619586600,1771.30,54
1619586660,1771.54,54
1619586720,1771.70,46
1619586780,1771.76,49
1619586840,1771.72,77
1619586900,1771.71,90
1619586960,1771.69,68
1619587020,1771.59,66
1619587080,1771.26,70
1619587140,1771.23,99
1619587200,1770.94,79
1619587260,1770.61,93
1619587320,1770.49,73
1619587380,1770.62,54
1619587440,1770.38,51
1619587500,1770.27,69
1619587560,1770.20,43
1619587620,1769.99,102
1619587680,1770.11,89
1619587740,1770.10,66
1619587800,1770.58,181
1619587860,1769.86,158
1619587920,1770.89,143
1619587980,1770.88,134
1619588040,1770.44,119
1619588100,1770.60,85
1619588160,1770.55,95
1619588220,1769.72,139
1619588280,1769.72,121
1619588340,1769.88,109
1619588400,1769.91,127
1619588460,1769.62,89
1619588520,1769.23,118
1619588580,1769.21,129
1619588640,1769.21,89
1619588700,1768.90,132
1619588760,1769.44,113
1619588820,1769.38,95
1619588880,1769.59,113
1619588940,1770.00,97
1619589000,1769.77,107
1619589060,1769.29,98
1619589120,1769.73,75
1619589180,1769.72,73
1619589240,1769.99,88
1619589300,1769.83,82
1619589360,1769.40,119
1619589420,1769.71,104
1619589480,1769.66,73
1619589540,1769.51,104
1619589600,1769.41,203
1619589660,1768.44,170
1619589720,1769.01,160
1619589780,1768.70,234
1619589840,1768.75,145
1619589900,1768.86,104
1619589960,1769.23,107
1619590020,1768.87,122
1619590080,1769.05,91
1619590140,1768.87,138
1619590200,1768.54,119
1619590260,1769.27,175
1619590320,1769.06,225
1619590380,1769.72,158
1619590440,1769.65,103
1619590500,1769.80,151
1619590560,1769.71,110
1619590620,1770.04,129
1619590680,1770.45,175
1619590740,1769.79,115
1619590800,1769.66,131
1619590860,1769.06,133
1619590920,1768.39,213
1619590980,1768.17,215
1619591040,1768.03,146
1619591100,1767.73,148
1619591160,1767.93,126
1619591220,1768.46,175
1619591280,1768.64,214
1619591340,1768.66,172
1619591400,1768.65,128
1619591460,1768.66,135
1619591520,1768.14,125
1619591580,1767.67,158
1619591640,1768.06,156
1619591700,1768.58,136
1619591760,1768.60,127
1619591820,1768.91,121
1619591880,1768.87,169
1619591940,1768.63,137
1619592000,1768.73,177
1619592060,1768.79,116
1619592120,1768.81,122
1619592180,1768.70,84
1619592240,1768.68,93
1619592300,1768.54,91
1619592360,1768.68,108
1619592420,1768.76,159
1619592480,1768.65,121
1619592540,1768.31,85
1619592600,1768.32,170
1619592660,1768.53,125
1619592720,1768.73,118
1619592780,1768.72,165
1619592840,1769.32,137
1619592900,1768.99,161
1619592960,1768.69,136
1619593020,1768.42,126
1619593080,1768.67,147
1619593140,1768.53,85
1619593200,1768.28,175
1619593260,1767.82,187
1619593320,1767.23,224
1619593380,1767.64,207
1619593440,1767.46,150
1619593500,1767.16,134
1619593560,1766.95,219
1619593620,1766.38,192
1619593680,1767.18,156
1619593740,1767.02,159
1619593800,1766.98,203
1619593860,1767.19,200
1619593920,1766.87,198
1619593980,1766.76,164
1619594040,1767.14,185
1619594100,1767.74,152
1619594160,1767.64,118
1619594220,1767.33,169
1619594280,1767.20,128
1619594340,1766.99,130
1619594400,1767.17,153
1619594460,1767.08,111
1619594520,1767.03,140
1619594580,1766.89,126
1619594640,1766.89,138
1619594700,1766.28,154
1619594760,1767.06,142
1619594820,1766.84,125
1619594880,1766.82,106
1619594940,1766.70,113
1619595000,1766.78,121
1619595060,1766.94,165
1619595120,1766.95,128
1619595180,1766.48,121
1619595240,1767.05,138
1619595300,1767.49,209
1619595360,1767.52,164
1619595420,1767.67,132
1619595480,1767.85,100
1619595540,1767.75,113
1619595600,1767.87,136
1619595660,1768.41,123
1619595720,1768.82,196
1619595780,1768.85,136
1619595840,1768.68,144
1619595900,1769.05,181
1619595960,1769.15,173
1619596020,1769.20,106
1619596080,1769.40,117
1619596140,1769.31,111
1619596200,1769.43,100
1619596260,1769.44,118
1619596320,1769.42,131
1619596380,1769.22,97
1619596440,1769.23,81
1619596500,1769.41,168
1619596560,1769.11,147
1619596620,1769.07,122
1619596680,1769.67,128
1619596740,1769.46,129
1619596800,1770.39,207
1619596860,1768.97,171
1619596920,1768.90,170
1619596980,1769.24,154
1619597040,1769.21,104
1619597100,1769.35,122
1619597160,1769.63,136
1619597220,1769.46,117
1619597280,1769.29,169
1619597340,1768.99,129
1619597400,1769.15,102
1619597460,1769.02,120
1619597520,1769.16,87
1619597580,1769.09,71
1619597640,1769.09,109
1619597700,1768.92,119
1619597760,1769.04,93
1619597820,1768.20,167
1619597880,1768.43,101
1619597940,1768.33,71
1619598000,1768.84,106
1619598060,1768.90,126
1619598120,1769.10,94
1619598180,1769.11,50
1619598240,1769.15,123
1619598300,1769.34,187
1619598360,1769.21,111
1619598420,1769.55,97
1619598480,1769.55,123
1619598540,1769.82,144
1619598600,1769.50,145
1619598660,1770.15,186
1619598720,1770.03,145
1619598780,1769.84,135
1619598840,1769.62,123
1619598900,1770.03,121
1619598960,1769.96,98
1619599020,1769.79,113
1619599080,1769.89,111
1619599140,1770.16,134
1619599200,1770.30,136
1619599260,1769.96,151
1619599320,1769.89,81
1619599380,1770.19,90
1619599440,1770.25,94
1619599500,1770.40,75
1619599560,1770.55,119
1619599620,1770.56,89
1619599680,1770.34,93
1619599740,1770.17,111
1619599800,1770.09,134
1619599860,1770.34,88
1619599920,1770.41,137
1619599980,1770.38,106
1619600040,1770.36,103
1619600100,1770.26,101
1619600160,1769.86,160
1619600220,1770.12,125
1619600280,1770.00,96
1619600340,1769.78,125
1619600400,1769.48,119
1619600460,1769.47,119
1619600520,1769.43,116
1619600580,1769.41,72
1619600640,1769.93,142
1619600700,1769.87,110
1619600760,1769.62,105
1619600820,1769.06,120
1619600880,1769.15,104
1619600940,1769.54,93
1619601000,1769.61,132
1619601060,1769.37,124
1619601120,1768.88,110
1619601180,1768.78,95
1619601240,1767.95,146
1619601300,1768.35,107
1619601360,1768.25,113
1619601420,1768.07,94
1619601480,1767.80,139
1619601540,1767.23,168
1619601600,1767.12,154
1619601660,1767.33,156
1619601720,1767.38,143
1619601780,1767.39,105
1619601840,1766.86,100
1619601900,1766.46,157
1619601960,1766.53,107
1619602020,1766.33,128
1619602080,1764.81,211
1619602140,1764.54,304
1619602200,1764.47,298
1619602260,1765.12,223
1619602320,1765.36,168
1619602380,1765.36,115
1619602440,1765.71,118
1619602500,1765.48,145
1619602560,1764.68,112
1619602620,1764.94,125
1619602680,1765.19,187
1619602740,1765.54,145
1619602800,1766.08,124
1619602860,1765.89,154
1619602920,1766.24,88
1619602980,1766.25,139
1619603040,1766.54,138
1619603100,1766.17,163
1619603160,1765.90,120
1619603220,1766.02,147
1619603280,1766.28,157
1619603340,1766.49,125
1619603400,1766.48,120
1619603460,1766.45,101
1619603520,1766.14,96
1619603580,1765.97,110
1619603640,1766.55,67
1619603700,1766.41,103
1619603760,1766.71,99
1619603820,1766.56,105
1619603880,1766.21,98
1619603940,1766.33,132
1619604000,1766.20,135
1619604060,1766.32,124
1619604120,1766.30,123
1619604180,1766.46,99
1619604240,1766.57,61
1619604300,1766.31,65
1619604360,1766.21,60
1619604420,1766.36,61
1619604480,1766.11,63
1619604540,1766.00,66
1619604600,1766.52,87
1619604660,1766.45,57
1619604720,1766.45,32
1619604780,1767.22,79
1619604840,1767.53,83
1619604900,1766.70,85
1619604960,1766.76,118
1619605020,1766.81,99
1619605080,1766.49,101
1619605140,1766.63,62
1619605200,1766.17,92
1619605260,1766.65,108
1619605320,1766.59,74
1619605380,1766.53,74
1619605440,1766.50,96
1619605500,1766.51,65
1619605560,1766.27,87
1619605620,1766.78,103
1619605680,1766.85,80
1619605740,1767.04,79
1619605800,1766.94,62
1619605860,1767.54,122
1619605920,1767.54,129
1619605980,1767.17,121
1619606040,1766.88,99
1619606100,1766.93,118
1619606160,1767.13,151
1619606220,1767.05,118
1619606280,1766.73,77
1619606340,1766.84,110
1619606400,1766.61,83
1619606460,1766.76,99
1619606520,1766.61,102
1619606580,1766.50,47
1619606640,1766.66,83
1619606700,1766.69,95
1619606760,1766.50,95
1619606820,1765.58,107
1619606880,1764.53,220
1619606940,1764.90,211
1619607000,1765.72,160
1619607060,1766.04,109
1619607120,1766.06,91
1619607180,1766.26,79
1619607240,1766.42,94
1619607300,1765.88,146
1619607360,1766.01,127
1619607420,1766.23,84
1619607480,1766.07,123
1619607540,1765.77,120
1619607600,1765.79,118
1619607660,1766.27,95
1619607720,1766.45,145
1619607780,1766.44,103
1619607840,1766.63,170
1619607900,1766.60,108
1619607960,1766.41,114
1619608020,1767.02,155
1619608080,1767.19,118
1619608140,1766.92,79
1619608200,1766.60,93
1619608260,1766.40,119
1619608320,1766.60,88
1619608380,1766.52,110
1619608440,1766.73,63
1619608500,1766.96,147
1619608560,1767.33,92
1619608620,1767.27,66
1619608680,1767.49,84
1619608740,1767.39,65
1619608800,1767.49,68
1619608860,1767.31,88
1619608920,1766.98,81
1619608980,1767.27,130
1619609040,1767.23,66
1619609100,1766.95,82
1619609160,1766.66,98
1619609220,1766.52,105
1619609280,1766.30,102
1619609340,1766.42,95
1619609400,1767.21,205
1619609460,1767.40,113
1619609520,1766.84,90
1619609580,1767.09,71
1619609640,1767.23,90
1619609700,1768.62,212
1619609760,1768.56,166
1619609820,1768.96,119
1619609880,1768.65,134
1619609940,1768.63,115
1619610000,1768.59,110
1619610060,1768.10,127
1619610120,1768.29,142
1619610180,1768.36,152
1619610240,1767.13,183
1619610300,1767.24,203
1619610360,1766.82,153
1619610420,1766.86,122
1619610480,1767.11,92
1619610540,1767.30,117
1619610600,1767.23,110
1619610660,1767.38,80
1619610720,1767.43,119
1619610780,1767.65,92
1619610840,1767.19,90
1619610900,1767.84,144
1619610960,1767.47,166
1619611020,1767.00,174
1619611080,1766.55,170
1619611140,1766.77,164
1619611200,1765.52,236
1619611260,1764.85,277
1619611320,1765.07,273
1619611380,1765.59,226
1619611440,1765.94,197
1619611500,1766.28,189
1619611560,1766.24,219
1619611620,1766.48,181
1619611680,1766.68,155
1619611740,1766.39,156
1619611800,1766.82,141
1619611860,1767.00,127
1619611920,1766.81,123
1619611980,1766.69,98
1619612040,1766.76,115
1619612100,1765.08,217
1619612160,1765.58,197
1619612220,1765.43,152
1619612280,1764.76,194
1619612340,1765.09,161
1619612400,1766.20,291
1619612460,1766.38,265
1619612520,1766.59,224
1619612580,1766.66,148
1619612640,1766.62,142
1619612700,1766.56,144
1619612760,1766.13,139
1619612820,1765.74,171
1619612880,1765.15,167
1619612940,1764.38,255
1619613000,1763.91,318
1619613060,1766.01,345
1619613120,1765.63,299
1619613180,1765.68,232
1619613240,1765.98,192
1619613300,1764.92,245
1619613360,1765.17,219
1619613420,1766.35,246
1619613480,1766.51,218
1619613540,1766.56,232
1619613600,1768.67,288
1619613660,1768.54,297
1619613720,1767.93,192
1619613780,1768.06,171
1619613840,1767.70,145
1619613900,1767.75,193
1619613960,1768.14,195
1619614020,1768.04,230
1619614080,1767.60,221
1619614140,1766.84,233
1619614200,1767.03,244
1619614260,1767.26,220
1619614320,1767.87,230
1619614380,1767.79,203
1619614440,1768.01,199
1619614500,1767.96,142
1619614560,1769.00,216
1619614620,1769.27,231
1619614680,1769.46,190
1619614740,1769.52,169
1619614800,1770.31,337
1619614860,1770.21,261
1619614920,1770.73,290
1619614980,1769.18,258
1619615040,1770.16,284
1619615100,1770.31,298
1619615160,1769.08,252
1619615220,1769.64,295
1619615280,1769.75,220
1619615340,1770.64,254
1619615400,1770.57,241
1619615460,1770.23,264
1619615520,1770.40,254
1619615580,1770.96,236
1619615640,1771.03,222
1619615700,1770.40,221
1619615760,1769.97,203
1619615820,1769.90,233
1619615880,1769.70,236
1619615940,1770.16,236
1619616000,1769.31,216
1619616060,1769.98,195
1619616120,1770.29,189
1619616180,1770.11,198
1619616240,1770.39,189
1619616300,1770.45,192
1619616360,1770.05,144
1619616420,1769.66,173
1619616480,1769.60,208
1619616540,1769.65,158
1619616600,1768.99,271
1619616660,1769.32,267
1619616720,1769.83,286
1619616780,1771.06,305
1619616840,1771.21,299
1619616900,1771.27,293
1619616960,1769.34,313
1619617020,1767.92,384
1619617080,1768.64,322
1619617140,1767.79,328
1619617200,1767.30,379
1619617260,1769.28,344
1619617320,1769.78,383
1619617380,1768.96,318
1619617440,1769.59,302
1619617500,1770.64,308
1619617560,1770.18,278
1619617620,1770.32,203
1619617680,1770.69,229
1619617740,1771.64,322
1619617800,1771.29,286
1619617860,1771.86,300
1619617920,1771.72,275
1619617980,1771.59,268
1619618040,1771.42,274
1619618100,1771.21,280
1619618160,1771.64,197
1619618220,1773.10,297
1619618280,1773.48,298
1619618340,1773.72,283
1619618400,1773.40,348
1619618460,1774.10,303
1619618520,1773.68,281
1619618580,1772.96,242
1619618640,1772.42,251
1619618700,1773.09,297
1619618760,1773.76,272
1619618820,1773.89,261
1619618880,1773.96,211
1619618940,1773.32,259
1619619000,1774.32,327
1619619060,1773.81,288
1619619120,1773.19,251
1619619180,1772.92,235
1619619240,1773.14,253
1619619300,1773.40,253
1619619360,1773.07,266
1619619420,1773.41,287
1619619480,1773.09,241
1619619540,1773.28,250
1619619600,1773.65,199
1619619660,1774.26,212
1619619720,1774.59,254
1619619780,1773.85,289
1619619840,1773.46,226
1619619900,1773.13,197
1619619960,1772.46,246
1619620020,1772.79,214
1619620080,1772.58,149
1619620140,1772.59,236
1619620200,1773.07,151
1619620260,1772.08,205
1619620320,1772.34,237
1619620380,1772.03,199
1619620440,1771.92,292
1619620500,1771.81,305
1619620560,1772.48,242
1619620620,1772.51,228
1619620680,1773.54,242
1619620740,1773.71,242
1619620800,1773.52,217
1619620860,1773.60,216
1619620920,1773.39,194
1619620980,1773.38,233
1619621040,1773.38,230
1619621100,1772.92,221
1619621160,1773.18,198
1619621220,1772.28,277
1619621280,1772.77,248
1619621340,1773.11,232
1619621400,1774.04,240
1619621460,1774.62,239
1619621520,1774.16,198
1619621580,1774.11,247
1619621640,1773.27,210
1619621700,1773.16,301
1619621760,1772.59,292
1619621820,1772.00,251
1619621880,1771.66,220
1619621940,1772.09,296
1619622000,1772.46,271
1619622060,1772.50,255
1619622120,1771.72,217
1619622180,1771.80,187
1619622240,1771.60,240
1619622300,1772.04,266
1619622360,1771.77,223
1619622420,1772.09,242
1619622480,1771.92,148
1619622540,1772.51,205
1619622600,1772.81,176
1619622660,1772.96,183
1619622720,1772.67,163
1619622780,1772.84,172
1619622840,1773.52,198
1619622900,1773.73,196
1619622960,1773.55,184
1619623020,1773.48,164
1619623080,1773.59,148
1619623140,1773.99,167
1619623200,1773.75,177
1619623260,1774.04,135
1619623320,1773.77,110
1619623380,1773.59,111
1619623440,1773.77,124
1619623500,1773.58,136
1619623560,1773.97,130
1619623620,1773.98,197
1619623680,1774.03,181
1619623740,1774.77,221
1619623800,1774.74,177
1619623860,1774.93,165
1619623920,1774.89,137
1619623980,1774.99,135
1619624040,1774.60,134
1619624100,1774.62,131
1619624160,1774.51,163
1619624220,1775.05,163
1619624280,1775.35,250
1619624340,1775.21,205
1619624400,1775.12,122
1619624460,1775.11,220
1619624520,1775.12,222
1619624580,1775.09,184
1619624640,1775.39,163
1619624700,1775.18,141
1619624760,1775.09,138
1619624820,1775.17,114
1619624880,1775.11,217
1619624940,1775.35,165
1619625000,1775.09,200
1619625060,1775.13,234
1619625120,1775.05,217
1619625180,1775.19,190
1619625240,1774.90,185
1619625300,1774.94,117
1619625360,1774.82,101
1619625420,1774.89,108
1619625480,1774.66,106
1619625540,1774.51,150
1619625600,1774.57,175
1619625660,1774.44,142
1619625720,1774.16,223
1619625780,1774.22,112
1619625840,1774.50,163
1619625900,1774.53,127
1619625960,1774.45,119
1619626020,1774.36,131
1619626080,1774.34,122
1619626140,1774.47,97
1619626200,1775.17,118
1619626260,1775.55,150
1619626320,1775.32,156
1619626380,1775.39,104
1619626440,1774.98,131
1619626500,1775.27,167
1619626560,1775.17,123
1619626620,1774.78,111
1619626680,1774.38,97
1619626740,1774.52,86
1619626800,1774.78,98
1619626860,1774.86,69
1619626920,1774.21,144
1619626980,1774.20,89
1619627040,1773.99,112
1619627100,1774.18,115
1619627160,1774.29,72
1619627220,1774.20,148
1619627280,1774.58,88
1619627340,1774.85,146
1619627400,1775.11,83
1619627460,1775.20,91
1619627520,1775.43,97
1619627580,1775.15,80
1619627640,1775.05,80
1619627700,1775.06,89
1619627760,1774.83,105
1619627820,1774.70,100
1619627880,1774.63,70
1619627940,1774.68,91
1619628000,1774.58,51
1619628060,1774.55,67
1619628120,1774.44,36
1619628180,1774.61,44
1619628240,1774.80,91
1619628300,1774.99,57
1619628360,1775.18,38
1619628420,1775.30,84
1619628480,1774.91,52
1619628540,1775.11,78
1619628600,1775.13,76
1619628660,1775.12,87
1619628720,1775.30,71
1619628780,1775.41,60
1619628840,1775.31,50
1619628900,1775.21,59
1619628960,1775.09,118
1619629020,1774.99,77
1619629080,1774.72,74
1619629140,1774.68,87
1619629200,1774.88,120
1619629260,1774.77,114
1619629320,1774.76,66
1619629380,1774.76,39
1619629440,1774.86,73
1619629500,1774.85,52
1619629560,1774.74,66
1619629620,1774.48,97
1619629680,1774.54,71
1619629740,1774.64,50
1619629800,1774.59,70
1619629860,1774.72,63
1619629920,1774.63,68
1619629980,1774.77,56
1619630040,1774.67,92
1619630100,1774.57,71
1619630160,1774.56,68
1619630220,1774.58,61
1619630280,1774.39,76
1619630340,1774.30,83
1619630400,1773.91,106
1619630460,1772.96,166
1619630520,1773.37,127
1619630580,1773.64,102
1619630640,1773.45,126
1619630700,1773.86,121
1619630760,1774.27,151
1619630820,1774.30,93
1619630880,1774.00,110
1619630940,1774.28,195
1619631000,1773.92,170
1619631060,1773.45,196
1619631120,1773.07,167
1619631180,1772.98,197
1619631240,1772.85,157
1619631300,1772.66,136
1619631360,1772.62,137
1619631420,1772.57,128
1619631480,1772.60,136
1619631540,1772.68,70
1619631600,1772.89,95
1619631660,1772.93,134
1619631720,1772.83,98
1619631780,1773.10,95
1619631840,1773.00,109
1619631900,1773.00,80
1619631960,1772.94,86
1619632020,1773.52,98
1619632080,1773.32,90
1619632140,1773.40,56
1619632200,1773.39,55
1619632260,1773.39,93
1619632320,1773.29,162
1619632380,1773.68,154
1619632440,1773.89,105
1619632500,1773.68,116
1619632560,1773.18,71
1619632620,1773.18,107
1619632680,1773.45,104
1619632740,1773.73,145
1619632800,1771.33,360
1619632860,1773.79,413
1619632920,1775.45,399
1619632980,1775.83,357
1619633040,1774.84,422
1619633100,1775.49,385
1619633160,1775.26,313
1619633220,1774.98,237
1619633280,1775.52,214
1619633340,1775.28,254
1619633400,1773.89,314
1619633460,1773.14,301
1619633520,1773.62,317
1619633580,1773.49,243
1619633640,1773.50,210
1619633700,1774.37,246
1619633760,1774.79,327
1619633820,1774.56,233
1619633880,1774.86,173
1619633940,1775.00,242
1619634000,1774.22,207
1619634060,1775.26,264
1619634120,1775.57,184
1619634180,1776.33,286
1619634240,1775.66,269
1619634300,1775.92,202
1619634360,1775.39,223
1619634420,1775.88,240
1619634480,1775.67,197
1619634540,1775.89,209
1619634600,1775.54,199
1619634660,1774.79,231
1619634720,1774.31,307
1619634780,1774.23,189
1619634840,1774.64,217
1619634900,1778.20,433
1619634960,1779.64,437
1619635020,1781.46,475
1619635080,1779.47,439
1619635140,1779.60,376
1619635200,1780.59,365
1619635260,1781.42,431
1619635320,1781.87,458
1619635380,1781.50,359
1619635440,1780.04,333
1619635500,1781.28,365
1619635560,1780.48,361
1619635620,1779.00,375
1619635680,1779.68,377
1619635740,1778.94,290
1619635800,1778.57,339
1619635860,1778.48,289
1619635920,1779.60,254
1619635980,1779.45,274
1619636040,1780.21,275
1619636100,1778.88,263
1619636160,1780.52,324
1619636220,1781.24,244
1619636280,1781.61,289
1619636340,1781.62,359
1619636400,1781.02,314
1619636460,1780.71,268
1619636520,1780.36,277
1619636580,1780.00,227
1619636640,1779.88,210
1619636700,1779.79,216
1619636760,1779.32,209
1619636820,1780.29,265
1619636880,1780.09,243
1619636940,1780.89,194
1619637000,1781.06,206
1619637060,1780.36,267
1619637120,1780.25,295
1619637180,1780.98,240
1619637240,1780.24,232
1619637300,1780.70,254
1619637360,1781.08,224
1619637420,1781.39,228
1619637480,1781.04,236
1619637540,1780.87,245
1619637600,1780.03,276
1619637660,1780.78,204
1619637720,1780.95,189
1619637780,1780.89,174
1619637840,1781.19,147
1619637900,1781.56,175
1619637960,1781.60,188
1619638020,1781.41,182
1619638080,1781.55,190
1619638140,1781.95,128
1619638200,1781.22,148
1619638260,1780.81,127
1619638320,1780.55,107
1619638380,1780.05,106
1619638440,1780.35,133
1619638500,1780.72,211
1619638560,1780.27,153
1619638620,1780.45,128
1619638680,1780.32,108
1619638740,1780.39,145
1619638800,1780.67,142
1619638860,1780.26,140
1619638920,1780.74,150
1619638980,1780.75,121
1619639040,1780.82,127
1619639100,1780.92,131
1619639160,1780.82,130
1619639220,1780.34,154
1619639280,1780.53,117
1619639340,1780.83,130
1619639400,1780.34,128
1619639460,1780.53,127
1619639520,1780.83,129
1619639580,1781.45,110
1619639640,1781.18,130
1619639700,1781.60,196
1619639760,1781.53,150
1619639820,1781.20,183
1619639880,1781.49,114
1619639940,1781.93,161
1619640000,1781.49,149
1619640060,1781.34,102
1619640120,1781.27,100
1619640180,1781.27,52
1619640240,1781.39,61
1619640300,1782.01,95
1619640360,1781.98,72
1619640420,1781.98,74
1619640480,1782.07,72
1619640540,1782.20,76
1619640600,1782.16,104
1619640660,1782.18,61
1619640720,1781.64,74
1619640780,1782.15,117
1619640840,1782.27,151
1619640900,1781.94,75
1619640960,1781.77,98
1619641020,1781.64,56
1619641080,1781.83,22
1619641140,1781.42,51
1619641200,1781.61,38
1619641260,1781.63,43
1619641320,1781.55,67
1619641380,1782.02,67
1619641440,1782.39,89
1619641500,1782.49,39
1619641560,1782.40,20
1619641620,1782.30,15
1619641680,1782.11,26
1619641740,1781.73,37
1619641800,1781.93,127
1619641860,1781.94,91
1619641920,1781.85,62
1619641980,1782.22,88
1619642040,1782.11,50
1619642100,1782.10,62
1619642160,1782.20,50
1619642220,1782.10,37
1619642280,1781.90,63
1619642340,1781.80,28
1619642400,1781.89,45
1619642460,1782.06,21
1619642520,1782.35,41
1619642580,1782.17,41
1619642640,1782.07,36
1619642700,1782.22,68
1619642760,1781.92,68
1619642820,1781.82,35
1619642880,1781.27,74
1619642940,1781.47,77
1619643000,1781.49,70
1619643060,1781.39,14
1619643120,1781.39,23
1619643180,1781.50,24
1619643240,1781.50,31
1619643300,1781.64,36
1619643360,1781.64,16
1619647320,1782.10,74
1619647380,1782.02,28
1619647440,1782.03,27
1619647500,1782.14,26
1619647560,1781.65,43
1619647620,1781.31,67
1619647680,1781.63,19
1619647740,1781.63,33
1619647800,1781.63,19
1619647860,1781.43,15
1619647920,1781.44,35
1619647980,1781.63,17
1619648040,1781.62,40
1619648100,1781.42,29
1619648160,1781.50,21
1619648220,1781.51,25
1619648280,1781.60,30
1619648340,1781.71,26
1619648400,1781.82,27
1619648460,1781.62,37
1619648520,1781.63,31
1619648580,1781.82,19
1619648640,1781.72,9
1619648700,1781.81,13
1619648760,1781.53,12
1619648820,1781.53,3
1619648880,1781.34,34
1619648940,1781.32,11
1619649000,1781.68,62
1619649060,1781.87,11
1619649120,1781.76,19
1619649180,1782.05,43
1619649240,1782.04,36
1619649300,1782.23,25
1619649360,1782.13,25
1619649420,1782.13,52
1619649480,1781.92,41
1619649540,1782.03,20
1619649600,1782.05,11
1619649660,1782.26,29
1619649720,1782.17,37
1619649780,1782.30,27
1619649840,1782.67,33
1619649900,1782.69,62
1619649960,1782.90,60
1619650020,1782.87,33
1619650080,1782.59,32
1619650140,1783.09,48
1619650200,1783.07,42
1619650260,1783.15,14
1619650320,1782.86,20
1619650380,1783.05,11
1619650440,1783.04,20
1619650500,1782.93,28
1619650560,1783.13,23
1619650620,1782.96,26
1619650680,1782.92,52
1619650740,1782.91,38
1619650800,1783.23,88
1619650860,1783.36,69
1619650920,1783.21,34
1619650980,1783.34,37
1619651040,1783.35,29
1619651100,1783.24,52
1619651160,1783.24,55
1619651220,1782.95,28
1619651280,1782.65,45
1619651340,1782.65,36
1619651400,1782.80,30
1619651460,1783.09,38
1619651520,1783.21,27
1619651580,1783.31,20
1619651640,1783.14,40
1619651700,1783.04,37
1619651760,1782.93,29
1619651820,1782.82,35
1619651880,1782.84,26
1619651940,1782.85,23
1619652000,1782.86,22
1619652060,1782.84,10
1619652120,1782.63,25
1619652180,1782.62,23
1619652240,1782.73,11
1619652300,1782.61,18
1619652360,1782.70,25
1619652420,1782.97,18
1619652480,1782.84,33
1619652540,1782.65,12
1619652600,1782.67,28
1619652660,1782.67,23
1619652720,1782.65,29
1619652780,1782.56,36
1619652840,1782.66,48
1619652900,1782.86,22
1619652960,1782.86,18
1619653020,1783.05,35
1619653080,1782.96,22
1619653140,1782.87,23
1619653200,1782.88,43
1619653260,1782.98,25
1619653320,1782.59,30
1619653380,1782.78,42
1619653440,1782.70,25
1619653500,1782.70,35
1619653560,1782.60,29
1619653620,1782.60,13
1619653680,1782.72,50
1619653740,1782.91,41
1619653800,1782.82,36
1619653860,1783.02,51
1619653920,1783.22,41
1619653980,1783.41,44
1619654040,1783.39,35
1619654100,1783.21,45
1619654160,1783.51,33
1619654220,1783.79,49
1619654280,1783.84,93
1619654340,1783.91,58
1619654400,1783.94,123
1619654460,1783.97,78
1619654520,1783.58,98
1619654580,1783.80,72
1619654640,1783.92,59
1619654700,1783.54,42
1619654760,1784.21,50
1619654820,1785.08,127
1619654880,1784.95,99
1619654940,1785.42,150
1619655000,1785.50,91
1619655060,1785.12,113
1619655120,1785.47,116
1619655180,1785.37,87
1619655240,1785.28,66
1619655300,1784.96,97
1619655360,1785.26,72
1619655420,1785.17,53
1619655480,1785.27,48
1619655540,1785.08,47
1619655600,1785.09,58
1619655660,1784.99,48
1619655720,1784.98,66
1619655780,1785.17,46
1619655840,1784.87,45
1619655900,1785.05,40
1619655960,1784.99,50
1619656020,1784.21,105
1619656080,1784.39,59
1619656140,1784.19,78
1619656200,1784.37,69
1619656260,1784.07,52
1619656320,1783.98,57
1619656380,1783.96,63
1619656440,1784.06,57
1619656500,1784.45,35
1619656560,1784.46,36
1619656620,1784.44,74
1619656680,1784.35,28
1619656740,1784.27,45
1619656800,1784.28,37
1619656860,1784.20,33
1619656920,1784.22,56
1619656980,1784.30,59
1619657040,1784.30,66
1619657100,1784.30,34
1619657160,1784.20,16
1619657220,1784.10,16
1619657280,1784.19,11
1619657340,1784.19,3
1619657400,1784.28,52
1619657460,1784.38,40
1619657520,1784.70,47
1619657580,1784.59,25
1619657640,1784.55,54
1619657700,1784.28,68
1619657760,1784.27,50
1619657820,1784.58,47
1619657880,1784.88,63
1619657940,1784.68,95
1619658000,1785.04,352
1619658060,1784.31,232
1619658120,1785.25,233
1619658180,1784.79,238
1619658240,1785.33,198
1619658300,1786.07,261
1619658360,1786.30,209
1619658420,1785.79,152
1619658480,1785.88,139
1619658540,1786.17,150
1619658600,1786.45,163
1619658660,1785.72,148
1619658720,1786.22,157
1619658780,1786.08,161
1619658840,1786.13,146
1619658900,1786.92,202
1619658960,1786.50,170
1619659020,1786.62,138
1619659080,1787.05,188
1619659140,1787.30,208
1619659200,1787.57,199
1619659260,1787.23,138
1619659320,1787.11,128
1619659380,1787.42,168
1619659440,1787.39,109
1619659500,1787.50,118
1619659560,1787.10,120
1619659620,1787.53,148
1619659680,1787.70,114
1619659740,1787.96,144
1619659800,1788.14,213
1619659860,1788.23,140
1619659920,1788.41,182
1619659980,1788.07,131
1619660040,1788.44,153
1619660100,1788.72,133
1619660160,1788.91,172
1619660220,1788.56,149
1619660280,1789.15,201
1619660340,1789.07,171
1619660400,1789.08,144
1619660460,1788.69,145
1619660520,1788.89,89
1619660580,1788.32,133
1619660640,1788.66,175
1619660700,1788.75,111
1619660760,1788.81,115
1619660820,1788.85,125
1619660880,1789.46,144
1619660940,1789.22,144
1619661000,1789.51,144
1619661060,1789.43,146
1619661120,1788.32,168
1619661180,1788.24,143
1619661240,1788.62,78
1619661300,1788.62,118
1619661360,1788.50,137
1619661420,1788.65,117
1619661480,1788.92,75
1619661540,1788.93,76
1619661600,1789.34,167
1619661660,1789.05,165
1619661720,1788.57,152
1619661780,1788.75,130
1619661840,1789.04,115
1619661900,1788.81,104
1619661960,1789.02,106
1619662020,1788.76,111
1619662080,1789.12,130
1619662140,1789.41,146
1619662200,1789.76,136
1619662260,1789.87,111
1619662320,1789.93,118
1619662380,1789.67,97
1619662440,1789.58,158
1619662500,1788.75,119
1619662560,1788.72,139
1619662620,1788.96,156
1619662680,1788.69,108
1619662740,1788.65,117
1619662800,1788.95,87
1619662860,1788.75,76
1619662920,1788.44,54
1619662980,1788.12,128
1619663040,1787.65,127
1619663100,1787.29,107
1619663160,1787.21,129
1619663220,1787.39,119
1619663280,1787.59,107
1619663340,1787.50,75
1619663400,1787.59,181
1619663460,1787.79,149
1619663520,1787.56,147
1619663580,1787.58,131
1619663640,1787.65,100
1619663700,1787.48,109
1619663760,1787.36,171
1619663820,1787.26,170
1619663880,1787.09,118
1619663940,1787.09,27
1619664000,1786.87,75
1619664060,1787.05,93
1619664120,1787.04,67
1619664180,1786.99,64
1619664240,1787.00,85
1619664300,1786.98,64
1619664360,1786.62,117
1619664420,1786.24,91
1619664480,1786.66,147
1619664540,1786.45,118
1619664600,1786.61,123
1619664660,1786.61,126
1619664720,1786.85,107
1619664780,1786.98,135
1619664840,1786.88,81
1619664900,1786.54,122
1619664960,1786.56,142
1619665020,1786.78,121
1619665080,1787.03,93
1619665140,1786.67,137
1619665200,1786.89,130
1619665260,1787.06,95
1619665320,1786.43,170
1619665380,1786.58,117
1619665440,1786.79,124
1619665500,1787.03,101
1619665560,1787.03,73
1619665620,1786.83,56
1619665680,1786.85,75
1619665740,1787.04,111
1619665800,1786.60,127
1619665860,1786.40,124
1619665920,1786.48,112
1619665980,1786.40,121
1619666040,1786.39,105
1619666100,1786.47,97
1619666160,1786.51,100
1619666220,1786.66,111
1619666280,1786.57,115
1619666340,1786.44,96
1619666400,1786.61,78
1619666460,1786.31,75
1619666520,1786.41,89
1619666580,1786.48,84
1619666640,1786.23,77
1619666700,1786.37,106
1619666760,1786.22,115
1619666820,1786.17,81
1619666880,1786.31,106
1619666940,1786.23,105
1619667000,1786.05,74
1619667060,1785.91,84
1619667120,1785.90,70
1619667180,1785.64,60
1619667240,1785.64,52
1619667300,1785.64,39
1619667360,1785.29,76
1619667420,1785.23,75
1619667480,1785.02,103
1619667540,1785.00,104
1619667600,1785.06,64
1619667660,1785.10,8
1619667720,1785.13,59
1619667780,1785.00,45
1619667840,1784.98,52
1619667900,1785.06,90
1619667960,1785.12,62
1619668020,1785.11,58
1619668080,1785.10,61
1619668140,1785.17,53
1619668200,1785.25,57
1619668260,1785.07,71
1619668320,1784.94,39
1619668380,1784.92,36
1619668440,1785.04,66
1619668500,1785.13,70
1619668560,1785.11,45
1619668620,1784.99,57
1619668680,1784.65,133
1619668740,1784.62,79
1619668800,1784.34,118
1619668860,1784.30,99
1619668920,1784.32,82
1619668980,1784.63,63
1619669040,1784.41,77
1619669100,1784.37,31
1619669160,1784.38,27
1619669220,1784.04,37
1619669280,1783.96,57
1619669340,1783.88,48
1619669400,1784.07,45
1619669460,1784.05,38
1619669520,1784.22,88
1619669580,1784.30,58
1619669640,1784.25,43
1619669700,1784.15,69
1619669760,1783.84,77
1619669820,1783.80,55
1619669880,1783.97,49
1619669940,1784.12,66
1619670000,1783.80,58
1619670060,1783.96,30
1619670120,1784.05,30
1619670180,1784.32,82
1619670240,1784.25,69
1619670300,1784.16,73
1619670360,1783.96,55
1619670420,1784.05,67
1619670480,1784.14,44
1619670540,1784.46,103
1619670600,1784.57,83
1619670660,1784.66,68
1619670720,1784.51,62
1619670780,1784.62,50
1619670840,1784.39,55
1619670900,1784.13,54
1619670960,1784.65,138
1619671020,1784.57,40
1619671080,1784.66,27
1619671140,1784.67,25
1619671200,1784.60,32
1619671260,1784.84,32
1619671320,1784.61,82
1619671380,1784.44,35
1619671440,1784.56,44
1619671500,1784.57,44
1619671560,1784.40,68
1619671620,1784.57,77
1619671680,1784.59,37
1619671740,1784.57,64
1619671800,1784.61,46
1619671860,1784.58,51
1619671920,1784.55,52
1619671980,1784.74,41
1619672040,1785.02,63
1619672100,1785.08,51
1619672160,1785.02,48
1619672220,1785.02,34
1619672280,1785.00,39
1619672340,1785.16,44
1619672400,1785.10,97
1619672460,1785.03,91
1619672520,1785.18,71
1619672580,1785.23,17
1619672640,1785.40,52
1619672700,1785.26,89
1619672760,1785.03,74
1619672820,1785.17,30
1619672880,1785.32,38
1619672940,1785.06,66
1619673000,1784.76,73
1619673060,1784.52,94
1619673120,1784.60,71
1619673180,1784.63,18
1619673240,1784.58,20
1619673300,1784.34,50
1619673360,1784.71,54
1619673420,1784.77,43
1619673480,1784.71,41
1619673540,1784.67,21
1619673600,1784.77,44
1619673660,1784.87,52
1619673720,1784.86,37
1619673780,1784.81,41
1619673840,1784.84,43
1619673900,1784.60,57
1619673960,1784.39,52
1619674020,1784.36,67
1619674080,1784.28,55
1619674140,1784.30,74
1619674200,1783.53,204
1619674260,1783.72,116
1619674320,1783.96,82
1619674380,1784.23,112
1619674440,1784.11,96
1619674500,1784.15,63
1619674560,1784.05,87
1619674620,1784.50,137
1619674680,1784.69,99
1619674740,1784.66,65
1619674800,1784.84,82
1619674860,1784.80,127
1619674920,1784.62,154
1619674980,1784.57,94
1619675040,1784.56,48
1619675100,1784.40,47
1619675160,1784.65,60
1619675220,1784.81,66
1619675280,1784.87,82
1619675340,1785.11,76
1619675400,1785.42,94
1619675460,1785.57,85
1619675520,1785.61,141
1619675580,1785.42,98
1619675640,1784.89,141
1619675700,1784.76,90
1619675760,1785.00,83
1619675820,1785.04,88
1619675880,1785.01,62
1619675940,1785.05,66
1619676000,1785.18,116
1619676060,1784.13,137
1619676120,1784.19,96
1619676180,1784.03,135
1619676240,1783.92,152
1619676300,1783.23,113
1619676360,1782.99,130
1619676420,1782.79,158
1619676480,1782.91,106
1619676540,1782.90,128
1619676600,1782.65,111
1619676660,1781.62,202
1619676720,1781.76,199
1619676780,1781.46,201
1619676840,1781.59,144
1619676900,1780.38,196
1619676960,1780.32,214
1619677020,1780.00,196
1619677080,1780.39,217
1619677140,1780.71,172
1619677200,1780.65,152
1619677260,1780.63,112
1619677320,1780.99,198
1619677380,1780.97,144
1619677440,1780.97,135
1619677500,1780.55,173
1619677560,1780.23,183
1619677620,1780.25,145
1619677680,1780.11,156
1619677740,1780.23,167
1619677800,1780.59,217
1619677860,1780.60,159
1619677920,1781.12,160
1619677980,1780.81,175
1619678040,1781.56,165
1619678100,1781.38,111
1619678160,1780.74,141
1619678220,1780.83,140
1619678280,1780.81,126
1619678340,1780.60,136
1619678400,1779.44,243
1619678460,1779.12,225
1619678520,1779.52,207
1619678580,1779.43,166
1619678640,1779.53,159
1619678700,1779.25,156
1619678760,1779.07,164
1619678820,1778.61,176
1619678880,1779.05,100
1619678940,1778.94,99
1619679000,1778.58,75
1619679060,1778.32,82
1619679120,1778.14,199
1619679180,1777.36,132
1619679240,1777.27,161
1619679300,1777.80,174
1619679360,1777.50,149
1619679420,1777.80,135
1619679480,1778.15,155
1619679540,1778.48,128
1619679600,1778.61,172
1619679660,1778.41,168
1619679720,1778.54,194
1619679780,1778.26,186
1619679840,1778.00,134
1619679900,1778.13,188
1619679960,1778.32,196
1619680020,1778.29,198
1619680080,1778.43,117
1619680140,1778.40,164
1619680200,1778.52,138
1619680260,1778.29,145
1619680320,1778.51,155
1619680380,1778.42,94
1619680440,1778.56,163
1619680500,1778.67,251
1619680560,1778.77,186
1619680620,1778.70,80
1619680680,1778.69,105
1619680740,1778.60,125
1619680800,1779.12,140
1619680860,1780.03,185
1619680920,1779.81,149
1619680980,1779.91,113
1619681040,1779.92,91
1619681100,1779.84,90
1619681160,1780.80,155
1619681220,1780.95,204
1619681280,1781.48,165
1619681340,1781.29,207
1619681400,1781.28,136
1619681460,1781.58,149
1619681520,1780.74,190
1619681580,1780.20,196
1619681640,1779.82,200
1619681700,1779.92,181
1619681760,1780.31,178
1619681820,1780.02,161
1619681880,1779.92,168
1619681940,1779.74,98
1619682000,1779.30,171
1619682060,1779.24,171
1619682120,1779.40,136
1619682180,1779.84,131
1619682240,1779.83,142
1619682300,1780.39,153
1619682360,1780.32,113
1619682420,1780.30,98
1619682480,1780.30,82
1619682540,1780.50,136
1619682600,1780.98,99
1619682660,1781.14,130
1619682720,1780.92,122
1619682780,1780.64,98
1619682840,1780.35,116
1619682900,1780.74,107
1619682960,1780.64,96
1619683020,1780.58,126
1619683080,1780.93,122
1619683140,1781.24,154
1619683200,1780.70,196
1619683260,1780.84,139
1619683320,1780.87,153
1619683380,1781.13,118
1619683440,1781.13,110
1619683500,1781.25,98
1619683560,1781.14,134
1619683620,1780.58,68
1619683680,1780.22,128
1619683740,1780.28,115
1619683800,1780.38,108
1619683860,1780.56,131
1619683920,1780.86,82
1619683980,1780.49,115
1619684040,1779.58,158
1619684100,1779.18,168
1619684160,1778.73,149
1619684220,1779.00,136
1619684280,1779.20,122
1619684340,1779.23,107
1619684400,1778.48,121
1619684460,1778.37,119
1619684520,1778.22,131
1619684580,1778.18,104
1619684640,1778.52,94
1619684700,1778.48,151
1619684760,1777.87,123
1619684820,1777.77,133
1619684880,1777.45,193
1619684940,1777.14,180
1619685000,1776.61,174
1619685060,1775.87,216
1619685120,1776.92,212
1619685180,1776.79,217
1619685240,1776.54,132
1619685300,1776.08,181
1619685360,1776.61,167
1619685420,1776.84,194
1619685480,1777.22,185
1619685540,1777.11,158
1619685600,1777.21,131
1619685660,1776.50,196
1619685720,1777.19,188
1619685780,1777.33,162
1619685840,1777.47,143
1619685900,1777.35,124
1619685960,1777.11,136
1619686020,1777.27,121
1619686080,1777.89,139
1619686140,1777.91,142
1619686200,1778.01,125
1619686260,1777.97,149
1619686320,1778.26,132
1619686380,1778.15,98
1619686440,1778.10,133
1619686500,1778.06,132
1619686560,1778.12,100
1619686620,1777.85,119
1619686680,1777.44,134
1619686740,1777.36,137
1619686800,1777.17,130
1619686860,1777.24,102
1619686920,1777.88,93
1619686980,1777.35,113
1619687040,1777.71,117
1619687100,1777.49,109
1619687160,1777.74,121
1619687220,1777.66,67
1619687280,1777.02,89
1619687340,1776.83,125
1619687400,1777.01,131
1619687460,1777.38,118
1619687520,1777.38,93
1619687580,1777.46,76
1619687640,1777.44,74
1619687700,1777.31,114
1619687760,1777.08,95
1619687820,1776.89,126
1619687880,1777.08,135
1619687940,1776.78,113
1619688000,1776.71,93
1619688060,1776.77,122
1619688120,1777.01,142
1619688180,1777.36,138
1619688240,1777.41,144
1619688300,1776.86,150
1619688360,1776.09,170
1619688420,1776.04,137
1619688480,1776.05,161
1619688540,1776.07,149
1619688600,1775.56,152
1619688660,1775.08,209
1619688720,1775.68,189
1619688780,1776.23,170
1619688840,1776.50,137
1619688900,1775.99,155
1619688960,1776.08,157
1619689020,1775.92,113
1619689080,1776.00,105
1619689140,1775.88,99
1619689200,1776.04,106
1619689260,1776.13,74
1619689320,1776.03,97
1619689380,1775.73,79
1619689440,1775.92,79
1619689500,1776.00,96
1619689560,1775.90,100
1619689620,1775.20,138
1619689680,1775.47,111
1619689740,1775.61,75
1619689800,1776.01,136
1619689860,1776.13,149
1619689920,1776.24,168
1619689980,1776.42,210
1619690040,1776.63,139
1619690100,1776.04,115
1619690160,1776.05,98
1619690220,1775.63,146
1619690280,1775.19,167
1619690340,1774.87,204
1619690400,1775.08,168
1619690460,1773.53,149
1619690520,1773.55,177
1619690580,1774.33,155
1619690640,1774.66,124
1619690700,1774.17,161
1619690760,1773.71,120
1619690820,1774.03,179
1619690880,1774.08,114
1619690940,1774.44,137
1619691000,1774.47,94
1619691060,1774.68,108
1619691120,1774.88,94
1619691180,1775.09,81
1619691240,1775.36,142
1619691300,1775.07,112
1619691360,1775.19,110
1619691420,1775.30,116
1619691480,1774.56,129
1619691540,1774.40,132
1619691600,1774.30,170
1619691660,1773.00,219
1619691720,1773.76,241
1619691780,1774.29,194
1619691840,1773.52,191
1619691900,1773.61,221
1619691960,1773.42,142
1619692020,1773.98,125
1619692080,1773.07,177
1619692140,1773.35,159
1619692200,1773.34,156
1619692260,1773.82,180
1619692320,1773.70,131
1619692380,1774.17,138
1619692440,1774.60,109
1619692500,1774.74,123
1619692560,1774.42,113
1619692620,1774.24,97
1619692680,1774.42,89
1619692740,1774.35,144
1619692800,1774.52,121
1619692860,1774.91,113
1619692920,1774.66,88
1619692980,1774.37,100
1619693040,1774.24,122
1619693100,1773.85,162
1619693160,1773.49,141
1619693220,1773.76,139
1619693280,1773.70,133
1619693340,1773.78,125
1619693400,1773.57,167
1619693460,1774.01,173
1619693520,1773.65,174
1619693580,1773.40,175
1619693640,1772.77,125
1619693700,1772.90,176
1619693760,1772.92,102
1619693820,1773.03,85
1619693880,1773.66,128
1619693940,1774.48,172
1619694000,1774.58,167
1619694060,1775.11,206
1619694120,1775.62,157
1619694180,1775.49,190
1619694240,1775.79,146
1619694300,1775.78,164
1619694360,1775.84,172
1619694420,1775.89,160
1619694480,1775.96,155
1619694540,1776.02,157
1619694600,1776.13,137
1619694660,1776.58,194
1619694720,1777.02,171
1619694780,1777.10,196
1619694840,1776.82,166
1619694900,1776.59,192
1619694960,1776.82,130
1619695020,1776.64,126
1619695080,1776.45,111
1619695140,1776.48,163
1619695200,1776.18,117
1619695260,1776.29,134
1619695320,1776.04,132
1619695380,1776.10,86
1619695440,1776.39,127
1619695500,1776.39,103
1619695560,1776.98,100
1619695620,1776.86,166
1619695680,1777.14,106
1619695740,1777.33,126
1619695800,1777.11,146
1619695860,1777.01,119
1619695920,1776.71,112
1619695980,1776.84,113
1619696040,1776.75,105
1619696100,1776.70,149
1619696160,1776.51,144
1619696220,1776.44,168
1619696280,1776.82,157
1619696340,1776.73,117
1619696400,1776.41,116
1619696460,1776.24,99
1619696520,1776.38,136
1619696580,1776.55,157
1619696640,1776.73,123
1619696700,1776.58,129
1619696760,1776.48,105
1619696820,1776.70,164
1619696880,1776.86,82
1619696940,1776.76,118
1619697000,1776.76,149
1619697060,1776.85,146
1619697120,1776.96,89
1619697180,1776.73,124
1619697240,1776.87,84
1619697300,1776.73,93
1619697360,1776.85,133
1619697420,1776.07,218
1619697480,1775.70,176
1619697540,1775.90,162
1619697600,1775.88,157
1619697660,1775.68,199
1619697720,1776.61,188
1619697780,1776.32,140
1619697840,1776.70,156
1619697900,1777.12,197
1619697960,1777.88,236
1619698020,1777.57,179
1619698080,1776.92,144
1619698140,1777.70,198
1619698200,1776.59,180
1619698260,1777.01,136
1619698320,1777.20,132
1619698380,1777.87,146
1619698440,1776.95,225
1619698500,1777.32,234
1619698560,1777.65,170
1619698620,1777.93,185
1619698680,1777.65,154
1619698740,1778.10,167
1619698800,1777.91,199
1619698860,1778.20,161
1619698920,1776.91,200
1619698980,1776.95,264
1619699040,1775.80,293
1619699100,1775.91,214
1619699160,1775.57,159
1619699220,1775.16,225
1619699280,1775.82,182
1619699340,1775.85,131
1619699400,1778.54,374
1619699460,1777.33,372
1619699520,1777.85,332
1619699580,1779.67,345
1619699640,1779.03,375
1619699700,1779.58,273
1619699760,1779.04,305
1619699820,1779.35,251
1619699880,1779.05,207
1619699940,1779.22,210
1619700000,1779.51,193
1619700060,1779.62,187
1619700120,1779.58,256
1619700180,1780.10,190
1619700240,1780.35,221
1619700300,1779.40,238
1619700360,1780.25,209
1619700420,1779.94,153
1619700480,1780.05,161
1619700540,1780.78,182
1619700600,1780.29,211
1619700660,1780.09,202
1619700720,1779.90,177
1619700780,1780.88,275
1619700840,1780.69,247
1619700900,1780.73,172
1619700960,1781.27,161
1619701020,1780.52,189
1619701080,1780.47,204
1619701140,1780.06,289
1619701200,1779.37,305
1619701260,1778.58,325
1619701320,1778.61,317
1619701380,1778.18,328
1619701440,1778.69,249
1619701500,1776.83,338
1619701560,1776.34,366
1619701620,1774.95,405
1619701680,1775.47,347
1619701740,1775.13,298
1619701800,1773.70,420
1619701860,1774.30,367
1619701920,1774.20,319
1619701980,1773.22,297
1619702040,1773.20,405
1619702100,1769.51,430
1619702160,1769.73,463
1619702220,1768.24,410
1619702280,1768.16,392
1619702340,1766.98,330
1619702400,1765.71,440
1619702460,1766.86,424
1619702520,1767.29,383
1619702580,1767.12,363
1619702640,1767.76,317
1619702700,1767.83,287
1619702760,1767.06,269
1619702820,1766.75,294
1619702880,1767.77,321
1619702940,1767.60,306
1619703000,1767.78,346
1619703060,1766.59,404
1619703120,1765.11,416
1619703180,1766.50,408
1619703240,1765.30,400
1619703300,1767.55,386
1619703360,1768.09,403
1619703420,1769.01,383
1619703480,1768.25,320
1619703540,1767.72,323
1619703600,1767.36,292
1619703660,1767.05,259
1619703720,1766.84,306
1619703780,1767.77,322
1619703840,1768.26,326
1619703900,1767.14,327
1619703960,1767.18,317
1619704020,1766.74,300
1619704080,1765.76,325
1619704140,1765.77,373
1619704200,1764.32,404
1619704260,1762.88,361
1619704320,1760.12,455
1619704380,1760.52,404
1619704440,1761.49,394
1619704500,1761.49,418
1619704560,1762.11,380
1619704620,1761.58,352
1619704680,1760.15,373
1619704740,1757.51,393
1619704800,1759.26,492
1619704860,1759.48,457
1619704920,1758.09,434
1619704980,1760.07,442
1619705040,1760.66,382
1619705100,1761.31,379
1619705160,1761.51,292
1619705220,1761.57,309
1619705280,1760.85,317
1619705340,1762.31,317
1619705400,1761.26,316
1619705460,1761.49,318
1619705520,1762.10,312
1619705580,1761.76,332
1619705640,1761.92,302
1619705700,1762.85,365
1619705760,1762.58,320
1619705820,1762.83,311
1619705880,1762.44,329
1619705940,1763.02,337
1619706000,1761.96,362
1619706060,1762.51,298
1619706120,1762.62,308
1619706180,1763.28,254
1619706240,1763.15,334
1619706300,1762.34,268
1619706360,1762.02,232
1619706420,1762.14,233
1619706480,1762.68,191
1619706540,1762.22,287
1619706600,1761.58,299
1619706660,1762.30,285
1619706720,1762.01,271
1619706780,1762.33,269
1619706840,1762.20,278
1619706900,1762.74,259
1619706960,1762.32,280
1619707020,1764.20,352
1619707080,1764.66,306
1619707140,1764.49,291
1619707200,1764.58,252
1619707260,1764.34,215
1619707320,1765.05,264
1619707380,1765.90,337
1619707440,1766.22,254
1619707500,1765.76,261
1619707560,1766.20,270
1619707620,1765.70,188
1619707680,1765.10,183
1619707740,1767.06,305
1619707800,1767.76,307
1619707860,1768.27,331
1619707920,1768.54,289
1619707980,1768.44,293
1619708040,1768.32,264
1619708100,1768.90,244
1619708160,1769.10,288
1619708220,1769.46,266
1619708280,1768.75,279
1619708340,1768.66,309
1619708400,1768.46,291
1619708460,1768.03,261
1619708520,1768.03,278
1619708580,1767.51,277
1619708640,1767.91,252
1619708700,1769.11,273
1619708760,1769.35,214
1619708820,1768.94,253
1619708880,1769.25,204
1619708940,1769.58,197
1619709000,1769.43,184
1619709060,1768.77,178
1619709120,1769.14,182
1619709180,1768.77,158
1619709240,1768.98,192
1619709300,1768.87,199
1619709360,1768.33,225
1619709420,1768.39,188
1619709480,1767.78,215
1619709540,1767.71,166
1619709600,1768.03,167
1619709660,1767.76,182
1619709720,1769.11,231
1619709780,1768.80,162
1619709840,1768.60,157
1619709900,1768.45,192
1619709960,1769.09,150
1619710020,1769.09,220
1619710080,1768.39,102
1619710140,1768.15,171
1619710200,1768.17,198
1619710260,1767.77,157
1619710320,1767.89,172
1619710380,1768.15,151
1619710440,1768.31,167
1619710500,1768.61,168
1619710560,1768.28,107
1619710620,1768.69,136
1619710680,1768.06,140
1619710740,1767.46,150
1619710800,1767.01,218
1619710860,1767.08,156
1619710920,1766.41,176
1619710980,1766.31,175
1619711040,1767.06,157
1619711100,1767.46,135
1619711160,1767.66,133
1619711220,1768.24,200
1619711280,1768.55,177
1619711340,1768.52,176
1619711400,1768.34,115
1619711460,1768.05,181
1619711520,1767.93,155
1619711580,1767.92,155
1619711640,1768.02,110
1619711700,1767.69,154
1619711760,1767.37,165
1619711820,1766.47,189
1619711880,1767.01,211
1619711940,1767.03,161
1619712000,1766.72,162
1619712060,1767.08,155
1619712120,1766.82,151
1619712180,1766.94,171
1619712240,1767.41,147
1619712300,1767.18,187
1619712360,1766.85,203
1619712420,1767.71,193
1619712480,1767.86,184
1619712540,1768.46,211
1619712600,1768.68,216
1619712660,1768.58,164
1619712720,1768.11,190
1619712780,1767.97,182
1619712840,1768.24,119
1619712900,1767.93,153
1619712960,1767.88,143
1619713020,1768.01,154
1619713080,1768.17,173
1619713140,1768.33,131
1619713200,1768.76,104
1619713260,1768.26,95
1619713320,1767.76,82
1619713380,1767.74,60
1619713440,1767.93,123
1619713500,1767.90,100
1619713560,1767.94,141
1619713620,1767.88,105
1619713680,1767.49,136
1619713740,1767.65,156
1619713800,1768.08,150
1619713860,1767.88,122
1619713920,1767.67,138
1619713980,1767.71,118
1619714040,1767.72,135
1619714100,1767.68,133
1619714160,1768.28,124
1619714220,1768.10,114
1619714280,1768.19,112
1619714340,1768.40,125
1619714400,1768.29,114
1619714460,1768.40,97
1619714520,1768.30,99
1619714580,1768.40,102
1619714640,1768.71,122
1619714700,1769.19,138
1619714760,1768.92,115
1619714820,1768.82,82
1619714880,1768.98,71
1619714940,1769.22,103
1619715000,1769.11,96
1619715060,1769.11,81
1619715120,1768.91,76
1619715180,1769.01,55
1619715240,1769.00,92
1619715300,1768.58,89
1619715360,1768.71,144
1619715420,1768.31,92
1619715480,1768.42,97
1619715540,1768.70,125
1619715600,1768.78,139
1619715660,1769.15,121
1619715720,1768.66,89
1619715780,1768.55,93
1619715840,1768.54,86
1619715900,1768.54,93
1619715960,1768.45,78
1619716020,1768.62,97
1619716080,1768.42,101
1619716140,1768.33,62
1619716200,1768.22,79
1619716260,1768.97,177
1619716320,1768.86,133
1619716380,1769.03,138
1619716440,1768.94,112
1619716500,1769.00,86
1619716560,1769.09,85
1619716620,1769.06,110
1619716680,1769.15,67
1619716740,1768.96,59
1619716800,1769.03,54
1619716860,1768.96,61
1619716920,1769.36,87
1619716980,1769.45,107
1619717040,1769.25,150
1619717100,1768.57,203
1619717160,1768.76,107
1619717220,1768.75,127
1619717280,1768.79,108
1619717340,1768.50,217
1619717400,1768.96,124
1619717460,1769.10,76
1619717520,1769.09,94
1619717580,1768.70,99
1619717640,1768.51,100
1619717700,1768.42,82
1619717760,1768.01,92
1619717820,1768.34,139
1619717880,1768.17,74
1619717940,1768.44,61
1619718000,1768.49,97
1619718060,1768.38,76
1619718120,1768.14,69
1619718180,1768.19,95
1619718240,1768.11,124
1619718300,1768.31,91
1619718360,1768.27,72
1619718420,1768.27,99
1619718480,1768.28,73
1619718540,1768.28,62
1619718600,1768.04,61
1619718660,1768.16,66
1619718720,1768.25,53
1619718780,1767.85,77
1619718840,1767.76,89
1619718900,1767.86,75
1619718960,1767.87,79
1619719020,1768.12,81
1619719080,1767.97,104
1619719140,1768.17,95
1619719200,1768.21,111
1619719260,1768.40,83
1619719320,1768.08,63
1619719380,1768.16,26
1619719440,1768.20,59
1619719500,1768.22,54
1619719560,1768.47,45
1619719620,1768.66,94
1619719680,1768.77,52
1619719740,1768.72,85
1619719800,1768.75,54
1619719860,1768.81,80
1619719920,1768.77,96
1619719980,1769.26,119
1619720040,1769.16,39
1619720100,1769.43,106
1619720160,1769.73,103
1619720220,1769.65,105
1619720280,1769.15,112
1619720340,1769.08,77
1619720400,1769.22,68
1619720460,1769.57,98
1619720520,1769.66,141
1619720580,1769.69,61
1619720640,1769.72,115
1619720700,1769.73,74
1619720760,1769.64,60
1619720820,1769.19,81
1619720880,1769.04,56
1619720940,1768.73,133
1619721000,1769.32,76
1619721060,1769.53,71
1619721120,1769.90,72
1619721180,1770.09,115
1619721240,1770.07,104
1619721300,1770.22,49
1619721360,1770.22,76
1619721420,1770.11,81
1619721480,1770.30,44
1619721540,1770.24,60
1619721600,1770.29,58
1619721660,1770.60,99
1619721720,1770.64,74
1619721780,1770.87,87
1619721840,1771.96,154
1619721900,1771.90,147
1619721960,1772.03,206
1619722020,1772.41,104
1619722080,1772.61,114
1619722140,1773.18,186
1619722200,1773.31,142
1619722260,1772.93,132
1619722320,1773.34,111
1619722380,1773.70,122
1619722440,1773.97,134
1619722500,1773.55,126
1619722560,1773.24,136
1619722620,1773.29,135
1619722680,1773.63,115
1619722740,1773.40,194
1619722800,1773.21,151
1619722860,1773.21,74
1619722920,1773.60,75
1619722980,1773.80,51
1619723040,1773.71,73
1619723100,1773.72,69
1619723160,1773.91,61
1619723220,1773.93,89
1619723280,1773.44,84
1619723340,1773.26,110
1619723400,1773.42,81
1619723460,1773.25,82
1619723520,1773.46,99
1619723580,1773.49,80
1619723640,1773.38,59
1619723700,1773.27,84
1619723760,1773.15,56
1619723820,1773.15,94
1619723880,1773.19,93
1619723940,1772.72,91
1619724000,1773.04,103
1619724060,1772.95,28
1619724120,1772.65,77
1619724180,1772.65,76
1619724240,1772.72,63
1619724300,1772.81,70
1619724360,1772.83,77
1619724420,1772.82,60
1619724480,1772.92,52
1619724540,1773.33,43
1619724600,1773.43,81
1619724660,1773.34,83
1619724720,1773.63,51
1619724780,1773.81,73
1619724840,1773.63,42
1619724900,1773.33,54
1619724960,1773.47,55
1619725020,1773.54,75
1619725080,1773.73,27
1619725140,1773.54,85
1619725200,1773.66,63
1619725260,1774.03,50
1619725320,1774.02,36
1619725380,1774.09,48
1619725440,1774.40,81
1619725500,1774.35,69
1619725560,1774.28,76
1619725620,1774.36,84
1619725680,1774.38,58
1619725740,1774.46,42
1619725800,1774.31,92
1619725860,1774.26,72
1619725920,1774.34,87
1619725980,1774.33,72
1619726040,1773.92,75
1619726100,1774.23,95
1619726160,1774.03,93
1619726220,1774.30,80
1619726280,1774.06,78
1619726340,1774.81,153
1619726400,1774.74,115
1619726460,1774.84,43
1619726520,1774.73,42
1619726580,1774.92,49
1619726640,1774.61,32
1619726700,1774.38,29
1619726760,1774.46,67
1619726820,1774.49,23
1619726880,1774.48,18
1619726940,1774.36,41
1619727000,1774.17,36
1619727060,1773.90,32
1619727120,1774.64,58
1619727180,1774.11,77
1619727240,1774.48,36
1619727300,1774.18,20
1619727360,1774.07,12
1619727420,1773.97,12
1619727480,1773.99,9
1619727540,1773.80,21
1619727600,1773.13,32
1619727660,1773.62,35
1619727720,1773.62,25
1619727780,1773.42,47
1619727840,1773.42,29
1619727900,1773.64,30
1619727960,1773.36,51
1619728020,1772.85,47
1619728080,1772.67,79
1619728140,1772.95,31
1619728200,1773.07,72
1619728260,1773.03,55
1619728320,1772.83,41
1619728380,1772.73,22
1619728440,1772.54,22
1619728500,1772.63,40
1619728560,1772.34,48
1619728620,1772.44,38
1619728680,1772.38,29
1619728740,1772.37,27
1619728800,1772.18,30
1619728860,1772.18,14
1619728920,1772.00,42
1619728980,1771.90,45
1619729040,1771.89,27
1619729100,1771.80,50
1619729160,1771.82,19
1619729220,1771.82,34
1619729280,1771.99,19
1619729340,1771.89,16
1619729400,1772.17,53
1619729460,1772.26,43
1619729520,1772.36,27
1619729580,1772.37,61
1619729640,1772.28,15
1619729700,1772.28,38
1619729760,1772.37,18
1619733720,1772.45,51
1619733780,1772.44,33
1619733840,1772.62,40
1619733900,1771.87,66
1619733960,1772.00,35
1619734020,1771.98,54
1619734080,1772.09,21
1619734140,1772.22,15
1619734200,1772.23,38
1619734260,1772.03,22
1619734320,1771.64,17
1619734380,1771.73,25
1619734440,1771.54,38
1619734500,1771.53,26
1619734560,1771.43,66
1619734620,1771.43,23
1619734680,1771.43,8
1619734740,1771.43,14
1619734800,1771.84,56
1619734860,1771.66,11
1619734920,1771.38,14
1619734980,1771.47,37
1619735040,1771.67,19
1619735100,1771.58,5
1619735160,1771.57,14
1619735220,1771.38,11
1619735280,1771.19,15
1619735340,1771.18,36
1619735400,1771.77,50
1619735460,1771.97,19
1619735520,1771.56,45
1619735580,1771.46,20
1619735640,1771.56,16
1619735700,1771.46,8
1619735760,1771.26,30
1619735820,1771.10,22
1619735880,1771.23,29
1619735940,1771.10,33
1619736000,1770.90,40
1619736060,1771.18,24
1619736120,1771.58,24
1619736180,1771.58,10
1619736240,1771.38,7
1619736300,1771.28,21
1619736360,1771.08,26
1619736420,1771.10,19
1619736480,1771.39,30
1619736540,1771.28,26
1619736600,1771.58,24
1619736660,1771.59,16
1619736720,1771.70,6
1619736780,1772.11,38
1619736840,1772.22,22
1619736900,1772.14,34
1619736960,1772.53,31
1619737020,1772.24,21
1619737080,1772.13,23
1619737140,1771.94,28
1619737200,1772.68,100
1619737260,1772.51,44
1619737320,1772.56,14
1619737380,1772.71,27
1619737440,1772.73,28
1619737500,1772.66,21
1619737560,1772.62,29
1619737620,1772.81,12
1619737680,1772.71,15
1619737740,1772.70,33
1619737800,1772.70,26
1619737860,1772.70,17
1619737920,1772.79,12
1619737980,1773.09,22
1619738040,1773.09,10
1619738100,1772.99,23
1619738160,1773.09,47
1619738220,1773.14,20
1619738280,1773.14,36
1619738340,1773.25,27
1619738400,1773.06,32
1619738460,1773.06,32
1619738520,1773.17,32
1619738580,1773.16,18
1619738640,1773.16,18
1619738700,1773.07,35
1619738760,1772.78,46
1619738820,1772.88,34
1619738880,1772.85,39
1619738940,1773.07,52
1619739000,1772.91,36
1619739060,1772.81,34
1619739120,1772.81,22
1619739240,1772.70,14
1619739300,1772.78,42
1619739360,1772.68,18
1619739420,1773.27,49
1619739480,1773.27,49
1619739540,1773.19,48
1619739600,1772.98,37
1619739660,1772.88,22
1619739720,1772.93,34
1619739780,1773.27,32
1619739840,1773.36,25
1619739900,1773.33,38
1619739960,1773.35,44
1619740020,1773.52,32
1619740080,1773.54,45
1619740140,1773.56,46
1619740200,1773.27,19
1619740260,1773.46,37
1619740320,1773.05,34
1619740380,1773.11,46
1619740440,1773.23,51
1619740500,1773.32,26
1619740560,1773.23,4
1619740620,1773.30,49
1619740680,1773.35,27
1619740740,1773.24,33
1619740800,1772.23,99
1619740860,1772.17,99
1619740920,1772.93,84
1619740980,1772.53,51
1619741040,1772.43,50
1619741100,1772.02,88
1619741160,1771.91,84
1619741220,1771.53,60
1619741280,1771.51,74
1619741340,1771.39,76
1619741400,1771.01,123
1619741460,1771.08,80
1619741520,1771.29,51
1619741580,1771.60,55
1619741640,1771.70,33
1619741700,1771.48,95
1619741760,1771.57,50
1619741820,1771.30,43
1619741880,1770.88,61
1619741940,1770.66,88
1619742000,1771.01,73
1619742060,1770.21,84
1619742120,1770.32,68
1619742180,1770.41,99
1619742240,1770.59,92
1619742300,1770.55,84
1619742360,1770.49,73
1619742420,1770.47,43
1619742480,1770.46,63
1619742540,1770.77,57
1619742600,1771.08,104
1619742660,1770.88,76
1619742720,1771.05,59
1619742780,1771.05,41
1619742840,1770.78,78
1619742900,1770.64,67
1619742960,1770.26,45
1619743020,1770.18,33
1619743080,1770.08,61
1619743140,1769.99,136
1619743200,1769.65,104
1619743260,1768.82,167
1619743320,1769.46,116
1619743380,1769.12,103
1619743440,1769.60,134
1619743500,1769.55,118
1619743560,1769.44,125
1619743620,1769.63,105
1619743680,1769.33,84
1619743740,1769.40,100
1619743800,1768.72,145
1619743860,1769.23,167
1619743920,1769.36,113
1619743980,1769.31,197
1619744040,1769.80,246
1619744100,1769.53,223
1619744160,1769.20,103
1619744220,1769.78,141
1619744280,1769.69,176
1619744340,1769.76,139
1619744400,1769.47,396
1619744460,1769.41,332
1619744520,1768.76,272
1619744580,1768.76,166
1619744640,1768.27,164
1619744700,1768.37,168
1619744760,1768.21,202
1619744820,1768.79,246
1619744880,1768.06,174
1619744940,1768.16,152
1619745000,1767.84,181
1619745060,1767.05,206
1619745120,1767.12,163
1619745180,1766.74,183
1619745240,1767.34,138
1619745300,1767.42,186
1619745360,1767.41,120
1619745420,1768.20,68
1619745480,1768.40,79
1619745540,1768.70,148
1619745600,1768.90,101
1619745660,1768.79,47
1619745720,1768.79,75
1619745780,1769.10,103
1619745840,1768.80,131
1619745900,1768.99,115
1619745960,1768.78,87
1619746020,1768.99,115
1619746080,1768.86,103
1619746140,1768.55,80
1619746200,1767.60,127
1619746260,1767.20,120
1619746320,1768.01,171
1619746380,1767.39,152
1619746440,1767.52,132
1619746500,1767.84,122
1619746560,1768.60,151
1619746620,1768.82,145
1619746680,1769.22,89
1619746740,1769.62,122
1619746800,1768.93,126
1619746860,1768.94,97
1619746920,1769.23,82
1619746980,1769.23,118
1619747040,1768.84,93
1619747100,1769.25,103
1619747160,1768.90,101
1619747220,1768.75,113
1619747280,1768.95,76
1619747340,1768.81,78
1619747400,1768.17,137
1619747460,1768.25,140
1619747520,1768.09,128
1619747580,1768.15,106
1619747640,1768.31,150
1619747700,1768.55,108
1619747760,1768.85,113
1619747820,1769.07,119
1619747880,1769.02,109
1619747940,1768.75,78
1619748000,1768.27,180
1619748060,1768.22,142
1619748120,1768.28,135
1619748180,1768.27,116
1619748240,1768.54,106
1619748300,1768.11,107
1619748360,1768.11,126
1619748420,1768.22,125
1619748480,1767.94,152
1619748540,1767.82,123
1619748600,1767.53,117
1619748660,1767.52,86
1619748720,1767.01,109
1619748780,1767.01,73
1619748840,1766.94,119
1619748900,1767.07,78
1619748960,1767.21,75
1619749020,1767.53,53
1619749080,1767.22,52
1619749140,1767.35,50
1619749200,1767.21,70
1619749260,1767.39,81
1619749320,1768.01,90
1619749380,1767.52,93
1619749440,1768.53,112
1619749500,1769.06,97
1619749560,1768.73,111
1619749620,1768.49,155
1619749680,1767.93,124
1619749740,1767.74,129
1619749800,1767.17,204
1619749860,1767.16,164
1619749920,1767.76,230
1619749980,1767.94,131
1619750040,1767.65,157
1619750100,1767.61,136
1619750160,1767.81,79
1619750220,1767.55,103
1619750280,1767.74,66
1619750340,1768.00,75
1619750400,1767.68,46
1619750460,1767.60,56
1619750520,1768.05,90
1619750580,1767.74,75
1619750640,1767.16,85
1619750700,1767.70,115
1619750760,1767.36,95
1619750820,1767.37,74
1619750880,1767.32,135
1619750940,1767.63,72
1619751000,1767.44,85
1619751060,1767.50,87
1619751120,1767.69,91
1619751180,1767.75,67
1619751240,1767.96,56
1619751300,1767.89,75
1619751360,1768.01,109
1619751420,1767.85,102
1619751480,1767.68,118
1619751540,1767.64,142
1619751600,1767.11,204
1619751660,1766.90,152
1619751720,1766.79,114
1619751780,1766.99,131
1619751840,1767.06,116
1619751900,1766.64,141
1619751960,1766.59,145
1619752020,1766.45,112
1619752080,1766.59,83
1619752140,1766.69,101
1619752200,1766.56,64
1619752260,1766.36,51
1619752320,1767.08,126
1619752380,1766.66,107
1619752440,1766.59,108
1619752500,1766.71,127
1619752560,1766.86,64
1619752620,1766.57,75
1619752680,1766.67,98
1619752740,1766.49,115
1619752800,1766.69,100
1619752860,1766.78,101
1619752920,1766.55,117
1619752980,1766.21,98
1619753040,1765.96,148
1619753100,1765.66,126
1619753160,1765.53,132
1619753220,1765.60,84
1619753280,1766.03,100
1619753340,1765.88,115
1619753400,1765.72,74
1619753460,1765.77,41
1619753520,1765.63,51
1619753580,1765.92,60
1619753640,1765.93,66
1619753700,1765.74,34
1619753760,1765.63,54
1619753820,1765.74,61
1619753880,1765.77,40
1619753940,1765.69,33
1619754000,1765.80,37
1619754060,1765.80,51
1619754120,1765.98,53
1619754180,1766.12,54
1619754240,1766.10,49
1619754300,1766.17,53
1619754360,1765.99,41
1619754420,1766.25,29
1619754480,1766.36,35
1619754540,1766.36,41
1619754600,1766.54,40
1619754660,1766.56,40
1619754720,1766.56,15
1619754780,1766.61,47
1619754840,1766.36,40
1619754900,1766.62,62
1619754960,1766.72,41
1619755020,1766.50,30
1619755080,1766.38,28
1619755140,1766.33,40
1619755200,1766.48,55
1619755260,1766.58,48
1619755320,1766.43,52
1619755380,1766.58,49
1619755440,1766.62,40
1619755500,1766.64,44
1619755560,1766.66,16
1619755620,1766.70,26
1619755680,1766.79,65
1619755740,1766.82,51
1619755800,1766.86,62
1619755860,1767.10,50
1619755920,1767.10,45
1619755980,1767.14,51
1619756040,1767.31,30
1619756100,1767.46,37
1619756160,1767.39,52
1619756220,1767.46,31
1619756280,1767.28,68
1619756340,1767.50,64
1619756400,1767.75,64
1619756460,1767.67,34
1619756520,1767.85,27
1619756580,1767.85,25
1619756640,1767.66,21
1619756700,1767.76,35
1619756760,1767.76,37
1619756820,1767.67,45
1619756880,1767.88,42
1619756940,1768.02,69
1619757000,1767.72,85
1619757060,1768.28,136
1619757120,1768.09,55
1619757180,1767.91,98
1619757240,1768.47,79
1619757300,1768.82,58
1619757360,1768.82,83
1619757420,1768.91,85
1619757480,1768.99,137
1619757540,1769.02,125
1619757600,1769.20,91
1619757660,1769.02,83
1619757720,1769.21,82
1619757780,1769.01,48
1619757840,1769.10,58
1619757900,1768.78,65
1619757960,1768.63,82
1619758020,1768.74,89
1619758080,1768.71,59
1619758140,1768.56,60
1619758200,1768.76,89
1619758260,1768.93,81
1619758320,1769.00,54
1619758380,1769.18,40
1619758440,1769.29,49
1619758500,1769.14,41
1619758560,1768.95,52
1619758620,1768.84,47
1619758680,1769.13,65
1619758740,1768.80,47
1619758800,1768.68,78
1619758860,1768.69,67
1619758920,1768.33,122
1619758980,1768.51,91
1619759040,1768.64,64
1619759100,1768.35,71
1619759160,1768.16,77
1619759220,1768.16,88
1619759280,1768.39,65
1619759340,1768.35,41
1619759400,1768.49,46
1619759460,1768.78,34
1619759520,1768.97,47
1619759580,1769.17,41
1619759640,1768.96,87
1619759700,1768.93,54
1619759760,1768.78,90
1619759820,1768.64,58
1619759880,1769.03,60
1619759940,1769.37,100
1619760000,1769.02,68
1619760060,1768.41,77
1619760120,1768.45,101
1619760180,1768.37,71
1619760240,1768.13,47
1619760300,1768.02,90
1619760360,1768.25,53
1619760420,1768.24,26
1619760480,1768.14,45
1619760540,1768.15,65
1619760600,1767.36,264
1619760660,1767.11,209
1619760720,1767.63,151
1619760780,1767.44,115
1619760840,1767.64,59
1619760900,1768.05,112
1619760960,1768.69,125
1619761020,1768.45,163
1619761080,1768.83,78
1619761140,1768.64,88
1619761200,1768.96,108
1619761260,1768.90,131
1619761320,1768.89,86
1619761380,1768.88,133
1619761440,1768.83,146
1619761500,1768.35,212
1619761560,1768.73,164
1619761620,1768.79,114
1619761680,1768.58,108
1619761740,1768.75,60
1619761800,1768.94,83
1619761860,1769.14,108
1619761920,1769.06,56
1619761980,1769.13,69
1619762040,1769.03,97
1619762100,1768.73,42
1619762160,1769.05,81
1619762220,1769.06,80
1619762280,1769.05,81
1619762340,1768.88,40
1619762400,1768.72,119
1619762460,1768.56,116
1619762520,1768.43,119
1619762580,1769.26,111
1619762640,1769.84,208
1619762700,1769.96,201
1619762760,1769.87,173
1619762820,1769.68,136
1619762880,1769.53,113
1619762940,1769.61,94
1619763000,1769.85,135
1619763060,1769.51,111
1619763120,1769.12,143
1619763180,1769.43,146
1619763240,1769.09,137
1619763300,1769.43,158
1619763360,1769.78,109
1619763420,1770.03,115
1619763480,1770.25,142
1619763540,1770.24,179
1619763600,1770.81,155
1619763660,1770.82,134
1619763720,1771.23,162
1619763780,1771.25,160
1619763840,1771.16,118
1619763900,1770.92,99
1619763960,1771.10,112
1619764020,1770.81,113
1619764080,1771.53,130
1619764140,1771.27,159
1619764200,1771.45,130
1619764260,1771.36,135
1619764320,1771.90,158
1619764380,1771.91,114
1619764440,1771.76,160
1619764500,1771.48,104
1619764560,1771.70,131
1619764620,1771.81,116
1619764680,1772.21,122
1619764740,1772.52,167
1619764800,1772.66,129
1619764860,1772.49,138
1619764920,1772.33,128
1619764980,1772.63,146
1619765040,1772.52,149
1619765100,1772.38,156
1619765160,1772.57,118
1619765220,1772.34,104
1619765280,1772.77,117
1619765340,1772.99,68
1619765400,1772.93,72
1619765460,1772.65,94
1619765520,1772.90,74
1619765580,1772.99,80
1619765640,1772.78,107
1619765700,1772.51,135
1619765760,1772.54,121
1619765820,1772.54,108
1619765880,1771.82,141
1619765940,1772.11,206
1619766000,1772.49,212
1619766060,1772.40,198
1619766120,1772.08,110
1619766180,1771.55,144
1619766240,1771.26,183
1619766300,1771.21,202
1619766360,1770.44,200
1619766420,1769.97,180
1619766480,1769.88,172
1619766540,1769.97,153
1619766600,1770.43,118
1619766660,1770.67,132
1619766720,1770.42,142
1619766780,1770.33,148
1619766840,1770.81,131
1619766900,1770.73,154
1619766960,1771.55,157
1619767020,1771.67,143
1619767080,1771.67,146
1619767140,1771.92,107
1619767200,1771.42,187
1619767260,1771.57,165
1619767320,1771.38,185
1619767380,1771.31,152
1619767440,1771.49,118
1619767500,1771.18,142
1619767560,1771.07,99
1619767620,1770.58,117
1619767680,1770.42,157
1619767740,1770.82,170
1619767800,1770.63,163
1619767860,1770.48,161
1619767920,1770.77,152
1619767980,1770.94,131
1619768040,1771.50,148
1619768100,1771.56,123
1619768160,1771.39,128
1619768220,1771.03,92
1619768280,1771.50,101
1619768340,1770.67,133
1619768400,1770.69,124
1619768460,1770.42,98
1619768520,1770.51,75
1619768580,1770.27,107
1619768640,1769.95,133
1619768700,1769.21,216
1619768760,1769.30,130
1619768820,1769.52,221
1619768880,1769.45,188
1619768940,1769.60,137
1619769000,1769.43,157
1619769060,1769.11,112
1619769120,1768.96,119
1619769180,1768.76,155
1619769240,1769.06,150
1619769300,1769.16,140
1619769360,1769.26,152
1619769420,1769.09,96
1619769480,1768.74,97
1619769540,1768.95,164
1619769600,1768.19,180
1619769660,1768.07,196
1619769720,1768.04,212
1619769780,1768.82,210
1619769840,1769.51,173
1619769900,1769.44,117
1619769960,1769.39,114
1619770020,1769.28,111
1619770080,1769.63,165
1619770140,1770.30,96
1619770200,1770.81,196
1619770260,1770.69,136
1619770320,1770.80,132
1619770380,1770.60,102
1619770440,1770.69,88
1619770500,1770.11,69
1619770560,1770.47,114
1619770620,1770.87,88
1619770680,1771.04,107
1619770740,1771.34,148
1619770800,1771.29,113
1619770860,1771.28,118
1619770920,1771.28,157
1619770980,1771.54,112
1619771040,1771.33,109
1619771100,1771.54,99
1619771160,1771.43,99
1619771220,1771.64,104
1619771280,1771.79,129
1619771340,1771.79,141
1619771400,1771.35,139
1619771460,1771.54,100
1619771520,1771.03,178
1619771580,1770.75,129
1619771640,1770.51,60
1619771700,1770.29,113
1619771760,1770.36,143
1619771820,1768.98,160
1619771880,1768.92,185
1619771940,1769.13,152
1619772000,1769.15,125
1619772060,1769.10,101
1619772120,1769.17,135
1619772180,1769.48,107
1619772240,1769.78,160
1619772300,1769.91,148
1619772360,1769.98,121
1619772420,1769.49,156
1619772480,1769.59,136
1619772540,1769.40,111
1619772600,1769.68,137
1619772660,1769.55,126
1619772720,1769.80,121
1619772780,1770.00,84
1619772840,1770.33,135
1619772900,1770.03,130
1619772960,1769.43,100
1619773020,1769.30,91
1619773080,1769.72,102
1619773140,1769.62,132
1619773200,1769.65,133
1619773260,1769.54,117
1619773320,1769.56,113
1619773380,1769.58,115
1619773440,1769.46,79
1619773500,1769.41,100
1619773560,1769.32,62
1619773620,1769.33,134
1619773680,1769.71,109
1619773740,1769.37,165
1619773800,1769.79,131
1619773860,1769.74,125
1619773920,1769.14,102
1619773980,1769.08,130
1619774040,1769.21,92
1619774100,1769.41,102
1619774160,1769.28,76
1619774220,1769.17,77
1619774280,1768.65,65
1619774340,1768.42,121
1619774400,1768.63,145
1619774460,1768.68,69
1619774520,1768.79,99
1619774580,1768.90,120
1619774640,1768.82,102
1619774700,1768.71,121
1619774760,1768.40,115
1619774820,1768.80,119
1619774880,1768.90,135
1619774940,1769.00,113
1619775000,1768.71,112
1619775060,1768.67,107
1619775120,1768.37,96
1619775180,1768.20,93
1619775240,1768.06,130
1619775300,1767.96,120
1619775360,1767.67,85
1619775420,1768.32,89
1619775480,1767.88,121
1619775540,1767.75,110
1619775600,1767.68,132
1619775660,1767.55,156
1619775720,1767.27,169
1619775780,1767.39,134
1619775840,1768.58,184
1619775900,1768.28,101
1619775960,1768.04,94
1619776020,1768.17,96
1619776080,1768.14,76
1619776140,1768.14,85
1619776200,1767.93,89
1619776260,1768.22,101
1619776320,1768.21,127
1619776380,1767.93,86
1619776440,1767.96,89
1619776500,1767.80,82
1619776560,1767.58,97
1619776620,1767.26,136
1619776680,1767.10,80
1619776740,1767.37,129
1619776800,1767.38,148
1619776860,1767.87,147
1619776920,1767.94,119
1619776980,1767.77,151
1619777040,1767.69,137
1619777100,1767.95,96
1619777160,1768.10,105
1619777220,1767.70,161
1619777280,1767.49,123
1619777340,1768.07,84
1619777400,1767.89,101
1619777460,1767.82,89
1619777520,1767.46,101
1619777580,1767.34,85
1619777640,1767.06,98
1619777700,1767.41,126
1619777760,1767.36,77
1619777820,1767.35,115
1619777880,1767.46,141
1619777940,1767.19,126
1619778000,1767.06,152
1619778060,1766.98,112
1619778120,1766.89,94
1619778180,1767.10,68
1619778240,1767.17,116
1619778300,1767.59,78
1619778360,1767.55,78
1619778420,1767.58,58
1619778480,1768.50,141
1619778540,1768.48,117
1619778600,1768.39,132
1619778660,1769.02,91
1619778720,1769.10,86
1619778780,1769.41,106
1619778840,1769.48,114
1619778900,1769.40,99
1619778960,1769.51,125
1619779020,1769.60,102
1619779080,1769.36,72
1619779140,1769.20,81
1619779200,1769.31,76
1619779260,1769.37,99
1619779320,1769.35,88
1619779380,1768.98,124
1619779440,1769.17,122
1619779500,1768.87,139
1619779560,1768.92,164
1619779620,1769.15,116
1619779680,1769.07,117
1619779740,1769.64,115
1619779800,1770.15,143
1619779860,1770.07,124
1619779920,1769.84,93
1619779980,1769.89,114
1619780040,1769.92,121
1619780100,1769.98,89
1619780160,1769.92,130
1619780220,1769.85,134
1619780280,1769.85,106
1619780340,1770.02,124
1619780400,1769.91,165
1619780460,1770.41,153
1619780520,1769.54,163
1619780580,1769.54,134
1619780640,1769.47,120
1619780700,1769.83,147
1619780760,1769.81,96
1619780820,1770.01,88
1619780880,1769.88,78
1619780940,1770.11,93
1619781000,1770.21,93
1619781060,1770.08,106
1619781120,1770.67,138
1619781180,1771.08,154
1619781240,1771.07,116
1619781300,1771.33,89
1619781360,1771.24,49
1619781420,1771.67,134
1619781480,1771.82,105
1619781540,1772.31,134
1619781600,1772.40,150
1619781660,1771.97,88
1619781720,1771.84,132
1619781780,1772.16,180
1619781840,1772.08,116
1619781900,1771.94,209
1619781960,1771.72,128
1619782020,1771.70,153
1619782080,1771.75,101
1619782140,1772.31,131
1619782200,1771.70,125
1619782260,1771.40,105
1619782320,1771.37,124
1619782380,1771.36,109
1619782440,1771.27,98
1619782500,1771.46,132
1619782560,1771.97,88
1619782620,1771.77,102
1619782680,1771.48,93
1619782740,1771.37,103
1619782800,1771.51,120
1619782860,1771.08,85
1619782920,1770.97,113
1619782980,1771.09,120
1619783040,1771.17,102
1619783100,1770.93,93
1619783160,1770.85,88
1619783220,1770.47,122
1619783280,1770.17,131
1619783340,1770.62,102
1619783400,1770.16,138
1619783460,1769.71,160
1619783520,1769.30,151
1619783580,1769.31,103
1619783640,1769.54,117
1619783700,1768.68,140
1619783760,1769.63,174
1619783820,1770.03,178
1619783880,1769.89,130
1619783940,1770.48,166
1619784000,1770.17,158
1619784060,1769.92,118
1619784120,1769.88,118
1619784180,1769.96,92
1619784240,1769.48,110
1619784300,1769.05,157
1619784360,1769.09,133
1619784420,1768.50,146
1619784480,1768.51,100
1619784540,1768.64,147
1619784600,1768.10,190
1619784660,1768.12,144
1619784720,1768.30,129
1619784780,1768.19,107
1619784840,1767.98,125
1619784900,1768.24,152
1619784960,1767.53,126
1619785020,1766.52,319
1619785080,1766.10,244
1619785140,1766.74,190
1619785200,1768.77,334
1619785260,1768.70,223
1619785320,1768.18,182
1619785380,1767.86,168
1619785440,1768.63,128
1619785500,1768.91,160
1619785560,1769.56,151
1619785620,1769.69,189
1619785680,1769.23,138
1619785740,1768.78,167
1619785800,1767.47,304
1619785860,1766.21,329
1619785920,1767.09,318
1619785980,1767.21,267
1619786040,1767.50,213
1619786100,1770.01,338
1619786160,1770.67,347
1619786220,1770.46,277
1619786280,1770.00,286
1619786340,1769.96,246
1619786400,1768.68,261
1619786460,1768.81,269
1619786520,1768.53,200
1619786580,1768.88,206
1619786640,1768.88,221
1619786700,1767.77,238
1619786760,1768.57,176
1619786820,1768.79,240
1619786880,1768.65,181
1619786940,1768.74,235
1619787000,1769.39,223
1619787060,1769.06,219
1619787120,1768.78,223
1619787180,1768.10,202
1619787240,1768.16,203
1619787300,1767.89,195
1619787360,1767.68,253
1619787420,1767.41,232
1619787480,1768.41,228
1619787540,1769.38,253
1619787600,1770.35,365
1619787660,1769.72,262
1619787720,1770.33,281
1619787780,1770.36,218
1619787840,1771.20,229
1619787900,1770.97,197
1619787960,1771.78,273
1619788020,1771.01,240
1619788080,1770.96,215
1619788140,1770.43,241
1619788200,1769.91,247
1619788260,1769.96,223
1619788320,1769.99,189
1619788380,1769.56,188
1619788440,1770.52,236
1619788500,1770.17,186
1619788560,1769.38,247
1619788620,1769.88,181
1619788680,1769.85,147
1619788740,1770.57,174
1619788800,1770.89,209
1619788860,1771.06,204
1619788920,1771.33,197
1619788980,1771.45,199
1619789040,1771.51,176
1619789100,1771.44,201
1619789160,1770.97,128
1619789220,1770.98,116
1619789280,1770.88,142
1619789340,1770.35,203
1619789400,1768.93,369
1619789460,1768.75,258
1619789520,1768.55,308
1619789580,1768.64,241
1619789640,1768.82,304
1619789700,1768.74,337
1619789760,1769.26,248
1619789820,1769.54,254
1619789880,1769.75,268
1619789940,1770.54,280
1619790000,1771.21,238
1619790060,1770.94,166
1619790120,1770.54,249
1619790180,1769.70,216
1619790240,1769.13,198
1619790300,1770.25,333
1619790360,1770.25,254
1619790420,1770.77,300
1619790480,1769.89,246
1619790540,1767.30,409
1619790600,1767.58,355
1619790660,1767.01,343
1619790720,1767.40,326
1619790780,1768.58,307
1619790840,1768.68,291
1619790900,1768.18,284
1619790960,1768.45,261
1619791020,1768.69,221
1619791080,1768.90,171
1619791140,1769.06,194
1619791200,1767.64,278
1619791260,1768.22,322
1619791320,1768.35,296
1619791380,1767.86,300
1619791440,1766.24,357
1619791500,1764.80,401
1619791560,1765.03,399
1619791620,1765.20,392
1619791680,1766.27,352
1619791740,1768.10,353
1619791800,1768.28,303
1619791860,1767.55,266
1619791920,1767.69,270
1619791980,1767.73,258
1619792040,1766.92,192
1619792100,1768.40,300
1619792160,1768.72,358
1619792220,1768.39,307
1619792280,1768.27,318
1619792340,1768.30,268
1619792400,1768.37,253
1619792460,1769.13,284
1619792520,1769.34,253
1619792580,1770.29,323
1619792640,1770.09,321
1619792700,1770.27,298
1619792760,1770.75,283
1619792820,1770.56,299
1619792880,1770.27,259
1619792940,1769.82,270
1619793000,1770.06,272
1619793060,1769.69,258
1619793120,1769.84,216
1619793180,1769.49,192
1619793240,1770.33,264
1619793300,1770.21,242
1619793360,1770.20,248
1619793420,1770.52,200
1619793480,1770.82,280
1619793540,1770.65,203
1619793600,1770.50,249
1619793660,1770.29,209
1619793720,1770.59,187
1619793780,1770.65,214
1619793840,1771.36,220
1619793900,1771.38,221
1619793960,1771.45,200
1619794020,1770.56,266
1619794080,1771.32,256
1619794140,1771.55,213
1619794200,1771.72,266
1619794260,1771.64,260
1619794320,1771.93,266
1619794380,1770.59,330
1619794440,1771.37,336
1619794500,1771.34,304
1619794560,1770.95,326
1619794620,1770.26,365
1619794680,1770.52,318
1619794740,1770.40,352
1619794800,1771.25,384
1619794860,1771.29,333
1619794920,1771.08,344
1619794980,1770.54,278
1619795040,1770.54,292
1619795100,1771.04,279
1619795160,1770.19,242
1619795220,1770.07,289
1619795280,1770.84,301
1619795340,1771.26,255
1619795400,1771.79,282
1619795460,1770.29,254
1619795520,1771.47,299
1619795580,1771.14,270
1619795640,1770.45,303
1619795700,1770.72,311
1619795760,1769.76,295
1619795820,1768.84,269
1619795880,1768.66,237
1619795940,1768.58,270
1619796000,1767.78,297
1619796060,1767.98,274
1619796120,1767.80,255
1619796180,1767.59,289
1619796240,1767.73,216
1619796300,1767.85,282
1619796360,1767.51,247
1619796420,1768.05,225
1619796480,1767.64,236
1619796540,1767.70,270
1619796600,1767.29,208
1619796660,1767.15,258
1619796720,1767.20,272
1619796780,1767.27,239
1619796840,1767.17,261
1619796900,1767.22,203
1619796960,1766.97,220
1619797020,1766.94,153
1619797080,1767.04,245
1619797140,1767.28,206
1619797200,1767.47,195
1619797260,1767.50,160
1619797320,1767.83,212
1619797380,1768.02,150
1619797440,1768.63,177
1619797500,1768.32,160
1619797560,1768.48,140
1619797620,1768.65,187
1619797680,1768.33,170
1619797740,1768.00,102
1619797800,1767.70,156
1619797860,1768.33,173
1619797920,1768.43,167
1619797980,1767.63,177
1619798040,1767.77,111
1619798100,1767.33,132
1619798160,1766.88,185
1619798220,1767.51,176
1619798280,1767.02,135
1619798340,1767.21,143
1619798400,1767.40,135
1619798460,1767.98,94
1619798520,1767.28,201
1619798580,1767.52,119
1619798640,1767.30,157
1619798700,1767.74,202
1619798760,1767.38,161
1619798820,1767.79,135
1619798880,1767.61,126
1619798940,1767.79,190
1619799000,1767.79,138
1619799060,1767.69,127
1619799120,1767.68,112
1619799180,1767.76,82
1619799240,1767.85,113
1619799300,1767.70,101
1619799360,1767.52,146
1619799420,1767.49,122
1619799480,1768.04,132
1619799540,1768.15,125
1619799600,1768.10,116
1619799660,1767.79,119
1619799720,1767.39,110
1619799780,1767.32,136
1619799840,1767.29,100
1619799900,1766.47,209
1619799960,1767.31,144
1619800020,1766.94,172
1619800080,1767.07,138
1619800140,1766.83,94
1619800200,1766.50,132
1619800260,1766.13,141
1619800320,1766.50,92
1619800380,1766.27,122
1619800440,1766.09,163
1619800500,1766.13,137
1619800560,1765.94,185
1619800620,1766.14,171
1619800680,1766.09,92
1619800740,1766.00,98
1619800800,1766.00,121
1619800860,1765.97,115
1619800920,1766.29,88
1619800980,1766.07,90
1619801040,1766.17,101
1619801100,1766.28,170
1619801160,1766.50,92
1619801220,1766.51,79
1619801280,1766.58,83
1619801340,1766.94,70
1619801400,1766.54,84
1619801460,1766.84,110
1619801520,1766.93,66
1619801580,1767.05,65
1619801640,1767.12,83
1619801700,1767.01,75
1619801760,1767.03,98
1619801820,1767.10,69
1619801880,1767.10,112
1619801940,1767.83,194
1619802000,1767.71,145
1619802060,1767.67,99
1619802120,1767.50,116
1619802180,1767.58,114
1619802240,1767.81,81
1619802300,1767.77,144
1619802360,1768.13,124
1619802420,1768.14,118
1619802480,1768.12,91
1619802540,1767.94,74
1619802600,1768.04,73
1619802660,1767.66,99
1619802720,1767.67,122
1619802780,1767.48,127
1619802840,1767.34,128
1619802900,1767.10,178
1619802960,1767.09,135
1619803020,1767.37,158
1619803080,1767.39,158
1619803140,1767.11,134
1619803200,1767.02,119
1619803260,1767.15,130
1619803320,1766.96,123
1619803380,1766.64,158
1619803440,1766.56,186
1619803500,1767.14,188
1619803560,1767.59,135
1619803620,1767.52,125
1619803680,1767.43,142
1619803740,1768.44,298
1619803800,1768.39,172
1619803860,1768.29,106
1619803920,1768.69,113
1619803980,1768.68,113
1619804040,1768.86,122
1619804100,1768.96,102
1619804160,1769.03,172
1619804220,1768.93,72
1619804280,1769.24,151
1619804340,1768.98,104
1619804400,1769.11,73
1619804460,1769.21,77
1619804520,1769.90,121
1619804580,1769.97,125
1619804640,1770.32,122
1619804700,1770.22,178
1619804760,1770.21,125
1619804820,1770.40,180
1619804880,1770.32,151
1619804940,1770.42,125
1619805000,1770.38,135
1619805060,1770.38,130
1619805120,1770.15,113
1619805180,1769.90,117
1619805240,1769.86,117
1619805300,1769.85,110
1619805360,1770.05,86
1619805420,1769.61,77
1619805480,1769.64,75
1619805540,1769.74,96
1619805600,1769.72,151
1619805660,1770.12,90
1619805720,1770.01,65
1619805780,1769.72,88
1619805840,1769.72,111
1619805900,1769.92,107
1619805960,1769.72,107
1619806020,1769.81,79
1619806080,1769.71,44
1619806140,1769.70,90
1619806200,1769.90,61
1619806260,1769.43,118
1619806320,1769.86,94
1619806380,1770.04,55
1619806440,1770.23,63
1619806500,1770.16,75
1619806560,1770.27,68
1619806620,1770.04,103
1619806680,1769.74,102
1619806740,1769.99,115
1619806800,1770.12,66
1619806860,1769.63,116
1619806920,1769.46,91
1619806980,1769.61,107
1619807040,1769.74,113
1619807100,1769.85,80
1619807160,1769.93,78
1619807220,1769.95,95
1619807280,1769.77,98
1619807340,1769.24,110
1619807400,1769.03,113
1619807460,1769.05,114
1619807520,1769.04,69
1619807580,1769.13,95
1619807640,1769.03,95
1619807700,1769.29,63
1619807760,1769.24,78
1619807820,1769.07,32
1619807880,1769.03,30
1619807940,1769.11,51
1619808000,1769.42,55
1619808060,1769.60,89
1619808120,1769.81,38
1619808180,1770.00,76
1619808240,1770.18,54
1619808300,1769.73,90
1619808360,1769.72,93
1619808420,1769.34,103
1619808480,1769.14,95
1619808540,1768.81,141
1619808600,1768.82,117
1619808660,1768.69,82
1619808720,1768.57,58
1619808780,1768.31,73
1619808840,1767.86,148
1619808900,1767.89,117
1619808960,1767.66,124
1619809020,1767.42,163
1619809080,1767.88,203
1619809140,1768.38,301
1619809200,1768.42,213
1619809260,1768.66,131
1619809320,1769.19,85
1619809380,1769.02,150
1619809440,1768.69,96
1619809500,1768.69,156
1619809560,1768.96,115
1619809620,1769.01,79
1619809680,1768.87,70
1619809740,1768.90,85
1619809800,1768.51,103
1619809860,1768.58,93
1619809920,1768.38,98
1619809980,1768.38,91
1619810040,1768.19,100
1619810100,1767.96,102
1619810160,1767.95,115
1619810220,1767.86,95
1619810280,1767.93,67
1619810340,1767.95,92
1619810400,1767.84,90
1619810460,1768.05,68
1619810520,1768.00,98
1619810580,1768.14,130
1619810640,1767.78,102
1619810700,1767.72,83
1619810760,1767.54,66
1619810820,1767.43,64
1619810880,1767.71,85
1619810940,1767.51,44
1619811000,1767.35,164
1619811060,1767.65,55
1619811120,1767.61,56
1619811180,1767.43,87
1619811240,1767.57,60
1619811300,1767.63,76
1619811360,1767.96,85
1619811420,1767.88,74
1619811480,1767.63,99
1619811540,1767.67,52
1619811600,1767.54,61
1619811660,1767.50,54
1619811720,1767.35,83
1619811780,1767.36,95
1619811840,1767.12,70
1619811900,1767.20,112
1619811960,1767.13,78
1619812020,1766.81,79
1619812080,1766.95,95
1619812140,1766.79,151
1619812200,1766.85,240
1619812260,1766.90,111
1619812320,1766.99,126
1619812380,1767.11,124
1619812440,1767.34,134
1619812500,1767.75,164
1619812560,1767.91,97
1619812620,1768.07,202
1619812680,1768.35,198
1619812740,1768.41,210
1619812800,1767.86,134
1619812860,1767.95,106
1619812920,1767.94,43
1619812980,1767.94,41
1619813040,1767.91,76
1619813100,1768.11,20
1619813160,1768.09,60
1619813220,1767.29,60
1619813280,1767.29,23
1619813400,1767.38,13
1619813460,1767.48,4
1619813520,1767.48,7
1619813580,1767.68,16
1619813640,1767.18,39
1619813700,1767.28,22
1619813760,1767.56,32
1619813820,1767.86,30
1619813880,1767.48,54
1619813940,1767.80,63
1619814000,1767.98,25
1619814060,1768.16,38
1619814120,1768.09,29
1619814180,1768.09,7
1619814240,1768.30,30
1619814300,1768.67,29
1619814360,1768.68,20
1619814420,1768.60,11
1619814480,1768.60,8
1619814540,1768.32,31
1619814600,1768.27,27
1619814660,1768.45,20
1619814720,1768.39,30
1619814780,1768.53,25
1619814840,1768.68,18
1619814900,1768.78,28
1619814960,1768.69,21
1619815020,1768.62,22
1619815080,1768.43,19
1619815140,1768.45,36
1619815200,1768.43,8
1619815260,1768.35,4
1619815320,1768.64,23
1619815380,1768.75,46
1619815440,1768.93,27
1619815500,1768.92,29
1619815560,1769.10,22
1619815620,1768.99,42
1619815680,1768.79,10
1619815740,1768.79,30
1619815800,1768.60,32
1619815860,1768.68,19
1619815920,1768.65,49
1619815980,1769.02,29
1619816040,1769.03,62
1619816100,1768.49,60
1619816160,1768.70,94
