timestamp_utc,close,tick_volume
1690848000,1963.92,113
1690848060,1963.99,54
1690848120,1964.26,41
1690848180,1964.30,65
1690848240,1964.17,64
1690848300,1964.29,46
1690848360,1964.61,82
1690848420,1964.67,32
1690848480,1964.61,46
1690848540,1964.55,36
1690848600,1964.46,71
1690848660,1964.34,64
1690848720,1964.23,47
1690848780,1964.22,52
1690848840,1964.11,41
1690848900,1964.16,61
1690848960,1964.15,41
1690849020,1964.14,52
1690849080,1964.20,51
1690849140,1964.09,33
1690849200,1964.08,16
1690849260,1964.17,14
1690849320,1964.27,35
1690849380,1964.28,32
1690849440,1964.01,44
1690849500,1963.87,46
1690849560,1963.78,76
1690849620,1963.49,88
1690849680,1963.64,45
1690849740,1963.70,45
1690849800,1963.79,55
1690849860,1964.06,52
1690849920,1963.96,45
1690849980,1964.07,23
1690850040,1963.74,73
1690850100,1963.62,50
1690850160,1963.50,40
1690850220,1963.65,67
1690850280,1963.44,60
1690850340,1963.34,71
1690850400,1963.18,55
1690850460,1963.26,30
1690850520,1963.28,27
1690850580,1963.32,36
1690850640,1963.14,48
1690850700,1963.32,48
1690850760,1963.50,76
1690850820,1963.57,86
1690850880,1963.50,77
1690850940,1963.42,79
1690851000,1963.42,80
1690851060,1963.66,50
1690851120,1963.75,76
1690851180,1963.46,48
1690851240,1963.48,66
1690851300,1963.38,60
1690851360,1963.43,83
1690851420,1963.14,90
1690851480,1963.12,111
1690851540,1963.46,57
1690851600,1963.54,179
1690851660,1963.80,163
1690851720,1963.90,106
1690851780,1963.54,89
1690851840,1963.27,102
1690851900,1963.52,139
1690851960,1963.73,90
1690852020,1963.58,109
1690852080,1963.67,100
1690852140,1963.25,84
1690852200,1963.08,95
1690852260,1963.35,94
1690852320,1963.30,115
1690852380,1963.50,120
1690852440,1963.40,67
1690852500,1963.22,88
1690852560,1963.42,151
1690852620,1963.47,97
1690852680,1963.57,90
1690852740,1963.56,78
1690852800,1963.15,91
1690852860,1962.93,80
1690852920,1962.89,97
1690852980,1962.87,78
1690853040,1962.87,99
1690853100,1962.96,82
1690853160,1962.96,98
1690853220,1962.76,71
1690853280,1962.90,90
1690853340,1962.80,84
1690853400,1962.71,117
1690853460,1962.77,98
1690853520,1962.80,128
1690853580,1962.75,98
1690853640,1962.59,155
1690853700,1962.68,84
1690853760,1962.63,76
1690853820,1962.60,90
1690853880,1963.00,118
1690853940,1962.78,116
1690854000,1962.82,137
1690854060,1962.65,118
1690854120,1962.35,146
1690854180,1962.58,124
1690854240,1962.68,109
1690854300,1962.27,180
1690854360,1962.28,164
1690854420,1961.93,141
1690854480,1962.17,98
1690854540,1962.24,81
1690854600,1962.48,96
1690854660,1962.28,131
1690854720,1962.13,38
1690854780,1962.34,49
1690854840,1962.38,59
1690854900,1962.00,58
1690854960,1961.85,77
1690855020,1961.66,116
1690855080,1961.72,118
1690855140,1960.96,93
1690855200,1960.58,166
1690855260,1960.20,115
1690855320,1959.96,137
1690855380,1959.94,120
1690855440,1960.15,112
1690855500,1960.11,150
1690855560,1960.59,129
1690855620,1960.53,125
1690855680,1960.39,118
1690855740,1960.12,81
1690855800,1960.33,131
1690855860,1960.18,91
1690855920,1960.31,82
1690855980,1960.38,99
1690856040,1960.26,83
1690856100,1960.25,68
1690856160,1960.17,85
1690856220,1960.40,83
1690856280,1960.00,69
1690856340,1960.06,46
1690856400,1960.25,42
1690856460,1959.94,63
1690856520,1960.03,69
1690856580,1960.00,56
1690856640,1959.73,89
1690856700,1959.85,105
1690856760,1960.16,82
1690856820,1959.98,49
1690856880,1960.28,69
1690856940,1960.00,63
1690857000,1960.37,110
1690857060,1960.24,57
1690857120,1960.12,70
1690857180,1960.06,64
1690857240,1959.48,67
1690857300,1959.85,78
1690857360,1959.96,66
1690857420,1960.18,94
1690857480,1960.17,91
1690857540,1959.99,58
1690857600,1960.00,49
1690857660,1959.70,79
1690857720,1959.63,55
1690857780,1959.72,59
1690857840,1959.48,75
1690857900,1959.70,91
1690857960,1959.44,76
1690858020,1959.40,79
1690858080,1959.57,85
1690858140,1959.38,130
1690858200,1959.30,54
1690858260,1959.26,82
1690858320,1959.60,51
1690858380,1960.00,132
1690858440,1960.04,109
1690858500,1959.58,148
1690858560,1960.39,83
1690858620,1960.48,86
1690858680,1960.72,124
1690858740,1960.63,93
1690858800,1960.68,101
1690858860,1960.74,108
1690858920,1960.94,73
1690858980,1959.72,153
1690859040,1960.16,85
1690859100,1960.32,105
1690859160,1960.38,79
1690859220,1960.58,76
1690859280,1960.76,69
1690859340,1960.74,79
1690859400,1960.66,95
1690859460,1960.82,118
1690859520,1960.91,101
1690859580,1960.85,83
1690859640,1960.99,88
1690859700,1961.24,75
1690859760,1961.18,83
1690859820,1961.42,59
1690859880,1961.57,94
1690859940,1961.28,88
1690860000,1961.42,68
1690860060,1961.45,72
1690860120,1961.35,65
1690860180,1961.28,65
1690860240,1961.34,28
1690860300,1961.28,44
1690860360,1961.18,52
1690860420,1961.03,42
1690860480,1961.07,43
1690860540,1960.99,47
1690860600,1961.46,59
1690860660,1961.47,70
1690860720,1961.60,51
1690860780,1961.34,66
1690860840,1960.72,90
1690860900,1961.34,90
1690860960,1961.40,46
1690861020,1961.69,88
1690861080,1961.55,67
1690861140,1961.52,67
1690861200,1961.64,74
1690861260,1961.58,129
1690861320,1961.84,65
1690861380,1961.97,50
1690861440,1961.67,65
1690861500,1961.93,52
1690861560,1961.96,29
1690861620,1962.07,54
1690861680,1961.86,42
1690861740,1961.66,44
1690861800,1961.68,43
1690861860,1961.68,6
1690861920,1961.82,77
1690861980,1962.50,77
1690862040,1962.42,155
1690862100,1962.40,159
1690862160,1962.35,100
1690862220,1962.39,85
1690862280,1962.23,38
1690862340,1962.23,36
1690862400,1962.02,55
1690862460,1961.75,44
1690862520,1961.94,44
1690862580,1961.53,56
1690862640,1961.40,49
1690862700,1961.46,37
1690862760,1961.42,71
1690862820,1961.45,32
1690862880,1961.11,53
1690862940,1961.11,68
1690863000,1960.86,54
1690863060,1960.81,54
1690863120,1961.10,63
1690863180,1961.01,51
1690863240,1960.94,41
1690863300,1960.82,13
1690863360,1960.99,30
1690863420,1960.91,46
1690863480,1960.49,47
1690863540,1960.75,47
1690863600,1961.01,33
1690863660,1961.20,35
1690863720,1961.20,35
1690863780,1961.12,35
1690863840,1961.01,37
1690863900,1960.97,35
1690863960,1960.96,32
1690864020,1961.01,19
1690864080,1960.72,42
1690864140,1960.62,104
1690864200,1960.27,210
1690864260,1960.58,170
1690864320,1960.80,101
1690864380,1960.90,120
1690864440,1960.77,105
1690864500,1960.82,78
1690864560,1960.18,43
1690864620,1960.06,55
1690864680,1959.99,65
1690864740,1959.93,44
1690864800,1959.58,51
1690864860,1959.54,81
1690864920,1959.83,46
1690864980,1959.68,79
1690865040,1959.38,69
1690865100,1959.78,105
1690865160,1959.82,86
1690865220,1959.71,71
1690865280,1959.56,101
1690865340,1959.51,69
1690865400,1959.61,92
1690865460,1959.61,70
1690865520,1959.94,96
1690865580,1959.93,45
1690865640,1960.11,39
1690865700,1959.70,63
1690865760,1959.82,62
1690865820,1959.72,29
1690865880,1959.53,48
1690865940,1959.67,67
1690866000,1959.47,74
1690866060,1958.63,110
1690866120,1958.65,160
1690866180,1959.70,90
1690866240,1960.00,46
1690866300,1960.14,71
1690866360,1959.98,54
1690866420,1959.83,66
1690866480,1959.75,45
1690866540,1959.93,109
1690866600,1959.71,93
1690866660,1959.75,71
1690866720,1959.96,81
1690866780,1959.60,71
1690866840,1959.46,96
1690866900,1959.08,78
1690866960,1959.03,57
1690867020,1958.63,84
1690867080,1958.54,108
1690867140,1958.51,103
1690867200,1958.51,68
1690867260,1958.59,84
1690867320,1958.65,55
1690867380,1958.77,61
1690867440,1959.00,56
1690867500,1959.17,39
1690867560,1959.27,42
1690867620,1959.39,36
1690867680,1959.34,35
1690867740,1959.28,46
1690867800,1959.63,98
1690867860,1959.92,71
1690867920,1960.00,60
1690867980,1960.21,63
1690868040,1960.07,51
1690868100,1959.98,78
1690868160,1959.93,49
1690868220,1959.81,45
1690868280,1959.73,29
1690868340,1959.59,83
1690868400,1959.40,44
1690868460,1959.21,25
1690868520,1959.18,37
1690868580,1959.18,51
1690868640,1959.26,93
1690868700,1959.16,82
1690868760,1959.21,98
1690868820,1959.11,96
1690868880,1959.25,54
1690868940,1959.00,68
1690869000,1958.61,63
1690869060,1958.52,87
1690869120,1958.87,107
1690869180,1958.96,102
1690869240,1958.55,92
1690869300,1958.58,90
1690869360,1958.58,88
1690869420,1958.71,69
1690869480,1958.87,108
1690869540,1958.94,87
1690869600,1958.80,147
1690869660,1958.80,97
1690869720,1958.85,80
1690869780,1958.57,107
1690869840,1958.48,47
1690869900,1958.38,82
1690869960,1958.44,63
1690870020,1958.17,110
1690870080,1957.89,119
1690870140,1957.96,106
1690870200,1957.37,120
1690870260,1957.22,147
1690870320,1957.45,101
1690870380,1957.42,216
1690870440,1956.59,208
1690870500,1956.87,121
1690870560,1956.44,113
1690870620,1956.07,144
1690870680,1956.33,126
1690870740,1955.98,101
1690870800,1956.00,148
1690870860,1956.90,113
1690870920,1956.76,152
1690870980,1956.86,117
1690871040,1957.41,125
1690871100,1957.58,62
1690871160,1957.50,76
1690871220,1957.62,113
1690871280,1957.63,92
1690871340,1957.52,96
1690871400,1957.48,118
1690871460,1957.90,101
1690871520,1957.83,124
1690871580,1957.60,79
1690871640,1957.58,104
1690871700,1957.53,100
1690871760,1957.73,96
1690871820,1958.18,81
1690871880,1958.12,56
1690871940,1958.14,83
1690872000,1957.97,84
1690872060,1957.93,36
1690872120,1958.18,84
1690872180,1957.95,90
1690872240,1957.47,108
1690872300,1957.58,104
1690872360,1957.72,94
1690872420,1957.72,120
1690872480,1957.86,91
1690872540,1957.83,111
1690872600,1957.51,101
1690872660,1957.74,61
1690872720,1957.69,77
1690872780,1957.49,70
1690872840,1957.33,89
1690872900,1957.46,82
1690872960,1958.04,87
1690873020,1957.91,70
1690873080,1957.99,72
1690873140,1957.71,112
1690873200,1957.40,173
1690873260,1957.63,132
1690873320,1957.41,108
1690873380,1956.84,131
1690873440,1957.20,112
1690873500,1957.02,136
1690873560,1956.87,107
1690873620,1956.42,170
1690873680,1956.41,145
1690873740,1955.78,139
1690873800,1955.53,156
1690873860,1957.02,163
1690873920,1956.71,200
1690873980,1956.72,198
1690874040,1956.10,140
1690874100,1956.42,153
1690874160,1956.34,167
1690874220,1956.05,121
1690874280,1955.75,136
1690874340,1955.52,122
1690874400,1955.52,135
1690874460,1955.29,129
1690874520,1955.18,126
1690874580,1955.93,114
1690874640,1956.96,149
1690874700,1957.02,126
1690874760,1956.52,150
1690874820,1956.67,130
1690874880,1956.70,115
1690874940,1956.28,91
1690875000,1956.59,154
1690875060,1956.29,126
1690875120,1956.60,132
1690875180,1956.35,153
1690875240,1956.21,113
1690875300,1956.12,128
1690875360,1956.16,111
1690875420,1955.85,122
1690875480,1955.52,170
1690875540,1955.50,94
1690875600,1955.30,110
1690875660,1955.10,122
1690875720,1955.04,107
1690875780,1955.49,101
1690875840,1955.49,144
1690875900,1955.59,131
1690875960,1956.03,133
1690876020,1956.05,102
1690876080,1955.31,91
1690876140,1954.88,109
1690876200,1955.00,137
1690876260,1955.70,126
1690876320,1955.88,103
1690876380,1955.99,130
1690876440,1954.86,129
1690876500,1955.38,174
1690876560,1955.26,168
1690876620,1955.49,158
1690876680,1955.58,120
1690876740,1955.53,113
1690876800,1955.54,145
1690876860,1955.56,138
1690876920,1955.23,139
1690876980,1955.08,134
1690877040,1955.17,144
1690877100,1954.87,88
1690877160,1955.05,134
1690877220,1955.24,91
1690877280,1955.47,83
1690877340,1955.22,86
1690877400,1955.43,114
1690877460,1955.06,109
1690877520,1955.25,71
1690877580,1955.76,86
1690877640,1955.93,80
1690877700,1955.92,139
1690877760,1956.31,123
1690877820,1956.36,64
1690877880,1956.41,132
1690877940,1955.92,107
1690878000,1956.11,107
1690878060,1956.14,80
1690878120,1956.38,138
1690878180,1956.52,93
1690878240,1956.51,149
1690878300,1956.19,128
1690878360,1956.73,112
1690878420,1956.86,69
1690878480,1956.33,93
1690878540,1955.85,144
1690878600,1955.23,104
1690878660,1955.08,118
1690878720,1955.30,113
1690878780,1955.78,123
1690878840,1955.51,123
1690878900,1955.94,122
1690878960,1956.09,108
1690879020,1956.18,123
1690879080,1956.19,105
1690879140,1956.36,103
1690879200,1956.00,108
1690879260,1956.07,84
1690879320,1956.28,83
1690879380,1956.26,79
1690879440,1956.40,111
1690879500,1956.69,112
1690879560,1956.60,61
1690879620,1956.34,98
1690879680,1956.08,134
1690879740,1956.04,110
1690879800,1956.08,101
1690879860,1957.03,164
1690879920,1956.92,131
1690879980,1956.79,99
1690880040,1957.04,94
1690880100,1956.38,88
1690880160,1956.18,117
1690880220,1956.00,86
1690880280,1955.76,122
1690880340,1955.84,80
1690880400,1955.98,107
1690880460,1956.26,91
1690880520,1956.20,119
1690880580,1956.54,91
1690880640,1956.20,111
1690880700,1956.20,110
1690880760,1956.15,121
1690880820,1956.36,98
1690880880,1956.22,75
1690880940,1956.60,63
1690881000,1956.33,102
1690881060,1956.56,75
1690881120,1956.47,80
1690881180,1956.70,82
1690881240,1956.71,105
1690881300,1956.53,77
1690881360,1956.58,62
1690881420,1956.81,71
1690881480,1956.70,80
1690881540,1956.66,52
1690881600,1956.56,80
1690881660,1956.71,134
1690881720,1956.62,84
1690881780,1956.89,67
1690881840,1956.58,72
1690881900,1956.96,56
1690881960,1956.92,79
1690882020,1956.71,66
1690882080,1956.82,48
1690882140,1956.72,46
1690882200,1956.33,90
1690882260,1956.82,102
1690882320,1957.40,85
1690882380,1957.46,86
1690882440,1957.62,88
1690882500,1957.31,124
1690882560,1957.05,86
1690882620,1957.02,84
1690882680,1957.09,100
1690882740,1957.47,90
1690882800,1957.35,77
1690882860,1957.44,75
1690882920,1957.13,67
1690882980,1957.28,69
1690883040,1957.32,50
1690883100,1957.41,82
1690883160,1957.30,64
1690883220,1957.30,85
1690883280,1957.27,44
1690883340,1957.05,73
1690883400,1956.76,48
1690883460,1956.95,64
1690883520,1957.03,60
1690883580,1957.10,58
1690883640,1956.82,90
1690883700,1956.92,79
1690883760,1956.89,52
1690883820,1957.01,76
1690883880,1957.04,42
1690883940,1956.90,68
1690884000,1956.83,83
1690884060,1956.98,78
1690884120,1956.83,65
1690884180,1957.10,52
1690884240,1957.44,76
1690884300,1957.31,88
1690884360,1957.36,52
1690884420,1956.54,88
1690884480,1956.83,127
1690884540,1956.63,141
1690884600,1956.56,150
1690884660,1957.06,75
1690884720,1956.75,38
1690884780,1956.92,63
1690884840,1956.82,84
1690884900,1956.51,109
1690884960,1955.94,91
1690885020,1955.74,92
1690885080,1955.64,96
1690885140,1955.98,74
1690885200,1956.16,76
1690885260,1956.00,68
1690885320,1955.97,75
1690885380,1955.79,56
1690885440,1955.72,54
1690885500,1955.83,51
1690885560,1955.61,54
1690885620,1955.62,87
1690885680,1955.56,43
1690885740,1955.24,75
1690885800,1954.86,85
1690885860,1954.96,73
1690885920,1954.91,84
1690885980,1954.95,66
1690886040,1954.83,68
1690886100,1954.76,76
1690886160,1955.00,75
1690886220,1954.88,66
1690886280,1954.91,78
1690886340,1954.73,72
1690886400,1954.72,69
1690886460,1955.37,94
1690886520,1955.32,78
1690886580,1955.16,77
1690886640,1955.16,58
1690886700,1955.06,76
1690886760,1955.02,24
1690886820,1955.22,78
1690886880,1955.27,96
1690886940,1955.49,150
1690887000,1955.46,105
1690887060,1955.48,81
1690887120,1955.57,70
1690887180,1956.16,91
1690887240,1956.40,117
1690887300,1956.86,118
1690887360,1956.76,82
1690887420,1956.26,90
1690887480,1956.09,76
1690887540,1956.24,92
1690887600,1955.84,146
1690887660,1955.78,81
1690887720,1955.63,112
1690887780,1955.49,93
1690887840,1955.54,95
1690887900,1955.33,82
1690887960,1955.57,75
1690888020,1955.70,89
1690888080,1955.22,69
1690888140,1955.06,100
1690888200,1954.98,101
1690888260,1954.91,107
1690888320,1954.06,161
1690888380,1953.67,138
1690888440,1953.48,165
1690888500,1954.18,151
1690888560,1953.96,101
1690888620,1953.90,122
1690888680,1954.14,79
1690888740,1953.77,98
1690888800,1953.52,99
1690888860,1953.43,145
1690888920,1953.53,117
1690888980,1953.96,78
1690889040,1953.99,116
1690889100,1953.86,138
1690889160,1954.27,99
1690889220,1954.34,144
1690889280,1955.21,146
1690889340,1955.94,109
1690889400,1954.78,135
1690889460,1955.04,88
1690889520,1954.90,111
1690889580,1954.84,71
1690889640,1955.12,80
1690889700,1955.00,118
1690889760,1954.52,112
1690889820,1954.56,112
1690889880,1953.88,91
1690889940,1953.69,65
1690890000,1953.95,94
1690890060,1954.21,69
1690890120,1953.93,98
1690890180,1953.75,88
1690890240,1953.76,63
1690890300,1953.69,85
1690890360,1953.61,79
1690890420,1954.00,98
1690890480,1954.06,100
1690890540,1954.14,96
1690890600,1954.33,117
1690890660,1954.44,115
1690890720,1954.06,112
1690890780,1953.73,81
1690890840,1953.56,83
1690890900,1953.30,99
1690890960,1953.25,112
1690891020,1953.51,86
1690891080,1953.74,113
1690891140,1953.62,114
1690891200,1953.78,161
1690891260,1953.03,205
1690891320,1952.34,169
1690891380,1954.10,240
1690891440,1955.43,196
1690891500,1955.83,193
1690891560,1955.12,215
1690891620,1954.98,180
1690891680,1954.73,181
1690891740,1954.34,140
1690891800,1954.37,133
1690891860,1953.72,163
1690891920,1953.54,150
1690891980,1953.66,90
1690892040,1953.16,134
1690892100,1952.73,100
1690892160,1953.15,141
1690892220,1953.03,112
1690892280,1952.60,150
1690892340,1954.00,196
1690892400,1952.54,267
1690892460,1951.04,259
1690892520,1950.74,238
1690892580,1951.91,250
1690892640,1951.57,215
1690892700,1952.50,224
1690892760,1952.20,216
1690892820,1952.45,200
1690892880,1951.62,157
1690892940,1951.28,161
1690893000,1950.41,201
1690893060,1950.29,237
1690893120,1950.26,250
1690893180,1949.83,204
1690893240,1950.77,209
1690893300,1950.89,229
1690893360,1950.13,233
1690893420,1950.00,167
1690893480,1951.27,237
1690893540,1951.58,177
1690893600,1950.74,210
1690893660,1950.38,239
1690893720,1949.84,191
1690893780,1948.80,230
1690893840,1948.74,263
1690893900,1948.10,236
1690893960,1947.78,263
1690894020,1947.96,241
1690894080,1947.49,203
1690894140,1946.76,269
1690894200,1946.68,276
1690894260,1946.61,268
1690894320,1947.19,213
1690894380,1947.29,111
1690894440,1946.66,256
1690894500,1947.32,258
1690894560,1946.76,225
1690894620,1946.34,208
1690894680,1946.38,212
1690894740,1946.85,205
1690894800,1947.65,382
1690894860,1946.73,271
1690894920,1947.00,293
1690894980,1946.52,213
1690895040,1946.66,211
1690895100,1946.36,221
1690895160,1945.90,221
1690895220,1945.85,203
1690895280,1945.94,191
1690895340,1946.38,194
1690895400,1945.80,248
1690895460,1946.10,228
1690895520,1947.03,194
1690895580,1947.46,146
1690895640,1947.24,155
1690895700,1948.20,211
1690895760,1947.98,168
1690895820,1947.42,196
1690895880,1947.22,151
1690895940,1946.23,217
1690896000,1945.19,244
1690896060,1945.42,238
1690896120,1945.72,211
1690896180,1946.02,233
1690896240,1946.49,173
1690896300,1946.74,187
1690896360,1948.08,202
1690896420,1947.46,182
1690896480,1948.03,156
1690896540,1948.40,179
1690896600,1948.18,350
1690896660,1948.06,252
1690896720,1947.74,257
1690896780,1946.80,220
1690896840,1945.70,250
1690896900,1945.34,243
1690896960,1945.54,276
1690897020,1945.44,275
1690897080,1946.30,255
1690897140,1946.32,246
1690897200,1945.22,248
1690897260,1945.21,227
1690897320,1945.13,192
1690897380,1944.66,214
1690897440,1945.55,199
1690897500,1946.02,285
1690897560,1946.35,241
1690897620,1947.21,225
1690897680,1947.49,237
1690897740,1948.11,214
1690897800,1948.21,185
1690897860,1947.79,202
1690897920,1947.72,204
1690897980,1948.25,214
1690898040,1948.52,206
1690898100,1947.82,240
1690898160,1947.46,230
1690898220,1947.70,268
1690898280,1947.72,227
1690898340,1947.71,252
1690898400,1951.87,410
1690898460,1950.96,370
1690898520,1950.50,353
1690898580,1950.54,378
1690898640,1949.41,341
1690898700,1948.89,382
1690898760,1948.89,335
1690898820,1947.67,350
1690898880,1945.98,343
1690898940,1947.09,309
1690899000,1947.97,336
1690899060,1946.89,300
1690899120,1946.37,292
1690899180,1947.39,265
1690899240,1947.46,232
1690899300,1947.27,227
1690899360,1946.82,282
1690899420,1946.18,248
1690899480,1946.08,268
1690899540,1946.08,239
1690899600,1946.35,264
1690899660,1946.99,200
1690899720,1947.47,214
1690899780,1947.12,219
1690899840,1946.57,206
1690899900,1945.98,217
1690899960,1945.65,205
1690900020,1945.36,252
1690900080,1945.34,261
1690900140,1945.07,238
1690900200,1944.62,261
1690900260,1944.20,258
1690900320,1944.14,243
1690900380,1943.86,218
1690900440,1943.66,229
1690900500,1944.57,228
1690900560,1945.56,260
1690900620,1946.20,220
1690900680,1946.56,254
1690900740,1946.60,244
1690900800,1946.74,230
1690900860,1946.91,204
1690900920,1946.48,197
1690900980,1946.41,186
1690901040,1946.66,206
1690901100,1946.48,182
1690901160,1945.46,229
1690901220,1945.28,148
1690901280,1945.43,184
1690901340,1945.38,156
1690901400,1945.11,183
1690901460,1945.31,184
1690901520,1945.52,237
1690901580,1946.08,164
1690901640,1945.84,202
1690901700,1945.73,182
1690901760,1945.74,222
1690901820,1946.44,203
1690901880,1946.72,229
1690901940,1946.70,196
1690902000,1945.92,254
1690902060,1945.44,232
1690902120,1944.92,204
1690902180,1945.10,260
1690902240,1944.03,183
1690902300,1944.46,200
1690902360,1943.58,228
1690902420,1943.81,169
1690902480,1943.52,146
1690902540,1943.45,177
1690902600,1943.33,168
1690902660,1943.19,131
1690902720,1943.26,167
1690902780,1943.13,207
1690902840,1943.11,198
1690902900,1942.19,198
1690902960,1941.86,232
1690903020,1942.84,192
1690903080,1943.22,205
1690903140,1943.56,211
1690903200,1943.43,185
1690903260,1942.68,162
1690903320,1943.07,136
1690903380,1943.51,171
1690903440,1943.88,133
1690903500,1944.53,108
1690903560,1944.20,179
1690903620,1943.89,182
1690903680,1943.82,169
1690903740,1943.30,169
1690903800,1943.02,145
1690903860,1943.59,150
1690903920,1944.28,183
1690903980,1944.78,162
1690904040,1944.83,204
1690904100,1945.08,119
1690904160,1944.61,131
1690904220,1944.47,142
1690904280,1943.82,144
1690904340,1943.96,148
1690904400,1944.02,129
1690904460,1943.46,121
1690904520,1943.63,141
1690904580,1943.84,142
1690904640,1943.60,128
1690904700,1944.00,76
1690904760,1943.98,127
1690904820,1943.27,89
1690904880,1943.60,116
1690904940,1943.64,92
1690905000,1943.83,89
1690905060,1944.07,117
1690905120,1943.85,111
1690905180,1943.70,84
1690905240,1943.85,88
1690905300,1943.95,144
1690905360,1943.93,104
1690905420,1944.15,82
1690905480,1944.54,56
1690905540,1944.35,104
1690905600,1944.08,95
1690905660,1944.17,103
1690905720,1943.82,121
1690905780,1943.79,137
1690905840,1943.97,105
1690905900,1943.59,158
1690905960,1943.52,110
1690906020,1943.29,138
1690906080,1943.09,133
1690906140,1942.74,114
1690906200,1942.80,127
1690906260,1942.36,121
1690906320,1942.70,144
1690906380,1942.30,128
1690906440,1942.20,121
1690906500,1942.32,120
1690906560,1942.19,141
1690906620,1942.46,146
1690906680,1942.64,100
1690906740,1942.91,134
1690906800,1942.78,134
1690906860,1942.92,119
1690906920,1943.13,72
1690906980,1942.84,63
1690907040,1942.95,102
1690907100,1942.70,89
1690907160,1943.23,133
1690907220,1943.45,112
1690907280,1943.10,71
1690907340,1942.99,99
1690907400,1943.02,114
1690907460,1943.24,87
1690907520,1942.85,89
1690907580,1942.81,130
1690907640,1942.62,80
1690907700,1942.65,103
1690907760,1942.44,93
1690907820,1942.38,88
1690907880,1942.60,91
1690907940,1942.56,64
1690908000,1942.44,93
1690908060,1942.39,109
1690908120,1942.14,96
1690908180,1942.18,124
1690908240,1942.33,66
1690908300,1942.43,110
1690908360,1942.40,94
1690908420,1942.36,68
1690908480,1942.27,67
1690908540,1942.62,63
1690908600,1942.72,80
1690908660,1943.21,102
1690908720,1943.37,95
1690908780,1943.16,108
1690908840,1943.42,88
1690908900,1943.18,68
1690908960,1943.13,91
1690909020,1943.02,90
1690909080,1942.70,111
1690909140,1943.16,94
1690909200,1943.21,122
1690909260,1943.26,84
1690909320,1943.40,78
1690909380,1943.26,66
1690909440,1943.40,64
1690909500,1943.40,87
1690909560,1943.10,108
1690909620,1942.82,104
1690909680,1942.81,83
1690909740,1942.72,90
1690909800,1942.76,102
1690909860,1942.48,106
1690909920,1942.47,90
1690909980,1942.09,123
1690910040,1942.08,83
1690910100,1942.01,79
1690910160,1941.90,41
1690910220,1942.16,58
1690910280,1941.69,71
1690910340,1941.92,78
1690910400,1941.91,75
1690910460,1941.90,88
1690910520,1941.89,98
1690910580,1941.90,111
1690910640,1942.20,141
1690910700,1942.32,133
1690910760,1942.30,90
1690910820,1941.98,64
1690910880,1941.88,111
1690910940,1941.86,181
1690911000,1942.10,159
1690911060,1941.93,106
1690911120,1942.00,87
1690911180,1941.92,75
1690911240,1941.84,86
1690911300,1941.68,97
1690911360,1941.70,73
1690911420,1941.40,84
1690911480,1941.40,103
1690911540,1941.40,84
1690911600,1941.48,108
1690911660,1941.75,88
1690911720,1941.87,97
1690911780,1941.88,101
1690911840,1941.90,71
1690911900,1941.96,63
1690911960,1942.31,130
1690912020,1942.55,74
1690912080,1942.64,94
1690912140,1942.75,87
1690912200,1942.62,79
1690912260,1942.83,95
1690912320,1942.94,52
1690912380,1942.94,97
1690912440,1943.06,66
1690912500,1942.41,79
1690912560,1942.64,75
1690912620,1942.85,79
1690912680,1942.76,58
1690912740,1942.86,61
1690912800,1943.03,77
1690912860,1943.13,95
1690912920,1943.27,74
1690912980,1943.20,83
1690913040,1943.51,81
1690913100,1943.36,90
1690913160,1943.42,43
1690913220,1943.26,72
1690913280,1943.43,47
1690913340,1943.71,49
1690913400,1943.55,80
1690913460,1943.44,65
1690913520,1943.68,89
1690913580,1943.66,72
1690913640,1943.86,54
1690913700,1944.51,85
1690913760,1944.55,80
1690913820,1944.58,94
1690913880,1944.81,66
1690913940,1944.99,80
1690914000,1944.97,63
1690914060,1944.99,36
1690914120,1945.21,65
1690914180,1945.13,44
1690914240,1945.14,46
1690914300,1945.39,97
1690914360,1945.48,65
1690914420,1945.40,100
1690914480,1944.93,93
1690914540,1945.02,61
1690914600,1944.74,59
1690914660,1945.07,62
1690914720,1945.01,62
1690914780,1944.92,56
1690914840,1944.72,74
1690914900,1944.72,63
1690914960,1944.90,61
1690915020,1944.80,71
1690915080,1944.60,49
1690915140,1944.15,65
1690915200,1944.41,82
1690915260,1944.83,47
1690915320,1944.99,66
1690915380,1944.95,58
1690915440,1944.55,49
1690915500,1944.53,90
1690915560,1944.83,70
1690915620,1944.91,62
1690915680,1944.64,75
1690915740,1944.56,51
1690915800,1944.49,56
1690915860,1944.55,89
1690915920,1944.53,108
1690915980,1944.50,76
1690916040,1944.42,74
1690916100,1944.37,52
1690916160,1944.45,78
1690916220,1944.48,108
1690916280,1944.68,71
1690916340,1944.35,116
1690916400,1944.07,83
1690916460,1944.47,82
1690916520,1944.46,49
1690916580,1944.68,72
1690916640,1944.76,62
1690916700,1944.88,66
1690916760,1944.94,70
1690916820,1945.07,36
1690916880,1945.17,69
1690916940,1945.14,34
1690917000,1945.05,48
1690917060,1944.89,42
1690917120,1945.00,56
1690917180,1944.78,59
1690917240,1945.02,51
1690917300,1945.08,95
1690917360,1945.26,64
1690917420,1945.32,24
1690917480,1945.34,30
1690917540,1945.38,58
1690917600,1945.17,36
1690917660,1945.48,33
1690917720,1945.50,17
1690917780,1945.18,23
1690917840,1945.08,71
1690917900,1944.77,55
1690917960,1944.90,58
1690918020,1944.91,64
1690918080,1944.55,78
1690918140,1944.40,60
1690918200,1944.46,41
1690918260,1944.48,42
1690918320,1944.50,67
1690918380,1944.74,63
1690918440,1944.92,55
1690918500,1945.24,72
1690918560,1944.99,108
1690918620,1944.96,77
1690918680,1945.09,72
1690918740,1945.15,46
1690918800,1945.02,50
1690918860,1945.13,34
1690918920,1945.18,68
1690918980,1944.92,72
1690919040,1944.90,68
1690919100,1944.96,60
1690919160,1944.89,68
1690919220,1945.02,56
1690919280,1944.97,53
1690919340,1944.82,82
1690919400,1944.82,48
1690919460,1944.73,52
1690919520,1944.73,58
1690919580,1944.74,78
1690919640,1944.54,87
1690919700,1944.58,67
1690919760,1944.56,70
1690919820,1944.59,76
1690919880,1944.59,76
1690919940,1944.41,143
1690920000,1944.92,117
1690920060,1944.70,57
1690920120,1944.79,79
1690920180,1944.39,53
1690920240,1944.38,86
1690920300,1944.44,23
1690920360,1944.48,32
1690920420,1944.48,30
1690920480,1944.53,34
1690920540,1944.53,22
1690920600,1944.40,34
1690920660,1944.40,38
1690920720,1944.46,34
1690920780,1944.50,13
1690920840,1944.42,20
1690920900,1944.43,8
1690920960,1944.39,42
1690921020,1944.30,10
1690921080,1944.38,20
1690921140,1944.50,23
1690921200,1944.58,6
1690921260,1944.50,37
1690921320,1944.40,20
1690921380,1944.42,6
1690921440,1944.42,26
1690921500,1944.51,14
1690921560,1944.62,38
1690921620,1944.52,14
1690921680,1944.51,18
1690921740,1944.52,43
1690921800,1944.54,34
1690921860,1944.52,28
1690921920,1944.52,8
1690921980,1944.54,16
1690922040,1944.32,8
1690922100,1944.41,10
1690922160,1944.49,42
1690922220,1944.54,28
1690922280,1944.54,23
1690922340,1944.54,20
1690922400,1944.30,35
1690922460,1944.32,25
1690922520,1944.30,24
1690922580,1944.18,47
1690922640,1944.22,14
1690922700,1944.18,47
1690922760,1944.23,17
1690922820,1944.20,30
1690922880,1944.23,14
1690922940,1944.28,13
1690923000,1944.24,18
1690923060,1944.29,7
1690923120,1944.27,48
1690923180,1944.28,18
1690923240,1944.28,34
1690923300,1944.28,58
1690923360,1944.25,22
1690927320,1950.75,168
1690927380,1951.42,206
1690927440,1950.12,198
1690927500,1949.19,211
1690927560,1948.83,134
1690927620,1950.29,118
1690927680,1950.46,92
1690927740,1950.79,148
1690927800,1950.21,100
1690927860,1950.65,113
1690927920,1950.44,67
1690927980,1950.22,85
1690928040,1949.99,92
1690928100,1949.87,140
1690928160,1950.04,128
1690928220,1950.05,83
1690928280,1950.41,109
1690928340,1950.97,142
1690928400,1950.47,140
1690928460,1951.74,147
1690928520,1950.83,106
1690928580,1950.30,64
1690928640,1950.28,74
1690928700,1949.80,98
1690928760,1949.97,79
1690928820,1949.30,67
1690928880,1949.71,60
1690928940,1949.79,50
1690929000,1949.80,50
1690929060,1949.80,19
1690929120,1949.77,43
1690929180,1949.51,42
1690929240,1949.53,60
1690929300,1949.75,108
1690929360,1949.68,51
1690929420,1949.65,37
1690929480,1949.74,36
1690929540,1949.59,41
1690929600,1949.17,59
1690929660,1949.20,61
1690929720,1949.50,54
1690929780,1949.62,49
1690929840,1949.50,28
1690929900,1949.23,55
1690929960,1949.33,49
1690930020,1949.89,55
1690930080,1949.91,42
1690930140,1949.77,38
1690930200,1949.64,33
1690930260,1949.87,41
1690930320,1950.17,28
1690930380,1950.39,47
1690930440,1951.17,88
1690930500,1950.39,85
1690930560,1950.94,82
1690930620,1950.61,84
1690930680,1950.73,31
1690930740,1951.20,78
1690930800,1951.34,121
1690930860,1952.22,126
1690930920,1952.24,116
1690930980,1952.63,122
1690931040,1952.61,77
1690931100,1952.10,75
1690931160,1951.94,70
1690931220,1951.39,60
1690931280,1950.94,57
1690931340,1950.74,70
1690931400,1950.96,59
1690931460,1950.90,47
1690931520,1950.74,23
1690931580,1950.68,31
1690931640,1951.10,24
1690931700,1951.08,68
1690931760,1950.83,35
1690931820,1951.03,27
1690931880,1951.11,40
1690931940,1950.84,42
1690932000,1950.94,17
1690932060,1950.66,14
1690932120,1951.85,84
1690932180,1951.86,46
1690932240,1952.00,50
1690932300,1952.24,72
1690932360,1952.38,59
1690932420,1952.46,49
1690932480,1952.64,50
1690932540,1952.78,74
1690932600,1952.26,49
1690932660,1952.60,57
1690932720,1952.41,61
1690932780,1952.49,46
1690932840,1952.28,30
1690932900,1951.78,85
1690932960,1951.64,56
1690933020,1951.90,38
1690933080,1951.89,18
1690933140,1952.55,44
1690933200,1952.55,24
1690933260,1952.35,40
1690933320,1952.38,26
1690933380,1952.48,42
1690933440,1952.29,52
1690933500,1952.58,78
1690933560,1952.25,55
1690933620,1952.32,50
1690933680,1952.02,51
1690933740,1952.54,53
1690933800,1952.44,39
1690933860,1952.33,39
1690933920,1952.44,51
1690933980,1952.76,44
1690934040,1952.57,41
1690934100,1952.64,29
1690934160,1952.50,52
1690934220,1952.41,45
1690934280,1952.12,77
1690934340,1952.18,39
1690934400,1950.79,161
1690934460,1951.64,132
1690934520,1951.28,154
1690934580,1950.80,144
1690934640,1951.32,146
1690934700,1950.48,116
1690934760,1950.04,122
1690934820,1949.80,98
1690934880,1949.50,110
1690934940,1949.78,102
1690935000,1949.58,88
1690935060,1949.68,83
1690935120,1950.31,123
1690935180,1949.98,102
1690935240,1950.31,106
1690935300,1949.86,86
1690935360,1950.28,46
1690935420,1950.31,61
1690935480,1949.98,38
1690935540,1949.68,85
1690935600,1949.44,98
1690935660,1949.37,68
1690935720,1949.85,78
1690935780,1949.78,57
1690935840,1949.37,57
1690935900,1949.64,65
1690935960,1949.41,49
1690936020,1949.45,75
1690936080,1948.60,125
1690936140,1948.95,156
1690936200,1949.05,80
1690936260,1948.70,74
1690936320,1948.92,54
1690936380,1948.87,46
1690936440,1948.76,47
1690936500,1948.71,37
1690936560,1948.52,40
1690936620,1948.71,39
1690936680,1948.75,39
1690936740,1948.78,79
1690936800,1948.61,49
1690936860,1948.90,48
1690936920,1948.78,68
1690936980,1948.76,63
1690937040,1948.54,31
1690937100,1948.49,78
1690937160,1948.67,62
1690937220,1948.85,49
1690937280,1949.18,58
1690937340,1949.87,103
1690937400,1949.19,99
1690937460,1948.75,81
1690937520,1948.60,86
1690937580,1949.04,88
1690937640,1949.26,94
1690937700,1949.60,97
1690937760,1949.47,58
1690937820,1949.40,43
1690937880,1949.20,68
1690937940,1949.28,90
1690938000,1948.71,211
1690938060,1948.48,136
1690938120,1948.96,100
1690938180,1948.77,105
1690938240,1948.64,102
1690938300,1948.89,93
1690938360,1948.82,72
1690938420,1949.22,100
1690938480,1949.28,66
1690938540,1949.26,117
1690938600,1949.33,136
1690938660,1948.82,56
1690938720,1948.94,84
1690938780,1949.24,84
1690938840,1948.34,91
1690938900,1948.34,103
1690938960,1948.09,110
1690939020,1948.14,83
1690939080,1948.61,86
1690939140,1948.62,114
1690939200,1948.83,89
1690939260,1948.71,63
1690939320,1949.07,74
1690939380,1948.82,71
1690939440,1949.04,69
1690939500,1948.66,97
1690939560,1948.82,70
1690939620,1949.14,88
1690939680,1949.48,96
1690939740,1949.08,147
1690939800,1949.44,167
1690939860,1949.22,182
1690939920,1948.91,121
1690939980,1948.58,69
1690940040,1949.14,112
1690940100,1949.03,128
1690940160,1949.34,126
1690940220,1949.47,138
1690940280,1949.27,124
1690940340,1949.81,126
1690940400,1949.50,83
1690940460,1949.42,111
1690940520,1949.20,93
1690940580,1949.10,101
1690940640,1949.10,88
1690940700,1949.14,81
1690940760,1948.88,97
1690940820,1949.07,62
1690940880,1948.68,103
1690940940,1948.65,80
1690941000,1948.66,94
1690941060,1948.69,68
1690941120,1948.62,70
1690941180,1948.96,95
1690941240,1948.65,103
1690941300,1948.34,104
1690941360,1948.40,70
1690941420,1948.30,106
1690941480,1948.23,87
1690941540,1947.74,108
1690941600,1947.39,159
1690941660,1947.33,152
1690941720,1947.42,125
1690941780,1947.71,103
1690941840,1947.84,148
1690941900,1948.22,149
1690941960,1948.32,112
1690942020,1948.30,66
1690942080,1948.19,134
1690942140,1948.50,144
1690942200,1948.32,110
1690942260,1949.80,179
1690942320,1948.72,120
1690942380,1948.77,98
1690942440,1949.19,79
1690942500,1948.89,94
1690942560,1948.64,81
1690942620,1948.40,64
1690942680,1948.64,55
1690942740,1948.50,47
1690942800,1948.70,45
1690942860,1948.73,94
1690942920,1949.01,78
1690942980,1948.78,57
1690943040,1948.90,71
1690943100,1948.75,70
1690943160,1948.04,72
1690943220,1948.13,152
1690943280,1947.68,138
1690943340,1948.28,78
1690943400,1948.34,109
1690943460,1948.46,119
1690943520,1948.14,125
1690943580,1947.97,128
1690943640,1948.20,93
1690943700,1948.02,68
1690943760,1948.22,67
1690943820,1948.30,95
1690943880,1948.16,72
1690943940,1948.01,61
1690944000,1948.28,50
1690944060,1948.37,84
1690944120,1948.24,62
1690944180,1948.12,87
1690944240,1947.81,52
1690944300,1948.20,111
1690944360,1948.30,99
1690944420,1948.24,83
1690944480,1948.53,96
1690944540,1948.58,104
1690944600,1948.28,140
1690944660,1948.13,164
1690944720,1948.24,192
1690944780,1948.21,109
1690944840,1948.02,103
1690944900,1947.98,80
1690944960,1948.44,85
1690945020,1948.42,83
1690945080,1948.38,84
1690945140,1948.24,65
1690945200,1947.96,87
1690945260,1947.46,61
1690945320,1947.26,46
1690945380,1947.50,58
1690945440,1947.35,95
1690945500,1947.51,89
1690945560,1947.27,87
1690945620,1947.16,76
1690945680,1947.07,56
1690945740,1946.96,43
1690945800,1946.97,71
1690945860,1947.44,95
1690945920,1947.23,84
1690945980,1947.01,62
1690946040,1946.82,69
1690946100,1946.96,70
1690946160,1947.08,70
1690946220,1947.18,74
1690946280,1947.01,99
1690946340,1947.18,79
1690946400,1947.45,95
1690946460,1947.18,66
1690946520,1947.40,95
1690946580,1947.53,61
1690946640,1947.67,72
1690946700,1947.87,57
1690946760,1947.87,59
1690946820,1947.88,72
1690946880,1948.26,86
1690946940,1948.12,73
1690947000,1947.75,51
1690947060,1948.44,108
1690947120,1948.61,144
1690947180,1948.40,87
1690947240,1948.26,66
1690947300,1948.71,56
1690947360,1948.70,67
1690947420,1948.72,47
1690947480,1948.80,35
1690947540,1948.91,68
1690947600,1948.76,53
1690947660,1948.87,63
1690947720,1948.94,48
1690947780,1948.80,53
1690947840,1948.97,62
1690947900,1949.04,40
1690947960,1949.06,54
1690948020,1948.99,40
1690948080,1949.11,45
1690948140,1949.02,58
1690948200,1949.06,45
1690948260,1949.00,39
1690948320,1949.08,46
1690948380,1949.25,53
1690948440,1949.37,74
1690948500,1949.18,62
1690948560,1949.06,37
1690948620,1949.09,30
1690948680,1949.17,21
1690948740,1949.34,60
1690948800,1949.14,37
1690948860,1948.94,52
1690948920,1949.05,56
1690948980,1948.97,33
1690949040,1948.95,50
1690949100,1948.64,60
1690949160,1948.52,26
1690949220,1948.32,32
1690949280,1948.36,28
1690949340,1948.44,43
1690949400,1948.23,47
1690949460,1947.94,39
1690949520,1948.11,60
1690949580,1948.22,34
1690949640,1947.76,32
1690949700,1947.88,62
1690949760,1947.61,36
1690949820,1947.51,26
1690949880,1947.61,22
1690949940,1947.55,22
1690950000,1947.30,32
1690950060,1947.67,38
1690950120,1947.56,56
1690950180,1947.49,20
1690950240,1947.62,64
1690950300,1947.42,58
1690950360,1947.14,61
1690950420,1947.14,32
1690950480,1947.31,40
1690950540,1947.40,26
1690950600,1947.42,18
1690950660,1947.58,60
1690950720,1947.66,42
1690950780,1947.54,52
1690950840,1947.34,55
1690950900,1947.53,58
1690950960,1947.54,55
1690951020,1947.58,36
1690951080,1947.42,26
1690951140,1947.41,17
1690951200,1947.38,19
1690951260,1947.26,13
1690951320,1947.26,17
1690951380,1947.38,27
1690951440,1947.20,44
1690951500,1947.08,62
1690951560,1946.92,58
1690951620,1946.62,38
1690951680,1946.64,61
1690951740,1946.55,75
1690951800,1946.33,99
1690951860,1945.92,148
1690951920,1946.32,92
1690951980,1946.05,91
1690952040,1945.49,139
1690952100,1945.58,152
1690952160,1945.98,98
1690952220,1946.08,68
1690952280,1946.16,79
1690952340,1946.40,87
1690952400,1946.42,120
1690952460,1947.36,158
1690952520,1947.68,168
1690952580,1947.84,152
1690952640,1947.97,132
1690952700,1947.61,95
1690952760,1947.68,81
1690952820,1948.07,116
1690952880,1948.16,95
1690952940,1948.29,135
1690953000,1948.32,94
1690953060,1948.22,72
1690953120,1948.38,68
1690953180,1948.34,48
1690953240,1948.67,95
1690953300,1948.56,61
1690953360,1949.60,167
1690953420,1949.31,164
1690953480,1948.94,141
1690953540,1949.09,95
1690953600,1948.82,96
1690953660,1948.64,69
1690953720,1948.48,64
1690953780,1948.44,78
1690953840,1948.51,54
1690953900,1948.39,47
1690953960,1948.76,42
1690954020,1948.79,53
1690954080,1948.84,74
1690954140,1948.47,41
1690954200,1948.30,127
1690954260,1948.08,129
1690954320,1947.88,120
1690954380,1948.59,113
1690954440,1949.00,111
1690954500,1949.14,79
1690954560,1948.96,118
1690954620,1949.12,105
1690954680,1949.26,57
1690954740,1949.50,77
1690954800,1949.24,106
1690954860,1949.38,86
1690954920,1949.42,75
1690954980,1949.09,100
1690955040,1949.07,88
1690955100,1948.88,72
1690955160,1949.19,77
1690955220,1949.19,74
1690955280,1949.49,64
1690955340,1949.83,128
1690955400,1949.54,69
1690955460,1949.94,99
1690955520,1949.80,93
1690955580,1949.80,80
1690955640,1949.66,66
1690955700,1949.10,77
1690955760,1949.33,83
1690955820,1949.01,97
1690955880,1948.86,93
1690955940,1949.03,121
1690956000,1949.61,119
1690956060,1950.08,139
1690956120,1949.15,129
1690956180,1949.40,110
1690956240,1949.77,87
1690956300,1949.68,97
1690956360,1949.44,76
1690956420,1949.65,104
1690956480,1950.13,109
1690956540,1950.10,152
1690956600,1950.23,115
1690956660,1950.23,122
1690956720,1949.78,108
1690956780,1948.80,132
1690956840,1948.44,91
1690956900,1948.11,100
1690956960,1948.36,49
1690957020,1948.83,91
1690957080,1948.73,103
1690957140,1948.36,79
1690957200,1948.22,69
1690957260,1948.35,74
1690957320,1948.90,83
1690957380,1948.66,95
1690957440,1949.07,74
1690957500,1949.68,110
1690957560,1949.14,70
1690957620,1949.06,102
1690957680,1949.09,100
1690957740,1948.86,93
1690957800,1949.13,81
1690957860,1948.72,85
1690957920,1949.14,99
1690957980,1949.09,69
1690958040,1949.70,69
1690958100,1949.95,82
1690958160,1949.66,98
1690958220,1949.84,97
1690958280,1949.93,128
1690958340,1948.86,151
1690958400,1949.02,152
1690958460,1949.98,154
1690958520,1949.65,116
1690958580,1949.36,84
1690958640,1949.51,97
1690958700,1949.30,103
1690958760,1949.44,120
1690958820,1948.94,92
1690958880,1949.39,79
1690958940,1949.84,91
1690959000,1949.74,91
1690959060,1949.57,105
1690959120,1950.30,105
1690959180,1949.95,98
1690959240,1949.89,78
1690959300,1949.70,89
1690959360,1949.36,77
1690959420,1949.12,95
1690959480,1949.14,96
1690959540,1949.16,147
1690959600,1948.68,198
1690959660,1949.03,146
1690959720,1948.91,137
1690959780,1948.73,126
1690959840,1948.74,90
1690959900,1948.48,136
1690959960,1948.78,116
1690960020,1948.32,103
1690960080,1948.02,117
1690960140,1948.08,127
1690960200,1948.32,94
1690960260,1948.54,112
1690960320,1949.16,80
1690960380,1949.09,120
1690960440,1949.65,93
1690960500,1949.81,75
1690960560,1949.99,164
1690960620,1949.88,127
1690960680,1949.62,131
1690960740,1948.88,111
1690960800,1948.82,150
1690960860,1948.84,133
1690960920,1948.70,109
1690960980,1948.37,117
1690961040,1948.59,123
1690961100,1948.60,144
1690961160,1948.52,116
1690961220,1948.71,95
1690961280,1948.69,63
1690961340,1948.63,117
1690961400,1949.04,141
1690961460,1949.44,121
1690961520,1949.34,89
1690961580,1949.26,100
1690961640,1949.48,126
1690961700,1949.34,112
1690961760,1949.34,132
1690961820,1948.96,77
1690961880,1948.63,107
1690961940,1948.38,104
1690962000,1949.11,113
1690962060,1949.09,89
1690962120,1949.04,115
1690962180,1948.62,93
1690962240,1948.56,97
1690962300,1948.82,133
1690962360,1948.64,149
1690962420,1948.42,136
1690962480,1948.16,95
1690962540,1947.89,117
1690962600,1947.86,91
1690962660,1947.95,102
1690962720,1948.82,111
1690962780,1948.76,126
1690962840,1948.81,131
1690962900,1948.76,119
1690962960,1948.19,104
1690963020,1948.36,128
1690963080,1948.42,89
1690963140,1948.40,107
1690963200,1948.45,135
1690963260,1948.67,124
1690963320,1949.88,213
1690963380,1949.85,175
1690963440,1949.26,162
1690963500,1949.27,104
1690963560,1949.06,90
1690963620,1948.73,97
1690963680,1948.76,106
1690963740,1948.70,100
1690963800,1948.90,104
1690963860,1948.78,92
1690963920,1948.92,91
1690963980,1949.16,92
1690964040,1949.81,133
1690964100,1950.24,124
1690964160,1949.52,117
1690964220,1950.03,98
1690964280,1950.24,109
1690964340,1950.13,148
1690964400,1949.92,113
1690964460,1949.96,135
1690964520,1950.57,132
1690964580,1950.36,133
1690964640,1950.77,125
1690964700,1951.22,170
1690964760,1951.13,152
1690964820,1950.90,99
1690964880,1950.54,84
1690964940,1950.63,105
1690965000,1950.56,143
1690965060,1950.51,124
1690965120,1950.47,123
1690965180,1950.74,94
1690965240,1951.46,121
1690965300,1951.51,169
1690965360,1951.08,150
1690965420,1951.73,157
1690965480,1951.30,141
1690965540,1951.56,88
1690965600,1951.21,98
1690965660,1951.44,100
1690965720,1951.46,119
1690965780,1951.45,100
1690965840,1951.26,76
1690965900,1951.34,75
1690965960,1951.14,109
1690966020,1950.49,113
1690966080,1950.76,98
1690966140,1950.73,99
1690966200,1950.94,165
1690966260,1950.56,139
1690966320,1950.71,116
1690966380,1950.39,107
1690966440,1950.75,135
1690966500,1950.67,144
1690966560,1950.47,128
1690966620,1950.44,115
1690966680,1950.34,112
1690966740,1949.90,139
1690966800,1950.80,142
1690966860,1951.10,83
1690966920,1951.31,105
1690966980,1950.94,74
1690967040,1950.92,61
1690967100,1950.33,83
1690967160,1950.38,110
1690967220,1950.26,83
1690967280,1950.46,89
1690967340,1950.21,102
1690967400,1950.74,110
1690967460,1950.88,100
1690967520,1950.78,97
1690967580,1950.68,122
1690967640,1950.44,95
1690967700,1950.21,100
1690967760,1948.87,139
1690967820,1949.39,199
1690967880,1949.48,138
1690967940,1949.58,126
1690968000,1949.30,69
1690968060,1949.25,122
1690968120,1949.38,82
1690968180,1949.72,117
1690968240,1949.75,69
1690968300,1949.36,117
1690968360,1949.12,95
1690968420,1949.14,71
1690968480,1949.55,56
1690968540,1949.64,74
1690968600,1949.52,89
1690968660,1949.60,86
1690968720,1949.69,62
1690968780,1949.92,82
1690968840,1950.17,85
1690968900,1949.93,94
1690968960,1949.61,65
1690969020,1949.52,56
1690969080,1949.52,63
1690969140,1949.24,96
1690969200,1949.26,115
1690969260,1948.85,104
1690969320,1948.64,93
1690969380,1948.94,94
1690969440,1949.10,114
1690969500,1949.18,99
1690969560,1949.27,103
1690969620,1949.09,96
1690969680,1949.21,86
1690969740,1949.46,70
1690969800,1949.42,58
1690969860,1949.62,57
1690969920,1949.51,94
1690969980,1949.66,58
1690970040,1949.84,48
1690970100,1949.61,66
1690970160,1949.79,74
1690970220,1949.93,95
1690970280,1949.83,88
1690970340,1949.69,135
1690970400,1949.59,95
1690970460,1949.70,102
1690970520,1949.60,70
1690970580,1949.18,95
1690970640,1949.53,90
1690970700,1949.59,81
1690970760,1949.53,90
1690970820,1949.51,64
1690970880,1949.45,67
1690970940,1949.43,66
1690971000,1949.54,69
1690971060,1949.25,48
1690971120,1948.80,77
1690971180,1948.92,82
1690971240,1949.11,93
1690971300,1948.90,78
1690971360,1948.87,72
1690971420,1948.76,76
1690971480,1948.50,101
1690971540,1948.74,109
1690971600,1948.89,108
1690971660,1948.94,78
1690971720,1948.92,43
1690971780,1948.98,113
1690971840,1949.83,129
1690971900,1949.84,81
1690971960,1950.20,64
1690972020,1950.50,96
1690972080,1950.41,99
1690972140,1950.53,108
1690972200,1950.68,132
1690972260,1950.90,78
1690972320,1950.90,82
1690972380,1951.21,85
1690972440,1951.12,122
1690972500,1951.01,88
1690972560,1950.99,113
1690972620,1950.87,49
1690972680,1950.98,80
1690972740,1950.71,66
1690972800,1950.69,64
1690972860,1950.97,79
1690972920,1951.58,97
1690972980,1951.56,73
1690973040,1951.71,103
1690973100,1951.88,70
1690973160,1951.76,88
1690973220,1952.35,79
1690973280,1952.31,139
1690973340,1952.45,84
1690973400,1952.57,100
1690973460,1952.90,118
1690973520,1952.80,83
1690973580,1952.80,95
1690973640,1953.00,122
1690973700,1952.52,94
1690973760,1952.46,103
1690973820,1952.80,96
1690973880,1952.84,88
1690973940,1952.73,104
1690974000,1952.73,91
1690974060,1953.86,137
1690974120,1954.64,141
1690974180,1954.39,206
1690974240,1953.75,172
1690974300,1953.47,138
1690974360,1952.87,104
1690974420,1952.30,142
1690974480,1951.43,161
1690974540,1951.71,138
1690974600,1950.91,132
1690974660,1951.00,108
1690974720,1951.76,111
1690974780,1951.70,116
1690974840,1952.06,110
1690974900,1952.35,136
1690974960,1952.56,96
1690975020,1951.92,111
1690975080,1951.94,95
1690975140,1952.12,101
1690975200,1952.63,127
1690975260,1953.01,95
1690975320,1953.10,94
1690975380,1952.89,106
1690975440,1952.91,129
1690975500,1952.80,100
1690975560,1952.95,100
1690975620,1953.24,90
1690975680,1952.91,89
1690975740,1952.78,94
1690975800,1953.22,120
1690975860,1952.80,123
1690975920,1953.09,103
1690975980,1952.91,122
1690976040,1952.75,137
1690976100,1952.56,131
1690976160,1952.56,120
1690976220,1952.54,82
1690976280,1952.10,110
1690976340,1952.20,119
1690976400,1951.88,133
1690976460,1951.24,130
1690976520,1951.05,110
1690976580,1951.22,97
1690976640,1951.42,114
1690976700,1951.18,91
1690976760,1951.45,96
1690976820,1951.24,85
1690976880,1950.70,99
1690976940,1950.79,107
1690977000,1950.72,93
1690977060,1950.54,114
1690977120,1950.68,92
1690977180,1950.76,82
1690977240,1950.92,90
1690977300,1951.08,87
1690977360,1951.27,115
1690977420,1951.14,103
1690977480,1951.11,111
1690977540,1950.74,107
1690977600,1951.21,102
1690977660,1951.16,173
1690977720,1951.60,130
1690977780,1951.34,148
1690977840,1951.44,114
1690977900,1951.18,104
1690977960,1950.78,107
1690978020,1951.00,122
1690978080,1951.01,112
1690978140,1950.76,99
1690978200,1950.34,132
1690978260,1950.26,131
1690978320,1950.43,108
1690978380,1950.68,125
1690978440,1950.48,133
1690978500,1946.31,342
1690978560,1947.32,343
1690978620,1948.73,345
1690978680,1949.65,297
1690978740,1948.94,350
1690978800,1946.35,395
1690978860,1946.87,364
1690978920,1946.11,330
1690978980,1946.82,313
1690979040,1947.17,281
1690979100,1945.93,297
1690979160,1945.32,266
1690979220,1946.49,250
1690979280,1947.84,229
1690979340,1948.40,248
1690979400,1948.66,257
1690979460,1948.72,206
1690979520,1948.21,340
1690979580,1947.50,308
1690979640,1947.04,277
1690979700,1946.36,306
1690979760,1946.47,276
1690979820,1947.27,297
1690979880,1946.64,222
1690979940,1945.93,238
1690980000,1945.73,279
1690980060,1945.22,255
1690980120,1944.52,243
1690980180,1944.58,238
1690980240,1945.63,281
1690980300,1946.10,241
1690980360,1946.62,229
1690980420,1947.20,198
1690980480,1947.39,187
1690980540,1948.43,214
1690980600,1948.40,212
1690980660,1948.32,197
1690980720,1948.44,245
1690980780,1947.57,236
1690980840,1946.68,192
1690980900,1946.83,179
1690980960,1946.41,225
1690981020,1945.48,226
1690981080,1945.21,160
1690981140,1945.70,222
1690981200,1944.12,269
1690981260,1944.47,284
1690981320,1944.13,264
1690981380,1944.38,232
1690981440,1944.98,232
1690981500,1944.72,241
1690981560,1944.52,212
1690981620,1944.47,216
1690981680,1944.01,193
1690981740,1943.89,213
1690981800,1945.08,200
1690981860,1945.10,188
1690981920,1945.16,183
1690981980,1945.05,189
1690982040,1944.74,190
1690982100,1945.81,204
1690982160,1945.79,167
1690982220,1945.46,218
1690982280,1945.26,194
1690982340,1945.91,184
1690982400,1945.70,177
1690982460,1945.12,118
1690982520,1944.68,145
1690982580,1944.54,151
1690982640,1945.08,165
1690982700,1945.33,196
1690982760,1945.24,168
1690982820,1945.32,169
1690982880,1945.30,130
1690982940,1945.44,156
1690983000,1944.76,277
1690983060,1944.94,215
1690983120,1945.88,257
1690983180,1945.09,231
1690983240,1945.84,225
1690983300,1946.94,279
1690983360,1946.52,255
1690983420,1946.20,219
1690983480,1946.35,213
1690983540,1945.88,217
1690983600,1945.14,263
1690983660,1945.17,204
1690983720,1945.44,240
1690983780,1945.92,169
1690983840,1946.64,199
1690983900,1946.14,255
1690983960,1946.93,241
1690984020,1947.45,282
1690984080,1947.25,253
1690984140,1946.10,220
1690984200,1946.28,224
1690984260,1946.50,184
1690984320,1945.74,197
1690984380,1945.44,180
1690984440,1945.38,225
1690984500,1945.30,190
1690984560,1945.16,189
1690984620,1945.31,171
1690984680,1945.26,205
1690984740,1945.14,204
1690984800,1943.67,223
1690984860,1944.17,282
1690984920,1944.40,227
1690984980,1944.12,194
1690985040,1944.18,236
1690985100,1943.59,243
1690985160,1943.36,210
1690985220,1943.68,234
1690985280,1943.16,275
1690985340,1942.80,190
1690985400,1942.86,230
1690985460,1941.82,237
1690985520,1941.18,263
1690985580,1940.74,237
1690985640,1940.14,240
1690985700,1940.42,257
1690985760,1938.97,279
1690985820,1939.07,230
1690985880,1937.22,304
1690985940,1937.97,328
1690986000,1937.26,325
1690986060,1938.03,240
1690986120,1938.40,243
1690986180,1936.99,258
1690986240,1936.80,266
1690986300,1937.08,258
1690986360,1937.31,264
1690986420,1936.74,275
1690986480,1935.87,293
1690986540,1935.34,295
1690986600,1934.74,270
1690986660,1935.06,325
1690986720,1936.62,309
1690986780,1936.22,265
1690986840,1935.36,231
1690986900,1935.09,262
1690986960,1936.82,238
1690987020,1936.71,273
1690987080,1936.19,284
1690987140,1936.91,270
1690987200,1936.07,228
1690987260,1936.09,253
1690987320,1936.12,208
1690987380,1935.91,252
1690987440,1935.90,281
1690987500,1936.02,224
1690987560,1935.98,220
1690987620,1934.94,221
1690987680,1934.74,229
1690987740,1935.36,218
1690987800,1934.63,232
1690987860,1934.91,212
1690987920,1935.05,232
1690987980,1934.34,263
1690988040,1934.82,202
1690988100,1935.48,241
1690988160,1934.58,232
1690988220,1934.38,260
1690988280,1935.60,239
1690988340,1935.98,220
1690988400,1935.42,317
1690988460,1934.32,283
1690988520,1934.54,227
1690988580,1934.90,260
1690988640,1935.36,267
1690988700,1935.50,234
1690988760,1936.12,183
1690988820,1936.58,183
1690988880,1936.52,254
1690988940,1935.95,264
1690989000,1935.69,226
1690989060,1934.73,217
1690989120,1934.76,206
1690989180,1934.84,183
1690989240,1934.66,205
1690989300,1934.64,208
1690989360,1934.69,176
1690989420,1935.11,148
1690989480,1934.66,196
1690989540,1934.19,194
1690989600,1934.76,151
1690989660,1934.49,184
1690989720,1934.69,213
1690989780,1934.75,206
1690989840,1935.18,214
1690989900,1935.08,191
1690989960,1934.82,169
1690990020,1934.65,124
1690990080,1933.80,218
1690990140,1933.66,220
1690990200,1934.16,176
1690990260,1934.43,224
1690990320,1934.77,165
1690990380,1934.42,169
1690990440,1935.07,202
1690990500,1934.77,178
1690990560,1934.92,200
1690990620,1935.06,168
1690990680,1934.98,194
1690990740,1935.27,116
1690990800,1935.67,189
1690990860,1935.78,163
1690990920,1935.34,127
1690990980,1935.36,78
1690991040,1935.02,149
1690991100,1934.78,181
1690991160,1934.44,160
1690991220,1934.69,145
1690991280,1935.20,156
1690991340,1935.34,210
1690991400,1934.94,180
1690991460,1935.24,153
1690991520,1935.42,159
1690991580,1936.20,116
1690991640,1936.20,187
1690991700,1936.31,220
1690991760,1936.08,104
1690991820,1935.39,158
1690991880,1935.63,151
1690991940,1935.60,152
1690992000,1936.07,128
1690992060,1936.30,170
1690992120,1937.17,140
1690992180,1937.89,144
1690992240,1937.80,192
1690992300,1937.74,152
1690992360,1938.28,181
1690992420,1938.24,153
1690992480,1938.18,164
1690992540,1938.06,111
1690992600,1937.38,144
1690992660,1937.00,167
1690992720,1936.32,153
1690992780,1936.19,143
1690992840,1936.31,165
1690992900,1935.80,184
1690992960,1935.78,148
1690993020,1935.75,163
1690993080,1935.54,147
1690993140,1935.66,118
1690993200,1935.60,167
1690993260,1935.57,127
1690993320,1935.60,133
1690993380,1936.18,148
1690993440,1936.24,156
1690993500,1935.74,108
1690993560,1935.59,112
1690993620,1935.76,91
1690993680,1935.58,137
1690993740,1935.84,125
1690993800,1935.59,142
1690993860,1935.82,99
1690993920,1935.32,141
1690993980,1935.50,119
1690994040,1935.74,127
1690994100,1935.98,123
1690994160,1936.66,160
1690994220,1936.51,149
1690994280,1936.52,106
1690994340,1936.40,95
1690994400,1936.40,103
1690994460,1935.85,89
1690994520,1935.64,117
1690994580,1935.56,137
1690994640,1935.30,105
1690994700,1935.46,106
1690994760,1935.16,127
1690994820,1935.29,88
1690994880,1935.30,96
1690994940,1935.40,112
1690995000,1935.62,123
1690995060,1935.62,101
1690995120,1935.61,100
1690995180,1935.91,115
1690995240,1935.91,60
1690995300,1935.82,96
1690995360,1935.94,86
1690995420,1936.16,83
1690995480,1935.83,99
1690995540,1935.74,84
1690995600,1935.91,135
1690995660,1935.99,98
1690995720,1935.53,121
1690995780,1935.64,112
1690995840,1936.40,130
1690995900,1936.81,84
1690995960,1936.66,123
1690996020,1937.00,66
1690996080,1936.91,85
1690996140,1936.66,112
1690996200,1936.91,97
1690996260,1937.27,65
1690996320,1937.42,112
1690996380,1937.31,78
1690996440,1937.33,99
1690996500,1937.36,57
1690996560,1937.38,86
1690996620,1937.38,111
1690996680,1936.86,124
1690996740,1936.90,75
1690996800,1937.02,80
1690996860,1937.86,75
1690996920,1938.05,83
1690996980,1938.16,123
1690997040,1937.99,120
1690997100,1938.26,112
1690997160,1938.35,81
1690997220,1938.34,111
1690997280,1939.02,86
1690997340,1938.51,221
1690997400,1938.38,137
1690997460,1937.88,112
1690997520,1937.74,97
1690997580,1937.53,89
1690997640,1937.66,102
1690997700,1937.20,53
1690997760,1936.91,90
1690997820,1936.96,76
1690997880,1937.16,71
1690997940,1937.56,78
1690998000,1937.68,80
1690998060,1937.46,114
1690998120,1937.65,89
1690998180,1937.70,75
1690998240,1938.24,74
1690998300,1937.86,62
1690998360,1937.73,103
1690998420,1937.32,82
1690998480,1936.96,51
1690998540,1937.06,64
1690998600,1936.92,46
1690998660,1937.06,25
1690998720,1936.87,41
1690998780,1936.87,36
1690998840,1936.80,20
1690998900,1937.08,75
1690998960,1936.66,91
1690999020,1936.54,86
1690999080,1936.54,37
1690999140,1936.66,74
1690999200,1936.79,56
1690999260,1936.52,115
1690999320,1936.56,38
1690999380,1936.55,82
1690999440,1936.36,91
1690999500,1936.35,40
1690999560,1936.34,72
1690999620,1936.05,73
1690999680,1935.99,94
1690999740,1935.94,44
1690999800,1936.06,67
1690999860,1936.22,90
1690999920,1936.13,83
1690999980,1936.22,87
1691000040,1936.32,89
1691000100,1936.36,71
1691000160,1936.35,101
1691000220,1936.34,97
1691000280,1936.17,79
1691000340,1936.24,65
1691000400,1936.23,58
1691000460,1936.34,87
1691000520,1936.22,90
1691000580,1936.37,41
1691000640,1936.19,34
1691000700,1936.36,75
1691000760,1936.38,60
1691000820,1936.10,64
1691000880,1936.09,55
1691000940,1936.01,35
1691001000,1936.09,58
1691001060,1936.14,36
1691001120,1935.89,77
1691001180,1935.92,71
1691001240,1935.97,73
1691001300,1935.83,68
1691001360,1935.84,39
1691001420,1935.73,56
1691001480,1935.77,41
1691001540,1935.83,46
1691001600,1935.82,51
1691001660,1935.88,35
1691001720,1935.82,49
1691001780,1935.95,62
1691001840,1936.11,28
1691001900,1936.12,36
1691001960,1936.16,41
1691002020,1936.42,46
1691002080,1935.90,70
1691002140,1936.00,8
1691002200,1936.06,48
1691002260,1935.92,63
1691002320,1936.06,70
1691002380,1935.98,32
1691002440,1936.01,41
1691002500,1935.94,64
1691002560,1936.08,44
1691002620,1936.32,51
1691002680,1936.37,80
1691002740,1936.56,73
1691002800,1936.54,71
1691002860,1936.63,63
1691002920,1936.75,37
1691002980,1936.60,78
1691003040,1936.54,70
1691003100,1936.36,65
1691003160,1935.78,69
1691003220,1935.68,66
1691003280,1935.73,78
1691003340,1935.78,54
1691003400,1935.58,55
1691003460,1935.56,43
1691003520,1935.63,52
1691003580,1935.55,70
1691003640,1935.51,56
1691003700,1935.56,44
1691003760,1935.68,33
1691003820,1935.65,52
1691003880,1935.70,27
1691003940,1935.81,20
1691004000,1935.70,64
1691004060,1935.82,40
1691004120,1935.89,33
1691004180,1935.86,49
1691004240,1935.70,44
1691004300,1935.71,27
1691004360,1935.76,57
1691004420,1936.08,34
1691004480,1935.76,46
1691004540,1935.92,44
1691004600,1935.98,71
1691004660,1936.00,58
1691004720,1936.00,28
1691004780,1935.89,69
1691004840,1935.55,103
1691004900,1935.88,53
1691004960,1935.89,18
1691005020,1935.95,22
1691005080,1935.64,89
1691005140,1935.65,36
1691005200,1935.65,106
1691005260,1935.67,55
1691005320,1935.60,86
1691005380,1935.57,54
1691005440,1935.44,94
1691005500,1935.56,128
1691005560,1935.65,110
1691005620,1935.40,59
1691005680,1935.44,80
1691005740,1935.28,92
1691005800,1935.30,77
1691005860,1935.33,78
1691005920,1935.32,31
1691005980,1935.21,27
1691006040,1935.11,70
1691006100,1935.27,60
1691006160,1935.27,85
1691006220,1935.27,53
1691006280,1935.28,95
1691006340,1935.28,131
1691006400,1935.33,89
1691006460,1935.48,103
1691006520,1935.52,60
1691006580,1935.44,44
1691006640,1935.39,49
1691006700,1935.25,38
1691006760,1935.37,22
1691006820,1935.29,18
1691006880,1935.31,51
1691006940,1935.28,23
1691007000,1935.36,37
1691007060,1935.23,16
1691007120,1935.31,36
1691007180,1935.32,33
1691007240,1935.39,37
1691007300,1935.34,33
1691007360,1935.32,16
1691007420,1935.33,19
1691007480,1935.31,28
1691007540,1935.32,21
1691007600,1935.33,23
1691007660,1935.39,27
1691007720,1935.42,16
1691007780,1935.44,24
1691007840,1935.40,25
1691007900,1935.41,29
1691007960,1935.38,19
1691008020,1935.23,22
1691008080,1935.34,16
1691008140,1935.26,6
1691008200,1935.23,12
1691008260,1935.18,16
1691008320,1935.16,39
1691008380,1935.15,35
1691008440,1935.20,21
1691008500,1935.14,26
1691008560,1935.19,4
1691008620,1935.19,2
1691008680,1935.14,28
1691008740,1935.19,12
1691008800,1935.15,52
1691008860,1935.23,28
1691008920,1934.95,40
1691008980,1934.98,53
1691009040,1935.00,7
1691009100,1934.74,40
1691009160,1934.76,26
1691009220,1934.84,24
1691009280,1934.80,34
1691009340,1934.94,33
1691009400,1934.68,76
1691009460,1934.68,29
1691009520,1934.72,34
1691009580,1934.63,44
1691009640,1934.70,18
1691009700,1934.71,33
1691009760,1934.62,18
1691013720,1935.33,54
1691013780,1935.27,45
1691013840,1935.36,59
1691013900,1935.02,100
1691013960,1935.09,36
1691014020,1935.38,45
1691014080,1935.78,44
1691014140,1935.90,31
1691014200,1935.96,34
1691014260,1936.01,27
1691014320,1936.02,23
1691014380,1936.06,8
1691014440,1936.04,28
1691014500,1935.85,34
1691014560,1935.94,14
1691014620,1935.79,18
1691014680,1935.74,9
1691014740,1935.79,19
1691014800,1935.65,12
1691014860,1935.87,4
1691014920,1936.10,14
1691014980,1936.20,22
1691015040,1936.21,9
1691015100,1935.71,20
1691015160,1936.10,35
1691015220,1936.01,15
1691015280,1936.10,20
1691015340,1936.13,14
1691015400,1935.99,50
1691015460,1935.95,28
1691015520,1935.90,47
1691015580,1935.86,41
1691015640,1936.15,32
1691015700,1936.02,64
1691015760,1935.84,30
1691015820,1935.93,21
1691015880,1935.90,27
1691015940,1935.95,4
1691016000,1935.94,3
1691016060,1935.92,9
1691016120,1936.00,5
1691016180,1936.04,17
1691016240,1935.96,19
1691016300,1936.05,25
1691016360,1936.04,30
1691016420,1936.24,85
1691016480,1936.27,50
1691016540,1936.32,53
1691016600,1936.74,62
1691016660,1936.86,28
1691016720,1936.85,45
1691016780,1936.89,16
1691016840,1936.75,15
1691016900,1936.70,39
1691016960,1936.50,58
1691017020,1936.54,28
1691017080,1936.56,5
1691017140,1936.42,20
1691017200,1935.64,143
1691017260,1935.70,44
1691017320,1935.90,28
1691017380,1935.81,21
1691017440,1935.70,12
1691017500,1935.80,25
1691017560,1935.94,17
1691017620,1935.88,10
1691017680,1935.74,14
1691017740,1935.77,18
1691017800,1935.79,10
1691017860,1935.83,16
1691017920,1935.94,21
1691017980,1936.08,29
1691018040,1936.06,13
1691018100,1936.07,17
1691018160,1936.07,14
1691018220,1935.94,29
1691018280,1935.98,6
1691018340,1936.05,8
1691018400,1936.08,3
1691018460,1936.08,4
1691018520,1935.98,10
1691018580,1936.00,2
1691018640,1935.85,18
1691018700,1935.96,17
1691018760,1936.00,5
1691018820,1936.08,10
1691018880,1936.04,21
1691018940,1935.76,13
1691019000,1935.93,8
1691019060,1935.74,14
1691019120,1935.83,10
1691019180,1935.78,15
1691019240,1935.81,10
1691019300,1935.73,26
1691019360,1935.80,26
1691019420,1935.85,17
1691019480,1935.66,38
1691019540,1935.84,14
1691019600,1935.81,26
1691019660,1935.81,11
1691019720,1935.79,12
1691019780,1935.79,16
1691019840,1936.02,26
1691019900,1936.07,28
1691019960,1936.28,20
1691020020,1936.25,16
1691020080,1936.19,24
1691020140,1936.38,43
1691020200,1936.51,11
1691020260,1936.60,31
1691020320,1936.72,9
1691020380,1936.66,28
1691020440,1936.28,31
1691020500,1936.29,30
1691020560,1936.64,46
1691020620,1936.32,77
1691020680,1936.23,21
1691020740,1936.08,27
1691020800,1935.82,63
1691020860,1935.92,69
1691020920,1935.80,50
1691020980,1936.07,43
1691021040,1936.22,38
1691021100,1936.01,58
1691021160,1936.26,33
1691021220,1936.26,51
1691021280,1936.26,42
1691021340,1936.45,17
1691021400,1936.47,45
1691021460,1936.68,65
1691021520,1936.97,45
1691021580,1936.70,54
1691021640,1936.78,44
1691021700,1936.50,70
1691021760,1936.44,62
1691021820,1936.70,53
1691021880,1936.81,51
1691021940,1936.70,32
1691022000,1936.63,70
1691022060,1936.72,63
1691022120,1936.63,56
1691022180,1936.34,56
1691022240,1936.33,40
1691022300,1936.22,41
1691022360,1935.70,44
1691022420,1935.93,50
1691022480,1936.22,46
1691022540,1936.22,29
1691022600,1936.30,49
1691022660,1935.63,63
1691022720,1935.62,63
1691022780,1935.71,49
1691022840,1935.84,64
1691022900,1935.96,46
1691022960,1935.84,53
1691023020,1936.24,74
1691023080,1936.22,70
1691023140,1936.28,57
1691023200,1936.27,40
1691023260,1935.84,61
1691023320,1935.82,46
1691023380,1936.01,44
1691023440,1935.89,28
1691023500,1935.97,20
1691023560,1935.82,52
1691023620,1935.77,36
1691023680,1935.77,49
1691023740,1935.73,20
1691023800,1935.42,62
1691023860,1935.42,43
1691023920,1935.43,22
1691023980,1935.43,55
1691024040,1935.39,64
1691024100,1935.56,62
1691024160,1935.65,76
1691024220,1935.60,63
1691024280,1935.64,71
1691024340,1935.54,103
1691024400,1935.25,186
1691024460,1935.25,102
1691024520,1935.70,96
1691024580,1935.68,78
1691024640,1935.59,86
1691024700,1935.66,58
1691024760,1935.84,73
1691024820,1935.82,64
1691024880,1935.82,46
1691024940,1936.15,68
1691025000,1935.87,104
1691025060,1936.05,86
1691025120,1936.32,41
1691025180,1936.33,56
1691025240,1936.25,54
1691025300,1936.23,117
1691025360,1936.34,80
1691025420,1936.28,62
1691025480,1936.42,63
1691025540,1936.24,36
1691025600,1936.13,47
1691025660,1936.42,59
1691025720,1936.34,31
1691025780,1936.44,56
1691025840,1936.87,68
1691025900,1937.32,95
1691025960,1937.50,66
1691026020,1937.24,64
1691026080,1936.96,61
1691026140,1936.83,75
1691026200,1936.78,107
1691026260,1936.88,103
1691026320,1937.33,94
1691026380,1937.58,105
1691026440,1937.94,102
1691026500,1938.09,107
1691026560,1937.87,97
1691026620,1937.76,153
1691026680,1937.89,105
1691026740,1937.89,138
1691026800,1937.86,117
1691026860,1937.93,101
1691026920,1937.88,80
1691026980,1937.65,81
1691027040,1937.98,66
1691027100,1938.29,148
1691027160,1938.43,96
1691027220,1938.72,141
1691027280,1938.92,121
1691027340,1938.57,98
1691027400,1938.14,89
1691027460,1938.06,102
1691027520,1937.43,113
1691027580,1937.59,100
1691027640,1937.29,88
1691027700,1937.34,99
1691027760,1937.20,72
1691027820,1937.12,92
1691027880,1937.28,70
1691027940,1936.88,118
1691028000,1936.63,88
1691028060,1936.52,65
1691028120,1936.65,64
1691028180,1936.57,93
1691028240,1936.78,84
1691028300,1936.78,102
1691028360,1936.45,63
1691028420,1936.79,147
1691028480,1936.71,129
1691028540,1936.79,120
1691028600,1936.72,117
1691028660,1936.74,83
1691028720,1937.36,149
1691028780,1937.01,112
1691028840,1937.35,62
1691028900,1937.07,61
1691028960,1937.05,50
1691029020,1937.07,37
1691029080,1937.75,83
1691029140,1937.80,58
1691029200,1937.70,41
1691029260,1937.70,46
1691029320,1937.71,70
1691029380,1937.78,82
1691029440,1937.76,79
1691029500,1938.04,59
1691029560,1937.74,58
1691029620,1937.64,53
1691029680,1937.50,47
1691029740,1937.81,63
1691029800,1937.74,76
1691029860,1937.74,48
1691029920,1937.84,67
1691029980,1937.96,73
1691030040,1937.92,62
1691030100,1937.98,55
1691030160,1937.88,46
1691030220,1937.98,62
1691030280,1937.93,62
1691030340,1938.07,57
1691030400,1937.94,45
1691030460,1937.94,47
1691030520,1938.02,62
1691030580,1937.94,68
1691030640,1937.35,74
1691030700,1937.38,55
1691030760,1937.08,71
1691030820,1937.13,55
1691030880,1936.48,65
1691030940,1936.50,61
1691031000,1936.24,50
1691031060,1936.38,94
1691031120,1936.67,81
1691031180,1936.89,75
1691031240,1936.69,74
1691031300,1936.59,54
1691031360,1936.57,61
1691031420,1936.49,38
1691031480,1936.42,53
1691031540,1936.29,53
1691031600,1935.89,54
1691031660,1935.66,60
1691031720,1935.82,63
1691031780,1935.83,51
1691031840,1935.70,76
1691031900,1934.96,89
1691031960,1934.81,80
1691032020,1934.16,117
1691032080,1934.17,143
1691032140,1934.67,122
1691032200,1934.83,100
1691032260,1935.41,120
1691032320,1935.46,121
1691032380,1935.48,63
1691032440,1935.60,53
1691032500,1935.38,84
1691032560,1935.37,83
1691032620,1935.36,57
1691032680,1935.47,53
1691032740,1936.06,83
1691032800,1936.23,92
1691032860,1936.35,46
1691032920,1936.47,40
1691032980,1936.55,68
1691033040,1936.81,52
1691033100,1936.56,71
1691033160,1936.28,29
1691033220,1936.47,45
1691033280,1936.51,31
1691033340,1936.41,47
1691033400,1936.49,34
1691033460,1936.58,45
1691033520,1936.28,45
1691033580,1936.40,32
1691033640,1936.39,30
1691033700,1936.36,65
1691033760,1936.57,34
1691033820,1936.60,35
1691033880,1936.29,70
1691033940,1936.40,34
1691034000,1936.57,54
1691034060,1936.37,38
1691034120,1936.34,45
1691034180,1936.16,31
1691034240,1936.33,54
1691034300,1936.36,57
1691034360,1936.28,44
1691034420,1936.42,24
1691034480,1936.64,43
1691034540,1936.43,47
1691034600,1936.81,51
1691034660,1936.84,50
1691034720,1936.94,43
1691034780,1937.04,75
1691034840,1937.00,59
1691034900,1937.12,53
1691034960,1937.16,30
1691035020,1937.36,32
1691035080,1937.27,40
1691035140,1937.30,40
1691035200,1937.70,104
1691035260,1937.58,116
1691035320,1937.05,79
1691035380,1937.06,56
1691035440,1937.00,146
1691035500,1937.21,38
1691035560,1937.19,61
1691035620,1937.22,44
1691035680,1937.33,55
1691035740,1937.51,59
1691035800,1937.44,70
1691035860,1937.57,50
1691035920,1937.73,44
1691035980,1937.63,44
1691036040,1937.61,52
1691036100,1937.50,41
1691036160,1937.46,29
1691036220,1937.44,61
1691036280,1937.47,23
1691036340,1937.64,21
1691036400,1937.64,61
1691036460,1937.46,26
1691036520,1937.65,38
1691036580,1937.58,57
1691036640,1937.23,64
1691036700,1937.08,57
1691036760,1937.30,79
1691036820,1937.08,36
1691036880,1937.18,18
1691036940,1936.87,45
1691037000,1936.38,69
1691037060,1936.23,53
1691037120,1935.89,68
1691037180,1935.69,15
1691037240,1936.06,51
1691037300,1935.70,46
1691037360,1935.38,90
1691037420,1936.05,73
1691037480,1936.21,58
1691037540,1936.09,47
1691037600,1935.74,41
1691037660,1935.90,56
1691037720,1934.65,116
1691037780,1934.74,95
1691037840,1934.37,89
1691037900,1935.04,123
1691037960,1934.70,58
1691038020,1934.88,49
1691038080,1934.42,103
1691038140,1934.48,69
1691038200,1934.33,53
1691038260,1934.41,57
1691038320,1934.42,69
1691038380,1934.32,92
1691038440,1934.09,82
1691038500,1934.11,74
1691038560,1934.28,76
1691038620,1934.24,68
1691038680,1934.11,58
1691038740,1934.12,56
1691038800,1933.56,87
1691038860,1933.57,106
1691038920,1933.46,94
1691038980,1933.39,113
1691039040,1933.38,62
1691039100,1933.26,87
1691039160,1933.56,116
1691039220,1933.46,50
1691039280,1933.76,122
1691039340,1933.94,65
1691039400,1933.87,72
1691039460,1933.72,94
1691039520,1933.90,103
1691039580,1934.16,42
1691039640,1934.35,69
1691039700,1934.46,48
1691039760,1934.08,78
1691039820,1934.20,87
1691039880,1934.24,80
1691039940,1934.59,41
1691040000,1934.47,77
1691040060,1934.84,94
1691040120,1935.17,82
1691040180,1935.20,89
1691040240,1935.32,75
1691040300,1935.22,117
1691040360,1935.00,152
1691040420,1934.52,97
1691040480,1934.71,80
1691040540,1934.54,102
1691040600,1934.48,191
1691040660,1935.12,92
1691040720,1934.78,58
1691040780,1934.90,84
1691040840,1934.39,121
1691040900,1934.29,202
1691040960,1934.68,183
1691041020,1934.74,66
1691041080,1934.85,116
1691041140,1934.63,128
1691041200,1934.30,139
1691041260,1933.49,146
1691041320,1933.99,138
1691041380,1934.12,129
1691041440,1933.81,101
1691041500,1934.18,118
1691041560,1933.36,117
1691041620,1933.15,62
1691041680,1933.30,93
1691041740,1933.44,92
1691041800,1933.63,95
1691041860,1933.87,134
1691041920,1934.07,125
1691041980,1934.43,123
1691042040,1934.14,87
1691042100,1934.18,115
1691042160,1934.74,81
1691042220,1934.71,69
1691042280,1934.96,117
1691042340,1935.14,90
1691042400,1934.68,137
1691042460,1934.97,144
1691042520,1934.94,98
1691042580,1935.40,145
1691042640,1935.24,148
1691042700,1935.93,155
1691042760,1935.24,202
1691042820,1935.08,129
1691042880,1935.15,126
1691042940,1934.86,113
1691043000,1935.15,124
1691043060,1935.16,82
1691043120,1935.20,68
1691043180,1935.13,74
1691043240,1934.07,106
1691043300,1934.52,97
1691043360,1934.46,101
1691043420,1934.73,123
1691043480,1934.71,90
1691043540,1934.67,126
1691043600,1934.09,79
1691043660,1933.55,171
1691043720,1933.83,133
1691043780,1933.97,99
1691043840,1934.26,88
1691043900,1934.03,94
1691043960,1934.08,107
1691044020,1934.46,97
1691044080,1934.39,105
1691044140,1933.99,73
1691044200,1934.39,93
1691044260,1934.16,95
1691044320,1934.41,75
1691044380,1934.02,103
1691044440,1934.56,70
1691044500,1935.03,74
1691044560,1934.78,104
1691044620,1934.35,87
1691044680,1934.63,93
1691044740,1934.49,88
1691044800,1934.69,155
1691044860,1934.37,85
1691044920,1934.05,138
1691044980,1934.18,98
1691045040,1933.87,80
1691045100,1933.74,152
1691045160,1933.40,103
1691045220,1933.59,94
1691045280,1933.46,107
1691045340,1933.64,112
1691045400,1933.72,113
1691045460,1933.86,111
1691045520,1933.70,116
1691045580,1933.64,100
1691045640,1933.27,115
1691045700,1933.70,150
1691045760,1933.84,112
1691045820,1933.62,94
1691045880,1933.82,94
1691045940,1933.49,126
1691046000,1932.88,212
1691046060,1932.62,164
1691046120,1932.51,160
1691046180,1932.50,155
1691046240,1932.54,100
1691046300,1932.14,180
1691046360,1931.30,157
1691046420,1931.87,177
1691046480,1932.07,164
1691046540,1932.60,120
1691046600,1932.94,125
1691046660,1932.30,158
1691046720,1932.23,125
1691046780,1931.84,98
1691046840,1931.52,112
1691046900,1932.06,220
1691046960,1932.24,150
1691047020,1931.94,181
1691047080,1932.20,151
1691047140,1932.54,120
1691047200,1932.27,137
1691047260,1932.82,153
1691047320,1933.60,158
1691047380,1933.98,143
1691047440,1934.16,132
1691047500,1933.86,165
1691047560,1933.85,136
1691047620,1933.96,95
1691047680,1934.02,162
1691047740,1934.36,168
1691047800,1934.72,217
1691047860,1935.82,239
1691047920,1936.57,239
1691047980,1936.38,246
1691048040,1936.15,153
1691048100,1936.03,176
1691048160,1935.96,148
1691048220,1935.85,116
1691048280,1936.13,115
1691048340,1936.73,175
1691048400,1935.98,145
1691048460,1936.36,152
1691048520,1935.62,137
1691048580,1935.84,121
1691048640,1935.64,127
1691048700,1935.79,104
1691048760,1935.73,147
1691048820,1935.94,130
1691048880,1935.58,118
1691048940,1935.67,114
1691049000,1935.86,122
1691049060,1935.86,125
1691049120,1936.44,118
1691049180,1936.61,140
1691049240,1936.87,125
1691049300,1937.35,150
1691049360,1936.90,142
1691049420,1936.97,127
1691049480,1937.44,156
1691049540,1936.91,177
1691049600,1937.44,191
1691049660,1937.92,148
1691049720,1937.96,165
1691049780,1937.59,150
1691049840,1938.20,166
1691049900,1937.45,125
1691049960,1937.04,120
1691050020,1936.88,94
1691050080,1936.48,109
1691050140,1936.54,115
1691050200,1936.71,112
1691050260,1936.72,134
1691050320,1936.60,112
1691050380,1936.73,135
1691050440,1936.69,119
1691050500,1936.55,104
1691050560,1935.96,123
1691050620,1935.32,161
1691050680,1935.95,147
1691050740,1935.47,117
1691050800,1936.22,131
1691050860,1936.10,128
1691050920,1935.87,101
1691050980,1936.56,97
1691051040,1937.00,109
1691051100,1937.54,107
1691051160,1936.76,136
1691051220,1936.65,110
1691051280,1936.39,79
1691051340,1936.06,129
1691051400,1935.72,116
1691051460,1935.42,105
1691051520,1935.71,118
1691051580,1935.41,95
1691051640,1935.60,128
1691051700,1936.08,101
1691051760,1935.76,98
1691051820,1935.12,118
1691051880,1935.20,124
1691051940,1935.44,89
1691052000,1935.60,140
1691052060,1935.48,112
1691052120,1936.01,132
1691052180,1936.31,191
1691052240,1936.37,129
1691052300,1936.62,141
1691052360,1936.48,84
1691052420,1936.46,101
1691052480,1936.67,89
1691052540,1937.90,142
1691052600,1937.14,144
1691052660,1936.47,117
1691052720,1936.38,85
1691052780,1936.62,73
1691052840,1936.35,108
1691052900,1936.13,107
1691052960,1936.60,121
1691053020,1936.90,123
1691053080,1937.58,129
1691053140,1937.79,112
1691053200,1937.00,187
1691053260,1936.88,84
1691053320,1936.98,89
1691053380,1937.28,101
1691053440,1937.49,103
1691053500,1937.62,127
1691053560,1937.60,88
1691053620,1937.54,139
1691053680,1937.42,98
1691053740,1936.82,115
1691053800,1936.37,110
1691053860,1936.74,121
1691053920,1936.76,117
1691053980,1936.51,106
1691054040,1937.02,93
1691054100,1936.81,89
1691054160,1936.99,94
1691054220,1936.82,117
1691054280,1936.85,97
1691054340,1937.06,112
1691054400,1936.81,118
1691054460,1936.86,117
1691054520,1937.12,86
1691054580,1936.88,101
1691054640,1937.20,72
1691054700,1937.08,44
1691054760,1936.91,80
1691054820,1936.58,85
1691054880,1936.84,104
1691054940,1936.99,83
1691055000,1937.23,96
1691055060,1937.59,82
1691055120,1937.12,109
1691055180,1937.22,98
1691055240,1937.09,103
1691055300,1936.94,76
1691055360,1936.85,97
1691055420,1937.10,76
1691055480,1936.89,115
1691055540,1936.83,92
1691055600,1936.88,109
1691055660,1937.26,73
1691055720,1937.07,64
1691055780,1936.64,83
1691055840,1936.17,111
1691055900,1935.94,101
1691055960,1935.96,83
1691056020,1936.10,80
1691056080,1935.95,58
1691056140,1936.03,58
1691056200,1935.54,94
1691056260,1935.89,78
1691056320,1935.66,76
1691056380,1935.88,82
1691056440,1936.16,94
1691056500,1936.43,72
1691056560,1936.13,73
1691056620,1936.39,97
1691056680,1936.48,67
1691056740,1936.20,88
1691056800,1936.08,107
1691056860,1936.11,99
1691056920,1935.99,103
1691056980,1936.08,42
1691057040,1936.08,78
1691057100,1935.98,48
1691057160,1936.00,62
1691057220,1935.96,120
1691057280,1936.12,84
1691057340,1936.00,70
1691057400,1935.76,83
1691057460,1936.03,71
1691057520,1935.88,79
1691057580,1935.81,58
1691057640,1935.94,58
1691057700,1935.66,50
1691057760,1935.16,101
1691057820,1935.52,90
1691057880,1935.91,70
1691057940,1936.15,81
1691058000,1936.18,91
1691058060,1936.52,62
1691058120,1936.98,79
1691058180,1937.14,114
1691058240,1936.90,110
1691058300,1937.20,85
1691058360,1936.94,90
1691058420,1937.15,97
1691058480,1937.25,88
1691058540,1936.58,109
1691058600,1936.42,100
1691058660,1935.62,106
1691058720,1934.93,115
1691058780,1935.16,193
1691058840,1935.26,111
1691058900,1934.89,96
1691058960,1934.64,93
1691059020,1934.57,94
1691059080,1934.14,126
1691059140,1934.39,70
1691059200,1934.26,92
1691059260,1934.29,89
1691059320,1934.15,83
1691059380,1933.96,114
1691059440,1933.93,107
1691059500,1933.78,91
1691059560,1933.68,78
1691059620,1933.54,105
1691059680,1933.32,120
1691059740,1933.38,96
1691059800,1933.64,81
1691059860,1933.36,80
1691059920,1932.94,97
1691059980,1933.46,107
1691060040,1933.15,85
1691060100,1933.46,137
1691060160,1933.63,67
1691060220,1933.99,84
1691060280,1934.33,123
1691060340,1934.31,93
1691060400,1934.60,183
1691060460,1934.81,202
1691060520,1934.43,154
1691060580,1934.50,136
1691060640,1934.12,126
1691060700,1933.59,158
1691060760,1933.42,142
1691060820,1933.59,142
1691060880,1933.84,134
1691060940,1934.95,139
1691061000,1935.17,102
1691061060,1934.86,116
1691061120,1934.97,151
1691061180,1935.53,138
1691061240,1935.31,122
1691061300,1935.69,115
1691061360,1936.30,157
1691061420,1936.28,108
1691061480,1936.61,122
1691061540,1936.73,167
1691061600,1936.83,122
1691061660,1936.14,142
1691061720,1936.11,133
1691061780,1936.00,122
1691061840,1935.62,73
1691061900,1934.63,112
1691061960,1934.59,118
1691062020,1935.16,126
1691062080,1935.20,111
1691062140,1935.49,115
1691062200,1935.09,120
1691062260,1935.10,97
1691062320,1935.73,175
1691062380,1935.56,152
1691062440,1935.64,139
1691062500,1935.51,148
1691062560,1935.64,130
1691062620,1936.02,125
1691062680,1936.64,137
1691062740,1936.24,154
1691062800,1936.06,171
1691062860,1936.02,130
1691062920,1935.55,183
1691062980,1936.14,107
1691063040,1936.45,92
1691063100,1936.34,119
1691063160,1936.39,108
1691063220,1936.36,110
1691063280,1936.94,112
1691063340,1937.11,107
1691063400,1936.94,95
1691063460,1936.70,150
1691063520,1936.26,118
1691063580,1935.96,124
1691063640,1935.55,152
1691063700,1935.25,115
1691063760,1934.52,158
1691063820,1934.80,123
1691063880,1935.12,130
1691063940,1935.15,96
1691064000,1934.95,172
1691064060,1934.86,147
1691064120,1934.93,192
1691064180,1934.88,176
1691064240,1933.96,180
1691064300,1933.82,164
1691064360,1933.85,168
1691064420,1933.52,162
1691064480,1933.02,135
1691064540,1932.55,160
1691064600,1933.14,151
1691064660,1933.50,182
1691064720,1933.99,146
1691064780,1934.02,156
1691064840,1933.94,145
1691064900,1933.33,177
1691064960,1932.80,161
1691065020,1932.86,160
1691065080,1932.74,174
1691065140,1932.31,151
1691065200,1932.67,275
1691065260,1931.46,255
1691065320,1931.83,243
1691065380,1931.77,201
1691065440,1931.44,221
1691065500,1930.41,260
1691065560,1930.23,172
1691065620,1930.84,199
1691065680,1931.54,186
1691065740,1931.48,181
1691065800,1932.82,394
1691065860,1931.82,398
1691065920,1931.60,406
1691065980,1931.90,369
1691066040,1933.16,360
1691066100,1934.82,311
1691066160,1935.36,332
1691066220,1935.54,322
1691066280,1934.78,291
1691066340,1935.78,316
1691066400,1936.92,349
1691066460,1937.56,319
1691066520,1937.86,328
1691066580,1937.56,305
1691066640,1936.72,274
1691066700,1935.26,292
1691066760,1934.40,269
1691066820,1933.84,296
1691066880,1934.13,298
1691066940,1934.22,238
1691067000,1933.83,294
1691067060,1933.47,264
1691067120,1933.19,286
1691067180,1932.94,278
1691067240,1931.87,268
1691067300,1931.49,306
1691067360,1930.97,297
1691067420,1931.52,267
1691067480,1932.27,278
1691067540,1932.91,289
1691067600,1934.40,352
1691067660,1933.12,332
1691067720,1932.62,272
1691067780,1932.87,313
1691067840,1931.90,244
1691067900,1932.38,302
1691067960,1932.13,242
1691068020,1932.45,258
1691068080,1932.66,269
1691068140,1933.01,290
1691068200,1932.93,294
1691068260,1931.56,263
1691068320,1931.56,252
1691068380,1931.23,219
1691068440,1930.95,253
1691068500,1931.52,244
1691068560,1931.36,212
1691068620,1931.83,219
1691068680,1931.94,192
1691068740,1932.06,202
1691068800,1932.72,188
1691068860,1932.89,245
1691068920,1934.16,275
1691068980,1934.19,233
1691069040,1934.22,211
1691069100,1933.72,222
1691069160,1934.19,240
1691069220,1933.36,258
1691069280,1933.06,193
1691069340,1933.48,232
1691069400,1933.05,340
1691069460,1932.90,313
1691069520,1933.96,297
1691069580,1935.10,294
1691069640,1934.46,258
1691069700,1935.67,246
1691069760,1936.33,322
1691069820,1936.78,335
1691069880,1936.37,324
1691069940,1937.42,318
1691070000,1937.42,301
1691070060,1936.32,306
1691070120,1935.69,261
1691070180,1935.66,217
1691070240,1935.49,170
1691070300,1933.35,288
1691070360,1933.00,298
1691070420,1932.65,296
1691070480,1933.65,294
1691070540,1933.32,258
1691070600,1933.13,224
1691070660,1933.05,240
1691070720,1933.66,237
1691070780,1933.21,206
1691070840,1932.74,255
1691070900,1932.24,209
1691070960,1931.81,265
1691071020,1931.94,209
1691071080,1932.26,196
1691071140,1932.30,203
1691071200,1935.10,390
1691071260,1934.11,334
1691071320,1933.73,317
1691071380,1935.87,335
1691071440,1935.95,321
1691071500,1935.39,324
1691071560,1935.72,344
1691071620,1936.62,317
1691071680,1937.39,331
1691071740,1937.05,271
1691071800,1935.78,285
1691071860,1934.80,263
1691071920,1935.34,244
1691071980,1935.22,256
1691072040,1934.55,243
1691072100,1934.32,235
1691072160,1934.87,274
1691072220,1933.82,241
1691072280,1934.62,261
1691072340,1934.96,211
1691072400,1934.49,257
1691072460,1934.39,223
1691072520,1933.93,194
1691072580,1934.90,229
1691072640,1935.06,239
1691072700,1936.90,264
1691072760,1937.14,301
1691072820,1937.74,249
1691072880,1937.74,246
1691072940,1938.30,280
1691073000,1937.68,295
1691073060,1937.86,305
1691073120,1937.87,238
1691073180,1937.00,252
1691073240,1936.40,196
1691073300,1937.34,239
1691073360,1937.50,237
1691073420,1937.53,176
1691073480,1937.43,184
1691073540,1937.35,241
1691073600,1936.73,206
1691073660,1936.73,193
1691073720,1936.72,215
1691073780,1937.02,219
1691073840,1936.50,201
1691073900,1935.35,228
1691073960,1936.08,201
1691074020,1936.41,222
1691074080,1936.60,206
1691074140,1936.38,210
1691074200,1935.99,224
1691074260,1935.58,179
1691074320,1935.35,213
1691074380,1935.32,179
1691074440,1935.33,199
1691074500,1935.38,214
1691074560,1935.05,219
1691074620,1934.99,229
1691074680,1934.86,214
1691074740,1935.02,223
1691074800,1935.34,236
1691074860,1935.82,240
1691074920,1936.20,174
1691074980,1935.82,180
1691075040,1936.20,232
1691075100,1936.08,212
1691075160,1935.87,181
1691075220,1935.62,154
1691075280,1935.70,128
1691075340,1935.90,130
1691075400,1936.11,139
1691075460,1936.02,186
1691075520,1935.58,189
1691075580,1936.19,180
1691075640,1936.24,226
1691075700,1936.55,199
1691075760,1936.99,204
1691075820,1937.54,231
1691075880,1938.37,225
1691075940,1938.16,210
1691076000,1938.20,260
1691076060,1937.67,185
1691076120,1937.43,145
1691076180,1936.92,177
1691076240,1936.99,186
1691076300,1936.82,206
1691076360,1937.44,142
1691076420,1938.26,128
1691076480,1938.08,164
1691076540,1937.43,127
1691076600,1937.81,183
1691076660,1937.95,160
1691076720,1938.11,140
1691076780,1937.50,202
1691076840,1936.92,162
1691076900,1937.36,133
1691076960,1937.62,128
1691077020,1937.22,106
1691077080,1936.88,128
1691077140,1936.64,96
1691077200,1936.62,149
1691077260,1936.38,152
1691077320,1936.34,160
1691077380,1935.71,142
1691077440,1935.63,144
1691077500,1935.24,173
1691077560,1934.62,188
1691077620,1934.84,206
1691077680,1934.55,205
1691077740,1934.23,184
1691077800,1934.04,187
1691077860,1934.08,167
1691077920,1933.90,145
1691077980,1933.99,158
1691078040,1934.10,193
1691078100,1933.98,126
1691078160,1933.99,122
1691078220,1933.78,152
1691078280,1933.06,148
1691078340,1933.09,142
1691078400,1933.54,160
1691078460,1933.76,127
1691078520,1933.40,153
1691078580,1933.57,139
1691078640,1933.86,129
1691078700,1933.53,127
1691078760,1933.78,134
1691078820,1933.84,128
1691078880,1933.81,84
1691078940,1934.08,111
1691079000,1933.99,105
1691079060,1934.14,84
1691079120,1934.14,97
1691079180,1934.54,78
1691079240,1934.15,82
1691079300,1934.51,65
1691079360,1934.61,85
1691079420,1934.54,124
1691079480,1934.80,138
1691079540,1934.89,52
1691079600,1935.04,104
1691079660,1935.20,71
1691079720,1934.96,96
1691079780,1934.99,84
1691079840,1934.96,67
1691079900,1935.02,91
1691079960,1934.85,112
1691080020,1934.92,93
1691080080,1935.06,107
1691080140,1935.23,84
1691080200,1935.26,85
1691080260,1935.48,79
1691080320,1935.70,87
1691080380,1935.36,107
1691080440,1934.92,120
1691080500,1935.24,64
1691080560,1935.46,93
1691080620,1935.68,83
1691080680,1935.63,85
1691080740,1935.29,123
1691080800,1935.31,74
1691080860,1935.42,58
1691080920,1935.68,77
1691080980,1935.49,89
1691081040,1935.51,77
1691081100,1935.42,97
1691081160,1935.32,98
1691081220,1935.42,74
1691081280,1935.60,63
1691081340,1935.61,135
1691081400,1935.80,129
1691081460,1935.79,72
1691081520,1935.80,39
1691081580,1935.86,57
1691081640,1935.87,71
1691081700,1935.73,66
1691081760,1935.78,87
1691081820,1935.87,119
1691081880,1935.73,101
1691081940,1935.73,64
1691082000,1935.67,111
1691082060,1935.65,101
1691082120,1935.33,106
1691082180,1935.17,80
1691082240,1935.50,119
1691082300,1935.90,97
1691082360,1935.45,115
1691082420,1935.40,81
1691082480,1935.22,112
1691082540,1935.27,113
1691082600,1935.16,78
1691082660,1935.03,107
1691082720,1935.20,97
1691082780,1934.98,66
1691082840,1934.95,47
1691082900,1935.32,78
1691082960,1935.04,100
1691083020,1934.68,89
1691083080,1934.64,78
1691083140,1934.46,120
1691083200,1934.70,116
1691083260,1934.69,81
1691083320,1934.49,125
1691083380,1934.30,59
1691083440,1934.51,54
1691083500,1933.87,107
1691083560,1933.90,54
1691083620,1933.80,91
1691083680,1933.82,195
1691083740,1933.60,262
1691083800,1933.44,84
1691083860,1933.69,124
1691083920,1933.96,86
1691083980,1934.54,94
1691084040,1935.08,138
1691084100,1935.00,90
1691084160,1935.09,78
1691084220,1935.03,134
1691084280,1934.86,74
1691084340,1934.66,60
1691084400,1934.59,58
1691084460,1934.47,78
1691084520,1934.36,103
1691084580,1934.37,74
1691084640,1934.56,97
1691084700,1934.70,75
1691084760,1934.92,77
1691084820,1935.20,77
1691084880,1935.11,92
1691084940,1935.02,81
1691085000,1934.98,110
1691085060,1935.02,86
1691085120,1935.16,64
1691085180,1934.96,64
1691085240,1934.70,43
1691085300,1934.40,77
1691085360,1934.41,80
1691085420,1934.66,72
1691085480,1934.65,41
1691085540,1934.75,75
1691085600,1934.57,79
1691085660,1934.72,43
1691085720,1934.99,67
1691085780,1935.07,46
1691085840,1935.36,58
1691085900,1935.29,75
1691085960,1935.32,48
1691086020,1935.27,55
1691086080,1934.72,92
1691086140,1934.52,70
1691086200,1934.60,56
1691086260,1934.58,30
1691086320,1934.51,51
1691086380,1934.62,37
1691086440,1934.39,48
1691086500,1934.66,67
1691086560,1934.76,74
1691086620,1934.78,89
1691086680,1934.79,55
1691086740,1934.76,68
1691086800,1934.61,56
1691086860,1934.69,67
1691086920,1934.81,60
1691086980,1934.77,37
1691087040,1934.74,40
1691087100,1934.78,64
1691087160,1934.88,27
1691087220,1934.85,38
1691087280,1934.63,92
1691087340,1934.60,65
1691087400,1934.64,54
1691087460,1934.33,47
1691087520,1934.28,53
1691087580,1934.14,64
1691087640,1934.10,47
1691087700,1934.02,62
1691087760,1933.84,49
1691087820,1933.89,44
1691087880,1933.67,29
1691087940,1933.85,37
1691088000,1933.98,44
1691088060,1933.80,41
1691088120,1933.78,52
1691088180,1933.70,44
1691088240,1933.52,42
1691088300,1933.41,72
1691088360,1933.29,71
1691088420,1933.11,74
1691088480,1932.90,57
1691088540,1932.84,83
1691088600,1932.89,69
1691088660,1932.87,59
1691088720,1933.03,70
1691088780,1932.97,82
1691088840,1933.26,66
1691088900,1933.44,89
1691088960,1933.68,72
1691089020,1933.46,70
1691089080,1933.28,85
1691089140,1933.14,122
1691089200,1933.10,103
1691089260,1933.15,105
1691089320,1933.08,102
1691089380,1933.26,87
1691089440,1933.33,64
1691089500,1933.09,61
1691089560,1933.20,35
1691089620,1933.12,41
1691089680,1933.19,56
1691089740,1933.13,26
1691089800,1933.23,27
1691089860,1933.32,44
1691089920,1933.40,32
1691089980,1933.52,62
1691090040,1933.32,51
1691090100,1933.28,47
1691090160,1932.94,72
1691090220,1932.89,62
1691090280,1932.94,79
1691090340,1932.84,53
1691090400,1932.59,92
1691090460,1932.99,86
1691090520,1933.25,52
1691090580,1933.26,42
1691090640,1933.18,37
1691090700,1933.14,39
1691090760,1933.06,59
1691090820,1932.96,59
1691090880,1933.02,44
1691090940,1933.05,58
1691091000,1933.24,90
1691091060,1933.20,50
1691091120,1933.32,35
1691091180,1933.36,40
1691091240,1933.34,54
1691091300,1933.22,85
1691091360,1933.35,53
1691091420,1933.52,65
1691091480,1933.53,62
1691091540,1933.71,36
1691091600,1933.92,46
1691091660,1933.88,53
1691091720,1933.86,88
1691091780,1934.02,39
1691091840,1934.02,65
1691091900,1934.14,80
1691091960,1933.93,78
1691092020,1933.76,49
1691092080,1933.74,51
1691092140,1933.70,72
1691092200,1933.44,83
1691092260,1933.47,52
1691092320,1933.47,59
1691092380,1933.57,73
1691092440,1933.63,54
1691092500,1933.91,99
1691092560,1933.87,78
1691092620,1933.92,51
1691092680,1934.14,88
1691092740,1934.24,106
1691092800,1934.43,79
1691092860,1934.44,145
1691092920,1934.17,67
1691092980,1934.30,56
1691093040,1934.37,77
1691093100,1934.47,67
1691093160,1934.61,39
1691093220,1934.64,31
1691093280,1934.73,38
1691093340,1934.54,34
1691093400,1934.52,33
1691093460,1934.62,37
1691093520,1934.69,33
1691093580,1934.70,28
1691093640,1934.64,22
1691093700,1934.50,23
1691093760,1934.31,21
1691093820,1934.35,37
1691093880,1934.37,33
1691093940,1934.47,32
1691094000,1934.42,36
1691094060,1934.38,17
1691094120,1934.35,34
1691094180,1934.41,14
1691094240,1934.41,17
1691094300,1934.41,10
1691094360,1934.40,24
1691094420,1934.40,31
1691094480,1934.42,36
1691094540,1934.45,36
1691094600,1934.46,33
1691094660,1934.54,29
1691094720,1934.28,42
1691094780,1934.28,24
1691094840,1934.28,8
1691094900,1934.25,34
1691094960,1934.31,26
1691095020,1934.20,13
1691095080,1934.18,16
1691095140,1934.27,21
1691095200,1934.31,25
1691095260,1934.40,15
1691095320,1934.40,4
1691095440,1934.14,29
1691095500,1934.09,46
1691095560,1933.94,37
1691095620,1934.24,41
1691095680,1934.23,34
1691095740,1934.30,31
1691095800,1934.09,49
1691095860,1934.15,32
1691095920,1934.30,46
1691095980,1934.28,14
1691096040,1934.29,56
1691096100,1934.16,26
1691096160,1934.13,24
1691100120,1934.60,33
1691100180,1934.73,22
1691100240,1934.80,27
1691100300,1934.72,50
1691100360,1934.53,48
1691100420,1934.67,25
1691100480,1934.56,13
1691100540,1934.64,29
1691100600,1934.69,44
1691100660,1934.72,21
1691100720,1934.80,49
1691100780,1934.82,33
1691100840,1934.68,29
1691100900,1934.81,41
1691100960,1934.86,29
1691101020,1934.86,24
1691101080,1934.82,28
1691101140,1934.87,28
1691101200,1934.90,38
1691101260,1935.05,22
1691101320,1935.11,26
1691101380,1935.17,16
1691101440,1935.66,52
1691101500,1935.75,40
1691101560,1935.76,26
1691101620,1936.08,55
1691101680,1935.65,109
1691101740,1936.20,49
1691101800,1935.64,55
1691101860,1936.48,82
1691101920,1936.24,76
1691101980,1936.12,92
1691102040,1936.32,9
1691102100,1936.46,34
1691102160,1936.40,53
1691102220,1936.42,14
1691102280,1936.34,63
1691102340,1936.53,69
1691102400,1936.58,37
1691102460,1935.76,44
1691102520,1935.84,8
1691102580,1935.57,8
1691102640,1935.46,18
1691102700,1935.36,25
1691102760,1935.14,32
1691102820,1935.12,42
1691102880,1935.10,43
1691102940,1935.06,24
1691103000,1934.96,25
1691103060,1934.91,70
1691103120,1934.86,24
1691103180,1934.86,18
1691103240,1934.90,13
1691103300,1934.93,2
1691103360,1934.98,9
1691103420,1935.02,7
1691103480,1935.23,22
1691103540,1935.52,35
1691103600,1935.48,26
1691103660,1935.20,18
1691103720,1935.20,38
1691103780,1935.17,15
1691103840,1935.12,39
1691103900,1935.16,10
1691103960,1935.27,27
1691104020,1935.16,25
1691104080,1935.36,8
1691104140,1935.35,9
1691104200,1935.36,9
1691104260,1935.26,5
1691104320,1935.36,10
1691104380,1935.20,14
1691104440,1935.14,6
1691104500,1935.13,9
1691104560,1935.16,3
1691104620,1935.18,23
1691104680,1935.14,21
1691104740,1935.12,5
1691104800,1935.09,11
1691104860,1935.15,6
1691104920,1935.14,12
1691104980,1935.26,11
1691105040,1935.12,24
1691105100,1935.08,14
1691105160,1935.18,34
1691105220,1935.22,11
1691105280,1935.18,11
1691105340,1935.17,14
1691105400,1935.26,20
1691105460,1935.22,22
1691105520,1935.38,62
1691105580,1935.42,22
1691105640,1935.42,15
1691105700,1935.41,17
1691105760,1935.43,10
1691105820,1935.48,25
1691105880,1935.44,14
1691105940,1935.38,18
1691106000,1935.38,24
1691106060,1935.43,33
1691106120,1935.53,17
1691106180,1935.56,7
1691106240,1935.54,11
1691106300,1935.50,43
1691106360,1935.50,32
1691106420,1935.71,53
1691106480,1935.30,27
1691106540,1935.43,42
1691106600,1935.44,42
1691106660,1935.47,26
1691106720,1935.39,14
1691106780,1935.37,4
1691106840,1935.48,11
1691106900,1935.57,10
1691106960,1935.80,22
1691107020,1935.84,32
1691107080,1935.74,34
1691107140,1935.85,42
1691107200,1935.91,45
1691107260,1935.77,68
1691107320,1935.84,43
1691107380,1935.96,43
1691107440,1935.85,18
1691107500,1935.45,69
1691107560,1935.49,59
1691107620,1935.41,39
1691107680,1935.33,76
1691107740,1935.32,45
1691107800,1935.16,50
1691107860,1935.36,27
1691107920,1935.49,43
1691107980,1935.48,41
1691108040,1935.26,30
1691108100,1935.27,31
1691108160,1935.17,28
1691108220,1935.14,36
1691108280,1935.13,51
1691108340,1935.10,56
1691108400,1935.22,40
1691108460,1935.14,67
1691108520,1935.23,76
1691108580,1935.57,49
1691108640,1935.31,9
1691108700,1935.26,52
1691108760,1935.45,37
1691108820,1935.66,55
1691108880,1935.72,24
1691108940,1935.76,67
1691109000,1935.90,59
1691109060,1936.06,47
1691109120,1935.85,42
1691109180,1935.57,35
1691109240,1935.72,39
1691109300,1935.75,35
1691109360,1935.64,73
1691109420,1935.88,53
1691109480,1935.75,68
1691109540,1935.83,54
1691109600,1935.97,77
1691109660,1936.01,64
1691109720,1936.02,75
1691109780,1936.24,69
1691109840,1936.16,67
1691109900,1936.11,68
1691109960,1935.89,88
1691110020,1935.80,110
1691110080,1935.63,97
1691110140,1935.63,78
1691110200,1935.67,52
1691110260,1935.92,68
1691110320,1936.02,69
1691110380,1935.99,70
1691110440,1936.10,59
1691110500,1936.20,55
1691110560,1936.14,68
1691110620,1936.13,44
1691110680,1936.38,36
1691110740,1936.75,52
1691110800,1937.35,221
1691110860,1937.32,164
1691110920,1937.14,129
1691110980,1936.84,116
1691111040,1936.80,94
1691111100,1936.64,98
1691111160,1936.13,117
1691111220,1936.41,110
1691111280,1936.24,80
1691111340,1936.54,52
1691111400,1937.20,120
1691111460,1936.93,127
1691111520,1936.54,144
1691111580,1936.40,145
1691111640,1936.12,83
1691111700,1936.22,155
1691111760,1936.20,104
1691111820,1935.88,87
1691111880,1935.67,95
1691111940,1936.03,95
1691112000,1936.10,105
1691112060,1935.88,93
1691112120,1936.04,99
1691112180,1935.90,67
1691112240,1936.14,98
1691112300,1936.41,95
1691112360,1936.70,101
1691112420,1936.98,101
1691112480,1937.14,95
1691112540,1937.51,110
1691112600,1937.79,150
1691112660,1937.73,111
1691112720,1936.96,154
1691112780,1936.80,122
1691112840,1936.22,123
1691112900,1936.39,119
1691112960,1937.03,174
1691113020,1936.53,163
1691113080,1936.64,177
1691113140,1936.52,143
1691113200,1936.59,133
1691113260,1936.28,127
1691113320,1936.35,135
1691113380,1936.54,140
1691113440,1936.77,144
1691113500,1936.96,130
1691113560,1936.63,113
1691113620,1936.67,128
1691113680,1936.26,85
1691113740,1935.88,106
1691113800,1936.10,132
1691113860,1936.17,90
1691113920,1935.85,149
1691113980,1936.20,135
1691114040,1936.30,163
1691114100,1936.44,147
1691114160,1936.27,131
1691114220,1936.64,132
1691114280,1936.32,141
1691114340,1936.62,117
1691114400,1936.95,121
1691114460,1937.42,101
1691114520,1936.97,89
1691114580,1936.58,87
1691114640,1936.10,175
1691114700,1936.34,124
1691114760,1936.25,106
1691114820,1935.67,156
1691114880,1935.83,136
1691114940,1936.11,78
1691115000,1936.10,89
1691115060,1935.73,103
1691115120,1935.35,113
1691115180,1935.53,134
1691115240,1935.35,164
1691115300,1935.59,142
1691115360,1935.93,147
1691115420,1936.02,116
1691115480,1936.11,90
1691115540,1935.86,98
1691115600,1935.73,94
1691115660,1935.72,110
1691115720,1935.51,124
1691115780,1935.22,113
1691115840,1934.89,101
1691115900,1935.50,170
1691115960,1935.36,79
1691116020,1935.43,63
1691116080,1935.31,94
1691116140,1935.42,70
1691116200,1935.14,176
1691116260,1935.26,159
1691116320,1935.12,112
1691116380,1935.29,133
1691116440,1935.21,60
1691116500,1934.99,117
1691116560,1935.28,128
1691116620,1935.86,196
1691116680,1935.81,129
1691116740,1935.73,80
1691116800,1935.70,85
1691116860,1935.73,170
1691116920,1935.90,155
1691116980,1936.26,129
1691117040,1936.58,194
1691117100,1936.47,133
1691117160,1936.30,117
1691117220,1936.15,81
1691117280,1936.19,103
1691117340,1936.51,65
1691117400,1936.15,117
1691117460,1935.54,163
1691117520,1935.66,61
1691117580,1935.45,95
1691117640,1935.69,81
1691117700,1935.38,77
1691117760,1935.53,86
1691117820,1935.29,69
1691117880,1935.29,70
1691117940,1935.24,123
1691118000,1934.81,141
1691118060,1934.83,118
1691118120,1934.96,83
1691118180,1935.38,82
1691118240,1935.69,65
1691118300,1935.77,50
1691118360,1936.02,91
1691118420,1935.90,76
1691118480,1935.72,79
1691118540,1935.98,131
1691118600,1936.28,96
1691118660,1936.30,54
1691118720,1936.22,66
1691118780,1936.25,78
1691118840,1936.20,75
1691118900,1936.08,43
1691118960,1935.99,70
1691119020,1935.85,74
1691119080,1936.25,72
1691119140,1936.06,59
1691119200,1936.13,46
1691119260,1936.18,57
1691119320,1936.22,50
1691119380,1936.11,57
1691119440,1936.28,70
1691119500,1936.49,67
1691119560,1936.39,57
1691119620,1936.36,43
1691119680,1936.37,62
1691119740,1936.38,42
1691119800,1936.25,55
1691119860,1936.37,42
1691119920,1936.36,42
1691119980,1936.31,45
1691120040,1936.10,43
1691120100,1936.49,43
1691120160,1936.14,53
1691120220,1936.14,49
1691120280,1936.08,28
1691120340,1936.14,15
1691120400,1935.96,32
1691120460,1935.93,28
1691120520,1935.96,24
1691120580,1935.96,23
1691120640,1935.95,20
1691120700,1935.90,45
1691120760,1935.97,57
1691120820,1935.80,29
1691120880,1935.88,24
1691120940,1935.76,54
1691121000,1935.93,64
1691121060,1935.76,61
1691121120,1935.79,35
1691121180,1935.20,64
1691121240,1935.16,37
1691121300,1935.10,35
1691121360,1934.59,98
1691121420,1935.54,95
1691121480,1935.26,107
1691121540,1935.30,16
1691121600,1935.46,79
1691121660,1934.90,54
1691121720,1934.90,52
1691121780,1935.18,38
1691121840,1935.21,83
1691121900,1935.16,22
1691121960,1935.18,43
1691122020,1935.11,25
1691122080,1934.84,50
1691122140,1935.02,62
1691122200,1935.13,57
1691122260,1935.26,59
1691122320,1935.36,61
1691122380,1934.94,89
1691122440,1934.89,37
1691122500,1934.88,56
1691122560,1934.82,27
1691122620,1934.52,94
1691122680,1934.26,64
1691122740,1934.18,65
1691122800,1934.47,180
1691122860,1934.51,64
1691122920,1934.73,61
1691122980,1934.88,34
1691123040,1934.72,23
1691123100,1934.54,47
1691123160,1934.24,43
1691123220,1933.90,48
1691123280,1933.67,122
1691123340,1933.63,51
1691123400,1933.94,47
1691123460,1934.10,72
1691123520,1934.40,55
1691123580,1934.47,52
1691123640,1934.54,39
1691123700,1934.58,54
1691123760,1934.85,29
1691123820,1935.14,62
1691123880,1934.77,82
1691123940,1934.63,45
1691124000,1934.64,52
1691124060,1934.52,39
1691124120,1934.32,63
1691124180,1934.34,17
1691124240,1934.45,56
1691124300,1935.05,55
1691124360,1934.64,130
1691124420,1934.41,64
1691124480,1934.45,25
1691124540,1934.27,52
1691124600,1934.73,89
1691124660,1935.14,64
1691124720,1935.06,58
1691124780,1935.18,22
1691124840,1935.09,17
1691124900,1935.34,79
1691124960,1934.73,124
1691125020,1934.65,57
1691125080,1934.48,54
1691125140,1934.57,42
1691125200,1934.41,73
1691125260,1934.38,109
1691125320,1934.83,106
1691125380,1934.85,82
1691125440,1934.62,53
1691125500,1934.80,38
1691125560,1934.72,46
1691125620,1934.74,20
1691125680,1934.84,30
1691125740,1935.10,33
1691125800,1934.52,85
1691125860,1934.46,105
1691125920,1934.78,81
1691125980,1934.87,60
1691126040,1934.67,97
1691126100,1935.10,101
1691126160,1935.11,100
1691126220,1935.22,103
1691126280,1935.15,73
1691126340,1935.44,46
1691126400,1935.31,57
1691126460,1935.47,86
1691126520,1935.58,86
1691126580,1935.74,72
1691126640,1935.83,103
1691126700,1935.86,70
1691126760,1935.93,78
1691126820,1935.88,95
1691126880,1936.45,89
1691126940,1936.91,113
1691127000,1936.74,183
1691127060,1936.52,167
1691127120,1936.78,166
1691127180,1936.54,141
1691127240,1936.69,93
1691127300,1936.22,112
1691127360,1936.31,93
1691127420,1936.15,72
1691127480,1936.20,95
1691127540,1936.38,79
1691127600,1937.03,67
1691127660,1936.82,103
1691127720,1936.76,84
1691127780,1936.80,54
1691127840,1937.00,75
1691127900,1936.79,134
1691127960,1936.81,74
1691128020,1937.26,109
1691128080,1937.36,110
1691128140,1937.46,74
1691128200,1937.40,117
1691128260,1937.32,85
1691128320,1936.99,67
1691128380,1937.07,50
1691128440,1936.93,60
1691128500,1936.58,58
1691128560,1936.34,44
1691128620,1936.33,54
1691128680,1936.35,48
1691128740,1936.38,65
1691128800,1935.38,199
1691128860,1935.41,104
1691128920,1935.35,127
1691128980,1935.61,112
1691129040,1935.52,99
1691129100,1935.60,121
1691129160,1935.32,108
1691129220,1934.62,99
1691129280,1934.37,120
1691129340,1934.11,102
1691129400,1933.80,104
1691129460,1933.27,131
1691129520,1933.70,176
1691129580,1933.31,130
1691129640,1934.00,174
1691129700,1934.90,145
1691129760,1934.89,108
1691129820,1935.05,126
1691129880,1934.86,73
1691129940,1934.57,81
1691130000,1934.32,59
1691130060,1934.56,88
1691130120,1934.44,117
1691130180,1934.56,88
1691130240,1934.22,61
1691130300,1934.10,62
1691130360,1934.21,60
1691130420,1934.50,59
1691130480,1934.09,83
1691130540,1933.81,80
1691130600,1933.16,116
1691130660,1933.47,128
1691130720,1933.47,108
1691130780,1933.27,101
1691130840,1932.62,164
1691130900,1932.73,184
1691130960,1932.56,130
1691131020,1932.80,136
1691131080,1933.09,98
1691131140,1933.38,90
1691131200,1933.17,88
1691131260,1933.16,70
1691131320,1933.00,76
1691131380,1933.02,55
1691131440,1933.22,72
1691131500,1933.20,75
1691131560,1933.19,85
1691131620,1933.12,99
1691131680,1933.29,34
1691131740,1933.48,78
1691131800,1933.22,86
1691131860,1933.06,111
1691131920,1933.09,105
1691131980,1933.21,112
1691132040,1933.15,82
1691132100,1933.21,104
1691132160,1933.26,73
1691132220,1933.28,84
1691132280,1933.15,93
1691132340,1933.13,56
1691132400,1932.67,162
1691132460,1933.06,153
1691132520,1932.75,142
1691132580,1932.69,126
1691132640,1933.29,138
1691132700,1933.26,124
1691132760,1933.15,106
1691132820,1933.40,126
1691132880,1933.21,120
1691132940,1933.30,65
1691133000,1933.36,96
1691133060,1933.29,123
1691133120,1933.36,122
1691133180,1933.96,128
1691133240,1933.89,97
1691133300,1933.32,119
1691133360,1933.42,100
1691133420,1932.87,103
1691133480,1932.86,59
1691133540,1932.76,96
1691133600,1932.57,108
1691133660,1932.39,106
1691133720,1932.43,81
1691133780,1932.61,89
1691133840,1932.62,84
1691133900,1932.39,111
1691133960,1932.57,135
1691134020,1932.50,84
1691134080,1932.78,114
1691134140,1932.81,80
1691134200,1933.16,101
1691134260,1932.93,111
1691134320,1932.73,76
1691134380,1933.05,71
1691134440,1933.34,95
1691134500,1933.20,109
1691134560,1933.44,66
1691134620,1933.44,86
1691134680,1933.50,55
1691134740,1933.66,74
1691134800,1933.74,89
1691134860,1933.54,79
1691134920,1933.56,78
1691134980,1933.50,115
1691135040,1933.62,53
1691135100,1933.09,76
1691135160,1933.22,60
1691135220,1933.34,55
1691135280,1933.08,68
1691135340,1933.46,89
1691135400,1933.13,109
1691135460,1933.11,73
1691135520,1932.94,73
1691135580,1933.00,59
1691135640,1933.32,89
1691135700,1933.34,71
1691135760,1933.08,81
1691135820,1932.58,83
1691135880,1932.72,59
1691135940,1932.96,86
1691136000,1932.49,85
1691136060,1932.51,80
1691136120,1932.42,109
1691136180,1932.42,110
1691136240,1932.45,104
1691136300,1932.38,116
1691136360,1932.54,96
1691136420,1932.75,91
1691136480,1932.57,120
1691136540,1933.12,114
1691136600,1933.08,97
1691136660,1933.07,67
1691136720,1932.89,106
1691136780,1932.82,76
1691136840,1933.38,75
1691136900,1933.53,96
1691136960,1933.63,36
1691137020,1933.58,65
1691137080,1933.51,50
1691137140,1933.32,50
1691137200,1933.14,73
1691137260,1933.22,66
1691137320,1933.24,74
1691137380,1933.34,40
1691137440,1933.02,63
1691137500,1933.24,90
1691137560,1933.32,46
1691137620,1933.20,44
1691137680,1933.47,64
1691137740,1933.46,63
1691137800,1933.31,86
1691137860,1933.10,57
1691137920,1932.93,55
1691137980,1933.15,53
1691138040,1933.25,72
1691138100,1933.05,78
1691138160,1933.18,114
1691138220,1933.30,80
1691138280,1933.54,77
1691138340,1933.74,97
1691138400,1932.80,104
1691138460,1933.27,101
1691138520,1933.16,113
1691138580,1933.26,65
1691138640,1933.11,82
1691138700,1933.10,91
1691138760,1933.20,73
1691138820,1933.13,76
1691138880,1932.77,83
1691138940,1932.59,82
1691139000,1932.84,96
1691139060,1932.60,85
1691139120,1932.62,88
1691139180,1932.55,66
1691139240,1932.32,72
1691139300,1932.66,96
1691139360,1932.84,62
1691139420,1932.78,58
1691139480,1932.58,82
1691139540,1932.52,108
1691139600,1932.75,89
1691139660,1932.81,75
1691139720,1932.79,70
1691139780,1933.13,61
1691139840,1933.30,76
1691139900,1933.36,64
1691139960,1933.33,54
1691140020,1933.10,81
1691140080,1933.17,58
1691140140,1933.08,74
1691140200,1933.30,64
1691140260,1933.83,68
1691140320,1934.00,60
1691140380,1933.82,50
1691140440,1933.95,54
1691140500,1934.09,80
1691140560,1934.10,30
1691140620,1934.02,50
1691140680,1933.79,74
1691140740,1933.80,47
1691140800,1933.74,74
1691140860,1933.82,32
1691140920,1933.72,69
1691140980,1933.82,65
1691141040,1933.25,75
1691141100,1933.40,48
1691141160,1933.30,41
1691141220,1933.31,90
1691141280,1933.73,89
1691141340,1934.22,78
1691141400,1933.74,92
1691141460,1933.79,78
1691141520,1933.87,106
1691141580,1933.04,117
1691141640,1933.14,83
1691141700,1932.71,79
1691141760,1932.24,106
1691141820,1933.09,122
1691141880,1933.41,55
1691141940,1933.50,50
1691142000,1933.65,69
1691142060,1933.61,80
1691142120,1933.48,69
1691142180,1933.67,66
1691142240,1933.83,53
1691142300,1933.59,79
1691142360,1933.87,71
1691142420,1933.81,63
1691142480,1933.82,55
1691142540,1933.46,115
1691142600,1933.74,89
1691142660,1933.77,70
1691142720,1933.79,75
1691142780,1933.82,74
1691142840,1933.75,75
1691142900,1933.96,68
1691142960,1933.73,123
1691143020,1933.64,75
1691143080,1933.64,76
1691143140,1933.52,119
1691143200,1933.71,104
1691143260,1933.22,58
1691143320,1933.34,64
1691143380,1933.23,61
1691143440,1933.23,57
1691143500,1933.09,90
1691143560,1932.87,91
1691143620,1932.97,69
1691143680,1932.62,122
1691143740,1932.64,112
1691143800,1932.66,41
1691143860,1932.59,70
1691143920,1932.49,90
1691143980,1932.39,83
1691144040,1932.62,91
1691144100,1932.50,65
1691144160,1932.48,64
1691144220,1932.54,69
1691144280,1932.73,42
1691144340,1932.41,72
1691144400,1932.38,29
1691144460,1932.30,81
1691144520,1932.45,46
1691144580,1932.24,33
1691144640,1931.96,75
1691144700,1932.12,97
1691144760,1932.22,83
1691144820,1931.98,55
1691144880,1932.03,72
1691144940,1932.04,59
1691145000,1931.85,83
1691145060,1931.89,93
1691145120,1931.83,44
1691145180,1931.66,83
1691145240,1931.64,87
1691145300,1931.81,78
1691145360,1931.53,111
1691145420,1931.48,97
1691145480,1931.65,48
1691145540,1931.93,63
1691145600,1932.13,82
1691145660,1932.70,93
1691145720,1932.63,80
1691145780,1932.40,83
1691145840,1932.59,54
1691145900,1932.40,72
1691145960,1932.59,109
1691146020,1932.86,87
1691146080,1933.00,40
1691146140,1933.15,89
1691146200,1932.98,77
1691146260,1932.86,72
1691146320,1932.71,50
1691146380,1932.30,67
1691146440,1931.85,95
1691146500,1931.87,82
1691146560,1931.97,67
1691146620,1932.07,56
1691146680,1932.27,62
1691146740,1932.68,55
1691146800,1932.82,139
1691146860,1932.70,101
1691146920,1932.75,103
1691146980,1932.77,59
1691147040,1933.16,81
1691147100,1933.43,55
1691147160,1933.08,81
1691147220,1932.85,90
1691147280,1932.83,57
1691147340,1932.96,66
1691147400,1932.97,62
1691147460,1932.86,95
1691147520,1932.90,80
1691147580,1932.78,46
1691147640,1932.63,85
1691147700,1932.68,68
1691147760,1932.90,63
1691147820,1932.95,90
1691147880,1932.98,85
1691147940,1933.26,67
1691148000,1932.78,71
1691148060,1932.98,44
1691148120,1932.90,89
1691148180,1932.96,59
1691148240,1933.08,35
1691148300,1932.92,46
1691148360,1933.01,74
1691148420,1933.23,84
1691148480,1933.32,50
1691148540,1933.01,66
1691148600,1932.96,92
1691148660,1932.62,91
1691148720,1932.47,83
1691148780,1932.34,84
1691148840,1932.18,91
1691148900,1932.54,151
1691148960,1932.36,106
1691149020,1932.11,112
1691149080,1932.01,121
1691149140,1931.99,70
1691149200,1931.96,76
1691149260,1932.42,73
1691149320,1932.33,73
1691149380,1932.33,75
1691149440,1932.35,73
1691149500,1932.38,76
1691149560,1932.66,95
1691149620,1932.86,88
1691149680,1931.83,113
1691149740,1931.92,152
1691149800,1931.84,122
1691149860,1932.36,128
1691149920,1932.54,111
1691149980,1932.74,105
1691150040,1932.89,87
1691150100,1933.05,65
1691150160,1932.82,105
1691150220,1932.75,96
1691150280,1932.24,106
1691150340,1932.36,96
1691150400,1931.38,151
1691150460,1931.31,220
1691150520,1931.19,136
1691150580,1931.26,106
1691150640,1931.16,122
1691150700,1930.47,119
1691150760,1930.86,120
1691150820,1931.32,167
1691150880,1930.85,162
1691150940,1931.12,178
1691151000,1931.17,122
1691151060,1930.65,157
1691151120,1931.16,146
1691151180,1931.28,185
1691151240,1931.27,144
1691151300,1931.21,147
1691151360,1931.00,125
1691151420,1930.93,147
1691151480,1931.28,169
1691151540,1931.32,192
1691151600,1930.89,194
1691151660,1931.25,209
1691151720,1932.02,182
1691151780,1932.09,142
1691151840,1932.68,193
1691151900,1932.33,235
1691151960,1932.24,181
1691152020,1932.56,166
1691152080,1932.37,154
1691152140,1932.17,193
1691152200,1935.49,334
1691152260,1935.96,459
1691152320,1936.89,451
1691152380,1933.15,341
1691152440,1935.33,441
1691152500,1934.21,428
1691152560,1936.49,433
1691152620,1936.69,421
1691152680,1936.49,422
1691152740,1937.41,408
1691152800,1938.90,420
1691152860,1940.84,404
1691152920,1942.19,406
1691152980,1940.20,422
1691153040,1939.63,404
1691153100,1939.41,382
1691153160,1939.40,385
1691153220,1940.12,346
1691153280,1941.45,348
1691153340,1941.46,349
1691153400,1941.84,352
1691153460,1940.19,366
1691153520,1941.70,351
1691153580,1941.06,365
1691153640,1941.60,343
1691153700,1940.71,305
1691153760,1939.66,295
1691153820,1938.94,269
1691153880,1940.49,318
1691153940,1939.04,344
1691154000,1939.84,391
1691154060,1939.68,356
1691154120,1941.29,356
1691154180,1941.90,353
1691154240,1942.87,315
1691154300,1944.00,385
1691154360,1943.56,364
1691154420,1943.56,346
1691154480,1943.94,334
1691154540,1943.38,323
1691154600,1942.73,314
1691154660,1943.06,254
1691154720,1942.88,240
1691154780,1942.93,318
1691154840,1943.74,295
1691154900,1942.12,286
1691154960,1941.99,359
1691155020,1941.79,341
1691155080,1942.31,280
1691155140,1941.05,264
1691155200,1941.58,281
1691155260,1940.92,279
1691155320,1942.76,271
1691155380,1941.85,304
1691155440,1940.52,271
1691155500,1940.54,262
1691155560,1941.57,254
1691155620,1941.68,254
1691155680,1941.16,278
1691155740,1941.74,272
1691155800,1942.40,323
1691155860,1943.26,365
1691155920,1942.68,328
1691155980,1942.86,336
1691156040,1943.01,364
1691156100,1944.06,323
1691156160,1946.16,366
1691156220,1945.08,372
1691156280,1945.15,381
1691156340,1945.36,317
1691156400,1945.72,350
1691156460,1945.11,339
1691156520,1945.14,324
1691156580,1945.10,334
1691156640,1946.19,338
1691156700,1945.76,336
1691156760,1945.96,339
1691156820,1945.32,313
1691156880,1945.91,290
1691156940,1945.72,311
1691157000,1945.94,314
1691157060,1944.69,311
1691157120,1944.53,322
1691157180,1944.74,306
1691157240,1944.12,328
1691157300,1944.46,312
1691157360,1943.90,300
1691157420,1943.73,297
1691157480,1943.26,298
1691157540,1943.46,281
1691157600,1942.58,326
1691157660,1942.81,303
1691157720,1942.28,308
1691157780,1942.69,313
1691157840,1942.22,263
1691157900,1941.45,290
1691157960,1940.73,326
1691158020,1941.30,333
1691158080,1941.56,304
1691158140,1941.31,282
1691158200,1942.34,290
1691158260,1941.17,261
1691158320,1942.63,257
1691158380,1942.75,263
1691158440,1942.39,220
1691158500,1943.20,284
1691158560,1942.40,215
1691158620,1942.90,256
1691158680,1943.60,217
1691158740,1943.58,231
1691158800,1942.98,276
1691158860,1942.81,224
1691158920,1943.04,229
1691158980,1942.91,207
1691159040,1943.14,213
1691159100,1943.04,228
1691159160,1943.12,183
1691159220,1941.70,211
1691159280,1942.04,216
1691159340,1941.64,237
1691159400,1942.67,231
1691159460,1943.21,198
1691159520,1943.80,218
1691159580,1943.72,230
1691159640,1943.27,202
1691159700,1942.71,225
1691159760,1942.84,217
1691159820,1942.70,219
1691159880,1942.60,178
1691159940,1942.33,203
1691160000,1942.34,191
1691160060,1941.06,251
1691160120,1941.81,194
1691160180,1942.34,187
1691160240,1942.41,201
1691160300,1941.90,210
1691160360,1941.61,192
1691160420,1941.45,201
1691160480,1940.62,208
1691160540,1940.32,206
1691160600,1940.75,229
1691160660,1940.32,215
1691160720,1940.56,192
1691160780,1939.92,178
1691160840,1939.36,241
1691160900,1939.24,250
1691160960,1939.50,213
1691161020,1939.26,240
1691161080,1939.36,228
1691161140,1939.05,228
1691161200,1938.68,225
1691161260,1938.16,238
1691161320,1937.89,238
1691161380,1938.01,212
1691161440,1938.27,214
1691161500,1938.74,190
1691161560,1938.63,190
1691161620,1938.46,192
1691161680,1939.15,199
1691161740,1939.12,167
1691161800,1940.06,169
1691161860,1939.90,129
1691161920,1939.47,134
1691161980,1939.81,188
1691162040,1939.75,130
1691162100,1940.26,201
1691162160,1940.17,153
1691162220,1939.94,128
1691162280,1940.04,96
1691162340,1940.17,105
1691162400,1940.44,134
1691162460,1940.91,168
1691162520,1941.04,169
1691162580,1941.32,162
1691162640,1941.42,120
1691162700,1941.10,171
1691162760,1941.02,177
1691162820,1941.22,133
1691162880,1940.86,131
1691162940,1940.50,194
1691163000,1940.85,142
1691163060,1941.37,116
1691163120,1941.39,145
1691163180,1941.69,147
1691163240,1940.83,150
1691163300,1941.39,174
1691163360,1941.64,143
1691163420,1941.52,125
1691163480,1941.68,127
1691163540,1942.11,104
1691163600,1942.86,146
1691163660,1943.04,193
1691163720,1942.90,176
1691163780,1943.50,170
1691163840,1943.62,168
1691163900,1943.84,159
1691163960,1943.71,131
1691164020,1943.37,137
1691164080,1943.32,145
1691164140,1943.53,120
1691164200,1943.40,125
1691164260,1943.58,105
1691164320,1943.74,112
1691164380,1943.82,97
1691164440,1943.87,68
1691164500,1943.56,133
1691164560,1942.97,104
1691164620,1942.63,161
1691164680,1942.82,127
1691164740,1942.74,183
1691164800,1942.76,138
1691164860,1942.59,155
1691164920,1942.22,115
1691164980,1942.37,96
1691165040,1942.54,90
1691165100,1942.24,138
1691165160,1941.85,99
1691165220,1941.71,115
1691165280,1941.38,163
1691165340,1941.16,153
1691165400,1941.38,128
1691165460,1941.23,120
1691165520,1941.25,120
1691165580,1941.28,149
1691165640,1941.56,142
1691165700,1941.71,154
1691165760,1941.36,101
1691165820,1941.45,111
1691165880,1941.00,91
1691165940,1941.06,119
1691166000,1941.16,93
1691166060,1941.28,88
1691166120,1941.44,94
1691166180,1941.60,121
1691166240,1941.62,106
1691166300,1941.65,141
1691166360,1941.61,108
1691166420,1942.12,100
1691166480,1942.19,111
1691166540,1942.66,110
1691166600,1942.43,94
1691166660,1942.46,119
1691166720,1942.82,124
1691166780,1942.88,101
1691166840,1943.06,106
1691166900,1942.94,100
1691166960,1942.95,68
1691167020,1943.22,81
1691167080,1942.79,138
1691167140,1942.65,95
1691167200,1942.69,85
1691167260,1942.75,109
1691167320,1942.66,77
1691167380,1942.73,110
1691167440,1943.08,109
1691167500,1943.30,122
1691167560,1943.11,110
1691167620,1943.09,106
1691167680,1943.00,99
1691167740,1942.84,97
1691167800,1942.59,100
1691167860,1942.92,110
1691167920,1942.64,68
1691167980,1942.50,128
1691168040,1942.26,119
1691168100,1942.24,129
1691168160,1942.09,103
1691168220,1941.78,131
1691168280,1941.71,115
1691168340,1941.82,101
1691168400,1941.89,130
1691168460,1941.98,117
1691168520,1941.86,131
1691168580,1941.90,91
1691168640,1941.66,91
1691168700,1941.81,107
1691168760,1941.51,178
1691168820,1941.66,126
1691168880,1941.71,124
1691168940,1941.83,89
1691169000,1941.63,84
1691169060,1941.64,63
1691169120,1941.81,76
1691169180,1941.95,79
1691169240,1941.65,94
1691169300,1941.54,116
1691169360,1941.42,114
1691169420,1941.23,99
1691169480,1941.43,134
1691169540,1940.76,111
1691169600,1941.23,91
1691169660,1941.34,82
1691169720,1941.14,104
1691169780,1941.40,98
1691169840,1941.35,136
1691169900,1941.24,103
1691169960,1941.25,74
1691170020,1941.12,109
1691170080,1941.12,98
1691170140,1940.75,182
1691170200,1941.15,104
1691170260,1941.54,89
1691170320,1940.94,113
1691170380,1940.88,129
1691170440,1941.10,104
1691170500,1941.22,93
1691170560,1941.76,92
1691170620,1941.68,77
1691170680,1941.51,68
1691170740,1941.44,108
1691170800,1941.40,118
1691170860,1941.59,108
1691170920,1941.85,108
1691170980,1941.54,68
1691171040,1941.85,89
1691171100,1941.84,80
1691171160,1941.90,95
1691171220,1941.50,94
1691171280,1941.73,71
1691171340,1941.64,101
1691171400,1942.16,126
1691171460,1941.88,113
1691171520,1942.07,76
1691171580,1941.99,56
1691171640,1942.05,82
1691171700,1942.03,101
1691171760,1942.18,105
1691171820,1942.18,122
1691171880,1942.06,88
1691171940,1942.02,63
1691172000,1941.91,96
1691172060,1941.57,135
1691172120,1941.75,128
1691172180,1941.67,114
1691172240,1942.00,100
1691172300,1942.02,112
1691172360,1941.91,78
1691172420,1941.56,71
1691172480,1941.27,59
1691172540,1941.25,65
1691172600,1941.22,78
1691172660,1941.06,64
1691172720,1941.22,47
1691172780,1941.11,40
1691172840,1940.82,44
1691172900,1940.92,71
1691172960,1940.74,85
1691173020,1940.72,55
1691173080,1940.74,84
1691173140,1940.81,104
1691173200,1940.88,98
1691173260,1940.74,126
1691173320,1940.42,114
1691173380,1940.63,105
1691173440,1940.56,109
1691173500,1940.36,94
1691173560,1940.33,113
1691173620,1940.54,104
1691173680,1940.43,114
1691173740,1940.31,48
1691173800,1939.91,77
1691173860,1939.96,87
1691173920,1940.20,85
1691173980,1940.57,97
1691174040,1940.63,59
1691174100,1940.47,62
1691174160,1940.37,64
1691174220,1940.57,41
1691174280,1940.58,60
1691174340,1940.58,58
1691174400,1940.57,37
1691174460,1940.91,75
1691174520,1941.01,74
1691174580,1940.97,68
1691174640,1940.88,60
1691174700,1941.08,88
1691174760,1940.94,89
1691174820,1940.85,76
1691174880,1940.94,72
1691174940,1940.91,59
1691175000,1940.92,79
1691175060,1941.17,112
1691175120,1941.18,115
1691175180,1941.23,118
1691175240,1941.24,52
1691175300,1941.44,88
1691175360,1940.81,119
1691175420,1940.86,82
1691175480,1941.17,72
1691175540,1941.28,124
1691175600,1941.55,161
1691175660,1941.21,76
1691175720,1941.24,60
1691175780,1941.42,63
1691175840,1941.41,70
1691175900,1941.42,38
1691175960,1941.52,34
1691176020,1941.52,44
1691176080,1941.50,80
1691176140,1941.44,72
1691176200,1941.48,30
1691176260,1941.56,52
1691176320,1941.26,64
1691176380,1941.29,42
1691176440,1941.20,64
1691176500,1941.45,67
1691176560,1940.97,90
1691176620,1940.88,75
1691176680,1941.16,60
1691176740,1941.17,84
1691176800,1941.48,144
1691176860,1941.40,63
1691176920,1941.43,111
1691176980,1941.54,62
1691177040,1941.42,75
1691177100,1941.26,70
1691177160,1941.04,53
1691177220,1941.12,51
1691177280,1941.03,61
1691177340,1941.52,101
1691177400,1941.55,120
1691177460,1941.56,78
1691177520,1941.66,120
1691177580,1941.66,87
1691177640,1941.97,113
1691177700,1942.05,128
1691177760,1942.16,95
1691177820,1942.58,121
1691177880,1942.51,108
1691177940,1942.06,116
1691178000,1942.50,82
1691178060,1942.17,77
1691178120,1942.23,111
1691178180,1941.97,79
1691178240,1941.64,99
1691178300,1941.34,104
1691178360,1941.39,38
1691178420,1941.46,62
1691178480,1941.36,90
1691178540,1941.47,46
1691178600,1941.49,69
1691178660,1941.15,99
1691178720,1941.19,41
1691178780,1941.09,82
1691178840,1941.22,99
1691178900,1941.29,91
1691178960,1941.34,51
1691179020,1941.12,81
1691179080,1941.19,63
1691179140,1941.40,111
1691179200,1941.30,76
1691179260,1941.42,75
1691179320,1941.70,58
1691179380,1941.65,44
1691179440,1941.55,41
1691179500,1941.65,29
1691179560,1941.74,23
1691179620,1941.92,46
1691179680,1941.85,35
1691179740,1941.89,43
1691179800,1941.95,37
1691179860,1942.00,26
1691179920,1941.90,34
1691179980,1941.94,18
1691180040,1942.13,25
1691180100,1942.12,6
1691180160,1941.98,24
1691180220,1941.90,27
1691180280,1941.78,18
1691180340,1941.81,23
1691180400,1941.96,22
1691180460,1941.88,27
1691180520,1941.90,16
1691180580,1941.79,14
1691180640,1941.84,22
1691180700,1941.92,35
1691180760,1941.94,22
1691180820,1941.94,8
1691180880,1941.89,8
1691180940,1941.76,48
1691181000,1941.86,18
1691181060,1941.95,7
1691181120,1941.95,4
1691181180,1941.80,12
1691181240,1941.90,26
1691181300,1941.88,24
1691181360,1942.26,46
1691181420,1942.34,29
1691181480,1942.38,20
1691181540,1942.40,15
1691181600,1942.28,22
1691181660,1942.70,50
1691181720,1942.71,26
1691181780,1942.60,34
1691181840,1942.68,34
1691181900,1942.58,50
1691181960,1942.64,14
1691182020,1942.82,59
1691182080,1942.75,10
1691182140,1942.92,24
1691182200,1942.87,41
1691182260,1943.20,104
1691182320,1943.22,58
1691182380,1943.09,36
1691182440,1942.82,68
1691182500,1942.56,41
1691182560,1942.65,57
1691359320,1942.44,58
1691359380,1942.50,48
1691359440,1942.26,37
1691359500,1942.48,37
1691359560,1942.58,40
1691359620,1943.19,51
1691359680,1943.39,41
1691359740,1943.67,36
1691359800,1943.91,56
1691359860,1943.59,43
1691359920,1944.15,56
1691359980,1944.05,65
1691360040,1944.60,90
1691360100,1945.21,78
1691360160,1944.99,59
1691360220,1945.18,45
1691360280,1945.35,26
1691360340,1945.81,70
1691360400,1944.35,155
1691360460,1945.56,98
1691360520,1945.69,41
1691360580,1946.26,52
1691360640,1946.21,53
1691360700,1946.61,35
1691360760,1946.21,45
1691360820,1945.72,30
1691360880,1945.40,34
1691360940,1945.31,19
1691361000,1944.74,44
1691361060,1944.70,42
1691361120,1944.22,50
1691361180,1944.25,58
1691361240,1944.02,36
1691361300,1944.00,29
1691361360,1943.96,44
1691361420,1943.72,38
1691361480,1943.89,36
1691361540,1943.82,50
1691361600,1943.56,46
1691361660,1943.48,22
1691361720,1943.73,30
1691361780,1943.55,35
1691361840,1943.51,20
1691361900,1943.40,36
1691361960,1943.57,58
1691362020,1943.58,19
1691362080,1943.46,24
1691362140,1943.68,17
1691362200,1943.65,45
1691362260,1943.53,19
1691362320,1943.45,22
1691362380,1943.64,50
1691362440,1942.79,68
1691362500,1942.98,28
1691362560,1943.35,49
1691362620,1943.40,30
1691362680,1943.44,36
1691362740,1943.74,16
1691362800,1943.40,52
1691362860,1943.44,38
1691362920,1943.67,36
1691362980,1943.39,53
1691363040,1943.20,27
1691363100,1943.34,33
1691363160,1943.65,30
1691363220,1943.70,23
1691363280,1943.62,28
1691363340,1943.48,25
1691363400,1943.41,34
1691363460,1943.28,38
1691363520,1943.40,38
1691363580,1943.46,17
1691363640,1943.41,22
1691363700,1943.40,14
1691363760,1943.38,23
1691363820,1943.54,26
1691363880,1943.54,23
1691363940,1943.21,28
1691364000,1943.21,40
1691364060,1943.30,21
1691364120,1943.23,14
1691364180,1943.28,12
1691364240,1943.06,16
1691364300,1943.05,27
1691364360,1942.82,19
1691364420,1942.79,15
1691364480,1943.11,36
1691364540,1943.02,36
1691364600,1942.79,30
1691364660,1942.79,45
1691364720,1943.02,48
1691364780,1942.94,27
1691364840,1943.08,30
1691364900,1943.12,13
1691364960,1943.04,10
1691365020,1943.10,13
1691365080,1943.12,12
1691365140,1943.23,48
1691365200,1943.36,44
1691365260,1943.44,29
1691365320,1943.44,43
1691365380,1943.52,34
1691365440,1943.30,61
1691365500,1943.29,59
1691365560,1943.37,21
1691365620,1943.40,45
1691365680,1943.37,57
1691365740,1943.43,54
1691365800,1943.34,28
1691365860,1943.45,29
1691365920,1943.52,31
1691365980,1943.34,22
1691366040,1943.46,24
1691366100,1943.50,64
1691366160,1943.65,23
1691366220,1943.08,60
1691366280,1943.94,80
1691366340,1943.94,37
1691366400,1943.87,55
1691366460,1943.50,63
1691366520,1943.24,57
1691366580,1943.14,72
1691366640,1943.26,52
1691366700,1943.34,49
1691366760,1943.49,57
1691366820,1943.50,73
1691366880,1943.72,113
1691366940,1943.88,71
1691367000,1944.10,129
1691367060,1944.23,69
1691367120,1944.65,56
1691367180,1944.89,40
1691367240,1945.02,56
1691367300,1945.03,87
1691367360,1944.93,93
1691367420,1945.23,66
1691367480,1944.78,103
1691367540,1944.52,96
1691367600,1944.65,55
1691367660,1944.75,59
1691367720,1945.04,38
1691367780,1944.94,43
1691367840,1944.87,49
1691367900,1944.72,33
1691367960,1944.28,34
1691368020,1944.14,40
1691368080,1943.64,20
1691368140,1943.78,40
1691368200,1943.95,79
1691368260,1944.07,44
1691368320,1944.18,31
1691368380,1944.02,38
1691368440,1944.11,31
1691368500,1944.03,29
1691368560,1943.98,17
1691368620,1943.80,13
1691368680,1943.84,7
1691368740,1943.90,40
1691368800,1943.85,57
1691368860,1944.08,101
1691368920,1943.91,38
1691368980,1944.02,44
1691369040,1944.16,26
1691369100,1944.38,51
1691369160,1944.44,40
1691369220,1944.33,38
1691369280,1944.42,37
1691369340,1944.50,25
1691369400,1944.55,82
1691369460,1944.43,120
1691369520,1944.18,74
1691369580,1944.13,52
1691369640,1944.24,70
1691369700,1944.60,105
1691369760,1944.39,69
1691369820,1944.68,55
1691369880,1944.44,54
1691369940,1944.34,90
1691370000,1944.02,176
1691370060,1943.96,148
1691370120,1943.77,103
1691370180,1943.54,75
1691370240,1943.48,105
1691370300,1943.71,88
1691370360,1943.77,94
1691370420,1943.59,84
1691370480,1943.05,87
1691370540,1943.10,78
1691370600,1943.07,121
1691370660,1943.26,84
1691370720,1943.01,66
1691370780,1942.85,89
1691370840,1943.10,66
1691370900,1943.20,81
1691370960,1943.25,114
1691371020,1942.75,99
1691371080,1942.97,84
1691371140,1942.87,46
1691371200,1942.83,76
1691371260,1943.05,106
1691371320,1943.14,66
1691371380,1943.34,91
1691371440,1943.52,100
1691371500,1943.74,83
1691371560,1942.94,116
1691371620,1942.48,81
1691371680,1942.42,73
1691371740,1942.55,105
1691371800,1942.16,170
1691371860,1942.16,106
1691371920,1942.53,118
1691371980,1942.27,99
1691372040,1942.20,127
1691372100,1941.99,109
1691372160,1941.97,103
1691372220,1942.16,82
1691372280,1942.03,76
1691372340,1941.92,62
1691372400,1942.06,75
1691372460,1942.05,64
1691372520,1942.04,52
1691372580,1941.87,72
1691372640,1941.75,87
1691372700,1941.39,86
1691372760,1941.77,133
1691372820,1941.98,109
1691372880,1941.68,77
1691372940,1941.71,93
1691373000,1941.79,97
1691373060,1942.05,111
1691373120,1942.09,82
1691373180,1942.19,84
1691373240,1942.29,96
1691373300,1942.18,77
1691373360,1942.51,37
1691373420,1942.56,64
1691373480,1942.38,81
1691373540,1942.41,45
1691373600,1942.89,93
1691373660,1942.74,60
1691373720,1942.50,68
1691373780,1942.32,71
1691373840,1942.12,77
1691373900,1942.13,80
1691373960,1942.00,76
1691374020,1941.42,63
1691374080,1941.62,51
1691374140,1941.62,70
1691374200,1941.20,82
1691374260,1940.88,49
1691374320,1941.08,98
1691374380,1940.80,83
1691374440,1940.88,81
1691374500,1940.76,43
1691374560,1940.60,76
1691374620,1940.73,73
1691374680,1940.97,65
1691374740,1941.19,70
1691374800,1941.23,39
1691374860,1941.36,50
1691374920,1941.51,56
1691374980,1941.39,27
1691375040,1941.05,51
1691375100,1941.17,39
1691375160,1940.90,51
1691375220,1940.82,44
1691375280,1940.78,52
1691375340,1940.80,48
1691375400,1940.86,82
1691375460,1940.62,94
1691375520,1940.54,52
1691375580,1940.74,73
1691375640,1940.89,66
1691375700,1941.00,130
1691375760,1940.78,98
1691375820,1940.60,71
1691375880,1940.69,68
1691375940,1940.63,50
1691376000,1940.54,62
1691376060,1940.70,65
1691376120,1940.74,40
1691376180,1940.28,86
1691376240,1940.22,47
1691376300,1940.96,138
1691376360,1940.91,50
1691376420,1940.62,50
1691376480,1940.91,94
1691376540,1940.78,57
1691376600,1940.88,24
1691376660,1941.28,114
1691376720,1940.76,91
1691376780,1940.68,93
1691376840,1940.76,80
1691376900,1940.64,78
1691376960,1940.70,49
1691377020,1940.90,68
1691377080,1940.92,61
1691377140,1940.85,76
1691377200,1940.96,61
1691377260,1941.15,22
1691377320,1941.07,34
1691377380,1941.08,30
1691377440,1941.20,43
1691377500,1941.00,32
1691377560,1941.22,35
1691377620,1941.43,48
1691377680,1941.30,78
1691377740,1941.30,37
1691377800,1941.47,84
1691377860,1941.54,46
1691377920,1941.50,60
1691377980,1941.61,62
1691378040,1941.71,43
1691378100,1941.50,43
1691378160,1941.31,41
1691378220,1941.31,40
1691378280,1941.11,62
1691378340,1941.20,66
1691378400,1941.35,33
1691378460,1941.40,40
1691378520,1941.33,52
1691378580,1941.48,27
1691378640,1941.44,29
1691378700,1941.30,45
1691378760,1941.26,35
1691378820,1941.44,36
1691378880,1941.34,39
1691378940,1941.25,60
1691379000,1941.26,31
1691379060,1941.06,37
1691379120,1941.00,31
1691379180,1940.85,45
1691379240,1940.66,27
1691379300,1940.37,59
1691379360,1940.17,72
1691379420,1940.03,47
1691379480,1940.28,80
1691379540,1940.21,23
1691379600,1940.10,51
1691379660,1940.12,30
1691379720,1939.98,36
1691379780,1939.86,32
1691379840,1939.90,38
1691379900,1940.09,51
1691379960,1940.15,27
1691380020,1939.65,28
1691380080,1939.71,32
1691380140,1939.82,37
1691380200,1939.47,50
1691380260,1939.10,104
1691380320,1938.98,64
1691380380,1938.90,88
1691380440,1938.81,43
1691380500,1938.48,84
1691380560,1939.10,178
1691380620,1938.66,136
1691380680,1939.10,132
1691380740,1939.34,240
1691380800,1939.02,160
1691380860,1938.91,108
1691380920,1938.46,78
1691380980,1937.94,122
1691381040,1937.94,84
1691381100,1938.26,63
1691381160,1938.56,64
1691381220,1938.52,30
1691381280,1938.28,33
1691381340,1938.04,37
1691381400,1938.22,44
1691381460,1938.44,33
1691381520,1938.69,55
1691381580,1938.55,44
1691381640,1938.57,38
1691381700,1938.50,57
1691381760,1938.39,41
1691381820,1938.18,51
1691381880,1938.24,50
1691381940,1938.08,76
1691382000,1938.12,78
1691382060,1938.16,48
1691382120,1938.08,28
1691382180,1937.90,80
1691382240,1938.06,27
1691382300,1937.99,43
1691382360,1937.92,24
1691382420,1937.69,45
1691382480,1937.69,35
1691382540,1937.65,48
1691382600,1938.06,69
1691382660,1938.36,53
1691382720,1938.06,56
1691382780,1938.39,49
1691382840,1938.10,73
1691382900,1938.18,39
1691382960,1938.31,19
1691383020,1938.02,37
1691383080,1937.86,50
1691383140,1937.84,42
1691383200,1938.08,44
1691383260,1937.78,28
1691383320,1937.93,51
1691383380,1938.01,26
1691383440,1938.11,19
1691383500,1938.44,53
1691383560,1938.60,53
1691383620,1938.63,40
1691383680,1938.66,32
1691383740,1938.61,36
1691383800,1938.66,56
1691383860,1938.73,40
1691383920,1938.54,24
1691383980,1938.36,36
1691384040,1938.75,41
1691384100,1938.89,87
1691384160,1938.53,41
1691384220,1938.55,52
1691384280,1938.58,33
1691384340,1938.85,37
1691384400,1938.80,41
1691384460,1938.19,72
1691384520,1938.46,88
1691384580,1938.00,101
1691384640,1938.22,85
1691384700,1938.28,41
1691384760,1938.17,34
1691384820,1938.14,58
1691384880,1938.02,61
1691384940,1937.43,104
1691385000,1937.52,66
1691385060,1937.63,79
1691385120,1937.55,36
1691385180,1937.66,68
1691385240,1937.68,50
1691385300,1937.65,60
1691385360,1937.71,67
1691385420,1937.69,57
1691385480,1937.63,53
1691385540,1937.77,35
1691385600,1937.85,39
1691385660,1937.94,42
1691385720,1938.01,45
1691385780,1938.09,39
1691385840,1938.17,29
1691385900,1938.29,44
1691385960,1938.40,41
1691386020,1938.41,63
1691386080,1938.78,51
1691386140,1938.62,79
1691386200,1938.57,140
1691386260,1938.61,74
1691386320,1938.30,109
1691386380,1938.50,86
1691386440,1938.34,56
1691386500,1938.16,83
1691386560,1937.72,96
1691386620,1937.56,81
1691386680,1937.47,80
1691386740,1937.47,93
1691386800,1937.23,68
1691386860,1937.16,81
1691386920,1936.93,75
1691386980,1937.02,68
1691387040,1937.08,56
1691387100,1937.00,68
1691387160,1936.79,64
1691387220,1936.68,90
1691387280,1936.83,99
1691387340,1936.81,41
1691387400,1936.61,95
1691387460,1936.79,47
1691387520,1936.74,54
1691387580,1936.78,67
1691387640,1936.56,112
1691387700,1937.00,101
1691387760,1937.06,98
1691387820,1936.82,97
1691387880,1937.00,149
1691387940,1936.70,75
1691388000,1936.62,127
1691388060,1936.31,116
1691388120,1935.75,114
1691388180,1935.64,123
1691388240,1936.23,171
1691388300,1936.01,128
1691388360,1936.33,86
1691388420,1936.48,43
1691388480,1937.37,100
1691388540,1937.37,90
1691388600,1937.13,102
1691388660,1936.70,88
1691388720,1936.98,84
1691388780,1936.53,117
1691388840,1937.74,156
1691388900,1937.48,187
1691388960,1937.42,92
1691389020,1937.78,96
1691389080,1937.58,81
1691389140,1937.56,45
1691389200,1937.70,73
1691389260,1937.83,52
1691389320,1938.02,93
1691389380,1937.53,220
1691389440,1937.36,104
1691389500,1937.15,95
1691389560,1937.15,73
1691389620,1937.36,87
1691389680,1936.98,72
1691389740,1936.12,101
1691389800,1936.10,74
1691389860,1936.69,89
1691389920,1937.21,67
1691389980,1937.10,80
1691390040,1936.85,83
1691390100,1937.02,87
1691390160,1937.04,85
1691390220,1937.25,84
1691390280,1936.98,104
1691390340,1937.19,105
1691390400,1937.12,70
1691390460,1937.05,84
1691390520,1937.08,97
1691390580,1937.20,129
1691390640,1937.19,57
1691390700,1937.34,55
1691390760,1937.56,72
1691390820,1937.27,86
1691390880,1937.23,93
1691390940,1937.24,86
1691391000,1936.93,108
1691391060,1937.27,83
1691391120,1937.54,85
1691391180,1937.44,54
1691391240,1937.21,63
1691391300,1937.11,65
1691391360,1937.00,63
1691391420,1937.14,92
1691391480,1936.86,72
1691391540,1937.18,110
1691391600,1936.79,169
1691391660,1936.78,157
1691391720,1936.53,138
1691391780,1936.84,118
1691391840,1936.90,100
1691391900,1936.79,107
1691391960,1936.83,95
1691392020,1936.91,96
1691392080,1937.21,119
1691392140,1937.30,104
1691392200,1937.32,86
1691392260,1937.44,100
1691392320,1937.71,108
1691392380,1938.16,80
1691392440,1937.94,110
1691392500,1937.32,90
1691392560,1937.15,74
1691392620,1937.13,97
1691392680,1937.32,101
1691392740,1937.32,103
1691392800,1937.09,71
1691392860,1936.93,142
1691392920,1937.02,56
1691392980,1937.11,71
1691393040,1937.09,90
1691393100,1937.24,84
1691393160,1937.09,89
1691393220,1937.02,97
1691393280,1936.48,118
1691393340,1936.66,97
1691393400,1936.77,92
1691393460,1936.50,44
1691393520,1936.30,108
1691393580,1936.28,81
1691393640,1936.27,83
1691393700,1936.04,86
1691393760,1936.34,82
1691393820,1935.85,104
1691393880,1935.86,102
1691393940,1935.62,94
1691394000,1936.50,89
1691394060,1936.72,122
1691394120,1936.81,99
1691394180,1937.10,106
1691394240,1937.02,85
1691394300,1936.72,95
1691394360,1936.79,134
1691394420,1936.97,114
1691394480,1937.28,93
1691394540,1937.13,100
1691394600,1937.15,94
1691394660,1937.33,80
1691394720,1936.90,92
1691394780,1936.44,103
1691394840,1936.63,79
1691394900,1936.74,69
1691394960,1937.29,82
1691395020,1936.78,126
1691395080,1936.92,67
1691395140,1936.84,97
1691395200,1936.58,99
1691395260,1936.61,100
1691395320,1936.64,81
1691395380,1936.77,96
1691395440,1936.53,68
1691395500,1936.54,72
1691395560,1936.61,84
1691395620,1936.12,105
1691395680,1935.96,79
1691395740,1935.82,140
1691395800,1935.69,59
1691395860,1935.69,81
1691395920,1935.68,77
1691395980,1934.93,90
1691396040,1935.18,118
1691396100,1935.36,91
1691396160,1935.70,83
1691396220,1935.78,89
1691396280,1935.15,107
1691396340,1934.95,125
1691396400,1935.04,96
1691396460,1935.11,69
1691396520,1935.48,57
1691396580,1935.49,60
1691396640,1935.28,79
1691396700,1935.18,81
1691396760,1934.98,75
1691396820,1934.80,51
1691396880,1934.72,55
1691396940,1934.64,101
1691397000,1934.73,110
1691397060,1934.96,74
1691397120,1935.16,81
1691397180,1935.04,104
1691397240,1934.84,88
1691397300,1934.67,99
1691397360,1935.00,91
1691397420,1935.01,88
1691397480,1935.04,95
1691397540,1934.98,82
1691397600,1934.96,106
1691397660,1934.81,75
1691397720,1935.55,101
1691397780,1936.22,125
1691397840,1936.30,87
1691397900,1936.58,85
1691397960,1936.35,84
1691398020,1936.24,70
1691398080,1936.22,64
1691398140,1935.94,71
1691398200,1936.38,73
1691398260,1936.31,88
1691398320,1936.16,87
1691398380,1936.27,81
1691398440,1936.10,70
1691398500,1935.98,67
1691398560,1936.08,70
1691398620,1936.08,75
1691398680,1936.06,38
1691398740,1936.22,60
1691398800,1936.32,85
1691398860,1936.39,76
1691398920,1936.08,70
1691398980,1936.05,53
1691399040,1935.80,82
1691399100,1935.69,52
1691399160,1935.79,60
1691399220,1936.00,53
1691399280,1936.49,80
1691399340,1936.40,88
1691399400,1936.50,64
1691399460,1936.84,75
1691399520,1937.06,94
1691399580,1937.04,77
1691399640,1937.19,65
1691399700,1937.13,86
1691399760,1937.25,62
1691399820,1937.32,74
1691399880,1937.40,67
1691399940,1937.39,19
1691400000,1937.42,69
1691400060,1937.36,88
1691400120,1937.21,101
1691400180,1937.37,81
1691400240,1937.45,58
1691400300,1937.52,58
1691400360,1937.16,82
1691400420,1937.29,99
1691400480,1937.36,62
1691400540,1936.82,102
1691400600,1936.95,112
1691400660,1936.62,115
1691400720,1936.42,75
1691400780,1935.84,80
1691400840,1935.64,84
1691400900,1935.53,73
1691400960,1935.95,88
1691401020,1935.61,70
1691401080,1935.66,66
1691401140,1935.44,92
1691401200,1935.08,71
1691401260,1935.04,77
1691401320,1935.20,76
1691401380,1935.22,59
1691401440,1934.96,62
1691401500,1934.95,111
1691401560,1934.76,99
1691401620,1934.69,55
1691401680,1934.51,104
1691401740,1934.80,86
1691401800,1934.93,98
1691401860,1934.62,73
1691401920,1934.40,93
1691401980,1934.79,62
1691402040,1934.75,58
1691402100,1934.76,110
1691402160,1934.56,81
1691402220,1934.35,109
1691402280,1934.53,103
1691402340,1934.34,106
1691402400,1934.60,99
1691402460,1934.69,84
1691402520,1935.03,132
1691402580,1935.43,86
1691402640,1935.68,74
1691402700,1935.39,98
1691402760,1934.93,110
1691402820,1934.67,106
1691402880,1934.48,75
1691402940,1934.43,78
1691403000,1934.73,85
1691403060,1934.95,61
1691403120,1935.02,106
1691403180,1934.85,93
1691403240,1935.07,77
1691403300,1934.86,79
1691403360,1935.01,65
1691403420,1934.83,88
1691403480,1935.00,92
1691403540,1934.55,104
1691403600,1934.39,100
1691403660,1934.42,71
1691403720,1934.08,71
1691403780,1934.08,63
1691403840,1934.18,66
1691403900,1934.28,95
1691403960,1934.20,65
1691404020,1934.00,81
1691404080,1934.56,121
1691404140,1934.62,80
1691404200,1934.42,115
1691404260,1934.10,138
1691404320,1933.85,97
1691404380,1934.10,86
1691404440,1933.76,119
1691404500,1934.12,104
1691404560,1934.22,44
1691404620,1933.88,67
1691404680,1933.63,82
1691404740,1933.87,60
1691404800,1933.68,100
1691404860,1933.61,75
1691404920,1933.78,58
1691404980,1934.06,61
1691405040,1933.98,64
1691405100,1934.06,58
1691405160,1934.04,61
1691405220,1933.74,80
1691405280,1933.94,61
1691405340,1934.90,102
1691405400,1934.62,105
1691405460,1935.15,108
1691405520,1935.38,92
1691405580,1935.44,71
1691405640,1935.47,91
1691405700,1935.41,59
1691405760,1935.36,77
1691405820,1935.24,80
1691405880,1935.16,57
1691405940,1935.28,66
1691406000,1935.07,95
1691406060,1934.80,103
1691406120,1934.46,65
1691406180,1934.56,73
1691406240,1934.70,49
1691406300,1934.88,47
1691406360,1935.20,103
1691406420,1935.12,62
1691406480,1934.92,65
1691406540,1934.82,100
1691406600,1934.61,80
1691406660,1934.89,56
1691406720,1934.84,66
1691406780,1934.83,81
1691406840,1934.77,38
1691406900,1934.64,62
1691406960,1934.72,54
1691407020,1934.49,54
1691407080,1934.68,60
1691407140,1934.80,54
1691407200,1934.82,58
1691407260,1934.67,64
1691407320,1935.10,84
1691407380,1934.28,128
1691407440,1934.00,120
1691407500,1933.94,66
1691407560,1934.05,73
1691407620,1934.74,93
1691407680,1934.61,72
1691407740,1934.37,59
1691407800,1934.14,75
1691407860,1934.26,89
1691407920,1934.02,111
1691407980,1933.96,81
1691408040,1933.98,91
1691408100,1934.41,84
1691408160,1934.70,99
1691408220,1935.34,117
1691408280,1935.16,81
1691408340,1935.56,74
1691408400,1935.89,118
1691408460,1936.00,98
1691408520,1936.04,71
1691408580,1935.86,66
1691408640,1936.18,134
1691408700,1935.94,76
1691408760,1935.89,85
1691408820,1936.02,65
1691408880,1935.90,80
1691408940,1936.15,98
1691409000,1935.76,80
1691409060,1935.56,67
1691409120,1936.05,83
1691409180,1936.18,80
1691409240,1936.19,86
1691409300,1936.26,112
1691409360,1936.20,76
1691409420,1936.23,66
1691409480,1936.23,82
1691409540,1936.25,74
1691409600,1935.27,134
1691409660,1934.56,130
1691409720,1934.64,150
1691409780,1934.73,81
1691409840,1934.70,82
1691409900,1935.05,111
1691409960,1935.48,118
1691410020,1936.11,109
1691410080,1935.46,114
1691410140,1935.36,139
1691410200,1935.37,106
1691410260,1935.40,76
1691410320,1935.00,84
1691410380,1935.20,105
1691410440,1935.15,88
1691410500,1934.96,108
1691410560,1934.33,130
1691410620,1934.14,101
1691410680,1933.87,136
1691410740,1933.85,130
1691410800,1934.74,221
1691410860,1934.89,193
1691410920,1935.10,126
1691410980,1936.02,141
1691411040,1935.96,124
1691411100,1936.47,112
1691411160,1936.53,107
1691411220,1936.65,126
1691411280,1936.62,120
1691411340,1936.67,141
1691411400,1936.70,184
1691411460,1936.97,168
1691411520,1936.97,160
1691411580,1936.51,128
1691411640,1936.30,116
1691411700,1935.29,156
1691411760,1936.24,152
1691411820,1936.88,163
1691411880,1936.87,111
1691411940,1936.14,120
1691412000,1936.89,171
1691412060,1936.31,143
1691412120,1936.83,128
1691412180,1936.47,112
1691412240,1936.64,89
1691412300,1936.62,126
1691412360,1936.96,75
1691412420,1936.84,119
1691412480,1936.58,82
1691412540,1936.74,114
1691412600,1937.29,131
1691412660,1937.40,124
1691412720,1936.82,121
1691412780,1936.91,154
1691412840,1936.82,79
1691412900,1937.06,94
1691412960,1937.40,77
1691413020,1937.52,62
1691413080,1938.01,168
1691413140,1938.08,167
1691413200,1939.19,227
1691413260,1939.28,227
1691413320,1939.51,202
1691413380,1939.00,190
1691413440,1939.25,148
1691413500,1938.78,181
1691413560,1938.56,218
1691413620,1938.95,173
1691413680,1939.22,149
1691413740,1940.03,163
1691413800,1940.38,194
1691413860,1940.55,160
1691413920,1940.87,141
1691413980,1940.27,144
1691414040,1940.58,158
1691414100,1940.13,196
1691414160,1939.80,181
1691414220,1939.94,133
1691414280,1940.20,123
1691414340,1940.11,109
1691414400,1939.51,120
1691414460,1939.74,141
1691414520,1940.24,184
1691414580,1940.33,143
1691414640,1941.02,200
1691414700,1941.17,183
1691414760,1941.14,146
1691414820,1941.55,169
1691414880,1940.84,155
1691414940,1940.94,172
1691415000,1940.37,225
1691415060,1939.96,187
1691415120,1938.86,286
1691415180,1939.42,213
1691415240,1938.84,210
1691415300,1938.81,229
1691415360,1939.14,211
1691415420,1939.63,189
1691415480,1940.12,197
1691415540,1940.60,166
1691415600,1940.49,152
1691415660,1940.28,254
1691415720,1940.12,233
1691415780,1939.53,218
1691415840,1939.58,234
1691415900,1939.55,229
1691415960,1938.64,191
1691416020,1938.21,158
1691416080,1937.66,204
1691416140,1937.10,259
1691416200,1937.54,243
1691416260,1936.96,235
1691416320,1936.59,209
1691416380,1936.96,207
1691416440,1936.55,223
1691416500,1935.96,240
1691416560,1935.50,204
1691416620,1935.09,201
1691416680,1934.03,289
1691416740,1933.75,275
1691416800,1932.11,350
1691416860,1932.31,306
1691416920,1932.00,300
1691416980,1932.35,282
1691417040,1931.84,242
1691417100,1932.58,260
1691417160,1932.90,255
1691417220,1932.50,174
1691417280,1933.24,190
1691417340,1934.14,178
1691417400,1934.75,182
1691417460,1935.29,205
1691417520,1934.88,227
1691417580,1934.87,195
1691417640,1935.44,166
1691417700,1935.32,170
1691417760,1936.11,180
1691417820,1935.94,199
1691417880,1935.84,210
1691417940,1936.16,146
1691418000,1935.58,171
1691418060,1935.54,172
1691418120,1935.56,187
1691418180,1935.22,181
1691418240,1935.41,150
1691418300,1935.31,125
1691418360,1935.51,127
1691418420,1935.84,106
1691418480,1936.43,131
1691418540,1936.44,107
1691418600,1936.25,148
1691418660,1936.67,165
1691418720,1936.57,172
1691418780,1936.13,144
1691418840,1935.70,142
1691418900,1935.72,148
1691418960,1935.48,148
1691419020,1935.72,139
1691419080,1935.55,111
1691419140,1935.53,132
1691419200,1935.78,113
1691419260,1935.53,162
1691419320,1935.02,151
1691419380,1935.05,137
1691419440,1934.74,134
1691419500,1934.46,126
1691419560,1934.75,141
1691419620,1935.55,161
1691419680,1935.16,125
1691419740,1934.89,163
1691419800,1934.73,176
1691419860,1934.47,159
1691419920,1934.55,139
1691419980,1934.06,145
1691420040,1933.46,162
1691420100,1933.55,157
1691420160,1933.68,168
1691420220,1933.98,170
1691420280,1934.34,189
1691420340,1934.24,161
1691420400,1934.23,155
1691420460,1934.64,170
1691420520,1934.27,186
1691420580,1934.22,110
1691420640,1933.88,114
1691420700,1933.81,106
1691420760,1934.76,133
1691420820,1934.78,119
1691420880,1934.54,130
1691420940,1934.01,146
1691421000,1934.20,189
1691421060,1934.80,122
1691421120,1935.34,155
1691421180,1934.94,146
1691421240,1934.30,123
1691421300,1934.52,137
1691421360,1934.50,135
1691421420,1934.44,130
1691421480,1934.60,100
1691421540,1934.68,125
1691421600,1934.58,124
1691421660,1934.65,124
1691421720,1934.74,116
1691421780,1934.17,115
1691421840,1934.18,88
1691421900,1934.35,127
1691421960,1934.28,131
1691422020,1934.16,104
1691422080,1933.48,170
1691422140,1933.08,158
1691422200,1933.49,160
1691422260,1933.31,136
1691422320,1933.28,126
1691422380,1933.59,104
1691422440,1933.32,90
1691422500,1933.32,122
1691422560,1933.34,88
1691422620,1933.62,122
1691422680,1933.20,171
1691422740,1933.12,118
1691422800,1933.11,103
1691422860,1933.28,139
1691422920,1933.28,98
1691422980,1933.44,85
1691423040,1933.59,125
1691423100,1933.36,103
1691423160,1933.08,79
1691423220,1933.38,126
1691423280,1933.30,125
1691423340,1933.42,86
1691423400,1933.40,108
1691423460,1933.20,130
1691423520,1933.05,119
1691423580,1933.10,96
1691423640,1932.27,189
1691423700,1932.20,159
1691423760,1932.16,143
1691423820,1932.15,130
1691423880,1932.20,143
1691423940,1932.58,135
1691424000,1932.27,159
1691424060,1933.13,170
1691424120,1933.45,140
1691424180,1933.77,104
1691424240,1933.60,103
1691424300,1933.48,70
1691424360,1933.55,104
1691424420,1933.01,103
1691424480,1933.08,106
1691424540,1933.24,93
1691424600,1932.96,128
1691424660,1932.99,123
1691424720,1932.98,82
1691424780,1933.29,146
1691424840,1933.48,117
1691424900,1933.37,122
1691424960,1933.66,60
1691425020,1933.69,128
1691425080,1933.37,118
1691425140,1933.50,59
1691425200,1933.69,112
1691425260,1933.66,87
1691425320,1933.78,89
1691425380,1933.86,65
1691425440,1934.12,131
1691425500,1934.27,117
1691425560,1934.44,96
1691425620,1934.29,102
1691425680,1934.46,84
1691425740,1934.58,55
1691425800,1934.37,59
1691425860,1934.10,93
1691425920,1934.16,74
1691425980,1934.14,63
1691426040,1934.52,65
1691426100,1934.44,98
1691426160,1934.54,67
1691426220,1934.42,91
1691426280,1934.58,80
1691426340,1934.52,69
1691426400,1934.36,119
1691426460,1934.42,81
1691426520,1934.32,57
1691426580,1934.44,88
1691426640,1934.51,72
1691426700,1934.54,65
1691426760,1934.60,82
1691426820,1934.44,78
1691426880,1934.30,104
1691426940,1934.35,54
1691427000,1934.38,112
1691427060,1934.42,111
1691427120,1934.59,67
1691427180,1934.67,81
1691427240,1934.93,96
1691427300,1934.74,95
1691427360,1934.74,81
1691427420,1934.67,97
1691427480,1934.48,90
1691427540,1934.45,92
1691427600,1934.50,111
1691427660,1934.70,111
1691427720,1934.98,92
1691427780,1935.04,82
1691427840,1934.98,92
1691427900,1935.21,91
1691427960,1935.01,110
1691428020,1934.84,95
1691428080,1934.75,88
1691428140,1934.96,86
1691428200,1934.84,113
1691428260,1934.94,64
1691428320,1934.92,85
1691428380,1934.66,86
1691428440,1934.56,67
1691428500,1934.44,71
1691428560,1934.30,90
1691428620,1934.44,86
1691428680,1934.44,82
1691428740,1934.69,95
1691428800,1934.68,88
1691428860,1934.97,111
1691428920,1935.12,85
1691428980,1935.29,99
1691429040,1935.34,118
1691429100,1935.46,65
1691429160,1935.44,60
1691429220,1935.27,64
1691429280,1935.27,53
1691429340,1935.25,234
1691429400,1935.64,146
1691429460,1935.81,78
1691429520,1935.84,80
1691429580,1936.01,77
1691429640,1935.74,69
1691429700,1936.04,91
1691429760,1936.31,125
1691429820,1936.30,78
1691429880,1936.38,99
1691429940,1936.82,104
1691430000,1936.95,72
1691430060,1936.77,90
1691430120,1936.60,90
1691430180,1936.60,49
1691430240,1936.41,57
1691430300,1936.08,99
1691430360,1936.08,63
1691430420,1935.75,65
1691430480,1935.64,26
1691430540,1935.78,51
1691430600,1935.65,77
1691430660,1935.88,58
1691430720,1935.70,56
1691430780,1935.99,59
1691430840,1936.16,44
1691430900,1936.37,70
1691430960,1935.99,81
1691431020,1936.10,62
1691431080,1936.10,56
1691431140,1936.07,62
1691431200,1936.18,66
1691431260,1936.23,82
1691431320,1936.34,123
1691431380,1936.75,100
1691431440,1936.81,80
1691431500,1936.95,81
1691431560,1936.64,87
1691431620,1936.53,70
1691431680,1936.82,57
1691431740,1936.94,103
1691431800,1936.91,69
1691431860,1936.57,106
1691431920,1936.61,36
1691431980,1936.19,77
1691432040,1936.26,109
1691432100,1936.31,99
1691432160,1936.20,44
1691432220,1936.19,40
1691432280,1936.18,47
1691432340,1936.12,32
1691432400,1935.91,78
1691432460,1935.91,50
1691432520,1935.80,38
1691432580,1935.92,21
1691432640,1936.07,69
1691432700,1936.18,49
1691432760,1936.16,69
1691432820,1936.30,51
1691432880,1936.89,139
1691432940,1936.60,91
1691433000,1936.55,91
1691433060,1936.67,72
1691433120,1936.93,92
1691433180,1936.85,36
1691433240,1936.48,72
1691433300,1936.13,72
1691433360,1936.26,48
1691433420,1936.10,45
1691433480,1936.16,40
1691433540,1936.17,74
1691433600,1936.10,67
1691433660,1936.12,46
1691433720,1936.00,58
1691433780,1936.13,67
1691433840,1936.26,51
1691433900,1936.36,59
1691433960,1935.98,58
1691434020,1936.04,40
1691434080,1936.29,71
1691434140,1936.15,55
1691434200,1936.24,72
1691434260,1936.50,65
1691434320,1936.74,60
1691434380,1936.49,60
1691434440,1936.49,59
1691434500,1936.89,76
1691434560,1936.68,76
1691434620,1936.91,84
1691434680,1937.00,72
1691434740,1937.00,138
1691434800,1936.96,92
1691434860,1937.25,59
1691434920,1937.24,26
1691434980,1937.18,67
1691435040,1937.23,33
1691435100,1937.04,55
1691435160,1936.88,61
1691435220,1937.26,57
1691435280,1937.36,53
1691435340,1937.33,52
1691435400,1937.30,61
1691435460,1937.43,53
1691435520,1937.40,63
1691435580,1937.25,52
1691435640,1937.40,58
1691435700,1937.37,34
1691435760,1937.41,37
1691435820,1937.39,39
1691435880,1937.43,55
1691435940,1937.16,40
1691436000,1937.26,67
1691436060,1937.47,72
1691436120,1937.56,44
1691436180,1937.60,50
1691436240,1937.27,52
1691436300,1937.07,44
1691436360,1937.07,51
1691436420,1936.85,67
1691436480,1936.68,97
1691436540,1936.76,54
1691436600,1936.86,49
1691436660,1936.99,32
1691436720,1936.69,45
1691436780,1936.54,42
1691436840,1936.63,37
1691436900,1936.83,37
1691436960,1936.70,30
1691437020,1936.71,29
1691437080,1936.72,56
1691437140,1936.66,24
1691437200,1936.46,39
1691437260,1936.36,40
1691437320,1936.46,52
1691437380,1936.26,39
1691437440,1936.24,33
1691437500,1936.30,30
1691437560,1936.40,19
1691437620,1936.24,48
1691437680,1936.31,8
1691437740,1936.24,64
1691437800,1936.82,71
1691437860,1936.63,58
1691437920,1936.56,55
1691437980,1936.47,49
1691438040,1936.50,72
1691438100,1936.54,37
1691438160,1936.62,41
1691438220,1936.68,48
1691438280,1936.92,75
1691438340,1936.82,136
1691438400,1936.64,76
1691438460,1936.49,89
1691438520,1936.23,66
1691438580,1936.22,37
1691438640,1936.16,39
1691438700,1936.20,55
1691438760,1936.14,48
1691438820,1936.14,29
1691438880,1936.14,15
1691438940,1936.12,25
1691439000,1935.97,23
1691439060,1936.04,27
1691439120,1935.86,24
1691439180,1935.80,33
1691439240,1935.94,43
1691439300,1936.00,32
1691439360,1936.00,23
1691439420,1935.94,24
1691439480,1935.80,21
1691439540,1935.91,31
1691439600,1936.06,17
1691439660,1936.12,28
1691439720,1936.10,23
1691439780,1936.11,13
1691439840,1936.12,26
1691439900,1936.18,21
1691439960,1936.13,31
1691440020,1936.12,21
1691440080,1936.11,14
1691440140,1935.97,49
1691440200,1935.99,23
1691440260,1935.77,40
1691440320,1935.81,11
1691440380,1935.87,35
1691440440,1935.88,12
1691440500,1935.93,23
1691440560,1936.07,9
1691440620,1936.12,2
1691440800,1936.28,14
1691440860,1936.33,16
1691440920,1936.17,60
1691440980,1936.34,38
1691441040,1936.21,37
1691441100,1936.35,40
1691441160,1936.43,19
1691441220,1936.45,15
1691441280,1936.45,18
1691441340,1936.37,32
1691441400,1936.43,64
1691441460,1936.42,25
1691441520,1936.40,28
1691441580,1936.46,37
1691441640,1936.30,30
1691441700,1936.32,21
1691441760,1936.39,27
1691445720,1936.57,33
1691445780,1936.75,28
1691445840,1936.58,31
1691445900,1936.38,42
1691445960,1936.46,34
1691446020,1936.49,25
1691446080,1936.69,8
1691446140,1936.69,19
1691446200,1936.71,11
1691446260,1936.60,23
1691446320,1936.64,2
1691446380,1936.69,10
1691446440,1936.64,10
1691446500,1936.43,50
1691446560,1936.32,37
1691446620,1936.23,30
1691446680,1936.26,53
1691446740,1936.18,20
1691446800,1936.37,18
1691446860,1936.56,29
1691446920,1936.47,10
1691446980,1936.33,72
1691447040,1936.17,34
1691447100,1936.23,11
1691447160,1936.27,16
1691447220,1936.41,13
1691447280,1936.43,10
1691447340,1936.42,10
1691447400,1936.75,25
1691447460,1936.76,5
1691447520,1936.66,13
1691447580,1936.85,73
1691447640,1936.93,48
1691447700,1937.09,38
1691447760,1937.13,53
1691447820,1937.16,24
1691447880,1937.14,31
1691447940,1937.35,17
1691448000,1937.18,42
1691448060,1937.27,19
1691448120,1937.32,43
1691448180,1937.25,25
1691448240,1937.20,55
1691448300,1937.08,31
1691448360,1937.07,16
1691448420,1936.55,40
1691448480,1936.52,44
1691448540,1936.50,29
1691448600,1936.36,35
1691448660,1936.42,58
1691448720,1935.94,67
1691448780,1935.72,108
1691448840,1935.91,79
1691448900,1936.01,76
1691448960,1935.86,52
1691449020,1935.84,70
1691449080,1935.89,7
1691449140,1936.12,30
1691449200,1937.08,117
1691449260,1937.18,92
1691449320,1937.60,89
1691449380,1937.96,52
1691449440,1937.83,70
1691449500,1937.26,65
1691449560,1936.98,41
1691449620,1936.72,50
1691449680,1936.64,52
1691449740,1936.84,31
1691449800,1936.51,42
1691449860,1936.53,45
1691449920,1936.62,22
1691449980,1936.78,22
1691450040,1936.85,12
1691450100,1936.85,7
1691450160,1936.90,28
1691450220,1937.06,45
1691450280,1937.20,34
1691450340,1937.47,44
1691450400,1937.84,63
1691450460,1937.97,67
1691450520,1937.85,42
1691450580,1937.80,56
1691450640,1937.20,46
1691450700,1937.16,22
1691450760,1937.02,25
1691450820,1936.89,22
1691450880,1937.22,32
1691450940,1937.09,32
1691451000,1937.20,45
1691451060,1937.12,32
1691451120,1937.25,26
1691451180,1937.04,13
1691451240,1936.96,38
1691451300,1937.08,24
1691451360,1937.20,27
1691451420,1936.89,29
1691451480,1937.02,17
1691451540,1937.04,16
1691451600,1937.06,4
1691451660,1936.96,9
1691451720,1936.96,50
1691451780,1937.01,22
1691451840,1937.12,18
1691451900,1937.23,48
1691451960,1936.73,41
1691452020,1936.96,55
1691452080,1936.85,11
1691452140,1937.10,15
1691452200,1937.31,13
1691452260,1937.34,8
1691452320,1937.18,18
1691452380,1937.09,37
1691452440,1937.13,25
1691452500,1937.00,17
1691452560,1937.03,21
1691452620,1936.64,39
1691452680,1936.76,25
1691452740,1936.82,16
1691452800,1937.10,101
1691452860,1937.01,100
1691452920,1936.71,79
1691452980,1936.60,54
1691453040,1936.55,28
1691453100,1936.44,70
1691453160,1936.52,54
1691453220,1936.29,42
1691453280,1936.34,84
1691453340,1936.14,93
1691453400,1936.08,58
1691453460,1936.11,67
1691453520,1936.24,45
1691453580,1936.39,22
1691453640,1935.99,76
1691453700,1936.25,84
1691453760,1936.21,59
1691453820,1936.15,46
1691453880,1936.09,39
1691453940,1936.14,46
1691454000,1936.18,34
1691454060,1935.99,53
1691454120,1935.92,45
1691454180,1935.88,72
1691454240,1935.92,49
1691454300,1935.75,41
1691454360,1935.67,27
1691454420,1935.52,55
1691454480,1935.53,51
1691454540,1935.58,58
1691454600,1935.78,53
1691454660,1935.80,57
1691454720,1935.68,75
1691454780,1935.68,63
1691454840,1935.82,39
1691454900,1935.82,41
1691454960,1935.42,46
1691455020,1935.38,66
1691455080,1935.42,57
1691455140,1935.39,35
1691455200,1935.78,63
1691455260,1935.97,88
1691455320,1935.84,35
1691455380,1935.84,54
1691455440,1935.72,39
1691455500,1935.58,41
1691455560,1935.78,55
1691455620,1935.69,64
1691455680,1935.81,37
1691455740,1935.82,45
1691455800,1935.82,67
1691455860,1935.75,46
1691455920,1935.51,69
1691455980,1935.61,89
1691456040,1935.49,65
1691456100,1935.35,75
1691456160,1935.40,72
1691456220,1935.48,26
1691456280,1935.72,46
1691456340,1935.80,65
1691456400,1935.43,87
1691456460,1935.39,90
1691456520,1935.22,77
1691456580,1934.58,108
1691456640,1934.90,98
1691456700,1935.00,126
1691456760,1934.57,116
1691456820,1934.45,120
1691456880,1934.47,90
1691456940,1934.90,122
1691457000,1934.96,114
1691457060,1935.08,69
1691457120,1934.85,93
1691457180,1934.74,83
1691457240,1935.16,78
1691457300,1935.18,187
1691457360,1934.95,134
1691457420,1934.44,125
1691457480,1934.93,128
1691457540,1934.60,107
1691457600,1934.64,110
1691457660,1934.42,135
1691457720,1934.21,131
1691457780,1934.27,145
1691457840,1933.87,114
1691457900,1933.32,130
1691457960,1933.28,124
1691458020,1933.22,124
1691458080,1933.47,123
1691458140,1933.24,100
1691458200,1933.45,130
1691458260,1933.94,158
1691458320,1933.62,122
1691458380,1933.51,105
1691458440,1933.38,110
1691458500,1932.72,158
1691458560,1932.54,168
1691458620,1932.53,209
1691458680,1932.54,163
1691458740,1932.99,152
1691458800,1933.05,157
1691458860,1933.05,84
1691458920,1932.87,113
1691458980,1932.87,152
1691459040,1932.93,99
1691459100,1932.55,155
1691459160,1932.69,113
1691459220,1932.53,127
1691459280,1932.72,124
1691459340,1932.69,95
1691459400,1932.76,98
1691459460,1932.85,115
1691459520,1932.51,79
1691459580,1932.18,98
1691459640,1932.10,126
1691459700,1931.70,115
1691459760,1932.11,129
1691459820,1931.91,87
1691459880,1931.71,106
1691459940,1931.64,103
1691460000,1931.60,147
1691460060,1931.64,141
1691460120,1931.73,123
1691460180,1931.58,152
1691460240,1932.14,131
1691460300,1932.19,100
1691460360,1932.25,99
1691460420,1932.27,83
1691460480,1932.10,92
1691460540,1931.92,82
1691460600,1931.97,95
1691460660,1932.19,103
1691460720,1932.43,90
1691460780,1932.54,83
1691460840,1932.54,68
1691460900,1932.72,78
1691460960,1932.82,44
1691461020,1932.93,79
1691461080,1933.24,86
1691461140,1933.54,86
1691461200,1933.40,93
1691461260,1933.72,106
1691461320,1933.90,160
1691461380,1933.44,165
1691461440,1933.34,51
1691461500,1933.48,85
1691461560,1933.75,73
1691461620,1933.61,69
1691461680,1933.40,68
1691461740,1933.58,57
1691461800,1933.51,109
1691461860,1933.87,84
1691461920,1934.40,163
1691461980,1934.52,119
1691462040,1934.40,115
1691462100,1934.62,118
1691462160,1934.42,109
1691462220,1934.96,94
1691462280,1934.76,82
1691462340,1935.00,40
1691462400,1934.89,156
1691462460,1934.69,156
1691462520,1934.49,80
1691462580,1934.53,105
1691462640,1934.61,138
1691462700,1934.24,84
1691462760,1934.29,55
1691462820,1934.61,67
1691462880,1934.73,85
1691462940,1934.50,71
1691463000,1934.47,52
1691463060,1934.57,85
1691463120,1934.83,99
1691463180,1934.84,65
1691463240,1934.74,51
1691463300,1934.96,94
1691463360,1934.98,69
1691463420,1935.21,66
1691463480,1935.22,60
1691463540,1935.02,59
1691463600,1934.61,89
1691463660,1934.58,82
1691463720,1934.52,60
1691463780,1934.58,46
1691463840,1934.51,34
1691463900,1934.40,44
1691463960,1934.73,67
1691464020,1934.57,63
1691464080,1933.94,84
1691464140,1933.96,91
1691464200,1934.12,64
1691464260,1934.29,90
1691464320,1934.64,79
1691464380,1934.71,127
1691464440,1934.77,140
1691464500,1935.01,167
1691464560,1934.90,75
1691464620,1934.88,94
1691464680,1934.72,75
1691464740,1934.74,57
1691464800,1934.59,72
1691464860,1934.54,50
1691464920,1934.34,61
1691464980,1934.46,76
1691465040,1934.43,69
1691465100,1934.55,53
1691465160,1934.54,49
1691465220,1934.68,47
1691465280,1934.54,54
1691465340,1934.47,53
1691465400,1934.62,63
1691465460,1934.62,52
1691465520,1934.76,18
1691465580,1934.53,62
1691465640,1933.99,61
1691465700,1934.38,53
1691465760,1934.45,47
1691465820,1934.26,29
1691465880,1934.39,37
1691465940,1934.40,25
1691466000,1934.35,29
1691466060,1934.33,44
1691466120,1934.56,61
1691466180,1934.20,27
1691466240,1934.54,30
1691466300,1934.34,40
1691466360,1934.14,20
1691466420,1933.95,45
1691466480,1933.91,44
1691466540,1933.90,25
1691466600,1933.41,95
1691466660,1933.22,57
1691466720,1933.35,29
1691466780,1933.25,41
1691466840,1933.25,47
1691466900,1933.12,57
1691466960,1933.08,61
1691467020,1933.08,42
1691467080,1933.17,33
1691467140,1933.12,34
1691467200,1933.04,43
1691467260,1932.97,39
1691467320,1933.05,44
1691467380,1933.07,37
1691467440,1932.89,70
1691467500,1933.19,56
1691467560,1933.00,52
1691467620,1932.85,93
1691467680,1933.11,87
1691467740,1932.89,38
1691467800,1933.06,71
1691467860,1932.98,44
1691467920,1932.99,22
1691467980,1933.14,60
1691468040,1933.15,45
1691468100,1932.88,42
1691468160,1932.92,44
1691468220,1932.93,39
1691468280,1933.01,52
1691468340,1932.97,58
1691468400,1932.74,59
1691468460,1933.05,44
1691468520,1933.13,51
1691468580,1933.17,66
1691468640,1933.30,28
1691468700,1933.08,13
1691468760,1933.38,53
1691468820,1933.27,46
1691468880,1933.13,60
1691468940,1933.12,27
1691469000,1933.46,60
1691469060,1933.47,34
1691469120,1933.07,51
1691469180,1933.37,59
1691469240,1933.47,46
1691469300,1933.37,54
1691469360,1933.36,41
1691469420,1933.55,28
1691469480,1933.73,40
1691469540,1933.67,41
1691469600,1933.85,22
1691469660,1933.74,38
1691469720,1933.72,47
1691469780,1933.68,33
1691469840,1933.70,15
1691469900,1933.70,32
1691469960,1933.81,34
1691470020,1933.82,17
1691470080,1934.04,42
1691470140,1934.11,43
1691470200,1934.05,50
1691470260,1933.92,56
1691470320,1934.09,40
1691470380,1934.05,31
1691470440,1934.11,22
1691470500,1934.26,29
1691470560,1934.36,29
1691470620,1934.47,63
1691470680,1934.58,35
1691470740,1934.48,29
1691470800,1934.59,60
1691470860,1934.49,58
1691470920,1934.32,65
1691470980,1934.24,51
1691471040,1934.22,59
1691471100,1934.37,45
1691471160,1934.20,68
1691471220,1933.83,66
1691471280,1933.85,68
1691471340,1933.69,52
1691471400,1933.87,32
1691471460,1934.16,78
1691471520,1934.34,57
1691471580,1934.09,62
1691471640,1933.92,48
1691471700,1934.30,163
1691471760,1933.97,40
1691471820,1934.00,78
1691471880,1934.03,75
1691471940,1933.82,54
1691472000,1933.95,25
1691472060,1933.83,18
1691472120,1933.52,37
1691472180,1933.40,54
1691472240,1933.34,58
1691472300,1933.28,54
1691472360,1933.34,72
1691472420,1933.53,40
1691472480,1933.52,35
1691472540,1933.33,67
1691472600,1932.85,118
1691472660,1933.07,72
1691472720,1933.11,93
1691472780,1933.33,76
1691472840,1933.25,68
1691472900,1933.53,47
1691472960,1933.35,55
1691473020,1933.49,79
1691473080,1933.25,38
1691473140,1933.34,34
1691473200,1933.14,38
1691473260,1933.44,55
1691473320,1934.06,86
1691473380,1934.06,127
1691473440,1933.81,91
1691473500,1934.13,78
1691473560,1934.03,64
1691473620,1934.16,65
1691473680,1934.57,101
1691473740,1934.39,88
1691473800,1934.58,74
1691473860,1934.59,87
1691473920,1934.61,86
1691473980,1934.50,119
1691474040,1934.48,87
1691474100,1934.42,73
1691474160,1934.10,82
1691474220,1933.84,96
1691474280,1933.96,81
1691474340,1934.02,105
1691474400,1934.68,212
1691474460,1934.57,147
1691474520,1933.97,95
1691474580,1933.72,86
1691474640,1933.63,80
1691474700,1933.52,65
1691474760,1932.67,124
1691474820,1933.18,204
1691474880,1933.59,97
1691474940,1934.01,70
1691475000,1933.70,65
1691475060,1933.60,79
1691475120,1933.58,80
1691475180,1933.70,70
1691475240,1933.89,98
1691475300,1934.20,86
1691475360,1934.05,76
1691475420,1933.98,112
1691475480,1934.18,107
1691475540,1933.92,85
1691475600,1933.93,117
1691475660,1934.00,78
1691475720,1934.00,48
1691475780,1934.39,98
1691475840,1933.81,66
1691475900,1933.81,106
1691475960,1934.26,104
1691476020,1933.74,123
1691476080,1933.35,103
1691476140,1933.26,115
1691476200,1933.58,81
1691476260,1933.81,100
1691476320,1934.05,102
1691476380,1933.91,80
1691476440,1934.11,91
1691476500,1933.85,100
1691476560,1933.97,91
1691476620,1933.44,144
1691476680,1933.30,90
1691476740,1933.38,94
1691476800,1933.68,160
1691476860,1933.94,113
1691476920,1933.74,78
1691476980,1933.54,106
1691477040,1933.56,67
1691477100,1933.36,100
1691477160,1933.44,94
1691477220,1933.46,84
1691477280,1933.11,113
1691477340,1933.14,108
1691477400,1933.24,85
1691477460,1933.38,99
1691477520,1933.45,78
1691477580,1933.58,88
1691477640,1933.44,100
1691477700,1933.22,133
1691477760,1933.43,89
1691477820,1933.33,97
1691477880,1933.50,95
1691477940,1933.19,118
1691478000,1932.55,156
1691478060,1933.28,182
1691478120,1933.27,155
1691478180,1933.68,141
1691478240,1933.36,140
1691478300,1933.19,176
1691478360,1932.92,91
1691478420,1933.31,121
1691478480,1932.93,108
1691478540,1933.12,96
1691478600,1933.33,110
1691478660,1933.41,135
1691478720,1932.95,78
1691478780,1933.50,123
1691478840,1933.45,136
1691478900,1933.35,121
1691478960,1933.65,133
1691479020,1933.92,95
1691479080,1934.12,133
1691479140,1933.58,90
1691479200,1933.64,174
1691479260,1933.83,163
1691479320,1934.01,135
1691479380,1934.01,104
1691479440,1933.63,137
1691479500,1933.14,101
1691479560,1933.13,96
1691479620,1932.78,101
1691479680,1932.83,129
1691479740,1932.85,134
1691479800,1932.73,171
1691479860,1932.29,167
1691479920,1932.11,140
1691479980,1931.90,202
1691480040,1931.79,155
1691480100,1931.77,131
1691480160,1931.84,138
1691480220,1932.29,88
1691480280,1932.46,121
1691480340,1932.60,101
1691480400,1932.02,102
1691480460,1932.29,118
1691480520,1932.56,103
1691480580,1932.28,115
1691480640,1932.39,72
1691480700,1932.18,75
1691480760,1931.97,93
1691480820,1931.96,120
1691480880,1931.52,94
1691480940,1931.48,134
1691481000,1931.19,105
1691481060,1931.11,100
1691481120,1931.42,103
1691481180,1931.06,132
1691481240,1931.03,58
1691481300,1931.20,119
1691481360,1931.06,104
1691481420,1930.55,98
1691481480,1930.47,136
1691481540,1930.52,118
1691481600,1930.72,152
1691481660,1930.94,110
1691481720,1931.24,61
1691481780,1931.70,117
1691481840,1930.92,127
1691481900,1930.97,133
1691481960,1931.34,131
1691482020,1931.39,91
1691482080,1931.52,76
1691482140,1931.63,110
1691482200,1931.46,77
1691482260,1931.90,110
1691482320,1932.54,131
1691482380,1932.28,119
1691482440,1931.61,124
1691482500,1931.61,94
1691482560,1931.69,73
1691482620,1931.68,91
1691482680,1931.56,62
1691482740,1931.57,75
1691482800,1931.79,70
1691482860,1931.73,87
1691482920,1931.84,80
1691482980,1932.42,117
1691483040,1932.37,80
1691483100,1932.48,88
1691483160,1932.49,77
1691483220,1932.82,91
1691483280,1932.80,114
1691483340,1932.58,92
1691483400,1932.03,86
1691483460,1931.97,107
1691483520,1932.51,136
1691483580,1932.23,127
1691483640,1932.47,111
1691483700,1932.44,98
1691483760,1932.36,89
1691483820,1932.92,107
1691483880,1932.62,89
1691483940,1932.65,70
1691484000,1932.61,110
1691484060,1933.45,200
1691484120,1933.13,171
1691484180,1933.16,103
1691484240,1933.07,50
1691484300,1933.02,84
1691484360,1933.10,77
1691484420,1933.02,70
1691484480,1933.37,90
1691484540,1933.69,94
1691484600,1934.02,93
1691484660,1933.94,80
1691484720,1934.42,95
1691484780,1934.40,83
1691484840,1934.56,109
1691484900,1934.54,109
1691484960,1934.82,118
1691485020,1935.01,120
1691485080,1935.00,108
1691485140,1935.15,113
1691485200,1935.41,148
1691485260,1934.64,85
1691485320,1934.66,87
1691485380,1934.31,110
1691485440,1934.35,65
1691485500,1934.61,87
1691485560,1934.48,73
1691485620,1934.48,72
1691485680,1934.14,111
1691485740,1934.30,90
1691485800,1934.76,98
1691485860,1934.41,89
1691485920,1934.19,92
1691485980,1933.99,104
1691486040,1934.12,85
1691486100,1933.98,97
1691486160,1933.80,115
1691486220,1933.12,171
1691486280,1933.11,144
1691486340,1933.32,71
1691486400,1932.90,108
1691486460,1933.21,127
1691486520,1933.49,109
1691486580,1933.56,46
1691486640,1933.39,83
1691486700,1933.28,87
1691486760,1933.26,98
1691486820,1932.96,108
1691486880,1933.43,99
1691486940,1933.84,74
1691487000,1934.45,99
1691487060,1934.40,116
1691487120,1934.36,115
1691487180,1934.51,136
1691487240,1933.40,254
1691487300,1933.75,118
1691487360,1934.17,150
1691487420,1934.21,81
1691487480,1934.04,98
1691487540,1934.26,80
1691487600,1934.22,61
1691487660,1934.20,75
1691487720,1933.74,128
1691487780,1934.08,112
1691487840,1933.77,98
1691487900,1933.78,93
1691487960,1933.74,68
1691488020,1933.48,79
1691488080,1933.35,102
1691488140,1933.20,100
1691488200,1933.30,69
1691488260,1933.68,72
1691488320,1933.98,75
1691488380,1934.06,73
1691488440,1934.61,89
1691488500,1934.96,101
1691488560,1934.49,76
1691488620,1934.76,69
1691488680,1934.83,72
1691488740,1934.96,55
1691488800,1935.31,99
1691488860,1935.36,102
1691488920,1935.06,114
1691488980,1934.93,148
1691489040,1934.72,113
1691489100,1933.98,86
1691489160,1934.33,95
1691489220,1934.00,111
1691489280,1933.96,72
1691489340,1933.05,134
1691489400,1933.37,135
1691489460,1933.66,95
1691489520,1933.86,44
1691489580,1934.22,57
1691489640,1933.73,79
1691489700,1933.70,95
1691489760,1933.46,68
1691489820,1933.56,46
1691489880,1933.34,51
1691489940,1933.14,77
1691490000,1933.18,64
1691490060,1933.39,73
1691490120,1933.32,83
1691490180,1933.21,98
1691490240,1933.19,67
1691490300,1933.16,62
1691490360,1932.87,55
1691490420,1932.74,78
1691490480,1932.41,89
1691490540,1932.47,113
1691490600,1932.05,113
1691490660,1932.61,97
1691490720,1932.06,86
1691490780,1931.69,126
1691490840,1932.04,155
1691490900,1932.27,126
1691490960,1932.16,89
1691491020,1931.82,101
1691491080,1931.60,88
1691491140,1931.54,106
1691491200,1931.36,91
1691491260,1931.54,84
1691491320,1931.50,98
1691491380,1931.57,59
1691491440,1931.86,94
1691491500,1931.74,67
1691491560,1931.78,55
1691491620,1932.23,64
1691491680,1932.22,78
1691491740,1932.24,63
1691491800,1932.44,87
1691491860,1932.50,78
1691491920,1932.29,78
1691491980,1932.25,80
1691492040,1931.88,115
1691492100,1931.91,96
1691492160,1931.64,66
1691492220,1931.34,52
1691492280,1931.15,60
1691492340,1930.78,133
1691492400,1930.28,157
1691492460,1930.25,196
1691492520,1930.46,140
1691492580,1930.72,148
1691492640,1930.56,117
1691492700,1930.50,122
1691492760,1930.62,81
1691492820,1930.50,112
1691492880,1930.88,77
1691492940,1931.80,119
1691493000,1932.08,126
1691493060,1932.48,132
1691493120,1932.01,148
1691493180,1932.38,110
1691493240,1932.48,78
1691493300,1932.83,105
1691493360,1932.63,113
1691493420,1932.58,115
1691493480,1932.65,123
1691493540,1932.78,121
1691493600,1932.79,110
1691493660,1933.16,111
1691493720,1932.10,160
1691493780,1932.32,118
1691493840,1932.11,139
1691493900,1932.39,108
1691493960,1932.22,123
1691494020,1932.32,69
1691494080,1932.08,77
1691494140,1932.20,77
1691494200,1931.53,128
1691494260,1931.17,114
1691494320,1930.67,147
1691494380,1930.60,134
1691494440,1930.90,116
1691494500,1930.52,133
1691494560,1930.36,108
1691494620,1930.10,130
1691494680,1930.03,135
1691494740,1930.00,145
1691494800,1930.04,133
1691494860,1930.03,120
1691494920,1929.75,121
1691494980,1929.96,137
1691495040,1930.04,127
1691495100,1929.89,104
1691495160,1929.92,106
1691495220,1929.76,105
1691495280,1929.64,128
1691495340,1929.72,131
1691495400,1929.43,140
1691495460,1929.42,113
1691495520,1928.87,166
1691495580,1928.77,194
1691495640,1929.34,158
1691495700,1929.34,156
1691495760,1929.00,94
1691495820,1929.26,123
1691495880,1929.32,112
1691495940,1928.82,124
1691496000,1928.22,165
1691496060,1927.78,297
1691496120,1927.33,247
1691496180,1927.38,219
1691496240,1927.34,212
1691496300,1927.30,192
1691496360,1926.62,242
1691496420,1926.38,212
1691496480,1925.99,238
1691496540,1925.30,208
1691496600,1924.99,221
1691496660,1924.22,187
1691496720,1923.96,236
1691496780,1924.78,225
1691496840,1925.41,263
1691496900,1924.77,237
1691496960,1925.58,257
1691497020,1925.12,211
1691497080,1925.23,178
1691497140,1925.52,244
1691497200,1925.44,294
1691497260,1926.78,248
1691497320,1927.08,295
1691497380,1926.77,282
1691497440,1927.61,259
1691497500,1927.08,222
1691497560,1926.22,232
1691497620,1926.21,191
1691497680,1926.70,174
1691497740,1926.59,140
1691497800,1927.42,251
1691497860,1926.96,218
1691497920,1927.27,222
1691497980,1926.44,188
1691498040,1926.13,220
1691498100,1926.84,190
1691498160,1927.80,215
1691498220,1929.11,240
1691498280,1929.39,285
1691498340,1928.25,239
1691498400,1927.59,219
1691498460,1926.36,210
1691498520,1926.59,206
1691498580,1926.33,139
1691498640,1925.51,197
1691498700,1926.31,235
1691498760,1926.23,204
1691498820,1926.86,184
1691498880,1925.88,221
1691498940,1926.40,265
1691499000,1925.86,156
1691499060,1926.28,211
1691499120,1925.55,173
1691499180,1925.13,181
1691499240,1925.12,130
1691499300,1924.96,203
1691499360,1925.44,167
1691499420,1925.33,190
1691499480,1925.04,156
1691499540,1925.38,260
1691499600,1925.04,321
1691499660,1925.55,233
1691499720,1925.09,256
1691499780,1925.98,252
1691499840,1925.17,224
1691499900,1925.32,211
1691499960,1925.24,240
1691500020,1925.80,209
1691500080,1926.79,205
1691500140,1927.74,235
1691500200,1928.01,252
1691500260,1928.84,245
1691500320,1928.58,230
1691500380,1928.48,213
1691500440,1928.75,170
1691500500,1928.14,192
1691500560,1927.90,180
1691500620,1927.24,155
1691500680,1926.85,146
1691500740,1926.70,207
1691500800,1926.21,133
1691500860,1926.24,164
1691500920,1926.59,169
1691500980,1927.08,196
1691501040,1926.72,178
1691501100,1926.48,163
1691501160,1926.94,149
1691501220,1925.86,147
1691501280,1925.21,194
1691501340,1924.92,232
1691501400,1923.76,315
1691501460,1923.35,298
1691501520,1923.22,277
1691501580,1923.88,269
1691501640,1925.38,278
1691501700,1925.20,252
1691501760,1925.40,259
1691501820,1926.54,208
1691501880,1926.85,247
1691501940,1926.77,258
1691502000,1925.48,269
1691502060,1926.75,275
1691502120,1927.35,232
1691502180,1927.48,280
1691502240,1926.64,235
1691502300,1925.12,250
1691502360,1924.84,294
1691502420,1923.91,218
1691502480,1924.41,197
1691502540,1926.04,267
1691502600,1926.84,281
1691502660,1926.58,217
1691502720,1926.93,246
1691502780,1926.20,195
1691502840,1926.62,208
1691502900,1926.46,238
1691502960,1926.32,157
1691503020,1926.34,173
1691503080,1926.38,140
1691503140,1926.43,178
1691503200,1926.41,244
1691503260,1926.23,244
1691503320,1926.49,242
1691503380,1926.52,192
1691503440,1926.15,172
1691503500,1925.30,214
1691503560,1926.60,231
1691503620,1926.38,211
1691503680,1925.83,166
1691503740,1925.87,180
1691503800,1926.26,142
1691503860,1925.22,221
1691503920,1925.86,187
1691503980,1926.51,232
1691504040,1927.42,224
1691504100,1926.90,221
1691504160,1927.26,195
1691504220,1927.86,231
1691504280,1928.34,234
1691504340,1928.02,198
1691504400,1927.58,218
1691504460,1927.76,170
1691504520,1927.99,193
1691504580,1928.37,184
1691504640,1928.04,176
1691504700,1928.94,190
1691504760,1929.00,164
1691504820,1929.44,209
1691504880,1929.38,154
1691504940,1929.40,176
1691505000,1929.80,221
1691505060,1929.77,201
1691505120,1929.42,194
1691505180,1928.64,167
1691505240,1928.49,170
1691505300,1928.94,181
1691505360,1929.62,171
1691505420,1929.40,146
1691505480,1929.38,169
1691505540,1929.38,166
1691505600,1929.38,166
1691505660,1930.76,174
1691505720,1931.42,188
1691505780,1931.68,202
1691505840,1931.24,183
1691505900,1930.72,205
1691505960,1930.51,197
1691506020,1930.22,133
1691506080,1930.19,163
1691506140,1929.42,190
1691506200,1928.92,149
1691506260,1928.94,159
1691506320,1928.37,168
1691506380,1927.62,189
1691506440,1927.53,176
1691506500,1927.30,215
1691506560,1927.25,179
1691506620,1927.33,192
1691506680,1927.04,176
1691506740,1927.13,165
1691506800,1927.52,187
1691506860,1927.90,186
1691506920,1927.97,184
1691506980,1927.18,151
1691507040,1927.22,189
1691507100,1927.09,146
1691507160,1927.19,148
1691507220,1926.89,163
1691507280,1926.27,191
1691507340,1926.69,195
1691507400,1926.86,180
1691507460,1927.00,142
1691507520,1927.36,175
1691507580,1927.56,145
1691507640,1927.49,154
1691507700,1927.58,166
1691507760,1927.71,143
1691507820,1927.50,138
1691507880,1927.82,159
1691507940,1927.23,157
1691508000,1927.19,145
1691508060,1927.18,164
1691508120,1926.62,122
1691508180,1926.34,129
1691508240,1926.08,232
1691508300,1926.25,170
1691508360,1925.35,169
1691508420,1925.48,173
1691508480,1925.78,163
1691508540,1926.30,124
1691508600,1926.43,130
1691508660,1926.62,132
1691508720,1926.59,128
1691508780,1926.40,122
1691508840,1926.52,128
1691508900,1927.00,158
1691508960,1926.81,164
1691509020,1926.42,104
1691509080,1926.38,143
1691509140,1926.34,142
1691509200,1926.16,118
1691509260,1925.68,131
1691509320,1925.80,122
1691509380,1926.34,106
1691509440,1926.46,88
1691509500,1925.86,124
1691509560,1926.15,105
1691509620,1926.30,142
1691509680,1926.40,108
1691509740,1925.88,149
1691509800,1925.57,115
1691509860,1925.74,144
1691509920,1926.05,111
1691509980,1925.78,64
1691510040,1926.26,90
1691510100,1926.18,58
1691510160,1925.98,52
1691510220,1925.67,62
1691510280,1925.62,74
1691510340,1925.90,108
1691510400,1925.83,118
1691510460,1925.91,135
1691510520,1925.87,92
1691510580,1925.81,143
1691510640,1925.50,120
1691510700,1925.42,98
1691510760,1925.24,95
1691510820,1925.11,195
1691510880,1925.52,168
1691510940,1925.38,140
1691511000,1925.42,137
1691511060,1925.36,123
1691511120,1925.34,118
1691511180,1925.44,107
1691511240,1925.34,130
1691511300,1925.42,112
1691511360,1925.02,74
1691511420,1925.76,113
1691511480,1926.11,122
1691511540,1926.68,158
1691511600,1927.42,130
1691511660,1927.12,117
1691511720,1927.26,89
1691511780,1927.11,102
1691511840,1927.22,92
1691511900,1927.00,82
1691511960,1927.46,61
1691512020,1927.67,87
1691512080,1928.05,62
1691512140,1927.93,124
1691512200,1927.92,108
1691512260,1928.07,115
1691512320,1928.44,121
1691512380,1928.31,101
1691512440,1927.93,101
1691512500,1927.58,93
1691512560,1927.78,122
1691512620,1927.80,65
1691512680,1927.79,83
1691512740,1927.85,71
1691512800,1927.58,76
1691512860,1927.54,79
1691512920,1927.38,102
1691512980,1927.29,73
1691513040,1927.25,95
1691513100,1927.06,99
1691513160,1927.00,96
1691513220,1926.61,86
1691513280,1926.52,81
1691513340,1926.60,81
1691513400,1926.61,105
1691513460,1926.40,81
1691513520,1926.11,103
1691513580,1925.87,91
1691513640,1925.71,94
1691513700,1925.86,90
1691513760,1925.87,111
1691513820,1925.90,100
1691513880,1925.52,72
1691513940,1925.36,108
1691514000,1924.99,169
1691514060,1925.14,124
1691514120,1925.44,241
1691514180,1925.64,113
1691514240,1925.64,131
1691514300,1925.55,167
1691514360,1925.58,146
1691514420,1925.66,136
1691514480,1925.49,138
1691514540,1925.54,95
1691514600,1925.35,131
1691514660,1925.00,139
1691514720,1924.72,97
1691514780,1924.43,154
1691514840,1924.24,125
1691514900,1923.98,187
1691514960,1923.90,114
1691515020,1924.04,148
1691515080,1924.22,140
1691515140,1924.17,133
1691515200,1923.97,114
1691515260,1924.10,113
1691515320,1924.20,118
1691515380,1924.40,167
1691515440,1924.21,148
1691515500,1924.68,118
1691515560,1924.73,84
1691515620,1925.12,89
1691515680,1925.22,48
1691515740,1925.74,216
1691515800,1925.63,106
1691515860,1925.52,94
1691515920,1925.38,143
1691515980,1925.40,110
1691516040,1925.80,114
1691516100,1926.08,131
1691516160,1926.39,140
1691516220,1926.30,106
1691516280,1926.00,80
1691516340,1926.25,92
1691516400,1925.88,118
1691516460,1926.00,135
1691516520,1925.92,132
1691516580,1926.02,70
1691516640,1926.16,102
1691516700,1926.08,111
1691516760,1925.89,84
1691516820,1925.97,82
1691516880,1926.24,66
1691516940,1925.71,90
1691517000,1925.63,88
1691517060,1925.81,113
1691517120,1925.84,92
1691517180,1925.72,61
1691517240,1925.54,92
1691517300,1925.74,54
1691517360,1925.34,56
1691517420,1925.65,59
1691517480,1925.46,84
1691517540,1925.62,88
1691517600,1925.41,118
1691517660,1925.04,87
1691517720,1924.74,83
1691517780,1924.58,92
1691517840,1924.53,67
1691517900,1924.54,97
1691517960,1924.52,48
1691518020,1924.68,75
1691518080,1924.57,61
1691518140,1924.85,67
1691518200,1924.84,109
1691518260,1924.97,62
1691518320,1925.12,77
1691518380,1925.06,93
1691518440,1925.31,92
1691518500,1925.02,86
1691518560,1924.83,80
1691518620,1924.84,72
1691518680,1924.88,87
1691518740,1924.71,86
1691518800,1924.89,104
1691518860,1925.06,117
1691518920,1925.26,104
1691518980,1925.33,56
1691519040,1925.40,64
1691519100,1925.68,84
1691519160,1925.73,96
1691519220,1925.60,117
1691519280,1925.71,69
1691519340,1925.28,116
1691519400,1925.30,102
1691519460,1925.20,88
1691519520,1925.23,97
1691519580,1924.95,76
1691519640,1924.88,80
1691519700,1925.04,82
1691519760,1924.93,46
1691519820,1925.04,70
1691519880,1925.18,86
1691519940,1925.46,73
1691520000,1925.51,62
1691520060,1925.45,71
1691520120,1925.17,66
1691520180,1925.31,79
1691520240,1925.39,51
1691520300,1925.45,36
1691520360,1925.59,76
1691520420,1925.67,69
1691520480,1925.79,63
1691520540,1925.85,43
1691520600,1926.00,68
1691520660,1926.18,79
1691520720,1925.94,70
1691520780,1925.86,81
1691520840,1925.86,61
1691520900,1925.66,66
1691520960,1925.34,79
1691521020,1925.25,87
1691521080,1925.33,55
1691521140,1925.38,74
1691521200,1925.42,80
1691521260,1925.67,40
1691521320,1925.72,64
1691521380,1925.90,68
1691521440,1925.70,54
1691521500,1925.79,56
1691521560,1925.61,48
1691521620,1925.42,47
1691521680,1925.30,38
1691521740,1925.38,31
1691521800,1925.43,70
1691521860,1925.46,58
1691521920,1925.44,52
1691521980,1925.21,56
1691522040,1925.16,44
1691522100,1925.01,49
1691522160,1925.10,45
1691522220,1925.28,56
1691522280,1925.66,56
1691522340,1925.70,57
1691522400,1925.92,34
1691522460,1926.27,62
1691522520,1926.54,74
1691522580,1926.60,60
1691522640,1926.18,61
1691522700,1926.25,59
1691522760,1926.21,42
1691522820,1926.18,46
1691522880,1925.96,54
1691522940,1925.76,42
1691523000,1925.74,87
1691523060,1925.59,59
1691523120,1925.44,62
1691523180,1925.27,75
1691523240,1925.21,40
1691523300,1925.30,41
1691523360,1925.16,48
1691523420,1925.41,110
1691523480,1925.40,41
1691523540,1925.40,18
1691523600,1925.36,78
1691523660,1925.43,57
1691523720,1925.58,73
1691523780,1925.77,73
1691523840,1925.54,58
1691523900,1925.18,85
1691523960,1925.44,66
1691524020,1925.83,62
1691524080,1925.74,46
1691524140,1925.57,46
1691524200,1925.56,65
1691524260,1925.17,86
1691524320,1925.04,82
1691524380,1924.94,61
1691524440,1925.01,89
1691524500,1924.96,86
1691524560,1924.74,80
1691524620,1924.71,94
1691524680,1924.71,124
1691524740,1924.87,174
1691524800,1924.93,89
1691524860,1924.94,33
1691524920,1924.70,65
1691524980,1924.70,49
1691525040,1924.73,81
1691525100,1924.87,52
1691525160,1925.03,38
1691525220,1925.03,13
1691525280,1925.04,16
1691525340,1925.13,42
1691525400,1925.19,41
1691525460,1925.22,29
1691525520,1925.10,36
1691525580,1925.10,28
1691525640,1925.13,24
1691525700,1925.24,12
1691525760,1925.20,24
1691525820,1925.14,22
1691525880,1925.25,16
1691525940,1925.27,18
1691526000,1925.30,42
1691526060,1925.26,13
1691526120,1925.18,40
1691526180,1925.23,20
1691526240,1925.16,31
1691526300,1925.16,18
1691526360,1925.14,2
1691526420,1925.18,2
1691526480,1925.04,16
1691526540,1925.08,22
1691526600,1925.16,20
1691526660,1925.18,16
1691526720,1925.06,39
1691526780,1925.08,20
1691526840,1925.18,16
1691526900,1925.05,8
1691526960,1925.05,22
1691527020,1925.17,19
1691527080,1925.06,24
1691527140,1925.08,2
1691527260,1925.04,38
1691527380,1925.16,8
1691527440,1925.17,2
1691527500,1924.86,34
1691527560,1924.88,4
1691527620,1924.89,26
1691527680,1924.90,14
1691527740,1924.88,8
1691527800,1924.88,18
1691527860,1924.84,14
1691527920,1924.88,21
1691527980,1924.74,26
1691528040,1924.88,13
1691528100,1924.88,20
1691528160,1924.88,15
1691532120,1924.97,26
1691532180,1924.97,1
1691532240,1924.98,10
1691532300,1925.10,12
1691532360,1925.13,22
1691532420,1925.07,13
1691532480,1925.02,8
1691532540,1925.08,2
1691532600,1925.05,4
1691532660,1924.84,22
1691532720,1925.02,20
1691532780,1925.15,61
1691532840,1924.73,33
1691532900,1925.11,84
1691532960,1925.07,21
1691533020,1925.02,14
1691533080,1924.99,20
1691533140,1924.91,25
1691533200,1924.99,43
1691533260,1925.04,3
1691533320,1925.12,13
1691533380,1925.21,6
1691533440,1925.22,10
1691533500,1925.44,38
1691533560,1925.31,30
1691533620,1925.11,15
1691533680,1925.14,4
1691533800,1925.14,4
1691533860,1925.01,10
1691533920,1925.04,24
1691533980,1925.28,8
1691534040,1925.36,14
1691534100,1925.46,11
1691534160,1925.48,5
1691534220,1925.50,12
1691534280,1925.44,28
1691534340,1925.43,6
1691534400,1925.52,11
1691534460,1925.42,7
1691534520,1925.52,9
1691534580,1925.40,12
1691534640,1925.44,10
1691534700,1925.46,12
1691534760,1925.44,22
1691534820,1925.46,4
1691534880,1925.48,16
1691534940,1925.46,22
1691535000,1925.46,10
1691535060,1925.46,26
1691535120,1925.46,14
1691535180,1925.42,22
1691535240,1925.44,8
1691535300,1925.43,30
1691535360,1925.42,8
1691535420,1925.35,8
1691535480,1925.30,11
1691535540,1925.05,39
1691535600,1924.99,46
1691535660,1924.89,33
1691535720,1924.98,14
1691535780,1925.11,19
1691535840,1925.12,22
1691535900,1925.10,12
1691535960,1925.20,6
1691536020,1925.30,7
1691536080,1925.40,12
1691536140,1925.27,12
1691536200,1925.34,27
1691536260,1925.33,19
1691536320,1925.44,19
1691536380,1925.55,20
1691536440,1925.57,10
1691536500,1925.57,12
1691536560,1925.54,10
1691536620,1925.36,21
1691536680,1925.41,22
1691536740,1925.41,23
1691536800,1925.39,8
1691536860,1925.39,23
1691536920,1925.30,10
1691536980,1925.30,4
1691537040,1925.38,12
1691537100,1925.39,8
1691537160,1925.38,6
1691537340,1925.47,14
1691537400,1925.22,22
1691537460,1925.28,17
1691537520,1925.35,20
1691537580,1925.16,22
1691537640,1925.26,14
1691537700,1925.34,10
1691537760,1925.36,12
1691537820,1925.47,12
1691537880,1925.48,16
1691537940,1925.40,25
1691538000,1925.47,17
1691538060,1925.58,25
1691538120,1925.57,26
1691538180,1925.56,28
1691538240,1925.56,24
1691538300,1925.57,68
1691538360,1925.65,47
1691538420,1925.65,38
1691538480,1925.65,47
1691538540,1925.48,15
1691538600,1925.39,32
1691538660,1925.50,24
1691538720,1925.56,26
1691538780,1925.60,35
1691538840,1925.60,26
1691538900,1925.60,10
1691538960,1925.38,20
1691539020,1925.34,34
1691539080,1925.46,33
1691539140,1925.62,26
1691539200,1925.80,63
1691539260,1925.82,81
1691539320,1925.82,43
1691539380,1925.84,26
1691539440,1925.97,32
1691539500,1926.05,26
1691539560,1925.99,38
1691539620,1925.99,20
1691539680,1925.98,22
1691539740,1925.97,23
1691539800,1926.19,37
1691539860,1926.20,45
1691539920,1926.29,23
1691539980,1926.21,16
1691540040,1926.15,38
1691540100,1926.09,30
1691540160,1925.98,49
1691540220,1925.72,36
1691540280,1925.66,45
1691540340,1925.66,32
1691540400,1925.69,39
1691540460,1925.74,22
1691540520,1925.72,44
1691540580,1925.52,40
1691540640,1925.78,56
1691540700,1925.74,54
1691540760,1925.94,71
1691540820,1925.91,35
1691540880,1925.88,10
1691540940,1925.85,24
1691541000,1926.02,54
1691541060,1926.17,46
1691541120,1926.12,39
1691541180,1926.12,52
1691541240,1926.24,16
1691541300,1926.14,40
1691541360,1926.22,30
1691541420,1926.41,47
1691541480,1926.45,60
1691541540,1926.41,40
1691541600,1926.49,50
1691541660,1926.51,46
1691541720,1926.46,46
1691541780,1926.42,42
1691541840,1926.29,38
1691541900,1926.23,38
1691541960,1926.12,10
1691542020,1926.01,22
1691542080,1925.66,60
1691542140,1925.72,25
1691542200,1925.63,82
1691542260,1925.62,40
1691542320,1925.32,47
1691542380,1925.40,61
1691542440,1925.46,96
1691542500,1925.48,51
1691542560,1925.04,57
1691542620,1924.86,60
1691542680,1925.22,80
1691542740,1925.12,50
1691542800,1924.67,134
1691542860,1924.50,115
1691542920,1924.57,85
1691542980,1924.67,116
1691543040,1925.14,66
1691543100,1925.18,36
1691543160,1924.81,89
1691543220,1924.94,51
1691543280,1925.28,69
1691543340,1925.27,42
1691543400,1925.56,89
1691543460,1925.66,87
1691543520,1925.66,83
1691543580,1925.77,83
1691543640,1925.72,72
1691543700,1925.94,170
1691543760,1926.47,138
1691543820,1926.54,112
1691543880,1926.63,109
1691543940,1927.06,117
1691544000,1927.14,76
1691544060,1927.20,121
1691544120,1927.02,86
1691544180,1926.57,107
1691544240,1926.62,81
1691544300,1926.85,130
1691544360,1926.90,72
1691544420,1926.94,64
1691544480,1927.02,60
1691544540,1927.59,109
1691544600,1927.52,137
1691544660,1927.94,149
1691544720,1927.66,98
1691544780,1928.07,157
1691544840,1928.78,164
1691544900,1928.66,152
1691544960,1928.60,129
1691545020,1929.06,119
1691545080,1928.68,134
1691545140,1928.34,139
1691545200,1927.60,124
1691545260,1927.88,94
1691545320,1928.07,139
1691545380,1928.04,98
1691545440,1928.01,101
1691545500,1928.26,159
1691545560,1928.10,121
1691545620,1928.22,88
1691545680,1928.20,104
1691545740,1928.39,122
1691545800,1928.20,71
1691545860,1928.23,95
1691545920,1928.55,106
1691545980,1928.39,92
1691546040,1928.28,65
1691546100,1927.96,49
1691546160,1928.23,71
1691546220,1928.01,90
1691546280,1927.49,97
1691546340,1927.72,86
1691546400,1927.64,84
1691546460,1927.70,116
1691546520,1927.71,68
1691546580,1927.72,84
1691546640,1927.74,85
1691546700,1927.61,110
1691546760,1927.83,70
1691546820,1927.68,120
1691546880,1927.61,61
1691546940,1927.78,90
1691547000,1927.98,67
1691547060,1928.12,75
1691547120,1927.95,78
1691547180,1928.02,77
1691547240,1927.93,52
1691547300,1927.94,91
1691547360,1928.04,74
1691547420,1928.50,73
1691547480,1928.63,95
1691547540,1928.62,76
1691547600,1928.62,34
1691547660,1928.41,62
1691547720,1928.57,41
1691547780,1928.44,46
1691547840,1928.69,94
1691547900,1928.30,152
1691547960,1928.60,96
1691548020,1928.65,56
1691548080,1928.64,62
1691548140,1928.83,44
1691548200,1928.68,102
1691548260,1929.02,90
1691548320,1929.26,132
1691548380,1929.07,65
1691548440,1928.89,74
1691548500,1929.16,85
1691548560,1929.19,75
1691548620,1929.52,110
1691548680,1929.57,80
1691548740,1929.43,73
1691548800,1929.38,123
1691548860,1929.33,58
1691548920,1929.10,42
1691548980,1929.38,98
1691549040,1929.50,74
1691549100,1929.50,67
1691549160,1929.27,74
1691549220,1929.34,64
1691549280,1929.86,73
1691549340,1929.72,73
1691549400,1929.73,78
1691549460,1929.99,70
1691549520,1930.45,112
1691549580,1930.41,75
1691549640,1930.62,77
1691549700,1929.98,78
1691549760,1929.85,93
1691549820,1929.82,59
1691549880,1929.72,93
1691549940,1929.66,71
1691550000,1929.74,120
1691550060,1930.47,128
1691550120,1930.67,120
1691550180,1930.48,104
1691550240,1930.45,74
1691550300,1929.90,104
1691550360,1929.53,84
1691550420,1929.26,116
1691550480,1929.37,85
1691550540,1929.34,57
1691550600,1929.35,72
1691550660,1929.40,89
1691550720,1929.43,74
1691550780,1929.25,73
1691550840,1929.22,76
1691550900,1928.68,134
1691550960,1929.36,100
1691551020,1929.96,276
1691551080,1929.72,114
1691551140,1930.26,140
1691551200,1930.02,110
1691551260,1929.96,92
1691551320,1929.98,72
1691551380,1929.83,66
1691551440,1929.64,46
1691551500,1930.07,70
1691551560,1929.99,63
1691551620,1929.75,49
1691551680,1929.95,24
1691551740,1929.79,29
1691551800,1929.99,41
1691551860,1929.60,40
1691551920,1929.72,74
1691551980,1929.69,59
1691552040,1929.68,23
1691552100,1930.01,46
1691552160,1930.00,42
1691552220,1930.00,22
1691552280,1930.01,6
1691552340,1929.96,63
1691552400,1930.44,67
1691552460,1930.18,55
1691552520,1930.11,35
1691552580,1930.16,22
1691552640,1930.12,36
1691552700,1930.18,16
1691552760,1930.21,37
1691552820,1930.06,57
1691552880,1929.89,44
1691552940,1929.95,20
1691553000,1930.17,34
1691553060,1930.15,42
1691553120,1930.20,23
1691553180,1930.31,35
1691553240,1930.45,32
1691553300,1930.44,36
1691553360,1930.67,86
1691553420,1930.06,96
1691553480,1930.20,54
1691553540,1930.14,39
1691553600,1929.72,126
1691553660,1929.80,55
1691553720,1929.99,62
1691553780,1929.95,43
1691553840,1930.09,65
1691553900,1930.16,41
1691553960,1930.15,38
1691554020,1930.44,79
1691554080,1930.40,55
1691554140,1930.42,37
1691554200,1930.47,22
1691554260,1930.28,36
1691554320,1930.19,41
1691554380,1930.38,36
1691554440,1930.40,60
1691554500,1930.55,152
1691554560,1930.46,62
1691554620,1930.57,64
1691554680,1930.39,46
1691554740,1930.37,33
1691554800,1930.37,54
1691554860,1930.27,35
1691554920,1930.39,41
1691554980,1930.27,45
1691555040,1930.20,40
1691555100,1930.04,38
1691555160,1930.20,36
1691555220,1930.18,42
1691555280,1930.31,44
1691555340,1930.43,31
1691555400,1930.24,41
1691555460,1930.24,31
1691555520,1930.26,57
1691555580,1930.08,19
1691555640,1929.96,56
1691555700,1930.32,34
1691555760,1930.28,43
1691555820,1930.18,33
1691555880,1930.16,6
1691555940,1930.16,18
1691556000,1930.27,28
1691556060,1930.36,31
1691556120,1930.40,22
1691556180,1930.57,69
1691556240,1930.66,41
1691556300,1930.82,61
1691556360,1930.81,38
1691556420,1930.73,56
1691556480,1930.30,45
1691556540,1930.23,34
1691556600,1930.36,26
1691556660,1930.46,48
1691556720,1930.64,20
1691556780,1930.56,30
1691556840,1930.44,43
1691556900,1930.62,21
1691556960,1930.73,39
1691557020,1930.58,60
1691557080,1930.36,71
1691557140,1930.34,28
1691557200,1930.31,96
1691557260,1930.16,54
1691557320,1930.52,50
1691557380,1930.53,39
1691557440,1930.84,65
1691557500,1931.14,102
1691557560,1931.30,85
1691557620,1931.27,54
1691557680,1931.40,48
1691557740,1931.53,25
1691557800,1931.59,27
1691557860,1931.63,47
1691557920,1931.93,67
1691557980,1931.68,77
1691558040,1931.50,86
1691558100,1931.74,51
1691558160,1931.88,44
1691558220,1932.05,67
1691558280,1932.04,45
1691558340,1931.82,95
1691558400,1931.76,31
1691558460,1931.77,39
1691558520,1931.21,54
1691558580,1931.25,71
1691558640,1931.38,62
1691558700,1931.24,44
1691558760,1931.62,50
1691558820,1931.52,64
1691558880,1931.73,37
1691558940,1931.56,32
1691559000,1931.43,106
1691559060,1931.30,57
1691559120,1931.30,43
1691559180,1931.34,40
1691559240,1931.85,129
1691559300,1931.70,91
1691559360,1931.62,72
1691559420,1931.47,91
1691559480,1931.19,146
1691559540,1930.87,91
1691559600,1930.98,24
1691559660,1931.26,78
1691559720,1931.16,54
1691559780,1931.14,62
1691559840,1931.15,70
1691559900,1931.26,46
1691559960,1931.27,22
1691560020,1930.98,80
1691560080,1931.00,95
1691560140,1931.13,108
1691560200,1931.10,58
1691560260,1931.22,69
1691560320,1931.08,44
1691560380,1931.15,63
1691560440,1931.28,64
1691560500,1931.24,56
1691560560,1931.40,50
1691560620,1931.50,48
1691560680,1931.36,58
1691560740,1931.16,66
1691560800,1931.32,106
1691560860,1931.40,54
1691560920,1930.98,30
1691560980,1931.30,78
1691561040,1931.28,68
1691561100,1931.65,48
1691561160,1932.20,96
1691561220,1932.08,84
1691561280,1931.80,91
1691561340,1931.52,72
1691561400,1931.14,114
1691561460,1931.10,82
1691561520,1931.20,61
1691561580,1930.88,40
1691561640,1930.76,76
1691561700,1930.53,58
1691561760,1929.98,97
1691561820,1930.12,78
1691561880,1930.11,52
1691561940,1929.82,96
1691562000,1929.48,146
1691562060,1929.44,218
1691562120,1929.30,157
1691562180,1929.17,113
1691562240,1929.40,79
1691562300,1929.62,67
1691562360,1929.94,48
1691562420,1929.84,74
1691562480,1929.84,60
1691562540,1929.76,38
1691562600,1930.23,86
1691562660,1930.44,72
1691562720,1930.62,128
1691562780,1930.52,68
1691562840,1930.64,71
1691562900,1931.07,68
1691562960,1930.77,84
1691563020,1931.02,105
1691563080,1930.92,63
1691563140,1930.68,80
1691563200,1930.83,90
1691563260,1930.94,70
1691563320,1930.92,76
1691563380,1930.84,32
1691563440,1930.70,71
1691563500,1930.30,62
1691563560,1930.44,90
1691563620,1930.48,46
1691563680,1930.16,45
1691563740,1930.24,51
1691563800,1929.94,114
1691563860,1929.96,81
1691563920,1929.86,78
1691563980,1929.94,50
1691564040,1929.89,73
1691564100,1929.84,66
1691564160,1930.28,60
1691564220,1930.19,80
1691564280,1930.18,64
1691564340,1930.28,62
1691564400,1929.94,144
1691564460,1930.18,106
1691564520,1930.56,125
1691564580,1930.41,166
1691564640,1930.52,108
1691564700,1930.53,112
1691564760,1930.73,118
1691564820,1930.13,104
1691564880,1929.96,101
1691564940,1929.96,118
1691565000,1930.18,91
1691565060,1930.17,94
1691565120,1929.88,78
1691565180,1930.36,89
1691565240,1930.23,107
1691565300,1930.18,94
1691565360,1930.54,62
1691565420,1929.95,82
1691565480,1930.19,60
1691565540,1930.01,82
1691565600,1930.90,110
1691565660,1930.16,148
1691565720,1930.32,70
1691565780,1930.16,83
1691565840,1930.15,72
1691565900,1929.80,77
1691565960,1930.01,57
1691566020,1930.06,51
1691566080,1929.98,56
1691566140,1929.91,90
1691566200,1930.39,69
1691566260,1930.44,88
1691566320,1930.14,117
1691566380,1929.88,88
1691566440,1930.02,104
1691566500,1930.11,111
1691566560,1930.12,112
1691566620,1930.15,86
1691566680,1930.24,90
1691566740,1930.25,70
1691566800,1929.90,64
1691566860,1929.49,52
1691566920,1929.77,108
1691566980,1929.92,62
1691567040,1929.64,83
1691567100,1929.53,66
1691567160,1929.64,78
1691567220,1929.55,20
1691567280,1929.64,54
1691567340,1929.62,50
1691567400,1929.86,30
1691567460,1929.97,50
1691567520,1930.06,42
1691567580,1930.24,72
1691567640,1930.68,67
1691567700,1930.48,82
1691567760,1930.62,84
1691567820,1930.56,118
1691567880,1930.44,42
1691567940,1930.64,94
1691568000,1930.51,112
1691568060,1930.71,74
1691568120,1930.67,84
1691568180,1930.62,80
1691568240,1930.68,82
1691568300,1930.39,98
1691568360,1930.42,115
1691568420,1930.50,104
1691568480,1930.33,85
1691568540,1930.22,72
1691568600,1930.01,105
1691568660,1929.95,82
1691568720,1929.94,80
1691568780,1930.05,90
1691568840,1930.14,83
1691568900,1929.80,100
1691568960,1929.36,125
1691569020,1929.09,124
1691569080,1929.43,93
1691569140,1929.34,71
1691569200,1929.44,87
1691569260,1929.04,88
1691569320,1929.12,59
1691569380,1928.82,92
1691569440,1928.22,188
1691569500,1928.61,166
1691569560,1928.41,124
1691569620,1928.25,125
1691569680,1928.05,80
1691569740,1928.24,84
1691569800,1928.50,99
1691569860,1928.31,85
1691569920,1928.52,81
1691569980,1928.53,66
1691570040,1928.95,64
1691570100,1928.65,87
1691570160,1928.84,65
1691570220,1928.58,56
1691570280,1928.50,85
1691570340,1928.56,49
1691570400,1928.56,71
1691570460,1928.55,48
1691570520,1928.67,82
1691570580,1928.52,80
1691570640,1928.46,57
1691570700,1928.25,50
1691570760,1928.11,50
1691570820,1927.99,44
1691570880,1928.02,52
1691570940,1927.96,48
1691571000,1927.47,68
1691571060,1927.97,126
1691571120,1928.09,96
1691571180,1928.33,70
1691571240,1928.57,94
1691571300,1928.68,105
1691571360,1928.06,112
1691571420,1927.70,74
1691571480,1927.85,88
1691571540,1928.11,71
1691571600,1928.13,103
1691571660,1927.95,64
1691571720,1928.30,80
1691571780,1928.05,85
1691571840,1927.90,39
1691571900,1928.07,72
1691571960,1927.80,58
1691572020,1928.00,89
1691572080,1927.99,52
1691572140,1927.95,70
1691572200,1927.44,62
1691572260,1927.57,82
1691572320,1927.78,65
1691572380,1927.85,54
1691572440,1927.71,64
1691572500,1927.67,87
1691572560,1927.69,60
1691572620,1927.63,44
1691572680,1927.48,99
1691572740,1927.56,50
1691572800,1927.50,76
1691572860,1927.56,61
1691572920,1927.58,46
1691572980,1927.65,70
1691573040,1927.40,54
1691573100,1928.01,99
1691573160,1927.98,115
1691573220,1928.12,97
1691573280,1927.90,73
1691573340,1927.81,114
1691573400,1928.08,84
1691573460,1927.90,80
1691573520,1927.88,98
1691573580,1927.75,60
1691573640,1927.55,52
1691573700,1927.94,96
1691573760,1927.74,38
1691573820,1927.65,64
1691573880,1927.39,64
1691573940,1927.45,49
1691574000,1927.49,72
1691574060,1927.20,77
1691574120,1927.32,65
1691574180,1927.35,40
1691574240,1927.25,44
1691574300,1927.27,64
1691574360,1927.12,65
1691574420,1927.11,58
1691574480,1927.10,52
1691574540,1926.76,112
1691574600,1926.33,143
1691574660,1926.62,118
1691574720,1926.26,92
1691574780,1926.33,90
1691574840,1926.28,72
1691574900,1926.08,72
1691574960,1926.32,128
1691575020,1926.06,77
1691575080,1926.24,82
1691575140,1926.20,78
1691575200,1925.91,111
1691575260,1925.50,97
1691575320,1925.56,108
1691575380,1925.84,88
1691575440,1925.94,78
1691575500,1925.79,81
1691575560,1925.73,75
1691575620,1925.88,90
1691575680,1926.04,83
1691575740,1925.99,81
1691575800,1926.07,88
1691575860,1925.88,92
1691575920,1925.93,102
1691575980,1925.86,85
1691576040,1925.87,81
1691576100,1925.46,77
1691576160,1925.77,64
1691576220,1926.14,72
1691576280,1926.11,54
1691576340,1925.94,55
1691576400,1925.74,57
1691576460,1925.74,66
1691576520,1925.84,59
1691576580,1925.84,76
1691576640,1925.62,94
1691576700,1925.70,99
1691576760,1925.67,42
1691576820,1926.08,110
1691576880,1926.09,54
1691576940,1926.05,59
1691577000,1926.06,48
1691577060,1926.11,50
1691577120,1926.08,76
1691577180,1926.38,81
1691577240,1926.45,40
1691577300,1926.50,70
1691577360,1926.22,51
1691577420,1926.03,101
1691577480,1925.95,82
1691577540,1926.11,68
1691577600,1925.80,60
1691577660,1925.65,73
1691577720,1926.02,68
1691577780,1926.09,55
1691577840,1925.92,61
1691577900,1925.72,109
1691577960,1925.75,63
1691578020,1925.70,84
1691578080,1925.51,121
1691578140,1925.24,70
1691578200,1924.88,71
1691578260,1924.90,51
1691578320,1924.79,106
1691578380,1924.86,102
1691578440,1924.82,57
1691578500,1924.79,88
1691578560,1924.90,73
1691578620,1924.99,68
1691578680,1925.31,55
1691578740,1925.30,83
1691578800,1925.23,124
1691578860,1925.06,60
1691578920,1924.98,72
1691578980,1924.89,58
1691579040,1924.51,60
1691579100,1924.58,93
1691579160,1924.56,68
1691579220,1924.66,60
1691579280,1924.54,68
1691579340,1924.71,85
1691579400,1924.78,140
1691579460,1925.02,86
1691579520,1924.38,80
1691579580,1924.25,92
1691579640,1924.04,130
1691579700,1923.99,117
1691579760,1924.13,87
1691579820,1924.19,76
1691579880,1924.21,75
1691579940,1924.09,60
1691580000,1923.74,97
1691580060,1923.62,88
1691580120,1923.78,85
1691580180,1924.12,112
1691580240,1924.17,101
1691580300,1924.18,76
1691580360,1923.82,93
1691580420,1924.60,104
1691580480,1924.92,95
1691580540,1924.81,66
1691580600,1924.50,107
1691580660,1924.93,117
1691580720,1924.73,101
1691580780,1924.96,53
1691580840,1925.32,135
1691580900,1925.17,108
1691580960,1925.34,130
1691581020,1925.10,121
1691581080,1925.11,59
1691581140,1925.06,68
1691581200,1924.77,65
1691581260,1925.06,62
1691581320,1925.74,94
1691581380,1926.02,93
1691581440,1926.21,95
1691581500,1925.76,82
1691581560,1925.88,85
1691581620,1925.78,52
1691581680,1925.83,60
1691581740,1925.69,52
1691581800,1926.03,91
1691581860,1925.80,88
1691581920,1925.76,64
1691581980,1925.78,91
1691582040,1925.78,37
1691582100,1925.75,64
1691582160,1925.33,109
1691582220,1925.18,107
1691582280,1925.03,130
1691582340,1924.61,114
1691582400,1923.99,168
1691582460,1923.68,188
1691582520,1923.40,156
1691582580,1923.36,162
1691582640,1922.98,153
1691582700,1923.11,188
1691582760,1923.28,224
1691582820,1923.41,206
1691582880,1922.74,146
1691582940,1922.73,195
1691583000,1923.04,173
1691583060,1923.25,120
1691583120,1923.64,149
1691583180,1923.56,128
1691583240,1923.59,122
1691583300,1923.36,132
1691583360,1923.30,168
1691583420,1923.25,124
1691583480,1922.94,68
1691583540,1922.17,162
1691583600,1922.63,218
1691583660,1923.80,263
1691583720,1923.92,272
1691583780,1924.31,242
1691583840,1923.71,187
1691583900,1923.93,233
1691583960,1923.64,232
1691584020,1923.34,159
1691584080,1923.48,120
1691584140,1923.59,174
1691584200,1923.94,214
1691584260,1924.31,199
1691584320,1924.85,141
1691584380,1925.33,166
1691584440,1925.09,182
1691584500,1925.40,166
1691584560,1926.02,215
1691584620,1925.74,200
1691584680,1926.25,202
1691584740,1926.14,122
1691584800,1925.81,197
1691584860,1925.41,178
1691584920,1925.14,154
1691584980,1925.11,132
1691585040,1923.95,184
1691585100,1924.25,178
1691585160,1924.17,150
1691585220,1924.31,124
1691585280,1924.80,164
1691585340,1924.26,144
1691585400,1923.88,116
1691585460,1923.80,132
1691585520,1923.80,164
1691585580,1923.95,150
1691585640,1924.03,166
1691585700,1923.94,136
1691585760,1924.61,181
1691585820,1924.53,153
1691585880,1924.56,128
1691585940,1924.95,142
1691586000,1925.30,260
1691586060,1924.78,200
1691586120,1925.17,188
1691586180,1925.38,136
1691586240,1925.30,118
1691586300,1925.12,174
1691586360,1925.05,148
1691586420,1925.70,148
1691586480,1925.96,140
1691586540,1925.70,112
1691586600,1925.52,138
1691586660,1925.64,58
1691586720,1925.40,88
1691586780,1924.49,158
1691586840,1924.22,114
1691586900,1923.86,154
1691586960,1924.15,158
1691587020,1924.86,226
1691587080,1925.08,122
1691587140,1925.40,158
1691587200,1925.12,115
1691587260,1925.01,75
1691587320,1924.87,134
1691587380,1923.93,172
1691587440,1923.92,109
1691587500,1923.30,109
1691587560,1923.59,149
1691587620,1924.64,193
1691587680,1924.44,173
1691587740,1925.01,198
1691587800,1925.47,248
1691587860,1925.57,234
1691587920,1924.98,222
1691587980,1924.75,214
1691588040,1923.91,258
1691588100,1923.59,222
1691588160,1923.08,246
1691588220,1923.68,256
1691588280,1924.13,212
1691588340,1924.15,228
1691588400,1923.84,249
1691588460,1924.50,245
1691588520,1924.34,221
1691588580,1924.52,170
1691588640,1924.78,186
1691588700,1924.79,162
1691588760,1924.55,172
1691588820,1924.43,212
1691588880,1924.14,168
1691588940,1923.09,213
1691589000,1922.79,231
1691589060,1922.61,213
1691589120,1922.91,226
1691589180,1922.77,196
1691589240,1922.43,170
1691589300,1921.99,200
1691589360,1921.76,176
1691589420,1921.98,186
1691589480,1922.54,140
1691589540,1922.84,211
1691589600,1922.76,254
1691589660,1923.78,280
1691589720,1924.01,225
1691589780,1925.62,249
1691589840,1926.53,285
1691589900,1925.52,318
1691589960,1925.83,290
1691590020,1925.92,292
1691590080,1925.42,273
1691590140,1925.50,259
1691590200,1924.32,274
1691590260,1924.90,255
1691590320,1924.41,209
1691590380,1924.90,231
1691590440,1925.24,222
1691590500,1926.37,214
1691590560,1926.78,252
1691590620,1927.04,258
1691590680,1926.72,228
1691590740,1927.29,228
1691590800,1927.38,214
1691590860,1926.40,180
1691590920,1925.92,167
1691590980,1925.24,226
1691591040,1924.58,218
1691591100,1924.18,221
1691591160,1923.60,197
1691591220,1923.21,214
1691591280,1922.51,206
1691591340,1923.01,218
1691591400,1922.06,229
1691591460,1921.58,297
1691591520,1921.51,264
1691591580,1922.64,260
1691591640,1922.81,216
1691591700,1922.65,214
1691591760,1922.89,227
1691591820,1923.49,217
1691591880,1922.77,147
1691591940,1922.20,112
1691592000,1922.22,174
1691592060,1922.05,151
1691592120,1922.16,186
1691592180,1921.93,153
1691592240,1921.91,150
1691592300,1920.86,172
1691592360,1920.61,208
1691592420,1920.66,194
1691592480,1920.65,190
1691592540,1920.22,160
1691592600,1919.98,230
1691592660,1919.79,220
1691592720,1919.72,212
1691592780,1919.71,190
1691592840,1918.74,284
1691592900,1918.19,188
1691592960,1917.49,231
1691593020,1917.22,306
1691593080,1917.88,252
1691593140,1917.44,202
1691593200,1917.32,244
1691593260,1918.02,244
1691593320,1917.29,196
1691593380,1917.24,197
1691593440,1917.69,213
1691593500,1917.84,204
1691593560,1917.58,182
1691593620,1917.86,184
1691593680,1917.40,134
1691593740,1918.11,180
1691593800,1918.34,176
1691593860,1918.52,103
1691593920,1918.18,124
1691593980,1917.72,135
1691594040,1917.51,190
1691594100,1916.75,169
1691594160,1917.30,217
1691594220,1916.89,191
1691594280,1917.02,172
1691594340,1916.98,171
1691594400,1917.75,155
1691594460,1917.37,166
1691594520,1916.88,179
1691594580,1916.68,153
1691594640,1916.32,199
1691594700,1916.28,254
1691594760,1916.26,218
1691594820,1916.62,208
1691594880,1916.92,163
1691594940,1916.98,145
1691595000,1916.93,182
1691595060,1916.91,181
1691595120,1916.75,149
1691595180,1916.19,164
1691595240,1915.70,189
1691595300,1916.14,200
1691595360,1916.86,163
1691595420,1916.96,173
1691595480,1916.84,148
1691595540,1916.40,131
1691595600,1916.25,106
1691595660,1916.72,190
1691595720,1917.48,160
1691595780,1917.02,202
1691595840,1916.74,173
1691595900,1916.83,157
1691595960,1916.86,126
1691596020,1917.16,163
1691596080,1917.16,115
1691596140,1917.18,145
1691596200,1917.68,167
1691596260,1917.29,152
1691596320,1917.53,106
1691596380,1917.31,118
1691596440,1916.97,103
1691596500,1917.44,102
1691596560,1916.76,139
1691596620,1916.55,115
1691596680,1916.65,94
1691596740,1916.72,122
1691596800,1916.50,116
1691596860,1916.78,139
1691596920,1917.65,157
1691596980,1917.59,117
1691597040,1917.25,128
1691597100,1917.24,84
1691597160,1917.27,113
1691597220,1917.89,136
1691597280,1917.56,127
1691597340,1917.46,118
1691597400,1917.48,153
1691597460,1917.87,132
1691597520,1917.80,128
1691597580,1917.69,108
1691597640,1917.38,145
1691597700,1916.88,172
1691597760,1917.12,128
1691597820,1916.97,127
1691597880,1916.98,102
1691597940,1917.25,123
1691598000,1917.78,170
1691598060,1917.90,100
1691598120,1917.91,95
1691598180,1917.66,116
1691598240,1917.22,118
1691598300,1917.24,133
1691598360,1917.17,105
1691598420,1916.99,124
1691598480,1916.96,100
1691598540,1917.24,111
1691598600,1917.10,136
1691598660,1917.24,106
1691598720,1917.70,118
1691598780,1916.88,146
1691598840,1916.92,85
1691598900,1916.92,80
1691598960,1916.75,117
1691599020,1916.74,138
1691599080,1916.88,130
1691599140,1916.71,99
1691599200,1916.91,101
1691599260,1917.19,58
1691599320,1917.32,68
1691599380,1917.63,74
1691599440,1917.77,44
1691599500,1917.22,136
1691599560,1917.36,99
1691599620,1917.18,113
1691599680,1916.99,116
1691599740,1916.90,90
1691599800,1916.84,68
1691599860,1916.66,80
1691599920,1916.52,108
1691599980,1916.04,147
1691600040,1916.13,158
1691600100,1916.46,146
1691600160,1916.43,128
1691600220,1916.30,119
1691600280,1916.24,142
1691600340,1916.34,129
1691600400,1916.14,142
1691600460,1916.48,156
1691600520,1916.39,166
1691600580,1916.39,122
1691600640,1916.75,98
1691600700,1916.91,100
1691600760,1917.15,114
1691600820,1916.61,169
1691600880,1917.00,129
1691600940,1917.36,103
1691601000,1917.72,135
1691601060,1917.47,176
1691601120,1917.60,98
1691601180,1917.73,88
1691601240,1917.69,83
1691601300,1917.21,102
1691601360,1917.20,96
1691601420,1917.46,132
1691601480,1917.63,110
1691601540,1917.97,130
1691601600,1917.90,102
1691601660,1917.70,133
1691601720,1917.61,122
1691601780,1917.54,137
1691601840,1917.36,140
1691601900,1917.30,104
1691601960,1916.84,116
1691602020,1917.20,110
1691602080,1917.21,93
1691602140,1917.20,223
1691602200,1917.30,101
1691602260,1917.49,150
1691602320,1917.45,132
1691602380,1917.45,92
1691602440,1916.98,139
1691602500,1917.18,141
1691602560,1917.02,60
1691602620,1916.92,40
1691602680,1916.91,40
1691602740,1916.72,38
1691602800,1916.51,43
1691602860,1916.35,88
1691602920,1916.36,55
1691602980,1916.24,62
1691603040,1916.62,58
1691603100,1916.46,49
1691603160,1916.32,63
1691603220,1916.16,73
1691603280,1916.17,46
1691603340,1916.14,74
1691603400,1916.22,65
1691603460,1916.27,103
1691603520,1916.34,82
1691603580,1916.63,64
1691603640,1916.74,84
1691603700,1916.30,90
1691603760,1916.10,111
1691603820,1916.22,92
1691603880,1916.35,42
1691603940,1916.42,57
1691604000,1916.32,55
1691604060,1916.13,50
1691604120,1916.04,79
1691604180,1916.47,48
1691604240,1916.12,74
1691604300,1915.93,72
1691604360,1915.88,82
1691604420,1915.70,98
1691604480,1915.72,110
1691604540,1916.05,114
1691604600,1915.79,108
1691604660,1915.56,48
1691604720,1915.79,46
1691604780,1915.68,73
1691604840,1915.74,96
1691604900,1915.55,106
1691604960,1915.63,88
1691605020,1915.97,102
1691605080,1916.08,61
1691605140,1916.05,68
1691605200,1915.80,65
1691605260,1915.64,85
1691605320,1915.57,88
1691605380,1915.62,60
1691605440,1915.73,93
1691605500,1915.80,73
1691605560,1915.94,64
1691605620,1915.90,83
1691605680,1916.08,74
1691605740,1916.12,87
1691605800,1916.16,87
1691605860,1916.34,73
1691605920,1916.26,76
1691605980,1915.94,90
1691606040,1916.02,73
1691606100,1915.78,97
1691606160,1915.85,51
1691606220,1915.84,60
1691606280,1915.93,64
1691606340,1915.87,62
1691606400,1915.90,54
1691606460,1915.68,62
1691606520,1915.46,58
1691606580,1915.59,69
1691606640,1915.72,53
1691606700,1915.88,87
1691606760,1915.82,62
1691606820,1915.73,45
1691606880,1915.73,48
1691606940,1915.77,68
1691607000,1915.70,100
1691607060,1915.93,19
1691607120,1915.94,47
1691607180,1915.88,39
1691607240,1915.82,42
1691607300,1915.88,76
1691607360,1915.89,56
1691607420,1916.13,58
1691607480,1916.22,49
1691607540,1916.22,122
1691607600,1916.22,88
1691607660,1916.22,76
1691607720,1916.20,44
1691607780,1916.26,85
1691607840,1916.13,64
1691607900,1916.10,72
1691607960,1916.03,71
1691608020,1915.99,54
1691608080,1916.14,63
1691608140,1916.22,56
1691608200,1916.10,71
1691608260,1916.00,68
1691608320,1915.87,30
1691608380,1915.87,45
1691608440,1915.88,22
1691608500,1915.87,42
1691608560,1915.78,37
1691608620,1915.79,36
1691608680,1915.81,78
1691608740,1915.60,53
1691608800,1915.60,54
1691608860,1915.66,64
1691608920,1915.71,50
1691608980,1915.71,67
1691609040,1915.69,38
1691609100,1915.64,72
1691609160,1915.73,32
1691609220,1915.76,38
1691609280,1915.85,39
1691609340,1915.85,46
1691609400,1915.88,70
1691609460,1915.97,37
1691609520,1915.90,46
1691609580,1916.20,95
1691609640,1916.24,43
1691609700,1916.97,118
1691609760,1916.55,88
1691609820,1916.40,72
1691609880,1916.42,67
1691609940,1916.50,102
1691610000,1916.61,70
1691610060,1916.50,73
1691610120,1916.37,86
1691610180,1916.47,34
1691610240,1916.58,60
1691610300,1916.56,78
1691610360,1916.66,96
1691610420,1916.66,62
1691610480,1916.59,60
1691610540,1916.48,51
1691610600,1916.42,78
1691610660,1916.35,36
1691610720,1915.80,62
1691610780,1915.60,62
1691610840,1915.65,61
1691610900,1915.65,50
1691610960,1915.60,86
1691611020,1915.68,94
1691611080,1915.67,115
1691611140,1915.56,138
1691611200,1915.66,52
1691611260,1915.69,54
1691611320,1915.56,50
1691611380,1915.64,20
1691611440,1915.46,22
1691611500,1915.22,69
1691611560,1915.33,62
1691611620,1915.32,29
1691611680,1915.05,46
1691611740,1914.82,44
1691611800,1915.02,38
1691611860,1915.21,22
1691611920,1915.29,16
1691611980,1915.32,24
1691612040,1915.39,22
1691612100,1915.44,60
1691612160,1915.54,26
1691612220,1915.46,17
1691612280,1915.46,8
1691612340,1915.48,16
1691612400,1915.51,20
1691612460,1915.40,22
1691612520,1915.40,16
1691612580,1915.33,34
1691612640,1915.27,26
1691612700,1915.30,24
1691612760,1915.18,35
1691612820,1915.22,9
1691612880,1915.24,30
1691612940,1915.12,41
1691613000,1914.82,40
1691613060,1914.92,28
1691613120,1914.93,16
1691613180,1914.52,40
1691613240,1914.56,46
1691613300,1914.10,48
1691613360,1914.48,56
1691613420,1914.78,38
1691613480,1914.64,30
1691613540,1914.67,6
1691613600,1914.58,32
1691613660,1914.55,15
1691613720,1914.72,18
1691613780,1914.66,15
1691613840,1914.64,7
1691613900,1914.88,50
1691613960,1914.80,30
1691614020,1914.59,26
1691614080,1914.57,45
1691614140,1914.46,39
1691614200,1914.42,33
1691614260,1914.59,30
1691614320,1914.48,57
1691614380,1914.57,39
1691614440,1914.59,27
1691614500,1914.44,18
1691614560,1914.46,30
1691618520,1914.84,60
1691618580,1915.07,44
1691618640,1915.42,85
1691618700,1915.72,49
1691618760,1915.97,38
1691618820,1915.99,12
1691618880,1916.07,25
1691618940,1915.86,26
1691619000,1915.80,41
1691619060,1915.80,65
1691619120,1915.76,40
1691619180,1915.82,34
1691619240,1915.74,50
1691619300,1915.65,18
1691619360,1915.29,45
1691619420,1915.40,30
1691619480,1915.71,69
1691619540,1915.43,58
1691619600,1915.22,44
1691619660,1915.30,55
1691619720,1915.61,30
1691619780,1915.81,37
1691619840,1916.10,44
1691619900,1916.14,2
1691619960,1915.87,33
1691620020,1915.95,14
1691620080,1915.82,23
1691620140,1915.94,35
1691620200,1916.30,64
1691620260,1916.37,42
1691620320,1916.48,44
1691620380,1916.09,58
1691620440,1916.23,35
1691620500,1915.92,28
1691620560,1915.96,21
1691620620,1916.10,18
1691620680,1916.06,28
1691620740,1916.17,22
1691620800,1916.09,15
1691620860,1915.94,14
1691620920,1916.01,24
1691620980,1915.98,24
1691621040,1916.10,14
1691621100,1916.03,25
1691621160,1916.14,17
1691621220,1916.30,27
1691621280,1916.35,17
1691621340,1916.40,16
1691621400,1916.33,20
1691621460,1916.36,12
1691621520,1916.37,14
1691621580,1916.36,2
1691621640,1916.28,8
1691621700,1916.36,8
1691621760,1916.38,8
1691621820,1916.25,24
1691621880,1916.21,19
1691621940,1916.38,20
1691622000,1916.39,7
1691622060,1916.58,31
1691622120,1916.43,34
1691622180,1916.44,14
1691622240,1916.43,35
1691622300,1916.54,22
1691622360,1916.65,25
1691622420,1916.52,22
1691622480,1916.31,24
1691622540,1916.44,17
1691622600,1916.45,12
1691622660,1916.53,24
1691622720,1916.53,18
1691622780,1916.55,20
1691622840,1916.55,15
1691622900,1916.52,36
1691622960,1916.63,21
1691623020,1916.60,25
1691623080,1916.71,12
1691623140,1916.77,12
1691623200,1916.78,9
1691623260,1916.86,18
1691623320,1916.72,24
1691623380,1916.82,19
1691623440,1916.90,9
1691623500,1916.86,38
1691623560,1916.93,27
1691623620,1916.87,30
1691623680,1916.69,35
1691623740,1916.74,8
1691623800,1916.66,10
1691623860,1916.65,2
1691623920,1916.62,12
1691623980,1916.54,24
1691624040,1916.66,22
1691624100,1916.56,6
1691624160,1916.61,20
1691624220,1916.37,22
1691624280,1916.48,6
1691624340,1916.49,13
1691624400,1916.61,22
1691624460,1916.67,25
1691624520,1916.64,32
1691624580,1916.65,12
1691624640,1916.48,20
1691624700,1916.62,38
1691624760,1916.51,21
1691624820,1916.48,36
1691624880,1916.56,32
1691624940,1916.52,38
1691625000,1916.66,28
1691625060,1916.55,37
1691625120,1916.66,46
1691625180,1916.78,34
1691625240,1916.80,26
1691625300,1916.84,72
1691625360,1916.68,56
1691625420,1916.66,60
1691625480,1916.65,47
1691625540,1916.73,34
1691625600,1916.38,78
1691625660,1916.54,58
1691625720,1916.82,51
1691625780,1916.86,22
1691625840,1916.55,34
1691625900,1916.58,48
1691625960,1916.27,69
1691626020,1916.41,62
1691626080,1916.34,72
1691626140,1916.18,78
1691626200,1916.01,46
1691626260,1916.09,34
1691626320,1916.19,79
1691626380,1916.31,54
1691626440,1916.20,39
1691626500,1916.27,67
1691626560,1916.33,50
1691626620,1916.32,16
1691626680,1916.21,31
1691626740,1916.02,33
1691626800,1915.91,85
1691626860,1915.95,54
1691626920,1915.90,30
1691626980,1915.91,60
1691627040,1915.92,64
1691627100,1916.08,68
1691627160,1916.34,36
1691627220,1916.36,26
1691627280,1916.00,28
1691627340,1915.98,39
1691627400,1915.90,38
1691627460,1915.95,67
1691627520,1916.00,45
1691627580,1915.94,38
1691627640,1915.74,40
1691627700,1915.76,34
1691627760,1915.73,36
1691627820,1915.90,46
1691627880,1915.90,75
1691627940,1915.89,45
1691628000,1916.06,32
1691628060,1916.14,46
1691628120,1916.34,45
1691628180,1916.36,38
1691628240,1916.31,30
1691628300,1916.66,29
1691628360,1916.72,33
1691628420,1916.85,55
1691628480,1916.86,49
1691628540,1916.70,37
1691628600,1916.80,56
1691628660,1917.11,63
1691628720,1917.04,62
1691628780,1917.28,62
1691628840,1917.29,110
1691628900,1917.00,82
1691628960,1916.78,72
1691629020,1916.82,72
1691629080,1917.04,49
1691629140,1916.98,94
1691629200,1917.32,132
1691629260,1917.21,68
1691629320,1916.71,33
1691629380,1916.52,69
1691629440,1916.74,67
1691629500,1916.64,58
1691629560,1916.58,106
1691629620,1915.90,108
1691629680,1916.06,82
1691629740,1916.01,74
1691629800,1916.12,77
1691629860,1915.75,99
1691629920,1916.15,79
1691629980,1915.94,78
1691630040,1915.72,60
1691630100,1915.73,138
1691630160,1916.30,133
1691630220,1916.53,131
1691630280,1916.41,55
1691630340,1916.35,50
1691630400,1916.38,93
1691630460,1916.24,74
1691630520,1916.12,105
1691630580,1916.46,65
1691630640,1916.58,47
1691630700,1916.83,74
1691630760,1917.30,89
1691630820,1917.18,60
1691630880,1917.15,83
1691630940,1917.25,63
1691631000,1917.31,129
1691631060,1917.50,169
1691631120,1917.27,138
1691631180,1917.80,116
1691631240,1918.06,112
1691631300,1917.85,194
1691631360,1918.10,146
1691631420,1918.14,157
1691631480,1918.20,111
1691631540,1918.30,114
1691631600,1918.33,134
1691631660,1918.38,128
1691631720,1918.32,104
1691631780,1918.00,120
1691631840,1918.26,99
1691631900,1918.40,81
1691631960,1918.55,85
1691632020,1918.98,142
1691632080,1918.92,86
1691632140,1918.69,114
1691632200,1918.57,69
1691632260,1918.46,82
1691632320,1917.87,130
1691632380,1917.74,114
1691632440,1917.76,97
1691632500,1917.97,77
1691632560,1917.88,71
1691632620,1917.91,94
1691632680,1918.03,72
1691632740,1918.02,64
1691632800,1917.43,122
1691632860,1917.51,93
1691632920,1917.56,78
1691632980,1917.70,96
1691633040,1917.84,97
1691633100,1918.01,102
1691633160,1918.02,84
1691633220,1918.05,86
1691633280,1918.20,86
1691633340,1917.74,84
1691633400,1917.74,74
1691633460,1917.92,95
1691633520,1918.03,85
1691633580,1918.21,56
1691633640,1918.52,108
1691633700,1918.52,69
1691633760,1918.52,46
1691633820,1918.54,41
1691633880,1918.38,42
1691633940,1918.45,38
1691634000,1918.44,38
1691634060,1918.50,20
1691634120,1918.44,26
1691634180,1918.47,44
1691634240,1918.45,30
1691634300,1918.41,37
1691634360,1918.74,94
1691634420,1918.39,73
1691634480,1918.74,61
1691634540,1919.20,106
1691634600,1918.90,90
1691634660,1918.67,81
1691634720,1918.88,76
1691634780,1918.82,67
1691634840,1918.76,85
1691634900,1918.58,76
1691634960,1918.65,48
1691635020,1918.68,82
1691635080,1918.75,82
1691635140,1918.44,62
1691635200,1918.26,79
1691635260,1917.90,68
1691635320,1918.02,62
1691635380,1917.92,38
1691635440,1917.89,56
1691635500,1917.83,55
1691635560,1917.75,37
1691635620,1917.94,56
1691635680,1918.14,34
1691635740,1917.87,46
1691635800,1917.95,28
1691635860,1917.95,66
1691635920,1917.88,49
1691635980,1918.04,45
1691636040,1918.03,28
1691636100,1918.09,49
1691636160,1917.86,68
1691636220,1917.85,50
1691636280,1917.29,70
1691636340,1917.01,79
1691636400,1917.39,109
1691636460,1917.60,73
1691636520,1917.48,77
1691636580,1917.59,72
1691636640,1917.43,81
1691636700,1917.50,45
1691636760,1917.50,97
1691636820,1917.65,59
1691636880,1917.96,114
1691636940,1918.05,57
1691637000,1918.04,48
1691637060,1918.11,46
1691637120,1917.88,100
1691637180,1918.30,116
1691637240,1918.22,150
1691637300,1918.15,84
1691637360,1917.92,69
1691637420,1918.07,57
1691637480,1918.12,46
1691637540,1918.31,50
1691637600,1918.41,36
1691637660,1918.31,28
1691637720,1918.59,41
1691637780,1918.59,49
1691637840,1918.68,72
1691637900,1918.71,55
1691637960,1918.55,64
1691638020,1918.12,56
1691638080,1918.32,60
1691638140,1918.25,32
1691638200,1918.26,50
1691638260,1918.30,17
1691638320,1918.30,46
1691638380,1918.29,21
1691638440,1918.22,18
1691638500,1918.18,28
1691638560,1918.07,38
1691638620,1918.16,32
1691638680,1918.18,18
1691638740,1918.26,16
1691638800,1918.31,19
1691638860,1918.34,23
1691638920,1918.25,14
1691638980,1918.15,24
1691639040,1918.27,8
1691639100,1918.14,19
1691639160,1918.68,71
1691639220,1918.38,82
1691639280,1918.54,47
1691639340,1918.63,78
1691639400,1918.68,46
1691639460,1918.73,30
1691639520,1918.84,36
1691639580,1918.88,18
1691639640,1918.77,36
1691639700,1918.80,26
1691639760,1918.81,6
1691639820,1918.83,12
1691639880,1918.81,8
1691639940,1918.70,32
1691640000,1918.79,20
1691640060,1918.79,24
1691640120,1918.71,48
1691640180,1918.64,48
1691640240,1918.50,40
1691640300,1918.52,24
1691640360,1918.64,14
1691640420,1918.49,58
1691640480,1918.63,34
1691640540,1918.60,8
1691640600,1918.60,22
1691640660,1918.32,16
1691640720,1918.24,32
1691640780,1918.37,28
1691640840,1918.35,34
1691640900,1918.45,19
1691640960,1918.38,20
1691641020,1918.44,21
1691641080,1918.51,23
1691641140,1918.60,16
1691641200,1918.69,39
1691641260,1918.52,15
1691641320,1918.65,26
1691641380,1918.55,11
1691641440,1918.68,14
1691641500,1918.75,6
1691641560,1918.54,16
1691641620,1918.45,18
1691641680,1918.56,34
1691641740,1918.41,28
1691641800,1917.96,53
1691641860,1917.68,66
1691641920,1917.26,54
1691641980,1917.54,50
1691642040,1917.57,22
1691642100,1917.00,65
1691642160,1917.45,90
1691642220,1917.55,51
1691642280,1917.42,20
1691642340,1917.46,43
1691642400,1917.52,47
1691642460,1917.49,44
1691642520,1917.49,28
1691642580,1917.43,22
1691642640,1917.45,22
1691642700,1916.94,44
1691642760,1916.65,116
1691642820,1916.54,70
1691642880,1917.16,84
1691642940,1917.16,47
1691643000,1917.29,64
1691643060,1917.14,44
1691643120,1917.00,42
1691643180,1917.09,68
1691643240,1917.09,54
1691643300,1917.04,55
1691643360,1916.98,61
1691643420,1916.95,37
1691643480,1916.78,32
1691643540,1916.74,35
1691643600,1916.60,108
1691643660,1916.50,56
1691643720,1916.88,54
1691643780,1916.98,42
1691643840,1916.63,54
1691643900,1916.09,114
1691643960,1916.27,68
1691644020,1916.59,60
1691644080,1916.82,62
1691644140,1916.91,41
1691644200,1916.96,42
1691644260,1916.90,48
1691644320,1916.87,39
1691644380,1916.93,28
1691644440,1917.06,40
1691644500,1916.92,35
1691644560,1916.78,40
1691644620,1916.95,34
1691644680,1917.03,49
1691644740,1917.34,31
1691644800,1917.53,66
1691644860,1917.60,32
1691644920,1917.64,51
1691644980,1917.88,18
1691645040,1917.68,35
1691645100,1917.91,80
1691645160,1917.94,12
1691645220,1917.74,61
1691645280,1917.64,37
1691645340,1917.53,58
1691645400,1917.63,82
1691645460,1917.51,48
1691645520,1916.93,76
1691645580,1917.18,101
1691645640,1917.72,103
1691645700,1917.40,112
1691645760,1917.46,44
1691645820,1917.21,50
1691645880,1917.29,40
1691645940,1917.26,31
1691646000,1917.46,41
1691646060,1917.56,49
1691646120,1917.26,62
1691646180,1917.57,65
1691646240,1917.84,61
1691646300,1917.99,77
1691646360,1918.04,70
1691646420,1918.34,68
1691646480,1918.10,120
1691646540,1918.06,85
1691646600,1918.07,104
1691646660,1917.95,96
1691646720,1917.91,77
1691646780,1917.83,66
1691646840,1917.82,48
1691646900,1917.98,90
1691646960,1918.21,67
1691647020,1918.43,68
1691647080,1918.56,170
1691647140,1918.50,76
1691647200,1918.71,107
1691647260,1918.15,86
1691647320,1917.96,72
1691647380,1917.73,101
1691647440,1917.23,129
1691647500,1917.04,124
1691647560,1917.14,75
1691647620,1916.85,107
1691647680,1916.81,68
1691647740,1916.10,109
1691647800,1915.88,79
1691647860,1915.57,93
1691647920,1916.86,196
1691647980,1916.86,124
1691648040,1916.94,76
1691648100,1916.84,100
1691648160,1917.01,78
1691648220,1916.95,50
1691648280,1916.73,58
1691648340,1916.80,90
1691648400,1916.80,82
1691648460,1916.62,77
1691648520,1916.88,80
1691648580,1916.81,89
1691648640,1916.94,108
1691648700,1916.99,92
1691648760,1917.09,89
1691648820,1917.17,56
1691648880,1917.28,80
1691648940,1917.59,71
1691649000,1917.11,94
1691649060,1917.16,74
1691649120,1917.70,107
1691649180,1917.35,79
1691649240,1917.41,66
1691649300,1917.46,57
1691649360,1917.68,52
1691649420,1917.81,62
1691649480,1917.89,60
1691649540,1917.99,66
1691649600,1918.26,74
1691649660,1917.88,88
1691649720,1917.57,36
1691649780,1917.92,108
1691649840,1917.99,64
1691649900,1918.05,60
1691649960,1918.27,78
1691650020,1918.42,97
1691650080,1918.50,119
1691650140,1918.42,130
1691650200,1918.34,64
1691650260,1918.65,78
1691650320,1918.92,148
1691650380,1918.38,120
1691650440,1918.34,84
1691650500,1918.54,100
1691650560,1918.47,81
1691650620,1918.38,109
1691650680,1918.18,65
1691650740,1918.03,66
1691650800,1917.45,139
1691650860,1917.48,88
1691650920,1918.32,101
1691650980,1919.04,139
1691651040,1919.00,168
1691651100,1919.18,130
1691651160,1920.14,166
1691651220,1920.12,149
1691651280,1919.92,152
1691651340,1920.07,99
1691651400,1920.62,123
1691651460,1919.84,110
1691651520,1920.05,47
1691651580,1920.12,95
1691651640,1920.48,91
1691651700,1920.41,144
1691651760,1920.04,130
1691651820,1920.30,114
1691651880,1920.02,115
1691651940,1919.93,142
1691652000,1920.07,107
1691652060,1919.91,80
1691652120,1920.12,93
1691652180,1920.32,95
1691652240,1919.97,82
1691652300,1919.82,100
1691652360,1920.44,98
1691652420,1919.70,117
1691652480,1919.84,76
1691652540,1919.92,71
1691652600,1919.38,141
1691652660,1919.18,92
1691652720,1918.29,135
1691652780,1918.58,122
1691652840,1918.38,76
1691652900,1918.23,91
1691652960,1918.54,72
1691653020,1918.26,89
1691653080,1918.39,85
1691653140,1918.46,87
1691653200,1918.33,92
1691653260,1918.23,91
1691653320,1918.56,63
1691653380,1918.77,72
1691653440,1918.82,45
1691653500,1918.73,106
1691653560,1919.02,77
1691653620,1919.04,93
1691653680,1918.97,64
1691653740,1918.84,52
1691653800,1918.59,41
1691653860,1918.47,81
1691653920,1918.63,70
1691653980,1918.92,92
1691654040,1919.30,90
1691654100,1919.42,75
1691654160,1919.38,82
1691654220,1919.40,58
1691654280,1919.43,98
1691654340,1919.37,102
1691654400,1919.68,125
1691654460,1919.64,146
1691654520,1919.74,82
1691654580,1919.32,82
1691654640,1919.23,87
1691654700,1919.04,86
1691654760,1919.51,115
1691654820,1919.60,102
1691654880,1919.64,62
1691654940,1919.79,75
1691655000,1919.53,97
1691655060,1919.53,91
1691655120,1919.73,55
1691655180,1919.58,26
1691655240,1919.54,48
1691655300,1919.88,88
1691655360,1920.12,94
1691655420,1920.19,75
1691655480,1920.06,111
1691655540,1920.62,126
1691655600,1920.72,99
1691655660,1920.73,99
1691655720,1921.03,75
1691655780,1920.97,134
1691655840,1921.03,112
1691655900,1920.97,117
1691655960,1921.09,89
1691656020,1921.05,105
1691656080,1921.20,106
1691656140,1920.66,130
1691656200,1920.60,127
1691656260,1919.59,144
1691656320,1919.92,121
1691656380,1919.38,76
1691656440,1919.54,71
1691656500,1919.74,66
1691656560,1919.36,93
1691656620,1919.13,130
1691656680,1919.61,100
1691656740,1919.93,67
1691656800,1920.15,65
1691656860,1920.20,74
1691656920,1920.22,63
1691656980,1920.22,68
1691657040,1919.99,85
1691657100,1919.70,82
1691657160,1919.64,89
1691657220,1919.69,57
1691657280,1919.08,76
1691657340,1919.24,75
1691657400,1920.10,66
1691657460,1920.08,128
1691657520,1919.98,72
1691657580,1919.59,47
1691657640,1919.62,77
1691657700,1919.69,80
1691657760,1919.49,62
1691657820,1919.52,110
1691657880,1919.36,40
1691657940,1919.42,75
1691658000,1919.56,65
1691658060,1919.80,64
1691658120,1919.64,72
1691658180,1919.70,46
1691658240,1919.60,52
1691658300,1919.36,64
1691658360,1919.49,75
1691658420,1919.79,89
1691658480,1919.75,56
1691658540,1919.68,52
1691658600,1919.54,48
1691658660,1919.27,71
1691658720,1919.26,42
1691658780,1919.80,69
1691658840,1919.88,62
1691658900,1919.94,68
1691658960,1919.82,42
1691659020,1919.73,68
1691659080,1919.84,44
1691659140,1919.95,46
1691659200,1920.28,95
1691659260,1920.02,69
1691659320,1920.15,67
1691659380,1919.91,60
1691659440,1919.63,74
1691659500,1919.56,66
1691659560,1919.68,40
1691659620,1919.87,56
1691659680,1919.76,56
1691659740,1919.89,64
1691659800,1920.09,71
1691659860,1920.20,97
1691659920,1920.00,65
1691659980,1919.57,70
1691660040,1919.48,67
1691660100,1919.84,95
1691660160,1919.83,86
1691660220,1919.96,76
1691660280,1920.30,52
1691660340,1920.43,99
1691660400,1920.48,48
1691660460,1920.62,58
1691660520,1920.43,63
1691660580,1920.63,28
1691660640,1920.63,60
1691660700,1920.58,94
1691660760,1920.63,59
1691660820,1920.44,80
1691660880,1920.48,71
1691660940,1920.77,65
1691661000,1920.70,97
1691661060,1921.04,84
1691661120,1921.02,64
1691661180,1921.14,71
1691661240,1921.29,82
1691661300,1921.48,79
1691661360,1921.43,90
1691661420,1921.30,60
1691661480,1920.90,102
1691661540,1920.89,65
1691661600,1920.36,88
1691661660,1920.34,98
1691661720,1920.15,82
1691661780,1920.35,85
1691661840,1920.20,92
1691661900,1919.99,66
1691661960,1919.99,69
1691662020,1919.95,86
1691662080,1920.27,76
1691662140,1920.56,85
1691662200,1920.60,67
1691662260,1920.37,62
1691662320,1920.82,72
1691662380,1920.87,85
1691662440,1920.75,78
1691662500,1920.70,73
1691662560,1920.96,43
1691662620,1920.81,64
1691662680,1920.89,28
1691662740,1921.06,50
1691662800,1921.12,42
1691662860,1920.78,62
1691662920,1920.77,95
1691662980,1920.88,38
1691663040,1921.12,77
1691663100,1921.22,38
1691663160,1921.20,38
1691663220,1921.47,69
1691663280,1921.28,56
1691663340,1921.66,70
1691663400,1921.67,128
1691663460,1921.69,64
1691663520,1921.82,82
1691663580,1921.94,48
1691663640,1921.95,62
1691663700,1922.05,48
1691663760,1922.10,93
1691663820,1921.96,70
1691663880,1921.99,77
1691663940,1922.12,68
1691664000,1922.25,44
1691664060,1922.23,38
1691664120,1922.20,68
1691664180,1922.14,42
1691664240,1922.12,50
1691664300,1922.19,24
1691664360,1922.18,46
1691664420,1922.02,50
1691664480,1922.12,64
1691664540,1921.92,82
1691664600,1922.06,70
1691664660,1922.44,95
1691664720,1922.17,79
1691664780,1922.10,68
1691664840,1922.30,59
1691664900,1921.91,66
1691664960,1921.99,74
1691665020,1921.84,36
1691665080,1921.77,52
1691665140,1921.77,58
1691665200,1921.84,54
1691665260,1922.03,67
1691665320,1922.19,58
1691665380,1922.31,78
1691665440,1922.64,61
1691665500,1922.51,65
1691665560,1922.49,112
1691665620,1922.38,98
1691665680,1922.61,107
1691665740,1921.80,79
1691665800,1920.88,158
1691665860,1921.29,90
1691665920,1921.52,79
1691665980,1921.40,50
1691666040,1921.48,83
1691666100,1922.00,75
1691666160,1922.06,73
1691666220,1922.20,79
1691666280,1922.13,80
1691666340,1921.88,66
1691666400,1921.89,63
1691666460,1921.88,52
1691666520,1921.68,92
1691666580,1921.79,67
1691666640,1921.65,62
1691666700,1921.98,43
1691666760,1921.91,59
1691666820,1921.68,39
1691666880,1921.46,46
1691666940,1921.54,65
1691667000,1921.50,56
1691667060,1921.86,76
1691667120,1921.13,80
1691667180,1921.30,110
1691667240,1921.79,69
1691667300,1921.69,82
1691667360,1921.38,74
1691667420,1921.64,60
1691667480,1921.52,42
1691667540,1921.68,64
1691667600,1921.26,76
1691667660,1921.33,64
1691667720,1921.37,66
1691667780,1921.34,88
1691667840,1921.66,86
1691667900,1921.69,67
1691667960,1921.71,72
1691668020,1921.97,44
1691668080,1921.93,70
1691668140,1921.89,66
1691668200,1921.95,86
1691668260,1922.17,69
1691668320,1922.32,99
1691668380,1922.39,106
1691668440,1922.29,92
1691668500,1921.99,87
1691668560,1921.80,103
1691668620,1921.83,82
1691668680,1921.77,97
1691668740,1921.91,99
1691668800,1921.88,144
1691668860,1922.15,164
1691668920,1922.44,135
1691668980,1922.04,96
1691669040,1922.26,116
1691669100,1921.89,106
1691669160,1921.87,103
1691669220,1922.17,133
1691669280,1922.80,113
1691669340,1922.52,137
1691669400,1922.39,141
1691669460,1922.70,96
1691669520,1922.58,152
1691669580,1922.76,124
1691669640,1922.91,167
1691669700,1922.80,169
1691669760,1922.65,158
1691669820,1922.93,165
1691669880,1923.23,142
1691669940,1922.12,226
1691670000,1922.63,213
1691670060,1922.23,242
1691670120,1921.40,174
1691670180,1922.14,193
1691670240,1922.15,176
1691670300,1922.11,178
1691670360,1922.50,174
1691670420,1921.94,291
1691670480,1921.93,245
1691670540,1923.75,249
1691670600,1928.15,393
1691670660,1929.46,452
1691670720,1928.32,456
1691670780,1927.98,432
1691670840,1925.59,432
1691670900,1926.83,434
1691670960,1928.80,409
1691671020,1928.47,378
1691671080,1928.04,355
1691671140,1926.46,363
1691671200,1924.59,415
1691671260,1925.33,411
1691671320,1925.33,402
1691671380,1924.10,376
1691671440,1923.75,363
1691671500,1923.32,358
1691671560,1924.48,366
1691671620,1924.58,312
1691671680,1926.15,287
1691671740,1925.38,327
1691671800,1924.80,301
1691671860,1925.13,284
1691671920,1925.06,298
1691671980,1925.09,262
1691672040,1926.33,302
1691672100,1925.94,280
1691672160,1925.32,296
1691672220,1925.63,239
1691672280,1926.13,270
1691672340,1926.30,286
1691672400,1926.28,394
1691672460,1925.84,360
1691672520,1926.64,290
1691672580,1925.20,246
1691672640,1925.78,271
1691672700,1925.54,244
1691672760,1925.09,299
1691672820,1924.92,265
1691672880,1924.07,300
1691672940,1924.36,316
1691673000,1923.50,294
1691673060,1923.14,272
1691673120,1923.33,302
1691673180,1922.50,276
1691673240,1923.35,292
1691673300,1923.62,294
1691673360,1924.44,290
1691673420,1924.20,290
1691673480,1924.43,223
1691673540,1924.36,235
1691673600,1924.76,204
1691673660,1923.88,220
1691673720,1922.47,236
1691673780,1921.84,240
1691673840,1921.82,288
1691673900,1921.32,250
1691673960,1920.45,275
1691674020,1920.80,331
1691674080,1920.94,296
1691674140,1920.44,264
1691674200,1919.36,338
1691674260,1919.72,316
1691674320,1919.90,338
1691674380,1919.25,315
1691674440,1919.89,308
1691674500,1920.84,313
1691674560,1921.66,285
1691674620,1921.63,302
1691674680,1922.48,266
1691674740,1923.05,288
1691674800,1923.77,285
1691674860,1923.43,270
1691674920,1923.75,314
1691674980,1924.13,308
1691675040,1924.62,293
1691675100,1924.36,307
1691675160,1924.79,326
1691675220,1924.89,279
1691675280,1924.57,257
1691675340,1923.18,314
1691675400,1921.91,327
1691675460,1921.55,279
1691675520,1922.23,285
1691675580,1922.13,254
1691675640,1922.43,250
1691675700,1922.08,271
1691675760,1921.81,232
1691675820,1922.17,231
1691675880,1921.90,236
1691675940,1922.74,243
1691676000,1921.75,305
1691676060,1921.79,335
1691676120,1920.99,333
1691676180,1921.22,298
1691676240,1920.79,252
1691676300,1920.52,289
1691676360,1920.49,246
1691676420,1920.21,228
1691676480,1919.62,289
1691676540,1919.01,238
1691676600,1918.79,259
1691676660,1918.23,254
1691676720,1917.54,229
1691676780,1917.19,297
1691676840,1917.48,313
1691676900,1916.95,246
1691676960,1916.82,300
1691677020,1916.98,231
1691677080,1916.28,297
1691677140,1915.14,245
1691677200,1915.98,292
1691677260,1916.78,272
1691677320,1917.00,270
1691677380,1916.75,258
1691677440,1916.36,238
1691677500,1916.68,219
1691677560,1917.32,245
1691677620,1917.28,181
1691677680,1917.88,211
1691677740,1917.12,210
1691677800,1916.47,207
1691677860,1916.28,232
1691677920,1916.35,206
1691677980,1916.82,179
1691678040,1916.53,144
1691678100,1916.82,196
1691678160,1916.48,190
1691678220,1916.08,214
1691678280,1916.69,180
1691678340,1916.12,206
1691678400,1916.66,177
1691678460,1917.23,172
1691678520,1916.72,218
1691678580,1916.78,202
1691678640,1916.90,230
1691678700,1917.10,251
1691678760,1916.26,266
1691678820,1917.05,206
1691678880,1915.96,215
1691678940,1915.81,243
1691679000,1915.23,246
1691679060,1914.52,288
1691679120,1914.11,252
1691679180,1913.90,243
1691679240,1914.27,265
1691679300,1915.16,270
1691679360,1915.66,270
1691679420,1915.20,228
1691679480,1915.45,197
1691679540,1915.03,215
1691679600,1914.16,240
1691679660,1913.59,268
1691679720,1914.24,214
1691679780,1914.02,245
1691679840,1913.53,215
1691679900,1913.80,280
1691679960,1914.30,221
1691680020,1914.19,176
1691680080,1914.50,211
1691680140,1914.19,221
1691680200,1914.47,197
1691680260,1913.64,181
1691680320,1913.75,145
1691680380,1913.84,167
1691680440,1913.78,174
1691680500,1914.08,224
1691680560,1914.34,130
1691680620,1914.85,159
1691680680,1915.71,204
1691680740,1915.87,183
1691680800,1914.86,210
1691680860,1914.54,188
1691680920,1914.62,187
1691680980,1914.37,144
1691681040,1914.84,158
1691681100,1915.10,218
1691681160,1915.27,202
1691681220,1916.44,224
1691681280,1916.84,240
1691681340,1916.42,172
1691681400,1917.37,224
1691681460,1917.49,179
1691681520,1917.68,181
1691681580,1918.38,216
1691681640,1918.73,228
1691681700,1918.64,133
1691681760,1918.47,183
1691681820,1917.91,211
1691681880,1918.02,175
1691681940,1917.70,194
1691682000,1918.27,189
1691682060,1918.86,182
1691682120,1918.80,196
1691682180,1918.57,190
1691682240,1918.63,170
1691682300,1918.44,188
1691682360,1919.23,226
1691682420,1919.16,130
1691682480,1919.26,188
1691682540,1918.77,160
1691682600,1918.80,156
1691682660,1919.40,160
1691682720,1919.77,186
1691682780,1920.14,168
1691682840,1919.39,171
1691682900,1919.53,167
1691682960,1919.91,151
1691683020,1920.26,128
1691683080,1920.29,175
1691683140,1920.08,180
1691683200,1920.02,192
1691683260,1919.99,179
1691683320,1920.43,156
1691683380,1920.99,146
1691683440,1920.89,141
1691683500,1921.03,184
1691683560,1921.39,192
1691683620,1921.26,178
1691683680,1921.32,165
1691683740,1921.58,165
1691683800,1921.34,158
1691683860,1921.12,145
1691683920,1920.46,149
1691683980,1920.13,112
1691684040,1920.03,160
1691684100,1919.95,176
1691684160,1920.22,155
1691684220,1920.17,133
1691684280,1919.91,128
1691684340,1919.91,88
1691684400,1920.30,147
1691684460,1920.28,91
1691684520,1920.24,87
1691684580,1919.86,87
1691684640,1920.11,106
1691684700,1920.05,100
1691684760,1919.60,116
1691684820,1920.00,116
1691684880,1920.06,94
1691684940,1919.52,90
1691685000,1919.86,115
1691685060,1919.73,125
1691685120,1920.00,96
1691685180,1919.97,103
1691685240,1920.33,111
1691685300,1920.04,110
1691685360,1920.18,128
1691685420,1920.60,97
1691685480,1920.93,128
1691685540,1921.28,94
1691685600,1920.96,132
1691685660,1920.96,142
1691685720,1920.84,81
1691685780,1920.96,97
1691685840,1920.90,153
1691685900,1921.04,139
1691685960,1921.16,117
1691686020,1921.14,96
1691686080,1920.77,127
1691686140,1920.76,109
1691686200,1920.71,114
1691686260,1920.29,104
1691686320,1919.87,94
1691686380,1919.81,96
1691686440,1919.96,106
1691686500,1919.67,105
1691686560,1919.78,78
1691686620,1920.18,82
1691686680,1920.18,137
1691686740,1920.56,147
1691686800,1920.98,190
1691686860,1919.97,145
1691686920,1920.06,218
1691686980,1919.94,130
1691687040,1919.52,117
1691687100,1919.43,100
1691687160,1919.50,124
1691687220,1919.59,139
1691687280,1919.14,126
1691687340,1918.78,121
1691687400,1918.76,143
1691687460,1918.32,154
1691687520,1918.42,132
1691687580,1918.43,83
1691687640,1918.22,114
1691687700,1918.30,111
1691687760,1918.47,131
1691687820,1918.25,103
1691687880,1918.21,107
1691687940,1918.14,127
1691688000,1917.95,136
1691688060,1918.03,163
1691688120,1917.54,186
1691688180,1918.01,196
1691688240,1917.64,183
1691688300,1917.42,150
1691688360,1917.07,144
1691688420,1916.90,172
1691688480,1916.60,192
1691688540,1916.32,232
1691688600,1916.52,198
1691688660,1915.98,204
1691688720,1915.80,204
1691688780,1915.52,214
1691688840,1915.50,173
1691688900,1915.25,181
1691688960,1914.56,169
1691689020,1914.37,224
1691689080,1913.84,216
1691689140,1914.21,236
1691689200,1914.30,168
1691689260,1915.54,260
1691689320,1915.48,182
1691689380,1914.98,158
1691689440,1915.88,158
1691689500,1916.42,190
1691689560,1916.68,156
1691689620,1916.08,162
1691689680,1915.07,174
1691689740,1914.90,204
1691689800,1915.41,134
1691689860,1915.35,170
1691689920,1915.30,148
1691689980,1915.38,144
1691690040,1914.87,124
1691690100,1914.55,100
1691690160,1914.14,192
1691690220,1913.64,152
1691690280,1913.64,170
1691690340,1913.64,180
1691690400,1913.26,172
1691690460,1913.00,188
1691690520,1914.09,172
1691690580,1913.95,172
1691690640,1914.04,130
1691690700,1914.70,160
1691690760,1914.66,144
1691690820,1914.07,130
1691690880,1914.58,142
1691690940,1914.37,146
1691691000,1914.29,156
1691691060,1913.96,132
1691691120,1913.92,146
1691691180,1914.10,134
1691691240,1913.94,145
1691691300,1913.70,162
1691691360,1913.59,100
1691691420,1913.49,108
1691691480,1913.66,124
1691691540,1913.49,126
1691691600,1913.66,101
1691691660,1914.24,162
1691691720,1914.20,118
1691691780,1914.58,82
1691691840,1914.39,91
1691691900,1914.36,106
1691691960,1914.52,146
1691692020,1914.36,140
1691692080,1914.16,123
1691692140,1913.98,87
1691692200,1913.96,133
1691692260,1914.20,121
1691692320,1914.12,108
1691692380,1913.97,94
1691692440,1914.02,109
1691692500,1913.98,121
1691692560,1913.90,103
1691692620,1913.78,58
1691692680,1913.86,91
1691692740,1914.08,78
1691692800,1913.85,124
1691692860,1913.98,108
1691692920,1914.24,82
1691692980,1914.20,116
1691693040,1913.94,126
1691693100,1914.08,83
1691693160,1914.08,128
1691693220,1914.22,82
1691693280,1914.28,88
1691693340,1914.44,98
1691693400,1914.66,106
1691693460,1914.96,106
1691693520,1914.70,102
1691693580,1914.64,106
1691693640,1914.76,75
1691693700,1914.85,67
1691693760,1915.02,74
1691693820,1914.88,119
1691693880,1914.95,74
1691693940,1914.96,89
1691694000,1914.76,123
1691694060,1914.51,123
1691694120,1914.73,102
1691694180,1914.63,89
1691694240,1914.55,78
1691694300,1914.46,60
1691694360,1914.67,61
1691694420,1914.86,60
1691694480,1914.80,59
1691694540,1914.57,61
1691694600,1914.68,79
1691694660,1914.41,37
1691694720,1914.64,48
1691694780,1914.64,63
1691694840,1914.70,76
1691694900,1914.72,67
1691694960,1914.84,81
1691695020,1914.80,74
1691695080,1914.84,48
1691695140,1914.42,74
1691695200,1914.25,100
1691695260,1914.50,65
1691695320,1914.48,78
1691695380,1914.52,75
1691695440,1914.58,79
1691695500,1914.52,58
1691695560,1914.48,85
1691695620,1914.50,65
1691695680,1914.28,71
1691695740,1914.31,90
1691695800,1914.45,112
1691695860,1914.09,125
1691695920,1914.07,126
1691695980,1914.26,118
1691696040,1914.10,101
1691696100,1913.97,109
1691696160,1913.90,72
1691696220,1913.74,64
1691696280,1913.73,76
1691696340,1913.78,68
1691696400,1913.67,78
1691696460,1913.72,71
1691696520,1913.57,67
1691696580,1913.38,58
1691696640,1913.42,80
1691696700,1913.47,75
1691696760,1913.31,94
1691696820,1913.26,84
1691696880,1913.32,79
1691696940,1913.24,80
1691697000,1913.68,126
1691697060,1913.68,79
1691697120,1913.50,95
1691697180,1913.55,83
1691697240,1913.54,111
1691697300,1913.36,114
1691697360,1913.34,107
1691697420,1913.15,109
1691697480,1913.40,103
1691697540,1913.36,146
1691697600,1913.49,112
1691697660,1913.47,71
1691697720,1913.38,61
1691697780,1913.41,60
1691697840,1913.20,54
1691697900,1913.18,51
1691697960,1913.17,62
1691698020,1912.96,49
1691698080,1913.02,41
1691698140,1913.03,71
1691698200,1913.03,56
1691698260,1912.97,33
1691698320,1913.34,63
1691698380,1913.34,32
1691698440,1913.37,16
1691698500,1913.44,52
1691698560,1913.48,29
1691698620,1913.49,10
1691698680,1913.49,24
1691698740,1913.48,30
1691698800,1913.39,33
1691698860,1913.40,10
1691698920,1913.30,16
1691698980,1913.38,6
1691699040,1913.34,20
1691699100,1913.48,32
1691699160,1913.43,12
1691699220,1913.43,12
1691699280,1913.68,54
1691699340,1913.50,48
1691699400,1913.50,48
1691699460,1913.37,67
1691699520,1913.33,21
1691699580,1913.26,41
1691699640,1913.27,10
1691699700,1913.19,64
1691699760,1913.22,41
1691699820,1913.16,8
1691699880,1913.00,8
1691699940,1912.88,30
1691700000,1912.94,33
1691700060,1912.89,44
1691700120,1913.00,37
1691700180,1913.15,43
1691700240,1912.72,48
1691700300,1912.74,56
1691700360,1912.86,47
1691700420,1912.68,54
1691700480,1912.73,42
1691700540,1912.54,35
1691700600,1912.34,54
1691700660,1912.36,46
1691700720,1912.36,50
1691700780,1912.36,52
1691700840,1912.50,50
1691700900,1912.54,29
1691700960,1912.54,33
1691704920,1912.77,20
1691704980,1912.67,28
1691705040,1912.49,22
1691705100,1912.77,54
1691705160,1912.63,43
1691705220,1912.61,55
1691705280,1912.89,16
1691705340,1913.05,11
1691705400,1913.11,33
1691705460,1913.11,55
1691705520,1913.25,55
1691705580,1913.41,28
1691705640,1913.40,76
1691705700,1913.33,57
1691705760,1913.28,53
1691705820,1913.30,53
1691705880,1912.95,36
1691705940,1912.98,16
1691706000,1913.01,11
1691706060,1912.87,16
1691706120,1912.98,4
1691706180,1912.99,25
1691706240,1912.75,9
1691706300,1912.79,6
1691706360,1912.90,4
1691706420,1912.92,6
1691706480,1912.91,17
1691706540,1912.91,18
1691706600,1912.78,28
1691706660,1912.80,60
1691706720,1912.85,25
1691706780,1912.82,36
1691706840,1912.86,52
1691706900,1912.61,60
1691706960,1912.80,20
1691707020,1912.70,22
1691707080,1912.74,31
1691707140,1912.61,56
1691707200,1912.44,78
1691707260,1912.24,54
1691707320,1912.74,126
1691707380,1913.04,28
1691707440,1913.04,20
1691707500,1912.91,17
1691707560,1912.73,15
1691707620,1912.72,7
1691707680,1912.75,6
1691707740,1912.46,41
1691707800,1912.12,48
1691707860,1912.14,11
1691707920,1912.46,36
1691707980,1912.48,32
1691708040,1912.74,40
1691708100,1912.96,37
1691708220,1912.88,11
1691708280,1912.91,8
1691708340,1912.78,6
1691708400,1911.84,115
1691708460,1911.74,71
1691708520,1911.75,197
1691708580,1912.18,156
1691708640,1912.06,98
1691708700,1911.86,68
1691708760,1911.92,21
1691708820,1911.85,43
1691708880,1911.81,20
1691708940,1912.00,29
1691709000,1912.04,37
1691709060,1912.20,20
1691709120,1912.32,31
1691709180,1911.98,30
1691709240,1912.03,22
1691709300,1911.98,18
1691709360,1912.11,15
1691709420,1912.08,52
1691709480,1912.18,9
1691709540,1912.11,37
1691709600,1912.16,28
1691709660,1912.26,19
1691709720,1912.24,25
1691709780,1912.23,2
1691709840,1912.39,25
1691709900,1912.39,28
1691709960,1912.50,21
1691710020,1912.50,14
1691710080,1912.46,23
1691710140,1912.54,25
1691710200,1912.50,29
1691710260,1912.49,20
1691710320,1912.47,12
1691710380,1912.52,24
1691710440,1912.66,21
1691710500,1912.56,19
1691710560,1912.50,26
1691710620,1912.56,11
1691710680,1912.62,16
1691710740,1912.56,8
1691710800,1912.64,13
1691710860,1912.72,39
1691710920,1912.62,21
1691710980,1912.56,20
1691711040,1912.70,22
1691711100,1912.50,26
1691711160,1912.46,16
1691711220,1912.46,12
1691711280,1912.42,8
1691711340,1912.43,2
1691711400,1912.42,2
1691711460,1912.43,10
1691711520,1912.43,8
1691711580,1912.37,32
1691711640,1912.41,12
1691711700,1912.23,31
1691711760,1912.38,15
1691711820,1912.32,21
1691711880,1912.42,25
1691711940,1912.41,2
1691712000,1911.90,46
1691712060,1912.04,25
1691712120,1912.12,48
1691712180,1912.14,47
1691712240,1912.01,33
1691712300,1912.10,39
1691712360,1912.22,15
1691712420,1912.24,54
1691712480,1912.10,22
1691712540,1912.25,41
1691712600,1912.42,53
1691712660,1912.38,28
1691712720,1912.66,29
1691712780,1912.73,15
1691712840,1912.68,30
1691712900,1912.68,13
1691712960,1912.87,46
1691713020,1912.94,67
1691713080,1913.06,43
1691713140,1913.17,47
1691713200,1913.14,53
1691713260,1913.19,45
1691713320,1913.01,46
1691713380,1913.02,33
1691713440,1913.02,12
1691713500,1913.20,49
1691713560,1913.16,52
1691713620,1913.12,27
1691713680,1913.32,25
1691713740,1913.41,30
1691713800,1913.29,81
1691713860,1913.31,39
1691713920,1913.34,34
1691713980,1913.37,41
1691714040,1913.44,34
1691714100,1913.52,44
1691714160,1913.34,57
1691714220,1913.32,63
1691714280,1913.66,51
1691714340,1913.86,49
1691714400,1913.86,49
1691714460,1913.98,58
1691714520,1913.92,19
1691714580,1914.05,41
1691714640,1914.16,50
1691714700,1914.36,49
1691714760,1914.48,55
1691714820,1914.43,54
1691714880,1914.34,62
1691714940,1914.49,42
1691715000,1914.45,65
1691715060,1914.52,43
1691715120,1914.59,46
1691715180,1914.36,58
1691715240,1914.43,34
1691715300,1914.77,55
1691715360,1915.04,92
1691715420,1914.68,72
1691715480,1914.76,46
1691715540,1914.71,43
1691715600,1915.05,148
1691715660,1914.78,130
1691715720,1914.92,102
1691715780,1914.78,89
1691715840,1915.24,97
1691715900,1915.60,109
1691715960,1915.37,74
1691716020,1915.52,90
1691716080,1915.33,98
1691716140,1914.91,76
1691716200,1914.98,62
1691716260,1914.71,76
1691716320,1914.70,72
1691716380,1914.85,87
1691716440,1914.75,65
1691716500,1914.89,123
1691716560,1914.97,70
1691716620,1915.34,69
1691716680,1915.49,140
1691716740,1915.30,120
1691716800,1915.04,98
1691716860,1914.89,76
1691716920,1914.56,65
1691716980,1914.58,60
1691717040,1914.66,41
1691717100,1914.61,87
1691717160,1914.66,51
1691717220,1914.82,39
1691717280,1914.64,40
1691717340,1914.62,42
1691717400,1914.53,99
1691717460,1914.47,118
1691717520,1914.69,146
1691717580,1914.57,117
1691717640,1914.63,88
1691717700,1914.91,96
1691717760,1914.90,113
1691717820,1915.11,88
1691717880,1915.29,92
1691717940,1915.26,48
1691718000,1915.53,97
1691718060,1915.46,94
1691718120,1915.36,88
1691718180,1915.42,74
1691718240,1915.01,91
1691718300,1915.17,86
1691718360,1915.12,46
1691718420,1915.30,54
1691718480,1915.45,118
1691718540,1915.11,89
1691718600,1915.25,80
1691718660,1915.40,58
1691718720,1915.55,85
1691718780,1915.41,61
1691718840,1915.42,131
1691718900,1915.14,56
1691718960,1915.34,30
1691719020,1915.42,78
1691719080,1915.46,51
1691719140,1915.52,71
1691719200,1915.32,136
1691719260,1915.23,101
1691719320,1915.48,72
1691719380,1915.34,61
1691719440,1915.45,49
1691719500,1915.57,62
1691719560,1915.62,44
1691719620,1915.58,74
1691719680,1915.78,48
1691719740,1915.73,56
1691719800,1915.65,63
1691719860,1915.64,50
1691719920,1915.62,46
1691719980,1915.84,56
1691720040,1915.71,50
1691720100,1915.86,40
1691720160,1914.97,103
1691720220,1915.22,37
1691720280,1915.22,30
1691720340,1915.15,56
1691720400,1915.32,52
1691720460,1914.86,44
1691720520,1914.76,50
1691720580,1914.73,30
1691720640,1914.82,32
1691720700,1914.70,58
1691720760,1914.66,49
1691720820,1914.48,58
1691720880,1914.38,43
1691720940,1914.36,30
1691721000,1914.38,74
1691721060,1914.50,78
1691721120,1914.54,83
1691721180,1914.62,70
1691721240,1914.54,60
1691721300,1914.48,70
1691721360,1914.37,62
1691721420,1914.43,73
1691721480,1914.40,70
1691721540,1914.41,38
1691721600,1914.47,46
1691721660,1914.50,64
1691721720,1914.68,84
1691721780,1914.49,52
1691721840,1914.45,40
1691721900,1914.51,80
1691721960,1914.70,64
1691722020,1914.80,72
1691722080,1914.82,102
1691722140,1914.94,26
1691722200,1914.84,16
1691722260,1914.84,54
1691722320,1914.85,50
1691722380,1915.04,25
1691722440,1915.16,50
1691722500,1914.91,57
1691722560,1914.82,58
1691722620,1914.92,56
1691722680,1914.98,47
1691722740,1914.83,44
1691722800,1914.87,34
1691722860,1914.91,45
1691722920,1915.01,23
1691722980,1915.11,32
1691723040,1915.31,68
1691723100,1915.51,78
1691723160,1915.50,42
1691723220,1915.46,72
1691723280,1915.61,50
1691723340,1915.61,38
1691723400,1915.61,39
1691723460,1915.51,61
1691723520,1915.04,118
1691723580,1915.03,44
1691723640,1914.56,72
1691723700,1914.79,92
1691723760,1914.70,68
1691723820,1914.40,88
1691723880,1914.65,108
1691723940,1914.73,73
1691724000,1914.63,47
1691724060,1914.66,38
1691724120,1914.51,36
1691724180,1913.80,86
1691724240,1913.56,134
1691724300,1913.86,176
1691724360,1913.98,104
1691724420,1914.08,56
1691724480,1914.16,80
1691724540,1914.36,71
1691724600,1914.31,54
1691724660,1914.03,37
1691724720,1913.56,54
1691724780,1914.00,58
1691724840,1914.02,40
1691724900,1914.01,29
1691724960,1913.93,22
1691725020,1913.69,49
1691725080,1913.83,72
1691725140,1913.82,36
1691725200,1913.90,57
1691725260,1913.99,44
1691725320,1914.03,34
1691725380,1914.16,59
1691725440,1914.19,26
1691725500,1914.20,48
1691725560,1914.32,38
1691725620,1914.28,25
1691725680,1914.22,16
1691725740,1914.24,23
1691725800,1914.20,16
1691725860,1914.25,7
1691725920,1914.25,16
1691725980,1914.38,33
1691726040,1914.66,33
1691726100,1914.76,23
1691726160,1914.83,18
1691726220,1914.82,8
1691726280,1914.69,33
1691726340,1914.69,21
1691726400,1914.85,46
1691726460,1914.66,42
1691726520,1914.45,24
1691726580,1914.29,18
1691726640,1914.24,50
1691726700,1914.44,29
1691726760,1914.59,10
1691726820,1914.72,26
1691726880,1914.71,11
1691726940,1914.48,22
1691727000,1914.50,41
1691727060,1914.28,28
1691727120,1914.29,28
1691727180,1914.01,39
1691727240,1914.19,31
1691727300,1914.16,28
1691727360,1914.32,30
1691727420,1914.32,16
1691727480,1914.28,18
1691727540,1914.12,26
1691727600,1914.11,30
1691727660,1914.24,28
1691727720,1914.21,29
1691727780,1913.97,31
1691727840,1914.16,27
1691727900,1914.20,21
1691727960,1914.10,16
1691728020,1913.80,29
1691728080,1913.67,34
1691728140,1913.61,21
1691728200,1913.28,64
1691728260,1913.36,49
1691728320,1913.44,44
1691728380,1913.49,62
1691728440,1913.50,43
1691728500,1913.36,48
1691728560,1913.55,39
1691728620,1913.47,24
1691728680,1913.53,8
1691728740,1912.98,60
1691728800,1913.07,42
1691728860,1912.91,67
1691728920,1912.93,36
1691728980,1912.91,28
1691729040,1912.95,22
1691729100,1912.76,51
1691729160,1912.67,49
1691729220,1912.78,42
1691729280,1912.89,51
1691729340,1913.19,33
1691729400,1913.24,24
1691729460,1913.43,49
1691729520,1913.62,51
1691729580,1913.32,53
1691729640,1913.29,50
1691729700,1913.33,42
1691729760,1913.31,52
1691729820,1913.35,34
1691729880,1913.45,20
1691729940,1913.54,28
1691730000,1913.09,45
1691730060,1913.25,33
1691730120,1913.17,50
1691730180,1913.36,49
1691730240,1913.22,39
1691730300,1913.36,51
1691730360,1913.26,20
1691730420,1912.92,38
1691730480,1912.92,27
1691730540,1913.06,37
1691730600,1913.18,36
1691730660,1913.21,40
1691730720,1913.21,32
1691730780,1913.18,34
1691730840,1913.09,19
1691730900,1913.06,42
1691730960,1913.07,42
1691731020,1913.17,34
1691731080,1913.37,51
1691731140,1913.56,34
1691731200,1913.09,68
1691731260,1913.69,48
1691731320,1913.68,48
1691731380,1913.71,59
1691731440,1913.96,42
1691731500,1913.98,30
1691731560,1914.06,29
1691731620,1914.02,48
1691731680,1913.93,13
1691731740,1913.96,36
1691731800,1914.42,248
1691731860,1914.59,118
1691731920,1914.92,80
1691731980,1914.70,75
1691732040,1914.81,77
1691732100,1915.41,87
1691732160,1915.02,124
1691732220,1914.95,79
1691732280,1915.26,93
1691732340,1915.36,92
1691732400,1915.22,146
1691732460,1915.06,138
1691732520,1915.21,73
1691732580,1915.38,50
1691732640,1915.38,86
1691732700,1915.36,85
1691732760,1915.43,90
1691732820,1915.43,54
1691732880,1915.84,76
1691732940,1915.67,74
1691733000,1915.69,48
1691733060,1915.83,86
1691733120,1915.89,89
1691733180,1915.54,80
1691733240,1915.60,64
1691733300,1915.52,85
1691733360,1915.70,81
1691733420,1915.62,79
1691733480,1915.62,74
1691733540,1915.76,83
1691733600,1915.53,210
1691733660,1915.90,118
1691733720,1915.99,167
1691733780,1916.15,131
1691733840,1915.98,128
1691733900,1916.23,74
1691733960,1916.40,123
1691734020,1916.25,103
1691734080,1916.26,74
1691734140,1916.24,91
1691734200,1916.44,64
1691734260,1916.69,101
1691734320,1916.98,122
1691734380,1916.93,123
1691734440,1916.94,93
1691734500,1917.03,86
1691734560,1917.28,68
1691734620,1917.20,57
1691734680,1917.05,84
1691734740,1916.88,76
1691734800,1916.80,93
1691734860,1916.85,116
1691734920,1916.72,96
1691734980,1916.92,132
1691735040,1916.84,80
1691735100,1917.15,82
1691735160,1917.10,132
1691735220,1917.11,64
1691735280,1917.06,60
1691735340,1917.13,90
1691735400,1917.29,110
1691735460,1917.11,100
1691735520,1917.33,115
1691735580,1917.13,139
1691735640,1917.62,82
1691735700,1917.31,101
1691735760,1917.30,97
1691735820,1917.29,52
1691735880,1917.23,64
1691735940,1917.54,104
1691736000,1917.39,95
1691736060,1917.23,54
1691736120,1917.30,90
1691736180,1917.34,68
1691736240,1917.38,76
1691736300,1917.15,95
1691736360,1917.09,91
1691736420,1916.58,66
1691736480,1916.56,146
1691736540,1916.22,97
1691736600,1916.23,88
1691736660,1916.13,97
1691736720,1916.32,78
1691736780,1916.70,65
1691736840,1916.73,50
1691736900,1916.70,42
1691736960,1916.44,91
1691737020,1916.13,87
1691737080,1916.26,41
1691737140,1916.36,67
1691737200,1916.54,147
1691737260,1916.71,105
1691737320,1916.15,100
1691737380,1915.96,96
1691737440,1916.17,100
1691737500,1916.31,113
1691737560,1916.46,84
1691737620,1917.04,136
1691737680,1916.62,123
1691737740,1916.02,110
1691737800,1916.39,108
1691737860,1916.08,99
1691737920,1916.16,94
1691737980,1916.22,118
1691738040,1916.09,50
1691738100,1916.17,95
1691738160,1916.45,100
1691738220,1916.31,132
1691738280,1915.97,73
1691738340,1916.16,59
1691738400,1916.25,101
1691738460,1916.40,65
1691738520,1916.46,76
1691738580,1916.02,56
1691738640,1916.47,138
1691738700,1916.31,109
1691738760,1916.80,99
1691738820,1916.80,84
1691738880,1916.94,58
1691738940,1917.12,70
1691739000,1916.97,82
1691739060,1916.31,98
1691739120,1916.94,119
1691739180,1917.58,172
1691739240,1917.34,214
1691739300,1917.03,136
1691739360,1917.00,111
1691739420,1916.92,66
1691739480,1916.88,81
1691739540,1916.96,108
1691739600,1916.95,69
1691739660,1917.09,69
1691739720,1917.38,61
1691739780,1917.02,68
1691739840,1917.03,90
1691739900,1917.09,90
1691739960,1917.07,100
1691740020,1917.36,119
1691740080,1917.39,118
1691740140,1917.81,148
1691740200,1917.42,98
1691740260,1917.53,108
1691740320,1917.55,95
1691740380,1917.55,96
1691740440,1917.71,64
1691740500,1918.01,104
1691740560,1917.75,98
1691740620,1917.58,70
1691740680,1917.57,88
1691740740,1917.91,109
1691740800,1917.80,96
1691740860,1917.49,111
1691740920,1917.68,102
1691740980,1917.78,106
1691741040,1917.72,86
1691741100,1917.66,92
1691741160,1918.05,80
1691741220,1918.02,78
1691741280,1917.98,104
1691741340,1918.16,100
1691741400,1918.17,90
1691741460,1918.18,97
1691741520,1918.18,97
1691741580,1918.69,83
1691741640,1918.66,140
1691741700,1918.54,89
1691741760,1918.41,93
1691741820,1918.16,77
1691741880,1918.10,93
1691741940,1918.10,62
1691742000,1918.19,60
1691742060,1918.10,64
1691742120,1918.10,78
1691742180,1917.98,66
1691742240,1917.96,94
1691742300,1918.40,75
1691742360,1918.48,66
1691742420,1918.30,88
1691742480,1918.34,62
1691742540,1918.50,54
1691742600,1918.10,127
1691742660,1917.84,109
1691742720,1917.34,109
1691742780,1916.68,196
1691742840,1917.66,132
1691742900,1917.58,98
1691742960,1917.76,120
1691743020,1918.05,93
1691743080,1917.98,77
1691743140,1917.98,102
1691743200,1918.14,92
1691743260,1917.96,90
1691743320,1917.86,95
1691743380,1918.27,96
1691743440,1918.70,114
1691743500,1918.92,120
1691743560,1919.04,105
1691743620,1919.13,100
1691743680,1918.92,122
1691743740,1919.10,104
1691743800,1918.88,143
1691743860,1918.49,139
1691743920,1918.31,99
1691743980,1918.32,50
1691744040,1918.34,66
1691744100,1918.38,64
1691744160,1918.71,73
1691744220,1919.09,73
1691744280,1918.86,77
1691744340,1919.02,94
1691744400,1919.24,76
1691744460,1919.34,83
1691744520,1919.25,97
1691744580,1919.18,82
1691744640,1919.18,90
1691744700,1919.61,79
1691744760,1919.77,78
1691744820,1919.55,73
1691744880,1919.57,60
1691744940,1919.28,75
1691745000,1919.09,110
1691745060,1919.12,62
1691745120,1918.99,77
1691745180,1918.56,99
1691745240,1918.63,89
1691745300,1918.56,88
1691745360,1918.57,32
1691745420,1918.27,58
1691745480,1918.34,130
1691745540,1918.12,86
1691745600,1918.14,69
1691745660,1918.30,46
1691745720,1918.07,54
1691745780,1917.83,79
1691745840,1917.76,84
1691745900,1917.56,83
1691745960,1917.66,29
1691746020,1917.56,84
1691746080,1917.26,110
1691746140,1917.44,132
1691746200,1917.94,147
1691746260,1917.68,186
1691746320,1917.77,82
1691746380,1917.88,67
1691746440,1917.96,103
1691746500,1918.10,73
1691746560,1917.96,63
1691746620,1917.93,73
1691746680,1917.93,64
1691746740,1918.34,88
1691746800,1918.40,87
1691746860,1918.85,66
1691746920,1918.24,70
1691746980,1917.96,51
1691747040,1918.06,41
1691747100,1918.02,44
1691747160,1918.04,69
1691747220,1918.05,82
1691747280,1917.86,67
1691747340,1917.84,60
1691747400,1917.77,85
1691747460,1917.46,63
1691747520,1917.46,90
1691747580,1917.61,61
1691747640,1917.77,69
1691747700,1917.80,78
1691747760,1917.54,72
1691747820,1917.69,91
1691747880,1917.77,54
1691747940,1917.98,72
1691748000,1917.74,93
1691748060,1917.75,92
1691748120,1917.75,56
1691748180,1917.50,87
1691748240,1917.69,65
1691748300,1917.49,68
1691748360,1917.49,50
1691748420,1917.58,85
1691748480,1917.78,70
1691748540,1917.73,73
1691748600,1917.72,56
1691748660,1917.46,70
1691748720,1917.38,42
1691748780,1917.54,65
1691748840,1917.49,62
1691748900,1917.39,96
1691748960,1917.44,67
1691749020,1917.30,70
1691749080,1917.62,76
1691749140,1917.55,54
1691749200,1917.58,56
1691749260,1917.88,62
1691749320,1917.75,66
1691749380,1917.64,44
1691749440,1917.68,48
1691749500,1918.04,62
1691749560,1918.09,23
1691749620,1917.97,32
1691749680,1918.10,78
1691749740,1918.14,49
1691749800,1918.27,66
1691749860,1918.06,46
1691749920,1918.34,46
1691749980,1918.37,64
1691750040,1917.99,63
1691750100,1918.09,68
1691750160,1918.02,54
1691750220,1918.05,40
1691750280,1917.66,75
1691750340,1917.71,71
1691750400,1917.76,61
1691750460,1917.72,50
1691750520,1917.79,62
1691750580,1918.14,76
1691750640,1918.34,80
1691750700,1917.91,71
1691750760,1917.78,42
1691750820,1917.95,43
1691750880,1917.96,16
1691750940,1917.79,48
1691751000,1917.99,55
1691751060,1917.99,48
1691751120,1917.63,52
1691751180,1917.66,77
1691751240,1917.87,73
1691751300,1917.78,75
1691751360,1917.95,72
1691751420,1917.76,48
1691751480,1917.75,58
1691751540,1917.96,59
1691751600,1917.75,75
1691751660,1917.65,91
1691751720,1917.79,58
1691751780,1917.70,68
1691751840,1917.76,64
1691751900,1917.69,38
1691751960,1917.81,71
1691752020,1917.74,104
1691752080,1917.49,73
1691752140,1917.62,86
1691752200,1917.74,60
1691752260,1917.81,62
1691752320,1917.75,56
1691752380,1917.77,58
1691752440,1917.74,50
1691752500,1917.78,40
1691752560,1917.62,62
1691752620,1917.62,73
1691752680,1917.65,68
1691752740,1917.91,48
1691752800,1917.94,50
1691752860,1917.76,52
1691752920,1917.84,70
1691752980,1917.76,60
1691753040,1917.75,38
1691753100,1917.80,61
1691753160,1917.68,64
1691753220,1917.76,66
1691753280,1918.03,88
1691753340,1917.82,71
1691753400,1917.59,86
1691753460,1917.71,63
1691753520,1918.04,55
1691753580,1918.13,82
1691753640,1918.23,32
1691753700,1918.25,82
1691753760,1918.20,71
1691753820,1918.20,52
1691753880,1918.49,68
1691753940,1918.72,93
1691754000,1918.65,76
1691754060,1918.68,112
1691754120,1918.88,86
1691754180,1918.93,48
1691754240,1918.59,77
1691754300,1918.81,96
1691754360,1918.72,88
1691754420,1918.81,74
1691754480,1918.98,84
1691754540,1918.92,100
1691754600,1918.66,97
1691754660,1918.66,73
1691754720,1918.69,50
1691754780,1918.67,82
1691754840,1918.74,92
1691754900,1918.64,96
1691754960,1918.89,70
1691755020,1919.05,113
1691755080,1918.85,98
1691755140,1919.06,118
1691755200,1919.07,137
1691755260,1919.11,144
1691755320,1919.08,133
1691755380,1919.10,112
1691755440,1919.24,80
1691755500,1919.18,110
1691755560,1919.10,90
1691755620,1919.05,122
1691755680,1919.12,78
1691755740,1919.26,62
1691755800,1919.63,46
1691755860,1919.91,154
1691755920,1919.82,127
1691755980,1919.97,97
1691756040,1920.04,113
1691756100,1920.10,66
1691756160,1919.76,116
1691756220,1919.40,132
1691756280,1919.10,124
1691756340,1918.76,159
1691756400,1918.34,238
1691756460,1919.76,192
1691756520,1919.90,172
1691756580,1920.10,184
1691756640,1920.36,159
1691756700,1920.49,202
1691756760,1920.65,207
1691756820,1920.35,123
1691756880,1920.46,127
1691756940,1920.16,211
1691757000,1916.25,445
1691757060,1917.60,417
1691757120,1916.39,343
1691757180,1915.89,332
1691757240,1916.62,389
1691757300,1916.46,391
1691757360,1916.33,317
1691757420,1916.65,275
1691757480,1916.33,290
1691757540,1916.13,306
1691757600,1916.81,276
1691757660,1917.06,279
1691757720,1916.26,261
1691757780,1915.53,238
1691757840,1915.31,281
1691757900,1915.40,283
1691757960,1914.84,280
1691758020,1914.40,227
1691758080,1913.92,223
1691758140,1913.90,237
1691758200,1913.66,272
1691758260,1913.83,235
1691758320,1914.79,216
1691758380,1914.71,244
1691758440,1915.41,230
1691758500,1915.65,218
1691758560,1914.87,276
1691758620,1915.44,234
1691758680,1915.11,233
1691758740,1916.11,219
1691758800,1914.88,277
1691758860,1915.09,268
1691758920,1916.27,266
1691758980,1916.52,261
1691759040,1916.66,218
1691759100,1916.31,240
1691759160,1916.30,246
1691759220,1915.91,214
1691759280,1915.80,192
1691759340,1916.33,212
1691759400,1915.39,197
1691759460,1915.48,179
1691759520,1915.44,184
1691759580,1915.13,184
1691759640,1914.85,154
1691759700,1915.06,223
1691759760,1915.02,261
1691759820,1914.39,201
1691759880,1914.86,233
1691759940,1915.59,238
1691760000,1916.33,190
1691760060,1916.28,228
1691760120,1916.08,212
1691760180,1915.93,162
1691760240,1916.17,148
1691760300,1915.94,208
1691760360,1915.64,167
1691760420,1915.05,196
1691760480,1914.69,190
1691760540,1914.98,164
1691760600,1914.26,275
1691760660,1914.50,228
1691760720,1915.79,232
1691760780,1916.35,271
1691760840,1916.33,280
1691760900,1914.26,284
1691760960,1913.61,312
1691761020,1916.06,307
1691761080,1916.82,310
1691761140,1917.02,268
1691761200,1916.33,295
1691761260,1916.50,290
1691761320,1917.20,238
1691761380,1916.79,272
1691761440,1917.23,260
1691761500,1916.46,283
1691761560,1915.19,267
1691761620,1915.15,219
1691761680,1914.64,206
1691761740,1914.99,200
1691761800,1914.50,210
1691761860,1914.30,222
1691761920,1914.71,230
1691761980,1915.21,238
1691762040,1915.51,224
1691762100,1915.96,236
1691762160,1915.93,194
1691762220,1916.02,186
1691762280,1916.32,225
1691762340,1916.02,133
1691762400,1916.07,420
1691762460,1916.19,357
1691762520,1916.72,377
1691762580,1917.05,396
1691762640,1917.10,335
1691762700,1916.79,332
1691762760,1916.45,356
1691762820,1917.14,290
1691762880,1917.61,327
1691762940,1917.60,287
1691763000,1917.69,275
1691763060,1917.48,264
1691763120,1917.71,212
1691763180,1918.34,290
1691763240,1917.72,271
1691763300,1919.06,274
1691763360,1919.25,264
1691763420,1919.42,275
1691763480,1918.72,261
1691763540,1918.40,237
1691763600,1919.00,242
1691763660,1918.85,259
1691763720,1918.34,240
1691763780,1918.43,225
1691763840,1918.02,272
1691763900,1918.04,234
1691763960,1918.47,199
1691764020,1918.73,190
1691764080,1919.42,232
1691764140,1918.81,230
1691764200,1919.11,232
1691764260,1919.52,274
1691764320,1919.02,233
1691764380,1918.43,218
1691764440,1917.49,232
1691764500,1917.28,262
1691764560,1918.13,161
1691764620,1917.73,216
1691764680,1918.16,214
1691764740,1918.67,179
1691764800,1918.88,207
1691764860,1918.67,192
1691764920,1919.50,220
1691764980,1919.56,239
1691765040,1919.23,227
1691765100,1919.26,208
1691765160,1919.34,206
1691765220,1919.57,238
1691765280,1919.46,186
1691765340,1919.81,206
1691765400,1919.18,215
1691765460,1918.97,217
1691765520,1919.00,224
1691765580,1918.92,180
1691765640,1919.10,155
1691765700,1919.06,181
1691765760,1918.73,170
1691765820,1918.92,136
1691765880,1918.83,131
1691765940,1918.64,133
1691766000,1918.74,220
1691766060,1919.25,149
1691766120,1919.34,171
1691766180,1918.85,179
1691766240,1919.38,143
1691766300,1919.15,166
1691766360,1918.87,156
1691766420,1919.08,176
1691766480,1919.32,130
1691766540,1919.31,149
1691766600,1918.45,186
1691766660,1917.96,200
1691766720,1918.44,173
1691766780,1918.45,144
1691766840,1917.81,182
1691766900,1917.57,156
1691766960,1917.13,161
1691767020,1916.66,232
1691767080,1916.76,209
1691767140,1916.98,197
1691767200,1917.52,214
1691767260,1916.84,176
1691767320,1916.79,126
1691767380,1916.95,124
1691767440,1917.24,148
1691767500,1916.85,160
1691767560,1916.62,129
1691767620,1916.11,106
1691767680,1916.36,90
1691767740,1915.92,146
1691767800,1915.80,169
1691767860,1916.24,202
1691767920,1915.75,96
1691767980,1915.44,102
1691768040,1915.14,139
1691768100,1915.44,169
1691768160,1915.20,166
1691768220,1915.53,141
1691768280,1915.27,191
1691768340,1914.44,207
1691768400,1914.28,140
1691768460,1914.25,157
1691768520,1914.18,180
1691768580,1913.94,134
1691768640,1913.71,126
1691768700,1913.92,190
1691768760,1913.98,185
1691768820,1913.76,177
1691768880,1913.09,183
1691768940,1913.14,174
1691769000,1913.72,152
1691769060,1914.25,158
1691769120,1914.12,157
1691769180,1913.87,136
1691769240,1914.03,126
1691769300,1913.94,150
1691769360,1913.93,74
1691769420,1914.25,120
1691769480,1914.15,127
1691769540,1914.08,173
1691769600,1914.39,138
1691769660,1914.09,110
1691769720,1913.86,108
1691769780,1913.91,69
1691769840,1913.90,80
1691769900,1914.22,105
1691769960,1914.64,93
1691770020,1914.44,99
1691770080,1914.32,142
1691770140,1915.01,120
1691770200,1914.86,126
1691770260,1915.03,72
1691770320,1914.81,137
1691770380,1914.98,126
1691770440,1914.91,120
1691770500,1914.99,117
1691770560,1914.71,94
1691770620,1914.85,91
1691770680,1914.92,90
1691770740,1914.74,72
1691770800,1914.91,79
1691770860,1914.92,71
1691770920,1914.50,87
1691770980,1914.46,81
1691771040,1914.29,127
1691771100,1914.34,83
1691771160,1914.25,101
1691771220,1914.23,85
1691771280,1914.47,72
1691771340,1914.76,78
1691771400,1914.98,61
1691771460,1914.66,32
1691771520,1914.68,70
1691771580,1914.99,88
1691771640,1914.99,66
1691771700,1914.97,90
1691771760,1914.47,85
1691771820,1914.46,104
1691771880,1914.58,93
1691771940,1914.46,120
1691772000,1914.35,94
1691772060,1914.30,106
1691772120,1914.57,125
1691772180,1914.47,110
1691772240,1914.54,118
1691772300,1914.44,97
1691772360,1914.43,71
1691772420,1914.32,101
1691772480,1914.44,81
1691772540,1914.39,82
1691772600,1914.46,119
1691772660,1914.35,119
1691772720,1914.43,110
1691772780,1914.34,96
1691772840,1914.35,107
1691772900,1914.18,74
1691772960,1914.37,83
1691773020,1914.17,87
1691773080,1914.18,87
1691773140,1914.38,106
1691773200,1914.47,90
1691773260,1914.58,84
1691773320,1914.86,112
1691773380,1914.77,98
1691773440,1914.95,92
1691773500,1914.86,62
1691773560,1915.09,94
1691773620,1915.24,94
1691773680,1915.36,126
1691773740,1914.98,163
1691773800,1915.06,76
1691773860,1915.30,82
1691773920,1915.24,67
1691773980,1915.17,88
1691774040,1915.14,70
1691774100,1915.33,126
1691774160,1915.04,73
1691774220,1915.05,68
1691774280,1915.04,96
1691774340,1914.93,53
1691774400,1914.75,67
1691774460,1914.59,83
1691774520,1914.45,74
1691774580,1914.44,93
1691774640,1914.17,105
1691774700,1914.11,106
1691774760,1914.41,134
1691774820,1914.86,107
1691774880,1914.86,53
1691774940,1914.32,216
1691775000,1914.43,114
1691775060,1914.31,111
1691775120,1914.45,114
1691775180,1914.43,97
1691775240,1914.65,77
1691775300,1914.48,61
1691775360,1914.52,63
1691775420,1914.11,88
1691775480,1913.91,114
1691775540,1913.83,92
1691775600,1913.68,118
1691775660,1913.62,104
1691775720,1913.61,63
1691775780,1913.50,52
1691775840,1913.62,74
1691775900,1913.46,79
1691775960,1913.45,88
1691776020,1913.28,72
1691776080,1913.22,92
1691776140,1913.27,109
1691776200,1913.31,154
1691776260,1913.24,81
1691776320,1913.42,66
1691776380,1913.39,58
1691776440,1913.46,42
1691776500,1913.36,82
1691776560,1913.30,89
1691776620,1913.31,17
1691776680,1913.19,83
1691776740,1913.28,87
1691776800,1913.28,91
1691776860,1913.33,70
1691776920,1913.58,59
1691776980,1913.48,81
1691777040,1913.56,81
1691777100,1913.49,83
1691777160,1913.85,78
1691777220,1913.77,60
1691777280,1913.37,104
1691777340,1913.28,42
1691777400,1913.29,66
1691777460,1913.00,107
1691777520,1913.02,123
1691777580,1913.01,105
1691777640,1913.15,65
1691777700,1912.92,54
1691777760,1912.79,45
1691777820,1912.58,56
1691777880,1912.92,57
1691777940,1913.01,76
1691778000,1913.14,70
1691778060,1913.32,70
1691778120,1913.42,45
1691778180,1913.30,63
1691778240,1913.54,76
1691778300,1913.41,66
1691778360,1913.41,57
1691778420,1913.41,49
1691778480,1913.37,51
1691778540,1913.44,24
1691778600,1913.36,59
1691778660,1913.38,47
1691778720,1913.48,52
1691778780,1913.43,54
1691778840,1913.39,44
1691778900,1913.27,70
1691778960,1913.35,71
1691779020,1913.31,46
1691779080,1913.27,83
1691779140,1913.30,81
1691779200,1913.34,72
1691779260,1913.34,46
1691779320,1913.42,59
1691779380,1913.27,52
1691779440,1913.35,45
1691779500,1913.27,45
1691779560,1913.35,43
1691779620,1913.37,41
1691779680,1913.27,36
1691779740,1913.26,61
1691779800,1913.33,38
1691779860,1913.35,73
1691779920,1913.24,77
1691779980,1913.35,70
1691780040,1913.32,44
1691780100,1913.45,50
1691780160,1913.52,84
1691780220,1913.44,82
1691780280,1913.43,82
1691780340,1913.40,42
1691780400,1912.90,131
1691780460,1912.87,126
1691780520,1913.16,48
1691780580,1913.32,45
1691780640,1913.04,70
1691780700,1912.85,54
1691780760,1912.81,86
1691780820,1912.91,53
1691780880,1912.94,51
1691780940,1912.91,43
1691781000,1912.77,43
1691781060,1912.45,39
1691781120,1912.50,56
1691781180,1912.62,73
1691781240,1912.95,74
1691781300,1912.79,54
1691781360,1912.79,38
1691781420,1913.00,65
1691781480,1913.02,44
1691781540,1913.04,45
1691781600,1913.02,40
1691781660,1912.95,38
1691781720,1912.87,26
1691781780,1912.97,70
1691781840,1913.13,44
1691781900,1913.27,68
1691781960,1913.18,46
1691782020,1913.07,64
1691782080,1912.83,72
1691782140,1912.96,47
1691782200,1913.03,63
1691782260,1912.97,69
1691782320,1913.16,47
1691782380,1913.37,64
1691782440,1913.38,55
1691782500,1913.45,58
1691782560,1913.40,98
1691782620,1913.40,52
1691782680,1913.21,56
1691782740,1913.26,30
1691782800,1913.22,50
1691782860,1913.01,23
1691782920,1912.93,48
1691782980,1912.88,51
1691783040,1913.18,55
1691783100,1913.11,72
1691783160,1913.25,49
1691783220,1913.22,22
1691783280,1913.29,66
1691783340,1913.31,58
1691783400,1913.13,74
1691783460,1913.08,50
1691783520,1913.40,64
1691783580,1913.54,71
1691783640,1913.40,61
1691783700,1913.64,72
1691783760,1913.61,49
1691783820,1913.69,48
1691783880,1913.51,96
1691783940,1913.58,117
1691784000,1913.73,66
1691784060,1913.89,48
1691784120,1913.76,44
1691784180,1913.73,44
1691784240,1913.67,25
1691784300,1913.82,39
1691784360,1913.76,26
1691784420,1913.64,34
1691784480,1913.41,39
1691784540,1913.28,28
1691784600,1913.12,24
1691784660,1913.14,14
1691784720,1913.22,12
1691784780,1913.20,40
1691784840,1913.26,35
1691784900,1913.18,50
1691784960,1913.18,35
1691785020,1913.20,17
1691785080,1913.17,16
1691785140,1913.34,12
1691785200,1913.32,20
1691785260,1913.32,11
1691785320,1913.30,16
1691785380,1913.33,8
1691785440,1913.31,2
1691785500,1913.27,18
1691785560,1913.46,28
1691785620,1913.36,36
1691785680,1913.24,18
1691785740,1913.27,24
1691785800,1913.31,19
1691785860,1912.92,22
1691785920,1912.97,14
1691785980,1912.91,6
1691786040,1912.96,16
1691786100,1912.98,15
1691786160,1913.18,51
1691786220,1913.24,22
1691786280,1913.26,14
1691786340,1913.27,18
1691786400,1913.25,26
1691786460,1913.30,7
1691786520,1913.28,6
1691786580,1913.46,17
1691786640,1913.45,11
1691786700,1913.40,49
1691786760,1913.45,19
1691786820,1913.45,16
1691786880,1913.42,23
1691786940,1913.42,25
1691787000,1913.66,42
1691787060,1913.96,34
1691787120,1913.98,32
1691787180,1914.04,23
1691787240,1913.96,46
1691787300,1913.91,56
1691787360,1913.75,47
1691964120,1913.63,66
1691964180,1913.95,45
1691964240,1913.85,41
1691964300,1913.58,36
1691964360,1913.60,36
1691964420,1913.88,49
1691964480,1914.30,52
1691964540,1914.09,28
1691964600,1914.32,41
1691964660,1914.16,35
1691964720,1914.13,54
1691964780,1914.40,29
1691964840,1914.64,42
1691964900,1914.57,48
1691964960,1914.74,57
1691965020,1914.85,37
1691965080,1914.91,41
1691965140,1915.07,50
1691965200,1915.06,39
1691965260,1915.10,40
1691965320,1914.82,35
1691965380,1914.84,30
1691965440,1914.93,15
1691965500,1914.98,17
1691965560,1914.91,38
1691965620,1914.74,26
1691965680,1914.73,16
1691965740,1914.74,13
1691965800,1914.72,43
1691965860,1914.78,26
1691965920,1914.68,36
1691965980,1914.67,11
1691966040,1914.55,25
1691966100,1914.42,27
1691966160,1914.32,11
1691966220,1914.29,5
1691966280,1914.19,18
1691966340,1914.16,25
1691966400,1914.00,40
1691966460,1914.02,48
1691966520,1914.12,30
1691966580,1914.01,18
1691966640,1913.96,12
1691966700,1913.80,19
1691966760,1913.71,20
1691966820,1913.58,18
1691966880,1913.67,40
1691966940,1913.59,27
1691967000,1913.66,14
1691967060,1913.98,36
1691967120,1913.98,20
1691967180,1913.95,21
1691967240,1913.87,29
1691967300,1913.82,19
1691967360,1913.68,20
1691967420,1913.70,8
1691967480,1913.81,4
1691967540,1913.68,21
1691967600,1913.06,133
1691967660,1912.53,104
1691967720,1912.80,64
1691967780,1913.09,36
1691967840,1913.18,48
1691967900,1913.10,29
1691967960,1913.01,23
1691968020,1913.17,27
1691968080,1913.22,36
1691968140,1913.36,41
1691968200,1913.35,41
1691968260,1913.25,46
1691968320,1913.38,32
1691968380,1913.37,7
1691968440,1913.15,40
1691968500,1913.56,38
1691968560,1913.99,29
1691968620,1914.14,26
1691968680,1914.14,37
1691968740,1914.04,29
1691968800,1914.02,14
1691968860,1914.20,28
1691968920,1914.18,56
1691968980,1914.20,18
1691969040,1914.20,18
1691969100,1914.10,15
1691969160,1914.12,11
1691969220,1914.12,30
1691969280,1914.13,9
1691969340,1914.24,26
1691969400,1914.31,19
1691969460,1914.28,28
1691969520,1914.11,19
1691969580,1914.11,24
1691969640,1914.08,16
1691969700,1914.19,24
1691969760,1914.09,22
1691969820,1914.10,6
1691969880,1914.02,26
1691969940,1913.81,37
1691970000,1913.86,28
1691970060,1913.96,26
1691970120,1913.90,22
1691970180,1913.87,24
1691970240,1913.77,14
1691970300,1913.85,25
1691970360,1913.69,18
1691970420,1913.35,38
1691970480,1913.18,34
1691970540,1913.01,44
1691970600,1913.14,59
1691970660,1912.76,50
1691970720,1912.86,81
1691970780,1913.76,82
1691970840,1913.86,58
1691970900,1913.68,40
1691970960,1913.88,27
1691971020,1913.79,40
1691971080,1913.91,24
1691971140,1913.69,20
1691971200,1913.64,84
1691971260,1913.37,91
1691971320,1913.16,65
1691971380,1912.82,79
1691971440,1912.45,114
1691971500,1912.34,86
1691971560,1912.56,92
1691971620,1912.62,68
1691971680,1912.39,65
1691971740,1912.13,71
1691971800,1911.98,98
1691971860,1912.06,65
1691971920,1911.57,49
1691971980,1912.06,86
1691972040,1912.06,84
1691972100,1911.76,98
1691972160,1911.57,73
1691972220,1911.57,64
1691972280,1911.57,79
1691972340,1911.63,61
1691972400,1911.71,74
1691972460,1911.94,70
1691972520,1911.64,54
1691972580,1911.69,47
1691972640,1911.61,26
1691972700,1911.68,104
1691972760,1911.68,54
1691972820,1911.69,30
1691972880,1911.45,81
1691972940,1911.32,107
1691973000,1911.58,104
1691973060,1911.52,84
1691973120,1911.37,79
1691973180,1911.13,100
1691973240,1911.33,76
1691973300,1911.23,74
1691973360,1911.04,130
1691973420,1911.24,52
1691973480,1911.24,27
1691973540,1910.92,60
1691973600,1911.04,73
1691973660,1910.86,91
1691973720,1910.76,82
1691973780,1910.97,74
1691973840,1911.06,59
1691973900,1910.90,64
1691973960,1911.11,69
1691974020,1911.14,68
1691974080,1911.13,56
1691974140,1911.12,14
1691974200,1911.16,71
1691974260,1910.78,77
1691974320,1910.98,80
1691974380,1910.98,68
1691974440,1911.10,106
1691974500,1911.26,118
1691974560,1911.32,67
1691974620,1911.25,42
1691974680,1911.26,61
1691974740,1911.03,70
1691974800,1911.03,119
1691974860,1910.90,173
1691974920,1911.44,210
1691974980,1911.79,212
1691975040,1911.48,127
1691975100,1911.16,157
1691975160,1910.93,118
1691975220,1911.56,130
1691975280,1911.64,71
1691975340,1911.51,86
1691975400,1911.72,112
1691975460,1911.75,96
1691975520,1911.73,58
1691975580,1911.75,72
1691975640,1911.67,77
1691975700,1911.57,143
1691975760,1911.57,68
1691975820,1910.76,130
1691975880,1910.42,104
1691975940,1910.76,117
1691976000,1910.46,103
1691976060,1910.32,131
1691976120,1911.10,140
1691976180,1910.68,90
1691976240,1910.52,93
1691976300,1910.88,80
1691976360,1910.95,89
1691976420,1910.73,85
1691976480,1910.78,86
1691976540,1911.00,112
1691976600,1910.78,113
1691976660,1911.05,116
1691976720,1911.00,95
1691976780,1910.57,114
1691976840,1910.37,142
1691976900,1910.49,124
1691976960,1910.80,162
1691977020,1910.74,108
1691977080,1910.68,114
1691977140,1910.28,140
1691977200,1910.69,109
1691977260,1910.82,122
1691977320,1911.27,151
1691977380,1911.62,143
1691977440,1911.95,64
1691977500,1911.79,97
1691977560,1912.68,114
1691977620,1912.93,186
1691977680,1912.29,158
1691977740,1912.30,122
1691977800,1912.43,96
1691977860,1912.38,90
1691977920,1912.08,109
1691977980,1911.96,103
1691978040,1911.88,76
1691978100,1911.93,107
1691978160,1912.16,98
1691978220,1912.28,108
1691978280,1911.82,99
1691978340,1911.61,82
1691978400,1911.63,108
1691978460,1911.65,80
1691978520,1911.81,73
1691978580,1911.54,110
1691978640,1911.62,81
1691978700,1911.73,63
1691978760,1911.90,91
1691978820,1911.58,74
1691978880,1911.56,66
1691978940,1911.49,95
1691979000,1911.33,68
1691979060,1911.23,63
1691979120,1910.86,130
1691979180,1910.87,142
1691979240,1911.08,105
1691979300,1911.46,140
1691979360,1911.30,94
1691979420,1911.10,82
1691979480,1911.43,81
1691979540,1911.50,78
1691979600,1911.65,41
1691979660,1911.80,63
1691979720,1911.72,58
1691979780,1911.46,86
1691979840,1911.40,65
1691979900,1911.40,81
1691979960,1911.25,48
1691980020,1910.99,65
1691980080,1911.22,57
1691980140,1911.48,68
1691980200,1911.44,117
1691980260,1911.45,67
1691980320,1911.86,117
1691980380,1912.09,67
1691980440,1911.67,106
1691980500,1911.95,73
1691980560,1911.83,67
1691980620,1912.01,57
1691980680,1912.27,72
1691980740,1912.24,68
1691980800,1911.97,97
1691980860,1911.83,92
1691980920,1911.80,60
1691980980,1912.20,90
1691981040,1912.15,76
1691981100,1912.53,84
1691981160,1912.48,65
1691981220,1912.65,79
1691981280,1912.65,53
1691981340,1912.66,71
1691981400,1912.69,73
1691981460,1912.58,58
1691981520,1912.31,49
1691981580,1912.44,52
1691981640,1912.27,69
1691981700,1912.41,79
1691981760,1912.18,59
1691981820,1912.02,92
1691981880,1912.02,85
1691981940,1912.06,72
1691982000,1912.13,86
1691982060,1912.21,68
1691982120,1912.01,84
1691982180,1911.80,102
1691982240,1911.65,83
1691982300,1911.94,80
1691982360,1911.70,76
1691982420,1911.93,92
1691982480,1911.92,60
1691982540,1911.96,80
1691982600,1912.11,77
1691982660,1912.00,79
1691982720,1911.99,59
1691982780,1912.02,53
1691982840,1912.30,56
1691982900,1912.48,84
1691982960,1912.32,52
1691983020,1912.34,48
1691983080,1912.61,64
1691983140,1912.94,93
1691983200,1912.88,85
1691983260,1912.89,102
1691983320,1913.52,104
1691983380,1912.67,114
1691983440,1912.54,60
1691983500,1912.74,94
1691983560,1913.01,91
1691983620,1912.56,76
1691983680,1912.52,50
1691983740,1912.64,66
1691983800,1912.57,45
1691983860,1912.32,26
1691983920,1912.56,28
1691983980,1912.38,16
1691984040,1912.39,39
1691984100,1912.56,37
1691984160,1912.44,30
1691984220,1912.55,42
1691984280,1912.44,59
1691984340,1912.49,35
1691984400,1912.47,27
1691984460,1912.49,13
1691984520,1912.49,38
1691984580,1912.53,15
1691984640,1912.67,18
1691984700,1912.60,47
1691984760,1912.55,26
1691984820,1912.86,24
1691984880,1912.83,29
1691984940,1913.02,38
1691985000,1912.69,69
1691985060,1912.48,32
1691985120,1912.51,52
1691985180,1912.23,83
1691985240,1912.34,56
1691985300,1912.41,36
1691985360,1912.50,53
1691985420,1912.50,42
1691985480,1912.56,33
1691985540,1912.81,45
1691985600,1912.72,63
1691985660,1912.95,38
1691985720,1912.88,38
1691985780,1912.65,23
1691985840,1912.56,25
1691985900,1912.66,42
1691985960,1912.65,35
1691986020,1912.59,31
1691986080,1912.48,38
1691986140,1912.38,42
1691986200,1912.32,40
1691986260,1912.18,28
1691986320,1912.17,51
1691986380,1912.68,58
1691986440,1912.69,44
1691986500,1912.65,52
1691986560,1912.51,28
1691986620,1912.57,26
1691986680,1912.70,45
1691986740,1912.93,35
1691986800,1913.02,50
1691986860,1913.08,30
1691986920,1913.03,31
1691986980,1912.81,37
1691987040,1912.90,52
1691987100,1912.82,36
1691987160,1912.96,33
1691987220,1912.97,38
1691987280,1912.98,51
1691987340,1912.93,33
1691987400,1912.66,39
1691987460,1912.58,26
1691987520,1912.59,17
1691987580,1912.54,22
1691987640,1912.59,23
1691987700,1912.42,61
1691987760,1912.57,27
1691987820,1912.56,57
1691987880,1912.64,30
1691987940,1912.13,55
1691988000,1912.42,100
1691988060,1912.55,47
1691988120,1912.35,31
1691988180,1912.36,18
1691988240,1912.20,42
1691988300,1911.90,50
1691988360,1912.35,51
1691988420,1912.35,27
1691988480,1912.40,25
1691988540,1912.42,14
1691988600,1912.56,20
1691988660,1912.08,54
1691988720,1912.30,64
1691988780,1912.34,40
1691988840,1912.43,12
1691988900,1912.53,13
1691988960,1912.51,27
1691989020,1912.53,4
1691989080,1912.67,28
1691989140,1912.36,38
1691989200,1912.44,68
1691989260,1912.15,44
1691989320,1912.18,30
1691989380,1912.27,22
1691989440,1912.19,40
1691989500,1912.22,42
1691989560,1912.02,58
1691989620,1912.10,91
1691989680,1912.20,45
1691989740,1911.99,71
1691989800,1912.02,32
1691989860,1912.14,36
1691989920,1912.01,48
1691989980,1912.13,30
1691990040,1912.34,45
1691990100,1912.33,75
1691990160,1912.49,28
1691990220,1912.40,50
1691990280,1912.33,40
1691990340,1912.22,39
1691990400,1912.10,65
1691990460,1912.04,36
1691990520,1912.19,26
1691990580,1912.48,71
1691990640,1912.49,91
1691990700,1912.65,70
1691990760,1913.00,76
1691990820,1913.24,61
1691990880,1913.04,43
1691990940,1913.76,77
1691991000,1914.04,103
1691991060,1914.52,104
1691991120,1913.88,100
1691991180,1913.76,76
1691991240,1913.47,58
1691991300,1913.13,70
1691991360,1912.84,85
1691991420,1912.80,99
1691991480,1912.96,63
1691991540,1913.24,90
1691991600,1913.34,99
1691991660,1913.17,86
1691991720,1913.42,82
1691991780,1913.39,69
1691991840,1913.35,70
1691991900,1913.25,67
1691991960,1913.17,74
1691992020,1913.39,69
1691992080,1913.34,44
1691992140,1913.38,60
1691992200,1913.38,72
1691992260,1913.46,62
1691992320,1913.49,51
1691992380,1913.27,40
1691992440,1913.27,75
1691992500,1913.17,100
1691992560,1912.98,94
1691992620,1912.90,58
1691992680,1913.13,90
1691992740,1912.94,59
1691992800,1911.66,166
1691992860,1911.68,138
1691992920,1912.06,135
1691992980,1912.09,115
1691993040,1912.45,83
1691993100,1912.22,113
1691993160,1912.14,57
1691993220,1912.00,63
1691993280,1912.16,112
1691993340,1912.40,118
1691993400,1912.26,74
1691993460,1912.07,67
1691993520,1912.24,84
1691993580,1912.60,100
1691993640,1912.93,93
1691993700,1913.14,81
1691993760,1913.29,82
1691993820,1913.43,57
1691993880,1913.39,52
1691993940,1913.53,44
1691994000,1914.06,119
1691994060,1913.80,84
1691994120,1913.51,66
1691994180,1912.70,76
1691994240,1912.86,84
1691994300,1912.88,31
1691994360,1912.60,46
1691994420,1912.77,60
1691994480,1913.12,58
1691994540,1913.16,84
1691994600,1912.88,74
1691994660,1912.82,34
1691994720,1912.78,40
1691994780,1912.70,30
1691994840,1912.81,38
1691994900,1912.52,40
1691994960,1912.60,24
1691995020,1912.97,71
1691995080,1912.82,48
1691995140,1912.72,54
1691995200,1912.55,20
1691995260,1912.25,43
1691995320,1912.79,57
1691995380,1912.85,42
1691995440,1912.63,36
1691995500,1912.55,34
1691995560,1912.09,37
1691995620,1911.78,59
1691995680,1912.19,65
1691995740,1912.24,32
1691995800,1912.16,42
1691995860,1912.31,46
1691995920,1912.28,43
1691995980,1912.05,50
1691996040,1911.99,72
1691996100,1912.19,57
1691996160,1912.32,56
1691996220,1911.82,99
1691996280,1912.04,109
1691996340,1912.13,82
1691996400,1911.61,222
1691996460,1911.96,157
1691996520,1911.68,154
1691996580,1911.51,183
1691996640,1910.79,142
1691996700,1910.85,170
1691996760,1910.95,211
1691996820,1911.66,179
1691996880,1912.06,170
1691996940,1912.02,180
1691997000,1911.74,164
1691997060,1911.66,116
1691997120,1911.80,136
1691997180,1912.32,109
1691997240,1911.98,128
1691997300,1912.14,96
1691997360,1912.44,126
1691997420,1912.44,145
1691997480,1912.38,124
1691997540,1912.63,132
1691997600,1912.35,131
1691997660,1912.49,107
1691997720,1912.41,144
1691997780,1912.25,149
1691997840,1912.69,96
1691997900,1912.54,106
1691997960,1912.59,93
1691998020,1912.38,75
1691998080,1912.29,111
1691998140,1912.14,110
1691998200,1912.77,143
1691998260,1913.12,158
1691998320,1912.96,129
1691998380,1912.82,146
1691998440,1913.14,100
1691998500,1912.92,123
1691998560,1913.57,131
1691998620,1914.16,125
1691998680,1914.26,136
1691998740,1914.97,129
1691998800,1914.99,186
1691998860,1914.72,180
1691998920,1914.86,134
1691998980,1914.99,95
1691999040,1915.17,124
1691999100,1914.86,97
1691999160,1914.80,146
1691999220,1915.24,98
1691999280,1915.15,146
1691999340,1914.50,136
1691999400,1913.70,152
1691999460,1913.86,129
1691999520,1914.32,114
1691999580,1914.11,104
1691999640,1914.89,134
1691999700,1915.06,159
1691999760,1915.02,204
1691999820,1914.80,165
1691999880,1914.40,183
1691999940,1914.46,145
1692000000,1914.38,169
1692000060,1914.73,147
1692000120,1914.61,133
1692000180,1914.40,104
1692000240,1914.82,90
1692000300,1914.86,114
1692000360,1915.16,100
1692000420,1915.14,92
1692000480,1914.97,111
1692000540,1915.18,89
1692000600,1914.85,132
1692000660,1914.43,104
1692000720,1914.80,113
1692000780,1914.78,100
1692000840,1915.11,87
1692000900,1915.56,122
1692000960,1915.80,154
1692001020,1915.96,152
1692001080,1915.48,101
1692001140,1915.23,86
1692001200,1915.16,96
1692001260,1915.28,115
1692001320,1915.75,140
1692001380,1916.02,85
1692001440,1915.88,96
1692001500,1915.62,101
1692001560,1915.47,86
1692001620,1915.51,98
1692001680,1915.37,102
1692001740,1915.13,148
1692001800,1914.62,122
1692001860,1914.86,92
1692001920,1914.84,111
1692001980,1914.76,62
1692002040,1915.10,66
1692002100,1915.05,58
1692002160,1915.02,50
1692002220,1915.18,37
1692002280,1915.05,44
1692002340,1915.69,83
1692002400,1915.73,79
1692002460,1915.46,95
1692002520,1915.61,80
1692002580,1915.53,102
1692002640,1915.47,66
1692002700,1915.42,126
1692002760,1915.21,70
1692002820,1915.03,100
1692002880,1914.21,72
1692002940,1914.25,66
1692003000,1914.33,103
1692003060,1914.14,68
1692003120,1914.23,113
1692003180,1914.28,100
1692003240,1914.30,86
1692003300,1914.27,90
1692003360,1914.14,99
1692003420,1914.00,82
1692003480,1914.17,98
1692003540,1914.33,77
1692003600,1914.27,117
1692003660,1914.19,80
1692003720,1914.34,80
1692003780,1914.34,87
1692003840,1914.09,81
1692003900,1913.75,73
1692003960,1914.25,122
1692004020,1914.39,71
1692004080,1914.13,68
1692004140,1913.82,75
1692004200,1914.06,82
1692004260,1913.96,61
1692004320,1914.10,74
1692004380,1914.18,88
1692004440,1914.31,106
1692004500,1913.61,86
1692004560,1913.74,97
1692004620,1913.65,85
1692004680,1913.75,63
1692004740,1913.63,73
1692004800,1913.80,40
1692004860,1913.79,52
1692004920,1914.11,89
1692004980,1914.02,44
1692005040,1913.61,50
1692005100,1913.52,84
1692005160,1913.47,92
1692005220,1913.47,88
1692005280,1913.61,95
1692005340,1913.40,78
1692005400,1913.48,81
1692005460,1913.37,77
1692005520,1912.78,97
1692005580,1912.56,123
1692005640,1912.62,98
1692005700,1912.73,114
1692005760,1912.88,88
1692005820,1912.96,116
1692005880,1913.02,91
1692005940,1913.11,91
1692006000,1913.40,71
1692006060,1913.50,56
1692006120,1913.32,86
1692006180,1913.54,57
1692006240,1913.54,73
1692006300,1913.53,52
1692006360,1913.31,70
1692006420,1913.28,58
1692006480,1913.23,38
1692006540,1913.23,29
1692006600,1913.41,56
1692006660,1913.28,72
1692006720,1913.11,68
1692006780,1913.43,81
1692006840,1913.61,77
1692006900,1913.81,62
1692006960,1913.81,62
1692007020,1913.84,45
1692007080,1913.91,42
1692007140,1914.03,38
1692007200,1914.18,42
1692007260,1913.56,72
1692007320,1913.63,90
1692007380,1913.30,90
1692007440,1913.42,94
1692007500,1913.54,60
1692007560,1913.63,56
1692007620,1913.58,46
1692007680,1913.64,73
1692007740,1913.63,44
1692007800,1913.54,60
1692007860,1913.52,60
1692007920,1913.82,54
1692007980,1913.79,34
1692008040,1913.82,74
1692008100,1913.88,54
1692008160,1913.81,77
1692008220,1914.14,58
1692008280,1914.15,42
1692008340,1914.26,98
1692008400,1914.32,58
1692008460,1914.25,74
1692008520,1914.18,56
1692008580,1914.19,81
1692008640,1913.93,64
1692008700,1914.00,70
1692008760,1914.07,32
1692008820,1914.11,64
1692008880,1914.34,59
1692008940,1914.74,67
1692009000,1914.69,81
1692009060,1914.98,96
1692009120,1914.30,92
1692009180,1914.44,75
1692009240,1914.79,64
1692009300,1914.68,68
1692009360,1914.42,83
1692009420,1914.49,86
1692009480,1914.53,53
1692009540,1914.48,64
1692009600,1914.27,69
1692009660,1914.18,60
1692009720,1914.21,32
1692009780,1914.32,57
1692009840,1914.19,54
1692009900,1914.27,72
1692009960,1914.29,56
1692010020,1914.42,38
1692010080,1914.36,68
1692010140,1914.29,67
1692010200,1914.24,44
1692010260,1914.30,70
1692010320,1914.51,48
1692010380,1914.46,41
1692010440,1914.46,52
1692010500,1914.56,57
1692010560,1914.57,82
1692010620,1914.59,106
1692010680,1914.24,108
1692010740,1914.43,67
1692010800,1914.52,120
1692010860,1914.23,79
1692010920,1914.35,76
1692010980,1914.50,56
1692011040,1914.45,45
1692011100,1914.31,63
1692011160,1914.15,53
1692011220,1914.03,87
1692011280,1914.27,49
1692011340,1914.17,40
1692011400,1913.78,77
1692011460,1913.74,74
1692011520,1913.82,90
1692011580,1913.93,56
1692011640,1913.59,60
1692011700,1914.09,109
1692011760,1914.01,59
1692011820,1913.93,52
1692011880,1913.87,80
1692011940,1913.96,60
1692012000,1913.76,56
1692012060,1913.69,38
1692012120,1913.71,62
1692012180,1913.72,46
1692012240,1913.90,69
1692012300,1913.71,54
1692012360,1913.76,52
1692012420,1913.52,40
1692012480,1913.56,22
1692012540,1913.88,81
1692012600,1913.89,55
1692012660,1913.90,64
1692012720,1913.51,84
1692012780,1913.47,51
1692012840,1913.54,72
1692012900,1913.64,56
1692012960,1913.66,102
1692013020,1913.74,78
1692013080,1913.82,84
1692013140,1914.06,82
1692013200,1914.11,71
1692013260,1914.37,56
1692013320,1914.93,107
1692013380,1914.74,70
1692013440,1914.74,103
1692013500,1914.57,113
1692013560,1914.54,94
1692013620,1914.16,88
1692013680,1914.07,58
1692013740,1914.10,109
1692013800,1913.64,68
1692013860,1913.73,82
1692013920,1913.97,88
1692013980,1914.17,46
1692014040,1914.20,59
1692014100,1914.11,119
1692014160,1914.09,92
1692014220,1914.12,70
1692014280,1914.12,66
1692014340,1914.00,88
1692014400,1913.94,132
1692014460,1913.97,116
1692014520,1913.94,102
1692014580,1913.25,112
1692014640,1912.81,104
1692014700,1912.50,185
1692014760,1912.65,149
1692014820,1912.01,208
1692014880,1911.40,174
1692014940,1910.54,238
1692015000,1910.67,278
1692015060,1909.08,244
1692015120,1909.53,266
1692015180,1909.78,228
1692015240,1909.90,215
1692015300,1909.87,194
1692015360,1909.84,146
1692015420,1908.04,199
1692015480,1908.96,226
1692015540,1909.36,208
1692015600,1908.54,259
1692015660,1908.57,274
1692015720,1908.18,221
1692015780,1907.97,226
1692015840,1906.76,241
1692015900,1906.92,211
1692015960,1906.67,202
1692016020,1906.55,277
1692016080,1907.12,219
1692016140,1907.56,215
1692016200,1906.98,223
1692016260,1906.54,233
1692016320,1907.15,233
1692016380,1906.70,275
1692016440,1907.57,259
1692016500,1908.74,219
1692016560,1908.18,223
1692016620,1907.49,208
1692016680,1907.27,186
1692016740,1907.35,176
1692016800,1908.40,160
1692016860,1909.37,158
1692016920,1910.24,208
1692016980,1909.14,242
1692017040,1908.38,252
1692017100,1908.20,229
1692017160,1908.71,216
1692017220,1908.97,180
1692017280,1909.54,209
1692017340,1909.60,176
1692017400,1910.27,227
1692017460,1911.78,282
1692017520,1910.77,232
1692017580,1911.02,233
1692017640,1910.86,196
1692017700,1910.86,188
1692017760,1910.24,250
1692017820,1910.19,204
1692017880,1910.39,168
1692017940,1910.40,170
1692018000,1910.68,284
1692018060,1910.54,236
1692018120,1910.66,186
1692018180,1910.38,170
1692018240,1910.78,158
1692018300,1909.83,158
1692018360,1909.58,192
1692018420,1908.94,248
1692018480,1909.48,241
1692018540,1909.75,241
1692018600,1909.19,199
1692018660,1909.08,192
1692018720,1908.72,190
1692018780,1908.68,134
1692018840,1908.85,178
1692018900,1909.19,170
1692018960,1908.66,170
1692019020,1907.83,130
1692019080,1908.14,121
1692019140,1907.91,166
1692019200,1907.91,198
1692019260,1908.14,118
1692019320,1908.06,152
1692019380,1907.88,146
1692019440,1907.01,226
1692019500,1906.66,192
1692019560,1906.54,194
1692019620,1906.59,242
1692019680,1906.15,155
1692019740,1905.64,208
1692019800,1906.05,285
1692019860,1905.52,264
1692019920,1905.26,258
1692019980,1904.99,234
1692020040,1905.70,299
1692020100,1906.03,267
1692020160,1905.73,208
1692020220,1904.60,293
1692020280,1904.37,248
1692020340,1904.34,310
1692020400,1905.37,251
1692020460,1904.98,250
1692020520,1905.22,220
1692020580,1905.20,238
1692020640,1905.92,241
1692020700,1905.46,297
1692020760,1905.41,207
1692020820,1903.98,256
1692020880,1903.44,266
1692020940,1902.99,290
1692021000,1903.47,288
1692021060,1904.33,303
1692021120,1905.08,277
1692021180,1904.53,233
1692021240,1904.06,239
1692021300,1904.62,265
1692021360,1903.91,237
1692021420,1903.52,202
1692021480,1904.22,270
1692021540,1904.19,255
1692021600,1904.08,306
1692021660,1904.02,260
1692021720,1903.63,234
1692021780,1903.69,290
1692021840,1904.29,210
1692021900,1904.92,264
1692021960,1904.99,305
1692022020,1904.79,257
1692022080,1904.93,275
1692022140,1905.57,242
1692022200,1905.85,264
1692022260,1905.57,271
1692022320,1906.50,274
1692022380,1907.40,288
1692022440,1907.48,314
1692022500,1908.82,270
1692022560,1908.97,302
1692022620,1909.69,316
1692022680,1909.13,321
1692022740,1909.17,260
1692022800,1909.02,273
1692022860,1909.08,267
1692022920,1908.61,261
1692022980,1908.27,248
1692023040,1908.68,235
1692023100,1908.41,237
1692023160,1908.38,259
1692023220,1907.98,178
1692023280,1908.47,179
1692023340,1908.04,196
1692023400,1908.31,213
1692023460,1907.74,234
1692023520,1908.00,218
1692023580,1908.08,226
1692023640,1908.62,205
1692023700,1909.33,210
1692023760,1909.53,227
1692023820,1909.52,252
1692023880,1910.22,256
1692023940,1909.94,217
1692024000,1910.06,179
1692024060,1910.90,222
1692024120,1911.06,224
1692024180,1911.32,274
1692024240,1910.02,273
1692024300,1909.14,207
1692024360,1908.75,193
1692024420,1909.02,186
1692024480,1909.15,166
1692024540,1909.09,206
1692024600,1908.90,195
1692024660,1908.91,143
1692024720,1909.24,241
1692024780,1909.46,237
1692024840,1909.29,178
1692024900,1908.54,179
1692024960,1908.18,148
1692025020,1908.53,246
1692025080,1908.46,204
1692025140,1908.50,198
1692025200,1908.83,213
1692025260,1908.86,210
1692025320,1908.96,161
1692025380,1908.99,195
1692025440,1908.54,174
1692025500,1909.02,109
1692025560,1908.64,140
1692025620,1908.67,181
1692025680,1909.32,140
1692025740,1909.18,157
1692025800,1908.95,180
1692025860,1908.91,96
1692025920,1908.99,120
1692025980,1909.17,118
1692026040,1908.79,155
1692026100,1909.65,127
1692026160,1910.27,172
1692026220,1910.61,197
1692026280,1910.10,243
1692026340,1909.69,188
1692026400,1910.04,212
1692026460,1910.13,208
1692026520,1910.02,161
1692026580,1910.15,178
1692026640,1910.43,134
1692026700,1910.42,241
1692026760,1910.49,175
1692026820,1910.31,184
1692026880,1910.68,182
1692026940,1910.07,180
1692027000,1910.15,143
1692027060,1909.89,117
1692027120,1909.93,107
1692027180,1910.17,140
1692027240,1910.14,172
1692027300,1910.12,150
1692027360,1910.22,84
1692027420,1910.74,164
1692027480,1910.77,160
1692027540,1911.05,128
1692027600,1911.09,148
1692027660,1911.05,142
1692027720,1911.04,128
1692027780,1910.85,117
1692027840,1911.01,120
1692027900,1910.97,176
1692027960,1910.70,153
1692028020,1910.81,141
1692028080,1910.37,168
1692028140,1910.25,130
1692028200,1910.27,91
1692028260,1910.70,118
1692028320,1910.67,89
1692028380,1910.85,109
1692028440,1910.88,140
1692028500,1910.70,140
1692028560,1910.79,124
1692028620,1911.12,153
1692028680,1910.90,169
1692028740,1910.69,113
1692028800,1911.25,155
1692028860,1911.16,178
1692028920,1911.27,116
1692028980,1911.44,98
1692029040,1911.96,129
1692029100,1912.06,168
1692029160,1912.58,162
1692029220,1912.96,199
1692029280,1912.23,168
1692029340,1911.86,158
1692029400,1912.09,125
1692029460,1911.98,118
1692029520,1911.98,114
1692029580,1911.71,65
1692029640,1912.14,92
1692029700,1912.27,97
1692029760,1912.01,100
1692029820,1911.37,117
1692029880,1911.26,142
1692029940,1911.58,133
1692030000,1911.84,114
1692030060,1911.76,130
1692030120,1911.70,79
1692030180,1911.26,148
1692030240,1911.55,100
1692030300,1911.57,92
1692030360,1911.90,64
1692030420,1912.28,141
1692030480,1912.46,136
1692030540,1912.31,126
1692030600,1912.08,163
1692030660,1911.95,123
1692030720,1911.71,101
1692030780,1911.73,109
1692030840,1911.64,96
1692030900,1911.82,110
1692030960,1911.92,130
1692031020,1912.17,82
1692031080,1912.32,124
1692031140,1912.32,79
1692031200,1912.22,66
1692031260,1912.44,76
1692031320,1912.42,80
1692031380,1912.73,92
1692031440,1912.88,134
1692031500,1912.54,144
1692031560,1912.24,106
1692031620,1912.34,68
1692031680,1912.26,97
1692031740,1912.42,116
1692031800,1912.88,110
1692031860,1912.72,74
1692031920,1912.88,95
1692031980,1912.17,106
1692032040,1911.89,96
1692032100,1912.26,96
1692032160,1912.10,100
1692032220,1912.08,126
1692032280,1912.10,106
1692032340,1911.91,155
1692032400,1912.30,107
1692032460,1912.52,99
1692032520,1912.70,110
1692032580,1913.08,107
1692032640,1912.76,98
1692032700,1913.00,135
1692032760,1912.77,97
1692032820,1912.68,74
1692032880,1912.69,64
1692032940,1912.46,102
1692033000,1912.29,99
1692033060,1912.46,68
1692033120,1912.38,110
1692033180,1912.40,109
1692033240,1912.29,70
1692033300,1912.35,112
1692033360,1912.12,90
1692033420,1911.82,107
1692033480,1911.63,75
1692033540,1911.30,126
1692033600,1911.73,98
1692033660,1911.66,93
1692033720,1911.73,76
1692033780,1911.94,113
1692033840,1911.98,89
1692033900,1912.27,81
1692033960,1912.24,109
1692034020,1912.26,96
1692034080,1911.96,128
1692034140,1911.94,238
1692034200,1912.27,135
1692034260,1912.60,133
1692034320,1912.54,105
1692034380,1912.65,121
1692034440,1912.02,133
1692034500,1912.12,108
1692034560,1912.11,64
1692034620,1912.13,76
1692034680,1911.96,73
1692034740,1911.98,76
1692034800,1912.05,70
1692034860,1912.06,54
1692034920,1911.94,70
1692034980,1911.88,58
1692035040,1911.86,72
1692035100,1911.61,84
1692035160,1911.66,115
1692035220,1911.34,77
1692035280,1911.13,78
1692035340,1911.11,81
1692035400,1911.00,75
1692035460,1910.95,94
1692035520,1910.79,75
1692035580,1910.59,132
1692035640,1910.64,80
1692035700,1910.57,19
1692035760,1910.66,74
1692035820,1910.60,66
1692035880,1910.55,58
1692035940,1910.32,104
1692036000,1910.18,92
1692036060,1910.31,88
1692036120,1910.26,75
1692036180,1910.35,71
1692036240,1910.57,102
1692036300,1910.44,80
1692036360,1910.35,95
1692036420,1910.18,74
1692036480,1910.18,88
1692036540,1910.12,81
1692036600,1910.02,92
1692036660,1910.09,55
1692036720,1910.07,51
1692036780,1910.24,40
1692036840,1910.28,70
1692036900,1910.43,70
1692036960,1910.01,75
1692037020,1909.96,55
1692037080,1909.92,79
1692037140,1909.88,24
1692037200,1909.81,63
1692037260,1909.79,49
1692037320,1909.58,43
1692037380,1909.52,56
1692037440,1909.42,45
1692037500,1909.43,88
1692037560,1909.43,67
1692037620,1909.35,31
1692037680,1909.38,37
1692037740,1909.31,55
1692037800,1908.96,104
1692037860,1908.92,70
1692037920,1909.04,112
1692037980,1908.88,98
1692038040,1908.76,56
1692038100,1909.01,92
1692038160,1909.22,54
1692038220,1908.86,84
1692038280,1908.95,73
1692038340,1908.90,63
1692038400,1908.90,70
1692038460,1908.82,101
1692038520,1908.77,37
1692038580,1908.75,64
1692038640,1908.63,59
1692038700,1908.42,73
1692038760,1908.57,54
1692038820,1908.47,93
1692038880,1908.42,76
1692038940,1908.38,62
1692039000,1908.03,83
1692039060,1907.90,82
1692039120,1908.48,84
1692039180,1908.17,90
1692039240,1908.25,90
1692039300,1908.28,74
1692039360,1908.22,58
1692039420,1908.21,96
1692039480,1908.20,78
1692039540,1908.07,121
1692039600,1908.22,91
1692039660,1908.01,81
1692039720,1908.12,77
1692039780,1908.19,47
1692039840,1907.94,64
1692039900,1907.80,82
1692039960,1907.83,41
1692040020,1907.72,47
1692040080,1907.69,40
1692040140,1907.72,58
1692040200,1907.86,77
1692040260,1907.85,50
1692040320,1907.98,58
1692040380,1907.77,32
1692040440,1907.82,47
1692040500,1907.82,92
1692040560,1907.78,48
1692040620,1907.77,36
1692040680,1907.73,30
1692040740,1907.58,89
1692040800,1907.75,34
1692040860,1907.63,42
1692040920,1907.75,37
1692040980,1907.84,47
1692041040,1907.75,50
1692041100,1907.55,26
1692041160,1907.73,72
1692041220,1907.65,34
1692041280,1907.27,86
1692041340,1907.37,72
1692041400,1907.44,88
1692041460,1907.61,50
1692041520,1907.76,48
1692041580,1907.96,75
1692041640,1907.88,56
1692041700,1907.72,83
1692041760,1907.66,48
1692041820,1907.74,72
1692041880,1907.91,50
1692041940,1907.94,50
1692042000,1908.10,87
1692042060,1907.96,66
1692042120,1907.82,71
1692042180,1907.89,80
1692042240,1907.78,51
1692042300,1907.94,77
1692042360,1907.72,89
1692042420,1907.54,84
1692042480,1907.47,66
1692042540,1907.52,50
1692042600,1907.80,92
1692042660,1907.90,61
1692042720,1907.78,61
1692042780,1907.62,99
1692042840,1907.60,82
1692042900,1907.39,123
1692042960,1907.46,66
1692043020,1907.46,49
1692043080,1907.54,58
1692043140,1907.56,131
1692043200,1907.36,82
1692043260,1907.58,52
1692043320,1907.50,32
1692043380,1907.56,20
1692043440,1907.45,21
1692043500,1907.37,39
1692043560,1907.36,25
1692043620,1907.36,26
1692043680,1907.37,20
1692043740,1907.44,20
1692043800,1907.47,6
1692043860,1907.72,28
1692043920,1907.80,24
1692043980,1907.69,24
1692044040,1907.70,17
1692044100,1907.82,10
1692044160,1907.82,18
1692044220,1907.64,28
1692044280,1907.57,34
1692044340,1907.64,20
1692044400,1907.80,25
1692044460,1907.71,6
1692044520,1907.74,4
1692044580,1907.58,8
1692044640,1907.65,21
1692044700,1907.64,26
1692044760,1907.60,17
1692044820,1907.80,29
1692044880,1907.86,28
1692044940,1907.83,21
1692045000,1907.84,30
1692045060,1907.72,10
1692045120,1907.75,2
1692045180,1907.74,10
1692045240,1907.73,14
1692045300,1907.69,26
1692045360,1907.74,28
1692045420,1907.83,13
1692045480,1907.71,32
1692045540,1907.70,53
1692045600,1907.56,34
1692045660,1907.40,19
1692045720,1907.36,30
1692045780,1907.46,22
1692045840,1907.40,31
1692045900,1907.38,76
1692045960,1907.53,34
1692046020,1907.68,68
1692046080,1907.51,34
1692046140,1907.43,26
1692046200,1907.54,44
1692046260,1907.51,13
1692046320,1907.49,28
1692046380,1907.52,31
1692046440,1907.33,15
1692046500,1907.49,36
1692046560,1907.39,11
1692050520,1907.27,25
1692050580,1907.28,26
1692050640,1907.19,10
1692050700,1907.31,41
1692050760,1907.63,46
1692050820,1907.67,18
1692050880,1907.55,35
1692050940,1907.44,20
1692051000,1907.46,32
1692051060,1907.64,21
1692051120,1907.47,17
1692051180,1907.50,36
1692051240,1907.59,29
1692051300,1907.61,34
1692051360,1907.67,18
1692051420,1907.64,22
1692051480,1907.62,8
1692051540,1907.41,19
1692051600,1907.62,37
1692051660,1907.50,23
1692051720,1907.53,16
1692051780,1907.53,12
1692051840,1907.61,12
1692051900,1907.57,36
1692051960,1907.66,20
1692052020,1907.68,34
1692052080,1907.78,20
1692052140,1907.74,10
1692052200,1907.73,20
1692052260,1907.68,26
1692052320,1907.63,15
1692052380,1907.58,15
1692052440,1907.54,14
1692052500,1907.57,12
1692052560,1907.59,12
1692052620,1907.59,8
1692052680,1907.55,12
1692052740,1907.46,6
1692052800,1907.55,20
1692052860,1907.56,8
1692052920,1907.67,11
1692052980,1907.72,14
1692053040,1907.75,23
1692053100,1907.75,17
1692053160,1907.53,14
1692053220,1907.56,8
1692053280,1907.58,4
1692053340,1907.57,4
1692053400,1907.56,8
1692053460,1907.65,14
1692053520,1907.67,8
1692053580,1907.68,8
1692053640,1907.70,18
1692053700,1907.68,10
1692053760,1907.66,6
1692053820,1907.54,5
1692053940,1907.56,6
1692054000,1906.54,138
1692054060,1905.83,174
1692054120,1905.56,122
1692054180,1905.59,114
1692054240,1905.69,72
1692054300,1905.66,46
1692054360,1907.18,46
1692054420,1906.96,50
1692054480,1907.00,16
1692054540,1907.11,27
1692054600,1907.18,34
1692054660,1907.30,30
1692054720,1907.40,11
1692054780,1907.22,17
1692054840,1907.23,5
1692054900,1907.32,30
1692054960,1907.46,17
1692055020,1907.60,16
1692055080,1907.60,32
1692055140,1907.62,14
1692055260,1907.64,14
1692055320,1907.62,25
1692055380,1907.72,18
1692055440,1907.61,20
1692055500,1907.64,28
1692055560,1907.69,12
1692055620,1907.35,42
1692055680,1907.33,20
1692055740,1907.28,14
1692055800,1907.35,32
1692055860,1907.44,20
1692055920,1907.00,34
1692055980,1907.03,38
1692056040,1907.15,16
1692056100,1906.92,12
1692056160,1906.98,14
1692056220,1907.05,38
1692056280,1907.06,11
1692056340,1906.98,18
1692056400,1906.96,19
1692056460,1906.95,6
1692056520,1906.96,40
1692056580,1907.11,51
1692056640,1907.14,4
1692056700,1907.06,18
1692056760,1907.29,64
1692056820,1907.32,65
1692056880,1907.53,28
1692056940,1907.94,43
1692057000,1907.86,53
1692057060,1907.97,24
1692057120,1908.06,60
1692057180,1907.79,105
1692057240,1907.75,25
1692057300,1907.57,27
1692057360,1907.62,22
1692057420,1907.56,28
1692057480,1907.54,30
1692057540,1907.60,31
1692057600,1907.56,93
1692057660,1907.26,64
1692057720,1906.95,53
1692057780,1907.02,74
1692057840,1907.04,44
1692057900,1907.29,49
1692057960,1907.34,30
1692058020,1907.20,40
1692058080,1906.88,62
1692058140,1906.69,59
1692058200,1906.61,66
1692058260,1906.81,32
1692058320,1906.82,28
1692058380,1906.92,38
1692058440,1906.91,67
1692058500,1906.45,65
1692058560,1906.53,49
1692058620,1906.52,39
1692058680,1906.55,46
1692058740,1906.57,30
1692058800,1906.81,58
1692058860,1906.81,44
1692058920,1906.87,40
1692058980,1906.81,35
1692059040,1906.83,34
1692059100,1906.69,40
1692059160,1906.49,19
1692059220,1906.41,24
1692059280,1906.40,35
1692059340,1906.28,28
1692059400,1906.00,56
1692059460,1905.61,68
1692059520,1905.58,60
1692059580,1905.51,45
1692059640,1905.26,52
1692059700,1905.17,57
1692059760,1904.96,64
1692059820,1904.98,57
1692059880,1905.09,80
1692059940,1905.43,62
1692060000,1905.55,62
1692060060,1905.37,28
1692060120,1905.59,58
1692060180,1905.63,24
1692060240,1905.62,38
1692060300,1905.64,44
1692060360,1905.62,62
1692060420,1905.62,32
1692060480,1905.81,46
1692060540,1905.84,30
1692060600,1905.78,34
1692060660,1905.70,56
1692060720,1905.77,35
1692060780,1905.94,66
1692060840,1905.88,99
1692060900,1906.12,113
1692060960,1906.29,48
1692061020,1906.40,42
1692061080,1906.88,82
1692061140,1907.18,126
1692061200,1906.66,256
1692061260,1906.48,138
1692061320,1906.66,102
1692061380,1905.98,83
1692061440,1906.26,113
1692061500,1906.14,80
1692061560,1905.96,100
1692061620,1905.99,97
1692061680,1906.15,86
1692061740,1905.93,64
1692061800,1906.14,71
1692061860,1905.85,48
1692061920,1905.96,38
1692061980,1905.86,48
1692062040,1906.12,48
1692062100,1905.66,180
1692062160,1906.10,139
1692062220,1906.53,94
1692062280,1906.76,87
1692062340,1906.61,67
1692062400,1905.08,223
1692062460,1905.15,208
1692062520,1905.39,179
1692062580,1906.59,182
1692062640,1907.09,156
1692062700,1907.15,139
1692062760,1907.25,157
1692062820,1907.13,141
1692062880,1906.64,98
1692062940,1906.44,112
1692063000,1906.08,175
1692063060,1906.43,178
1692063120,1905.82,135
1692063180,1905.09,130
1692063240,1904.77,250
1692063300,1904.68,245
1692063360,1903.47,259
1692063420,1904.58,239
1692063480,1904.59,225
1692063540,1904.51,187
1692063600,1905.05,185
1692063660,1905.17,161
1692063720,1906.05,184
1692063780,1906.31,119
1692063840,1905.90,95
1692063900,1905.98,118
1692063960,1906.10,126
1692064020,1906.66,131
1692064080,1907.04,172
1692064140,1907.53,129
1692064200,1908.08,284
1692064260,1907.73,178
1692064320,1907.90,154
1692064380,1907.40,131
1692064440,1907.25,123
1692064500,1907.15,98
1692064560,1906.90,136
1692064620,1906.52,105
1692064680,1905.90,97
1692064740,1906.08,112
1692064800,1906.03,246
1692064860,1905.82,108
1692064920,1905.61,135
1692064980,1905.86,123
1692065040,1905.35,131
1692065100,1905.24,136
1692065160,1905.52,88
1692065220,1905.22,152
1692065280,1905.12,107
1692065340,1905.33,98
1692065400,1905.15,98
1692065460,1904.96,93
1692065520,1904.95,140
1692065580,1905.34,89
1692065640,1905.45,122
1692065700,1905.51,108
1692065760,1905.57,71
1692065820,1905.60,67
1692065880,1905.55,86
1692065940,1905.25,71
1692066000,1905.17,59
1692066060,1905.42,55
1692066120,1905.48,102
1692066180,1905.76,112
1692066240,1905.34,90
1692066300,1905.44,90
1692066360,1905.76,108
1692066420,1905.72,106
1692066480,1905.77,75
1692066540,1905.89,70
1692066600,1906.12,146
1692066660,1906.08,88
1692066720,1905.75,93
1692066780,1906.04,68
1692066840,1906.50,99
1692066900,1906.34,107
1692066960,1906.24,107
1692067020,1906.71,77
1692067080,1906.66,106
1692067140,1906.44,106
1692067200,1906.53,119
1692067260,1906.74,58
1692067320,1906.62,135
1692067380,1906.38,75
1692067440,1906.38,86
1692067500,1906.38,97
1692067560,1906.40,70
1692067620,1906.42,108
1692067680,1906.22,93
1692067740,1906.16,107
1692067800,1906.07,64
1692067860,1906.07,56
1692067920,1905.93,100
1692067980,1905.94,102
1692068040,1906.60,88
1692068100,1906.50,96
1692068160,1906.53,80
1692068220,1906.01,115
1692068280,1906.16,128
1692068340,1906.15,108
1692068400,1906.36,90
1692068460,1906.21,63
1692068520,1906.26,63
1692068580,1906.28,67
1692068640,1906.12,36
1692068700,1906.01,64
1692068760,1906.16,60
1692068820,1906.11,28
1692068880,1906.13,28
1692068940,1906.22,21
1692069000,1905.94,54
1692069060,1906.12,58
1692069120,1906.17,40
1692069180,1905.94,52
1692069240,1906.03,37
1692069300,1905.88,62
1692069360,1905.98,41
1692069420,1906.31,74
1692069480,1906.48,58
1692069540,1906.48,36
1692069600,1906.46,49
1692069660,1906.64,68
1692069720,1906.59,24
1692069780,1906.35,65
1692069840,1906.34,52
1692069900,1906.47,79
1692069960,1906.48,81
1692070020,1906.57,59
1692070080,1906.75,74
1692070140,1907.03,68
1692070200,1906.96,62
1692070260,1906.34,97
1692070320,1906.58,67
1692070380,1906.86,39
1692070440,1907.38,76
1692070500,1907.18,148
1692070560,1906.74,120
1692070620,1906.98,54
1692070680,1906.96,56
1692070740,1906.92,54
1692070800,1906.95,47
1692070860,1906.90,53
1692070920,1906.83,67
1692070980,1906.90,60
1692071040,1906.94,61
1692071100,1907.12,20
1692071160,1907.03,43
1692071220,1906.91,45
1692071280,1906.89,36
1692071340,1906.92,25
1692071400,1906.78,52
1692071460,1906.94,31
1692071520,1906.82,38
1692071580,1906.92,29
1692071640,1906.92,26
1692071700,1907.10,50
1692071760,1907.10,31
1692071820,1907.01,16
1692071880,1907.22,33
1692071940,1907.18,17
1692072000,1906.89,55
1692072060,1906.98,32
1692072120,1907.05,42
1692072180,1906.74,21
1692072240,1906.57,23
1692072300,1906.65,44
1692072360,1906.66,44
1692072420,1906.75,32
1692072480,1906.73,12
1692072540,1906.88,39
1692072600,1907.03,42
1692072660,1907.06,42
1692072720,1907.11,27
1692072780,1906.98,28
1692072840,1907.09,22
1692072900,1907.04,45
1692072960,1907.24,27
1692073020,1907.01,41
1692073080,1907.07,43
1692073140,1907.11,26
1692073200,1907.14,16
1692073260,1907.16,26
1692073320,1907.13,18
1692073380,1907.08,26
1692073440,1907.10,32
1692073500,1907.20,38
1692073560,1907.09,20
1692073620,1907.09,12
1692073680,1906.98,31
1692073740,1906.93,26
1692073800,1906.81,10
1692073860,1907.06,43
1692073920,1907.00,24
1692073980,1907.00,26
1692074040,1906.97,18
1692074100,1906.90,38
1692074160,1906.96,45
1692074220,1906.86,27
1692074280,1906.72,48
1692074340,1906.76,49
1692074400,1906.69,24
1692074460,1906.79,13
1692074520,1906.80,10
1692074580,1906.72,18
1692074640,1906.80,13
1692074700,1906.96,16
1692074760,1906.86,41
1692074820,1906.99,43
1692074880,1907.09,28
1692074940,1906.86,43
1692075000,1906.91,10
1692075060,1906.88,10
1692075120,1906.87,44
1692075180,1906.83,26
1692075240,1906.89,18
1692075300,1906.81,36
1692075360,1906.77,30
1692075420,1906.67,45
1692075480,1906.54,48
1692075540,1906.60,12
1692075600,1906.05,54
1692075660,1905.97,64
1692075720,1906.52,79
1692075780,1906.28,46
1692075840,1906.48,70
1692075900,1906.71,71
1692075960,1906.62,74
1692076020,1906.48,70
1692076080,1906.43,53
1692076140,1906.24,42
1692076200,1906.15,69
1692076260,1906.25,35
1692076320,1906.33,30
1692076380,1906.50,49
1692076440,1906.52,40
1692076500,1906.12,57
1692076560,1906.51,100
1692076620,1906.77,78
1692076680,1906.69,88
1692076740,1906.90,79
1692076800,1906.98,53
1692076860,1907.25,55
1692076920,1907.18,72
1692076980,1907.41,81
1692077040,1907.30,87
1692077100,1906.69,100
1692077160,1906.21,98
1692077220,1906.17,62
1692077280,1906.17,68
1692077340,1906.14,34
1692077400,1905.48,128
1692077460,1905.87,139
1692077520,1905.69,122
1692077580,1906.02,81
1692077640,1905.75,117
1692077700,1905.32,113
1692077760,1905.35,91
1692077820,1905.05,77
1692077880,1904.98,89
1692077940,1904.58,97
1692078000,1904.44,111
1692078060,1904.33,127
1692078120,1904.34,104
1692078180,1904.42,116
1692078240,1904.48,108
1692078300,1904.63,63
1692078360,1904.85,92
1692078420,1905.19,122
1692078480,1905.11,75
1692078540,1904.94,56
1692078600,1905.45,78
1692078660,1905.03,126
1692078720,1904.39,187
1692078780,1904.89,212
1692078840,1904.92,108
1692078900,1904.98,99
1692078960,1905.09,88
1692079020,1905.12,84
1692079080,1905.08,65
1692079140,1905.22,74
1692079200,1905.73,276
1692079260,1905.46,266
1692079320,1905.57,152
1692079380,1905.79,178
1692079440,1906.17,171
1692079500,1905.64,139
1692079560,1905.80,80
1692079620,1905.99,102
1692079680,1905.94,104
1692079740,1905.74,127
1692079800,1905.58,109
1692079860,1905.30,107
1692079920,1905.29,69
1692079980,1905.14,107
1692080040,1905.18,130
1692080100,1905.16,120
1692080160,1904.72,160
1692080220,1905.34,135
1692080280,1905.80,115
1692080340,1905.92,110
1692080400,1905.85,150
1692080460,1906.84,122
1692080520,1906.92,172
1692080580,1906.88,122
1692080640,1907.04,128
1692080700,1906.81,140
1692080760,1906.78,118
1692080820,1906.23,117
1692080880,1905.56,139
1692080940,1905.23,108
1692081000,1905.20,145
1692081060,1905.14,147
1692081120,1905.24,103
1692081180,1905.60,119
1692081240,1905.30,106
1692081300,1905.47,86
1692081360,1905.31,96
1692081420,1905.11,83
1692081480,1904.74,114
1692081540,1904.52,96
1692081600,1904.19,147
1692081660,1904.92,142
1692081720,1904.92,108
1692081780,1904.84,191
1692081840,1904.62,187
1692081900,1904.84,172
1692081960,1905.06,130
1692082020,1904.86,132
1692082080,1904.59,134
1692082140,1904.55,108
1692082200,1904.76,137
1692082260,1904.74,92
1692082320,1904.88,114
1692082380,1904.79,76
1692082440,1905.04,95
1692082500,1904.74,115
1692082560,1904.86,120
1692082620,1905.00,113
1692082680,1905.09,103
1692082740,1905.10,116
1692082800,1904.56,154
1692082860,1904.78,164
1692082920,1904.97,121
1692082980,1905.12,136
1692083040,1905.26,120
1692083100,1905.34,117
1692083160,1905.56,107
1692083220,1905.04,88
1692083280,1905.33,112
1692083340,1904.78,131
1692083400,1904.29,137
1692083460,1904.67,104
1692083520,1904.84,133
1692083580,1904.84,122
1692083640,1904.70,93
1692083700,1904.88,131
1692083760,1904.88,145
1692083820,1904.94,120
1692083880,1904.70,150
1692083940,1904.97,71
1692084000,1904.96,101
1692084060,1904.85,133
1692084120,1904.87,91
1692084180,1904.63,112
1692084240,1904.60,125
1692084300,1904.32,146
1692084360,1903.93,157
1692084420,1904.38,216
1692084480,1904.45,149
1692084540,1904.72,143
1692084600,1904.39,165
1692084660,1904.58,156
1692084720,1904.23,127
1692084780,1903.86,140
1692084840,1903.84,137
1692084900,1903.94,146
1692084960,1904.12,100
1692085020,1903.87,139
1692085080,1903.79,138
1692085140,1904.00,110
1692085200,1903.84,144
1692085260,1903.76,140
1692085320,1904.68,169
1692085380,1904.84,170
1692085440,1905.05,109
1692085500,1905.01,117
1692085560,1905.15,85
1692085620,1905.16,131
1692085680,1904.98,119
1692085740,1904.96,97
1692085800,1905.03,101
1692085860,1905.29,70
1692085920,1904.78,120
1692085980,1904.83,108
1692086040,1905.07,98
1692086100,1904.77,95
1692086160,1904.59,96
1692086220,1904.56,86
1692086280,1904.68,88
1692086340,1904.97,94
1692086400,1904.17,125
1692086460,1903.71,184
1692086520,1903.97,147
1692086580,1903.92,121
1692086640,1904.46,128
1692086700,1904.20,143
1692086760,1904.38,132
1692086820,1904.26,113
1692086880,1903.96,82
1692086940,1904.78,142
1692087000,1904.81,134
1692087060,1904.75,162
1692087120,1904.50,133
1692087180,1904.14,146
1692087240,1904.60,114
1692087300,1904.14,135
1692087360,1904.04,78
1692087420,1904.10,106
1692087480,1904.12,99
1692087540,1904.35,155
1692087600,1904.27,121
1692087660,1903.88,100
1692087720,1903.57,160
1692087780,1903.88,100
1692087840,1904.47,122
1692087900,1904.01,91
1692087960,1904.02,100
1692088020,1903.99,122
1692088080,1904.20,92
1692088140,1903.76,96
1692088200,1903.70,116
1692088260,1903.74,122
1692088320,1904.31,141
1692088380,1904.12,125
1692088440,1904.38,145
1692088500,1904.19,135
1692088560,1904.15,110
1692088620,1904.04,121
1692088680,1904.98,200
1692088740,1904.52,148
1692088800,1904.36,136
1692088860,1904.70,119
1692088920,1904.53,125
1692088980,1904.57,112
1692089040,1904.60,114
1692089100,1904.44,127
1692089160,1904.51,118
1692089220,1904.53,124
1692089280,1904.59,98
1692089340,1904.60,122
1692089400,1904.77,94
1692089460,1904.74,101
1692089520,1904.94,108
1692089580,1904.84,110
1692089640,1904.40,79
1692089700,1904.39,83
1692089760,1904.27,74
1692089820,1903.92,68
1692089880,1904.17,78
1692089940,1904.28,93
1692090000,1904.29,114
1692090060,1904.33,93
1692090120,1904.08,89
1692090180,1904.11,123
1692090240,1904.28,58
1692090300,1904.41,92
1692090360,1904.71,71
1692090420,1904.82,121
1692090480,1904.88,82
1692090540,1904.67,70
1692090600,1904.53,76
1692090660,1904.25,113
1692090720,1904.42,92
1692090780,1904.23,75
1692090840,1904.05,143
1692090900,1903.40,146
1692090960,1903.54,150
1692091020,1903.16,134
1692091080,1903.42,120
1692091140,1903.48,52
1692091200,1903.45,121
1692091260,1902.90,93
1692091320,1903.52,98
1692091380,1903.55,79
1692091440,1903.67,67
1692091500,1904.09,118
1692091560,1903.94,119
1692091620,1904.03,110
1692091680,1904.12,84
1692091740,1903.90,77
1692091800,1904.21,115
1692091860,1904.00,109
1692091920,1904.02,97
1692091980,1903.74,94
1692092040,1903.69,57
1692092100,1903.49,99
1692092160,1903.67,80
1692092220,1903.92,90
1692092280,1903.96,90
1692092340,1904.48,116
1692092400,1904.42,128
1692092460,1904.23,122
1692092520,1904.29,96
1692092580,1904.54,110
1692092640,1904.38,115
1692092700,1904.86,120
1692092760,1904.66,110
1692092820,1904.47,94
1692092880,1904.64,100
1692092940,1904.66,88
1692093000,1904.84,96
1692093060,1904.68,108
1692093120,1904.58,87
1692093180,1904.58,68
1692093240,1904.69,82
1692093300,1904.47,120
1692093360,1904.30,55
1692093420,1904.38,87
1692093480,1904.48,39
1692093540,1904.46,74
1692093600,1904.86,97
1692093660,1904.70,104
1692093720,1904.86,91
1692093780,1904.61,73
1692093840,1904.52,95
1692093900,1903.94,101
1692093960,1904.02,74
1692094020,1904.04,70
1692094080,1904.00,90
1692094140,1904.14,94
1692094200,1904.54,76
1692094260,1904.48,88
1692094320,1904.32,78
1692094380,1904.13,110
1692094440,1904.15,78
1692094500,1904.24,84
1692094560,1903.96,101
1692094620,1903.80,145
1692094680,1903.75,113
1692094740,1903.57,97
1692094800,1903.97,148
1692094860,1903.76,122
1692094920,1903.54,124
1692094980,1903.30,124
1692095040,1903.26,114
1692095100,1903.39,112
1692095160,1903.02,149
1692095220,1902.86,81
1692095280,1902.75,140
1692095340,1903.10,158
1692095400,1902.96,124
1692095460,1902.89,123
1692095520,1903.21,139
1692095580,1903.45,96
1692095640,1902.98,104
1692095700,1902.97,134
1692095760,1903.17,99
1692095820,1903.15,108
1692095880,1903.38,100
1692095940,1903.44,126
1692096000,1903.27,134
1692096060,1903.22,109
1692096120,1903.04,113
1692096180,1903.16,104
1692096240,1903.22,98
1692096300,1903.38,102
1692096360,1903.08,83
1692096420,1903.16,68
1692096480,1903.01,76
1692096540,1903.19,97
1692096600,1903.14,98
1692096660,1903.23,77
1692096720,1903.18,110
1692096780,1903.34,105
1692096840,1903.60,93
1692096900,1903.80,89
1692096960,1903.80,96
1692097020,1903.78,80
1692097080,1903.73,98
1692097140,1903.96,110
1692097200,1903.45,130
1692097260,1902.96,170
1692097320,1902.85,118
1692097380,1902.84,96
1692097440,1902.75,120
1692097500,1902.71,116
1692097560,1902.81,96
1692097620,1902.68,91
1692097680,1902.73,103
1692097740,1902.68,86
1692097800,1902.76,121
1692097860,1902.79,117
1692097920,1902.03,133
1692097980,1902.33,132
1692098040,1902.42,104
1692098100,1902.50,78
1692098160,1902.64,80
1692098220,1902.61,74
1692098280,1902.57,112
1692098340,1902.59,49
1692098400,1902.40,64
1692098460,1902.29,105
1692098520,1902.14,101
1692098580,1902.26,129
1692098640,1902.40,230
1692098700,1902.16,84
1692098760,1902.71,121
1692098820,1902.81,73
1692098880,1903.03,99
1692098940,1903.45,78
1692099000,1902.99,138
1692099060,1902.70,58
1692099120,1902.79,79
1692099180,1902.79,78
1692099240,1902.67,80
1692099300,1902.70,91
1692099360,1902.36,74
1692099420,1902.76,80
1692099480,1903.40,116
1692099540,1903.87,132
1692099600,1903.31,116
1692099660,1903.20,98
1692099720,1903.51,114
1692099780,1903.45,81
1692099840,1903.63,102
1692099900,1903.59,131
1692099960,1903.26,109
1692100020,1903.24,65
1692100080,1903.27,72
1692100140,1903.17,68
1692100200,1903.05,121
1692100260,1903.54,106
1692100320,1903.77,78
1692100380,1903.68,76
1692100440,1903.59,122
1692100500,1903.66,92
1692100560,1903.97,89
1692100620,1904.05,108
1692100680,1904.13,72
1692100740,1904.25,70
1692100800,1904.52,120
1692100860,1903.96,139
1692100920,1904.40,120
1692100980,1904.25,130
1692101040,1904.19,129
1692101100,1903.82,117
1692101160,1904.06,102
1692101220,1903.78,163
1692101280,1903.22,151
1692101340,1902.99,135
1692101400,1901.96,185
1692101460,1902.81,158
1692101520,1902.96,196
1692101580,1902.96,145
1692101640,1903.10,122
1692101700,1903.15,149
1692101760,1903.86,135
1692101820,1903.97,141
1692101880,1903.59,138
1692101940,1903.52,144
1692102000,1901.41,241
1692102060,1902.41,224
1692102120,1903.40,227
1692102180,1902.62,183
1692102240,1903.50,213
1692102300,1902.78,210
1692102360,1902.90,219
1692102420,1902.78,199
1692102480,1902.64,125
1692102540,1903.08,136
1692102600,1898.28,405
1692102660,1898.84,396
1692102720,1897.27,421
1692102780,1899.95,391
1692102840,1901.38,396
1692102900,1902.60,398
1692102960,1901.01,358
1692103020,1900.28,361
1692103080,1900.46,348
1692103140,1900.73,354
1692103200,1903.73,325
1692103260,1904.00,359
1692103320,1903.65,354
1692103380,1903.84,333
1692103440,1903.15,299
1692103500,1903.50,280
1692103560,1902.73,264
1692103620,1903.41,256
1692103680,1904.73,236
1692103740,1905.18,308
1692103800,1905.52,338
1692103860,1904.57,277
1692103920,1903.65,261
1692103980,1903.34,244
1692104040,1903.16,229
1692104100,1903.52,245
1692104160,1904.64,220
1692104220,1903.78,268
1692104280,1903.90,246
1692104340,1903.45,245
1692104400,1902.13,352
1692104460,1902.66,302
1692104520,1903.52,279
1692104580,1903.05,241
1692104640,1902.64,216
1692104700,1904.60,308
1692104760,1904.42,294
1692104820,1903.64,260
1692104880,1904.52,247
1692104940,1905.98,327
1692105000,1906.82,300
1692105060,1906.85,318
1692105120,1906.30,301
1692105180,1905.68,265
1692105240,1905.73,233
1692105300,1906.80,238
1692105360,1905.74,239
1692105420,1906.89,237
1692105480,1906.80,298
1692105540,1907.04,296
1692105600,1906.62,284
1692105660,1905.82,248
1692105720,1905.12,253
1692105780,1904.54,221
1692105840,1905.29,192
1692105900,1905.33,171
1692105960,1904.58,196
1692106020,1904.48,186
1692106080,1905.02,208
1692106140,1904.40,209
1692106200,1903.36,313
1692106260,1902.83,289
1692106320,1902.23,300
1692106380,1901.75,293
1692106440,1900.61,328
1692106500,1901.23,323
1692106560,1901.98,355
1692106620,1901.63,359
1692106680,1901.63,289
1692106740,1901.34,277
1692106800,1901.56,315
1692106860,1901.29,309
1692106920,1902.44,289
1692106980,1902.55,304
1692107040,1902.85,286
1692107100,1902.20,338
1692107160,1901.91,279
1692107220,1902.58,241
1692107280,1903.16,307
1692107340,1902.77,294
1692107400,1903.38,326
1692107460,1903.71,292
1692107520,1904.09,259
1692107580,1904.59,297
1692107640,1904.11,282
1692107700,1903.92,260
1692107760,1904.41,247
1692107820,1904.54,291
1692107880,1903.41,234
1692107940,1903.78,231
1692108000,1904.56,287
1692108060,1903.94,289
1692108120,1902.91,335
1692108180,1902.81,305
1692108240,1903.32,255
1692108300,1904.41,326
1692108360,1904.16,317
1692108420,1904.35,318
1692108480,1904.84,292
1692108540,1905.00,322
1692108600,1905.81,254
1692108660,1904.94,290
1692108720,1904.19,248
1692108780,1904.39,255
1692108840,1904.44,297
1692108900,1904.24,247
1692108960,1904.73,262
1692109020,1904.30,195
1692109080,1905.01,235
1692109140,1904.79,215
1692109200,1905.48,228
1692109260,1905.12,219
1692109320,1905.28,206
1692109380,1905.43,172
1692109440,1906.08,220
1692109500,1906.81,239
1692109560,1906.43,237
1692109620,1906.60,209
1692109680,1906.70,221
1692109740,1906.61,226
1692109800,1907.06,245
1692109860,1907.21,248
1692109920,1907.49,280
1692109980,1907.98,230
1692110040,1908.56,250
1692110100,1909.56,273
1692110160,1909.32,292
1692110220,1909.44,259
1692110280,1909.94,265
1692110340,1909.14,254
1692110400,1908.29,231
1692110460,1907.60,213
1692110520,1908.26,220
1692110580,1907.51,248
1692110640,1907.11,209
1692110700,1907.89,239
1692110760,1909.10,238
1692110820,1910.50,296
1692110880,1910.02,306
1692110940,1910.56,270
1692111000,1910.30,232
1692111060,1910.10,246
1692111120,1911.04,226
1692111180,1910.46,247
1692111240,1911.08,254
1692111300,1911.06,268
1692111360,1910.12,280
1692111420,1910.84,378
1692111480,1911.30,286
1692111540,1909.96,324
1692111600,1909.50,210
1692111660,1909.09,169
1692111720,1910.20,190
1692111780,1910.76,275
1692111840,1910.47,237
1692111900,1910.16,282
1692111960,1909.61,258
1692112020,1909.16,326
1692112080,1908.38,358
1692112140,1908.18,338
1692112200,1908.78,254
1692112260,1908.41,242
1692112320,1908.21,266
1692112380,1908.73,204
1692112440,1908.26,176
1692112500,1907.99,207
1692112560,1907.55,246
1692112620,1907.95,276
1692112680,1907.60,316
1692112740,1907.06,246
1692112800,1907.36,266
1692112860,1907.72,242
1692112920,1907.62,222
1692112980,1907.45,143
1692113040,1907.24,222
1692113100,1907.23,170
1692113160,1907.12,169
1692113220,1907.52,181
1692113280,1907.37,178
1692113340,1907.86,168
1692113400,1907.79,217
1692113460,1907.34,188
1692113520,1907.11,127
1692113580,1907.24,179
1692113640,1907.42,120
1692113700,1907.84,175
1692113760,1907.46,180
1692113820,1907.12,184
1692113880,1906.77,153
1692113940,1906.96,152
1692114000,1907.70,182
1692114060,1907.24,170
1692114120,1906.95,133
1692114180,1907.31,113
1692114240,1907.92,144
1692114300,1907.77,132
1692114360,1907.79,104
1692114420,1908.10,78
1692114480,1907.56,141
1692114540,1907.84,136
1692114600,1908.04,136
1692114660,1908.03,138
1692114720,1908.17,145
1692114780,1908.28,164
1692114840,1907.99,176
1692114900,1907.83,177
1692114960,1907.70,178
1692115020,1907.62,166
1692115080,1907.03,116
1692115140,1906.87,117
1692115200,1907.06,147
1692115260,1906.68,173
1692115320,1906.36,183
1692115380,1906.30,135
1692115440,1905.95,92
1692115500,1906.66,154
1692115560,1906.84,100
1692115620,1906.64,121
1692115680,1906.68,146
1692115740,1906.86,135
1692115800,1906.84,89
1692115860,1906.66,98
1692115920,1906.67,125
1692115980,1906.68,95
1692116040,1906.78,81
1692116100,1906.24,101
1692116160,1907.08,134
1692116220,1907.20,105
1692116280,1907.09,94
1692116340,1907.08,92
1692116400,1907.13,110
1692116460,1907.25,123
1692116520,1906.98,119
1692116580,1906.83,126
1692116640,1906.55,138
1692116700,1906.30,76
1692116760,1906.14,80
1692116820,1905.87,109
1692116880,1905.31,116
1692116940,1905.04,168
1692117000,1904.52,160
1692117060,1904.62,144
1692117120,1904.44,152
1692117180,1904.24,146
1692117240,1904.60,98
1692117300,1904.62,174
1692117360,1904.58,136
1692117420,1904.40,132
1692117480,1904.70,137
1692117540,1904.84,130
1692117600,1904.90,136
1692117660,1905.42,136
1692117720,1904.66,135
1692117780,1904.55,90
1692117840,1904.53,83
1692117900,1904.26,109
1692117960,1904.28,105
1692118020,1904.30,84
1692118080,1904.22,115
1692118140,1904.06,114
1692118200,1903.81,117
1692118260,1903.75,106
1692118320,1903.98,117
1692118380,1903.97,117
1692118440,1903.88,128
1692118500,1903.82,168
1692118560,1903.87,135
1692118620,1904.03,128
1692118680,1903.94,158
1692118740,1903.67,136
1692118800,1903.82,141
1692118860,1903.84,119
1692118920,1903.82,119
1692118980,1903.74,150
1692119040,1903.67,69
1692119100,1903.34,116
1692119160,1903.60,102
1692119220,1903.84,103
1692119280,1903.90,115
1692119340,1904.05,102
1692119400,1903.80,118
1692119460,1903.74,141
1692119520,1903.76,132
1692119580,1903.85,131
1692119640,1903.97,100
1692119700,1903.87,63
1692119760,1904.22,127
1692119820,1904.51,113
1692119880,1904.68,148
1692119940,1904.68,171
1692120000,1904.25,152
1692120060,1904.32,89
1692120120,1904.68,83
1692120180,1904.74,150
1692120240,1904.76,148
1692120300,1904.64,272
1692120360,1904.04,206
1692120420,1904.18,236
1692120480,1904.26,136
1692120540,1904.02,202
1692120600,1904.03,123
1692120660,1903.69,191
1692120720,1903.76,174
1692120780,1903.81,195
1692120840,1903.55,156
1692120900,1903.63,85
1692120960,1903.50,98
1692121020,1903.54,90
1692121080,1903.66,89
1692121140,1903.87,144
1692121200,1904.12,120
1692121260,1904.20,102
1692121320,1904.15,71
1692121380,1904.20,50
1692121440,1904.52,98
1692121500,1904.87,184
1692121560,1904.84,228
1692121620,1905.20,216
1692121680,1905.12,148
1692121740,1905.26,136
1692121800,1905.25,134
1692121860,1904.90,106
1692121920,1904.88,143
1692121980,1904.81,114
1692122040,1904.79,90
1692122100,1904.64,135
1692122160,1904.62,88
1692122220,1904.38,153
1692122280,1904.29,194
1692122340,1904.47,282
1692122400,1904.72,212
1692122460,1905.04,94
1692122520,1905.20,138
1692122580,1904.98,178
1692122640,1904.65,194
1692122700,1904.28,182
1692122760,1904.28,72
1692122820,1903.84,107
1692122880,1903.86,98
1692122940,1903.97,131
1692123000,1903.64,170
1692123060,1904.00,162
1692123120,1903.82,70
1692123180,1903.56,57
1692123240,1903.83,50
1692123300,1903.85,50
1692123360,1903.74,69
1692123420,1903.48,101
1692123480,1903.40,103
1692123540,1903.21,83
1692123600,1903.30,83
1692123660,1903.24,48
1692123720,1903.56,65
1692123780,1903.57,41
1692123840,1903.30,106
1692123900,1903.27,68
1692123960,1903.18,63
1692124020,1903.24,79
1692124080,1903.26,64
1692124140,1903.70,71
1692124200,1903.74,96
1692124260,1903.88,80
1692124320,1904.06,89
1692124380,1903.90,66
1692124440,1904.08,90
1692124500,1903.76,69
1692124560,1903.95,58
1692124620,1903.80,79
1692124680,1903.75,67
1692124740,1903.69,69
1692124800,1903.30,75
1692124860,1903.37,52
1692124920,1903.44,65
1692124980,1903.55,67
1692125040,1903.49,44
1692125100,1903.54,75
1692125160,1903.49,52
1692125220,1903.52,56
1692125280,1903.48,86
1692125340,1903.58,69
1692125400,1903.18,62
1692125460,1903.24,70
1692125520,1903.12,68
1692125580,1902.88,40
1692125640,1902.90,78
1692125700,1902.96,61
1692125760,1902.71,93
1692125820,1902.72,99
1692125880,1902.72,74
1692125940,1902.66,84
1692126000,1902.66,118
1692126060,1903.02,94
1692126120,1902.92,106
1692126180,1902.92,80
1692126240,1902.82,76
1692126300,1903.08,82
1692126360,1903.03,71
1692126420,1902.71,70
1692126480,1902.78,82
1692126540,1902.98,45
1692126600,1902.89,76
1692126660,1902.91,69
1692126720,1903.28,62
1692126780,1903.02,70
1692126840,1902.95,68
1692126900,1902.85,64
1692126960,1902.77,52
1692127020,1902.98,57
1692127080,1902.99,42
1692127140,1902.94,26
1692127200,1902.62,43
1692127260,1902.92,72
1692127320,1903.01,102
1692127380,1903.16,52
1692127440,1903.02,76
1692127500,1902.94,91
1692127560,1902.90,100
1692127620,1903.20,64
1692127680,1903.14,83
1692127740,1903.05,63
1692127800,1903.25,104
1692127860,1903.06,113
1692127920,1903.18,43
1692127980,1903.08,76
1692128040,1903.30,80
1692128100,1903.21,71
1692128160,1903.18,57
1692128220,1903.32,84
1692128280,1903.54,130
1692128340,1903.56,140
1692128400,1903.46,192
1692128460,1902.94,102
1692128520,1902.75,126
1692128580,1902.90,206
1692128640,1902.94,192
1692128700,1903.33,224
1692128760,1903.18,186
1692128820,1903.21,150
1692128880,1903.08,108
1692128940,1903.03,80
1692129000,1902.95,114
1692129060,1903.02,139
1692129120,1902.84,136
1692129180,1902.78,169
1692129240,1902.63,146
1692129300,1902.78,164
1692129360,1902.70,144
1692129420,1902.88,202
1692129480,1902.68,294
1692129540,1902.74,222
1692129600,1902.89,84
1692129660,1902.85,94
1692129720,1902.82,44
1692129780,1902.77,56
1692129840,1903.28,86
1692129900,1903.24,134
1692129960,1902.78,102
1692130020,1902.61,84
1692130080,1902.82,77
1692130140,1902.43,74
1692130200,1902.70,60
1692130260,1902.66,118
1692130320,1902.38,86
1692130380,1902.14,172
1692130440,1902.66,110
1692130500,1902.63,40
1692130560,1902.65,39
1692130620,1902.68,24
1692130680,1902.68,6
1692130800,1902.52,16
1692130860,1902.60,24
1692130920,1902.65,16
1692130980,1902.60,24
1692131040,1902.58,16
1692131100,1902.14,38
1692131160,1902.17,19
1692131220,1902.35,34
1692131280,1902.44,16
1692131340,1902.32,18
1692131400,1902.42,16
1692131460,1902.30,32
1692131520,1902.36,10
1692131580,1902.14,25
1692131640,1901.86,52
1692131700,1901.81,32
1692131760,1901.96,38
1692131820,1901.78,40
1692131880,1901.72,12
1692131940,1901.81,21
1692132000,1901.79,26
1692132060,1901.78,23
1692132120,1901.72,29
1692132180,1901.67,46
1692132240,1901.64,32
1692132300,1901.63,55
1692132360,1901.70,39
1692132420,1901.74,20
1692132480,1901.84,26
1692132540,1901.76,38
1692132600,1901.71,52
1692132660,1901.62,43
1692132720,1901.52,18
1692132780,1901.42,31
1692132840,1901.80,62
1692132900,1901.73,32
1692132960,1901.61,16
1692136920,1901.82,33
1692136980,1901.92,31
1692137040,1901.91,28
1692137100,1902.33,31
1692137160,1902.31,42
1692137220,1902.39,21
1692137280,1902.35,41
1692137340,1902.58,25
1692137400,1902.34,31
1692137460,1902.27,25
1692137520,1902.24,21
1692137640,1902.03,30
1692137700,1901.96,16
1692137760,1902.08,41
1692137820,1902.08,26
1692137880,1902.21,51
1692137940,1902.02,32
1692138000,1902.28,39
1692138060,1902.18,31
1692138120,1902.20,24
1692138180,1902.23,23
1692138240,1902.24,9
1692138300,1901.92,92
1692138360,1902.00,56
1692138420,1901.72,45
1692138480,1901.84,14
1692138540,1901.89,41
1692138600,1901.96,11
1692138660,1902.24,65
1692138720,1902.01,24
1692138780,1901.89,45
1692138840,1901.67,72
1692138900,1901.51,22
1692138960,1901.48,56
1692139020,1901.58,18
1692139080,1901.55,17
1692139140,1901.51,33
1692139200,1901.45,26
1692139260,1901.37,20
1692139320,1901.24,41
1692139380,1901.27,64
1692139440,1901.24,68
1692139500,1901.24,68
1692139560,1901.46,42
1692139620,1901.78,33
1692139680,1901.95,26
1692139740,1901.90,19
1692139800,1901.88,7
1692139860,1901.95,9
1692139920,1902.12,17
1692139980,1901.99,23
1692140040,1901.88,22
1692140100,1901.66,28
1692140160,1901.80,17
1692140220,1901.67,25
1692140280,1901.56,22
1692140340,1901.49,4
1692140400,1900.95,105
1692140460,1900.74,80
1692140520,1900.78,94
1692140580,1900.52,78
1692140640,1900.47,74
1692140700,1900.96,60
1692140760,1901.10,24
1692140820,1901.24,41
1692140880,1901.27,62
1692140940,1901.16,60
1692141000,1901.40,70
1692141060,1901.28,24
1692141120,1901.38,12
1692141180,1901.56,16
1692141240,1901.46,38
1692141300,1901.49,33
1692141360,1901.51,14
1692141420,1901.42,12
1692141480,1901.59,15
1692141540,1901.53,6
1692141600,1901.56,18
1692141660,1901.62,4
1692141720,1901.54,17
1692141780,1901.59,8
1692141840,1901.62,6
1692141900,1901.54,6
1692141960,1901.45,14
1692142020,1901.35,13
1692142080,1901.48,14
1692142140,1901.56,4
1692142200,1901.45,12
1692142260,1901.36,16
1692142320,1901.42,18
1692142380,1901.50,25
1692142440,1901.53,24
1692142500,1901.42,8
1692142560,1901.50,17
1692142620,1901.53,21
1692142680,1901.65,18
1692142740,1901.68,23
1692142800,1901.69,20
1692142860,1901.85,52
1692142920,1901.81,42
1692142980,1901.58,83
1692143040,1901.64,52
1692143100,1901.64,20
1692143160,1901.60,26
1692143220,1901.64,6
1692143280,1901.60,36
1692143340,1901.68,57
1692143400,1901.68,54
1692143460,1901.57,16
1692143520,1901.58,47
1692143580,1901.48,35
1692143640,1901.67,27
1692143700,1901.78,29
1692143760,1901.90,10
1692143820,1901.80,36
1692143880,1902.06,37
1692143940,1901.42,96
1692144000,1901.41,93
1692144060,1901.63,88
1692144120,1901.51,66
1692144180,1901.32,35
1692144240,1901.02,50
1692144300,1901.12,60
1692144360,1901.44,58
1692144420,1901.24,46
1692144480,1901.62,50
1692144540,1901.42,50
1692144600,1901.48,38
1692144660,1901.54,42
1692144720,1901.76,26
1692144780,1902.07,42
1692144840,1902.16,29
1692144900,1902.16,29
1692144960,1902.09,42
1692145020,1902.17,40
1692145080,1902.18,32
1692145140,1902.23,26
1692145200,1902.36,34
1692145260,1902.40,33
1692145320,1902.41,18
1692145380,1902.31,33
1692145440,1902.23,27
1692145500,1902.32,26
1692145560,1902.21,60
1692145620,1901.92,33
1692145680,1901.74,45
1692145740,1901.75,41
1692145800,1901.90,95
1692145860,1901.96,52
1692145920,1901.82,54
1692145980,1901.44,69
1692146040,1901.56,56
1692146100,1901.51,46
1692146160,1901.54,50
1692146220,1901.76,50
1692146280,1901.76,55
1692146340,1901.70,56
1692146400,1901.70,72
1692146460,1901.80,52
1692146520,1901.81,53
1692146580,1902.21,42
1692146640,1902.38,50
1692146700,1902.25,62
1692146760,1902.19,37
1692146820,1902.22,52
1692146880,1902.26,45
1692146940,1902.38,39
1692147000,1902.16,52
1692147060,1902.17,54
1692147120,1901.98,56
1692147180,1901.89,64
1692147240,1902.07,92
1692147300,1902.07,42
1692147360,1901.81,58
1692147420,1901.69,44
1692147480,1901.92,18
1692147540,1902.25,38
1692147600,1901.80,86
1692147660,1902.20,92
1692147720,1902.28,59
1692147780,1902.17,55
1692147840,1901.74,58
1692147900,1901.67,71
1692147960,1901.99,108
1692148020,1901.85,112
1692148080,1901.75,68
1692148140,1901.65,86
1692148200,1901.64,92
1692148260,1901.64,113
1692148320,1901.44,72
1692148380,1901.24,73
1692148440,1901.53,126
1692148500,1900.97,197
1692148560,1900.62,270
1692148620,1901.02,136
1692148680,1901.05,82
1692148740,1901.13,89
1692148800,1901.76,138
1692148860,1902.04,143
1692148920,1902.14,107
1692148980,1901.66,125
1692149040,1901.75,74
1692149100,1901.95,91
1692149160,1902.36,88
1692149220,1902.38,119
1692149280,1902.41,88
1692149340,1902.91,126
1692149400,1902.91,142
1692149460,1903.08,136
1692149520,1903.26,164
1692149580,1903.12,161
1692149640,1902.96,124
1692149700,1902.88,109
1692149760,1902.59,111
1692149820,1903.08,156
1692149880,1902.81,125
1692149940,1902.60,121
1692150000,1902.66,101
1692150060,1902.71,118
1692150120,1902.98,131
1692150180,1903.12,146
1692150240,1903.22,156
1692150300,1903.58,219
1692150360,1903.75,222
1692150420,1903.32,124
1692150480,1903.18,130
1692150540,1903.17,146
1692150600,1902.94,122
1692150660,1903.68,158
1692150720,1903.92,203
1692150780,1904.08,153
1692150840,1903.97,128
1692150900,1902.81,210
1692150960,1902.78,107
1692151020,1902.82,118
1692151080,1902.95,58
1692151140,1902.85,114
1692151200,1903.03,205
1692151260,1903.11,133
1692151320,1903.20,130
1692151380,1903.24,142
1692151440,1903.20,107
1692151500,1903.21,98
1692151560,1903.44,93
1692151620,1903.65,105
1692151680,1903.66,123
1692151740,1903.72,88
1692151800,1903.67,111
1692151860,1903.60,114
1692151920,1903.15,159
1692151980,1903.47,116
1692152040,1903.80,184
1692152100,1903.81,145
1692152160,1903.81,97
1692152220,1904.04,157
1692152280,1904.10,92
1692152340,1904.22,132
1692152400,1904.08,116
1692152460,1903.88,99
1692152520,1903.99,49
1692152580,1904.30,72
1692152640,1904.11,90
1692152700,1903.97,84
1692152760,1903.94,68
1692152820,1903.92,51
1692152880,1903.88,26
1692152940,1903.79,38
1692153000,1904.23,69
1692153060,1904.19,93
1692153120,1904.19,97
1692153180,1903.99,118
1692153240,1903.98,49
1692153300,1903.84,73
1692153360,1904.12,66
1692153420,1904.44,75
1692153480,1904.55,66
1692153540,1904.42,59
1692153600,1904.39,98
1692153660,1904.49,93
1692153720,1904.67,89
1692153780,1904.18,116
1692153840,1904.10,66
1692153900,1904.15,60
1692153960,1904.35,83
1692154020,1904.48,75
1692154080,1904.51,78
1692154140,1904.28,82
1692154200,1904.23,40
1692154260,1904.26,42
1692154320,1904.17,24
1692154380,1904.32,69
1692154440,1904.50,85
1692154500,1904.50,70
1692154560,1904.40,89
1692154620,1904.22,65
1692154680,1904.05,67
1692154740,1903.83,78
1692154800,1903.82,85
1692154860,1903.75,62
1692154920,1903.72,94
1692154980,1903.98,31
1692155040,1903.96,104
1692155100,1904.12,124
1692155160,1904.15,77
1692155220,1904.31,93
1692155280,1904.36,44
1692155340,1904.40,65
1692155400,1904.62,81
1692155460,1904.56,110
1692155520,1904.45,79
1692155580,1904.71,125
1692155640,1904.68,111
1692155700,1904.71,52
1692155760,1904.72,80
1692155820,1904.85,45
1692155880,1904.94,68
1692155940,1905.26,95
1692156000,1905.19,90
1692156060,1905.13,30
1692156120,1905.12,59
1692156180,1905.18,54
1692156240,1905.07,22
1692156300,1905.08,58
1692156360,1905.09,18
1692156420,1904.86,44
1692156480,1904.80,42
1692156540,1904.85,57
1692156600,1904.65,62
1692156660,1904.29,50
1692156720,1904.44,28
1692156780,1904.32,36
1692156840,1904.20,50
1692156900,1904.36,75
1692156960,1904.23,71
1692157020,1904.17,44
1692157080,1904.11,33
1692157140,1904.17,40
1692157200,1904.23,48
1692157260,1904.19,50
1692157320,1904.19,21
1692157380,1904.32,28
1692157440,1904.32,42
1692157500,1904.16,48
1692157560,1904.16,28
1692157620,1904.44,32
1692157680,1904.56,44
1692157740,1904.36,32
1692157800,1904.48,32
1692157860,1904.38,22
1692157920,1904.38,19
1692157980,1904.39,32
1692158040,1904.46,38
1692158100,1904.58,22
1692158160,1904.56,20
1692158220,1904.37,26
1692158280,1904.26,30
1692158340,1904.15,33
1692158400,1904.12,36
1692158460,1904.12,15
1692158520,1904.22,28
1692158580,1904.34,31
1692158640,1904.33,26
1692158700,1904.44,34
1692158760,1904.53,45
1692158820,1904.53,36
1692158880,1904.52,36
1692158940,1904.51,12
1692159000,1904.28,26
1692159060,1904.19,41
1692159120,1904.24,24
1692159180,1904.20,50
1692159240,1903.96,68
1692159300,1904.05,55
1692159360,1904.02,48
1692159420,1904.10,62
1692159480,1904.06,22
1692159540,1903.93,21
1692159600,1903.83,27
1692159660,1903.84,20
1692159720,1903.92,28
1692159780,1903.98,25
1692159840,1903.90,29
1692159900,1903.50,42
1692159960,1903.38,48
1692160020,1903.43,47
1692160080,1903.42,20
1692160140,1903.42,22
1692160200,1903.53,12
1692160260,1903.70,20
1692160320,1903.51,15
1692160380,1903.73,20
1692160440,1903.74,8
1692160500,1903.73,28
1692160560,1903.33,45
1692160620,1903.44,34
1692160680,1903.46,18
1692160740,1903.10,45
1692160800,1902.87,72
1692160860,1902.84,82
1692160920,1903.18,122
1692160980,1903.46,65
1692161040,1903.43,25
1692161100,1903.23,52
1692161160,1903.28,30
1692161220,1903.49,56
1692161280,1903.49,40
1692161340,1903.45,46
1692161400,1903.62,41
1692161460,1903.66,16
1692161520,1903.73,44
1692161580,1903.67,19
1692161640,1903.77,10
1692161700,1903.90,29
1692161760,1903.96,18
1692161820,1903.91,22
1692161880,1904.04,22
1692161940,1904.02,24
1692162000,1904.21,52
1692162060,1904.34,83
1692162120,1904.40,63
1692162180,1904.39,21
1692162240,1904.22,78
1692162300,1904.39,25
1692162360,1904.34,56
1692162420,1904.92,74
1692162480,1904.52,48
1692162540,1904.42,34
1692162600,1904.35,36
1692162660,1904.38,32
1692162720,1904.42,34
1692162780,1904.40,61
1692162840,1904.37,53
1692162900,1904.16,23
1692162960,1904.10,10
1692163020,1903.79,18
1692163080,1903.57,24
1692163140,1903.80,32
1692163200,1903.74,16
1692163260,1903.64,35
1692163320,1903.59,35
1692163380,1903.80,46
1692163440,1904.00,53
1692163500,1903.99,50
1692163560,1904.30,31
1692163620,1904.24,58
1692163680,1904.33,32
1692163740,1904.19,45
1692163800,1904.70,127
1692163860,1904.95,102
1692163920,1905.06,125
1692163980,1905.15,112
1692164040,1904.95,136
1692164100,1905.12,106
1692164160,1905.25,116
1692164220,1905.40,87
1692164280,1905.19,84
1692164340,1904.94,96
1692164400,1904.86,73
1692164460,1905.15,95
1692164520,1905.15,79
1692164580,1905.12,62
1692164640,1905.08,60
1692164700,1904.88,74
1692164760,1905.21,76
1692164820,1904.65,111
1692164880,1904.62,114
1692164940,1904.53,102
1692165000,1904.61,78
1692165060,1904.61,126
1692165120,1904.66,80
1692165180,1904.49,80
1692165240,1904.53,42
1692165300,1905.07,110
1692165360,1904.93,101
1692165420,1904.57,126
1692165480,1905.44,136
1692165540,1905.14,145
1692165600,1905.36,287
1692165660,1905.25,144
1692165720,1905.33,122
1692165780,1905.06,121
1692165840,1905.08,112
1692165900,1905.12,144
1692165960,1904.93,117
1692166020,1904.86,117
1692166080,1905.08,76
1692166140,1905.03,95
1692166200,1905.14,108
1692166260,1905.58,139
1692166320,1905.72,131
1692166380,1905.64,90
1692166440,1905.64,68
1692166500,1905.78,133
1692166560,1905.90,101
1692166620,1905.47,108
1692166680,1905.91,105
1692166740,1905.85,69
1692166800,1905.72,90
1692166860,1905.62,87
1692166920,1905.60,66
1692166980,1905.98,102
1692167040,1905.80,94
1692167100,1905.66,108
1692167160,1905.77,116
1692167220,1906.20,87
1692167280,1906.10,78
1692167340,1906.32,124
1692167400,1906.13,131
1692167460,1906.14,84
1692167520,1906.13,74
1692167580,1906.28,101
1692167640,1906.31,92
1692167700,1906.42,96
1692167760,1906.42,126
1692167820,1906.12,104
1692167880,1906.30,75
1692167940,1906.46,123
1692168000,1906.31,91
1692168060,1906.18,66
1692168120,1906.26,90
1692168180,1906.44,88
1692168240,1906.51,64
1692168300,1906.28,84
1692168360,1906.10,130
1692168420,1905.74,108
1692168480,1905.64,84
1692168540,1905.56,80
1692168600,1905.39,122
1692168660,1905.21,74
1692168720,1905.30,64
1692168780,1905.33,98
1692168840,1905.05,85
1692168900,1904.88,24
1692168960,1905.20,76
1692169020,1905.21,86
1692169080,1905.10,104
1692169140,1905.54,104
1692169200,1905.15,196
1692169260,1905.38,175
1692169320,1905.00,140
1692169380,1905.02,136
1692169440,1905.65,165
1692169500,1905.52,154
1692169560,1905.45,97
1692169620,1905.30,108
1692169680,1905.16,108
1692169740,1904.95,98
1692169800,1904.67,113
1692169860,1905.19,125
1692169920,1905.42,101
1692169980,1904.83,103
1692170040,1905.04,103
1692170100,1905.13,84
1692170160,1905.10,83
1692170220,1904.76,79
1692170280,1904.88,97
1692170340,1905.05,121
1692170400,1904.60,100
1692170460,1904.41,109
1692170520,1904.39,77
1692170580,1904.57,105
1692170640,1904.44,99
1692170700,1904.41,70
1692170760,1904.20,146
1692170820,1904.08,76
1692170880,1903.96,92
1692170940,1903.53,106
1692171000,1903.69,143
1692171060,1903.48,109
1692171120,1903.44,114
1692171180,1903.40,94
1692171240,1903.35,86
1692171300,1902.91,122
1692171360,1903.18,111
1692171420,1903.15,97
1692171480,1903.31,136
1692171540,1903.41,91
1692171600,1903.71,119
1692171660,1903.57,91
1692171720,1903.67,77
1692171780,1903.83,90
1692171840,1904.19,91
1692171900,1904.16,93
1692171960,1904.23,53
1692172020,1904.52,78
1692172080,1905.00,122
1692172140,1904.87,98
1692172200,1904.71,83
1692172260,1904.59,107
1692172320,1904.67,118
1692172380,1904.39,91
1692172440,1904.03,83
1692172500,1904.24,78
1692172560,1904.54,97
1692172620,1904.53,56
1692172680,1904.63,60
1692172740,1904.63,98
1692172800,1904.62,71
1692172860,1904.29,88
1692172920,1904.21,56
1692172980,1904.28,62
1692173040,1904.12,98
1692173100,1904.30,82
1692173160,1904.24,60
1692173220,1903.99,89
1692173280,1904.28,63
1692173340,1904.32,72
1692173400,1903.94,72
1692173460,1904.03,91
1692173520,1904.21,92
1692173580,1904.39,111
1692173640,1904.38,79
1692173700,1903.88,66
1692173760,1904.10,69
1692173820,1904.06,99
1692173880,1903.96,87
1692173940,1904.12,28
1692174000,1904.31,67
1692174060,1903.95,91
1692174120,1903.74,87
1692174180,1903.78,76
1692174240,1904.08,73
1692174300,1904.32,112
1692174360,1904.68,77
1692174420,1904.87,91
1692174480,1904.88,129
1692174540,1904.78,113
1692174600,1904.98,69
1692174660,1905.12,116
1692174720,1905.46,79
1692174780,1905.60,93
1692174840,1905.45,94
1692174900,1905.18,114
1692174960,1905.18,114
1692175020,1904.80,123
1692175080,1905.20,131
1692175140,1905.43,98
1692175200,1905.17,123
1692175260,1904.70,107
1692175320,1905.09,77
1692175380,1905.00,101
1692175440,1905.02,61
1692175500,1904.88,78
1692175560,1904.92,88
1692175620,1904.97,60
1692175680,1905.12,36
1692175740,1905.07,52
1692175800,1905.11,62
1692175860,1905.05,94
1692175920,1905.14,38
1692175980,1905.17,84
1692176040,1905.24,67
1692176100,1905.52,64
1692176160,1905.33,85
1692176220,1905.34,58
1692176280,1905.36,68
1692176340,1905.41,52
1692176400,1905.48,95
1692176460,1905.45,102
1692176520,1905.60,85
1692176580,1905.87,70
1692176640,1906.06,65
1692176700,1905.57,153
1692176760,1905.62,73
1692176820,1906.01,78
1692176880,1906.26,89
1692176940,1906.81,194
1692177000,1906.64,137
1692177060,1906.29,116
1692177120,1906.51,92
1692177180,1906.58,78
1692177240,1906.76,68
1692177300,1906.82,128
1692177360,1906.56,93
1692177420,1906.57,81
1692177480,1906.80,78
1692177540,1906.95,92
1692177600,1906.90,65
1692177660,1906.89,91
1692177720,1906.66,84
1692177780,1906.63,93
1692177840,1906.94,85
1692177900,1907.02,73
1692177960,1907.08,85
1692178020,1906.90,82
1692178080,1906.68,100
1692178140,1906.86,104
1692178200,1907.00,129
1692178260,1906.89,81
1692178320,1906.79,94
1692178380,1906.52,109
1692178440,1906.81,92
1692178500,1907.08,84
1692178560,1907.10,75
1692178620,1906.98,99
1692178680,1906.67,75
1692178740,1906.63,74
1692178800,1906.53,74
1692178860,1906.36,56
1692178920,1906.40,105
1692178980,1905.96,126
1692179040,1905.83,61
1692179100,1905.90,93
1692179160,1905.61,58
1692179220,1905.64,81
1692179280,1905.68,94
1692179340,1905.71,71
1692179400,1905.94,55
1692179460,1906.00,69
1692179520,1906.10,83
1692179580,1906.23,95
1692179640,1905.87,95
1692179700,1906.33,75
1692179760,1906.02,74
1692179820,1906.12,66
1692179880,1906.14,111
1692179940,1906.07,71
1692180000,1906.25,92
1692180060,1906.32,87
1692180120,1906.35,56
1692180180,1906.35,52
1692180240,1906.32,64
1692180300,1906.15,70
1692180360,1906.42,101
1692180420,1906.33,66
1692180480,1906.30,62
1692180540,1906.41,84
1692180600,1906.47,58
1692180660,1906.58,64
1692180720,1906.53,62
1692180780,1906.55,36
1692180840,1906.40,74
1692180900,1906.57,56
1692180960,1906.39,61
1692181020,1906.14,58
1692181080,1906.28,85
1692181140,1906.28,67
1692181200,1906.17,86
1692181260,1905.97,72
1692181320,1906.04,83
1692181380,1906.23,88
1692181440,1906.45,69
1692181500,1906.62,81
1692181560,1906.69,98
1692181620,1906.62,87
1692181680,1906.51,62
1692181740,1906.68,84
1692181800,1906.48,107
1692181860,1906.64,107
1692181920,1906.72,74
1692181980,1906.48,82
1692182040,1906.20,81
1692182100,1906.23,46
1692182160,1906.24,66
1692182220,1906.30,52
1692182280,1906.37,88
1692182340,1906.41,50
1692182400,1906.50,34
1692182460,1906.29,61
1692182520,1906.24,41
1692182580,1906.18,63
1692182640,1906.34,50
1692182700,1906.34,90
1692182760,1906.29,85
1692182820,1906.18,124
1692182880,1906.26,84
1692182940,1906.20,75
1692183000,1906.13,59
1692183060,1905.93,78
1692183120,1905.79,68
1692183180,1906.18,78
1692183240,1906.22,77
1692183300,1906.17,74
1692183360,1906.46,81
1692183420,1906.49,38
1692183480,1906.45,58
1692183540,1906.12,83
1692183600,1906.50,66
1692183660,1906.69,82
1692183720,1906.61,61
1692183780,1906.28,66
1692183840,1906.12,74
1692183900,1906.13,70
1692183960,1906.19,76
1692184020,1906.29,74
1692184080,1906.27,40
1692184140,1906.14,64
1692184200,1906.18,90
1692184260,1906.16,74
1692184320,1905.66,98
1692184380,1905.84,99
1692184440,1905.61,61
1692184500,1905.90,65
1692184560,1905.68,73
1692184620,1905.60,68
1692184680,1905.65,64
1692184740,1905.67,60
1692184800,1905.63,72
1692184860,1905.64,60
1692184920,1905.55,38
1692184980,1905.36,54
1692185040,1905.60,54
1692185100,1905.50,77
1692185160,1905.41,82
1692185220,1905.46,62
1692185280,1905.41,46
1692185340,1905.25,42
1692185400,1904.94,84
1692185460,1905.05,117
1692185520,1904.95,87
1692185580,1905.13,89
1692185640,1905.04,50
1692185700,1905.03,34
1692185760,1905.27,56
1692185820,1905.22,58
1692185880,1904.92,46
1692185940,1904.93,67
1692186000,1904.70,75
1692186060,1904.53,160
1692186120,1903.95,95
1692186180,1903.89,65
1692186240,1904.10,92
1692186300,1903.87,118
1692186360,1903.76,121
1692186420,1903.70,98
1692186480,1903.85,73
1692186540,1903.88,110
1692186600,1903.81,64
1692186660,1903.81,95
1692186720,1903.71,75
1692186780,1903.98,121
1692186840,1903.77,99
1692186900,1903.47,99
1692186960,1903.67,145
1692187020,1903.65,101
1692187080,1903.30,108
1692187140,1903.12,70
1692187200,1903.24,138
1692187260,1903.14,118
1692187320,1903.56,185
1692187380,1903.95,91
1692187440,1903.49,110
1692187500,1903.71,112
1692187560,1902.88,164
1692187620,1903.48,130
1692187680,1903.45,88
1692187740,1903.40,128
1692187800,1903.14,119
1692187860,1903.84,159
1692187920,1903.90,101
1692187980,1904.03,80
1692188040,1903.56,86
1692188100,1903.77,96
1692188160,1903.74,57
1692188220,1903.94,114
1692188280,1904.20,70
1692188340,1903.56,116
1692188400,1902.48,171
1692188460,1902.26,151
1692188520,1901.83,220
1692188580,1901.48,261
1692188640,1901.10,255
1692188700,1901.05,240
1692188760,1902.03,252
1692188820,1901.84,170
1692188880,1901.49,143
1692188940,1901.87,142
1692189000,1901.31,273
1692189060,1902.62,301
1692189120,1902.49,240
1692189180,1903.01,198
1692189240,1903.77,236
1692189300,1904.03,192
1692189360,1903.58,227
1692189420,1903.06,239
1692189480,1902.37,168
1692189540,1902.42,237
1692189600,1901.78,171
1692189660,1901.97,200
1692189720,1901.89,203
1692189780,1902.72,219
1692189840,1902.78,205
1692189900,1902.53,172
1692189960,1902.81,146
1692190020,1902.53,188
1692190080,1902.54,177
1692190140,1901.07,240
1692190200,1900.64,213
1692190260,1901.12,218
1692190320,1901.76,215
1692190380,1901.03,205
1692190440,1902.04,200
1692190500,1902.32,170
1692190560,1902.22,162
1692190620,1902.29,178
1692190680,1901.65,182
1692190740,1900.80,243
1692190800,1901.02,284
1692190860,1901.14,214
1692190920,1901.12,214
1692190980,1901.43,172
1692191040,1902.06,231
1692191100,1901.78,193
1692191160,1901.74,176
1692191220,1902.03,140
1692191280,1902.39,170
1692191340,1901.73,162
1692191400,1901.73,158
1692191460,1900.98,180
1692191520,1901.63,168
1692191580,1901.06,157
1692191640,1900.92,158
1692191700,1901.70,292
1692191760,1902.39,272
1692191820,1902.20,222
1692191880,1902.18,204
1692191940,1902.58,199
1692192000,1902.56,189
1692192060,1902.75,163
1692192120,1902.60,222
1692192180,1902.70,215
1692192240,1903.25,191
1692192300,1903.72,180
1692192360,1903.31,180
1692192420,1903.86,145
1692192480,1904.03,183
1692192540,1903.24,214
1692192600,1903.50,245
1692192660,1903.30,228
1692192720,1903.13,241
1692192780,1903.38,232
1692192840,1902.70,208
1692192900,1903.44,285
1692192960,1904.00,284
1692193020,1904.85,301
1692193080,1905.66,307
1692193140,1905.60,295
1692193200,1905.46,282
1692193260,1905.52,286
1692193320,1905.42,262
1692193380,1905.05,240
1692193440,1905.03,258
1692193500,1904.50,232
1692193560,1905.00,222
1692193620,1905.40,258
1692193680,1905.72,297
1692193740,1905.97,297
1692193800,1906.35,250
1692193860,1905.96,254
1692193920,1905.33,228
1692193980,1904.68,227
1692194040,1904.57,217
1692194100,1904.26,250
1692194160,1903.76,244
1692194220,1904.19,234
1692194280,1904.53,247
1692194340,1904.23,293
1692194400,1903.57,283
1692194460,1903.63,313
1692194520,1904.59,253
1692194580,1903.46,224
1692194640,1903.88,204
1692194700,1904.83,242
1692194760,1905.56,219
1692194820,1904.99,273
1692194880,1904.69,214
1692194940,1903.88,242
1692195000,1904.06,234
1692195060,1904.08,220
1692195120,1903.97,234
1692195180,1903.82,199
1692195240,1904.03,197
1692195300,1903.99,224
1692195360,1903.82,258
1692195420,1904.05,228
1692195480,1904.47,176
1692195540,1904.52,186
1692195600,1904.55,180
1692195660,1904.66,198
1692195720,1905.22,180
1692195780,1904.65,193
1692195840,1904.57,223
1692195900,1904.36,162
1692195960,1904.26,178
1692196020,1904.97,225
1692196080,1905.06,183
1692196140,1904.80,172
1692196200,1904.80,204
1692196260,1904.59,215
1692196320,1904.48,166
1692196380,1904.02,216
1692196440,1903.71,194
1692196500,1904.01,208
1692196560,1903.96,148
1692196620,1903.63,178
1692196680,1903.98,168
1692196740,1904.08,160
1692196800,1903.92,146
1692196860,1903.99,180
1692196920,1904.54,172
1692196980,1904.75,205
1692197040,1904.52,173
1692197100,1903.87,203
1692197160,1903.75,174
1692197220,1903.92,186
1692197280,1904.11,196
1692197340,1903.91,200
1692197400,1903.72,130
1692197460,1903.86,155
1692197520,1903.68,179
1692197580,1904.15,184
1692197640,1904.07,114
1692197700,1903.92,188
1692197760,1904.21,186
1692197820,1904.27,118
1692197880,1904.93,180
1692197940,1904.67,212
1692198000,1904.18,230
1692198060,1903.86,118
1692198120,1904.25,166
1692198180,1904.45,180
1692198240,1904.67,179
1692198300,1904.38,186
1692198360,1904.37,159
1692198420,1904.15,189
1692198480,1903.68,166
1692198540,1903.84,166
1692198600,1903.20,185
1692198660,1903.53,197
1692198720,1903.88,176
1692198780,1903.60,142
1692198840,1903.80,140
1692198900,1903.88,146
1692198960,1903.53,158
1692199020,1903.68,150
1692199080,1904.02,186
1692199140,1904.11,148
1692199200,1904.07,194
1692199260,1903.82,161
1692199320,1903.65,167
1692199380,1903.82,146
1692199440,1904.20,148
1692199500,1903.92,96
1692199560,1903.53,144
1692199620,1903.54,86
1692199680,1903.42,140
1692199740,1903.14,170
1692199800,1902.94,160
1692199860,1902.75,187
1692199920,1902.58,121
1692199980,1902.60,165
1692200040,1902.74,133
1692200100,1902.44,148
1692200160,1902.96,132
1692200220,1903.22,167
1692200280,1903.06,179
1692200340,1903.11,116
1692200400,1903.04,165
1692200460,1902.69,143
1692200520,1902.49,186
1692200580,1902.50,149
1692200640,1902.14,119
1692200700,1902.03,164
1692200760,1901.75,134
1692200820,1901.76,176
1692200880,1901.67,205
1692200940,1901.83,172
1692201000,1902.01,137
1692201060,1902.16,115
1692201120,1902.27,110
1692201180,1902.47,138
1692201240,1902.78,146
1692201300,1902.84,133
1692201360,1902.37,152
1692201420,1902.39,134
1692201480,1902.18,82
1692201540,1901.98,139
1692201600,1901.91,113
1692201660,1902.41,148
1692201720,1902.35,151
1692201780,1902.09,171
1692201840,1901.97,188
1692201900,1901.91,146
1692201960,1901.45,96
1692202020,1901.26,134
1692202080,1901.34,132
1692202140,1900.97,104
1692202200,1901.05,175
1692202260,1901.32,190
1692202320,1901.07,116
1692202380,1901.01,140
1692202440,1901.07,155
1692202500,1900.76,144
1692202560,1900.78,160
1692202620,1900.74,166
1692202680,1900.74,164
1692202740,1900.45,96
1692202800,1900.28,150
1692202860,1900.25,126
1692202920,1900.32,134
1692202980,1900.18,157
1692203040,1900.25,111
1692203100,1900.04,133
1692203160,1900.00,78
1692203220,1899.83,159
1692203280,1899.48,117
1692203340,1899.76,162
1692203400,1900.05,196
1692203460,1900.16,109
1692203520,1900.06,139
1692203580,1899.56,133
1692203640,1899.57,143
1692203700,1899.16,147
1692203760,1899.51,106
1692203820,1900.06,169
1692203880,1899.86,129
1692203940,1899.94,93
1692204000,1900.09,116
1692204060,1900.66,123
1692204120,1900.73,105
1692204180,1900.75,134
1692204240,1900.34,136
1692204300,1900.00,95
1692204360,1900.04,136
1692204420,1899.93,93
1692204480,1899.99,128
1692204540,1899.98,126
1692204600,1899.96,113
1692204660,1899.69,99
1692204720,1899.20,109
1692204780,1898.94,178
1692204840,1899.02,158
1692204900,1899.36,134
1692204960,1899.16,128
1692205020,1899.38,125
1692205080,1899.18,108
1692205140,1899.48,94
1692205200,1899.35,87
1692205260,1899.14,123
1692205320,1898.75,124
1692205380,1898.16,194
1692205440,1898.62,172
1692205500,1898.18,166
1692205560,1898.37,132
1692205620,1898.20,110
1692205680,1898.14,122
1692205740,1898.23,143
1692205800,1898.24,137
1692205860,1899.11,150
1692205920,1898.70,122
1692205980,1899.03,104
1692206040,1899.12,85
1692206100,1899.45,68
1692206160,1899.41,88
1692206220,1899.04,90
1692206280,1898.74,90
1692206340,1898.74,114
1692206400,1899.09,139
1692206460,1899.06,64
1692206520,1899.14,88
1692206580,1898.94,134
1692206640,1899.02,88
1692206700,1898.91,106
1692206760,1898.64,111
1692206820,1898.40,96
1692206880,1898.10,129
1692206940,1897.80,146
1692207000,1898.26,147
1692207060,1898.06,99
1692207120,1898.44,126
1692207180,1898.14,171
1692207240,1898.02,140
1692207300,1898.15,126
1692207360,1897.86,100
1692207420,1897.23,138
1692207480,1897.44,182
1692207540,1897.18,161
1692207600,1897.44,158
1692207660,1897.36,151
1692207720,1897.47,107
1692207780,1897.96,97
1692207840,1898.09,68
1692207900,1897.57,166
1692207960,1897.61,138
1692208020,1897.86,94
1692208080,1897.85,113
1692208140,1897.70,109
1692208200,1897.59,105
1692208260,1897.69,96
1692208320,1897.65,65
1692208380,1897.55,72
1692208440,1897.79,66
1692208500,1897.81,107
1692208560,1898.25,123
1692208620,1898.07,127
1692208680,1898.24,124
1692208740,1898.34,182
1692208800,1897.60,290
1692208860,1898.28,247
1692208920,1896.82,269
1692208980,1896.82,326
1692209040,1896.49,224
1692209100,1897.12,235
1692209160,1896.71,183
1692209220,1897.04,239
1692209280,1896.37,206
1692209340,1895.91,197
1692209400,1895.82,223
1692209460,1895.48,212
1692209520,1895.89,221
1692209580,1896.65,239
1692209640,1896.84,177
1692209700,1897.38,180
1692209760,1897.84,138
1692209820,1898.04,184
1692209880,1897.62,166
1692209940,1897.60,146
1692210000,1898.99,208
1692210060,1899.26,250
1692210120,1898.98,208
1692210180,1899.07,206
1692210240,1898.69,176
1692210300,1898.20,174
1692210360,1897.72,216
1692210420,1897.82,160
1692210480,1897.97,154
1692210540,1898.04,150
1692210600,1898.61,156
1692210660,1898.14,178
1692210720,1897.84,140
1692210780,1897.64,122
1692210840,1897.84,138
1692210900,1897.38,146
1692210960,1897.12,150
1692211020,1897.18,134
1692211080,1897.08,108
1692211140,1897.30,86
1692211200,1896.77,150
1692211260,1896.53,118
1692211320,1896.52,162
1692211380,1896.04,138
1692211440,1896.23,138
1692211500,1896.22,152
1692211560,1895.96,94
1692211620,1895.82,102
1692211680,1895.86,132
1692211740,1895.70,166
1692211800,1895.32,140
1692211860,1894.92,192
1692211920,1895.12,142
1692211980,1895.43,124
1692212040,1895.32,128
1692212100,1894.70,200
1692212160,1894.96,92
1692212220,1894.95,118
1692212280,1894.90,142
1692212340,1895.02,192
1692212400,1895.00,152
1692212460,1894.82,128
1692212520,1895.13,118
1692212580,1895.34,138
1692212640,1895.26,156
1692212700,1894.92,112
1692212760,1895.03,112
1692212820,1894.88,98
1692212880,1894.65,128
1692212940,1894.61,128
1692213000,1894.40,133
1692213060,1894.47,114
1692213120,1894.53,85
1692213180,1894.44,87
1692213240,1894.07,246
1692213300,1893.48,134
1692213360,1893.42,142
1692213420,1893.57,106
1692213480,1893.42,144
1692213540,1893.24,106
1692213600,1894.09,204
1692213660,1894.41,212
1692213720,1894.72,186
1692213780,1893.96,160
1692213840,1893.88,104
1692213900,1893.73,174
1692213960,1893.82,132
1692214020,1893.71,118
1692214080,1893.42,132
1692214140,1892.96,182
1692214200,1892.84,158
1692214260,1893.12,154
1692214320,1893.28,100
1692214380,1894.08,93
1692214440,1893.94,130
1692214500,1893.79,140
1692214560,1893.23,130
1692214620,1893.05,122
1692214680,1892.70,114
1692214740,1892.81,90
1692214800,1892.60,112
1692214860,1892.61,104
1692214920,1892.84,164
1692214980,1892.86,112
1692215040,1892.63,102
1692215100,1892.98,116
1692215160,1892.75,63
1692215220,1892.92,88
1692215280,1892.64,98
1692215340,1892.54,78
1692215400,1892.12,144
1692215460,1892.21,170
1692215520,1891.92,120
1692215580,1892.34,90
1692215640,1892.32,102
1692215700,1892.25,91
1692215760,1892.30,63
1692215820,1892.25,93
1692215880,1892.32,116
1692215940,1892.22,167
1692216000,1892.19,116
1692216060,1892.37,71
1692216120,1892.72,40
1692216180,1893.00,74
1692216240,1893.06,73
1692216300,1892.56,82
1692216360,1892.61,68
1692216420,1892.64,58
1692216480,1892.69,64
1692216540,1892.85,41
1692216600,1892.82,62
1692216660,1892.63,60
1692216720,1892.90,56
1692216780,1893.06,62
1692216840,1893.09,45
1692216900,1893.15,26
1692216960,1893.18,24
1692217020,1893.20,12
1692217080,1892.90,69
1692217140,1892.91,72
1692217200,1892.98,40
1692217260,1892.88,28
1692217320,1893.20,70
1692217380,1892.90,52
1692217440,1892.98,34
1692217500,1893.62,61
1692217560,1893.62,39
1692217620,1893.64,14
1692217680,1893.50,24
1692217740,1893.66,36
1692217800,1893.60,55
1692217860,1893.39,27
1692217920,1893.24,43
1692217980,1893.16,20
1692218040,1893.04,33
1692218100,1893.16,52
1692218160,1892.76,32
1692218220,1892.75,52
1692218280,1892.77,50
1692218340,1892.90,26
1692218400,1892.92,40
1692218460,1893.01,33
1692218520,1892.97,29
1692218580,1893.00,21
1692218640,1892.87,50
1692218700,1892.88,48
1692218760,1893.08,37
1692218820,1892.88,38
1692218880,1892.91,42
1692218940,1892.59,55
1692219000,1892.81,64
1692219060,1892.91,50
1692219120,1892.79,25
1692219180,1892.69,17
1692219240,1892.48,62
1692219300,1892.09,48
1692219360,1892.39,45
1692223320,1894.23,158
1692223380,1894.35,146
1692223440,1894.22,76
1692223500,1894.55,68
1692223560,1894.48,62
1692223620,1894.65,55
1692223680,1894.68,70
1692223740,1894.72,36
1692223800,1894.71,36
1692223860,1894.72,73
1692223920,1894.74,64
1692223980,1894.62,43
1692224040,1894.81,53
1692224100,1894.86,57
1692224160,1894.56,39
1692224220,1894.50,39
1692224280,1894.59,17
1692224340,1894.41,58
1692224400,1894.49,53
1692224460,1894.45,39
1692224520,1894.61,35
1692224580,1894.74,24
1692224640,1894.62,45
1692224700,1894.63,31
1692224760,1894.51,27
1692224820,1894.67,18
1692224880,1894.60,33
1692224940,1894.48,28
1692225000,1894.50,26
1692225060,1894.34,57
1692225120,1894.48,46
1692225180,1894.72,49
1692225240,1894.78,34
1692225300,1894.34,48
1692225360,1894.40,11
1692225420,1894.37,8
1692225480,1894.36,6
1692225540,1894.31,23
1692225600,1894.31,14
1692225660,1894.33,8
1692225720,1894.40,7
1692225780,1894.41,2
1692225840,1894.55,9
1692225900,1894.38,18
1692225960,1894.54,24
1692226020,1894.56,10
1692226080,1894.62,14
1692226140,1894.56,16
1692226200,1894.58,19
1692226260,1894.45,17
1692226320,1894.46,14
1692226380,1894.45,10
1692226440,1894.45,8
1692226500,1894.44,6
1692226560,1894.34,10
1692226620,1894.42,9
1692226680,1894.33,15
1692226740,1894.40,33
1692226800,1893.68,109
1692226860,1894.00,140
1692226920,1893.74,94
1692226980,1893.60,56
1692227040,1893.97,42
1692227100,1894.10,39
1692227160,1893.90,92
1692227220,1894.08,70
1692227280,1894.03,60
1692227340,1893.94,30
1692227400,1894.08,53
1692227460,1893.80,22
1692227520,1893.64,22
1692227580,1893.89,42
1692227640,1893.46,90
1692227700,1893.82,38
1692227760,1893.86,24
1692227820,1893.86,20
1692227880,1893.76,13
1692227940,1893.66,73
1692228000,1893.46,42
1692228060,1893.58,28
1692228120,1893.46,48
1692228180,1893.44,34
1692228240,1893.34,36
1692228300,1893.20,41
1692228360,1893.14,48
1692228420,1893.03,169
1692228480,1892.98,48
1692228540,1892.74,66
1692228600,1892.77,116
1692228660,1892.62,86
1692228720,1892.66,124
1692228780,1893.15,134
1692228840,1893.45,106
1692228900,1893.40,52
1692228960,1893.14,78
1692229020,1893.01,48
1692229080,1892.85,46
1692229140,1893.00,28
1692229200,1892.96,18
1692229260,1892.34,72
1692229320,1893.03,128
1692229380,1893.32,96
1692229440,1893.18,130
1692229500,1893.46,100
1692229560,1893.64,110
1692229620,1893.78,86
1692229680,1893.80,78
1692229740,1893.84,72
1692229800,1893.73,27
1692229860,1893.70,55
1692229920,1893.40,94
1692229980,1893.59,19
1692230040,1893.36,106
1692230100,1893.46,74
1692230160,1893.35,42
1692230220,1893.26,19
1692230280,1893.22,31
1692230340,1893.36,43
1692230400,1893.02,52
1692230460,1892.66,74
1692230520,1892.33,68
1692230580,1892.27,116
1692230640,1892.38,98
1692230700,1892.30,56
1692230760,1892.28,73
1692230820,1892.27,78
1692230880,1892.34,66
1692230940,1892.45,58
1692231000,1892.30,89
1692231060,1892.20,68
1692231120,1892.72,98
1692231180,1893.06,96
1692231240,1893.03,40
1692231300,1892.80,57
1692231360,1892.88,49
1692231420,1892.87,64
1692231480,1892.72,46
1692231540,1892.55,44
1692231600,1892.68,90
1692231660,1892.71,55
1692231720,1893.02,68
1692231780,1892.95,70
1692231840,1893.10,46
1692231900,1893.04,38
1692231960,1892.76,55
1692232020,1892.39,60
1692232080,1892.80,64
1692232140,1892.93,72
1692232200,1892.79,74
1692232260,1892.71,44
1692232320,1892.86,52
1692232380,1892.80,92
1692232440,1892.74,48
1692232500,1892.87,60
1692232560,1892.97,56
1692232620,1892.66,44
1692232680,1892.65,46
1692232740,1892.30,94
1692232800,1892.40,77
1692232860,1892.45,59
1692232920,1892.42,50
1692232980,1892.24,71
1692233040,1892.16,62
1692233100,1891.84,31
1692233160,1891.74,82
1692233220,1891.60,77
1692233280,1891.82,108
1692233340,1891.74,96
1692233400,1891.22,94
1692233460,1891.30,100
1692233520,1891.53,68
1692233580,1891.82,78
1692233640,1891.80,77
1692233700,1891.86,74
1692233760,1892.14,88
1692233820,1892.21,76
1692233880,1892.40,80
1692233940,1892.82,129
1692234000,1892.58,230
1692234060,1892.15,170
1692234120,1891.62,180
1692234180,1891.69,174
1692234240,1891.56,124
1692234300,1891.71,139
1692234360,1891.76,134
1692234420,1891.65,107
1692234480,1891.63,84
1692234540,1891.60,47
1692234600,1891.50,67
1692234660,1891.12,99
1692234720,1890.86,133
1692234780,1890.86,147
1692234840,1891.35,104
1692234900,1891.93,212
1692234960,1892.10,171
1692235020,1891.80,112
1692235080,1891.99,168
1692235140,1891.78,135
1692235200,1891.52,104
1692235260,1891.29,122
1692235320,1891.35,122
1692235380,1891.24,140
1692235440,1891.44,129
1692235500,1891.65,80
1692235560,1890.78,108
1692235620,1890.55,145
1692235680,1890.35,146
1692235740,1890.10,139
1692235800,1890.13,253
1692235860,1890.28,224
1692235920,1890.29,157
1692235980,1890.95,158
1692236040,1890.53,196
1692236100,1890.70,171
1692236160,1890.71,128
1692236220,1890.84,174
1692236280,1891.23,119
1692236340,1892.06,210
1692236400,1892.26,171
1692236460,1892.54,130
1692236520,1892.58,156
1692236580,1892.55,180
1692236640,1892.76,135
1692236700,1892.76,116
1692236760,1892.94,144
1692236820,1892.77,136
1692236880,1892.38,122
1692236940,1892.00,153
1692237000,1892.16,116
1692237060,1891.86,93
1692237120,1892.24,133
1692237180,1892.04,113
1692237240,1892.16,106
1692237300,1892.34,112
1692237360,1892.48,126
1692237420,1892.99,98
1692237480,1892.85,83
1692237540,1892.72,95
1692237600,1892.42,129
1692237660,1892.86,122
1692237720,1892.85,92
1692237780,1892.88,94
1692237840,1893.03,118
1692237900,1893.06,126
1692237960,1892.82,112
1692238020,1892.65,79
1692238080,1892.50,73
1692238140,1892.33,79
1692238200,1892.57,123
1692238260,1893.18,122
1692238320,1893.26,74
1692238380,1892.46,102
1692238440,1892.54,73
1692238500,1892.28,56
1692238560,1892.61,94
1692238620,1892.88,85
1692238680,1892.95,64
1692238740,1893.05,62
1692238800,1893.11,91
1692238860,1893.15,59
1692238920,1893.15,60
1692238980,1893.54,94
1692239040,1893.31,85
1692239100,1893.03,72
1692239160,1892.92,48
1692239220,1892.93,43
1692239280,1893.10,52
1692239340,1893.08,47
1692239400,1893.33,132
1692239460,1893.02,104
1692239520,1893.12,130
1692239580,1892.76,92
1692239640,1892.75,59
1692239700,1892.42,86
1692239760,1892.72,67
1692239820,1892.55,55
1692239880,1892.50,72
1692239940,1892.92,110
1692240000,1892.64,94
1692240060,1892.89,83
1692240120,1892.67,74
1692240180,1892.90,65
1692240240,1893.02,84
1692240300,1893.10,82
1692240360,1893.11,93
1692240420,1892.96,92
1692240480,1893.30,86
1692240540,1893.44,91
1692240600,1893.48,154
1692240660,1893.27,116
1692240720,1893.71,85
1692240780,1893.61,89
1692240840,1893.63,79
1692240900,1893.22,136
1692240960,1893.20,76
1692241020,1893.46,75
1692241080,1893.79,107
1692241140,1893.72,100
1692241200,1893.70,103
1692241260,1893.62,87
1692241320,1893.68,102
1692241380,1893.90,114
1692241440,1893.55,87
1692241500,1893.55,78
1692241560,1893.39,65
1692241620,1893.50,87
1692241680,1893.55,69
1692241740,1893.54,100
1692241800,1893.71,63
1692241860,1893.19,134
1692241920,1893.22,76
1692241980,1893.15,98
1692242040,1892.78,81
1692242100,1892.96,68
1692242160,1893.06,57
1692242220,1892.84,74
1692242280,1892.94,67
1692242340,1893.16,56
1692242400,1893.32,42
1692242460,1893.22,66
1692242520,1893.14,90
1692242580,1893.13,84
1692242640,1893.46,89
1692242700,1893.55,87
1692242760,1893.47,57
1692242820,1893.34,36
1692242880,1893.49,48
1692242940,1893.40,67
1692243000,1893.53,62
1692243060,1893.51,51
1692243120,1893.48,31
1692243180,1893.50,26
1692243240,1893.46,40
1692243300,1893.26,50
1692243360,1893.28,34
1692243420,1893.09,74
1692243480,1893.08,56
1692243540,1893.10,51
1692243600,1893.05,44
1692243660,1892.81,58
1692243720,1892.80,32
1692243780,1892.84,39
1692243840,1892.91,27
1692243900,1892.91,46
1692243960,1892.89,48
1692244020,1892.76,31
1692244080,1892.84,29
1692244140,1892.74,26
1692244200,1892.69,51
1692244260,1892.54,66
1692244320,1892.72,63
1692244380,1892.52,61
1692244440,1892.72,59
1692244500,1892.84,51
1692244560,1892.94,27
1692244620,1892.85,45
1692244680,1892.50,65
1692244740,1892.73,40
1692244800,1892.83,24
1692244860,1892.41,48
1692244920,1892.48,23
1692244980,1892.64,46
1692245040,1892.47,47
1692245100,1892.40,47
1692245160,1892.40,36
1692245220,1892.53,50
1692245280,1892.69,39
1692245340,1892.83,31
1692245400,1892.76,32
1692245460,1892.80,26
1692245520,1892.72,30
1692245580,1892.83,20
1692245640,1892.99,40
1692245700,1892.99,32
1692245760,1893.00,34
1692245820,1893.03,44
1692245880,1893.11,59
1692245940,1893.12,35
1692246000,1893.12,21
1692246060,1892.91,24
1692246120,1892.96,33
1692246180,1893.11,29
1692246240,1893.12,41
1692246300,1893.02,28
1692246360,1893.24,26
1692246420,1893.27,12
1692246480,1893.42,31
1692246540,1893.37,42
1692246600,1893.31,23
1692246660,1893.37,21
1692246720,1893.26,36
1692246780,1893.04,14
1692246840,1892.99,48
1692246900,1893.24,31
1692246960,1893.29,33
1692247020,1893.12,25
1692247080,1893.21,16
1692247140,1893.24,24
1692247200,1893.29,22
1692247260,1893.31,14
1692247320,1893.32,10
1692247380,1893.31,41
1692247440,1893.45,29
1692247500,1893.50,33
1692247560,1893.62,25
1692247620,1893.71,27
1692247680,1893.75,35
1692247740,1893.78,19
1692247800,1893.82,39
1692247860,1893.75,38
1692247920,1893.67,33
1692247980,1893.76,11
1692248040,1893.91,27
1692248100,1893.88,18
1692248160,1893.81,38
1692248220,1893.74,57
1692248280,1893.72,37
1692248340,1893.82,33
1692248400,1893.58,87
1692248460,1893.69,62
1692248520,1893.96,40
1692248580,1893.75,58
1692248640,1893.64,57
1692248700,1893.63,56
1692248760,1893.64,32
1692248820,1893.70,32
1692248880,1893.50,48
1692248940,1893.55,66
1692249000,1893.49,32
1692249060,1893.39,35
1692249120,1893.51,51
1692249180,1893.62,45
1692249240,1893.96,45
1692249300,1893.74,52
1692249360,1893.71,27
1692249420,1893.78,16
1692249480,1893.72,16
1692249540,1893.71,22
1692249600,1893.62,44
1692249660,1893.74,64
1692249720,1893.79,47
1692249780,1893.57,46
1692249840,1893.59,51
1692249900,1893.69,45
1692249960,1893.71,24
1692250020,1893.69,38
1692250080,1893.66,16
1692250140,1893.53,22
1692250200,1892.86,112
1692250260,1893.34,116
1692250320,1893.14,95
1692250380,1892.78,103
1692250440,1892.73,68
1692250500,1892.84,62
1692250560,1892.62,84
1692250620,1892.64,92
1692250680,1892.98,84
1692250740,1892.56,67
1692250800,1892.23,64
1692250860,1892.52,109
1692250920,1892.44,71
1692250980,1892.45,76
1692251040,1892.29,78
1692251100,1892.57,76
1692251160,1892.72,80
1692251220,1892.53,87
1692251280,1892.60,65
1692251340,1892.48,54
1692251400,1892.42,41
1692251460,1892.79,78
1692251520,1892.80,55
1692251580,1892.77,67
1692251640,1892.74,50
1692251700,1892.71,40
1692251760,1892.89,78
1692251820,1892.89,50
1692251880,1893.45,61
1692251940,1893.47,40
1692252000,1892.83,94
1692252060,1893.08,125
1692252120,1893.28,111
1692252180,1893.51,121
1692252240,1893.56,90
1692252300,1893.21,93
1692252360,1893.25,104
1692252420,1893.98,105
1692252480,1893.99,102
1692252540,1893.92,115
1692252600,1893.72,139
1692252660,1893.57,82
1692252720,1893.62,66
1692252780,1893.46,87
1692252840,1893.51,86
1692252900,1893.70,127
1692252960,1893.41,105
1692253020,1893.76,89
1692253080,1893.69,76
1692253140,1894.08,64
1692253200,1894.39,99
1692253260,1894.36,70
1692253320,1894.38,84
1692253380,1894.59,139
1692253440,1894.62,144
1692253500,1894.45,105
1692253560,1894.09,84
1692253620,1894.29,130
1692253680,1894.40,160
1692253740,1894.64,108
1692253800,1894.45,130
1692253860,1894.87,122
1692253920,1894.92,93
1692253980,1894.70,132
1692254040,1894.95,82
1692254100,1895.27,119
1692254160,1895.28,132
1692254220,1895.13,94
1692254280,1895.26,110
1692254340,1895.93,126
1692254400,1895.76,166
1692254460,1895.80,101
1692254520,1896.14,124
1692254580,1896.59,133
1692254640,1896.45,139
1692254700,1896.05,159
1692254760,1895.96,158
1692254820,1896.12,166
1692254880,1896.12,166
1692254940,1896.14,81
1692255000,1896.02,118
1692255060,1896.30,116
1692255120,1895.99,89
1692255180,1896.35,112
1692255240,1896.46,111
1692255300,1896.60,137
1692255360,1896.61,109
1692255420,1896.31,120
1692255480,1896.60,85
1692255540,1897.40,120
1692255600,1897.02,236
1692255660,1896.82,172
1692255720,1897.30,155
1692255780,1897.14,139
1692255840,1897.22,171
1692255900,1897.44,146
1692255960,1896.96,141
1692256020,1896.39,149
1692256080,1896.35,117
1692256140,1896.39,132
1692256200,1895.97,108
1692256260,1896.60,131
1692256320,1896.71,116
1692256380,1896.76,123
1692256440,1896.86,137
1692256500,1896.57,108
1692256560,1896.62,150
1692256620,1896.40,101
1692256680,1896.88,138
1692256740,1897.16,133
1692256800,1897.43,106
1692256860,1897.24,120
1692256920,1896.74,151
1692256980,1896.64,105
1692257040,1896.34,110
1692257100,1896.00,83
1692257160,1895.77,80
1692257220,1895.79,60
1692257280,1896.22,82
1692257340,1895.99,107
1692257400,1895.88,130
1692257460,1895.91,114
1692257520,1895.74,84
1692257580,1895.75,30
1692257640,1895.48,98
1692257700,1895.83,108
1692257760,1895.94,125
1692257820,1896.06,113
1692257880,1896.04,74
1692257940,1895.92,82
1692258000,1895.78,170
1692258060,1895.87,81
1692258120,1895.83,72
1692258180,1895.98,80
1692258240,1896.12,95
1692258300,1896.00,81
1692258360,1896.02,86
1692258420,1895.96,68
1692258480,1896.58,106
1692258540,1896.63,85
1692258600,1896.09,85
1692258660,1895.70,98
1692258720,1895.78,100
1692258780,1895.90,106
1692258840,1896.19,109
1692258900,1896.50,130
1692258960,1896.47,95
1692259020,1896.44,79
1692259080,1896.53,106
1692259140,1896.47,104
1692259200,1896.11,132
1692259260,1895.92,125
1692259320,1895.73,84
1692259380,1896.03,66
1692259440,1896.12,108
1692259500,1896.09,86
1692259560,1895.92,85
1692259620,1895.91,101
1692259680,1895.90,88
1692259740,1895.91,84
1692259800,1895.75,110
1692259860,1895.53,140
1692259920,1895.44,102
1692259980,1895.59,142
1692260040,1895.47,124
1692260100,1895.51,94
1692260160,1896.05,101
1692260220,1895.90,109
1692260280,1896.14,79
1692260340,1896.56,74
1692260400,1896.25,62
1692260460,1895.78,93
1692260520,1895.74,74
1692260580,1895.83,84
1692260640,1896.02,108
1692260700,1895.96,63
1692260760,1895.74,116
1692260820,1895.75,110
1692260880,1895.67,94
1692260940,1895.71,76
1692261000,1895.41,98
1692261060,1895.34,82
1692261120,1895.71,93
1692261180,1895.60,54
1692261240,1895.68,88
1692261300,1895.70,76
1692261360,1895.91,92
1692261420,1895.96,86
1692261480,1896.08,44
1692261540,1895.71,68
1692261600,1895.76,36
1692261660,1895.58,69
1692261720,1895.62,71
1692261780,1895.54,60
1692261840,1895.33,73
1692261900,1895.19,49
1692261960,1895.32,93
1692262020,1895.00,70
1692262080,1895.03,59
1692262140,1895.34,106
1692262200,1895.53,72
1692262260,1895.27,82
1692262320,1895.02,60
1692262380,1894.70,88
1692262440,1894.61,84
1692262500,1894.61,77
1692262560,1893.94,112
1692262620,1893.98,147
1692262680,1894.06,144
1692262740,1893.99,138
1692262800,1893.85,113
1692262860,1894.08,96
1692262920,1893.86,140
1692262980,1894.00,48
1692263040,1894.03,104
1692263100,1893.98,78
1692263160,1894.13,87
1692263220,1894.12,98
1692263280,1893.92,110
1692263340,1893.85,68
1692263400,1893.90,101
1692263460,1894.06,43
1692263520,1894.17,110
1692263580,1894.20,126
1692263640,1894.08,104
1692263700,1893.76,121
1692263760,1894.00,79
1692263820,1894.04,72
1692263880,1894.30,97
1692263940,1894.36,120
1692264000,1894.44,88
1692264060,1894.33,99
1692264120,1894.07,90
1692264180,1894.38,106
1692264240,1894.64,67
1692264300,1894.58,78
1692264360,1894.47,83
1692264420,1894.26,83
1692264480,1893.91,83
1692264540,1893.86,66
1692264600,1893.98,84
1692264660,1894.02,104
1692264720,1893.95,56
1692264780,1893.80,107
1692264840,1893.86,70
1692264900,1893.97,50
1692264960,1893.88,51
1692265020,1894.15,93
1692265080,1894.28,93
1692265140,1894.22,92
1692265200,1894.04,137
1692265260,1894.25,84
1692265320,1894.32,89
1692265380,1894.41,92
1692265440,1894.65,78
1692265500,1894.78,67
1692265560,1894.92,108
1692265620,1895.26,133
1692265680,1895.20,109
1692265740,1894.84,85
1692265800,1895.17,123
1692265860,1894.92,92
1692265920,1894.94,122
1692265980,1894.76,87
1692266040,1894.82,76
1692266100,1894.88,84
1692266160,1894.93,45
1692266220,1894.87,91
1692266280,1894.82,98
1692266340,1895.27,91
1692266400,1895.58,166
1692266460,1895.71,186
1692266520,1895.79,108
1692266580,1896.08,98
1692266640,1896.48,101
1692266700,1896.45,114
1692266760,1896.26,104
1692266820,1896.72,99
1692266880,1897.18,144
1692266940,1897.06,136
1692267000,1897.45,150
1692267060,1897.72,138
1692267120,1897.56,138
1692267180,1897.50,106
1692267240,1897.38,117
1692267300,1897.46,112
1692267360,1897.34,82
1692267420,1897.74,120
1692267480,1897.88,124
1692267540,1897.80,134
1692267600,1898.04,116
1692267660,1898.84,112
1692267720,1898.54,142
1692267780,1898.67,168
1692267840,1898.60,168
1692267900,1897.90,166
1692267960,1897.54,108
1692268020,1897.16,136
1692268080,1897.09,144
1692268140,1897.11,66
1692268200,1897.10,118
1692268260,1896.66,65
1692268320,1897.08,84
1692268380,1896.84,126
1692268440,1896.83,114
1692268500,1896.78,115
1692268560,1897.20,103
1692268620,1897.00,113
1692268680,1897.03,120
1692268740,1896.98,150
1692268800,1897.06,96
1692268860,1897.20,74
1692268920,1897.64,94
1692268980,1898.04,70
1692269040,1898.06,134
1692269100,1897.90,140
1692269160,1897.84,118
1692269220,1898.06,109
1692269280,1898.06,94
1692269340,1898.00,134
1692269400,1897.58,126
1692269460,1897.85,70
1692269520,1898.18,116
1692269580,1898.18,118
1692269640,1898.48,118
1692269700,1898.31,122
1692269760,1898.33,86
1692269820,1898.26,89
1692269880,1897.92,109
1692269940,1897.92,59
1692270000,1898.12,124
1692270060,1898.13,126
1692270120,1897.74,113
1692270180,1897.75,97
1692270240,1897.92,111
1692270300,1897.54,120
1692270360,1897.09,86
1692270420,1897.23,99
1692270480,1897.48,92
1692270540,1898.04,128
1692270600,1897.76,92
1692270660,1897.68,86
1692270720,1897.74,122
1692270780,1897.74,82
1692270840,1897.65,110
1692270900,1897.77,100
1692270960,1897.29,114
1692271020,1897.68,76
1692271080,1897.77,109
1692271140,1897.77,64
1692271200,1897.58,40
1692271260,1897.90,78
1692271320,1898.38,68
1692271380,1898.44,115
1692271440,1898.58,122
1692271500,1898.30,74
1692271560,1898.44,111
1692271620,1898.35,85
1692271680,1898.27,90
1692271740,1898.26,100
1692271800,1898.37,66
1692271860,1898.30,132
1692271920,1898.74,134
1692271980,1898.34,148
1692272040,1898.66,131
1692272100,1899.42,146
1692272160,1898.71,172
1692272220,1898.41,125
1692272280,1898.42,149
1692272340,1898.45,110
1692272400,1898.23,120
1692272460,1897.62,138
1692272520,1897.94,147
1692272580,1898.04,135
1692272640,1898.60,119
1692272700,1898.22,121
1692272760,1898.80,134
1692272820,1898.65,130
1692272880,1898.71,139
1692272940,1898.94,117
1692273000,1898.54,139
1692273060,1898.62,114
1692273120,1898.54,76
1692273180,1898.96,115
1692273240,1898.84,104
1692273300,1899.00,121
1692273360,1898.96,154
1692273420,1899.06,128
1692273480,1898.90,97
1692273540,1898.89,153
1692273600,1898.70,160
1692273660,1899.29,156
1692273720,1899.57,167
1692273780,1899.46,155
1692273840,1900.28,146
1692273900,1900.22,197
1692273960,1900.16,195
1692274020,1900.38,170
1692274080,1900.13,203
1692274140,1900.00,124
1692274200,1900.22,160
1692274260,1899.35,184
1692274320,1899.50,160
1692274380,1899.70,128
1692274440,1899.37,123
1692274500,1898.97,160
1692274560,1899.27,107
1692274620,1899.49,141
1692274680,1899.29,133
1692274740,1899.08,146
1692274800,1899.10,279
1692274860,1898.88,277
1692274920,1898.75,226
1692274980,1898.79,184
1692275040,1899.10,147
1692275100,1898.94,210
1692275160,1898.99,169
1692275220,1899.48,176
1692275280,1900.24,181
1692275340,1899.66,159
1692275400,1898.91,365
1692275460,1898.09,374
1692275520,1897.21,352
1692275580,1897.77,344
1692275640,1899.10,343
1692275700,1900.36,326
1692275760,1901.32,330
1692275820,1902.41,342
1692275880,1901.19,342
1692275940,1900.00,290
1692276000,1899.74,265
1692276060,1900.14,288
1692276120,1900.96,312
1692276180,1900.20,278
1692276240,1899.44,275
1692276300,1900.08,228
1692276360,1899.89,182
1692276420,1899.21,227
1692276480,1898.80,198
1692276540,1898.58,215
1692276600,1898.61,209
1692276660,1898.76,206
1692276720,1898.91,202
1692276780,1899.26,203
1692276840,1899.11,213
1692276900,1899.30,258
1692276960,1899.53,236
1692277020,1899.48,219
1692277080,1899.52,229
1692277140,1899.55,170
1692277200,1900.22,337
1692277260,1900.64,260
1692277320,1899.54,221
1692277380,1899.34,231
1692277440,1899.89,249
1692277500,1900.84,221
1692277560,1900.93,238
1692277620,1901.25,236
1692277680,1901.86,214
1692277740,1902.16,236
1692277800,1902.66,286
1692277860,1902.21,268
1692277920,1901.70,248
1692277980,1901.41,216
1692278040,1901.80,204
1692278100,1903.06,282
1692278160,1902.43,278
1692278220,1902.77,225
1692278280,1902.75,196
1692278340,1902.32,217
1692278400,1901.86,223
1692278460,1901.79,195
1692278520,1901.48,184
1692278580,1902.24,188
1692278640,1902.36,161
1692278700,1902.40,256
1692278760,1902.68,231
1692278820,1902.74,235
1692278880,1902.70,228
1692278940,1902.42,217
1692279000,1900.87,303
1692279060,1900.27,299
1692279120,1899.36,287
1692279180,1899.00,292
1692279240,1898.72,271
1692279300,1899.20,316
1692279360,1899.23,269
1692279420,1899.28,244
1692279480,1899.38,265
1692279540,1900.08,268
1692279600,1901.28,265
1692279660,1901.96,309
1692279720,1902.24,262
1692279780,1901.40,260
1692279840,1899.45,286
1692279900,1898.23,262
1692279960,1898.08,286
1692280020,1897.46,274
1692280080,1897.47,275
1692280140,1896.42,269
1692280200,1896.74,289
1692280260,1897.36,289
1692280320,1897.20,238
1692280380,1897.60,242
1692280440,1897.64,255
1692280500,1897.61,284
1692280560,1896.61,255
1692280620,1896.60,273
1692280680,1896.06,230
1692280740,1895.99,223
1692280800,1896.23,295
1692280860,1895.66,290
1692280920,1896.14,261
1692280980,1896.60,261
1692281040,1896.95,244
1692281100,1897.02,256
1692281160,1897.29,280
1692281220,1897.17,241
1692281280,1896.95,222
1692281340,1896.42,253
1692281400,1896.53,237
1692281460,1895.99,184
1692281520,1895.78,247
1692281580,1895.70,194
1692281640,1895.91,232
1692281700,1896.77,228
1692281760,1896.63,232
1692281820,1896.09,215
1692281880,1895.57,194
1692281940,1895.82,205
1692282000,1895.77,232
1692282060,1895.86,227
1692282120,1896.14,179
1692282180,1895.84,190
1692282240,1895.33,218
1692282300,1895.61,202
1692282360,1895.91,170
1692282420,1895.16,176
1692282480,1894.57,214
1692282540,1894.58,221
1692282600,1894.69,219
1692282660,1894.63,200
1692282720,1894.38,196
1692282780,1894.09,239
1692282840,1893.97,221
1692282900,1894.30,215
1692282960,1894.05,194
1692283020,1894.15,206
1692283080,1893.88,205
1692283140,1894.22,214
1692283200,1894.44,201
1692283260,1894.67,204
1692283320,1894.66,189
1692283380,1894.68,171
1692283440,1895.15,172
1692283500,1896.08,207
1692283560,1895.19,220
1692283620,1895.23,159
1692283680,1894.86,152
1692283740,1895.07,181
1692283800,1894.92,173
1692283860,1895.24,203
1692283920,1896.14,206
1692283980,1896.11,186
1692284040,1895.50,191
1692284100,1895.06,148
1692284160,1894.77,195
1692284220,1895.13,165
1692284280,1895.29,152
1692284340,1895.43,143
1692284400,1896.01,187
1692284460,1894.98,215
1692284520,1895.65,177
1692284580,1895.29,162
1692284640,1895.80,121
1692284700,1895.43,169
1692284760,1895.81,147
1692284820,1895.57,158
1692284880,1895.48,162
1692284940,1896.27,172
1692285000,1896.03,153
1692285060,1895.66,146
1692285120,1895.21,165
1692285180,1895.20,160
1692285240,1895.26,146
1692285300,1895.50,122
1692285360,1895.81,162
1692285420,1895.22,147
1692285480,1895.07,124
1692285540,1894.77,144
1692285600,1894.92,142
1692285660,1894.79,212
1692285720,1894.64,140
1692285780,1894.53,158
1692285840,1894.20,154
1692285900,1894.00,185
1692285960,1893.58,217
1692286020,1893.59,195
1692286080,1893.84,176
1692286140,1893.79,127
1692286200,1893.94,146
1692286260,1893.12,167
1692286320,1893.00,202
1692286380,1892.99,162
1692286440,1893.17,187
1692286500,1893.01,93
1692286560,1893.41,146
1692286620,1893.29,161
1692286680,1892.98,135
1692286740,1893.08,174
1692286800,1893.44,117
1692286860,1893.60,106
1692286920,1893.56,130
1692286980,1893.06,125
1692287040,1892.72,184
1692287100,1893.16,167
1692287160,1892.91,177
1692287220,1892.04,222
1692287280,1892.02,178
1692287340,1891.96,144
1692287400,1891.36,193
1692287460,1891.30,177
1692287520,1891.26,191
1692287580,1890.97,177
1692287640,1890.90,150
1692287700,1890.48,190
1692287760,1889.96,228
1692287820,1889.74,196
1692287880,1889.36,188
1692287940,1889.52,212
1692288000,1889.62,171
1692288060,1889.82,154
1692288120,1890.02,156
1692288180,1890.19,156
1692288240,1890.41,141
1692288300,1890.62,184
1692288360,1890.58,120
1692288420,1890.13,130
1692288480,1889.65,162
1692288540,1889.58,196
1692288600,1890.06,154
1692288660,1890.35,145
1692288720,1890.30,145
1692288780,1890.12,126
1692288840,1890.03,82
1692288900,1889.56,153
1692288960,1889.90,129
1692289020,1889.94,164
1692289080,1889.92,142
1692289140,1889.55,137
1692289200,1889.63,98
1692289260,1889.77,103
1692289320,1890.26,124
1692289380,1890.52,122
1692289440,1890.83,97
1692289500,1890.95,83
1692289560,1891.18,96
1692289620,1891.04,144
1692289680,1890.91,158
1692289740,1890.70,118
1692289800,1890.80,156
1692289860,1890.75,149
1692289920,1890.55,114
1692289980,1890.40,148
1692290040,1889.98,108
1692290100,1890.15,90
1692290160,1889.80,116
1692290220,1889.79,120
1692290280,1890.01,123
1692290340,1890.24,79
1692290400,1890.02,97
1692290460,1889.75,112
1692290520,1890.08,100
1692290580,1889.79,99
1692290640,1889.66,75
1692290700,1889.20,128
1692290760,1889.01,118
1692290820,1889.18,140
1692290880,1887.99,196
1692290940,1888.48,134
1692291000,1888.60,134
1692291060,1888.36,110
1692291120,1888.18,117
1692291180,1888.19,118
1692291240,1888.08,110
1692291300,1887.98,150
1692291360,1888.02,118
1692291420,1888.00,68
1692291480,1888.28,113
1692291540,1888.45,147
1692291600,1888.38,127
1692291660,1888.06,142
1692291720,1887.10,189
1692291780,1887.93,164
1692291840,1887.46,136
1692291900,1887.28,165
1692291960,1886.69,168
1692292020,1887.08,117
1692292080,1887.02,101
1692292140,1886.68,126
1692292200,1886.34,170
1692292260,1886.37,112
1692292320,1886.10,121
1692292380,1886.06,128
1692292440,1886.08,126
1692292500,1886.40,133
1692292560,1886.62,93
1692292620,1886.78,110
1692292680,1886.80,92
1692292740,1886.90,130
1692292800,1887.14,100
1692292860,1887.10,146
1692292920,1887.04,118
1692292980,1887.30,136
1692293040,1887.18,116
1692293100,1886.80,124
1692293160,1886.22,100
1692293220,1886.23,80
1692293280,1886.19,94
1692293340,1886.04,232
1692293400,1886.14,142
1692293460,1886.24,129
1692293520,1886.04,120
1692293580,1885.63,131
1692293640,1885.32,180
1692293700,1885.26,166
1692293760,1885.16,107
1692293820,1885.71,141
1692293880,1885.82,140
1692293940,1885.83,119
1692294000,1886.03,82
1692294060,1886.17,112
1692294120,1885.80,135
1692294180,1885.72,160
1692294240,1885.85,153
1692294300,1885.77,156
1692294360,1885.96,116
1692294420,1886.34,102
1692294480,1886.14,80
1692294540,1886.63,125
1692294600,1886.60,116
1692294660,1886.98,110
1692294720,1886.68,110
1692294780,1886.52,108
1692294840,1886.82,80
1692294900,1886.75,89
1692294960,1886.75,117
1692295020,1886.76,71
1692295080,1886.64,122
1692295140,1886.18,146
1692295200,1885.94,110
1692295260,1886.18,103
1692295320,1885.78,92
1692295380,1885.65,107
1692295440,1885.85,96
1692295500,1885.70,102
1692295560,1885.10,123
1692295620,1885.48,93
1692295680,1885.81,104
1692295740,1885.70,106
1692295800,1885.49,99
1692295860,1885.38,128
1692295920,1885.70,108
1692295980,1885.72,89
1692296040,1885.46,109
1692296100,1885.46,92
1692296160,1885.53,82
1692296220,1885.67,64
1692296280,1885.26,102
1692296340,1885.37,92
1692296400,1885.65,113
1692296460,1885.68,86
1692296520,1885.70,83
1692296580,1885.69,66
1692296640,1885.58,104
1692296700,1886.14,138
1692296760,1886.45,70
1692296820,1886.61,114
1692296880,1886.71,98
1692296940,1886.48,94
1692297000,1886.57,67
1692297060,1886.38,88
1692297120,1885.65,90
1692297180,1885.51,101
1692297240,1885.54,63
1692297300,1885.19,108
1692297360,1885.36,51
1692297420,1885.24,68
1692297480,1885.36,69
1692297540,1885.22,52
1692297600,1885.34,98
1692297660,1885.45,66
1692297720,1885.51,84
1692297780,1885.64,107
1692297840,1885.52,92
1692297900,1885.63,84
1692297960,1886.04,109
1692298020,1886.11,88
1692298080,1886.58,82
1692298140,1886.24,66
1692298200,1886.46,83
1692298260,1886.40,100
1692298320,1886.36,98
1692298380,1886.21,84
1692298440,1886.22,72
1692298500,1886.43,136
1692298560,1886.60,108
1692298620,1886.74,118
1692298680,1886.83,102
1692298740,1886.62,146
1692298800,1886.83,114
1692298860,1887.39,124
1692298920,1887.81,139
1692298980,1887.50,124
1692299040,1888.02,138
1692299100,1888.33,144
1692299160,1888.21,110
1692299220,1888.10,99
1692299280,1888.32,106
1692299340,1888.47,101
1692299400,1888.39,101
1692299460,1888.00,98
1692299520,1887.84,115
1692299580,1887.85,110
1692299640,1888.23,74
1692299700,1888.52,150
1692299760,1888.58,136
1692299820,1889.34,166
1692299880,1889.19,138
1692299940,1888.87,114
1692300000,1888.34,146
1692300060,1888.32,106
1692300120,1888.12,76
1692300180,1888.46,110
1692300240,1888.81,116
1692300300,1888.39,144
1692300360,1888.50,86
1692300420,1888.62,97
1692300480,1888.85,128
1692300540,1888.62,110
1692300600,1888.74,112
1692300660,1888.85,78
1692300720,1888.40,108
1692300780,1888.54,104
1692300840,1888.65,65
1692300900,1888.44,84
1692300960,1888.49,77
1692301020,1888.70,70
1692301080,1888.88,84
1692301140,1888.94,71
1692301200,1888.79,81
1692301260,1888.94,58
1692301320,1889.10,78
1692301380,1888.92,73
1692301440,1888.72,51
1692301500,1889.04,92
1692301560,1889.33,86
1692301620,1889.56,86
1692301680,1889.62,112
1692301740,1889.14,119
1692301800,1889.80,128
1692301860,1889.55,150
1692301920,1889.38,100
1692301980,1889.31,102
1692302040,1889.33,126
1692302100,1889.34,112
1692302160,1888.98,98
1692302220,1888.95,114
1692302280,1888.70,178
1692302340,1889.10,170
1692302400,1888.78,108
1692302460,1888.77,57
1692302520,1888.96,64
1692302580,1889.14,34
1692302640,1889.23,18
1692302700,1889.22,56
1692302760,1889.20,28
1692302820,1889.21,38
1692302880,1889.26,38
1692302940,1889.27,21
1692303000,1889.24,35
1692303060,1889.33,36
1692303120,1889.45,21
1692303180,1889.31,41
1692303240,1889.29,25
1692303300,1889.42,34
1692303360,1889.38,14
1692303420,1889.14,28
1692303480,1889.19,21
1692303540,1888.98,41
1692303600,1889.04,38
1692303660,1889.15,22
1692303720,1889.09,34
1692303780,1888.88,29
1692303840,1888.79,26
1692303900,1888.83,30
1692303960,1888.86,20
1692304020,1888.79,46
1692304080,1888.81,31
1692304140,1888.82,40
1692304200,1888.78,42
1692304260,1888.85,28
1692304320,1888.93,26
1692304380,1888.91,24
1692304440,1888.91,29
1692304500,1888.87,34
1692304560,1888.96,18
1692304620,1888.96,42
1692304680,1888.80,27
1692304740,1888.81,20
1692304800,1888.79,26
1692304860,1888.60,46
1692304920,1888.69,47
1692304980,1888.46,28
1692305040,1888.56,49
1692305100,1888.74,39
1692305160,1888.86,44
1692305220,1888.93,28
1692305280,1888.95,17
1692305340,1889.02,20
1692305400,1889.00,25
1692305460,1889.04,27
1692305520,1889.10,27
1692305580,1888.98,42
1692305640,1889.06,29
1692305700,1889.37,48
1692305760,1889.16,45
1692309720,1889.81,37
1692309780,1889.65,28
1692309840,1889.72,42
1692309900,1889.59,50
1692309960,1889.66,27
1692310020,1889.73,38
1692310080,1889.50,30
1692310140,1889.39,58
1692310200,1889.42,17
1692310260,1889.21,27
1692310320,1889.33,25
1692310380,1889.33,37
1692310440,1889.43,36
1692310500,1889.46,15
1692310560,1889.60,27
1692310620,1889.41,16
1692310680,1889.41,33
1692310740,1889.82,36
1692310800,1889.97,54
1692310860,1890.10,42
1692310920,1889.79,47
1692310980,1889.95,20
1692311040,1889.91,41
1692311100,1889.68,32
1692311160,1889.93,17
1692311220,1889.90,37
1692311280,1889.90,11
1692311340,1889.54,65
1692311400,1889.60,46
1692311460,1889.88,41
1692311520,1889.40,26
1692311580,1889.67,36
1692311640,1889.27,24
1692311700,1889.11,17
1692311760,1889.08,19
1692311820,1889.04,30
1692311880,1889.08,10
1692311940,1889.22,21
1692312000,1889.48,30
1692312060,1889.95,132
1692312120,1889.94,10
1692312180,1890.05,14
1692312240,1890.01,13
1692312300,1890.08,17
1692312360,1890.07,10
1692312420,1890.15,4
1692312480,1890.09,12
1692312540,1890.15,15
1692312600,1890.03,28
1692312660,1890.06,31
1692312720,1890.03,4
1692312780,1890.08,4
1692312840,1890.04,26
1692312900,1890.16,6
1692312960,1890.12,11
1692313020,1890.05,22
1692313080,1889.98,8
1692313140,1889.85,6
1692313200,1890.56,81
1692313260,1890.53,13
1692313320,1890.63,38
1692313380,1890.49,33
1692313440,1890.06,64
1692313500,1889.86,28
1692313560,1889.92,16
1692313620,1889.46,28
1692313680,1889.33,24
1692313740,1889.38,28
1692313800,1889.80,36
1692313860,1889.88,22
1692313920,1890.14,19
1692313980,1890.23,9
1692314040,1890.22,34
1692314100,1890.60,28
1692314160,1890.48,45
1692314220,1890.64,37
1692314280,1890.51,94
1692314340,1890.57,37
1692314400,1890.38,52
1692314460,1890.46,38
1692314520,1890.50,42
1692314580,1890.53,10
1692314640,1890.54,14
1692314700,1890.59,32
1692314760,1890.46,30
1692314820,1890.40,24
1692314880,1890.32,26
1692314940,1890.34,17
1692315000,1890.26,15
1692315060,1890.25,30
1692315120,1890.14,19
1692315180,1890.15,15
1692315240,1890.14,10
1692315300,1890.13,14
1692315360,1890.22,28
1692315420,1889.98,29
1692315480,1890.28,70
1692315540,1890.41,28
1692315600,1890.50,22
1692315660,1890.56,44
1692315720,1890.44,32
1692315780,1890.46,23
1692315840,1890.56,9
1692315900,1890.75,30
1692315960,1890.80,95
1692316020,1890.79,60
1692316080,1890.60,19
1692316140,1890.62,44
1692316200,1890.68,48
1692316260,1890.70,13
1692316320,1890.88,21
1692316380,1891.02,29
1692316440,1891.35,54
1692316500,1891.41,70
1692316560,1891.39,58
1692316620,1891.48,28
1692316680,1891.39,54
1692316740,1891.29,15
1692316800,1891.15,98
1692316860,1890.96,73
1692316920,1891.04,86
1692316980,1890.76,48
1692317040,1890.81,47
1692317100,1890.76,53
1692317160,1891.19,67
1692317220,1890.84,58
1692317280,1890.78,57
1692317340,1890.90,106
1692317400,1890.92,77
1692317460,1890.84,87
1692317520,1890.96,62
1692317580,1890.94,73
1692317640,1891.12,66
1692317700,1891.09,96
1692317760,1891.27,68
1692317820,1891.30,46
1692317880,1891.48,80
1692317940,1891.54,50
1692318000,1891.51,28
1692318060,1891.52,28
1692318120,1891.60,52
1692318180,1891.59,43
1692318240,1891.68,52
1692318300,1891.60,43
1692318360,1891.46,39
1692318420,1891.72,60
1692318480,1891.86,29
1692318540,1891.69,47
1692318600,1891.27,57
1692318660,1891.56,53
1692318720,1891.73,82
1692318780,1891.63,60
1692318840,1891.68,54
1692318900,1891.99,81
1692318960,1892.05,98
1692319020,1892.16,65
1692319080,1891.95,76
1692319140,1892.11,44
1692319200,1892.24,28
1692319260,1892.26,12
1692319320,1892.38,68
1692319380,1892.47,69
1692319440,1892.30,52
1692319500,1892.60,92
1692319560,1892.76,84
1692319620,1892.92,39
1692319680,1893.11,100
1692319740,1893.31,97
1692319800,1893.53,53
1692319860,1893.80,99
1692319920,1893.44,84
1692319980,1893.45,82
1692320040,1893.57,139
1692320100,1893.40,75
1692320160,1893.23,63
1692320220,1893.28,76
1692320280,1893.63,108
1692320340,1893.34,103
1692320400,1893.42,181
1692320460,1893.56,167
1692320520,1893.42,210
1692320580,1893.30,145
1692320640,1893.05,134
1692320700,1893.00,161
1692320760,1892.67,93
1692320820,1892.72,99
1692320880,1893.06,82
1692320940,1893.02,99
1692321000,1892.83,96
1692321060,1892.87,106
1692321120,1893.41,97
1692321180,1892.92,92
1692321240,1893.16,92
1692321300,1893.38,228
1692321360,1893.84,165
1692321420,1894.26,116
1692321480,1894.56,165
1692321540,1894.50,148
1692321600,1894.42,153
1692321660,1894.25,139
1692321720,1893.85,92
1692321780,1893.73,104
1692321840,1894.48,81
1692321900,1894.60,108
1692321960,1894.62,114
1692322020,1894.58,88
1692322080,1894.36,93
1692322140,1894.66,90
1692322200,1894.60,133
1692322260,1895.07,139
1692322320,1895.08,170
1692322380,1894.82,137
1692322440,1894.52,103
1692322500,1893.60,176
1692322560,1893.54,136
1692322620,1894.22,160
1692322680,1894.06,145
1692322740,1893.93,123
1692322800,1893.76,84
1692322860,1894.06,92
1692322920,1893.83,116
1692322980,1894.17,90
1692323040,1894.17,102
1692323100,1894.18,91
1692323160,1894.03,102
1692323220,1893.92,78
1692323280,1893.52,148
1692323340,1893.61,130
1692323400,1893.33,110
1692323460,1893.52,90
1692323520,1893.80,112
1692323580,1893.55,110
1692323640,1893.28,115
1692323700,1893.98,104
1692323760,1894.04,116
1692323820,1893.84,96
1692323880,1893.67,79
1692323940,1893.65,50
1692324000,1893.15,65
1692324060,1893.62,88
1692324120,1893.81,105
1692324180,1893.67,118
1692324240,1893.65,87
1692324300,1893.54,99
1692324360,1893.59,70
1692324420,1893.62,98
1692324480,1893.75,99
1692324540,1893.70,124
1692324600,1893.36,110
1692324660,1894.04,101
1692324720,1894.59,94
1692324780,1894.68,98
1692324840,1894.78,79
1692324900,1894.81,100
1692324960,1894.66,79
1692325020,1894.42,94
1692325080,1894.28,83
1692325140,1894.19,62
1692325200,1894.29,58
1692325260,1894.21,47
1692325320,1894.12,85
1692325380,1893.81,64
1692325440,1893.62,71
1692325500,1893.69,48
1692325560,1893.92,67
1692325620,1893.75,56
1692325680,1893.89,86
1692325740,1893.89,56
1692325800,1893.80,111
1692325860,1893.66,104
1692325920,1893.95,59
1692325980,1894.00,108
1692326040,1894.00,116
1692326100,1893.91,103
1692326160,1893.86,111
1692326220,1893.74,62
1692326280,1893.48,81
1692326340,1893.82,84
1692326400,1893.79,84
1692326460,1893.84,66
1692326520,1893.93,86
1692326580,1894.00,107
1692326640,1893.69,98
1692326700,1893.62,50
1692326760,1893.73,94
1692326820,1893.60,120
1692326880,1893.70,96
1692326940,1893.48,48
1692327000,1893.54,61
1692327060,1893.41,60
1692327120,1893.11,50
1692327180,1893.07,76
1692327240,1893.27,84
1692327300,1893.13,92
1692327360,1893.26,64
1692327420,1893.58,75
1692327480,1893.35,48
1692327540,1893.25,44
1692327600,1892.92,98
1692327660,1893.02,75
1692327720,1892.95,75
1692327780,1892.86,52
1692327840,1892.86,56
1692327900,1892.83,46
1692327960,1892.85,82
1692328020,1892.54,128
1692328080,1892.34,67
1692328140,1892.32,134
1692328200,1892.16,98
1692328260,1891.92,95
1692328320,1892.18,84
1692328380,1892.34,52
1692328440,1892.22,73
1692328500,1892.38,72
1692328560,1892.32,43
1692328620,1892.23,62
1692328680,1892.20,53
1692328740,1891.88,83
1692328800,1891.99,64
1692328860,1891.89,89
1692328920,1892.09,39
1692328980,1891.70,59
1692329040,1891.78,62
1692329100,1891.86,59
1692329160,1891.92,46
1692329220,1891.96,39
1692329280,1892.16,59
1692329340,1892.13,47
1692329400,1892.50,69
1692329460,1892.91,100
1692329520,1893.29,178
1692329580,1893.09,112
1692329640,1893.48,82
1692329700,1893.56,62
1692329760,1893.48,122
1692329820,1893.50,118
1692329880,1893.39,72
1692329940,1893.28,27
1692330000,1893.26,26
1692330060,1893.13,69
1692330120,1893.22,36
1692330180,1893.29,23
1692330240,1893.44,71
1692330300,1893.20,74
1692330360,1892.94,61
1692330420,1893.10,66
1692330480,1893.26,57
1692330540,1893.16,44
1692330600,1893.16,32
1692330660,1893.11,50
1692330720,1892.88,52
1692330780,1892.85,37
1692330840,1892.74,53
1692330900,1893.07,54
1692330960,1893.03,18
1692331020,1892.89,28
1692331080,1892.88,14
1692331140,1892.73,47
1692331200,1892.83,52
1692331260,1892.83,27
1692331320,1892.94,53
1692331380,1893.02,23
1692331440,1893.15,55
1692331500,1893.26,30
1692331560,1893.14,17
1692331620,1892.95,46
1692331680,1893.09,41
1692331740,1893.25,31
1692331800,1893.13,34
1692331860,1893.16,24
1692331920,1893.06,14
1692331980,1892.87,24
1692332040,1892.76,50
1692332100,1892.65,48
1692332160,1892.42,46
1692332220,1892.41,67
1692332280,1892.26,52
1692332340,1892.34,35
1692332400,1892.28,24
1692332460,1892.32,38
1692332520,1892.51,47
1692332580,1892.73,42
1692332640,1892.58,32
1692332700,1892.59,16
1692332760,1892.42,41
1692332820,1892.23,55
1692332880,1892.15,52
1692332940,1892.12,26
1692333000,1892.05,32
1692333060,1892.18,53
1692333120,1892.34,38
1692333180,1892.51,39
1692333240,1892.51,60
1692333300,1892.44,18
1692333360,1892.08,65
1692333420,1892.25,41
1692333480,1892.40,32
1692333540,1892.22,56
1692333600,1892.22,17
1692333660,1892.19,12
1692333720,1892.02,36
1692333780,1892.07,30
1692333840,1892.20,22
1692333900,1891.87,30
1692333960,1891.91,29
1692334020,1892.04,60
1692334080,1891.81,66
1692334140,1891.50,86
1692334200,1891.29,74
1692334260,1891.32,64
1692334320,1891.24,76
1692334380,1891.44,88
1692334440,1891.35,72
1692334500,1891.79,74
1692334560,1892.12,68
1692334620,1892.22,49
1692334680,1892.13,45
1692334740,1892.21,22
1692334800,1892.34,50
1692334860,1892.06,60
1692334920,1891.94,53
1692334980,1891.89,56
1692335040,1892.00,21
1692335100,1891.92,22
1692335160,1892.10,51
1692335220,1892.18,9
1692335280,1892.01,42
1692335340,1891.94,48
1692335400,1891.99,51
1692335460,1891.97,42
1692335520,1891.98,73
1692335580,1892.07,44
1692335640,1892.30,36
1692335700,1892.44,66
1692335760,1892.26,57
1692335820,1892.23,35
1692335880,1891.80,73
1692335940,1891.99,48
1692336000,1892.05,46
1692336060,1891.75,69
1692336120,1891.74,68
1692336180,1891.78,32
1692336240,1891.99,69
1692336300,1892.05,44
1692336360,1892.44,63
1692336420,1892.05,68
1692336480,1892.15,60
1692336540,1892.22,70
1692336600,1891.98,105
1692336660,1892.28,105
1692336720,1892.03,104
1692336780,1891.87,67
1692336840,1892.23,77
1692336900,1892.56,64
1692336960,1893.01,102
1692337020,1893.16,66
1692337080,1893.08,54
1692337140,1892.88,52
1692337200,1892.79,89
1692337260,1892.83,34
1692337320,1893.22,78
1692337380,1893.33,33
1692337440,1893.18,78
1692337500,1893.42,64
1692337560,1893.41,92
1692337620,1893.27,82
1692337680,1893.18,107
1692337740,1893.09,56
1692337800,1893.10,67
1692337860,1892.88,39
1692337920,1892.94,26
1692337980,1893.39,48
1692338040,1893.44,65
1692338100,1893.54,90
1692338160,1893.77,56
1692338220,1893.84,64
1692338280,1894.04,84
1692338340,1893.58,84
1692338400,1893.44,170
1692338460,1893.60,103
1692338520,1893.57,140
1692338580,1893.47,110
1692338640,1893.11,124
1692338700,1893.01,179
1692338760,1892.96,112
1692338820,1893.09,116
1692338880,1892.45,176
1692338940,1892.56,128
1692339000,1892.87,122
1692339060,1893.17,142
1692339120,1893.30,106
1692339180,1892.84,95
1692339240,1893.39,105
1692339300,1893.72,154
1692339360,1893.24,154
1692339420,1892.98,96
1692339480,1892.54,103
1692339540,1892.30,98
1692339600,1892.90,134
1692339660,1893.01,114
1692339720,1893.40,126
1692339780,1893.60,90
1692339840,1893.62,62
1692339900,1893.29,117
1692339960,1893.57,96
1692340020,1893.24,129
1692340080,1893.09,90
1692340140,1892.76,96
1692340200,1892.52,140
1692340260,1892.21,133
1692340320,1892.09,98
1692340380,1892.24,170
1692340440,1892.22,105
1692340500,1892.04,134
1692340560,1892.42,157
1692340620,1892.68,159
1692340680,1892.66,130
1692340740,1892.72,160
1692340800,1892.34,121
1692340860,1892.42,116
1692340920,1892.64,153
1692340980,1892.76,137
1692341040,1892.46,108
1692341100,1892.33,94
1692341160,1892.76,118
1692341220,1892.94,120
1692341280,1893.22,117
1692341340,1892.90,126
1692341400,1892.91,97
1692341460,1892.39,102
1692341520,1892.90,105
1692341580,1893.31,76
1692341640,1893.24,88
1692341700,1892.67,122
1692341760,1892.42,120
1692341820,1892.22,137
1692341880,1892.24,134
1692341940,1892.14,132
1692342000,1892.32,194
1692342060,1892.68,216
1692342120,1892.88,152
1692342180,1893.26,158
1692342240,1893.54,140
1692342300,1893.62,172
1692342360,1893.14,206
1692342420,1892.70,171
1692342480,1892.76,169
1692342540,1892.52,104
1692342600,1892.53,120
1692342660,1892.46,117
1692342720,1892.73,111
1692342780,1892.67,120
1692342840,1892.96,72
1692342900,1893.09,99
1692342960,1892.62,94
1692343020,1892.73,78
1692343080,1892.93,64
1692343140,1892.85,76
1692343200,1892.91,111
1692343260,1892.62,117
1692343320,1892.54,116
1692343380,1892.52,96
1692343440,1892.39,90
1692343500,1892.34,105
1692343560,1892.71,78
1692343620,1893.02,95
1692343680,1892.76,90
1692343740,1892.72,118
1692343800,1893.12,154
1692343860,1893.11,92
1692343920,1893.30,94
1692343980,1893.29,62
1692344040,1893.38,117
1692344100,1893.74,128
1692344160,1893.06,99
1692344220,1893.08,79
1692344280,1893.07,102
1692344340,1893.23,113
1692344400,1893.05,92
1692344460,1893.28,101
1692344520,1893.37,68
1692344580,1893.37,96
1692344640,1893.83,101
1692344700,1893.88,134
1692344760,1893.80,91
1692344820,1893.77,85
1692344880,1893.60,120
1692344940,1893.58,117
1692345000,1893.59,100
1692345060,1893.42,79
1692345120,1893.24,79
1692345180,1893.28,81
1692345240,1893.29,80
1692345300,1893.38,95
1692345360,1893.11,70
1692345420,1892.89,66
1692345480,1892.57,75
1692345540,1892.61,84
1692345600,1893.12,140
1692345660,1892.70,92
1692345720,1893.09,108
1692345780,1893.34,133
1692345840,1893.34,91
1692345900,1893.27,155
1692345960,1893.41,119
1692346020,1893.26,92
1692346080,1893.20,89
1692346140,1893.02,84
1692346200,1892.79,55
1692346260,1893.13,117
1692346320,1893.23,97
1692346380,1893.36,70
1692346440,1892.98,97
1692346500,1893.30,64
1692346560,1893.34,82
1692346620,1893.17,72
1692346680,1892.96,85
1692346740,1892.69,52
1692346800,1892.72,66
1692346860,1892.73,94
1692346920,1892.66,139
1692346980,1892.37,92
1692347040,1891.76,98
1692347100,1891.66,188
1692347160,1892.31,172
1692347220,1892.12,127
1692347280,1892.28,81
1692347340,1892.51,80
1692347400,1892.76,90
1692347460,1893.15,122
1692347520,1892.83,135
1692347580,1892.64,75
1692347640,1892.84,114
1692347700,1892.74,109
1692347760,1892.55,92
1692347820,1892.44,73
1692347880,1892.16,72
1692347940,1891.93,86
1692348000,1892.09,88
1692348060,1891.99,80
1692348120,1892.08,73
1692348180,1891.89,70
1692348240,1891.52,108
1692348300,1891.46,105
1692348360,1891.46,47
1692348420,1891.84,123
1692348480,1891.79,118
1692348540,1891.56,105
1692348600,1891.90,106
1692348660,1892.00,96
1692348720,1891.92,88
1692348780,1892.05,80
1692348840,1892.10,109
1692348900,1892.31,106
1692348960,1892.30,91
1692349020,1892.15,68
1692349080,1892.22,59
1692349140,1892.07,58
1692349200,1892.27,94
1692349260,1892.20,79
1692349320,1892.48,63
1692349380,1892.28,78
1692349440,1892.45,63
1692349500,1892.46,42
1692349560,1892.11,71
1692349620,1891.86,86
1692349680,1891.82,77
1692349740,1891.58,96
1692349800,1891.92,81
1692349860,1892.05,72
1692349920,1891.58,98
1692349980,1891.82,71
1692350040,1891.95,89
1692350100,1892.04,64
1692350160,1891.95,38
1692350220,1892.00,66
1692350280,1891.94,67
1692350340,1891.75,65
1692350400,1891.52,99
1692350460,1891.43,55
1692350520,1891.62,56
1692350580,1891.79,42
1692350640,1891.83,57
1692350700,1892.01,86
1692350760,1891.84,58
1692350820,1891.75,96
1692350880,1891.63,48
1692350940,1891.83,62
1692351000,1891.68,88
1692351060,1891.60,67
1692351120,1891.94,50
1692351180,1892.11,56
1692351240,1892.03,80
1692351300,1892.11,62
1692351360,1892.00,42
1692351420,1892.11,18
1692351480,1892.13,60
1692351540,1892.28,74
1692351600,1892.49,30
1692351660,1892.58,49
1692351720,1892.68,60
1692351780,1892.68,44
1692351840,1892.43,54
1692351900,1892.35,63
1692351960,1892.16,65
1692352020,1892.25,60
1692352080,1892.12,36
1692352140,1892.18,50
1692352200,1892.14,69
1692352260,1892.38,52
1692352320,1892.52,49
1692352380,1892.62,62
1692352440,1892.68,48
1692352500,1892.61,54
1692352560,1892.70,54
1692352620,1892.64,57
1692352680,1892.79,73
1692352740,1892.78,54
1692352800,1892.98,89
1692352860,1893.20,90
1692352920,1893.01,61
1692352980,1893.15,80
1692353040,1893.23,60
1692353100,1893.52,71
1692353160,1893.83,73
1692353220,1894.04,104
1692353280,1894.34,136
1692353340,1894.54,100
1692353400,1894.52,146
1692353460,1894.50,132
1692353520,1893.90,100
1692353580,1894.72,126
1692353640,1895.02,202
1692353700,1894.54,148
1692353760,1894.71,72
1692353820,1894.58,90
1692353880,1894.87,85
1692353940,1894.89,79
1692354000,1895.06,81
1692354060,1895.08,84
1692354120,1894.97,72
1692354180,1895.10,71
1692354240,1895.35,110
1692354300,1895.25,75
1692354360,1895.09,77
1692354420,1895.19,59
1692354480,1895.29,49
1692354540,1895.43,37
1692354600,1895.02,97
1692354660,1895.21,69
1692354720,1895.19,69
1692354780,1895.42,64
1692354840,1895.30,93
1692354900,1895.10,76
1692354960,1895.18,84
1692355020,1895.15,69
1692355080,1895.40,60
1692355140,1895.32,54
1692355200,1895.00,65
1692355260,1894.85,101
1692355320,1894.50,90
1692355380,1894.51,126
1692355440,1894.36,76
1692355500,1894.70,89
1692355560,1894.66,56
1692355620,1894.56,62
1692355680,1894.53,50
1692355740,1894.67,57
1692355800,1894.69,73
1692355860,1894.52,72
1692355920,1894.56,91
1692355980,1894.61,60
1692356040,1894.49,82
1692356100,1894.60,56
1692356160,1894.42,78
1692356220,1894.09,92
1692356280,1894.36,91
1692356340,1894.22,76
1692356400,1893.95,77
1692356460,1893.81,75
1692356520,1894.11,70
1692356580,1893.98,72
1692356640,1893.92,73
1692356700,1893.99,85
1692356760,1893.85,81
1692356820,1893.85,56
1692356880,1893.91,78
1692356940,1893.84,80
1692357000,1893.70,70
1692357060,1893.34,105
1692357120,1893.45,98
1692357180,1893.56,68
1692357240,1893.78,86
1692357300,1893.87,117
1692357360,1893.72,97
1692357420,1893.57,64
1692357480,1893.41,98
1692357540,1893.61,82
1692357600,1893.83,77
1692357660,1893.67,66
1692357720,1893.64,80
1692357780,1893.68,44
1692357840,1893.79,72
1692357900,1893.84,71
1692357960,1893.80,62
1692358020,1893.89,66
1692358080,1893.88,48
1692358140,1894.04,58
1692358200,1894.11,85
1692358260,1894.14,82
1692358320,1894.18,99
1692358380,1893.83,88
1692358440,1893.97,78
1692358500,1893.95,50
1692358560,1893.69,85
1692358620,1893.62,82
1692358680,1893.83,77
1692358740,1893.96,88
1692358800,1894.10,62
1692358860,1894.18,70
1692358920,1894.30,95
1692358980,1894.31,72
1692359040,1894.66,56
1692359100,1894.92,113
1692359160,1894.57,87
1692359220,1894.54,83
1692359280,1894.48,90
1692359340,1894.51,111
1692359400,1894.53,121
1692359460,1894.33,93
1692359520,1893.81,138
1692359580,1893.91,75
1692359640,1893.80,70
1692359700,1893.72,74
1692359760,1893.77,71
1692359820,1893.95,99
1692359880,1893.96,76
1692359940,1893.81,93
1692360000,1893.53,143
1692360060,1894.13,179
1692360120,1894.59,163
1692360180,1894.15,129
1692360240,1894.62,94
1692360300,1894.38,133
1692360360,1894.03,149
1692360420,1893.75,98
1692360480,1893.95,90
1692360540,1894.26,106
1692360600,1893.78,172
1692360660,1893.91,67
1692360720,1893.91,70
1692360780,1893.97,76
1692360840,1893.65,102
1692360900,1893.69,96
1692360960,1893.47,83
1692361020,1893.35,106
1692361080,1893.43,108
1692361140,1892.81,149
1692361200,1891.98,280
1692361260,1892.80,226
1692361320,1892.02,194
1692361380,1891.32,225
1692361440,1890.92,220
1692361500,1890.89,215
1692361560,1889.99,254
1692361620,1890.12,203
1692361680,1889.84,207
1692361740,1890.00,187
1692361800,1890.34,256
1692361860,1890.72,270
1692361920,1890.79,191
1692361980,1890.51,164
1692362040,1889.85,238
1692362100,1889.72,227
1692362160,1889.89,237
1692362220,1888.85,215
1692362280,1889.39,168
1692362340,1890.24,226
1692362400,1890.38,164
1692362460,1890.46,191
1692362520,1890.78,144
1692362580,1890.85,170
1692362640,1891.23,218
1692362700,1890.86,233
1692362760,1890.89,167
1692362820,1890.53,128
1692362880,1890.83,128
1692362940,1890.68,134
1692363000,1890.61,118
1692363060,1890.28,107
1692363120,1890.69,207
1692363180,1890.49,204
1692363240,1890.02,217
1692363300,1890.95,170
1692363360,1890.90,165
1692363420,1890.84,139
1692363480,1890.40,182
1692363540,1890.26,198
1692363600,1890.37,258
1692363660,1890.38,224
1692363720,1889.56,194
1692363780,1890.05,193
1692363840,1890.40,184
1692363900,1890.49,158
1692363960,1891.38,240
1692364020,1891.73,199
1692364080,1892.28,248
1692364140,1892.61,271
1692364200,1893.31,222
1692364260,1893.28,235
1692364320,1894.19,192
1692364380,1894.00,178
1692364440,1893.80,212
1692364500,1893.57,206
1692364560,1893.45,176
1692364620,1893.38,162
1692364680,1893.96,172
1692364740,1894.67,194
1692364800,1894.40,181
1692364860,1894.66,150
1692364920,1894.65,159
1692364980,1894.42,174
1692365040,1893.98,206
1692365100,1894.32,168
1692365160,1895.07,197
1692365220,1894.73,220
1692365280,1894.30,188
1692365340,1894.43,177
1692365400,1894.87,273
1692365460,1893.35,234
1692365520,1893.38,272
1692365580,1892.70,280
1692365640,1892.72,288
1692365700,1891.67,282
1692365760,1891.81,297
1692365820,1891.39,254
1692365880,1891.26,305
1692365940,1892.08,270
1692366000,1891.05,262
1692366060,1891.30,282
1692366120,1892.26,265
1692366180,1894.26,314
1692366240,1894.86,303
1692366300,1893.11,250
1692366360,1893.84,269
1692366420,1893.36,240
1692366480,1894.10,294
1692366540,1895.57,328
1692366600,1896.08,305
1692366660,1895.45,277
1692366720,1895.71,268
1692366780,1895.17,247
1692366840,1894.78,253
1692366900,1894.83,279
1692366960,1893.83,240
1692367020,1894.26,254
1692367080,1894.17,221
1692367140,1893.89,229
1692367200,1894.17,263
1692367260,1893.77,246
1692367320,1893.86,200
1692367380,1893.33,224
1692367440,1893.17,278
1692367500,1892.77,262
1692367560,1893.36,278
1692367620,1893.13,282
1692367680,1893.22,244
1692367740,1893.41,206
1692367800,1892.89,244
1692367860,1892.85,244
1692367920,1892.47,178
1692367980,1892.05,180
1692368040,1892.18,258
1692368100,1892.68,212
1692368160,1892.74,175
1692368220,1892.73,172
1692368280,1892.29,158
1692368340,1892.28,150
1692368400,1892.42,176
1692368460,1892.26,168
1692368520,1892.91,152
1692368580,1893.07,224
1692368640,1893.55,190
1692368700,1892.86,220
1692368760,1893.15,194
1692368820,1893.68,227
1692368880,1893.06,216
1692368940,1893.61,226
1692369000,1894.06,211
1692369060,1894.05,207
1692369120,1892.98,224
1692369180,1893.25,210
1692369240,1894.16,160
1692369300,1894.28,164
1692369360,1893.49,195
1692369420,1892.81,188
1692369480,1892.34,169
1692369540,1892.33,158
1692369600,1891.86,165
1692369660,1891.79,150
1692369720,1892.29,185
1692369780,1892.15,174
1692369840,1892.42,174
1692369900,1892.01,193
1692369960,1892.70,143
1692370020,1892.88,134
1692370080,1892.94,209
1692370140,1892.75,175
1692370200,1892.89,183
1692370260,1892.95,173
1692370320,1893.15,162
1692370380,1893.15,132
1692370440,1893.24,164
1692370500,1893.05,154
1692370560,1893.08,204
1692370620,1893.41,158
1692370680,1893.64,149
1692370740,1893.66,152
1692370800,1892.80,231
1692370860,1892.99,162
1692370920,1892.45,139
1692370980,1892.81,131
1692371040,1892.54,176
1692371100,1892.57,160
1692371160,1892.43,189
1692371220,1892.92,178
1692371280,1892.48,129
1692371340,1892.53,156
1692371400,1892.84,121
1692371460,1892.87,158
1692371520,1892.55,120
1692371580,1892.56,134
1692371640,1892.46,78
1692371700,1892.93,122
1692371760,1893.29,176
1692371820,1892.76,151
1692371880,1892.92,118
1692371940,1893.30,120
1692372000,1893.41,109
1692372060,1893.20,145
1692372120,1893.02,120
1692372180,1892.82,96
1692372240,1892.81,90
1692372300,1892.42,91
1692372360,1892.42,70
1692372420,1892.24,107
1692372480,1892.33,82
1692372540,1892.59,144
1692372600,1892.26,102
1692372660,1892.44,92
1692372720,1892.43,117
1692372780,1892.41,132
1692372840,1892.34,100
1692372900,1892.00,179
1692372960,1891.97,156
1692373020,1891.83,126
1692373080,1891.80,113
1692373140,1891.44,130
1692373200,1891.32,155
1692373260,1890.82,133
1692373320,1890.65,199
1692373380,1890.84,204
1692373440,1890.67,186
1692373500,1890.58,182
1692373560,1890.82,179
1692373620,1890.98,106
1692373680,1891.05,90
1692373740,1891.32,130
1692373800,1891.13,153
1692373860,1891.16,121
1692373920,1891.45,88
1692373980,1891.00,146
1692374040,1891.25,169
1692374100,1891.20,173
1692374160,1890.89,178
1692374220,1891.00,155
1692374280,1891.27,166
1692374340,1891.33,135
1692374400,1891.54,138
1692374460,1891.87,149
1692374520,1891.68,110
1692374580,1891.60,115
1692374640,1891.72,78
1692374700,1891.62,106
1692374760,1891.19,133
1692374820,1890.90,124
1692374880,1890.81,110
1692374940,1890.87,98
1692375000,1890.44,129
1692375060,1890.83,90
1692375120,1890.49,112
1692375180,1890.56,74
1692375240,1890.88,113
1692375300,1890.74,127
1692375360,1890.56,90
1692375420,1890.57,74
1692375480,1890.76,93
1692375540,1890.99,78
1692375600,1891.12,102
1692375660,1891.20,91
1692375720,1891.10,111
1692375780,1891.03,84
1692375840,1891.38,73
1692375900,1891.22,109
1692375960,1891.10,115
1692376020,1890.98,98
1692376080,1890.94,66
1692376140,1890.78,107
1692376200,1890.85,88
1692376260,1890.84,81
1692376320,1891.31,88
1692376380,1890.80,115
1692376440,1890.56,117
1692376500,1890.50,92
1692376560,1890.49,124
1692376620,1890.57,105
1692376680,1890.48,123
1692376740,1890.51,121
1692376800,1890.82,113
1692376860,1890.91,72
1692376920,1890.35,92
1692376980,1890.24,113
1692377040,1889.92,127
1692377100,1889.34,150
1692377160,1889.03,122
1692377220,1889.46,157
1692377280,1890.02,186
1692377340,1889.88,136
1692377400,1889.43,105
1692377460,1889.02,130
1692377520,1888.78,131
1692377580,1888.96,82
1692377640,1889.05,102
1692377700,1889.30,127
1692377760,1889.40,107
1692377820,1889.77,128
1692377880,1889.40,154
1692377940,1889.56,127
1692378000,1890.06,140
1692378060,1890.08,141
1692378120,1889.98,122
1692378180,1889.94,145
1692378240,1889.99,120
1692378300,1889.86,114
1692378360,1889.96,101
1692378420,1890.06,118
1692378480,1889.63,113
1692378540,1889.68,80
1692378600,1889.57,108
1692378660,1889.81,93
1692378720,1889.84,160
1692378780,1889.83,106
1692378840,1889.90,125
1692378900,1889.52,115
1692378960,1888.92,76
1692379020,1888.77,110
1692379080,1888.90,104
1692379140,1888.90,99
1692379200,1888.52,141
1692379260,1888.07,148
1692379320,1887.96,151
1692379380,1887.14,179
1692379440,1887.11,122
1692379500,1886.99,164
1692379560,1887.06,142
1692379620,1887.30,131
1692379680,1887.84,195
1692379740,1887.36,220
1692379800,1887.60,176
1692379860,1887.60,125
1692379920,1887.66,154
1692379980,1887.65,147
1692380040,1887.52,119
1692380100,1887.92,100
1692380160,1888.04,120
1692380220,1888.08,90
1692380280,1888.61,159
1692380340,1888.26,154
1692380400,1888.20,136
1692380460,1888.05,124
1692380520,1888.26,116
1692380580,1888.46,72
1692380640,1888.56,99
1692380700,1888.75,109
1692380760,1888.88,78
1692380820,1888.99,72
1692380880,1888.87,87
1692380940,1889.08,101
1692381000,1889.10,105
1692381060,1889.25,78
1692381120,1889.27,92
1692381180,1889.61,114
1692381240,1889.69,56
1692381300,1889.47,109
1692381360,1889.31,64
1692381420,1889.11,84
1692381480,1889.00,82
1692381540,1888.99,58
1692381600,1888.68,83
1692381660,1888.60,87
1692381720,1888.38,46
1692381780,1888.27,84
1692381840,1888.31,58
1692381900,1888.02,92
1692381960,1888.08,123
1692382020,1888.11,88
1692382080,1888.30,95
1692382140,1888.04,72
1692382200,1887.98,104
1692382260,1888.06,66
1692382320,1887.86,48
1692382380,1887.67,89
1692382440,1887.70,83
1692382500,1887.76,91
1692382560,1887.78,77
1692382620,1887.65,84
1692382680,1887.76,83
1692382740,1887.88,78
1692382800,1887.84,74
1692382860,1887.89,81
1692382920,1888.10,113
1692382980,1887.80,61
1692383040,1888.12,47
1692383100,1888.09,76
1692383160,1888.30,58
1692383220,1888.48,86
1692383280,1888.58,110
1692383340,1888.26,76
1692383400,1888.32,48
1692383460,1888.51,90
1692383520,1888.80,91
1692383580,1888.71,102
1692383640,1888.62,79
1692383700,1888.42,90
1692383760,1888.54,42
1692383820,1888.43,50
1692383880,1888.62,67
1692383940,1888.89,62
1692384000,1889.10,64
1692384060,1888.95,53
1692384120,1889.02,67
1692384180,1889.30,48
1692384240,1889.14,74
1692384300,1888.94,89
1692384360,1888.53,91
1692384420,1888.60,57
1692384480,1888.68,38
1692384540,1888.53,46
1692384600,1888.48,49
1692384660,1888.67,77
1692384720,1888.66,44
1692384780,1888.89,75
1692384840,1888.80,44
1692384900,1888.82,80
1692384960,1888.92,70
1692385020,1888.92,75
1692385080,1888.71,77
1692385140,1888.54,104
1692385200,1888.04,148
1692385260,1888.02,140
1692385320,1887.86,88
1692385380,1887.87,67
1692385440,1887.90,75
1692385500,1887.90,94
1692385560,1888.00,108
1692385620,1887.98,105
1692385680,1888.21,63
1692385740,1888.13,60
1692385800,1888.02,84
1692385860,1887.98,81
1692385920,1887.80,86
1692385980,1887.92,68
1692386040,1887.73,67
1692386100,1887.66,87
1692386160,1888.01,67
1692386220,1887.84,45
1692386280,1887.77,37
1692386340,1888.03,66
1692386400,1888.03,40
1692386460,1887.95,30
1692386520,1887.99,22
1692386580,1888.02,51
1692386640,1887.96,58
1692386700,1888.30,90
1692386760,1888.54,66
1692386820,1888.36,57
1692386880,1888.14,59
1692386940,1888.41,55
1692387000,1888.50,55
1692387060,1888.54,44
1692387120,1888.48,70
1692387180,1888.15,68
1692387240,1888.01,82
1692387300,1887.95,59
1692387360,1887.76,91
1692387420,1887.97,82
1692387480,1888.06,65
1692387540,1887.85,42
1692387600,1888.12,64
1692387660,1888.25,65
1692387720,1888.36,67
1692387780,1888.71,45
1692387840,1888.88,58
1692387900,1889.30,108
1692387960,1889.00,74
1692388020,1889.32,66
1692388080,1889.58,52
1692388140,1889.44,92
1692388200,1889.25,81
1692388260,1889.52,84
1692388320,1889.80,84
1692388380,1889.41,52
1692388440,1889.53,51
1692388500,1889.74,104
1692388560,1889.72,78
1692388620,1889.60,83
1692388680,1889.53,98
1692388740,1889.29,138
1692388800,1889.50,86
1692388860,1889.55,47
1692388920,1889.57,69
1692388980,1889.86,59
1692389040,1889.81,68
1692389100,1889.59,72
1692389160,1889.49,21
1692389220,1889.62,15
1692389280,1889.53,42
1692389340,1889.58,41
1692389400,1889.60,34
1692389460,1889.52,30
1692389520,1889.30,32
1692389580,1889.48,29
1692389640,1889.44,28
1692389700,1889.44,23
1692389760,1889.40,34
1692389820,1889.42,32
1692389880,1889.45,22
1692389940,1889.38,40
1692390000,1889.22,19
1692390060,1889.19,28
1692390120,1889.27,48
1692390180,1889.32,19
1692390240,1889.27,21
1692390300,1888.66,66
1692390360,1888.52,7
1692390420,1888.52,4
1692390480,1888.66,46
1692390540,1888.69,26
1692390600,1888.62,60
1692390660,1888.43,34
1692390720,1888.30,36
1692390780,1888.74,44
1692390840,1888.65,20
1692390900,1888.65,33
1692390960,1888.96,28
1692391020,1889.02,10
1692391080,1889.02,12
1692391140,1889.03,10
1692391200,1889.12,54
1692391260,1889.24,38
1692391320,1889.22,46
1692391380,1889.17,59
1692391440,1889.20,45
1692391500,1889.28,51
1692391560,1889.19,38
1692391620,1889.27,37
1692391680,1889.36,52
1692391740,1889.52,85
1692391800,1889.56,46
1692391860,1889.57,56
1692391920,1889.58,22
1692391980,1889.94,78
1692392040,1889.66,42
1692392100,1889.63,18
1692392160,1889.47,23
1692568920,1889.69,64
1692568980,1889.50,77
1692569040,1889.42,67
1692569100,1890.01,63
1692569160,1890.37,48
1692569220,1890.37,52
1692569280,1890.56,42
1692569340,1890.36,29
1692569400,1890.55,48
1692569460,1890.65,16
1692569520,1890.61,25
1692569580,1890.67,40
1692569640,1890.49,30
1692569700,1890.49,64
1692569760,1890.60,12
1692569820,1890.67,25
1692569880,1890.28,30
1692569940,1890.42,26
1692570000,1890.33,23
1692570060,1890.41,24
1692570120,1890.36,23
1692570180,1890.41,28
1692570240,1890.38,27
1692570300,1890.40,20
1692570360,1890.44,8
1692570420,1890.36,12
1692570480,1890.33,15
1692570540,1890.37,8
1692570600,1890.60,43
1692570660,1890.62,16
1692570720,1890.69,28
1692570780,1890.51,24
1692570840,1890.47,24
1692570900,1890.36,16
1692570960,1890.33,16
1692571020,1890.24,16
1692571080,1890.40,28
1692571140,1890.63,23
1692571200,1890.53,11
1692571260,1890.45,10
1692571320,1890.24,17
1692571380,1890.26,21
1692571440,1890.25,6
1692571500,1890.02,12
1692571560,1890.00,19
1692571620,1890.06,11
1692571680,1889.74,56
1692571740,1889.93,54
1692571800,1889.94,17
1692571860,1890.20,26
1692571920,1890.26,26
1692571980,1890.36,35
1692572040,1890.35,36
1692572100,1890.20,25
1692572160,1890.12,38
1692572220,1890.08,31
1692572280,1890.13,20
1692572340,1890.32,25
1692572400,1889.36,89
1692572460,1889.34,52
1692572520,1889.14,36
1692572580,1889.30,42
1692572640,1889.16,12
1692572700,1889.06,24
1692572760,1889.14,30
1692572820,1889.33,33
1692572880,1889.43,15
1692572940,1889.43,12
1692573000,1889.60,28
1692573060,1889.74,16
1692573120,1889.70,22
1692573180,1889.63,32
1692573240,1889.64,21
1692573300,1889.66,9
1692573360,1889.56,28
1692573420,1889.36,17
1692573480,1889.44,21
1692573540,1889.32,29
1692573600,1889.43,22
1692573660,1889.30,20
1692573720,1889.36,22
1692573780,1889.50,19
1692573840,1889.66,30
1692573900,1889.50,32
1692573960,1889.24,36
1692574020,1889.20,36
1692574080,1889.51,29
1692574140,1889.41,18
1692574200,1889.56,22
1692574260,1889.81,52
1692574320,1889.64,18
1692574380,1889.72,21
1692574440,1889.60,32
1692574500,1889.64,11
1692574560,1889.50,23
1692574620,1889.60,32
1692574680,1889.68,33
1692574740,1889.80,37
1692574800,1889.57,25
1692574860,1889.55,31
1692574920,1889.46,10
1692574980,1889.45,15
1692575040,1889.46,1
1692575100,1889.14,60
1692575160,1888.92,42
1692575220,1889.44,48
1692575280,1889.31,54
1692575340,1888.86,42
1692575400,1889.24,22
1692575460,1889.26,24
1692575520,1889.29,20
1692575580,1889.24,15
1692575640,1889.38,30
1692575700,1889.32,24
1692575760,1889.44,12
1692575820,1889.42,13
1692575880,1889.68,33
1692575940,1889.98,29
1692576000,1890.04,82
1692576060,1890.06,52
1692576120,1890.15,42
1692576180,1890.18,61
1692576240,1890.16,51
1692576300,1890.11,28
1692576360,1890.53,46
1692576420,1890.53,66
1692576480,1890.72,71
1692576540,1890.71,64
1692576600,1890.87,44
1692576660,1890.80,70
1692576720,1890.82,36
1692576780,1890.83,50
1692576840,1890.60,80
1692576900,1890.32,71
1692576960,1890.04,52
1692577020,1889.92,45
1692577080,1890.01,58
1692577140,1890.03,38
1692577200,1890.13,55
1692577260,1890.26,42
1692577320,1890.38,54
1692577380,1890.40,37
1692577440,1890.46,34
1692577500,1890.45,46
1692577560,1890.51,30
1692577620,1890.68,38
1692577680,1890.74,33
1692577740,1890.84,35
1692577800,1890.84,28
1692577860,1890.89,35
1692577920,1890.76,31
1692577980,1890.60,26
1692578040,1890.79,36
1692578100,1890.83,45
1692578160,1890.96,70
1692578220,1891.02,42
1692578280,1891.03,61
1692578340,1890.62,68
1692578400,1890.54,48
1692578460,1890.38,61
1692578520,1890.41,36
1692578580,1890.40,43
1692578640,1890.25,25
1692578700,1890.52,34
1692578760,1890.44,50
1692578820,1890.39,52
1692578880,1890.34,42
1692578940,1889.96,36
1692579000,1890.19,55
1692579060,1890.36,65
1692579120,1890.31,46
1692579180,1890.26,24
1692579240,1890.10,49
1692579300,1890.24,42
1692579360,1889.95,43
1692579420,1890.05,46
1692579480,1890.02,50
1692579540,1889.99,67
1692579600,1889.58,198
1692579660,1889.49,164
1692579720,1889.25,163
1692579780,1888.95,143
1692579840,1888.95,105
1692579900,1888.61,120
1692579960,1888.41,99
1692580020,1888.40,86
1692580080,1888.27,95
1692580140,1888.18,102
1692580200,1888.12,104
1692580260,1888.32,114
1692580320,1888.43,130
1692580380,1888.23,100
1692580440,1888.19,109
1692580500,1888.29,265
1692580560,1887.90,236
1692580620,1888.31,218
1692580680,1888.86,177
1692580740,1888.86,143
1692580800,1888.65,99
1692580860,1888.86,92
1692580920,1888.90,134
1692580980,1888.72,111
1692581040,1888.54,99
1692581100,1888.26,100
1692581160,1888.46,89
1692581220,1888.39,74
1692581280,1888.06,101
1692581340,1887.68,109
1692581400,1888.01,153
1692581460,1887.94,159
1692581520,1887.76,128
1692581580,1887.24,130
1692581640,1887.06,156
1692581700,1886.48,162
1692581760,1886.36,143
1692581820,1886.07,130
1692581880,1886.30,150
1692581940,1886.25,126
1692582000,1886.36,108
1692582060,1886.27,136
1692582120,1886.11,120
1692582180,1886.34,128
1692582240,1886.56,81
1692582300,1886.76,82
1692582360,1886.65,101
1692582420,1886.33,130
1692582480,1885.98,140
1692582540,1885.56,127
1692582600,1885.40,182
1692582660,1885.50,117
1692582720,1885.60,118
1692582780,1885.32,159
1692582840,1885.44,110
1692582900,1885.56,115
1692582960,1885.26,104
1692583020,1885.28,84
1692583080,1885.48,101
1692583140,1885.51,73
1692583200,1885.17,115
1692583260,1885.13,70
1692583320,1884.90,116
1692583380,1885.20,116
1692583440,1885.42,125
1692583500,1885.61,89
1692583560,1885.87,99
1692583620,1885.53,86
1692583680,1885.99,84
1692583740,1886.17,78
1692583800,1886.66,162
1692583860,1886.78,83
1692583920,1887.17,88
1692583980,1887.20,110
1692584040,1887.22,69
1692584100,1887.20,90
1692584160,1887.14,92
1692584220,1886.88,98
1692584280,1886.86,102
1692584340,1886.99,66
1692584400,1886.97,59
1692584460,1887.54,77
1692584520,1887.44,47
1692584580,1887.46,84
1692584640,1887.82,88
1692584700,1888.64,250
1692584760,1888.98,140
1692584820,1889.12,98
1692584880,1889.48,110
1692584940,1889.70,96
1692585000,1889.89,196
1692585060,1889.99,176
1692585120,1890.32,154
1692585180,1890.34,150
1692585240,1890.44,154
1692585300,1890.40,136
1692585360,1890.03,140
1692585420,1890.14,103
1692585480,1890.28,110
1692585540,1890.04,110
1692585600,1890.14,88
1692585660,1890.10,78
1692585720,1890.22,100
1692585780,1890.46,77
1692585840,1890.46,91
1692585900,1890.42,107
1692585960,1890.44,106
1692586020,1890.32,78
1692586080,1890.78,86
1692586140,1891.04,116
1692586200,1891.28,142
1692586260,1891.36,158
1692586320,1892.08,136
1692586380,1892.20,142
1692586440,1892.31,93
1692586500,1892.56,125
1692586560,1892.21,138
1692586620,1892.52,76
1692586680,1892.92,114
1692586740,1892.86,78
1692586800,1892.58,106
1692586860,1892.70,108
1692586920,1892.84,119
1692586980,1892.94,114
1692587040,1893.18,84
1692587100,1893.17,104
1692587160,1892.94,129
1692587220,1892.50,102
1692587280,1892.82,85
1692587340,1892.78,71
1692587400,1893.22,96
1692587460,1892.56,96
1692587520,1893.13,108
1692587580,1893.56,170
1692587640,1893.35,158
1692587700,1892.24,118
1692587760,1892.29,86
1692587820,1892.23,39
1692587880,1892.42,69
1692587940,1892.35,96
1692588000,1890.65,180
1692588060,1892.02,128
1692588120,1891.88,86
1692588180,1891.90,82
1692588240,1892.36,72
1692588300,1892.26,80
1692588360,1892.16,54
1692588420,1892.06,38
1692588480,1892.28,32
1692588540,1892.29,32
1692588600,1892.39,43
1692588660,1892.18,43
1692588720,1892.10,32
1692588780,1892.18,44
1692588840,1892.16,80
1692588900,1892.18,82
1692588960,1892.04,68
1692589020,1892.28,29
1692589080,1892.22,49
1692589140,1891.92,44
1692589200,1891.98,56
1692589260,1891.87,21
1692589320,1891.99,27
1692589380,1891.90,28
1692589440,1891.64,18
1692589500,1891.85,35
1692589560,1891.78,47
1692589620,1891.88,32
1692589680,1891.79,37
1692589740,1891.56,31
1692589800,1891.44,40
1692589860,1891.14,32
1692589920,1891.37,39
1692589980,1891.46,35
1692590040,1891.26,24
1692590100,1891.34,17
1692590160,1891.37,33
1692590220,1891.41,31
1692590280,1891.57,63
1692590340,1891.68,59
1692590400,1891.48,56
1692590460,1891.92,64
1692590520,1892.15,130
1692590580,1891.93,114
1692590640,1892.15,75
1692590700,1892.82,77
1692590760,1892.88,190
1692590820,1892.66,100
1692590880,1892.63,47
1692590940,1892.74,38
1692591000,1892.66,58
1692591060,1892.78,55
1692591120,1892.92,36
1692591180,1893.18,66
1692591240,1893.10,36
1692591300,1893.22,40
1692591360,1893.21,59
1692591420,1893.12,64
1692591480,1893.15,61
1692591540,1893.24,78
1692591600,1892.98,70
1692591660,1893.12,54
1692591720,1893.30,50
1692591780,1893.28,26
1692591840,1893.28,26
1692591900,1893.20,57
1692591960,1892.94,44
1692592020,1893.10,39
1692592080,1893.14,14
1692592140,1893.12,14
1692592200,1893.01,47
1692592260,1892.96,36
1692592320,1893.00,29
1692592380,1892.99,67
1692592440,1893.28,54
1692592500,1893.28,26
1692592560,1893.25,47
1692592620,1893.02,28
1692592680,1893.14,19
1692592740,1893.19,48
1692592800,1893.10,38
1692592860,1892.98,33
1692592920,1892.81,53
1692592980,1892.90,54
1692593040,1893.09,60
1692593100,1892.84,61
1692593160,1893.13,74
1692593220,1893.12,37
1692593280,1892.88,31
1692593340,1892.78,38
1692593400,1892.79,51
1692593460,1892.58,36
1692593520,1892.55,24
1692593580,1892.66,34
1692593640,1892.55,44
1692593700,1892.68,27
1692593760,1892.67,31
1692593820,1892.80,17
1692593880,1892.73,22
1692593940,1892.54,31
1692594000,1892.71,33
1692594060,1892.87,52
1692594120,1893.04,32
1692594180,1892.93,42
1692594240,1893.02,42
1692594300,1893.34,55
1692594360,1893.72,110
1692594420,1893.94,136
1692594480,1894.04,80
1692594540,1893.88,56
1692594600,1893.64,102
1692594660,1893.22,88
1692594720,1893.45,88
1692594780,1893.62,54
1692594840,1893.52,66
1692594900,1893.62,72
1692594960,1893.66,40
1692595020,1893.22,62
1692595080,1893.01,63
1692595140,1893.12,71
1692595200,1893.22,37
1692595260,1893.12,43
1692595320,1893.07,35
1692595380,1893.18,34
1692595440,1892.24,84
1692595500,1892.24,82
1692595560,1891.89,88
1692595620,1891.97,95
1692595680,1892.10,80
1692595740,1892.02,74
1692595800,1891.10,132
1692595860,1891.23,236
1692595920,1891.31,130
1692595980,1891.48,110
1692596040,1891.26,89
1692596100,1890.52,107
1692596160,1890.20,105
1692596220,1890.21,73
1692596280,1889.87,92
1692596340,1890.30,113
1692596400,1889.42,136
1692596460,1888.74,156
1692596520,1888.58,190
1692596580,1888.90,244
1692596640,1889.12,168
1692596700,1889.40,130
1692596760,1889.17,108
1692596820,1888.96,98
1692596880,1888.78,106
1692596940,1888.80,64
1692597000,1888.19,136
1692597060,1888.08,130
1692597120,1888.34,120
1692597180,1888.15,102
1692597240,1888.38,115
1692597300,1888.52,113
1692597360,1888.20,102
1692597420,1888.00,113
1692597480,1888.18,105
1692597540,1888.04,108
1692597600,1887.70,154
1692597660,1887.70,119
1692597720,1887.92,94
1692597780,1887.76,118
1692597840,1887.69,125
1692597900,1887.74,133
1692597960,1887.64,64
1692598020,1887.65,125
1692598080,1887.90,114
1692598140,1887.88,82
1692598200,1887.94,115
1692598260,1888.46,132
1692598320,1887.56,140
1692598380,1887.69,147
1692598440,1889.32,200
1692598500,1888.99,148
1692598560,1889.07,116
1692598620,1889.03,89
1692598680,1889.06,93
1692598740,1889.02,104
1692598800,1889.02,80
1692598860,1889.48,98
1692598920,1889.22,65
1692598980,1889.34,101
1692599040,1889.30,65
1692599100,1889.27,82
1692599160,1888.96,57
1692599220,1889.03,57
1692599280,1889.34,82
1692599340,1889.22,70
1692599400,1889.14,60
1692599460,1889.44,91
1692599520,1889.21,102
1692599580,1888.88,100
1692599640,1889.06,69
1692599700,1888.90,91
1692599760,1888.98,70
1692599820,1889.04,118
1692599880,1888.94,74
1692599940,1888.93,54
1692600000,1888.84,44
1692600060,1888.84,89
1692600120,1888.39,78
1692600180,1888.53,63
1692600240,1888.51,60
1692600300,1888.58,83
1692600360,1888.28,64
1692600420,1888.14,68
1692600480,1888.16,86
1692600540,1888.22,102
1692600600,1888.39,91
1692600660,1888.48,79
1692600720,1888.64,89
1692600780,1888.76,92
1692600840,1889.05,62
1692600900,1889.01,132
1692600960,1888.78,115
1692601020,1888.64,107
1692601080,1888.59,116
1692601140,1888.94,71
1692601200,1889.00,164
1692601260,1888.74,139
1692601320,1889.74,114
1692601380,1889.86,118
1692601440,1889.69,118
1692601500,1889.76,102
1692601560,1889.61,124
1692601620,1889.71,110
1692601680,1889.38,101
1692601740,1888.99,101
1692601800,1889.25,98
1692601860,1889.48,112
1692601920,1889.58,87
1692601980,1889.18,123
1692602040,1889.38,126
1692602100,1889.47,117
1692602160,1889.68,96
1692602220,1888.88,139
1692602280,1889.06,154
1692602340,1889.25,104
1692602400,1889.43,127
1692602460,1889.43,76
1692602520,1889.08,82
1692602580,1889.07,63
1692602640,1889.19,66
1692602700,1889.78,93
1692602760,1889.51,120
1692602820,1889.39,55
1692602880,1889.52,92
1692602940,1889.51,87
1692603000,1889.80,155
1692603060,1890.32,198
1692603120,1889.80,144
1692603180,1889.58,133
1692603240,1889.45,119
1692603300,1889.48,82
1692603360,1889.13,119
1692603420,1889.38,100
1692603480,1889.32,98
1692603540,1889.24,84
1692603600,1889.56,90
1692603660,1889.46,99
1692603720,1889.29,69
1692603780,1889.24,94
1692603840,1889.23,103
1692603900,1888.82,109
1692603960,1888.79,106
1692604020,1888.58,90
1692604080,1888.59,107
1692604140,1888.73,76
1692604200,1888.35,84
1692604260,1888.24,136
1692604320,1888.28,126
1692604380,1888.21,105
1692604440,1888.18,87
1692604500,1888.12,74
1692604560,1888.27,96
1692604620,1888.36,92
1692604680,1888.07,57
1692604740,1888.16,91
1692604800,1888.00,155
1692604860,1887.56,104
1692604920,1888.20,100
1692604980,1888.00,76
1692605040,1888.37,111
1692605100,1888.72,104
1692605160,1888.69,112
1692605220,1888.94,58
1692605280,1889.23,58
1692605340,1888.84,114
1692605400,1888.65,95
1692605460,1888.87,120
1692605520,1888.77,129
1692605580,1889.30,121
1692605640,1889.08,106
1692605700,1888.64,106
1692605760,1888.45,74
1692605820,1888.27,105
1692605880,1887.94,136
1692605940,1887.97,88
1692606000,1888.27,102
1692606060,1888.64,80
1692606120,1888.63,63
1692606180,1888.20,116
1692606240,1888.12,88
1692606300,1888.13,90
1692606360,1888.17,103
1692606420,1888.08,74
1692606480,1887.88,60
1692606540,1888.01,94
1692606600,1888.08,88
1692606660,1887.79,87
1692606720,1887.70,72
1692606780,1888.08,76
1692606840,1888.08,58
1692606900,1888.09,80
1692606960,1888.09,93
1692607020,1887.99,72
1692607080,1888.19,58
1692607140,1888.03,37
1692607200,1888.25,69
1692607260,1888.31,42
1692607320,1888.52,112
1692607380,1888.64,56
1692607440,1888.82,81
1692607500,1889.01,81
1692607560,1889.11,97
1692607620,1889.10,101
1692607680,1888.76,105
1692607740,1888.75,82
1692607800,1888.71,60
1692607860,1888.55,93
1692607920,1888.37,28
1692607980,1888.47,110
1692608040,1888.34,90
1692608100,1888.32,90
1692608160,1888.22,66
1692608220,1888.50,44
1692608280,1888.67,37
1692608340,1888.67,60
1692608400,1888.79,56
1692608460,1888.75,75
1692608520,1888.53,102
1692608580,1888.55,45
1692608640,1888.49,56
1692608700,1888.63,62
1692608760,1888.59,79
1692608820,1888.66,52
1692608880,1888.47,69
1692608940,1888.41,37
1692609000,1888.48,74
1692609060,1888.42,64
1692609120,1888.53,86
1692609180,1888.73,61
1692609240,1888.96,94
1692609300,1888.87,116
1692609360,1888.78,46
1692609420,1889.19,77
1692609480,1889.70,137
1692609540,1889.80,70
1692609600,1889.78,95
1692609660,1889.87,96
1692609720,1890.02,138
1692609780,1890.14,150
1692609840,1890.60,142
1692609900,1890.57,136
1692609960,1890.26,128
1692610020,1889.86,112
1692610080,1889.71,92
1692610140,1889.66,99
1692610200,1889.56,134
1692610260,1889.74,132
1692610320,1889.60,92
1692610380,1889.72,81
1692610440,1889.76,82
1692610500,1889.50,82
1692610560,1889.12,110
1692610620,1889.32,77
1692610680,1889.28,113
1692610740,1889.24,93
1692610800,1889.14,72
1692610860,1889.05,102
1692610920,1889.05,73
1692610980,1888.96,70
1692611040,1889.10,66
1692611100,1889.38,97
1692611160,1889.41,106
1692611220,1889.56,82
1692611280,1889.12,71
1692611340,1889.23,40
1692611400,1889.11,84
1692611460,1888.98,95
1692611520,1889.20,51
1692611580,1889.58,88
1692611640,1889.57,78
1692611700,1889.65,55
1692611760,1889.97,60
1692611820,1889.59,65
1692611880,1889.49,94
1692611940,1889.52,80
1692612000,1889.16,100
1692612060,1888.86,77
1692612120,1888.71,55
1692612180,1888.51,82
1692612240,1888.88,98
1692612300,1889.04,53
1692612360,1889.21,82
1692612420,1889.01,100
1692612480,1889.20,100
1692612540,1889.21,80
1692612600,1889.52,76
1692612660,1889.33,70
1692612720,1889.03,72
1692612780,1888.74,94
1692612840,1888.87,80
1692612900,1888.88,116
1692612960,1888.99,102
1692613020,1888.50,102
1692613080,1888.24,97
1692613140,1888.21,134
1692613200,1888.22,75
1692613260,1888.18,78
1692613320,1887.32,110
1692613380,1887.38,128
1692613440,1887.50,132
1692613500,1887.73,106
1692613560,1887.38,88
1692613620,1887.35,76
1692613680,1887.20,115
1692613740,1887.03,121
1692613800,1886.98,120
1692613860,1886.90,109
1692613920,1886.90,110
1692613980,1887.39,89
1692614040,1887.44,118
1692614100,1887.42,86
1692614160,1887.18,52
1692614220,1887.33,59
1692614280,1887.40,100
1692614340,1887.42,80
1692614400,1887.39,89
1692614460,1887.84,78
1692614520,1887.77,47
1692614580,1887.92,70
1692614640,1888.20,64
1692614700,1888.51,118
1692614760,1888.70,92
1692614820,1889.10,79
1692614880,1888.90,64
1692614940,1888.92,67
1692615000,1888.80,66
1692615060,1888.27,100
1692615120,1888.19,81
1692615180,1888.32,58
1692615240,1888.40,46
1692615300,1888.38,56
1692615360,1888.30,54
1692615420,1888.30,67
1692615480,1888.50,72
1692615540,1888.69,79
1692615600,1888.48,124
1692615660,1888.45,63
1692615720,1888.29,95
1692615780,1888.20,68
1692615840,1888.19,88
1692615900,1888.54,72
1692615960,1888.61,82
1692616020,1888.60,55
1692616080,1889.68,162
1692616140,1889.14,154
1692616200,1888.64,93
1692616260,1888.57,103
1692616320,1888.70,98
1692616380,1889.30,79
1692616440,1889.20,94
1692616500,1889.27,68
1692616560,1889.34,88
1692616620,1889.26,73
1692616680,1889.01,96
1692616740,1889.20,118
1692616800,1889.32,83
1692616860,1889.65,91
1692616920,1889.24,110
1692616980,1889.06,80
1692617040,1889.20,72
1692617100,1889.38,54
1692617160,1889.72,70
1692617220,1889.62,46
1692617280,1889.86,79
1692617340,1890.30,133
1692617400,1890.47,155
1692617460,1890.56,126
1692617520,1890.74,114
1692617580,1890.99,170
1692617640,1890.96,176
1692617700,1891.42,102
1692617760,1891.46,113
1692617820,1891.47,101
1692617880,1891.74,130
1692617940,1891.81,132
1692618000,1891.73,119
1692618060,1891.64,105
1692618120,1891.74,142
1692618180,1891.82,122
1692618240,1892.54,177
1692618300,1892.42,147
1692618360,1892.31,148
1692618420,1891.83,122
1692618480,1891.96,76
1692618540,1892.16,133
1692618600,1892.23,111
1692618660,1892.11,106
1692618720,1892.29,89
1692618780,1892.15,98
1692618840,1892.12,112
1692618900,1891.85,143
1692618960,1892.26,111
1692619020,1892.56,136
1692619080,1892.62,93
1692619140,1893.08,151
1692619200,1893.46,175
1692619260,1893.64,190
1692619320,1894.07,182
1692619380,1894.74,246
1692619440,1894.28,216
1692619500,1894.66,184
1692619560,1894.77,226
1692619620,1894.12,212
1692619680,1894.26,190
1692619740,1894.62,186
1692619800,1894.94,224
1692619860,1894.72,179
1692619920,1894.42,213
1692619980,1894.44,174
1692620040,1893.99,164
1692620100,1893.78,194
1692620160,1893.72,205
1692620220,1893.57,169
1692620280,1893.41,130
1692620340,1893.24,154
1692620400,1894.41,280
1692620460,1894.90,296
1692620520,1894.83,214
1692620580,1894.14,275
1692620640,1893.30,239
1692620700,1893.90,241
1692620760,1893.98,187
1692620820,1894.40,190
1692620880,1893.82,176
1692620940,1893.66,180
1692621000,1894.04,248
1692621060,1893.74,158
1692621120,1893.37,204
1692621180,1893.48,230
1692621240,1894.62,174
1692621300,1894.49,200
1692621360,1895.19,190
1692621420,1894.71,172
1692621480,1895.12,178
1692621540,1895.50,236
1692621600,1895.85,234
1692621660,1896.11,228
1692621720,1896.08,221
1692621780,1896.76,245
1692621840,1896.54,247
1692621900,1896.08,238
1692621960,1895.88,196
1692622020,1896.20,214
1692622080,1896.91,235
1692622140,1896.34,214
1692622200,1896.85,227
1692622260,1896.86,232
1692622320,1897.13,257
1692622380,1897.43,233
1692622440,1897.12,232
1692622500,1897.27,228
1692622560,1897.51,188
1692622620,1896.80,184
1692622680,1897.27,191
1692622740,1897.20,244
1692622800,1897.30,354
1692622860,1897.80,272
1692622920,1898.50,294
1692622980,1897.73,266
1692623040,1897.11,278
1692623100,1897.09,263
1692623160,1897.20,270
1692623220,1895.87,248
1692623280,1895.75,234
1692623340,1895.75,164
1692623400,1895.83,218
1692623460,1895.21,235
1692623520,1895.38,197
1692623580,1895.78,237
1692623640,1895.33,216
1692623700,1895.50,220
1692623760,1895.38,190
1692623820,1896.19,227
1692623880,1896.68,232
1692623940,1896.45,228
1692624000,1896.08,187
1692624060,1896.92,220
1692624120,1896.67,210
1692624180,1896.74,200
1692624240,1896.38,166
1692624300,1896.22,182
1692624360,1895.98,136
1692624420,1895.57,185
1692624480,1895.35,160
1692624540,1895.41,206
1692624600,1894.53,257
1692624660,1894.45,272
1692624720,1894.91,251
1692624780,1894.76,279
1692624840,1895.65,274
1692624900,1894.44,259
1692624960,1893.39,284
1692625020,1893.62,288
1692625080,1892.88,265
1692625140,1891.94,327
1692625200,1892.26,306
1692625260,1891.77,325
1692625320,1892.46,284
1692625380,1891.48,275
1692625440,1891.25,272
1692625500,1889.92,319
1692625560,1889.71,310
1692625620,1890.46,297
1692625680,1890.71,269
1692625740,1890.51,285
1692625800,1889.86,277
1692625860,1889.13,273
1692625920,1889.33,253
1692625980,1889.25,284
1692626040,1889.49,273
1692626100,1889.28,272
1692626160,1889.28,290
1692626220,1889.71,225
1692626280,1889.66,222
1692626340,1890.09,218
1692626400,1890.94,283
1692626460,1890.77,224
1692626520,1889.69,232
1692626580,1889.84,162
1692626640,1890.34,234
1692626700,1890.58,258
1692626760,1890.21,209
1692626820,1889.62,246
1692626880,1889.45,289
1692626940,1889.73,230
1692627000,1889.61,237
1692627060,1889.16,268
1692627120,1889.54,274
1692627180,1889.36,262
1692627240,1888.62,287
1692627300,1888.55,297
1692627360,1887.93,306
1692627420,1888.05,265
1692627480,1887.71,279
1692627540,1887.57,288
1692627600,1887.66,253
1692627660,1887.69,226
1692627720,1887.53,204
1692627780,1887.90,214
1692627840,1888.26,241
1692627900,1887.73,206
1692627960,1887.65,213
1692628020,1887.59,257
1692628080,1887.25,228
1692628140,1887.54,209
1692628200,1886.79,235
1692628260,1886.18,301
1692628320,1886.19,247
1692628380,1885.92,244
1692628440,1886.15,186
1692628500,1885.53,237
1692628560,1885.72,245
1692628620,1886.70,233
1692628680,1886.91,239
1692628740,1886.71,204
1692628800,1887.30,205
1692628860,1887.65,150
1692628920,1887.01,193
1692628980,1886.36,212
1692629040,1886.34,228
1692629100,1885.50,238
1692629160,1886.11,213
1692629220,1885.99,188
1692629280,1886.23,184
1692629340,1886.80,182
1692629400,1886.80,158
1692629460,1887.03,181
1692629520,1886.85,104
1692629580,1886.70,158
1692629640,1886.28,168
1692629700,1886.54,186
1692629760,1886.95,124
1692629820,1887.17,132
1692629880,1887.46,148
1692629940,1886.89,106
1692630000,1886.09,181
1692630060,1886.39,188
1692630120,1886.55,172
1692630180,1886.34,149
1692630240,1886.64,186
1692630300,1887.28,166
1692630360,1887.53,177
1692630420,1888.02,146
1692630480,1888.15,182
1692630540,1888.08,210
1692630600,1888.61,182
1692630660,1888.60,194
1692630720,1888.35,207
1692630780,1888.36,190
1692630840,1888.34,172
1692630900,1888.39,192
1692630960,1888.98,172
1692631020,1888.76,189
1692631080,1889.35,217
1692631140,1889.31,200
1692631200,1889.80,183
1692631260,1889.40,172
1692631320,1889.12,174
1692631380,1889.25,173
1692631440,1889.39,136
1692631500,1889.07,128
1692631560,1888.67,154
1692631620,1888.79,146
1692631680,1888.76,108
1692631740,1889.47,151
1692631800,1889.42,152
1692631860,1889.25,153
1692631920,1889.33,153
1692631980,1889.54,138
1692632040,1888.86,176
1692632100,1889.18,166
1692632160,1889.29,151
1692632220,1889.33,148
1692632280,1889.42,129
1692632340,1889.34,110
1692632400,1889.56,110
1692632460,1889.17,112
1692632520,1888.96,140
1692632580,1889.27,125
1692632640,1889.19,82
1692632700,1889.38,129
1692632760,1889.52,94
1692632820,1889.70,70
1692632880,1889.71,112
1692632940,1889.25,142
1692633000,1889.66,163
1692633060,1889.71,92
1692633120,1889.39,108
1692633180,1889.47,138
1692633240,1889.40,107
1692633300,1889.36,192
1692633360,1889.38,161
1692633420,1889.40,162
1692633480,1889.36,169
1692633540,1889.16,128
1692633600,1889.36,116
1692633660,1889.38,146
1692633720,1889.25,130
1692633780,1889.57,148
1692633840,1889.42,90
1692633900,1889.15,131
1692633960,1889.48,122
1692634020,1889.34,136
1692634080,1889.35,126
1692634140,1889.74,140
1692634200,1889.91,98
1692634260,1889.87,86
1692634320,1890.54,140
1692634380,1890.75,196
1692634440,1890.84,146
1692634500,1890.75,134
1692634560,1890.95,119
1692634620,1890.90,113
1692634680,1890.97,126
1692634740,1890.88,100
1692634800,1890.86,104
1692634860,1890.63,134
1692634920,1890.72,96
1692634980,1890.36,123
1692635040,1890.56,89
1692635100,1890.40,98
1692635160,1890.39,81
1692635220,1890.60,76
1692635280,1890.71,111
1692635340,1890.88,136
1692635400,1890.82,116
1692635460,1890.61,111
1692635520,1890.40,118
1692635580,1890.69,90
1692635640,1890.50,83
1692635700,1890.24,118
1692635760,1890.53,70
1692635820,1890.46,109
1692635880,1890.07,101
1692635940,1889.90,97
1692636000,1890.58,116
1692636060,1890.51,70
1692636120,1890.68,106
1692636180,1890.72,126
1692636240,1891.04,84
1692636300,1891.41,132
1692636360,1891.41,123
1692636420,1891.66,96
1692636480,1891.76,137
1692636540,1891.78,103
1692636600,1891.78,108
1692636660,1891.96,89
1692636720,1891.86,114
1692636780,1892.06,116
1692636840,1892.17,112
1692636900,1892.19,145
1692636960,1892.21,102
1692637020,1892.19,91
1692637080,1892.58,90
1692637140,1892.59,138
1692637200,1892.96,158
1692637260,1892.97,104
1692637320,1892.87,142
1692637380,1893.24,184
1692637440,1893.28,148
1692637500,1893.00,126
1692637560,1893.00,111
1692637620,1892.75,123
1692637680,1892.56,134
1692637740,1892.88,121
1692637800,1892.90,122
1692637860,1892.71,97
1692637920,1892.88,96
1692637980,1893.14,103
1692638040,1893.36,118
1692638100,1893.48,166
1692638160,1893.21,119
1692638220,1892.91,107
1692638280,1893.02,120
1692638340,1893.10,95
1692638400,1893.56,114
1692638460,1893.70,148
1692638520,1893.80,93
1692638580,1893.79,103
1692638640,1894.07,154
1692638700,1894.60,166
1692638760,1894.12,102
1692638820,1893.82,103
1692638880,1894.18,132
1692638940,1894.16,270
1692639000,1894.48,174
1692639060,1894.68,109
1692639120,1894.61,101
1692639180,1894.23,83
1692639240,1894.44,114
1692639300,1894.85,153
1692639360,1894.71,85
1692639420,1894.93,115
1692639480,1894.53,101
1692639540,1894.62,150
1692639600,1894.78,118
1692639660,1894.92,103
1692639720,1894.93,95
1692639780,1894.96,110
1692639840,1894.92,106
1692639900,1895.20,71
1692639960,1894.38,112
1692640020,1894.96,134
1692640080,1895.14,114
1692640140,1895.23,110
1692640200,1895.16,116
1692640260,1895.19,93
1692640320,1895.00,73
1692640380,1894.94,101
1692640440,1894.75,69
1692640500,1894.83,80
1692640560,1894.64,70
1692640620,1894.35,112
1692640680,1894.26,114
1692640740,1894.35,88
1692640800,1894.56,104
1692640860,1894.51,84
1692640920,1894.40,66
1692640980,1894.50,84
1692641040,1894.32,34
1692641100,1894.08,74
1692641160,1894.36,92
1692641220,1894.02,69
1692641280,1894.08,87
1692641340,1894.27,52
1692641400,1894.27,74
1692641460,1894.28,63
1692641520,1894.37,36
1692641580,1894.48,50
1692641640,1894.36,58
1692641700,1894.57,49
1692641760,1894.46,93
1692641820,1894.34,84
1692641880,1894.43,82
1692641940,1894.33,84
1692642000,1894.62,79
1692642060,1894.74,94
1692642120,1894.52,98
1692642180,1894.61,80
1692642240,1894.42,71
1692642300,1894.39,88
1692642360,1894.21,54
1692642420,1894.42,42
1692642480,1894.61,89
1692642540,1894.56,59
1692642600,1894.67,86
1692642660,1894.22,84
1692642720,1894.24,52
1692642780,1894.16,62
1692642840,1893.96,66
1692642900,1893.98,61
1692642960,1894.10,82
1692643020,1894.38,65
1692643080,1894.52,84
1692643140,1894.72,77
1692643200,1894.68,74
1692643260,1894.86,65
1692643320,1894.86,70
1692643380,1894.86,66
1692643440,1894.65,72
1692643500,1894.51,61
1692643560,1894.66,38
1692643620,1894.75,72
1692643680,1894.66,92
1692643740,1894.55,91
1692643800,1894.86,62
1692643860,1894.83,75
1692643920,1894.98,55
1692643980,1894.95,67
1692644040,1894.74,87
1692644100,1894.66,116
1692644160,1894.66,83
1692644220,1894.74,69
1692644280,1894.71,82
1692644340,1894.58,95
1692644400,1895.00,92
1692644460,1895.12,64
1692644520,1894.99,62
1692644580,1895.00,62
1692644640,1894.85,79
1692644700,1894.90,84
1692644760,1895.11,54
1692644820,1894.78,53
1692644880,1894.88,72
1692644940,1894.58,76
1692645000,1894.60,48
1692645060,1894.67,58
1692645120,1894.47,90
1692645180,1894.40,71
1692645240,1894.38,64
1692645300,1894.50,69
1692645360,1894.58,44
1692645420,1894.67,62
1692645480,1894.68,32
1692645540,1894.68,28
1692645600,1894.64,42
1692645660,1894.44,57
1692645720,1894.64,71
1692645780,1894.63,52
1692645840,1894.75,64
1692645900,1894.72,50
1692645960,1894.45,60
1692646020,1894.39,67
1692646080,1894.32,43
1692646140,1894.32,53
1692646200,1894.44,74
1692646260,1894.44,44
1692646320,1894.60,75
1692646380,1894.63,44
1692646440,1894.47,37
1692646500,1894.47,56
1692646560,1894.46,69
1692646620,1894.58,48
1692646680,1894.56,17
1692646740,1894.37,80
1692646800,1894.60,78
1692646860,1894.40,93
1692646920,1894.38,73
1692646980,1894.42,47
1692647040,1894.31,74
1692647100,1894.42,76
1692647160,1894.41,68
1692647220,1894.57,46
1692647280,1894.49,69
1692647340,1894.47,40
1692647400,1894.39,48
1692647460,1894.40,100
1692647520,1894.54,61
1692647580,1894.63,108
1692647640,1894.53,70
1692647700,1894.54,94
1692647760,1894.41,75
1692647820,1894.49,104
1692647880,1894.51,85
1692647940,1894.32,103
1692648000,1894.64,86
1692648060,1894.59,45
1692648120,1894.51,32
1692648180,1894.46,46
1692648240,1894.51,30
1692648300,1894.47,20
1692648360,1894.31,26
1692648420,1894.28,32
1692648480,1894.40,36
1692648540,1894.36,38
1692648600,1894.37,65
1692648660,1894.37,47
1692648720,1894.38,14
1692648780,1894.42,26
1692648840,1894.44,31
1692648900,1894.45,18
1692648960,1894.44,18
1692649020,1894.54,20
1692649080,1894.57,30
1692649140,1894.54,22
1692649200,1894.65,20
1692649260,1894.63,20
1692649320,1894.72,52
1692649380,1894.74,6
1692649440,1894.72,12
1692649500,1894.53,32
1692649560,1894.53,4
1692649620,1894.54,26
1692649680,1894.63,18
1692649740,1894.53,21
1692649800,1894.51,30
1692649860,1894.61,25
1692649920,1894.52,39
1692649980,1894.53,14
1692650040,1894.54,36
1692650100,1894.52,38
1692650160,1894.62,38
1692650220,1894.62,16
1692650280,1894.66,31
1692650340,1894.67,18
1692650400,1894.62,26
1692650460,1894.52,27
1692650520,1894.57,16
1692650580,1894.51,14
1692650640,1894.58,16
1692650700,1894.59,8
1692650760,1894.70,8
1692650820,1894.71,14
1692650880,1894.71,8
1692650940,1894.64,26
1692651000,1894.72,24
1692651060,1894.75,18
1692651120,1894.70,16
1692651180,1894.68,25
1692651240,1894.67,48
1692651300,1894.68,50
1692651360,1894.72,16
1692655320,1894.63,23
1692655380,1894.83,31
1692655440,1894.71,28
1692655500,1894.73,10
1692655560,1894.73,8
1692655620,1894.70,10
1692655680,1894.74,28
1692655740,1894.92,10
1692655800,1894.75,12
1692655860,1894.94,41
1692655920,1894.92,25
1692655980,1894.95,10
1692656040,1894.95,12
1692656100,1894.99,14
1692656160,1894.98,14
1692656220,1894.98,7
1692656280,1895.13,17
1692656340,1895.00,19
1692656400,1894.91,9
1692656460,1894.92,2
1692656520,1894.92,8
1692656580,1894.81,11
1692656640,1894.74,15
1692656700,1894.92,19
1692656760,1894.96,4
1692656820,1894.96,4
1692656880,1894.97,2
1692657000,1894.95,14
1692657060,1894.82,4
1692657120,1894.75,4
1692657180,1894.89,10
1692657240,1894.89,6
1692657300,1894.70,14
1692657360,1894.75,6
1692657420,1894.78,2
1692657480,1894.91,6
1692657540,1894.95,19
1692657600,1895.00,34
1692657660,1894.96,32
1692657720,1895.07,20
1692657780,1895.16,16
1692657840,1895.17,3
1692657900,1895.04,27
1692657960,1895.07,2
1692658080,1895.07,4
1692658140,1894.97,2
1692658200,1895.06,8
1692658260,1894.96,13
1692658320,1895.06,26
1692658380,1895.07,8
1692658440,1895.07,4
1692658560,1895.06,14
1692658680,1895.06,4
1692658800,1895.84,100
1692658860,1895.92,98
1692658920,1896.04,67
1692658980,1896.06,16
1692659040,1895.91,28
1692659100,1895.89,17
1692659160,1895.83,6
1692659220,1895.90,6
1692659280,1895.88,6
1692659340,1895.96,34
1692659400,1895.90,31
1692659460,1895.81,28
1692659520,1895.76,10
1692659580,1895.70,8
1692659640,1895.60,14
1692659700,1895.51,14
1692659760,1895.66,26
1692659820,1895.66,4
1692659880,1895.67,14
1692659940,1895.66,2
1692660000,1895.74,13
1692660060,1895.84,22
1692660120,1895.86,8
1692660180,1895.75,6
1692660240,1895.64,11
1692660300,1895.54,18
1692660360,1895.47,14
1692660420,1895.47,10
1692660480,1895.47,6
1692660540,1895.46,20
1692660600,1895.59,6
1692660660,1895.59,12
1692660780,1895.59,8
1692660840,1895.63,6
1692660900,1895.41,35
1692660960,1895.16,24
1692661020,1895.90,76
1692661080,1895.68,56
1692661140,1895.65,27
1692661200,1895.70,21
1692661260,1895.60,20
1692661320,1895.60,21
1692661380,1895.53,50
1692661440,1895.45,41
1692661500,1895.16,97
1692661560,1895.32,92
1692661620,1895.14,34
1692661680,1895.20,44
1692661740,1895.11,28
1692661800,1895.04,67
1692661860,1895.05,44
1692661920,1894.90,20
1692661980,1895.10,28
1692662040,1894.99,28
1692662100,1895.00,62
1692662160,1894.78,50
1692662220,1894.68,34
1692662280,1894.80,48
1692662340,1894.80,27
1692662400,1894.63,65
1692662460,1894.49,67
1692662520,1894.36,64
1692662580,1894.02,104
1692662640,1894.02,83
1692662700,1894.04,140
1692662760,1894.40,55
1692662820,1894.31,56
1692662880,1894.30,59
1692662940,1894.29,60
1692663000,1894.40,61
1692663060,1894.34,20
1692663120,1894.42,30
1692663180,1894.34,38
1692663240,1894.12,22
1692663300,1894.44,46
1692663360,1894.44,75
1692663420,1894.46,56
1692663480,1894.51,54
1692663540,1894.63,79
1692663600,1894.88,45
1692663660,1894.74,51
1692663720,1894.73,62
1692663780,1894.70,44
1692663840,1894.73,46
1692663900,1894.67,48
1692663960,1894.61,33
1692664020,1894.77,28
1692664080,1894.59,40
1692664140,1894.67,39
1692664200,1894.69,51
1692664260,1894.82,80
1692664320,1894.92,39
1692664380,1895.08,54
1692664440,1895.14,38
1692664500,1895.08,38
1692664560,1895.30,24
1692664620,1895.31,44
1692664680,1894.98,35
1692664740,1895.10,56
1692664800,1895.12,20
1692664860,1895.10,36
1692664920,1895.12,36
1692664980,1895.22,23
1692665040,1895.29,29
1692665100,1895.41,50
1692665160,1895.30,32
1692665220,1895.27,50
1692665280,1895.33,54
1692665340,1895.34,54
1692665400,1895.30,29
1692665460,1895.45,36
1692665520,1895.46,16
1692665580,1895.45,22
1692665640,1895.41,42
1692665700,1895.64,49
1692665760,1895.64,31
1692665820,1895.70,47
1692665880,1895.44,54
1692665940,1895.51,48
1692666000,1895.42,110
1692666060,1895.95,147
1692666120,1895.91,98
1692666180,1896.28,79
1692666240,1896.19,110
1692666300,1895.88,74
1692666360,1895.49,96
1692666420,1895.31,79
1692666480,1894.92,63
1692666540,1895.16,59
1692666600,1895.17,59
1692666660,1895.36,90
1692666720,1895.34,58
1692666780,1895.05,35
1692666840,1894.89,44
1692666900,1894.86,103
1692666960,1895.24,108
1692667020,1895.36,77
1692667080,1895.33,76
1692667140,1895.28,77
1692667200,1895.21,50
1692667260,1895.39,73
1692667320,1896.06,92
1692667380,1896.35,113
1692667440,1896.42,125
1692667500,1896.77,127
1692667560,1896.81,154
1692667620,1896.32,131
1692667680,1896.21,134
1692667740,1896.34,107
1692667800,1896.86,134
1692667860,1896.84,205
1692667920,1897.22,154
1692667980,1897.12,150
1692668040,1896.78,88
1692668100,1896.06,121
1692668160,1895.88,112
1692668220,1895.42,68
1692668280,1895.91,112
1692668340,1895.84,106
1692668400,1896.10,52
1692668460,1895.39,132
1692668520,1895.58,136
1692668580,1895.30,117
1692668640,1895.57,124
1692668700,1896.18,107
1692668760,1895.71,167
1692668820,1895.97,116
1692668880,1895.97,90
1692668940,1895.69,97
1692669000,1895.25,102
1692669060,1894.98,96
1692669120,1894.48,115
1692669180,1894.85,110
1692669240,1894.93,125
1692669300,1894.98,126
1692669360,1895.08,93
1692669420,1895.23,102
1692669480,1895.10,82
1692669540,1895.14,88
1692669600,1895.14,105
1692669660,1895.07,120
1692669720,1895.39,115
1692669780,1895.64,109
1692669840,1895.47,139
1692669900,1895.63,133
1692669960,1895.81,103
1692670020,1895.91,74
1692670080,1895.62,68
1692670140,1895.78,112
1692670200,1895.78,122
1692670260,1895.72,116
1692670320,1895.76,70
1692670380,1895.75,138
1692670440,1895.76,110
1692670500,1896.32,222
1692670560,1896.60,80
1692670620,1896.92,83
1692670680,1896.89,82
1692670740,1896.65,69
1692670800,1896.61,70
1692670860,1896.93,56
1692670920,1897.06,57
1692670980,1896.48,98
1692671040,1896.46,66
1692671100,1896.77,45
1692671160,1896.44,51
1692671220,1896.54,60
1692671280,1896.78,60
1692671340,1896.19,93
1692671400,1896.20,101
1692671460,1895.83,111
1692671520,1895.96,79
1692671580,1896.09,81
1692671640,1895.82,72
1692671700,1895.08,154
1692671760,1895.10,160
1692671820,1894.86,90
1692671880,1894.88,106
1692671940,1895.01,94
1692672000,1894.64,79
1692672060,1894.69,64
1692672120,1894.92,83
1692672180,1894.94,61
1692672240,1895.04,89
1692672300,1894.79,106
1692672360,1894.72,70
1692672420,1894.60,96
1692672480,1894.92,70
1692672540,1894.93,89
1692672600,1895.02,87
1692672660,1894.81,82
1692672720,1894.94,105
1692672780,1895.08,110
1692672840,1895.14,83
1692672900,1894.92,98
1692672960,1894.75,70
1692673020,1894.53,112
1692673080,1894.47,64
1692673140,1894.46,82
1692673200,1894.37,112
1692673260,1894.65,136
1692673320,1894.70,104
1692673380,1894.97,98
1692673440,1894.84,82
1692673500,1894.97,64
1692673560,1895.08,62
1692673620,1894.94,78
1692673680,1895.26,67
1692673740,1895.44,92
1692673800,1896.00,110
1692673860,1896.22,126
1692673920,1895.85,88
1692673980,1895.97,102
1692674040,1896.02,90
1692674100,1896.32,226
1692674160,1896.39,107
1692674220,1896.46,70
1692674280,1896.30,71
1692674340,1896.42,58
1692674400,1896.48,107
1692674460,1896.40,66
1692674520,1896.46,74
1692674580,1896.14,70
1692674640,1896.26,64
1692674700,1896.22,86
1692674760,1896.24,62
1692674820,1896.64,52
1692674880,1896.94,168
1692674940,1896.76,180
1692675000,1896.34,72
1692675060,1896.15,115
1692675120,1896.06,55
1692675180,1895.93,86
1692675240,1895.94,43
1692675300,1896.06,33
1692675360,1895.94,34
1692675420,1896.02,46
1692675480,1895.78,85
1692675540,1895.95,55
1692675600,1896.08,35
1692675660,1896.12,52
1692675720,1896.30,42
1692675780,1896.13,57
1692675840,1896.19,53
1692675900,1896.13,49
1692675960,1896.30,53
1692676020,1896.18,51
1692676080,1896.09,30
1692676140,1896.04,34
1692676200,1896.06,50
1692676260,1895.93,64
1692676320,1895.93,36
1692676380,1896.00,30
1692676440,1895.98,44
1692676500,1896.04,41
1692676560,1896.11,44
1692676620,1896.05,41
1692676680,1896.16,38
1692676740,1896.11,30
1692676800,1896.15,9
1692676860,1896.24,37
1692676920,1896.22,40
1692676980,1896.18,23
1692677040,1896.12,44
1692677100,1896.16,40
1692677160,1896.26,22
1692677220,1896.16,32
1692677280,1896.16,12
1692677340,1896.15,6
1692677400,1896.15,12
1692677460,1896.08,26
1692677520,1896.08,14
1692677580,1896.07,26
1692677640,1896.22,20
1692677700,1896.15,28
1692677760,1896.23,51
1692677820,1896.03,25
1692677880,1896.04,34
1692677940,1896.17,26
1692678000,1896.42,36
1692678060,1896.28,21
1692678120,1896.22,25
1692678180,1896.23,3
1692678240,1896.20,46
1692678300,1896.15,52
1692678360,1896.20,24
1692678420,1896.11,14
1692678480,1896.10,8
1692678540,1896.10,30
1692678600,1896.09,6
1692678660,1895.93,35
1692678720,1895.91,24
1692678780,1895.93,18
1692678840,1895.99,22
1692678900,1896.10,34
1692678960,1896.12,49
1692679020,1895.74,33
1692679080,1895.74,62
1692679140,1895.65,20
1692679200,1895.73,33
1692679260,1895.68,41
1692679320,1895.72,15
1692679380,1895.62,19
1692679440,1895.70,25
1692679500,1895.60,23
1692679560,1895.73,34
1692679620,1895.34,87
1692679680,1895.42,72
1692679740,1895.26,50
1692679800,1895.00,155
1692679860,1894.83,92
1692679920,1895.02,44
1692679980,1894.86,43
1692680040,1894.72,63
1692680100,1894.66,54
1692680160,1894.78,26
1692680220,1894.68,34
1692680280,1894.54,43
1692680340,1894.01,92
1692680400,1894.70,110
1692680460,1894.76,65
1692680580,1894.66,19
1692680640,1894.73,46
1692680700,1895.36,100
1692680760,1895.06,52
1692680820,1894.88,49
1692680880,1894.66,54
1692680940,1894.54,78
1692681000,1895.10,100
1692681060,1895.48,104
1692681120,1895.56,53
1692681180,1895.45,86
1692681240,1895.90,95
1692681300,1895.84,126
1692681360,1895.74,80
1692681420,1896.19,40
1692681480,1896.06,104
1692681540,1895.79,72
1692681600,1895.86,89
1692681660,1896.01,73
1692681720,1895.86,76
1692681780,1895.94,60
1692681840,1895.96,76
1692681900,1895.82,69
1692681960,1895.84,74
1692682020,1896.05,62
1692682080,1896.23,53
1692682140,1896.23,44
1692682200,1895.94,89
1692682260,1895.67,96
1692682320,1895.77,63
1692682380,1895.57,84
1692682440,1895.07,88
1692682500,1895.32,102
1692682560,1895.44,109
1692682620,1895.43,86
1692682680,1895.80,143
1692682740,1895.60,101
1692682800,1895.70,104
1692682860,1896.04,87
1692682920,1896.16,86
1692682980,1896.19,82
1692683040,1896.39,61
1692683100,1896.14,72
1692683160,1896.02,100
1692683220,1896.00,71
1692683280,1896.02,38
1692683340,1896.32,59
1692683400,1896.01,54
1692683460,1896.06,42
1692683520,1896.22,59
1692683580,1896.10,58
1692683640,1895.80,76
1692683700,1895.60,59
1692683760,1895.32,72
1692683820,1895.40,83
1692683880,1895.48,76
1692683940,1895.48,51
1692684000,1896.26,118
1692684060,1895.58,168
1692684120,1895.42,112
1692684180,1895.50,71
1692684240,1895.82,69
1692684300,1895.85,96
1692684360,1896.02,154
1692684420,1896.19,93
1692684480,1896.59,110
1692684540,1896.56,85
1692684600,1896.88,129
1692684660,1897.30,149
1692684720,1897.75,122
1692684780,1897.76,103
1692684840,1898.09,170
1692684900,1897.86,182
1692684960,1897.94,136
1692685020,1897.98,111
1692685080,1897.70,120
1692685140,1898.42,158
1692685200,1899.16,206
1692685260,1899.32,250
1692685320,1899.39,146
1692685380,1899.36,153
1692685440,1899.42,126
1692685500,1899.52,148
1692685560,1900.11,156
1692685620,1899.90,149
1692685680,1900.06,117
1692685740,1899.94,159
1692685800,1900.18,174
1692685860,1899.93,170
1692685920,1899.62,153
1692685980,1899.56,146
1692686040,1899.42,151
1692686100,1899.39,106
1692686160,1899.30,140
1692686220,1899.34,128
1692686280,1899.25,124
1692686340,1899.30,127
1692686400,1899.35,107
1692686460,1899.12,94
1692686520,1898.82,200
1692686580,1898.56,136
1692686640,1898.84,93
1692686700,1898.50,132
1692686760,1898.40,136
1692686820,1898.24,144
1692686880,1898.26,78
1692686940,1898.07,88
1692687000,1897.88,109
1692687060,1898.30,92
1692687120,1898.30,62
1692687180,1898.41,55
1692687240,1898.32,70
1692687300,1898.82,101
1692687360,1898.84,123
1692687420,1898.84,132
1692687480,1898.87,126
1692687540,1898.96,116
1692687600,1898.52,195
1692687660,1898.34,143
1692687720,1898.80,169
1692687780,1898.74,157
1692687840,1898.74,98
1692687900,1898.95,126
1692687960,1898.93,136
1692688020,1898.97,110
1692688080,1899.10,122
1692688140,1899.41,148
1692688200,1899.26,139
1692688260,1899.18,98
1692688320,1899.42,138
1692688380,1899.12,105
1692688440,1899.14,88
1692688500,1899.07,105
1692688560,1899.25,105
1692688620,1899.46,106
1692688680,1899.72,86
1692688740,1899.92,124
1692688800,1900.02,104
1692688860,1899.93,115
1692688920,1899.78,163
1692688980,1899.67,186
1692689040,1900.15,131
1692689100,1900.12,134
1692689160,1900.52,128
1692689220,1900.82,130
1692689280,1900.34,99
1692689340,1900.57,133
1692689400,1900.24,124
1692689460,1900.17,129
1692689520,1900.10,140
1692689580,1900.04,82
1692689640,1900.21,72
1692689700,1900.26,128
1692689760,1899.95,127
1692689820,1900.39,121
1692689880,1900.24,95
1692689940,1900.46,79
1692690000,1900.60,112
1692690060,1900.78,82
1692690120,1900.79,126
1692690180,1901.10,145
1692690240,1901.27,139
1692690300,1901.08,94
1692690360,1901.31,91
1692690420,1901.35,170
1692690480,1901.86,148
1692690540,1901.22,152
1692690600,1901.50,100
1692690660,1901.30,130
1692690720,1900.80,106
1692690780,1900.53,87
1692690840,1901.01,126
1692690900,1901.17,67
1692690960,1901.19,86
1692691020,1901.22,83
1692691080,1901.36,83
1692691140,1901.55,92
1692691200,1901.92,146
1692691260,1901.66,138
1692691320,1901.87,152
1692691380,1901.79,146
1692691440,1902.11,134
1692691500,1901.98,141
1692691560,1901.60,160
1692691620,1901.31,137
1692691680,1901.30,101
1692691740,1901.32,131
1692691800,1901.31,95
1692691860,1901.15,91
1692691920,1900.88,98
1692691980,1900.87,77
1692692040,1900.61,86
1692692100,1900.46,97
1692692160,1900.22,115
1692692220,1899.88,64
1692692280,1899.89,104
1692692340,1899.79,122
1692692400,1899.41,179
1692692460,1899.12,130
1692692520,1899.06,178
1692692580,1898.67,152
1692692640,1898.85,87
1692692700,1899.18,160
1692692760,1899.20,105
1692692820,1899.21,98
1692692880,1899.01,107
1692692940,1898.91,99
1692693000,1898.69,109
1692693060,1898.53,81
1692693120,1898.69,135
1692693180,1898.57,66
1692693240,1898.63,97
1692693300,1898.96,92
1692693360,1898.98,153
1692693420,1899.15,115
1692693480,1899.38,128
1692693540,1899.66,116
1692693600,1899.43,113
1692693660,1899.54,90
1692693720,1899.66,88
1692693780,1899.77,87
1692693840,1899.47,115
1692693900,1899.06,72
1692693960,1899.50,119
1692694020,1899.83,154
1692694080,1899.06,104
1692694140,1899.16,98
1692694200,1899.22,88
1692694260,1899.28,66
1692694320,1899.67,72
1692694380,1899.55,116
1692694440,1899.42,92
1692694500,1899.48,78
1692694560,1899.46,90
1692694620,1899.57,129
1692694680,1899.66,113
1692694740,1899.96,100
1692694800,1899.64,100
1692694860,1899.65,95
1692694920,1899.96,89
1692694980,1899.49,121
1692695040,1899.65,85
1692695100,1899.87,77
1692695160,1899.82,70
1692695220,1899.92,88
1692695280,1900.06,96
1692695340,1899.97,77
1692695400,1900.30,58
1692695460,1900.28,85
1692695520,1900.36,94
1692695580,1900.36,81
1692695640,1900.19,102
1692695700,1900.27,122
1692695760,1900.73,120
1692695820,1901.04,86
1692695880,1901.28,103
1692695940,1901.25,106
1692696000,1900.87,91
1692696060,1900.76,119
1692696120,1900.48,118
1692696180,1900.78,82
1692696240,1900.91,59
1692696300,1900.87,50
1692696360,1900.49,63
1692696420,1900.59,97
1692696480,1900.53,79
1692696540,1900.62,78
1692696600,1901.05,122
1692696660,1901.24,144
1692696720,1901.50,97
1692696780,1901.54,97
1692696840,1901.57,82
1692696900,1901.74,65
1692696960,1901.70,99
1692697020,1901.64,81
1692697080,1901.85,101
1692697140,1901.91,68
1692697200,1901.94,72
1692697260,1902.36,114
1692697320,1902.20,120
1692697380,1902.22,86
1692697440,1902.32,113
1692697500,1902.75,108
1692697560,1902.77,97
1692697620,1902.57,66
1692697680,1902.87,77
1692697740,1902.91,48
1692697800,1903.02,104
1692697860,1902.88,87
1692697920,1902.83,112
1692697980,1902.74,81
1692698040,1902.91,89
1692698100,1903.58,112
1692698160,1903.14,162
1692698220,1902.94,128
1692698280,1902.73,137
1692698340,1902.79,100
1692698400,1902.52,114
1692698460,1902.81,107
1692698520,1902.76,107
1692698580,1902.91,60
1692698640,1902.94,77
1692698700,1903.48,116
1692698760,1903.19,79
1692698820,1903.49,96
1692698880,1903.60,102
1692698940,1903.81,94
1692699000,1903.92,92
1692699060,1903.68,89
1692699120,1903.60,98
1692699180,1903.54,86
1692699240,1903.56,87
1692699300,1903.68,108
1692699360,1903.78,98
1692699420,1904.02,112
1692699480,1904.05,96
1692699540,1904.01,98
1692699600,1904.06,120
1692699660,1904.13,123
1692699720,1903.53,95
1692699780,1903.48,110
1692699840,1903.57,116
1692699900,1903.28,95
1692699960,1902.46,122
1692700020,1902.03,138
1692700080,1902.24,132
1692700140,1902.24,132
1692700200,1902.88,134
1692700260,1902.59,63
1692700320,1903.00,94
1692700380,1902.64,67
1692700440,1902.55,85
1692700500,1902.66,71
1692700560,1902.82,85
1692700620,1903.22,76
1692700680,1903.30,85
1692700740,1903.44,56
1692700800,1903.28,73
1692700860,1903.12,86
1692700920,1902.90,75
1692700980,1903.01,114
1692701040,1902.74,91
1692701100,1902.76,82
1692701160,1902.31,99
1692701220,1902.35,107
1692701280,1902.14,123
1692701340,1902.28,126
1692701400,1902.14,92
1692701460,1902.38,121
1692701520,1902.08,83
1692701580,1902.00,107
1692701640,1902.28,123
1692701700,1902.52,126
1692701760,1902.30,87
1692701820,1902.39,112
1692701880,1902.00,95
1692701940,1901.98,114
1692702000,1901.87,122
1692702060,1901.98,99
1692702120,1902.00,102
1692702180,1902.60,128
1692702240,1902.32,97
1692702300,1902.60,93
1692702360,1902.40,101
1692702420,1901.89,112
1692702480,1902.06,94
1692702540,1901.61,92
1692702600,1901.78,66
1692702660,1901.88,65
1692702720,1901.99,58
1692702780,1902.45,154
1692702840,1902.16,136
1692702900,1902.27,108
1692702960,1902.63,89
1692703020,1902.72,109
1692703080,1903.00,130
1692703140,1902.80,131
1692703200,1902.84,87
1692703260,1902.86,112
1692703320,1902.80,88
1692703380,1903.00,87
1692703440,1902.94,100
1692703500,1902.90,86
1692703560,1902.59,65
1692703620,1902.48,100
1692703680,1902.23,84
1692703740,1901.93,78
1692703800,1902.17,119
1692703860,1902.52,113
1692703920,1902.40,71
1692703980,1901.97,96
1692704040,1902.10,103
1692704100,1902.36,101
1692704160,1902.25,86
1692704220,1902.35,76
1692704280,1902.12,124
1692704340,1902.01,72
1692704400,1902.23,100
1692704460,1902.15,118
1692704520,1902.30,88
1692704580,1902.43,104
1692704640,1902.56,85
1692704700,1902.75,72
1692704760,1903.04,92
1692704820,1903.26,110
1692704880,1903.22,121
1692704940,1903.18,119
1692705000,1902.84,96
1692705060,1902.72,87
1692705120,1902.46,114
1692705180,1902.76,114
1692705240,1902.65,98
1692705300,1902.61,106
1692705360,1902.66,115
1692705420,1902.45,70
1692705480,1902.26,87
1692705540,1902.18,58
1692705600,1902.33,109
1692705660,1902.52,126
1692705720,1902.24,119
1692705780,1902.15,104
1692705840,1902.30,128
1692705900,1902.22,128
1692705960,1902.42,112
1692706020,1902.54,112
1692706080,1903.10,143
1692706140,1902.66,110
1692706200,1903.02,128
1692706260,1903.32,132
1692706320,1903.22,161
1692706380,1902.98,128
1692706440,1902.61,110
1692706500,1902.77,133
1692706560,1902.89,110
1692706620,1902.84,133
1692706680,1902.20,152
1692706740,1901.60,230
1692706800,1901.74,235
1692706860,1901.56,214
1692706920,1900.22,253
1692706980,1900.17,248
1692707040,1900.53,218
1692707100,1900.25,228
1692707160,1900.34,212
1692707220,1899.18,212
1692707280,1899.77,209
1692707340,1900.09,204
1692707400,1900.79,303
1692707460,1900.56,257
1692707520,1900.82,192
1692707580,1899.89,210
1692707640,1899.87,186
1692707700,1900.35,158
1692707760,1899.47,282
1692707820,1899.74,281
1692707880,1899.35,228
1692707940,1898.83,248
1692708000,1898.40,236
1692708060,1898.45,254
1692708120,1897.66,240
1692708180,1897.08,224
1692708240,1897.03,210
1692708300,1897.53,248
1692708360,1897.27,224
1692708420,1897.97,229
1692708480,1897.93,230
1692708540,1898.20,162
1692708600,1897.89,195
1692708660,1897.70,181
1692708720,1896.74,202
1692708780,1897.31,214
1692708840,1896.94,189
1692708900,1896.93,168
1692708960,1897.44,243
1692709020,1897.51,216
1692709080,1897.74,164
1692709140,1897.46,166
1692709200,1896.30,355
1692709260,1896.05,264
1692709320,1896.58,284
1692709380,1896.02,247
1692709440,1896.37,216
1692709500,1896.55,266
1692709560,1896.51,213
1692709620,1896.68,222
1692709680,1896.77,214
1692709740,1897.37,206
1692709800,1896.72,244
1692709860,1896.83,182
1692709920,1896.09,194
1692709980,1896.21,232
1692710040,1896.15,189
1692710100,1895.90,166
1692710160,1895.53,246
1692710220,1896.03,208
1692710280,1896.16,170
1692710340,1895.23,220
1692710400,1895.52,204
1692710460,1896.00,176
1692710520,1895.94,172
1692710580,1895.55,170
1692710640,1894.97,218
1692710700,1894.75,228
1692710760,1894.21,225
1692710820,1894.42,229
1692710880,1895.02,222
1692710940,1894.64,254
1692711000,1894.21,274
1692711060,1894.42,287
1692711120,1894.02,272
1692711180,1893.31,207
1692711240,1894.18,282
1692711300,1893.65,250
1692711360,1893.48,281
1692711420,1893.58,276
1692711480,1893.76,311
1692711540,1893.78,299
1692711600,1893.42,285
1692711660,1893.40,273
1692711720,1893.83,260
1692711780,1893.56,288
1692711840,1893.56,277
1692711900,1893.00,315
1692711960,1893.41,271
1692712020,1893.42,298
1692712080,1893.38,268
1692712140,1892.53,215
1692712200,1892.48,284
1692712260,1891.86,271
1692712320,1890.97,284
1692712380,1890.88,292
1692712440,1889.90,291
1692712500,1890.06,314
1692712560,1890.38,286
1692712620,1890.33,310
1692712680,1890.39,278
1692712740,1890.44,246
1692712800,1891.42,342
1692712860,1892.42,316
1692712920,1892.03,322
1692712980,1892.71,283
1692713040,1893.19,288
1692713100,1892.96,307
1692713160,1892.07,263
1692713220,1893.24,243
1692713280,1892.82,232
1692713340,1892.64,202
1692713400,1892.66,235
1692713460,1893.06,219
1692713520,1893.68,247
1692713580,1894.24,238
1692713640,1894.38,290
1692713700,1894.52,259
1692713760,1893.92,179
1692713820,1894.79,228
1692713880,1893.94,228
1692713940,1893.71,218
1692714000,1893.48,222
1692714060,1893.19,214
1692714120,1893.65,201
1692714180,1893.07,204
1692714240,1893.44,184
1692714300,1893.14,214
1692714360,1892.73,136
1692714420,1892.21,149
1692714480,1891.71,174
1692714540,1891.90,196
1692714600,1892.26,240
1692714660,1891.21,237
1692714720,1891.24,210
1692714780,1891.58,246
1692714840,1891.50,205
1692714900,1892.19,186
1692714960,1892.09,212
1692715020,1892.36,157
1692715080,1891.66,200
1692715140,1892.00,207
1692715200,1892.21,244
1692715260,1892.00,197
1692715320,1892.35,168
1692715380,1893.30,216
1692715440,1893.79,212
1692715500,1893.70,237
1692715560,1894.24,238
1692715620,1894.10,244
1692715680,1894.20,205
1692715740,1894.98,265
1692715800,1894.90,240
1692715860,1895.11,188
1692715920,1895.25,205
1692715980,1895.45,183
1692716040,1895.43,196
1692716100,1895.31,222
1692716160,1895.52,220
1692716220,1895.50,215
1692716280,1895.38,242
1692716340,1895.12,198
1692716400,1895.61,223
1692716460,1895.78,206
1692716520,1895.66,145
1692716580,1896.10,186
1692716640,1896.06,190
1692716700,1895.84,181
1692716760,1896.38,153
1692716820,1897.24,171
1692716880,1897.59,264
1692716940,1897.69,264
1692717000,1897.62,221
1692717060,1897.48,204
1692717120,1897.64,227
1692717180,1897.00,203
1692717240,1896.58,198
1692717300,1896.24,211
1692717360,1896.33,186
1692717420,1896.94,172
1692717480,1896.73,150
1692717540,1896.18,186
1692717600,1896.18,156
1692717660,1896.26,188
1692717720,1895.96,154
1692717780,1896.09,132
1692717840,1896.59,158
1692717900,1896.99,174
1692717960,1897.10,143
1692718020,1896.92,150
1692718080,1896.80,124
1692718140,1896.80,130
1692718200,1896.98,117
1692718260,1897.44,124
1692718320,1897.76,146
1692718380,1897.86,124
1692718440,1897.81,130
1692718500,1897.65,108
1692718560,1897.72,142
1692718620,1897.70,186
1692718680,1898.00,188
1692718740,1898.32,205
1692718800,1897.83,150
1692718860,1898.33,147
1692718920,1898.31,152
1692718980,1898.18,182
1692719040,1897.90,142
1692719100,1898.10,176
1692719160,1898.43,142
1692719220,1898.53,116
1692719280,1898.58,140
1692719340,1898.60,145
1692719400,1899.05,132
1692719460,1898.92,176
1692719520,1898.75,198
1692719580,1898.50,144
1692719640,1898.30,148
1692719700,1898.38,178
1692719760,1898.27,128
1692719820,1898.14,103
1692719880,1897.83,139
1692719940,1897.85,104
1692720000,1898.44,205
1692720060,1898.37,154
1692720120,1898.60,197
1692720180,1898.71,160
1692720240,1898.90,127
1692720300,1898.50,132
1692720360,1898.50,73
1692720420,1898.78,120
1692720480,1898.57,122
1692720540,1898.26,143
1692720600,1898.04,166
1692720660,1898.02,152
1692720720,1898.19,116
1692720780,1898.22,120
1692720840,1898.22,133
1692720900,1898.45,150
1692720960,1897.93,122
1692721020,1897.61,135
1692721080,1897.54,143
1692721140,1897.85,134
1692721200,1897.60,134
1692721260,1897.85,110
1692721320,1897.76,100
1692721380,1898.10,107
1692721440,1898.41,125
1692721500,1898.22,124
1692721560,1897.90,112
1692721620,1897.64,127
1692721680,1897.71,153
1692721740,1897.92,111
1692721800,1897.81,116
1692721860,1897.66,76
1692721920,1897.30,100
1692721980,1897.34,115
1692722040,1897.45,80
1692722100,1897.37,95
1692722160,1897.16,76
1692722220,1897.28,86
1692722280,1897.39,84
1692722340,1897.80,106
1692722400,1897.34,118
1692722460,1897.38,74
1692722520,1897.26,97
1692722580,1897.43,58
1692722640,1897.49,78
1692722700,1897.21,86
1692722760,1897.23,55
1692722820,1897.20,70
1692722880,1896.77,118
1692722940,1897.18,116
1692723000,1896.96,68
1692723060,1897.18,115
1692723120,1896.99,100
1692723180,1897.21,59
1692723240,1897.29,101
1692723300,1897.12,69
1692723360,1896.98,85
1692723420,1897.08,103
1692723480,1897.09,84
1692723540,1897.36,108
1692723600,1897.37,85
1692723660,1896.98,164
1692723720,1897.43,99
1692723780,1897.80,105
1692723840,1897.81,121
1692723900,1897.70,127
1692723960,1897.59,108
1692724020,1897.57,102
1692724080,1897.94,88
1692724140,1898.02,112
1692724200,1897.88,104
1692724260,1897.79,101
1692724320,1897.88,98
1692724380,1897.91,98
1692724440,1897.62,129
1692724500,1897.30,116
1692724560,1897.13,114
1692724620,1897.50,133
1692724680,1897.04,109
1692724740,1897.00,95
1692724800,1897.09,71
1692724860,1897.09,84
1692724920,1897.10,72
1692724980,1897.22,95
1692725040,1897.11,119
1692725100,1897.29,86
1692725160,1897.60,104
1692725220,1897.81,116
1692725280,1897.57,114
1692725340,1897.00,238
1692725400,1897.39,142
1692725460,1897.91,134
1692725520,1897.97,95
1692725580,1897.72,82
1692725640,1897.84,94
1692725700,1897.44,99
1692725760,1897.49,86
1692725820,1897.52,70
1692725880,1897.51,72
1692725940,1897.68,93
1692726000,1897.29,92
1692726060,1897.36,67
1692726120,1897.51,67
1692726180,1897.27,92
1692726240,1897.27,85
1692726300,1897.36,81
1692726360,1897.48,58
1692726420,1897.66,72
1692726480,1897.90,57
1692726540,1897.74,89
1692726600,1897.33,84
1692726660,1897.60,70
1692726720,1897.96,93
1692726780,1897.83,74
1692726840,1898.00,88
1692726900,1898.20,68
1692726960,1897.80,69
1692727020,1897.60,79
1692727080,1897.66,75
1692727140,1897.73,66
1692727200,1897.51,97
1692727260,1897.62,93
1692727320,1897.51,79
1692727380,1897.73,63
1692727440,1897.80,82
1692727500,1897.50,92
1692727560,1897.52,60
1692727620,1897.76,66
1692727680,1897.64,27
1692727740,1897.62,54
1692727800,1897.70,68
1692727860,1897.22,97
1692727920,1897.23,92
1692727980,1897.35,96
1692728040,1897.38,62
1692728100,1897.37,60
1692728160,1897.28,79
1692728220,1897.18,60
1692728280,1897.08,24
1692728340,1896.99,28
1692728400,1896.68,66
1692728460,1896.63,66
1692728520,1896.75,72
1692728580,1896.74,64
1692728640,1896.53,72
1692728700,1896.64,84
1692728760,1896.61,85
1692728820,1896.55,78
1692728880,1896.43,75
1692728940,1896.44,40
1692729000,1896.53,74
1692729060,1896.54,66
1692729120,1896.52,106
1692729180,1896.54,52
1692729240,1896.58,67
1692729300,1896.56,98
1692729360,1896.44,70
1692729420,1896.54,74
1692729480,1896.56,52
1692729540,1896.53,42
1692729600,1896.65,57
1692729660,1897.18,66
1692729720,1897.14,77
1692729780,1897.22,63
1692729840,1897.20,59
1692729900,1897.26,85
1692729960,1897.31,59
1692730020,1897.49,62
1692730080,1897.57,36
1692730140,1897.34,43
1692730200,1897.28,70
1692730260,1897.41,37
1692730320,1897.52,38
1692730380,1897.51,32
1692730440,1897.50,36
1692730500,1897.38,48
1692730560,1897.29,40
1692730620,1897.30,32
1692730680,1897.19,36
1692730740,1897.20,72
1692730800,1897.13,62
1692730860,1897.11,52
1692730920,1897.13,50
1692730980,1897.17,70
1692731040,1897.06,51
1692731100,1897.16,69
1692731160,1897.21,56
1692731220,1897.28,66
1692731280,1897.36,64
1692731340,1897.38,52
1692731400,1897.30,58
1692731460,1897.14,81
1692731520,1897.20,52
1692731580,1897.00,45
1692731640,1896.90,75
1692731700,1897.08,70
1692731760,1897.30,75
1692731820,1897.28,40
1692731880,1897.32,50
1692731940,1897.44,54
1692732000,1897.49,51
1692732060,1897.30,52
1692732120,1897.33,43
1692732180,1897.33,42
1692732240,1897.41,57
1692732300,1897.20,66
1692732360,1897.08,107
1692732420,1896.98,46
1692732480,1897.14,91
1692732540,1897.21,64
1692732600,1897.27,64
1692732660,1897.12,82
1692732720,1897.16,67
1692732780,1897.10,67
1692732840,1897.11,48
1692732900,1896.99,44
1692732960,1897.00,34
1692733020,1897.13,44
1692733080,1897.11,56
1692733140,1896.98,78
1692733200,1897.01,70
1692733260,1897.06,40
1692733320,1896.91,50
1692733380,1897.26,81
1692733440,1897.20,43
1692733500,1897.22,48
1692733560,1897.26,36
1692733620,1897.16,66
1692733680,1897.32,57
1692733740,1897.47,73
1692733800,1897.50,93
1692733860,1897.24,78
1692733920,1897.27,60
1692733980,1897.35,55
1692734040,1897.41,57
1692734100,1897.36,85
1692734160,1897.55,43
1692734220,1897.46,59
1692734280,1897.60,106
1692734340,1897.60,153
1692734400,1897.72,74
1692734460,1897.60,48
1692734520,1897.65,49
1692734580,1897.65,26
1692734640,1897.72,18
1692734700,1897.66,18
1692734760,1897.45,39
1692734820,1897.51,32
1692734880,1897.54,32
1692734940,1897.43,18
1692735000,1897.46,24
1692735060,1897.46,23
1692735120,1897.44,21
1692735180,1897.13,46
1692735240,1897.24,18
1692735300,1897.21,40
1692735360,1897.26,24
1692735420,1897.24,17
1692735480,1897.33,28
1692735540,1897.36,14
1692735600,1897.24,43
1692735660,1897.37,34
1692735720,1897.40,16
1692735780,1897.34,8
1692735840,1897.34,22
1692735900,1897.22,47
1692735960,1897.27,23
1692736020,1897.30,18
1692736080,1897.22,16
1692736140,1897.18,11
1692736200,1897.32,53
1692736260,1897.33,16
1692736320,1897.41,23
1692736380,1897.46,15
1692736440,1897.38,4
1692736500,1897.40,26
1692736560,1897.39,26
1692736620,1897.41,17
1692736680,1897.40,8
1692736740,1897.44,30
1692736800,1897.47,22
1692736860,1897.29,24
1692736920,1897.31,22
1692736980,1897.31,26
1692737040,1897.30,10
1692737100,1897.42,35
1692737160,1897.48,55
1692737220,1897.45,24
1692737280,1897.42,31
1692737340,1897.47,28
1692737400,1897.42,29
1692737460,1897.38,24
1692737520,1897.37,12
1692737580,1897.30,32
1692737640,1897.34,25
1692737700,1897.32,36
1692737760,1897.51,24
1692741720,1897.55,35
1692741780,1897.61,10
1692741840,1897.81,26
1692741900,1897.80,31
1692741960,1897.67,12
1692742020,1897.59,17
1692742080,1897.81,37
1692742140,1898.05,39
1692742200,1898.08,17
1692742260,1898.05,38
1692742320,1898.10,27
1692742380,1898.17,22
1692742440,1898.18,16
1692742500,1898.20,24
1692742560,1898.18,27
1692742620,1898.19,16
1692742680,1898.20,6
1692742740,1898.21,24
1692742800,1898.18,4
1692742860,1898.19,2
1692742920,1898.17,8
1692742980,1898.06,14
1692743040,1898.15,6
1692743100,1898.17,8
1692743160,1898.16,6
1692743220,1898.17,10
1692743280,1898.27,10
1692743340,1898.27,21
1692743400,1898.19,16
1692743460,1898.18,2
1692743520,1898.16,2
1692743580,1898.03,10
1692743640,1898.02,11
1692743700,1897.98,16
1692743760,1898.11,17
1692743820,1898.15,12
1692743880,1898.15,30
1692743940,1898.15,10
1692744000,1898.14,8
1692744120,1898.05,21
1692744180,1897.98,20
1692744240,1897.97,21
1692744300,1897.95,16
1692744360,1897.86,22
1692744420,1897.89,12
1692744480,1897.90,2
1692744540,1898.00,7
1692744600,1898.00,21
1692744660,1898.07,15
1692744720,1898.10,16
1692744780,1898.08,2
1692744840,1898.08,4
1692744900,1898.08,4
1692744960,1898.03,11
1692745020,1898.11,9
1692745080,1897.91,16
1692745140,1897.96,15
1692745200,1897.88,26
1692745260,1897.83,8
1692745380,1897.88,2
1692745440,1897.91,26
1692745500,1897.92,2
1692745560,1897.92,4
1692745680,1897.83,6
1692745740,1897.84,2
1692745800,1897.92,20
1692745860,1897.92,4
1692745920,1898.02,7
1692745980,1898.05,8
1692746040,1897.92,9
1692746100,1897.81,15
1692746160,1897.85,10
1692746220,1897.81,8
1692746280,1897.81,12
1692746340,1897.84,4
1692746400,1898.00,7
1692746460,1898.13,7
1692746520,1898.14,4
1692746640,1898.14,4
1692746700,1898.15,2
1692746760,1898.23,8
1692746820,1898.06,16
1692746880,1898.13,10
1692746940,1898.15,7
1692747180,1898.26,4
1692747240,1898.38,16
1692747300,1898.37,6
1692747360,1898.24,9
1692747540,1898.26,12
1692747600,1898.21,10
1692747660,1898.26,14
1692747720,1898.32,5
1692747780,1898.37,14
1692747840,1898.46,26
1692747900,1898.46,17
1692747960,1898.37,6
1692748020,1898.54,39
1692748080,1898.57,2
1692748140,1898.64,23
1692748200,1898.55,26
1692748260,1898.49,12
1692748320,1898.51,32
1692748380,1898.61,25
1692748440,1898.57,32
1692748500,1898.54,33
1692748560,1898.55,4
1692748620,1898.59,10
1692748680,1898.65,16
1692748740,1898.59,28
1692748800,1898.67,46
1692748860,1898.69,53
1692748920,1898.78,63
1692748980,1898.69,36
1692749040,1898.83,30
1692749100,1898.89,56
1692749160,1898.89,38
1692749220,1899.17,42
1692749280,1899.21,54
1692749340,1899.34,53
1692749400,1899.34,51
1692749460,1899.52,38
1692749520,1899.65,66
1692749580,1899.73,51
1692749640,1899.65,25
1692749700,1899.47,25
1692749760,1899.54,59
1692749820,1899.52,50
1692749880,1899.57,66
1692749940,1899.66,36
1692750000,1899.32,65
1692750060,1899.49,48
1692750120,1899.55,57
1692750180,1899.74,50
1692750240,1899.56,70
1692750300,1899.62,23
1692750360,1900.05,62
1692750420,1899.74,41
1692750480,1899.74,53
1692750540,1899.83,85
1692750600,1900.06,178
1692750660,1900.10,48
1692750720,1900.03,49
1692750780,1900.28,31
1692750840,1900.30,47
1692750900,1900.02,81
1692750960,1899.84,51
1692751020,1899.68,42
1692751080,1899.52,54
1692751140,1899.73,54
1692751200,1899.49,36
1692751260,1899.46,26
1692751320,1899.40,48
1692751380,1899.58,43
1692751440,1899.49,40
1692751500,1899.38,53
1692751560,1899.43,38
1692751620,1899.20,44
1692751680,1899.34,30
1692751740,1899.30,21
1692751800,1899.17,18
1692751860,1899.36,52
1692751920,1899.37,28
1692751980,1899.46,42
1692752040,1899.56,66
1692752100,1899.54,56
1692752160,1899.21,47
1692752220,1899.03,42
1692752280,1898.92,30
1692752340,1899.02,41
1692752400,1898.83,68
1692752460,1899.18,43
1692752520,1898.98,116
1692752580,1898.94,84
1692752640,1899.07,50
1692752700,1899.24,58
1692752760,1899.21,65
1692752820,1899.45,60
1692752880,1899.65,60
1692752940,1900.01,80
1692753000,1900.08,74
1692753060,1900.10,43
1692753120,1899.84,93
1692753180,1899.83,95
1692753240,1900.03,97
1692753300,1899.88,120
1692753360,1899.93,123
1692753420,1900.18,101
1692753480,1900.41,85
1692753540,1900.30,109
1692753600,1900.63,172
1692753660,1900.86,107
1692753720,1901.03,147
1692753780,1900.79,94
1692753840,1901.08,87
1692753900,1901.03,94
1692753960,1900.87,120
1692754020,1901.32,133
1692754080,1901.54,151
1692754140,1901.58,148
1692754200,1901.51,179
1692754260,1901.78,161
1692754320,1901.73,164
1692754380,1901.55,135
1692754440,1901.28,176
1692754500,1901.17,167
1692754560,1901.06,127
1692754620,1900.90,112
1692754680,1900.70,120
1692754740,1900.75,132
1692754800,1900.63,131
1692754860,1901.20,72
1692754920,1901.24,199
1692754980,1901.31,103
1692755040,1901.42,106
1692755100,1901.22,98
1692755160,1900.99,80
1692755220,1901.03,98
1692755280,1900.92,91
1692755340,1901.05,114
1692755400,1901.02,90
1692755460,1900.81,124
1692755520,1900.92,75
1692755580,1900.98,74
1692755640,1901.21,65
1692755700,1901.07,93
1692755760,1901.17,71
1692755820,1901.11,94
1692755880,1901.68,103
1692755940,1901.66,89
1692756000,1901.92,172
1692756060,1901.39,138
1692756120,1901.81,117
1692756180,1901.66,153
1692756240,1901.75,106
1692756300,1902.29,132
1692756360,1902.50,81
1692756420,1902.34,222
1692756480,1902.00,126
1692756540,1901.60,126
1692756600,1901.43,77
1692756660,1901.38,105
1692756720,1901.46,82
1692756780,1901.47,52
1692756840,1901.52,74
1692756900,1901.58,76
1692756960,1901.53,67
1692757020,1901.38,33
1692757080,1901.43,30
1692757140,1901.41,40
1692757200,1901.22,77
1692757260,1901.20,50
1692757320,1901.35,49
1692757380,1901.26,26
1692757440,1901.26,40
1692757500,1901.18,36
1692757560,1901.35,68
1692757620,1901.24,46
1692757680,1901.20,38
1692757740,1900.95,53
1692757800,1901.40,73
1692757860,1901.47,67
1692757920,1901.82,39
1692757980,1901.58,102
1692758040,1901.62,67
1692758100,1901.54,60
1692758160,1901.57,65
1692758220,1901.62,56
1692758280,1901.50,74
1692758340,1901.43,60
1692758400,1901.70,77
1692758460,1901.84,84
1692758520,1901.42,96
1692758580,1901.48,56
1692758640,1901.29,36
1692758700,1901.21,56
1692758760,1901.18,38
1692758820,1901.16,86
1692758880,1901.32,78
1692758940,1901.29,88
1692759000,1901.30,106
1692759060,1901.21,86
1692759120,1901.12,109
1692759180,1900.86,58
1692759240,1900.97,53
1692759300,1900.83,72
1692759360,1901.10,105
1692759420,1901.28,75
1692759480,1901.34,88
1692759540,1901.03,66
1692759600,1900.94,134
1692759660,1900.66,202
1692759720,1900.44,94
1692759780,1900.54,111
1692759840,1900.48,70
1692759900,1900.56,112
1692759960,1900.56,62
1692760020,1900.52,103
1692760080,1900.58,64
1692760140,1900.73,55
1692760200,1900.53,50
1692760260,1900.65,133
1692760320,1900.20,109
1692760380,1900.32,52
1692760440,1900.46,62
1692760500,1900.47,90
1692760560,1900.57,65
1692760620,1900.66,46
1692760680,1900.61,55
1692760740,1900.56,41
1692760800,1900.55,40
1692760860,1900.55,59
1692760920,1900.46,28
1692760980,1900.26,39
1692761040,1900.26,110
1692761100,1900.28,42
1692761160,1900.43,32
1692761220,1900.26,49
1692761280,1900.44,57
1692761340,1900.56,44
1692761400,1900.79,40
1692761460,1901.13,52
1692761520,1901.23,66
1692761580,1901.22,56
1692761640,1901.51,77
1692761700,1901.63,51
1692761760,1901.56,77
1692761820,1901.38,47
1692761880,1901.72,59
1692761940,1901.96,110
1692762000,1901.94,90
1692762060,1901.76,71
1692762120,1901.76,41
1692762180,1901.85,53
1692762240,1901.48,67
1692762300,1901.38,42
1692762360,1901.68,26
1692762420,1901.67,50
1692762480,1901.51,53
1692762540,1901.45,10
1692762600,1901.04,36
1692762660,1901.07,40
1692762720,1901.16,20
1692762780,1901.14,29
1692762840,1901.27,40
1692762900,1901.30,22
1692762960,1901.00,27
1692763020,1901.25,44
1692763080,1901.32,25
1692763140,1901.60,36
1692763200,1901.32,45
1692763260,1901.40,31
1692763320,1901.41,55
1692763380,1901.42,39
1692763440,1901.38,44
1692763500,1901.34,53
1692763560,1901.32,22
1692763620,1901.22,25
1692763680,1901.23,28
1692763740,1901.12,43
1692763800,1901.19,26
1692763860,1901.03,18
1692763920,1900.85,26
1692763980,1901.14,42
1692764040,1901.19,54
1692764100,1900.82,44
1692764160,1901.04,33
1692764220,1901.03,27
1692764280,1900.94,38
1692764340,1901.09,52
1692764400,1901.10,27
1692764460,1901.02,38
1692764520,1901.02,15
1692764580,1901.03,26
1692764640,1901.04,24
1692764700,1901.00,22
1692764760,1901.10,18
1692764820,1901.11,24
1692764880,1901.05,70
1692764940,1901.20,38
1692765000,1901.13,20
1692765060,1900.99,32
1692765120,1901.18,46
1692765180,1901.39,63
1692765240,1901.48,54
1692765300,1901.40,24
1692765360,1901.65,84
1692765420,1901.88,71
1692765480,1901.92,44
1692765540,1901.86,157
1692765600,1902.34,280
1692765660,1902.60,176
1692765720,1902.72,104
1692765780,1902.90,122
1692765840,1902.61,59
1692765900,1902.81,90
1692765960,1902.80,60
1692766020,1902.82,58
1692766080,1902.84,84
1692766140,1902.96,78
1692766200,1903.05,87
1692766260,1902.86,31
1692766320,1903.03,46
1692766380,1903.18,49
1692766440,1903.16,52
1692766500,1903.24,64
1692766560,1903.05,53
1692766620,1903.36,63
1692766680,1903.20,48
1692766740,1903.31,52
1692766800,1903.42,101
1692766860,1903.39,43
1692766920,1903.09,93
1692766980,1903.40,56
1692767040,1903.28,95
1692767100,1903.19,83
1692767160,1903.38,95
1692767220,1903.24,61
1692767280,1903.24,36
1692767340,1903.04,56
1692767400,1903.24,52
1692767460,1903.12,65
1692767520,1903.23,52
1692767580,1903.26,71
1692767640,1903.34,90
1692767700,1903.21,50
1692767760,1902.88,62
1692767820,1903.15,91
1692767880,1902.88,50
1692767940,1902.89,38
1692768000,1902.64,55
1692768060,1902.74,87
1692768120,1902.40,66
1692768180,1902.47,64
1692768240,1902.52,74
1692768300,1902.50,69
1692768360,1902.55,58
1692768420,1902.62,59
1692768480,1902.84,46
1692768540,1902.91,63
1692768600,1903.10,151
1692768660,1903.44,104
1692768720,1903.49,108
1692768780,1903.62,108
1692768840,1903.78,92
1692768900,1903.81,121
1692768960,1903.28,124
1692769020,1902.99,94
1692769080,1902.90,70
1692769140,1902.97,72
1692769200,1903.34,95
1692769260,1903.25,78
1692769320,1903.60,110
1692769380,1903.76,70
1692769440,1903.89,72
1692769500,1903.79,83
1692769560,1903.51,71
1692769620,1903.18,98
1692769680,1902.84,92
1692769740,1903.16,85
1692769800,1902.82,91
1692769860,1902.76,122
1692769920,1902.96,95
1692769980,1903.06,74
1692770040,1903.48,130
1692770100,1903.23,112
1692770160,1903.05,96
1692770220,1902.75,85
1692770280,1902.89,79
1692770340,1902.65,71
1692770400,1902.67,120
1692770460,1902.72,96
1692770520,1903.23,91
1692770580,1903.07,92
1692770640,1902.90,128
1692770700,1903.26,148
1692770760,1902.81,130
1692770820,1902.84,138
1692770880,1902.89,116
1692770940,1903.20,116
1692771000,1903.42,131
1692771060,1903.20,103
1692771120,1903.23,146
1692771180,1903.06,92
1692771240,1903.28,100
1692771300,1903.18,88
1692771360,1902.77,141
1692771420,1903.02,94
1692771480,1902.93,51
1692771540,1902.90,83
1692771600,1903.12,74
1692771660,1903.15,105
1692771720,1903.11,103
1692771780,1903.39,102
1692771840,1903.40,105
1692771900,1903.48,95
1692771960,1903.71,106
1692772020,1903.60,158
1692772080,1904.22,144
1692772140,1904.02,128
1692772200,1903.67,138
1692772260,1903.58,99
1692772320,1903.38,111
1692772380,1903.48,104
1692772440,1903.29,74
1692772500,1903.22,64
1692772560,1903.62,78
1692772620,1903.72,106
1692772680,1904.20,114
1692772740,1903.96,105
1692772800,1903.88,90
1692772860,1903.91,100
1692772920,1904.40,102
1692772980,1904.51,118
1692773040,1904.57,101
1692773100,1904.46,58
1692773160,1904.40,62
1692773220,1904.38,110
1692773280,1904.46,102
1692773340,1904.24,77
1692773400,1903.98,112
1692773460,1904.38,93
1692773520,1904.20,98
1692773580,1904.17,62
1692773640,1904.02,81
1692773700,1903.99,99
1692773760,1903.66,86
1692773820,1902.68,244
1692773880,1903.30,122
1692773940,1902.90,157
1692774000,1902.95,150
1692774060,1903.16,98
1692774120,1902.68,138
1692774180,1902.82,105
1692774240,1903.22,141
1692774300,1903.31,90
1692774360,1903.23,92
1692774420,1902.93,96
1692774480,1902.96,84
1692774540,1903.02,70
1692774600,1902.58,74
1692774660,1902.70,100
1692774720,1903.10,63
1692774780,1903.11,85
1692774840,1902.91,114
1692774900,1903.26,176
1692774960,1903.11,165
1692775020,1903.30,119
1692775080,1903.36,106
1692775140,1903.42,72
1692775200,1903.62,104
1692775260,1903.66,106
1692775320,1903.80,62
1692775380,1903.82,118
1692775440,1903.92,111
1692775500,1904.12,106
1692775560,1904.26,105
1692775620,1904.10,108
1692775680,1904.16,143
1692775740,1904.08,107
1692775800,1903.73,348
1692775860,1903.33,304
1692775920,1903.76,274
1692775980,1902.95,250
1692776040,1902.28,246
1692776100,1902.69,198
1692776160,1903.16,190
1692776220,1902.67,177
1692776280,1902.42,144
1692776340,1901.86,192
1692776400,1902.90,168
1692776460,1902.42,145
1692776520,1902.71,140
1692776580,1902.02,151
1692776640,1902.25,145
1692776700,1901.91,174
1692776760,1902.51,144
1692776820,1902.54,154
1692776880,1902.95,176
1692776940,1902.97,127
1692777000,1903.49,93
1692777060,1903.60,136
1692777120,1903.70,160
1692777180,1903.21,126
1692777240,1903.22,228
1692777300,1902.87,151
1692777360,1903.58,103
1692777420,1903.45,121
1692777480,1903.57,111
1692777540,1903.64,72
1692777600,1903.86,155
1692777660,1904.27,182
1692777720,1904.21,170
1692777780,1904.05,164
1692777840,1904.31,130
1692777900,1904.67,137
1692777960,1904.43,141
1692778020,1904.10,144
1692778080,1904.16,127
1692778140,1904.45,140
1692778200,1904.40,106
1692778260,1904.36,133
1692778320,1904.92,131
1692778380,1904.89,127
1692778440,1904.62,136
1692778500,1904.77,124
1692778560,1904.63,87
1692778620,1904.27,154
1692778680,1904.35,100
1692778740,1904.78,111
1692778800,1904.87,80
1692778860,1904.45,111
1692778920,1904.24,78
1692778980,1904.48,112
1692779040,1904.10,102
1692779100,1904.01,77
1692779160,1903.96,54
1692779220,1903.84,60
1692779280,1903.83,72
1692779340,1903.91,97
1692779400,1903.62,232
1692779460,1903.64,211
1692779520,1903.91,159
1692779580,1904.02,131
1692779640,1903.70,162
1692779700,1904.01,131
1692779760,1904.25,175
1692779820,1904.04,131
1692779880,1904.18,113
1692779940,1904.06,111
1692780000,1904.22,129
1692780060,1903.98,138
1692780120,1903.55,90
1692780180,1904.46,137
1692780240,1904.98,132
1692780300,1904.92,196
1692780360,1904.72,144
1692780420,1904.35,96
1692780480,1904.23,120
1692780540,1904.14,103
1692780600,1904.17,126
1692780660,1903.99,100
1692780720,1903.90,92
1692780780,1904.46,100
1692780840,1904.71,103
1692780900,1904.54,114
1692780960,1904.28,104
1692781020,1904.28,132
1692781080,1904.13,121
1692781140,1903.77,132
1692781200,1903.95,147
1692781260,1903.91,117
1692781320,1904.14,122
1692781380,1903.86,100
1692781440,1904.08,118
1692781500,1904.23,99
1692781560,1904.15,64
1692781620,1904.55,70
1692781680,1904.55,86
1692781740,1904.87,81
1692781800,1904.82,97
1692781860,1904.83,80
1692781920,1904.64,94
1692781980,1904.43,83
1692782040,1904.43,81
1692782100,1904.54,112
1692782160,1905.00,109
1692782220,1904.92,110
1692782280,1905.05,82
1692782340,1905.04,58
1692782400,1904.87,82
1692782460,1904.49,89
1692782520,1904.15,86
1692782580,1904.03,74
1692782640,1903.73,49
1692782700,1902.94,134
1692782760,1904.05,126
1692782820,1903.74,118
1692782880,1903.80,141
1692782940,1904.16,149
1692783000,1904.31,120
1692783060,1904.33,77
1692783120,1904.65,108
1692783180,1904.31,93
1692783240,1904.64,152
1692783300,1904.16,98
1692783360,1903.77,126
1692783420,1904.10,108
1692783480,1903.94,59
1692783540,1903.69,76
1692783600,1903.83,79
1692783660,1903.66,82
1692783720,1903.84,90
1692783780,1903.49,57
1692783840,1903.06,101
1692783900,1902.82,89
1692783960,1902.52,103
1692784020,1902.62,86
1692784080,1902.36,88
1692784140,1902.24,157
1692784200,1902.48,104
1692784260,1902.57,59
1692784320,1902.26,81
1692784380,1902.40,60
1692784440,1902.32,76
1692784500,1902.64,56
1692784560,1902.41,111
1692784620,1902.51,74
1692784680,1902.41,79
1692784740,1902.68,115
1692784800,1902.74,97
1692784860,1902.63,108
1692784920,1902.71,121
1692784980,1902.82,79
1692785040,1902.92,102
1692785100,1902.78,84
1692785160,1902.85,103
1692785220,1902.71,58
1692785280,1902.63,78
1692785340,1902.35,73
1692785400,1902.32,98
1692785460,1902.20,42
1692785520,1902.45,77
1692785580,1902.48,88
1692785640,1902.42,42
1692785700,1902.56,79
1692785760,1902.41,60
1692785820,1902.42,109
1692785880,1902.22,116
1692785940,1902.44,75
1692786000,1902.44,67
1692786060,1902.56,57
1692786120,1902.27,64
1692786180,1902.12,95
1692786240,1902.22,83
1692786300,1902.43,72
1692786360,1902.48,48
1692786420,1902.33,44
1692786480,1902.05,55
1692786540,1902.03,109
1692786600,1901.90,74
1692786660,1901.83,87
1692786720,1901.54,53
1692786780,1901.74,77
1692786840,1901.38,62
1692786900,1901.61,109
1692786960,1901.80,99
1692787020,1901.74,63
1692787080,1901.79,79
1692787140,1902.28,88
1692787200,1901.68,84
1692787260,1901.87,85
1692787320,1901.83,106
1692787380,1901.71,81
1692787440,1901.61,77
1692787500,1901.68,48
1692787560,1901.68,93
1692787620,1902.33,136
1692787680,1902.32,112
1692787740,1902.17,90
1692787800,1902.62,115
1692787860,1902.84,80
1692787920,1902.90,89
1692787980,1903.44,87
1692788040,1903.32,78
1692788100,1903.60,64
1692788160,1903.92,72
1692788220,1903.65,115
1692788280,1903.52,93
1692788340,1903.28,82
1692788400,1903.50,148
1692788460,1903.71,110
1692788520,1903.81,106
1692788580,1904.04,122
1692788640,1903.88,130
1692788700,1903.41,133
1692788760,1903.65,122
1692788820,1904.01,139
1692788880,1904.13,92
1692788940,1904.09,78
1692789000,1903.79,133
1692789060,1903.62,81
1692789120,1903.84,100
1692789180,1903.62,130
1692789240,1903.78,88
1692789300,1903.63,110
1692789360,1903.63,62
1692789420,1903.89,102
1692789480,1903.72,74
1692789540,1903.99,70
1692789600,1904.08,104
1692789660,1903.73,67
1692789720,1903.53,97
1692789780,1903.64,85
1692789840,1903.42,82
1692789900,1903.54,95
1692789960,1903.23,68
1692790020,1903.22,76
1692790080,1902.84,99
1692790140,1903.01,51
1692790200,1903.61,131
1692790260,1903.85,121
1692790320,1904.29,129
1692790380,1904.22,107
1692790440,1903.91,88
1692790500,1904.02,74
1692790560,1904.01,117
1692790620,1904.03,80
1692790680,1904.08,48
1692790740,1904.12,68
1692790800,1904.15,98
1692790860,1904.43,58
1692790920,1904.32,105
1692790980,1904.00,102
1692791040,1903.83,88
1692791100,1903.72,82
1692791160,1903.82,50
1692791220,1903.84,106
1692791280,1903.72,102
1692791340,1903.67,124
1692791400,1903.39,97
1692791460,1903.37,77
1692791520,1903.65,62
1692791580,1903.45,81
1692791640,1903.38,42
1692791700,1903.36,38
1692791760,1903.46,105
1692791820,1903.35,57
1692791880,1903.16,96
1692791940,1903.33,138
1692792000,1903.38,134
1692792060,1903.58,146
1692792120,1904.18,178
1692792180,1904.20,162
1692792240,1904.44,136
1692792300,1904.36,133
1692792360,1904.02,155
1692792420,1903.53,131
1692792480,1903.49,126
1692792540,1903.72,128
1692792600,1903.54,127
1692792660,1903.08,140
1692792720,1903.68,169
1692792780,1903.48,136
1692792840,1903.56,109
1692792900,1903.07,148
1692792960,1902.83,139
1692793020,1903.16,124
1692793080,1903.90,156
1692793140,1904.57,133
1692793200,1904.15,173
1692793260,1903.97,213
1692793320,1903.71,137
1692793380,1903.84,144
1692793440,1904.47,116
1692793500,1905.50,231
1692793560,1905.54,249
1692793620,1906.11,281
1692793680,1906.32,223
1692793740,1906.53,189
1692793800,1907.36,330
1692793860,1906.97,253
1692793920,1906.52,245
1692793980,1906.53,259
1692794040,1906.80,202
1692794100,1906.85,236
1692794160,1907.45,252
1692794220,1906.99,211
1692794280,1906.92,186
1692794340,1906.33,188
1692794400,1906.30,242
1692794460,1906.64,225
1692794520,1907.61,266
1692794580,1907.88,216
1692794640,1908.56,254
1692794700,1908.13,178
1692794760,1906.87,270
1692794820,1907.09,218
1692794880,1907.23,229
1692794940,1907.30,196
1692795000,1907.74,162
1692795060,1907.49,198
1692795120,1907.01,142
1692795180,1906.33,139
1692795240,1905.97,203
1692795300,1905.05,184
1692795360,1904.78,255
1692795420,1905.19,205
1692795480,1904.06,261
1692795540,1903.76,269
1692795600,1903.31,310
1692795660,1903.81,245
1692795720,1904.06,272
1692795780,1904.43,198
1692795840,1904.82,196
1692795900,1905.55,247
1692795960,1905.66,268
1692796020,1904.90,220
1692796080,1905.62,252
1692796140,1905.34,250
1692796200,1905.65,236
1692796260,1906.09,249
1692796320,1905.82,209
1692796380,1905.21,254
1692796440,1906.11,249
1692796500,1906.09,182
1692796560,1906.11,182
1692796620,1905.71,210
1692796680,1906.32,244
1692796740,1906.54,186
1692796800,1906.88,212
1692796860,1907.92,246
1692796920,1908.12,227
1692796980,1908.28,194
1692797040,1909.33,310
1692797100,1910.14,304
1692797160,1910.02,276
1692797220,1910.79,264
1692797280,1910.70,256
1692797340,1910.79,271
1692797400,1909.56,381
1692797460,1910.46,352
1692797520,1911.24,360
1692797580,1911.15,341
1692797640,1911.69,301
1692797700,1911.05,344
1692797760,1910.32,329
1692797820,1910.53,289
1692797880,1910.08,280
1692797940,1910.31,293
1692798000,1910.12,262
1692798060,1910.59,294
1692798120,1909.24,288
1692798180,1908.36,281
1692798240,1909.05,269
1692798300,1912.38,439
1692798360,1913.13,423
1692798420,1916.60,400
1692798480,1916.33,440
1692798540,1915.73,381
1692798600,1916.02,407
1692798660,1917.40,379
1692798720,1917.58,386
1692798780,1916.59,349
1692798840,1915.68,361
1692798900,1916.73,363
1692798960,1918.34,358
1692799020,1918.31,325
1692799080,1918.27,308
1692799140,1918.02,303
1692799200,1916.14,396
1692799260,1916.16,376
1692799320,1916.62,346
1692799380,1915.54,308
1692799440,1914.74,332
1692799500,1915.41,313
1692799560,1916.27,290
1692799620,1915.12,311
1692799680,1916.93,302
1692799740,1916.88,294
1692799800,1916.53,337
1692799860,1916.00,303
1692799920,1914.85,314
1692799980,1916.48,307
1692800040,1916.53,295
1692800100,1915.88,302
1692800160,1916.33,273
1692800220,1915.65,289
1692800280,1915.86,266
1692800340,1915.55,263
1692800400,1915.98,282
1692800460,1916.08,256
1692800520,1916.79,279
1692800580,1916.65,282
1692800640,1917.26,270
1692800700,1917.50,233
1692800760,1918.08,219
1692800820,1918.26,255
1692800880,1918.01,265
1692800940,1917.56,224
1692801000,1917.79,233
1692801060,1917.51,256
1692801120,1916.95,214
1692801180,1916.66,180
1692801240,1916.52,247
1692801300,1917.18,239
1692801360,1916.10,241
1692801420,1915.95,198
1692801480,1916.13,233
1692801540,1916.04,234
1692801600,1915.11,236
1692801660,1914.88,270
1692801720,1915.67,236
1692801780,1915.87,251
1692801840,1915.66,247
1692801900,1915.50,204
1692801960,1916.21,239
1692802020,1915.91,166
1692802080,1915.84,197
1692802140,1915.79,204
1692802200,1915.74,201
1692802260,1915.94,225
1692802320,1915.66,224
1692802380,1915.21,174
1692802440,1915.57,220
1692802500,1915.73,205
1692802560,1916.26,186
1692802620,1916.27,172
1692802680,1915.75,168
1692802740,1915.68,193
1692802800,1915.67,174
1692802860,1915.61,208
1692802920,1916.10,232
1692802980,1916.22,166
1692803040,1916.52,188
1692803100,1916.82,184
1692803160,1916.88,190
1692803220,1916.93,178
1692803280,1916.82,171
1692803340,1916.56,151
1692803400,1916.22,169
1692803460,1916.03,207
1692803520,1916.14,176
1692803580,1916.38,228
1692803640,1917.16,194
1692803700,1917.04,211
1692803760,1917.02,147
1692803820,1916.96,152
1692803880,1916.81,184
1692803940,1916.40,206
1692804000,1916.55,140
1692804060,1916.45,157
1692804120,1916.45,172
1692804180,1916.60,168
1692804240,1916.63,160
1692804300,1916.92,136
1692804360,1916.84,109
1692804420,1916.64,113
1692804480,1916.20,145
1692804540,1916.74,148
1692804600,1916.47,124
1692804660,1916.21,161
1692804720,1916.31,144
1692804780,1916.57,170
1692804840,1916.30,144
1692804900,1916.86,143
1692804960,1916.82,134
1692805020,1916.82,126
1692805080,1916.93,143
1692805140,1917.03,172
1692805200,1917.49,187
1692805260,1917.41,177
1692805320,1917.38,166
1692805380,1917.34,188
1692805440,1917.46,168
1692805500,1917.68,166
1692805560,1917.70,146
1692805620,1917.38,153
1692805680,1917.62,131
1692805740,1917.30,154
1692805800,1917.33,140
1692805860,1917.14,113
1692805920,1917.23,129
1692805980,1917.35,144
1692806040,1917.62,128
1692806100,1917.90,148
1692806160,1917.98,145
1692806220,1917.95,116
1692806280,1918.20,105
1692806340,1918.30,161
1692806400,1918.41,144
1692806460,1918.31,144
1692806520,1918.63,124
1692806580,1918.56,130
1692806640,1918.58,98
1692806700,1918.58,86
1692806760,1918.63,131
1692806820,1918.68,157
1692806880,1918.86,177
1692806940,1918.85,75
1692807000,1919.10,162
1692807060,1918.76,118
1692807120,1919.20,170
1692807180,1918.76,136
1692807240,1919.04,137
1692807300,1919.05,133
1692807360,1919.06,123
1692807420,1919.32,105
1692807480,1919.28,129
1692807540,1919.06,90
1692807600,1919.04,116
1692807660,1919.27,90
1692807720,1919.26,130
1692807780,1919.46,116
1692807840,1919.30,116
1692807900,1919.28,119
1692807960,1919.06,119
1692808020,1919.54,144
1692808080,1919.64,129
1692808140,1919.52,134
1692808200,1919.60,137
1692808260,1919.62,110
1692808320,1919.62,120
1692808380,1919.46,152
1692808440,1919.87,130
1692808500,1920.07,131
1692808560,1920.00,103
1692808620,1920.09,112
1692808680,1920.01,110
1692808740,1919.97,129
1692808800,1920.11,121
1692808860,1920.12,145
1692808920,1920.02,150
1692808980,1919.54,72
1692809040,1919.36,130
1692809100,1918.90,190
1692809160,1918.84,158
1692809220,1918.79,118
1692809280,1918.71,125
1692809340,1918.96,106
1692809400,1918.62,113
1692809460,1918.70,134
1692809520,1919.40,133
1692809580,1919.02,133
1692809640,1919.58,134
1692809700,1919.30,126
1692809760,1919.52,149
1692809820,1919.83,133
1692809880,1919.71,124
1692809940,1919.80,131
1692810000,1919.60,133
1692810060,1919.52,160
1692810120,1919.56,131
1692810180,1919.40,108
1692810240,1919.32,100
1692810300,1918.78,182
1692810360,1918.70,127
1692810420,1918.86,164
1692810480,1918.65,126
1692810540,1918.91,112
1692810600,1918.08,148
1692810660,1918.40,126
1692810720,1918.05,152
1692810780,1918.18,114
1692810840,1918.04,140
1692810900,1917.65,140
1692810960,1917.89,150
1692811020,1917.66,113
1692811080,1917.98,158
1692811140,1918.07,154
1692811200,1917.92,192
1692811260,1917.94,157
1692811320,1918.60,130
1692811380,1918.46,138
1692811440,1918.32,165
1692811500,1918.34,129
1692811560,1918.54,104
1692811620,1918.57,154
1692811680,1918.54,118
1692811740,1918.60,270
1692811800,1918.79,138
1692811860,1919.16,176
1692811920,1919.11,110
1692811980,1918.66,150
1692812040,1918.66,146
1692812100,1918.62,154
1692812160,1918.34,114
1692812220,1918.08,97
1692812280,1918.19,120
1692812340,1918.37,104
1692812400,1918.23,96
1692812460,1918.41,128
1692812520,1918.13,100
1692812580,1918.42,99
1692812640,1918.42,63
1692812700,1918.56,112
1692812760,1918.62,75
1692812820,1918.63,84
1692812880,1918.67,62
1692812940,1918.61,95
1692813000,1918.47,86
1692813060,1918.20,84
1692813120,1918.06,117
1692813180,1918.15,114
1692813240,1918.14,100
1692813300,1918.17,69
1692813360,1918.18,104
1692813420,1918.10,58
1692813480,1918.17,86
1692813540,1918.00,90
1692813600,1917.90,140
1692813660,1917.52,105
1692813720,1917.63,70
1692813780,1917.66,125
1692813840,1917.98,86
1692813900,1917.60,89
1692813960,1917.53,50
1692814020,1917.45,67
1692814080,1917.53,67
1692814140,1917.49,80
1692814200,1917.42,122
1692814260,1917.57,88
1692814320,1917.26,97
1692814380,1917.16,62
1692814440,1917.08,88
1692814500,1917.24,98
1692814560,1917.30,106
1692814620,1917.40,100
1692814680,1917.49,80
1692814740,1917.50,77
1692814800,1917.47,70
1692814860,1917.30,91
1692814920,1917.02,98
1692814980,1917.28,110
1692815040,1917.02,76
1692815100,1917.06,98
1692815160,1917.12,118
1692815220,1917.12,87
1692815280,1917.00,95
1692815340,1917.41,101
1692815400,1917.15,114
1692815460,1917.03,88
1692815520,1917.04,86
1692815580,1917.04,49
1692815640,1917.04,79
1692815700,1916.84,106
1692815760,1916.48,73
1692815820,1916.71,85
1692815880,1916.83,121
1692815940,1916.73,82
1692816000,1916.82,93
1692816060,1916.66,109
1692816120,1916.64,110
1692816180,1916.68,96
1692816240,1916.54,76
1692816300,1916.42,70
1692816360,1916.72,96
1692816420,1916.44,86
1692816480,1916.50,80
1692816540,1916.41,68
1692816600,1916.44,78
1692816660,1916.49,82
1692816720,1916.56,74
1692816780,1916.68,54
1692816840,1916.64,64
1692816900,1916.95,104
1692816960,1917.08,86
1692817020,1916.82,81
1692817080,1916.76,98
1692817140,1916.64,139
1692817200,1916.70,110
1692817260,1916.96,100
1692817320,1917.09,73
1692817380,1917.36,92
1692817440,1917.46,105
1692817500,1917.17,96
1692817560,1917.17,114
1692817620,1917.06,58
1692817680,1917.16,94
1692817740,1917.20,71
1692817800,1917.20,68
1692817860,1917.22,62
1692817920,1917.13,74
1692817980,1917.07,42
1692818040,1917.16,89
1692818100,1917.09,41
1692818160,1917.12,89
1692818220,1917.06,29
1692818280,1917.05,82
1692818340,1917.01,40
1692818400,1916.90,69
1692818460,1916.94,60
1692818520,1916.94,43
1692818580,1917.14,43
1692818640,1917.18,69
1692818700,1917.03,78
1692818760,1917.12,73
1692818820,1917.36,82
1692818880,1917.38,73
1692818940,1917.42,50
1692819000,1917.32,96
1692819060,1917.18,72
1692819120,1916.98,79
1692819180,1917.00,95
1692819240,1916.68,96
1692819300,1916.92,77
1692819360,1917.12,96
1692819420,1916.86,68
1692819480,1916.64,77
1692819540,1916.80,74
1692819600,1916.76,85
1692819660,1916.75,59
1692819720,1917.15,66
1692819780,1917.12,91
1692819840,1917.04,50
1692819900,1917.06,66
1692819960,1917.04,71
1692820020,1916.81,75
1692820080,1916.70,73
1692820140,1916.94,86
1692820200,1916.67,119
1692820260,1916.63,87
1692820320,1916.63,58
1692820380,1916.77,71
1692820440,1916.79,47
1692820500,1916.58,51
1692820560,1916.58,58
1692820620,1916.42,82
1692820680,1916.74,78
1692820740,1916.82,114
1692820800,1916.60,72
1692820860,1916.72,56
1692820920,1916.73,65
1692820980,1916.80,55
1692821040,1916.70,20
1692821100,1916.60,18
1692821160,1916.59,14
1692821220,1916.40,39
1692821280,1916.41,26
1692821340,1916.42,16
1692821400,1916.38,40
1692821460,1916.32,29
1692821520,1916.26,23
1692821580,1916.27,25
1692821640,1916.42,20
1692821700,1916.31,20
1692821760,1916.25,24
1692821820,1916.38,37
1692821880,1916.42,16
1692821940,1916.42,16
1692822000,1916.20,60
1692822060,1916.39,46
1692822120,1916.50,59
1692822180,1916.38,58
1692822240,1916.38,36
1692822300,1916.28,24
1692822360,1916.03,35
1692822420,1915.99,18
1692822480,1915.86,40
1692822540,1915.87,25
1692822600,1916.06,55
1692822660,1915.86,36
1692822720,1915.86,48
1692822780,1915.62,46
1692822840,1915.61,21
1692822900,1915.48,19
1692822960,1915.67,88
1692823020,1915.67,25
1692823080,1915.61,24
1692823140,1915.46,50
1692823200,1915.32,50
1692823260,1915.45,55
1692823320,1915.29,38
1692823380,1915.16,64
1692823440,1915.25,28
1692823500,1915.08,38
1692823560,1915.18,72
1692823620,1914.66,112
1692823680,1914.60,128
1692823740,1914.92,102
1692823800,1915.22,62
1692823860,1915.12,48
1692823920,1915.64,52
1692823980,1915.59,36
1692824040,1915.45,38
1692824100,1915.56,58
1692824160,1915.49,49
1692828120,1916.45,140
1692828180,1916.65,60
1692828240,1916.87,69
1692828300,1917.11,109
1692828360,1917.15,92
1692828420,1917.29,37
1692828480,1917.14,27
1692828540,1917.09,21
1692828600,1917.09,2
1692828660,1917.08,25
1692828720,1917.08,28
1692828780,1917.16,42
1692828840,1917.13,40
1692828900,1917.04,39
1692828960,1916.84,66
1692829020,1916.74,44
1692829080,1916.64,18
1692829140,1916.72,27
1692829200,1917.08,54
1692829260,1917.12,41
1692829320,1917.12,13
1692829380,1917.11,14
1692829440,1917.03,26
1692829500,1917.03,4
1692829560,1917.02,6
1692829620,1916.86,17
1692829680,1917.02,14
1692829740,1916.91,33
1692829800,1916.77,46
1692829860,1916.66,24
1692829920,1916.66,50
1692829980,1916.76,22
1692830040,1916.76,17
1692830100,1916.78,6
1692830160,1916.76,20
1692830220,1916.79,5
1692830280,1916.83,24
1692830340,1916.86,30
1692830400,1916.82,24
1692830460,1916.80,8
1692830520,1916.88,25
1692830580,1916.94,40
1692830640,1917.13,33
1692830700,1917.10,42
1692830760,1917.18,38
1692830820,1917.19,32
1692830880,1917.34,37
1692830940,1917.16,26
1692831000,1917.17,16
1692831060,1917.16,24
1692831120,1917.19,17
1692831180,1917.26,13
1692831240,1917.27,19
1692831300,1917.26,18
1692831360,1917.14,16
1692831420,1917.15,15
1692831480,1917.26,19
1692831540,1917.04,16
1692831600,1916.34,104
1692831660,1916.63,45
1692831720,1916.32,51
1692831780,1916.78,36
1692831840,1916.74,16
1692831900,1916.94,34
1692831960,1916.93,13
1692832020,1916.95,20
1692832080,1917.03,24
1692832140,1917.04,6
1692832200,1916.94,18
1692832260,1917.02,24
1692832320,1916.98,18
1692832380,1917.06,21
1692832440,1917.13,20
1692832500,1917.13,8
1692832560,1917.13,30
1692832620,1917.15,12
1692832680,1917.31,22
1692832740,1917.28,36
1692832800,1917.34,14
1692832860,1917.33,16
1692832920,1917.38,31
1692832980,1917.41,8
1692833040,1917.39,22
1692833100,1917.30,35
1692833160,1917.32,12
1692833220,1917.33,40
1692833280,1917.34,20
1692833340,1917.24,26
1692833400,1917.17,48
1692833460,1917.58,58
1692833520,1917.42,52
1692833580,1917.46,44
1692833640,1917.46,30
1692833700,1917.47,20
1692833760,1917.35,20
1692833820,1917.34,58
1692833880,1917.35,19
1692833940,1917.28,29
1692834000,1917.54,40
1692834060,1917.56,69
1692834120,1917.54,31
1692834180,1917.36,20
1692834240,1917.34,87
1692834300,1917.40,100
1692834360,1917.38,54
1692834420,1917.38,24
1692834480,1917.48,21
1692834540,1917.39,22
1692834600,1917.31,22
1692834660,1917.31,8
1692834720,1917.59,29
1692834780,1917.82,35
1692834840,1917.83,20
1692834900,1917.95,33
1692834960,1918.00,30
1692835020,1917.99,17
1692835080,1917.99,40
1692835140,1917.90,7
1692835200,1917.84,83
1692835260,1917.70,89
1692835320,1917.44,59
1692835380,1917.55,25
1692835440,1917.47,24
1692835500,1917.79,37
1692835560,1917.60,36
1692835620,1917.52,53
1692835680,1917.72,50
1692835740,1917.88,16
1692835800,1918.09,22
1692835860,1918.18,50
1692835920,1918.36,60
1692835980,1918.15,51
1692836040,1918.16,32
1692836100,1918.06,77
1692836160,1918.30,86
1692836220,1918.40,63
1692836280,1918.56,30
1692836340,1918.62,59
1692836400,1918.60,76
1692836460,1919.03,82
1692836520,1919.06,62
1692836580,1919.24,36
1692836640,1919.07,41
1692836700,1918.87,48
1692836760,1918.71,55
1692836820,1918.86,46
1692836880,1918.61,58
1692836940,1918.71,40
1692837000,1918.56,70
1692837060,1918.74,42
1692837120,1918.54,68
1692837180,1918.58,43
1692837240,1918.74,70
1692837300,1918.91,32
1692837360,1918.93,38
1692837420,1918.86,56
1692837480,1918.84,69
1692837540,1918.75,31
1692837600,1918.86,20
1692837660,1918.82,55
1692837720,1918.94,23
1692837780,1918.62,46
1692837840,1918.55,28
1692837900,1918.44,49
1692837960,1918.49,46
1692838020,1918.54,48
1692838080,1918.46,29
1692838140,1918.50,50
1692838200,1918.68,75
1692838260,1918.91,48
1692838320,1918.80,58
1692838380,1918.60,94
1692838440,1918.81,108
1692838500,1918.56,110
1692838560,1918.55,80
1692838620,1918.44,70
1692838680,1918.36,86
1692838740,1918.66,66
1692838800,1918.64,156
1692838860,1918.70,108
1692838920,1918.84,83
1692838980,1918.82,99
1692839040,1918.17,109
1692839100,1918.19,94
1692839160,1918.37,82
1692839220,1918.27,98
1692839280,1918.27,108
1692839340,1918.49,90
1692839400,1918.36,104
1692839460,1918.47,64
1692839520,1918.17,110
1692839580,1918.08,82
1692839640,1918.04,86
1692839700,1917.99,154
1692839760,1917.96,154
1692839820,1918.02,84
1692839880,1918.15,56
1692839940,1918.14,38
1692840000,1917.93,94
1692840060,1917.78,105
1692840120,1918.10,93
1692840180,1917.86,88
1692840240,1918.02,80
1692840300,1918.14,113
1692840360,1918.04,111
1692840420,1917.90,84
1692840480,1917.89,74
1692840540,1917.76,60
1692840600,1917.85,98
1692840660,1918.10,122
1692840720,1918.36,144
1692840780,1918.60,93
1692840840,1918.67,78
1692840900,1918.73,90
1692840960,1918.88,93
1692841020,1918.49,54
1692841080,1918.42,89
1692841140,1918.69,115
1692841200,1918.71,83
1692841260,1918.78,119
1692841320,1918.68,121
1692841380,1918.59,71
1692841440,1918.31,90
1692841500,1918.36,92
1692841560,1918.03,71
1692841620,1918.24,92
1692841680,1918.40,66
1692841740,1918.52,66
1692841800,1918.33,60
1692841860,1918.15,66
1692841920,1918.55,74
1692841980,1918.71,54
1692842040,1918.36,78
1692842100,1918.43,90
1692842160,1918.80,96
1692842220,1918.85,77
1692842280,1918.64,47
1692842340,1918.80,98
1692842400,1919.18,190
1692842460,1919.18,230
1692842520,1919.63,142
1692842580,1919.56,141
1692842640,1919.70,116
1692842700,1919.52,119
1692842760,1919.57,104
1692842820,1919.70,118
1692842880,1919.82,116
1692842940,1919.63,95
1692843000,1919.70,78
1692843060,1919.62,98
1692843120,1919.42,110
1692843180,1919.18,76
1692843240,1919.52,90
1692843300,1919.47,90
1692843360,1919.55,72
1692843420,1919.47,58
1692843480,1919.54,58
1692843540,1919.41,62
1692843600,1919.35,70
1692843660,1919.34,38
1692843720,1919.25,58
1692843780,1919.25,16
1692843840,1919.36,37
1692843900,1919.48,56
1692843960,1919.66,29
1692844020,1919.43,24
1692844080,1919.26,69
1692844140,1919.24,50
1692844200,1919.43,86
1692844260,1919.80,103
1692844320,1919.90,91
1692844380,1920.39,127
1692844440,1920.37,99
1692844500,1920.50,164
1692844560,1920.30,116
1692844620,1920.42,80
1692844680,1920.33,53
1692844740,1920.35,96
1692844800,1920.46,76
1692844860,1920.51,60
1692844920,1920.70,80
1692844980,1920.60,42
1692845040,1920.08,82
1692845100,1920.23,85
1692845160,1920.32,71
1692845220,1920.62,96
1692845280,1920.62,96
1692845340,1920.74,74
1692845400,1920.38,70
1692845460,1919.90,70
1692845520,1920.20,88
1692845580,1920.18,90
1692845640,1920.37,35
1692845700,1920.59,72
1692845760,1920.13,110
1692845820,1919.80,152
1692845880,1920.36,132
1692845940,1919.92,228
1692846000,1919.94,228
1692846060,1919.68,136
1692846120,1919.55,90
1692846180,1919.62,74
1692846240,1919.64,46
1692846300,1919.86,71
1692846360,1920.32,104
1692846420,1920.16,55
1692846480,1919.92,87
1692846540,1919.92,57
1692846600,1919.72,56
1692846660,1919.95,50
1692846720,1920.08,48
1692846780,1920.11,56
1692846840,1920.25,83
1692846900,1920.42,78
1692846960,1920.60,105
1692847020,1921.42,142
1692847080,1921.01,110
1692847140,1920.58,71
1692847200,1920.81,69
1692847260,1920.98,88
1692847320,1920.98,62
1692847380,1920.98,70
1692847440,1921.12,90
1692847500,1921.34,59
1692847560,1921.32,86
1692847620,1920.82,108
1692847680,1921.04,92
1692847740,1921.20,116
1692847800,1920.99,134
1692847860,1920.92,92
1692847920,1921.18,80
1692847980,1921.00,67
1692848040,1920.91,60
1692848100,1920.90,44
1692848160,1920.90,58
1692848220,1921.26,64
1692848280,1921.08,61
1692848340,1921.35,68
1692848400,1921.18,65
1692848460,1921.52,73
1692848520,1921.60,44
1692848580,1921.27,51
1692848640,1921.26,32
1692848700,1921.17,71
1692848760,1920.86,48
1692848820,1921.02,70
1692848880,1920.96,44
1692848940,1921.06,38
1692849000,1921.16,54
1692849060,1921.07,44
1692849120,1920.65,60
1692849180,1920.71,58
1692849240,1920.70,49
1692849300,1920.71,45
1692849360,1920.89,24
1692849420,1920.90,47
1692849480,1920.93,67
1692849540,1920.95,51
1692849600,1920.68,73
1692849660,1920.71,30
1692849720,1920.55,32
1692849780,1920.62,26
1692849840,1920.81,42
1692849900,1920.69,30
1692849960,1920.66,47
1692850020,1920.67,43
1692850080,1920.74,46
1692850140,1920.64,37
1692850200,1920.86,62
1692850260,1921.22,60
1692850320,1921.46,48
1692850380,1921.36,28
1692850440,1921.37,32
1692850500,1921.46,42
1692850560,1921.36,20
1692850620,1921.24,34
1692850680,1921.26,46
1692850740,1921.26,42
1692850800,1921.37,33
1692850860,1921.67,42
1692850920,1921.34,44
1692850980,1921.12,35
1692851040,1921.18,35
1692851100,1921.28,27
1692851160,1921.25,37
1692851220,1921.16,42
1692851280,1921.08,27
1692851340,1921.14,29
1692851400,1920.92,29
1692851460,1920.63,66
1692851520,1920.24,60
1692851580,1920.23,78
1692851640,1920.19,62
1692851700,1920.20,76
1692851760,1920.36,68
1692851820,1920.28,46
1692851880,1920.21,39
1692851940,1920.17,47
1692852000,1920.27,54
1692852060,1920.45,46
1692852120,1920.07,108
1692852180,1920.21,59
1692852240,1920.91,120
1692852300,1921.36,146
1692852360,1921.33,184
1692852420,1921.04,310
1692852480,1921.02,120
1692852540,1920.92,108
1692852600,1921.12,72
1692852660,1921.11,43
1692852720,1920.84,58
1692852780,1920.92,39
1692852840,1920.75,52
1692852900,1920.50,76
1692852960,1920.40,94
1692853020,1920.33,67
1692853080,1920.62,79
1692853140,1921.12,48
1692853200,1921.46,132
1692853260,1920.81,109
1692853320,1920.86,74
1692853380,1920.78,96
1692853440,1920.56,88
1692853500,1920.84,86
1692853560,1920.88,68
1692853620,1920.92,74
1692853680,1920.66,47
1692853740,1920.63,30
1692853800,1920.74,32
1692853860,1921.02,72
1692853920,1920.90,76
1692853980,1920.48,62
1692854040,1921.10,62
1692854100,1921.04,54
1692854160,1920.47,58
1692854220,1921.04,58
1692854280,1920.84,57
1692854340,1920.78,48
1692854400,1920.97,51
1692854460,1920.84,23
1692854520,1920.76,41
1692854580,1920.74,64
1692854640,1920.90,28
1692854700,1920.98,58
1692854760,1920.86,48
1692854820,1921.03,40
1692854880,1921.05,38
1692854940,1920.97,48
1692855000,1921.42,130
1692855060,1920.91,102
1692855120,1921.50,90
1692855180,1921.70,118
1692855240,1921.83,92
1692855300,1921.49,102
1692855360,1921.83,85
1692855420,1921.81,109
1692855480,1921.41,90
1692855540,1921.37,79
1692855600,1921.40,48
1692855660,1921.23,120
1692855720,1921.34,72
1692855780,1921.47,72
1692855840,1921.34,67
1692855900,1920.89,86
1692855960,1921.09,72
1692856020,1921.46,58
1692856080,1921.74,83
1692856140,1921.97,101
1692856200,1922.08,48
1692856260,1921.84,49
1692856320,1922.36,77
1692856380,1921.62,84
1692856440,1921.78,88
1692856500,1920.82,100
1692856560,1921.22,90
1692856620,1921.65,124
1692856680,1921.49,284
1692856740,1921.56,120
1692856800,1921.58,108
1692856860,1921.36,123
1692856920,1921.74,121
1692856980,1921.97,99
1692857040,1921.98,78
1692857100,1922.24,130
1692857160,1921.62,91
1692857220,1921.80,150
1692857280,1921.98,130
1692857340,1922.32,116
1692857400,1922.27,119
1692857460,1922.49,95
1692857520,1922.62,89
1692857580,1921.86,122
1692857640,1921.93,130
1692857700,1921.86,142
1692857760,1921.53,116
1692857820,1921.54,110
1692857880,1921.23,116
1692857940,1921.27,134
1692858000,1921.27,131
1692858060,1921.48,113
1692858120,1921.00,118
1692858180,1921.04,116
1692858240,1921.50,96
1692858300,1921.60,124
1692858360,1922.04,90
1692858420,1921.14,97
1692858480,1920.96,88
1692858540,1921.18,130
1692858600,1921.34,120
1692858660,1920.95,118
1692858720,1920.84,128
1692858780,1920.87,97
1692858840,1921.24,108
1692858900,1921.11,138
1692858960,1921.12,111
1692859020,1921.00,77
1692859080,1921.02,115
1692859140,1921.26,126
1692859200,1921.62,106
1692859260,1921.76,75
1692859320,1921.56,111
1692859380,1921.92,113
1692859440,1922.08,110
1692859500,1921.74,117
1692859560,1921.87,102
1692859620,1921.72,116
1692859680,1922.00,88
1692859740,1921.52,142
1692859800,1922.59,145
1692859860,1922.36,238
1692859920,1921.93,180
1692859980,1921.79,122
1692860040,1921.68,122
1692860100,1921.20,176
1692860160,1921.67,210
1692860220,1921.78,136
1692860280,1921.70,140
1692860340,1921.68,132
1692860400,1921.36,206
1692860460,1921.40,157
1692860520,1921.88,190
1692860580,1922.01,169
1692860640,1921.79,126
1692860700,1921.70,140
1692860760,1922.04,123
1692860820,1921.94,125
1692860880,1921.88,113
1692860940,1921.85,115
1692861000,1921.57,138
1692861060,1921.67,149
1692861120,1921.40,120
1692861180,1921.50,97
1692861240,1921.10,138
1692861300,1921.21,161
1692861360,1920.85,109
1692861420,1920.51,156
1692861480,1920.59,137
1692861540,1920.80,153
1692861600,1920.80,138
1692861660,1920.95,129
1692861720,1921.00,132
1692861780,1921.07,93
1692861840,1921.43,164
1692861900,1921.45,138
1692861960,1922.10,157
1692862020,1922.00,118
1692862080,1921.77,104
1692862140,1922.00,123
1692862200,1921.69,120
1692862260,1921.80,132
1692862320,1921.08,106
1692862380,1920.89,98
1692862440,1920.99,74
1692862500,1920.93,120
1692862560,1921.08,82
1692862620,1921.14,87
1692862680,1920.84,106
1692862740,1920.98,127
1692862800,1921.40,131
1692862860,1921.78,131
1692862920,1921.46,145
1692862980,1921.14,134
1692863040,1921.27,84
1692863100,1920.91,150
1692863160,1920.72,82
1692863220,1920.60,142
1692863280,1920.46,140
1692863340,1920.14,130
1692863400,1920.16,111
1692863460,1920.30,72
1692863520,1920.33,83
1692863580,1920.09,55
1692863640,1920.34,105
1692863700,1920.27,103
1692863760,1920.21,87
1692863820,1920.03,103
1692863880,1919.56,96
1692863940,1919.57,64
1692864000,1919.77,151
1692864060,1920.30,147
1692864120,1920.76,114
1692864180,1920.88,122
1692864240,1921.18,92
1692864300,1921.10,97
1692864360,1921.40,93
1692864420,1921.39,80
1692864480,1921.33,101
1692864540,1921.02,114
1692864600,1920.75,83
1692864660,1920.49,88
1692864720,1920.25,93
1692864780,1920.08,88
1692864840,1920.56,114
1692864900,1920.29,91
1692864960,1920.15,40
1692865020,1920.25,90
1692865080,1920.69,114
1692865140,1921.10,101
1692865200,1921.39,80
1692865260,1920.82,99
1692865320,1921.04,113
1692865380,1920.92,78
1692865440,1921.17,96
1692865500,1921.54,118
1692865560,1921.86,138
1692865620,1921.97,102
1692865680,1921.98,104
1692865740,1921.84,146
1692865800,1921.61,82
1692865860,1921.55,89
1692865920,1921.45,100
1692865980,1921.52,91
1692866040,1921.02,138
1692866100,1921.05,118
1692866160,1921.24,94
1692866220,1921.34,88
1692866280,1921.20,81
1692866340,1921.24,51
1692866400,1921.16,86
1692866460,1921.64,112
1692866520,1921.49,80
1692866580,1921.38,63
1692866640,1921.13,72
1692866700,1921.39,78
1692866760,1921.62,80
1692866820,1921.10,100
1692866880,1921.32,84
1692866940,1921.17,113
1692867000,1921.18,59
1692867060,1921.21,82
1692867120,1920.92,70
1692867180,1920.85,56
1692867240,1920.75,70
1692867300,1920.63,70
1692867360,1920.66,83
1692867420,1920.84,80
1692867480,1920.02,94
1692867540,1920.36,76
1692867600,1920.62,78
1692867660,1920.58,66
1692867720,1920.56,83
1692867780,1920.58,78
1692867840,1920.66,86
1692867900,1920.49,103
1692867960,1920.64,59
1692868020,1920.88,47
1692868080,1920.98,54
1692868140,1920.89,44
1692868200,1921.02,44
1692868260,1920.91,32
1692868320,1920.80,57
1692868380,1920.85,44
1692868440,1920.89,71
1692868500,1920.83,68
1692868560,1920.81,35
1692868620,1920.46,79
1692868680,1920.16,123
1692868740,1920.06,74
1692868800,1920.34,103
1692868860,1920.14,84
1692868920,1920.08,86
1692868980,1920.32,65
1692869040,1920.14,98
1692869100,1920.02,94
1692869160,1919.77,74
1692869220,1920.13,92
1692869280,1919.98,72
1692869340,1920.15,67
1692869400,1920.50,104
1692869460,1920.52,124
1692869520,1920.20,108
1692869580,1920.27,86
1692869640,1920.21,111
1692869700,1919.98,99
1692869760,1919.91,67
1692869820,1919.91,111
1692869880,1920.08,115
1692869940,1920.03,63
1692870000,1919.62,90
1692870060,1919.74,105
1692870120,1919.81,108
1692870180,1919.92,87
1692870240,1919.68,83
1692870300,1919.80,109
1692870360,1919.84,82
1692870420,1920.02,66
1692870480,1919.95,75
1692870540,1920.17,58
1692870600,1920.24,84
1692870660,1920.32,63
1692870720,1919.96,91
1692870780,1919.98,51
1692870840,1920.08,70
1692870900,1919.60,90
1692870960,1919.58,89
1692871020,1919.44,81
1692871080,1919.52,94
1692871140,1919.62,88
1692871200,1919.44,136
1692871260,1919.32,103
1692871320,1919.93,106
1692871380,1920.24,120
1692871440,1920.31,90
1692871500,1920.50,113
1692871560,1920.70,78
1692871620,1920.36,85
1692871680,1920.00,85
1692871740,1920.00,46
1692871800,1920.20,89
1692871860,1920.45,92
1692871920,1920.12,64
1692871980,1920.00,79
1692872040,1919.82,100
1692872100,1920.02,130
1692872160,1919.64,106
1692872220,1919.53,73
1692872280,1919.64,92
1692872340,1919.78,98
1692872400,1919.72,87
1692872460,1920.04,70
1692872520,1920.11,44
1692872580,1920.12,52
1692872640,1920.05,56
1692872700,1919.99,53
1692872760,1920.06,81
1692872820,1920.24,53
1692872880,1920.22,57
1692872940,1920.10,53
1692873000,1919.95,113
1692873060,1919.80,86
1692873120,1919.32,109
1692873180,1919.26,93
1692873240,1919.33,104
1692873300,1919.36,110
1692873360,1919.38,98
1692873420,1919.16,87
1692873480,1919.17,100
1692873540,1919.43,79
1692873600,1919.50,85
1692873660,1919.41,52
1692873720,1919.42,58
1692873780,1919.53,44
1692873840,1919.65,94
1692873900,1919.56,59
1692873960,1919.42,49
1692874020,1919.52,61
1692874080,1919.35,64
1692874140,1919.13,82
1692874200,1919.32,66
1692874260,1919.02,110
1692874320,1919.00,99
1692874380,1919.13,75
1692874440,1919.35,105
1692874500,1919.16,112
1692874560,1919.34,117
1692874620,1919.48,74
1692874680,1919.51,80
1692874740,1919.31,82
1692874800,1919.31,113
1692874860,1919.61,106
1692874920,1919.63,108
1692874980,1919.24,75
1692875040,1918.94,106
1692875100,1919.02,110
1692875160,1919.13,76
1692875220,1919.22,82
1692875280,1919.40,53
1692875340,1919.33,76
1692875400,1919.22,69
1692875460,1918.81,82
1692875520,1918.76,115
1692875580,1919.05,105
1692875640,1919.00,60
1692875700,1919.14,119
1692875760,1918.84,61
1692875820,1918.92,125
1692875880,1918.79,62
1692875940,1918.42,98
1692876000,1918.49,98
1692876060,1918.44,135
1692876120,1918.29,107
1692876180,1918.37,96
1692876240,1918.04,82
1692876300,1918.20,72
1692876360,1918.30,117
1692876420,1918.07,92
1692876480,1918.00,69
1692876540,1917.85,97
1692876600,1918.01,117
1692876660,1918.24,94
1692876720,1918.21,105
1692876780,1918.03,97
1692876840,1918.15,96
1692876900,1918.31,80
1692876960,1918.18,79
1692877020,1918.39,92
1692877080,1918.08,62
1692877140,1917.88,76
1692877200,1917.78,114
1692877260,1917.94,88
1692877320,1917.88,75
1692877380,1917.75,86
1692877440,1917.85,98
1692877500,1917.76,58
1692877560,1917.72,76
1692877620,1917.77,60
1692877680,1917.72,92
1692877740,1917.63,84
1692877800,1917.67,94
1692877860,1917.58,129
1692877920,1917.22,140
1692877980,1917.31,98
1692878040,1916.98,94
1692878100,1916.76,165
1692878160,1916.80,123
1692878220,1916.93,157
1692878280,1916.55,130
1692878340,1916.67,109
1692878400,1916.58,170
1692878460,1916.34,209
1692878520,1916.24,178
1692878580,1915.65,163
1692878640,1915.92,160
1692878700,1915.87,155
1692878760,1915.63,193
1692878820,1915.34,174
1692878880,1915.10,168
1692878940,1915.11,132
1692879000,1914.87,158
1692879060,1914.86,157
1692879120,1914.44,188
1692879180,1914.78,195
1692879240,1915.04,174
1692879300,1915.08,184
1692879360,1914.86,126
1692879420,1914.42,132
1692879480,1914.98,150
1692879540,1915.34,162
1692879600,1915.31,214
1692879660,1915.76,231
1692879720,1915.24,236
1692879780,1914.88,186
1692879840,1915.22,230
1692879900,1914.64,191
1692879960,1915.13,188
1692880020,1915.46,170
1692880080,1916.12,137
1692880140,1916.26,140
1692880200,1914.68,376
1692880260,1914.00,274
1692880320,1914.51,280
1692880380,1913.78,270
1692880440,1913.92,257
1692880500,1912.86,261
1692880560,1912.70,238
1692880620,1912.30,268
1692880680,1913.62,288
1692880740,1912.57,279
1692880800,1912.68,289
1692880860,1913.47,276
1692880920,1913.64,254
1692880980,1913.88,263
1692881040,1913.16,252
1692881100,1914.38,246
1692881160,1914.66,226
1692881220,1913.73,224
1692881280,1914.01,206
1692881340,1913.82,186
1692881400,1914.02,194
1692881460,1914.18,207
1692881520,1913.57,181
1692881580,1913.96,183
1692881640,1914.29,186
1692881700,1913.55,189
1692881760,1914.14,202
1692881820,1914.53,193
1692881880,1915.12,208
1692881940,1915.16,242
1692882000,1915.01,269
1692882060,1915.29,236
1692882120,1915.35,227
1692882180,1915.24,221
1692882240,1915.16,178
1692882300,1915.32,203
1692882360,1915.06,177
1692882420,1914.58,184
1692882480,1914.49,212
1692882540,1914.48,160
1692882600,1914.17,216
1692882660,1913.42,224
1692882720,1913.57,260
1692882780,1913.36,150
1692882840,1914.41,198
1692882900,1914.81,236
1692882960,1915.22,210
1692883020,1914.96,190
1692883080,1914.73,200
1692883140,1914.03,224
1692883200,1914.69,194
1692883260,1913.84,176
1692883320,1913.62,214
1692883380,1913.38,199
1692883440,1913.73,199
1692883500,1913.83,246
1692883560,1914.16,200
1692883620,1914.16,159
1692883680,1914.20,187
1692883740,1914.41,161
1692883800,1914.70,308
1692883860,1913.95,292
1692883920,1913.69,297
1692883980,1913.74,269
1692884040,1913.95,242
1692884100,1912.61,275
1692884160,1912.92,333
1692884220,1913.24,333
1692884280,1913.40,304
1692884340,1912.54,291
1692884400,1913.13,269
1692884460,1912.62,266
1692884520,1913.01,243
1692884580,1914.12,286
1692884640,1914.46,297
1692884700,1914.55,294
1692884760,1914.86,276
1692884820,1914.38,330
1692884880,1915.17,298
1692884940,1914.98,228
1692885000,1915.71,283
1692885060,1916.06,306
1692885120,1915.68,289
1692885180,1915.82,227
1692885240,1916.45,271
1692885300,1915.81,272
1692885360,1916.22,270
1692885420,1916.66,255
1692885480,1916.35,250
1692885540,1916.13,278
1692885600,1917.10,314
1692885660,1917.20,294
1692885720,1917.23,270
1692885780,1916.94,257
1692885840,1916.71,248
1692885900,1916.98,248
1692885960,1917.12,240
1692886020,1917.20,252
1692886080,1917.13,270
1692886140,1916.80,243
1692886200,1916.29,279
1692886260,1917.78,300
1692886320,1918.08,314
1692886380,1918.99,290
1692886440,1919.52,287
1692886500,1919.35,306
1692886560,1918.82,300
1692886620,1919.33,286
1692886680,1919.88,328
1692886740,1920.11,321
1692886800,1919.66,291
1692886860,1920.00,233
1692886920,1919.75,209
1692886980,1919.61,204
1692887040,1919.42,226
1692887100,1919.17,238
1692887160,1918.73,232
1692887220,1918.56,246
1692887280,1918.23,257
1692887340,1917.60,262
1692887400,1916.83,274
1692887460,1916.91,260
1692887520,1917.13,242
1692887580,1917.28,252
1692887640,1918.39,259
1692887700,1918.46,221
1692887760,1918.21,214
1692887820,1919.07,219
1692887880,1919.09,226
1692887940,1920.03,202
1692888000,1920.12,254
1692888060,1920.24,234
1692888120,1920.72,164
1692888180,1920.58,233
1692888240,1921.14,259
1692888300,1921.51,244
1692888360,1921.55,210
1692888420,1922.44,253
1692888480,1922.39,284
1692888540,1922.80,228
1692888600,1922.14,252
1692888660,1922.16,279
1692888720,1921.29,271
1692888780,1921.29,243
1692888840,1920.80,229
1692888900,1921.25,212
1692888960,1921.21,231
1692889020,1920.86,212
1692889080,1920.99,213
1692889140,1921.42,228
1692889200,1921.80,216
1692889260,1921.30,200
1692889320,1921.76,234
1692889380,1921.58,178
1692889440,1921.12,203
1692889500,1921.06,182
1692889560,1920.70,172
1692889620,1920.90,150
1692889680,1920.96,184
1692889740,1922.11,202
1692889800,1921.37,182
1692889860,1921.36,233
1692889920,1920.78,203
1692889980,1920.92,202
1692890040,1921.06,189
1692890100,1921.72,206
1692890160,1921.16,244
1692890220,1921.47,186
1692890280,1921.71,210
1692890340,1921.41,158
1692890400,1920.82,154
1692890460,1921.00,162
1692890520,1920.86,165
1692890580,1921.32,154
1692890640,1920.73,162
1692890700,1920.93,203
1692890760,1920.84,180
1692890820,1921.06,148
1692890880,1921.32,157
1692890940,1921.16,183
1692891000,1920.77,204
1692891060,1920.64,192
1692891120,1920.41,126
1692891180,1920.20,134
1692891240,1920.46,161
1692891300,1920.58,188
1692891360,1920.63,136
1692891420,1920.21,141
1692891480,1920.26,143
1692891540,1920.58,126
1692891600,1920.42,110
1692891660,1920.40,150
1692891720,1920.66,150
1692891780,1920.60,134
1692891840,1920.60,160
1692891900,1920.79,142
1692891960,1921.15,171
1692892020,1920.87,167
1692892080,1921.18,192
1692892140,1921.25,105
1692892200,1921.07,138
1692892260,1921.24,152
1692892320,1921.17,158
1692892380,1921.47,152
1692892440,1921.44,129
1692892500,1921.32,126
1692892560,1921.26,132
1692892620,1921.14,157
1692892680,1921.11,146
1692892740,1921.08,154
1692892800,1921.05,142
1692892860,1921.37,146
1692892920,1921.17,139
1692892980,1920.92,142
1692893040,1920.78,134
1692893100,1920.26,151
1692893160,1920.16,156
1692893220,1919.64,163
1692893280,1919.78,176
1692893340,1919.62,146
1692893400,1919.12,134
1692893460,1919.12,154
1692893520,1919.40,144
1692893580,1919.48,149
1692893640,1919.13,114
1692893700,1919.38,132
1692893760,1919.44,87
1692893820,1919.35,122
1692893880,1919.70,90
1692893940,1919.70,130
1692894000,1919.70,130
1692894060,1919.79,128
1692894120,1919.90,94
1692894180,1919.89,86
1692894240,1919.48,120
1692894300,1919.46,116
1692894360,1919.27,140
1692894420,1919.39,100
1692894480,1919.47,126
1692894540,1919.37,113
1692894600,1918.76,151
1692894660,1918.50,128
1692894720,1918.37,117
1692894780,1917.98,151
1692894840,1918.47,145
1692894900,1918.38,101
1692894960,1918.58,112
1692895020,1918.51,115
1692895080,1918.12,120
1692895140,1918.37,121
1692895200,1918.30,112
1692895260,1918.06,105
1692895320,1918.38,120
1692895380,1918.20,107
1692895440,1918.26,112
1692895500,1917.89,122
1692895560,1917.97,129
1692895620,1917.60,148
1692895680,1917.70,118
1692895740,1917.75,119
1692895800,1918.08,116
1692895860,1917.88,148
1692895920,1917.90,106
1692895980,1917.90,129
1692896040,1917.70,81
1692896100,1917.70,163
1692896160,1917.69,167
1692896220,1917.98,152
1692896280,1918.22,106
1692896340,1918.39,114
1692896400,1918.08,127
1692896460,1917.98,145
1692896520,1917.69,148
1692896580,1917.67,156
1692896640,1917.69,134
1692896700,1917.87,148
1692896760,1917.90,146
1692896820,1918.01,104
1692896880,1917.93,128
1692896940,1917.99,122
1692897000,1917.81,161
1692897060,1917.80,124
1692897120,1917.70,94
1692897180,1917.49,108
1692897240,1917.70,106
1692897300,1917.50,125
1692897360,1917.69,128
1692897420,1917.70,108
1692897480,1917.64,124
1692897540,1917.78,77
1692897600,1917.75,108
1692897660,1917.79,126
1692897720,1917.85,117
1692897780,1918.06,85
1692897840,1918.36,134
1692897900,1918.26,153
1692897960,1919.03,133
1692898020,1918.66,160
1692898080,1918.84,111
1692898140,1919.14,212
1692898200,1919.31,113
1692898260,1919.18,186
1692898320,1919.17,72
1692898380,1919.14,110
1692898440,1919.08,91
1692898500,1918.13,186
1692898560,1917.98,118
1692898620,1917.74,120
1692898680,1917.82,103
1692898740,1917.75,78
1692898800,1917.77,108
1692898860,1918.03,106
1692898920,1917.99,121
1692898980,1917.83,91
1692899040,1917.47,123
1692899100,1917.38,76
1692899160,1917.16,116
1692899220,1917.02,93
1692899280,1916.94,65
1692899340,1917.22,71
1692899400,1917.06,90
1692899460,1917.18,60
1692899520,1916.97,59
1692899580,1917.24,85
1692899640,1917.18,64
1692899700,1916.99,128
1692899760,1916.76,100
1692899820,1916.85,83
1692899880,1916.96,100
1692899940,1917.17,67
1692900000,1917.38,145
1692900060,1917.42,104
1692900120,1917.48,115
1692900180,1917.31,101
1692900240,1917.36,64
1692900300,1917.38,63
1692900360,1917.17,60
1692900420,1917.22,71
1692900480,1917.35,85
1692900540,1917.55,68
1692900600,1917.65,48
1692900660,1917.68,74
1692900720,1917.78,95
1692900780,1917.90,64
1692900840,1917.83,64
1692900900,1917.66,110
1692900960,1917.30,94
1692901020,1917.12,124
1692901080,1917.08,147
1692901140,1917.05,85
1692901200,1916.94,93
1692901260,1917.12,105
1692901320,1917.05,83
1692901380,1917.37,84
1692901440,1917.63,46
1692901500,1917.56,97
1692901560,1917.37,74
1692901620,1917.14,74
1692901680,1917.38,112
1692901740,1917.53,74
1692901800,1917.47,58
1692901860,1917.76,66
1692901920,1917.89,63
1692901980,1917.97,58
1692902040,1917.95,64
1692902100,1917.62,88
1692902160,1917.65,88
1692902220,1917.76,130
1692902280,1917.86,106
1692902340,1917.66,93
1692902400,1917.50,111
1692902460,1917.55,92
1692902520,1917.56,74
1692902580,1917.51,94
1692902640,1917.36,97
1692902700,1917.48,67
1692902760,1917.57,76
1692902820,1917.74,103
1692902880,1917.74,84
1692902940,1917.68,89
1692903000,1917.57,76
1692903060,1917.54,89
1692903120,1917.65,101
1692903180,1917.48,80
1692903240,1917.41,85
1692903300,1917.33,116
1692903360,1917.23,56
1692903420,1917.22,42
1692903480,1917.15,70
1692903540,1916.93,151
1692903600,1917.16,143
1692903660,1917.28,77
1692903720,1917.66,100
1692903780,1917.44,81
1692903840,1917.20,95
1692903900,1917.15,90
1692903960,1917.34,95
1692904020,1917.39,95
1692904080,1917.55,116
1692904140,1917.50,81
1692904200,1917.30,92
1692904260,1917.06,80
1692904320,1916.88,64
1692904380,1917.02,87
1692904440,1917.20,37
1692904500,1917.24,70
1692904560,1917.25,57
1692904620,1917.45,37
1692904680,1917.54,80
1692904740,1917.82,37
1692904800,1917.85,51
1692904860,1918.03,74
1692904920,1917.82,53
1692904980,1917.80,51
1692905040,1918.02,80
1692905100,1917.83,67
1692905160,1917.82,70
1692905220,1917.81,47
1692905280,1917.92,74
1692905340,1917.83,54
1692905400,1917.89,74
1692905460,1917.98,54
1692905520,1917.68,68
1692905580,1917.71,38
1692905640,1917.69,101
1692905700,1917.61,43
1692905760,1917.49,83
1692905820,1917.42,90
1692905880,1917.23,56
1692905940,1917.25,69
1692906000,1917.14,74
1692906060,1917.25,44
1692906120,1917.26,26
1692906180,1917.24,29
1692906240,1917.25,25
1692906300,1917.50,66
1692906360,1917.54,57
1692906420,1917.56,73
1692906480,1917.72,93
1692906540,1917.67,49
1692906600,1917.54,99
1692906660,1917.20,106
1692906720,1917.06,108
1692906780,1916.87,99
1692906840,1916.99,82
1692906900,1917.09,92
1692906960,1917.01,66
1692907020,1917.07,109
1692907080,1916.96,116
1692907140,1916.78,136
1692907200,1917.34,158
1692907260,1917.13,78
1692907320,1917.13,21
1692907380,1917.12,51
1692907440,1917.20,47
1692907500,1917.12,29
1692907560,1917.24,34
1692907620,1917.16,24
1692907680,1917.04,18
1692907740,1916.95,38
1692907800,1916.82,30
1692907860,1916.84,29
1692907920,1916.51,44
1692907980,1916.58,39
1692908040,1916.60,62
1692908100,1916.62,26
1692908160,1916.77,30
1692908220,1916.76,13
1692908280,1916.77,19
1692908340,1916.89,21
1692908400,1916.90,37
1692908460,1916.97,32
1692908520,1916.90,27
1692908580,1916.86,12
1692908640,1917.00,12
1692908700,1917.10,46
1692908760,1916.84,32
1692908820,1916.72,28
1692908880,1916.80,26
1692908940,1917.01,14
1692909000,1916.95,20
1692909060,1917.06,30
1692909120,1917.06,24
1692909180,1916.88,27
1692909240,1916.92,15
1692909300,1916.79,16
1692909360,1916.91,10
1692909420,1916.90,23
1692909480,1916.90,23
1692909540,1916.98,25
1692909600,1916.98,8
1692909660,1917.05,38
1692909720,1917.02,16
1692909780,1917.01,6
1692909840,1917.01,16
1692909900,1916.98,28
1692909960,1917.01,34
1692910020,1917.20,26
1692910080,1917.17,40
1692910140,1917.08,20
1692910200,1917.00,32
1692910260,1917.08,44
1692910320,1917.00,44
1692910380,1916.96,10
1692910440,1916.98,14
1692910500,1916.88,26
1692910560,1916.79,14
1692914520,1916.85,53
1692914580,1916.93,16
1692914640,1916.93,4
1692914700,1916.93,18
1692914760,1916.95,10
1692914820,1917.03,16
1692914880,1917.12,34
1692914940,1917.11,24
1692915000,1917.07,36
1692915060,1917.06,12
1692915120,1917.03,14
1692915180,1917.00,23
1692915240,1916.94,18
1692915300,1916.97,17
1692915360,1916.96,19
1692915420,1916.87,2
1692915480,1917.19,32
1692915540,1917.11,8
1692915600,1917.17,6
1692915660,1917.20,6
1692915720,1917.19,8
1692915780,1917.26,26
1692915840,1917.19,8
1692915900,1917.24,24
1692915960,1917.23,22
1692916020,1917.20,23
1692916080,1917.25,17
1692916200,1917.21,14
1692916260,1917.22,10
1692916380,1917.22,4
1692916440,1917.13,12
1692916500,1917.11,14
1692916560,1917.11,6
1692916620,1917.13,4
1692916680,1917.02,12
1692916740,1917.05,6
1692916860,1917.04,24
1692916920,1917.03,2
1692916980,1917.04,4
1692917040,1916.83,22
1692917100,1916.86,20
1692917160,1916.91,38
1692917220,1916.89,33
1692917280,1916.88,30
1692917340,1916.87,14
1692917400,1916.85,18
1692917460,1916.80,28
1692917520,1916.86,13
1692917580,1916.87,13
1692917640,1916.84,8
1692917700,1917.11,17
1692917760,1917.05,10
1692917820,1917.05,1
1692917880,1917.07,2
1692917940,1916.92,11
1692918000,1916.31,80
1692918060,1915.94,94
1692918120,1916.08,84
1692918180,1915.87,41
1692918240,1915.75,43
1692918300,1915.86,33
1692918360,1915.86,25
1692918420,1915.94,21
1692918480,1915.76,50
1692918540,1916.02,39
1692918600,1915.91,29
1692918660,1916.26,46
1692918720,1916.19,8
1692918780,1916.15,14
1692918840,1916.25,16
1692918900,1916.28,8
1692918960,1916.28,6
1692919020,1916.35,12
1692919080,1916.28,22
1692919140,1916.37,12
1692919260,1916.35,4
1692919320,1916.33,22
1692919380,1916.34,6
1692919500,1916.36,30
1692919560,1916.34,4
1692919620,1916.31,25
1692919680,1916.24,24
1692919740,1916.29,18
1692919800,1916.35,41
1692919860,1916.29,24
1692919920,1916.28,18
1692919980,1916.29,8
1692920040,1916.29,27
1692920100,1915.97,46
1692920160,1915.96,36
1692920220,1916.08,18
1692920280,1916.11,15
1692920340,1916.12,16
1692920400,1916.28,24
1692920460,1916.37,9
1692920520,1916.27,33
1692920580,1916.34,30
1692920640,1916.38,28
1692920700,1916.07,42
1692920760,1916.08,19
1692920820,1916.05,22
1692920880,1916.19,24
1692920940,1916.19,20
1692921000,1916.16,34
1692921060,1916.30,43
1692921120,1916.29,26
1692921180,1916.29,18
1692921240,1916.12,16
1692921300,1916.17,27
1692921360,1916.15,54
1692921420,1915.89,57
1692921480,1915.82,22
1692921540,1915.91,30
1692921600,1915.85,55
1692921660,1915.86,41
1692921720,1916.00,71
1692921780,1915.88,30
1692921840,1915.86,63
1692921900,1915.88,65
1692921960,1915.94,44
1692922020,1916.32,60
1692922080,1916.42,64
1692922140,1916.23,47
1692922200,1916.27,48
1692922260,1916.23,47
1692922320,1916.18,54
1692922380,1916.30,58
1692922440,1916.25,45
1692922500,1916.26,51
1692922560,1916.00,36
1692922620,1915.93,30
1692922680,1915.92,24
1692922740,1915.76,16
1692922800,1915.70,37
1692922860,1915.82,40
1692922920,1915.19,70
1692922980,1915.62,94
1692923040,1915.67,34
1692923100,1915.32,40
1692923160,1915.58,44
1692923220,1915.48,62
1692923280,1915.54,34
1692923340,1915.40,40
1692923400,1915.48,62
1692923460,1915.43,22
1692923520,1915.53,50
1692923580,1915.60,54
1692923640,1915.75,43
1692923700,1915.97,48
1692923760,1915.93,41
1692923820,1915.97,38
1692923880,1915.76,36
1692923940,1915.82,20
1692924000,1915.80,26
1692924060,1915.77,20
1692924120,1915.64,50
1692924180,1915.76,46
1692924240,1915.70,40
1692924300,1915.69,26
1692924360,1915.80,42
1692924420,1915.63,77
1692924480,1915.58,32
1692924540,1915.71,52
1692924600,1915.68,62
1692924660,1915.68,56
1692924720,1915.62,62
1692924780,1915.57,80
1692924840,1915.46,116
1692924900,1915.58,62
1692924960,1915.50,38
1692925020,1915.52,36
1692925080,1915.63,32
1692925140,1915.54,44
1692925200,1915.45,119
1692925260,1915.93,66
1692925320,1915.71,82
1692925380,1915.37,96
1692925440,1915.31,101
1692925500,1915.10,80
1692925560,1915.04,109
1692925620,1914.81,135
1692925680,1915.10,58
1692925740,1915.40,60
1692925800,1915.32,79
1692925860,1915.54,78
1692925920,1915.39,28
1692925980,1915.38,20
1692926040,1915.57,52
1692926100,1915.61,105
1692926160,1915.57,82
1692926220,1915.78,90
1692926280,1915.66,61
1692926340,1916.00,66
1692926400,1915.83,96
1692926460,1916.01,42
1692926520,1916.08,58
1692926580,1916.25,84
1692926640,1916.26,62
1692926700,1916.08,96
1692926760,1916.26,34
1692926820,1916.17,56
1692926880,1915.83,82
1692926940,1915.90,105
1692927000,1915.88,104
1692927060,1915.57,98
1692927120,1915.96,110
1692927180,1915.68,98
1692927240,1915.92,57
1692927300,1916.11,145
1692927360,1916.29,113
1692927420,1915.98,118
1692927480,1916.06,67
1692927540,1916.15,76
1692927600,1916.01,62
1692927660,1915.95,70
1692927720,1916.37,77
1692927780,1916.56,88
1692927840,1916.69,90
1692927900,1917.08,280
1692927960,1916.98,140
1692928020,1917.30,127
1692928080,1917.20,104
1692928140,1917.11,127
1692928200,1917.32,131
1692928260,1917.34,157
1692928320,1917.22,126
1692928380,1917.10,86
1692928440,1916.96,118
1692928500,1917.14,132
1692928560,1917.37,132
1692928620,1917.16,61
1692928680,1917.13,107
1692928740,1917.05,102
1692928800,1917.03,114
1692928860,1916.96,108
1692928920,1916.77,97
1692928980,1916.77,54
1692929040,1916.68,54
1692929100,1916.60,74
1692929160,1916.58,32
1692929220,1916.59,60
1692929280,1916.59,16
1692929340,1916.53,100
1692929400,1916.52,88
1692929460,1916.89,86
1692929520,1916.93,92
1692929580,1916.82,60
1692929640,1916.63,78
1692929700,1916.87,75
1692929760,1916.90,92
1692929820,1916.69,56
1692929880,1916.43,46
1692929940,1916.48,51
1692930000,1916.75,90
1692930060,1916.80,68
1692930120,1916.90,35
1692930180,1916.96,65
1692930240,1917.01,45
1692930300,1916.90,38
1692930360,1916.90,32
1692930420,1916.93,52
1692930480,1916.79,49
1692930540,1916.82,61
1692930600,1916.82,58
1692930660,1916.81,54
1692930720,1916.75,62
1692930780,1916.92,62
1692930840,1916.58,62
1692930900,1916.53,75
1692930960,1916.41,108
1692931020,1915.88,82
1692931080,1915.77,82
1692931140,1915.78,78
1692931200,1915.60,87
1692931260,1915.66,102
1692931320,1915.09,144
1692931380,1915.22,130
1692931440,1915.19,106
1692931500,1914.84,222
1692931560,1915.12,138
1692931620,1914.94,73
1692931680,1915.00,95
1692931740,1914.72,34
1692931800,1914.73,61
1692931860,1914.64,121
1692931920,1914.72,50
1692931980,1914.46,93
1692932040,1914.41,62
1692932100,1914.75,79
1692932160,1914.93,78
1692932220,1915.03,38
1692932280,1914.86,66
1692932340,1914.86,65
1692932400,1914.65,77
1692932460,1914.76,30
1692932520,1914.67,61
1692932580,1914.88,67
1692932640,1914.72,84
1692932700,1914.66,84
1692932760,1914.79,65
1692932820,1914.77,63
1692932880,1914.40,80
1692932940,1914.29,113
1692933000,1914.48,65
1692933060,1914.83,66
1692933120,1914.63,77
1692933180,1914.33,102
1692933240,1914.32,70
1692933300,1914.40,45
1692933360,1914.31,93
1692933420,1914.36,65
1692933480,1914.17,33
1692933540,1914.02,60
1692933600,1914.58,82
1692933660,1914.54,53
1692933720,1914.57,52
1692933780,1914.46,54
1692933840,1914.32,34
1692933900,1914.33,70
1692933960,1914.42,56
1692934020,1914.16,54
1692934080,1914.23,38
1692934140,1914.17,64
1692934200,1914.14,44
1692934260,1914.12,52
1692934320,1914.14,40
1692934380,1914.17,26
1692934440,1914.23,28
1692934500,1914.13,34
1692934560,1914.14,20
1692934620,1914.04,31
1692934680,1913.97,40
1692934740,1913.93,70
1692934800,1914.00,35
1692934860,1914.06,35
1692934920,1914.05,22
1692934980,1913.98,38
1692935040,1913.74,34
1692935100,1913.78,44
1692935160,1913.64,75
1692935220,1913.59,35
1692935280,1913.54,39
1692935340,1913.62,10
1692935400,1913.39,26
1692935460,1913.39,37
1692935520,1913.42,27
1692935580,1913.22,34
1692935640,1913.31,36
1692935700,1913.52,60
1692935760,1913.44,34
1692935820,1913.55,34
1692935880,1913.42,18
1692935940,1913.45,42
1692936000,1913.51,58
1692936060,1913.62,21
1692936120,1913.50,24
1692936180,1913.54,28
1692936240,1913.78,44
1692936300,1913.69,46
1692936360,1913.67,20
1692936420,1913.69,24
1692936480,1913.68,92
1692936540,1913.89,106
1692936600,1914.34,108
1692936660,1914.35,34
1692936720,1914.56,196
1692936780,1914.34,212
1692936840,1914.18,94
1692936900,1914.26,44
1692936960,1914.19,55
1692937020,1913.87,69
1692937080,1913.96,65
1692937140,1914.02,80
1692937200,1914.07,29
1692937260,1914.14,32
1692937320,1913.96,38
1692937380,1913.90,55
1692937440,1913.91,12
1692937500,1913.92,52
1692937560,1914.02,27
1692937620,1913.98,31
1692937680,1914.06,22
1692937740,1914.09,35
1692937800,1914.19,39
1692937860,1914.25,41
1692937920,1914.20,61
1692937980,1914.28,56
1692938040,1914.23,20
1692938100,1914.34,34
1692938160,1914.31,34
1692938220,1914.39,26
1692938280,1914.31,50
1692938340,1914.30,21
1692938400,1914.22,10
1692938460,1914.10,11
1692938520,1914.09,14
1692938580,1913.78,50
1692938640,1913.87,36
1692938700,1914.30,66
1692938760,1914.40,31
1692938820,1914.22,92
1692938880,1913.68,64
1692938940,1914.00,148
1692939000,1914.52,76
1692939060,1914.50,49
1692939120,1914.28,51
1692939180,1913.90,42
1692939240,1913.80,75
1692939300,1914.11,58
1692939360,1914.23,29
1692939420,1914.10,36
1692939480,1913.88,38
1692939540,1913.76,20
1692939600,1914.06,45
1692939660,1913.97,51
1692939720,1913.87,49
1692939780,1913.48,44
1692939840,1913.59,45
1692939900,1913.60,47
1692939960,1913.55,35
1692940020,1913.54,62
1692940080,1913.33,38
1692940140,1913.20,20
1692940200,1913.19,36
1692940260,1913.36,38
1692940320,1913.14,45
1692940380,1913.25,38
1692940440,1913.42,61
1692940500,1913.60,63
1692940560,1913.61,52
1692940620,1913.92,67
1692940680,1913.82,20
1692940740,1913.91,46
1692940800,1913.79,64
1692940860,1913.79,51
1692940920,1913.74,37
1692940980,1913.68,52
1692941040,1913.77,60
1692941100,1913.70,58
1692941160,1913.71,40
1692941220,1913.71,46
1692941280,1913.71,30
1692941340,1913.62,58
1692941400,1914.08,122
1692941460,1913.38,98
1692941520,1913.96,95
1692941580,1913.71,72
1692941640,1913.69,89
1692941700,1913.76,77
1692941760,1913.55,107
1692941820,1913.32,59
1692941880,1913.17,58
1692941940,1913.11,116
1692942000,1913.19,98
1692942060,1913.28,48
1692942120,1913.39,54
1692942180,1913.50,44
1692942240,1913.44,56
1692942300,1913.79,74
1692942360,1913.91,94
1692942420,1913.88,49
1692942480,1913.62,69
1692942540,1913.63,78
1692942600,1914.46,139
1692942660,1914.47,156
1692942720,1914.64,142
1692942780,1914.72,84
1692942840,1914.40,112
1692942900,1914.25,118
1692942960,1914.25,112
1692943020,1914.38,116
1692943080,1914.34,90
1692943140,1914.48,61
1692943200,1914.00,195
1692943260,1914.01,131
1692943320,1913.99,128
1692943380,1913.99,97
1692943440,1913.72,100
1692943500,1913.58,161
1692943560,1913.72,106
1692943620,1913.84,95
1692943680,1913.98,98
1692943740,1913.70,72
1692943800,1913.92,76
1692943860,1913.71,68
1692943920,1913.97,79
1692943980,1914.25,65
1692944040,1914.23,58
1692944100,1913.86,103
1692944160,1914.03,85
1692944220,1914.09,90
1692944280,1914.12,75
1692944340,1914.27,56
1692944400,1913.83,90
1692944460,1913.92,123
1692944520,1914.07,114
1692944580,1914.15,78
1692944640,1914.01,83
1692944700,1914.19,80
1692944760,1914.51,87
1692944820,1914.88,106
1692944880,1914.62,79
1692944940,1914.96,113
1692945000,1914.80,124
1692945060,1914.82,102
1692945120,1914.84,82
1692945180,1914.67,93
1692945240,1914.72,100
1692945300,1914.34,91
1692945360,1914.00,95
1692945420,1914.06,82
1692945480,1913.83,89
1692945540,1913.69,107
1692945600,1913.67,94
1692945660,1914.40,114
1692945720,1914.24,135
1692945780,1914.21,84
1692945840,1914.60,102
1692945900,1914.52,54
1692945960,1914.26,119
1692946020,1913.92,104
1692946080,1913.90,62
1692946140,1913.83,104
1692946200,1913.65,78
1692946260,1913.60,68
1692946320,1913.49,92
1692946380,1913.61,60
1692946440,1913.30,55
1692946500,1913.33,79
1692946560,1913.22,57
1692946620,1913.15,64
1692946680,1912.92,63
1692946740,1913.10,95
1692946800,1913.52,174
1692946860,1913.68,152
1692946920,1913.61,99
1692946980,1914.06,111
1692947040,1913.91,98
1692947100,1914.01,135
1692947160,1914.10,132
1692947220,1914.36,129
1692947280,1914.66,132
1692947340,1914.61,96
1692947400,1914.28,110
1692947460,1914.66,104
1692947520,1914.22,100
1692947580,1914.42,86
1692947640,1914.41,91
1692947700,1914.43,110
1692947760,1914.53,100
1692947820,1914.32,86
1692947880,1914.34,78
1692947940,1914.18,64
1692948000,1913.85,77
1692948060,1913.82,86
1692948120,1914.05,96
1692948180,1913.90,108
1692948240,1913.82,60
1692948300,1913.67,74
1692948360,1913.84,87
1692948420,1913.97,79
1692948480,1913.81,66
1692948540,1913.84,64
1692948600,1914.02,99
1692948660,1914.40,76
1692948720,1914.68,116
1692948780,1914.73,66
1692948840,1915.26,129
1692948900,1915.60,146
1692948960,1916.00,135
1692949020,1915.97,105
1692949080,1915.74,150
1692949140,1915.24,140
1692949200,1915.08,135
1692949260,1915.34,83
1692949320,1915.10,55
1692949380,1915.42,76
1692949440,1915.79,94
1692949500,1915.49,90
1692949560,1915.21,83
1692949620,1915.21,46
1692949680,1914.95,62
1692949740,1914.68,97
1692949800,1914.59,93
1692949860,1914.20,90
1692949920,1914.24,114
1692949980,1914.28,94
1692950040,1914.26,121
1692950100,1914.46,95
1692950160,1914.14,106
1692950220,1913.88,72
1692950280,1913.84,91
1692950340,1914.23,68
1692950400,1913.84,150
1692950460,1913.68,127
1692950520,1914.58,138
1692950580,1914.61,108
1692950640,1914.28,108
1692950700,1914.20,103
1692950760,1914.40,108
1692950820,1914.29,97
1692950880,1914.23,130
1692950940,1914.00,118
1692951000,1914.08,108
1692951060,1913.87,115
1692951120,1913.74,98
1692951180,1913.98,97
1692951240,1914.06,88
1692951300,1913.79,80
1692951360,1913.88,107
1692951420,1914.32,117
1692951480,1914.94,100
1692951540,1914.94,78
1692951600,1914.64,76
1692951660,1914.38,98
1692951720,1914.41,81
1692951780,1914.49,92
1692951840,1914.68,84
1692951900,1914.13,88
1692951960,1914.18,75
1692952020,1913.64,103
1692952080,1913.82,86
1692952140,1913.70,59
1692952200,1914.11,73
1692952260,1914.03,80
1692952320,1913.96,42
1692952380,1913.93,49
1692952440,1913.96,56
1692952500,1913.89,68
1692952560,1913.85,70
1692952620,1913.96,60
1692952680,1913.97,58
1692952740,1914.07,52
1692952800,1914.06,54
1692952860,1914.21,70
1692952920,1914.48,46
1692952980,1914.35,50
1692953040,1914.60,57
1692953100,1914.69,67
1692953160,1914.79,44
1692953220,1914.95,61
1692953280,1915.29,75
1692953340,1915.20,62
1692953400,1915.18,100
1692953460,1915.22,50
1692953520,1915.13,61
1692953580,1915.11,52
1692953640,1915.28,79
1692953700,1915.28,75
1692953760,1915.18,70
1692953820,1915.48,76
1692953880,1915.37,76
1692953940,1915.43,56
1692954000,1915.28,93
1692954060,1915.39,91
1692954120,1915.24,76
1692954180,1915.39,66
1692954240,1915.43,62
1692954300,1915.44,89
1692954360,1915.66,54
1692954420,1915.85,41
1692954480,1916.24,94
1692954540,1915.92,82
1692954600,1915.95,75
1692954660,1915.92,89
1692954720,1916.03,93
1692954780,1916.06,66
1692954840,1916.04,74
1692954900,1916.14,80
1692954960,1916.30,67
1692955020,1916.09,106
1692955080,1916.35,91
1692955140,1916.46,62
1692955200,1916.34,52
1692955260,1916.59,49
1692955320,1916.67,72
1692955380,1916.80,97
1692955440,1916.94,75
1692955500,1916.77,109
1692955560,1917.29,86
1692955620,1917.48,119
1692955680,1917.60,128
1692955740,1917.80,148
1692955800,1917.40,158
1692955860,1917.50,82
1692955920,1917.42,95
1692955980,1917.54,76
1692956040,1917.38,60
1692956100,1917.08,60
1692956160,1917.75,106
1692956220,1917.78,83
1692956280,1917.49,55
1692956340,1917.32,49
1692956400,1917.16,88
1692956460,1917.14,82
1692956520,1916.87,74
1692956580,1916.56,82
1692956640,1916.57,47
1692956700,1916.48,63
1692956760,1916.47,38
1692956820,1916.63,43
1692956880,1916.52,46
1692956940,1916.86,89
1692957000,1917.04,86
1692957060,1916.87,57
1692957120,1916.50,74
1692957180,1916.56,47
1692957240,1916.39,65
1692957300,1916.36,63
1692957360,1916.13,44
1692957420,1916.18,50
1692957480,1916.22,59
1692957540,1916.13,65
1692957600,1916.00,70
1692957660,1916.02,82
1692957720,1916.09,80
1692957780,1915.90,88
1692957840,1915.97,62
1692957900,1915.74,80
1692957960,1916.08,82
1692958020,1916.02,54
1692958080,1916.36,68
1692958140,1916.11,65
1692958200,1916.01,58
1692958260,1916.34,78
1692958320,1916.51,93
1692958380,1916.51,42
1692958440,1916.54,52
1692958500,1916.55,47
1692958560,1916.65,44
1692958620,1916.63,52
1692958680,1916.69,71
1692958740,1916.82,38
1692958800,1917.07,83
1692958860,1917.02,80
1692958920,1916.95,44
1692958980,1916.85,71
1692959040,1916.81,54
1692959100,1916.83,59
1692959160,1916.84,68
1692959220,1916.84,56
1692959280,1916.66,66
1692959340,1916.79,75
1692959400,1916.82,56
1692959460,1916.90,75
1692959520,1917.09,48
1692959580,1917.29,61
1692959640,1917.31,48
1692959700,1917.00,53
1692959760,1917.20,69
1692959820,1917.48,84
1692959880,1917.55,68
1692959940,1917.56,44
1692960000,1917.47,68
1692960060,1917.49,72
1692960120,1917.50,60
1692960180,1917.58,60
1692960240,1917.58,30
1692960300,1917.67,32
1692960360,1917.47,50
1692960420,1917.64,53
1692960480,1917.58,69
1692960540,1917.55,67
1692960600,1917.51,43
1692960660,1917.01,60
1692960720,1916.96,68
1692960780,1917.05,58
1692960840,1916.99,74
1692960900,1917.19,67
1692960960,1917.27,49
1692961020,1917.64,76
1692961080,1917.75,98
1692961140,1917.75,80
1692961200,1917.75,83
1692961260,1917.75,99
1692961320,1917.30,120
1692961380,1917.44,110
1692961440,1917.60,95
1692961500,1917.78,103
1692961560,1917.34,104
1692961620,1917.21,84
1692961680,1917.17,72
1692961740,1916.95,67
1692961800,1916.66,90
1692961860,1916.83,90
1692961920,1916.66,58
1692961980,1916.69,62
1692962040,1916.73,52
1692962100,1916.47,54
1692962160,1916.47,79
1692962220,1916.81,58
1692962280,1916.91,89
1692962340,1916.80,56
1692962400,1917.01,62
1692962460,1917.04,62
1692962520,1917.28,72
1692962580,1917.36,63
1692962640,1917.37,64
1692962700,1917.59,37
1692962760,1917.46,48
1692962820,1917.16,71
1692962880,1917.37,55
1692962940,1917.25,86
1692963000,1917.25,66
1692963060,1916.77,111
1692963120,1917.08,84
1692963180,1916.98,80
1692963240,1917.24,58
1692963300,1917.09,91
1692963360,1917.07,58
1692963420,1917.09,60
1692963480,1916.95,42
1692963540,1916.67,54
1692963600,1917.06,55
1692963660,1916.93,61
1692963720,1916.97,66
1692963780,1917.15,54
1692963840,1917.45,60
1692963900,1917.37,84
1692963960,1917.33,83
1692964020,1917.35,83
1692964080,1917.50,85
1692964140,1917.55,71
1692964200,1917.73,108
1692964260,1917.66,60
1692964320,1917.53,86
1692964380,1917.37,86
1692964440,1917.29,56
1692964500,1917.38,82
1692964560,1917.74,82
1692964620,1917.97,97
1692964680,1918.38,106
1692964740,1918.36,107
1692964800,1918.10,153
1692964860,1918.71,149
1692964920,1918.97,181
1692964980,1919.07,144
1692965040,1919.08,151
1692965100,1919.30,116
1692965160,1918.99,123
1692965220,1919.03,75
1692965280,1919.41,145
1692965340,1919.43,82
1692965400,1919.71,136
1692965460,1919.86,165
1692965520,1919.70,140
1692965580,1920.02,114
1692965640,1920.03,133
1692965700,1919.97,126
1692965760,1919.89,154
1692965820,1919.88,111
1692965880,1920.05,108
1692965940,1919.74,151
1692966000,1918.48,197
1692966060,1918.12,248
1692966120,1918.89,222
1692966180,1919.07,213
1692966240,1918.57,158
1692966300,1918.26,211
1692966360,1918.07,150
1692966420,1918.35,124
1692966480,1918.52,110
1692966540,1918.33,164
1692966600,1917.81,170
1692966660,1918.00,176
1692966720,1917.73,178
1692966780,1918.09,108
1692966840,1918.37,152
1692966900,1918.36,122
1692966960,1918.35,136
1692967020,1918.31,145
1692967080,1918.23,134
1692967140,1918.25,102
1692967200,1917.65,118
1692967260,1917.84,152
1692967320,1917.93,160
1692967380,1917.50,144
1692967440,1917.05,130
1692967500,1916.97,156
1692967560,1916.79,90
1692967620,1917.03,98
1692967680,1917.09,138
1692967740,1916.60,134
1692967800,1916.65,130
1692967860,1917.04,138
1692967920,1916.94,139
1692967980,1916.55,140
1692968040,1916.59,114
1692968100,1916.82,120
1692968160,1917.11,194
1692968220,1916.80,128
1692968280,1917.06,108
1692968340,1917.27,186
1692968400,1916.94,242
1692968460,1917.22,237
1692968520,1917.28,174
1692968580,1917.30,161
1692968640,1917.23,190
1692968700,1916.66,150
1692968760,1916.31,180
1692968820,1916.46,152
1692968880,1916.72,134
1692968940,1917.10,152
1692969000,1916.30,193
1692969060,1915.85,156
1692969120,1915.94,174
1692969180,1916.21,182
1692969240,1915.89,150
1692969300,1915.93,158
1692969360,1915.12,128
1692969420,1915.14,208
1692969480,1915.24,158
1692969540,1915.37,164
1692969600,1915.09,170
1692969660,1915.24,198
1692969720,1914.54,176
1692969780,1914.28,126
1692969840,1914.14,168
1692969900,1914.38,162
1692969960,1914.48,152
1692970020,1914.58,186
1692970080,1914.45,152
1692970140,1914.02,142
1692970200,1913.69,218
1692970260,1914.19,245
1692970320,1914.92,255
1692970380,1915.56,230
1692970440,1914.80,244
1692970500,1914.73,269
1692970560,1914.98,224
1692970620,1914.74,198
1692970680,1914.28,174
1692970740,1914.40,184
1692970800,1913.75,188
1692970860,1913.72,230
1692970920,1913.84,210
1692970980,1913.86,212
1692971040,1913.50,220
1692971100,1914.49,241
1692971160,1914.79,244
1692971220,1913.78,217
1692971280,1914.67,213
1692971340,1914.87,150
1692971400,1914.69,184
1692971460,1914.45,167
1692971520,1915.35,172
1692971580,1915.29,188
1692971640,1915.18,190
1692971700,1915.61,194
1692971760,1915.31,164
1692971820,1915.83,200
1692971880,1915.51,142
1692971940,1915.09,186
1692972000,1915.32,358
1692972060,1915.68,260
1692972120,1916.59,365
1692972180,1919.45,454
1692972240,1920.38,457
1692972300,1918.30,438
1692972360,1918.21,389
1692972420,1917.04,401
1692972480,1916.17,417
1692972540,1916.58,387
1692972600,1918.42,394
1692972660,1917.60,377
1692972720,1916.65,353
1692972780,1919.66,364
1692972840,1920.22,384
1692972900,1920.04,372
1692972960,1921.60,358
1692973020,1920.89,373
1692973080,1918.59,413
1692973140,1917.33,384
1692973200,1915.68,361
1692973260,1915.26,382
1692973320,1914.60,376
1692973380,1913.96,394
1692973440,1914.13,392
1692973500,1912.98,364
1692973560,1911.68,396
1692973620,1911.00,390
1692973680,1912.55,384
1692973740,1911.14,364
1692973800,1910.18,380
1692973860,1908.90,394
1692973920,1909.09,378
1692973980,1909.02,354
1692974040,1908.16,362
1692974100,1908.44,346
1692974160,1909.04,376
1692974220,1908.84,342
1692974280,1908.68,334
1692974340,1907.19,384
1692974400,1906.53,368
1692974460,1906.52,370
1692974520,1906.69,340
1692974580,1906.04,330
1692974640,1905.34,308
1692974700,1905.58,340
1692974760,1905.77,342
1692974820,1905.83,326
1692974880,1906.23,320
1692974940,1906.05,278
1692975000,1906.18,342
1692975060,1906.66,298
1692975120,1907.44,302
1692975180,1906.44,304
1692975240,1906.07,306
1692975300,1905.94,332
1692975360,1904.89,290
1692975420,1904.02,310
1692975480,1904.14,288
1692975540,1904.58,289
1692975600,1905.68,304
1692975660,1906.08,322
1692975720,1905.36,274
1692975780,1905.40,266
1692975840,1905.48,278
1692975900,1907.08,328
1692975960,1906.54,322
1692976020,1906.76,292
1692976080,1907.21,256
1692976140,1905.64,274
1692976200,1905.82,258
1692976260,1906.04,248
1692976320,1905.34,252
1692976380,1905.04,234
1692976440,1904.85,254
1692976500,1904.96,233
1692976560,1905.25,255
1692976620,1904.11,282
1692976680,1904.28,230
1692976740,1904.46,258
1692976800,1904.32,256
1692976860,1904.77,198
1692976920,1904.64,238
1692976980,1904.16,201
1692977040,1904.11,256
1692977100,1905.22,320
1692977160,1906.06,284
1692977220,1907.14,234
1692977280,1907.03,236
1692977340,1906.47,228
1692977400,1905.97,236
1692977460,1906.02,286
1692977520,1907.14,248
1692977580,1907.67,232
1692977640,1907.98,252
1692977700,1908.32,202
1692977760,1908.68,236
1692977820,1909.60,264
1692977880,1910.38,270
1692977940,1909.90,238
1692978000,1909.70,220
1692978060,1910.18,216
1692978120,1909.84,200
1692978180,1909.88,212
1692978240,1910.00,194
1692978300,1909.90,220
1692978360,1909.14,198
1692978420,1909.12,200
1692978480,1909.26,184
1692978540,1909.50,176
1692978600,1908.80,146
1692978660,1909.06,172
1692978720,1909.13,164
1692978780,1909.32,133
1692978840,1909.49,153
1692978900,1909.06,150
1692978960,1908.60,196
1692979020,1907.69,220
1692979080,1908.44,198
1692979140,1907.80,194
1692979200,1907.89,198
1692979260,1908.67,186
1692979320,1908.86,163
1692979380,1908.30,175
1692979440,1908.20,107
1692979500,1908.12,150
1692979560,1908.09,140
1692979620,1908.57,146
1692979680,1908.32,116
1692979740,1908.87,161
1692979800,1908.86,121
1692979860,1909.12,146
1692979920,1909.46,142
1692979980,1909.64,135
1692980040,1910.10,148
1692980100,1910.18,157
1692980160,1909.86,150
1692980220,1909.52,146
1692980280,1909.51,153
1692980340,1909.43,144
1692980400,1909.62,102
1692980460,1910.04,125
1692980520,1910.04,153
1692980580,1909.62,144
1692980640,1909.92,128
1692980700,1910.46,132
1692980760,1910.44,146
1692980820,1910.56,93
1692980880,1910.38,103
1692980940,1910.06,162
1692981000,1910.40,155
1692981060,1910.21,136
1692981120,1910.21,158
1692981180,1910.10,146
1692981240,1910.28,120
1692981300,1910.17,122
1692981360,1910.41,115
1692981420,1910.16,95
1692981480,1910.30,106
1692981540,1910.42,120
1692981600,1910.32,106
1692981660,1910.31,116
1692981720,1910.26,129
1692981780,1909.78,139
1692981840,1909.64,132
1692981900,1909.18,184
1692981960,1909.58,206
1692982020,1909.56,122
1692982080,1909.40,130
1692982140,1909.62,99
1692982200,1909.46,116
1692982260,1909.50,100
1692982320,1909.19,131
1692982380,1909.01,120
1692982440,1908.90,153
1692982500,1908.89,128
1692982560,1909.30,111
1692982620,1909.68,122
1692982680,1909.71,164
1692982740,1910.02,161
1692982800,1909.98,144
1692982860,1910.12,163
1692982920,1910.12,112
1692982980,1910.76,127
1692983040,1911.16,176
1692983100,1910.86,136
1692983160,1910.88,140
1692983220,1910.86,134
1692983280,1911.18,131
1692983340,1911.15,128
1692983400,1910.82,150
1692983460,1910.80,98
1692983520,1910.92,118
1692983580,1910.98,107
1692983640,1911.11,155
1692983700,1910.72,108
1692983760,1910.95,117
1692983820,1911.06,96
1692983880,1910.76,132
1692983940,1911.03,147
1692984000,1910.62,154
1692984060,1910.56,148
1692984120,1910.97,108
1692984180,1910.76,117
1692984240,1910.69,153
1692984300,1911.06,138
1692984360,1911.00,136
1692984420,1911.16,129
1692984480,1911.93,176
1692984540,1912.50,268
1692984600,1911.93,182
1692984660,1911.80,106
1692984720,1911.27,144
1692984780,1911.22,118
1692984840,1910.96,130
1692984900,1911.06,161
1692984960,1910.68,122
1692985020,1910.79,125
1692985080,1910.88,88
1692985140,1910.72,98
1692985200,1910.80,104
1692985260,1911.12,107
1692985320,1911.04,82
1692985380,1910.90,92
1692985440,1910.86,95
1692985500,1911.14,109
1692985560,1910.97,74
1692985620,1911.26,90
1692985680,1911.18,84
1692985740,1911.26,96
1692985800,1911.92,134
1692985860,1911.70,114
1692985920,1911.80,109
1692985980,1911.80,91
1692986040,1912.03,92
1692986100,1912.34,65
1692986160,1912.17,46
1692986220,1912.28,63
1692986280,1912.26,100
1692986340,1912.36,82
1692986400,1912.54,122
1692986460,1912.61,83
1692986520,1912.40,127
1692986580,1912.37,88
1692986640,1912.20,103
1692986700,1912.18,100
1692986760,1912.00,84
1692986820,1911.96,58
1692986880,1912.15,84
1692986940,1912.26,94
1692987000,1912.31,82
1692987060,1912.31,81
1692987120,1912.58,72
1692987180,1912.50,79
1692987240,1912.68,63
1692987300,1912.72,80
1692987360,1912.60,121
1692987420,1912.78,105
1692987480,1913.07,111
1692987540,1913.02,123
1692987600,1913.07,132
1692987660,1913.20,128
1692987720,1913.44,128
1692987780,1913.52,128
1692987840,1913.53,77
1692987900,1913.72,126
1692987960,1913.76,100
1692988020,1914.29,96
1692988080,1913.98,114
1692988140,1914.28,132
1692988200,1914.64,130
1692988260,1913.90,160
1692988320,1913.86,104
1692988380,1914.02,124
1692988440,1914.32,120
1692988500,1914.18,116
1692988560,1914.18,119
1692988620,1914.18,96
1692988680,1914.29,74
1692988740,1914.18,93
1692988800,1914.29,108
1692988860,1914.23,102
1692988920,1913.86,94
1692988980,1913.58,76
1692989040,1913.36,91
1692989100,1913.62,104
1692989160,1913.73,77
1692989220,1913.40,128
1692989280,1913.49,86
1692989340,1913.05,90
1692989400,1912.95,113
1692989460,1913.33,118
1692989520,1913.30,110
1692989580,1913.13,96
1692989640,1912.89,97
1692989700,1913.03,92
1692989760,1913.35,82
1692989820,1913.41,103
1692989880,1913.31,115
1692989940,1913.33,129
1692990000,1912.58,197
1692990060,1912.88,106
1692990120,1912.64,127
1692990180,1912.68,112
1692990240,1912.50,77
1692990300,1912.30,116
1692990360,1912.44,112
1692990420,1912.78,83
1692990480,1913.04,64
1692990540,1913.22,76
1692990600,1913.28,114
1692990660,1913.46,79
1692990720,1912.98,100
1692990780,1913.13,82
1692990840,1913.16,98
1692990900,1913.28,101
1692990960,1913.35,94
1692991020,1913.29,99
1692991080,1913.41,50
1692991140,1913.57,55
1692991200,1913.74,71
1692991260,1913.56,66
1692991320,1913.64,117
1692991380,1913.78,108
1692991440,1913.64,88
1692991500,1913.98,106
1692991560,1914.04,77
1692991620,1914.15,55
1692991680,1914.18,55
1692991740,1914.14,84
1692991800,1914.13,65
1692991860,1913.95,73
1692991920,1913.77,88
1692991980,1913.81,65
1692992040,1913.73,66
1692992100,1913.62,72
1692992160,1913.56,67
1692992220,1913.70,72
1692992280,1913.57,36
1692992340,1913.67,80
1692992400,1913.84,64
1692992460,1913.72,64
1692992520,1913.70,64
1692992580,1913.71,60
1692992640,1913.72,64
1692992700,1913.94,94
1692992760,1914.06,79
1692992820,1914.06,83
1692992880,1913.87,63
1692992940,1913.75,57
1692993000,1913.35,92
1692993060,1913.47,30
1692993120,1913.34,76
1692993180,1913.51,71
1692993240,1913.60,61
1692993300,1913.72,104
1692993360,1913.73,47
1692993420,1913.89,65
1692993480,1914.03,78
1692993540,1914.36,128
1692993600,1914.08,88
1692993660,1914.10,55
1692993720,1914.16,67
1692993780,1914.16,48
1692993840,1914.25,53
1692993900,1914.17,43
1692993960,1914.12,42
1692994020,1913.95,45
1692994080,1913.94,30
1692994140,1913.94,24
1692994200,1913.65,52
1692994260,1913.56,30
1692994320,1913.72,41
1692994380,1913.62,30
1692994440,1913.76,16
1692994500,1913.74,23
1692994560,1913.82,44
1692994620,1913.77,33
1692994680,1913.92,29
1692994740,1913.76,38
1692994800,1913.79,29
1692994860,1913.82,34
1692994920,1913.86,27
1692994980,1913.84,34
1692995040,1913.66,23
1692995100,1913.64,28
1692995160,1913.66,12
1692995220,1913.64,14
1692995280,1913.65,22
1692995340,1913.62,26
1692995400,1913.71,24
1692995460,1913.71,28
1692995520,1913.57,38
1692995580,1913.29,55
1692995640,1913.57,54
1692995700,1913.72,32
1692995760,1913.80,48
1692995820,1913.92,24
1692995880,1913.87,18
1692995940,1913.93,22
1692996000,1913.87,27
1692996060,1913.94,29
1692996120,1914.11,61
1692996180,1914.23,81
1692996240,1914.26,34
1692996300,1914.32,38
1692996360,1914.74,56
1692996420,1914.75,20
1692996480,1914.54,30
1692996540,1914.78,57
1692996600,1914.92,49
1692996660,1914.82,18
1692996720,1914.80,34
1692996780,1914.54,12
1692996840,1913.96,66
1692996900,1914.09,39
1692996960,1914.21,24
1693173720,1915.59,40
1693173780,1915.63,23
1693173840,1915.72,33
1693173900,1915.50,54
1693173960,1915.36,43
1693174020,1915.46,34
1693174080,1915.57,36
1693174140,1915.57,31
1693174200,1915.78,46
1693174260,1915.90,20
1693174320,1915.70,19
1693174380,1915.94,9
1693174440,1915.59,24
1693174500,1915.40,24
1693174560,1915.02,35
1693174620,1915.12,8
1693174680,1915.12,4
1693174740,1915.11,34
1693174800,1915.24,28
1693174860,1915.22,18
1693174920,1915.21,15
1693174980,1915.22,19
1693175040,1915.20,22
1693175100,1915.21,12
1693175160,1915.15,34
1693175220,1915.18,10
1693175280,1915.16,19
1693175340,1915.11,16
1693175400,1915.30,34
1693175460,1915.30,14
1693175520,1915.40,18
1693175580,1914.80,34
1693175640,1914.76,40
1693175700,1914.86,27
1693175760,1914.86,23
1693175820,1914.83,28
1693175880,1915.04,32
1693175940,1915.06,23
1693176000,1914.97,16
1693176060,1914.97,12
1693176120,1914.86,35
1693176180,1914.85,18
1693176240,1914.87,45
1693176300,1914.90,26
1693176360,1914.81,10
1693176420,1914.88,34
1693176480,1914.90,6
1693176540,1914.83,24
1693176600,1914.86,22
1693176660,1914.64,38
1693176720,1914.70,16
1693176780,1914.73,20
1693176840,1914.78,12
1693176900,1914.91,30
1693176960,1914.79,18
1693177020,1914.86,8
1693177080,1914.99,16
1693177140,1914.90,18
1693177200,1915.87,100
1693177260,1915.72,138
1693177320,1915.88,74
1693177380,1915.45,82
1693177440,1915.38,33
1693177500,1915.51,26
1693177560,1915.31,18
1693177620,1915.10,26
1693177680,1915.10,9
1693177740,1915.23,14
1693177800,1915.30,23
1693177860,1915.42,11
1693177920,1915.61,28
1693177980,1915.70,41
1693178040,1915.59,24
1693178100,1915.46,40
1693178160,1915.62,39
1693178220,1915.90,54
1693178280,1916.01,27
1693178340,1915.90,41
1693178400,1915.82,54
1693178460,1915.64,25
1693178520,1915.68,50
1693178580,1915.48,24
1693178640,1915.51,37
1693178700,1915.68,33
1693178760,1915.77,29
1693178820,1915.80,18
1693178880,1915.65,32
1693178940,1915.64,31
1693179000,1915.68,36
1693179060,1915.70,47
1693179120,1915.60,30
1693179180,1915.42,44
1693179240,1915.52,26
1693179300,1915.64,38
1693179360,1915.41,51
1693179420,1915.48,30
1693179480,1915.36,24
1693179540,1915.49,29
1693179600,1915.47,30
1693179660,1915.32,22
1693179720,1915.34,25
1693179780,1915.20,66
1693179840,1915.13,25
1693179900,1914.62,104
1693179960,1915.00,110
1693180020,1914.98,60
1693180080,1915.00,52
1693180140,1914.88,66
1693180200,1914.80,49
1693180260,1914.82,4
1693180320,1915.03,76
1693180380,1915.33,56
1693180440,1915.02,40
1693180500,1915.00,48
1693180560,1915.01,44
1693180620,1915.24,78
1693180680,1915.17,80
1693180740,1915.07,81
1693180800,1915.06,127
1693180860,1915.48,72
1693180920,1915.50,38
1693180980,1915.26,48
1693181040,1915.45,57
1693181100,1915.71,76
1693181160,1915.68,63
1693181220,1915.46,87
1693181280,1915.66,77
1693181340,1915.50,59
1693181400,1915.46,88
1693181460,1915.63,45
1693181520,1915.78,33
1693181580,1915.66,76
1693181640,1915.74,82
1693181700,1915.80,91
1693181760,1915.95,76
1693181820,1915.79,51
1693181880,1915.61,66
1693181940,1915.83,33
1693182000,1915.93,43
1693182060,1915.90,61
1693182120,1915.94,46
1693182180,1916.00,42
1693182240,1915.94,72
1693182300,1915.86,52
1693182360,1916.08,67
1693182420,1915.77,74
1693182480,1915.86,39
1693182540,1915.96,42
1693182600,1915.94,52
1693182660,1915.94,35
1693182720,1916.18,26
1693182780,1916.33,46
1693182840,1916.06,60
1693182900,1915.92,60
1693182960,1915.96,72
1693183020,1916.08,46
1693183080,1915.78,63
1693183140,1915.69,29
1693183200,1915.73,14
1693183260,1915.84,24
1693183320,1915.81,33
1693183380,1916.12,53
1693183440,1916.11,12
1693183500,1916.15,31
1693183560,1916.24,25
1693183620,1916.42,47
1693183680,1916.45,40
1693183740,1916.46,18
1693183800,1916.24,70
1693183860,1916.26,54
1693183920,1916.37,39
1693183980,1916.51,69
1693184040,1916.22,89
1693184100,1916.22,40
1693184160,1916.30,54
1693184220,1915.80,74
1693184280,1915.71,67
1693184340,1915.77,58
1693184400,1916.16,152
1693184460,1916.06,174
1693184520,1915.92,166
1693184580,1916.16,166
1693184640,1916.02,85
1693184700,1915.92,111
1693184760,1916.34,132
1693184820,1916.62,112
1693184880,1916.44,131
1693184940,1916.41,79
1693185000,1916.83,84
1693185060,1916.56,105
1693185120,1916.54,91
1693185180,1916.28,63
1693185240,1915.56,116
1693185300,1916.13,154
1693185360,1916.22,154
1693185420,1916.28,121
1693185480,1916.48,152
1693185540,1916.50,105
1693185600,1916.52,130
1693185660,1916.60,126
1693185720,1916.67,109
1693185780,1917.07,109
1693185840,1917.02,92
1693185900,1916.88,106
1693185960,1916.88,93
1693186020,1917.17,71
1693186080,1917.38,84
1693186140,1917.09,98
1693186200,1916.74,178
1693186260,1916.61,127
1693186320,1916.13,170
1693186380,1915.84,168
1693186440,1916.14,147
1693186500,1916.27,178
1693186560,1916.11,140
1693186620,1916.26,124
1693186680,1916.16,130
1693186740,1916.06,130
1693186800,1915.90,126
1693186860,1915.94,110
1693186920,1915.88,74
1693186980,1915.47,140
1693187040,1915.97,103
1693187100,1916.00,89
1693187160,1915.80,138
1693187220,1915.48,103
1693187280,1915.34,79
1693187340,1915.56,94
1693187400,1915.71,69
1693187460,1915.89,84
1693187520,1915.40,126
1693187580,1915.48,99
1693187640,1915.56,62
1693187700,1915.57,108
1693187760,1915.46,127
1693187820,1915.38,114
1693187880,1915.68,91
1693187940,1915.52,165
1693188000,1915.30,160
1693188060,1915.59,124
1693188120,1915.55,98
1693188180,1915.72,88
1693188240,1915.94,81
1693188300,1915.68,99
1693188360,1915.62,86
1693188420,1915.64,82
1693188480,1915.68,41
1693188540,1915.58,65
1693188600,1916.00,108
1693188660,1915.90,50
1693188720,1915.72,66
1693188780,1915.78,56
1693188840,1916.01,74
1693188900,1915.91,91
1693188960,1915.58,75
1693189020,1915.44,57
1693189080,1915.27,71
1693189140,1915.25,56
1693189200,1915.39,47
1693189260,1915.49,34
1693189320,1915.71,65
1693189380,1915.55,50
1693189440,1915.71,44
1693189500,1915.97,49
1693189560,1915.56,56
1693189620,1915.51,71
1693189680,1915.48,76
1693189740,1915.59,51
1693189800,1915.64,91
1693189860,1915.74,87
1693189920,1915.78,76
1693189980,1915.74,80
1693190040,1915.83,88
1693190100,1915.82,86
1693190160,1915.96,49
1693190220,1916.02,92
1693190280,1915.89,48
1693190340,1916.00,50
1693190400,1916.01,74
1693190460,1916.04,72
1693190520,1916.13,60
1693190580,1916.05,83
1693190640,1916.02,54
1693190700,1915.92,94
1693190760,1915.94,76
1693190820,1915.97,76
1693190880,1915.80,62
1693190940,1915.80,80
1693191000,1915.93,52
1693191060,1915.84,48
1693191120,1915.69,58
1693191180,1915.51,62
1693191240,1915.47,77
1693191300,1915.69,66
1693191360,1915.58,68
1693191420,1915.71,44
1693191480,1915.39,63
1693191540,1915.53,70
1693191600,1915.64,86
1693191660,1915.68,74
1693191720,1915.67,47
1693191780,1915.59,48
1693191840,1915.58,87
1693191900,1915.56,72
1693191960,1915.55,62
1693192020,1915.81,82
1693192080,1915.76,84
1693192140,1915.35,60
1693192200,1915.60,92
1693192260,1915.68,46
1693192320,1915.67,54
1693192380,1915.78,62
1693192440,1915.79,53
1693192500,1915.80,36
1693192560,1915.65,55
1693192620,1915.97,66
1693192680,1915.95,56
1693192740,1916.06,60
1693192800,1916.04,83
1693192860,1915.91,61
1693192920,1916.02,63
1693192980,1915.94,36
1693193040,1915.96,41
1693193100,1915.94,44
1693193160,1915.94,55
1693193220,1915.94,41
1693193280,1915.93,66
1693193340,1916.03,84
1693193400,1915.96,20
1693193460,1915.92,34
1693193520,1915.76,49
1693193580,1916.14,42
1693193640,1916.10,51
1693193700,1916.05,46
1693193760,1915.97,30
1693193820,1916.22,40
1693193880,1916.21,42
1693193940,1916.32,53
1693194000,1916.38,58
1693194060,1916.50,52
1693194120,1916.85,62
1693194180,1916.42,122
1693194240,1916.18,66
1693194300,1916.30,30
1693194360,1916.08,50
1693194420,1916.10,48
1693194480,1916.04,42
1693194540,1916.04,9
1693194600,1916.19,42
1693194660,1916.15,54
1693194720,1916.11,43
1693194780,1916.28,57
1693194840,1916.30,30
1693194900,1916.41,27
1693194960,1916.39,28
1693195020,1916.50,28
1693195080,1916.30,20
1693195140,1916.33,24
1693195200,1916.14,26
1693195260,1916.24,38
1693195320,1916.62,30
1693195380,1916.50,41
1693195440,1916.62,47
1693195500,1916.62,30
1693195560,1916.61,35
1693195620,1916.72,33
1693195680,1916.69,24
1693195740,1916.65,40
1693195800,1916.52,44
1693195860,1916.14,48
1693195920,1916.08,30
1693195980,1916.16,16
1693196040,1916.14,64
1693196100,1916.17,39
1693196160,1916.20,35
1693196220,1916.14,47
1693196280,1916.11,47
1693196340,1915.98,47
1693196400,1915.72,56
1693196460,1915.92,62
1693196520,1915.82,58
1693196580,1915.58,78
1693196640,1915.47,60
1693196700,1914.94,90
1693196760,1915.47,154
1693196820,1915.22,50
1693196880,1915.29,69
1693196940,1915.26,50
1693197000,1915.24,55
1693197060,1915.21,56
1693197120,1915.19,40
1693197180,1915.19,38
1693197240,1915.11,28
1693197300,1915.33,35
1693197360,1915.38,32
1693197420,1915.23,35
1693197480,1915.24,26
1693197540,1915.28,26
1693197600,1915.12,47
1693197660,1914.98,46
1693197720,1914.94,24
1693197780,1915.39,84
1693197840,1915.46,42
1693197900,1915.48,48
1693197960,1915.53,16
1693198020,1915.55,20
1693198080,1915.36,67
1693198140,1915.32,17
1693198200,1915.48,36
1693198260,1915.57,38
1693198320,1915.51,40
1693198380,1915.64,46
1693198440,1915.68,36
1693198500,1915.73,14
1693198560,1915.62,20
1693198620,1915.63,36
1693198680,1915.42,36
1693198740,1915.64,53
1693198800,1915.56,67
1693198860,1915.37,52
1693198920,1915.36,88
1693198980,1915.28,48
1693199040,1915.26,30
1693199100,1915.37,24
1693199160,1915.33,30
1693199220,1915.93,106
1693199280,1915.82,101
1693199340,1915.71,54
1693199400,1915.75,49
1693199460,1915.83,38
1693199520,1915.94,52
1693199580,1915.90,34
1693199640,1915.74,44
1693199700,1915.84,50
1693199760,1916.00,40
1693199820,1916.03,30
1693199880,1916.26,51
1693199940,1915.96,86
1693200000,1915.99,82
1693200060,1916.32,60
1693200120,1916.53,43
1693200180,1916.56,51
1693200240,1916.65,58
1693200300,1916.70,55
1693200360,1916.86,70
1693200420,1916.62,61
1693200480,1916.55,59
1693200540,1916.89,67
1693200600,1917.24,142
1693200660,1917.15,154
1693200720,1917.26,144
1693200780,1917.10,192
1693200840,1917.04,122
1693200900,1916.97,96
1693200960,1917.01,103
1693201020,1916.84,52
1693201080,1916.70,79
1693201140,1916.51,116
1693201200,1916.49,43
1693201260,1916.42,68
1693201320,1916.56,70
1693201380,1916.33,96
1693201440,1916.12,56
1693201500,1916.13,78
1693201560,1916.34,71
1693201620,1916.29,60
1693201680,1916.15,64
1693201740,1916.22,75
1693201800,1916.05,72
1693201860,1915.84,62
1693201920,1916.28,59
1693201980,1916.12,56
1693202040,1915.89,40
1693202100,1916.04,38
1693202160,1915.81,75
1693202220,1915.69,67
1693202280,1915.61,59
1693202340,1915.71,42
1693202400,1915.86,96
1693202460,1916.32,93
1693202520,1916.46,59
1693202580,1916.57,92
1693202640,1916.66,68
1693202700,1916.95,48
1693202760,1916.87,78
1693202820,1916.96,78
1693202880,1917.09,88
1693202940,1917.14,72
1693203000,1917.27,56
1693203060,1916.98,74
1693203120,1917.07,82
1693203180,1917.21,94
1693203240,1917.42,122
1693203300,1917.34,106
1693203360,1917.53,116
1693203420,1917.56,90
1693203480,1917.53,62
1693203540,1917.47,34
1693203600,1917.32,105
1693203660,1917.51,128
1693203720,1917.42,94
1693203780,1917.28,69
1693203840,1917.31,74
1693203900,1917.16,67
1693203960,1917.26,92
1693204020,1917.41,44
1693204080,1917.14,53
1693204140,1917.13,102
1693204200,1917.40,119
1693204260,1917.02,87
1693204320,1916.79,65
1693204380,1916.92,79
1693204440,1916.97,68
1693204500,1917.48,100
1693204560,1917.03,112
1693204620,1916.70,120
1693204680,1916.39,100
1693204740,1916.30,134
1693204800,1916.02,142
1693204860,1916.22,112
1693204920,1916.41,78
1693204980,1916.31,74
1693205040,1916.58,69
1693205100,1916.52,60
1693205160,1916.47,28
1693205220,1916.28,84
1693205280,1916.20,77
1693205340,1916.12,42
1693205400,1916.01,84
1693205460,1916.04,81
1693205520,1916.05,66
1693205580,1915.97,81
1693205640,1916.24,60
1693205700,1916.11,90
1693205760,1915.86,86
1693205820,1916.20,114
1693205880,1916.13,112
1693205940,1915.97,88
1693206000,1916.18,89
1693206060,1916.03,84
1693206120,1915.96,72
1693206180,1915.83,86
1693206240,1915.80,55
1693206300,1916.04,80
1693206360,1915.81,82
1693206420,1915.54,80
1693206480,1915.56,58
1693206540,1915.28,96
1693206600,1915.10,66
1693206660,1914.81,82
1693206720,1915.20,100
1693206780,1915.24,121
1693206840,1915.58,102
1693206900,1915.67,98
1693206960,1916.00,92
1693207020,1916.01,68
1693207080,1915.31,57
1693207140,1915.02,98
1693207200,1914.44,143
1693207260,1914.98,97
1693207320,1914.98,105
1693207380,1914.53,98
1693207440,1914.86,73
1693207500,1915.11,88
1693207560,1915.07,95
1693207620,1914.81,87
1693207680,1915.10,92
1693207740,1915.34,76
1693207800,1915.48,87
1693207860,1915.68,99
1693207920,1915.36,57
1693207980,1915.53,82
1693208040,1915.63,75
1693208100,1915.56,56
1693208160,1915.15,108
1693208220,1915.20,91
1693208280,1915.50,86
1693208340,1915.31,80
1693208400,1915.28,78
1693208460,1915.44,100
1693208520,1915.37,77
1693208580,1915.24,77
1693208640,1915.12,72
1693208700,1914.94,101
1693208760,1915.04,67
1693208820,1914.95,48
1693208880,1915.04,58
1693208940,1915.01,60
1693209000,1915.02,76
1693209060,1914.98,69
1693209120,1915.04,93
1693209180,1914.95,86
1693209240,1914.79,62
1693209300,1914.76,74
1693209360,1914.74,52
1693209420,1914.53,63
1693209480,1914.58,110
1693209540,1914.58,68
1693209600,1914.60,123
1693209660,1914.26,123
1693209720,1914.24,123
1693209780,1914.01,74
1693209840,1913.86,119
1693209900,1913.88,110
1693209960,1914.43,86
1693210020,1914.35,69
1693210080,1914.69,106
1693210140,1914.74,74
1693210200,1914.69,75
1693210260,1914.57,70
1693210320,1914.57,78
1693210380,1914.49,44
1693210440,1914.51,115
1693210500,1914.31,74
1693210560,1914.68,80
1693210620,1914.30,86
1693210680,1914.10,48
1693210740,1913.99,77
1693210800,1914.22,103
1693210860,1914.11,89
1693210920,1913.91,84
1693210980,1914.10,94
1693211040,1914.20,69
1693211100,1914.22,47
1693211160,1914.12,62
1693211220,1914.29,69
1693211280,1914.01,86
1693211340,1914.01,71
1693211400,1913.80,73
1693211460,1913.83,62
1693211520,1913.93,77
1693211580,1913.96,62
1693211640,1913.98,94
1693211700,1913.98,48
1693211760,1914.36,72
1693211820,1914.37,76
1693211880,1914.26,70
1693211940,1914.42,68
1693212000,1914.56,72
1693212060,1914.84,135
1693212120,1915.32,100
1693212180,1914.85,90
1693212240,1914.82,79
1693212300,1914.36,80
1693212360,1914.49,76
1693212420,1914.35,99
1693212480,1914.18,57
1693212540,1914.20,32
1693212600,1914.09,40
1693212660,1914.13,123
1693212720,1914.18,82
1693212780,1914.27,38
1693212840,1914.42,60
1693212900,1914.36,84
1693212960,1914.21,95
1693213020,1914.36,80
1693213080,1914.58,105
1693213140,1914.70,63
1693213200,1914.49,102
1693213260,1914.54,73
1693213320,1914.71,100
1693213380,1914.48,71
1693213440,1914.75,74
1693213500,1915.10,82
1693213560,1915.31,91
1693213620,1915.37,89
1693213680,1915.51,60
1693213740,1915.57,60
1693213800,1915.27,70
1693213860,1915.12,65
1693213920,1915.16,36
1693213980,1915.40,74
1693214040,1915.31,71
1693214100,1915.54,63
1693214160,1915.25,58
1693214220,1915.38,78
1693214280,1915.42,78
1693214340,1915.61,68
1693214400,1915.44,65
1693214460,1915.52,48
1693214520,1915.65,54
1693214580,1915.57,69
1693214640,1915.47,70
1693214700,1915.36,70
1693214760,1915.59,76
1693214820,1915.57,66
1693214880,1915.34,76
1693214940,1914.98,91
1693215000,1914.80,72
1693215060,1914.81,80
1693215120,1914.79,51
1693215180,1914.80,54
1693215240,1914.68,80
1693215300,1914.36,84
1693215360,1914.32,55
1693215420,1914.44,82
1693215480,1914.35,91
1693215540,1914.36,52
1693215600,1914.30,77
1693215660,1914.26,64
1693215720,1914.22,78
1693215780,1914.30,71
1693215840,1914.25,57
1693215900,1914.30,68
1693215960,1914.33,56
1693216020,1914.39,44
1693216080,1914.31,46
1693216140,1914.14,41
1693216200,1914.28,61
1693216260,1914.08,41
1693216320,1914.02,64
1693216380,1914.07,75
1693216440,1914.20,76
1693216500,1914.09,66
1693216560,1913.98,42
1693216620,1914.33,92
1693216680,1914.39,104
1693216740,1914.08,91
1693216800,1914.07,118
1693216860,1914.05,102
1693216920,1914.23,94
1693216980,1914.43,90
1693217040,1914.34,67
1693217100,1914.58,72
1693217160,1914.26,83
1693217220,1914.40,77
1693217280,1914.32,71
1693217340,1914.25,56
1693217400,1914.30,78
1693217460,1914.35,46
1693217520,1914.09,56
1693217580,1914.14,65
1693217640,1914.01,62
1693217700,1913.97,78
1693217760,1913.96,64
1693217820,1913.87,54
1693217880,1913.87,58
1693217940,1913.97,66
1693218000,1913.88,84
1693218060,1913.88,72
1693218120,1913.88,62
1693218180,1913.84,64
1693218240,1914.14,62
1693218300,1914.23,102
1693218360,1914.14,71
1693218420,1914.07,92
1693218480,1914.14,42
1693218540,1914.25,63
1693218600,1914.34,57
1693218660,1914.52,68
1693218720,1914.74,65
1693218780,1914.85,32
1693218840,1914.78,88
1693218900,1914.63,93
1693218960,1914.64,63
1693219020,1914.65,83
1693219080,1914.71,99
1693219140,1914.52,94
1693219200,1914.36,59
1693219260,1914.35,55
1693219320,1914.44,61
1693219380,1914.53,56
1693219440,1914.42,59
1693219500,1914.39,69
1693219560,1914.42,38
1693219620,1914.52,43
1693219680,1914.53,40
1693219740,1914.53,64
1693219800,1914.45,44
1693219860,1914.63,76
1693219920,1914.73,50
1693219980,1914.74,32
1693220040,1914.95,48
1693220100,1914.98,62
1693220160,1915.16,69
1693220220,1915.14,81
1693220280,1914.94,84
1693220340,1915.23,86
1693220400,1915.13,92
1693220460,1915.08,79
1693220520,1915.22,68
1693220580,1914.92,64
1693220640,1914.76,68
1693220700,1914.90,64
1693220760,1914.84,61
1693220820,1914.73,69
1693220880,1914.77,44
1693220940,1914.51,63
1693221000,1914.49,42
1693221060,1914.62,64
1693221120,1914.66,87
1693221180,1914.53,88
1693221240,1914.60,56
1693221300,1914.70,66
1693221360,1914.79,58
1693221420,1915.02,86
1693221480,1915.37,98
1693221540,1915.17,70
1693221600,1915.28,72
1693221660,1914.85,53
1693221720,1915.03,85
1693221780,1914.96,66
1693221840,1915.07,76
1693221900,1915.00,49
1693221960,1914.84,42
1693222020,1914.67,62
1693222080,1914.71,75
1693222140,1914.74,70
1693222200,1914.92,52
1693222260,1915.08,86
1693222320,1915.08,60
1693222380,1915.05,50
1693222440,1915.08,46
1693222500,1914.98,46
1693222560,1914.77,70
1693222620,1915.06,58
1693222680,1914.79,60
1693222740,1914.80,60
1693222800,1914.92,87
1693222860,1914.88,73
1693222920,1914.97,75
1693222980,1915.17,75
1693223040,1915.22,61
1693223100,1915.02,61
1693223160,1914.82,60
1693223220,1914.64,88
1693223280,1914.53,36
1693223340,1914.64,71
1693223400,1914.77,58
1693223460,1914.82,64
1693223520,1915.04,57
1693223580,1914.99,67
1693223640,1915.34,81
1693223700,1915.23,77
1693223760,1915.14,86
1693223820,1915.19,64
1693223880,1915.22,64
1693223940,1914.76,73
1693224000,1915.14,95
1693224060,1915.52,159
1693224120,1915.33,126
1693224180,1915.35,119
1693224240,1914.82,100
1693224300,1915.16,122
1693224360,1915.39,113
1693224420,1915.28,84
1693224480,1915.18,100
1693224540,1915.20,86
1693224600,1915.50,104
1693224660,1914.99,119
1693224720,1914.98,114
1693224780,1914.43,110
1693224840,1914.27,82
1693224900,1913.98,106
1693224960,1914.18,118
1693225020,1913.74,134
1693225080,1913.54,135
1693225140,1914.52,133
1693225200,1915.21,230
1693225260,1915.66,186
1693225320,1915.30,134
1693225380,1915.57,106
1693225440,1914.86,130
1693225500,1914.92,178
1693225560,1915.10,162
1693225620,1915.52,148
1693225680,1914.87,153
1693225740,1914.72,171
1693225800,1914.69,168
1693225860,1914.07,168
1693225920,1913.57,146
1693225980,1913.84,172
1693226040,1914.61,144
1693226100,1915.51,174
1693226160,1915.57,187
1693226220,1915.38,163
1693226280,1914.95,110
1693226340,1914.72,122
1693226400,1915.51,130
1693226460,1915.52,156
1693226520,1915.62,147
1693226580,1916.14,150
1693226640,1916.64,160
1693226700,1916.96,198
1693226760,1916.77,182
1693226820,1917.23,201
1693226880,1916.76,164
1693226940,1916.81,140
1693227000,1916.76,90
1693227060,1916.79,140
1693227120,1916.74,122
1693227180,1916.42,76
1693227240,1916.71,137
1693227300,1916.57,90
1693227360,1916.54,118
1693227420,1916.92,70
1693227480,1916.92,160
1693227540,1917.12,150
1693227600,1917.30,276
1693227660,1917.36,217
1693227720,1917.19,127
1693227780,1916.91,134
1693227840,1916.92,122
1693227900,1916.85,100
1693227960,1916.97,116
1693228020,1916.75,110
1693228080,1916.32,130
1693228140,1916.23,72
1693228200,1916.10,125
1693228260,1916.25,120
1693228320,1916.76,154
1693228380,1916.68,116
1693228440,1916.46,161
1693228500,1916.54,124
1693228560,1916.90,136
1693228620,1916.85,124
1693228680,1916.52,126
1693228740,1916.30,158
1693228800,1916.42,138
1693228860,1915.96,112
1693228920,1915.67,106
1693228980,1915.61,185
1693229040,1915.07,172
1693229100,1915.02,170
1693229160,1914.90,124
1693229220,1914.68,218
1693229280,1914.80,169
1693229340,1914.42,154
1693229400,1914.53,230
1693229460,1914.46,239
1693229520,1914.31,214
1693229580,1914.50,174
1693229640,1913.15,215
1693229700,1913.83,280
1693229760,1914.99,244
1693229820,1915.20,220
1693229880,1915.05,208
1693229940,1915.94,262
1693230000,1916.48,253
1693230060,1916.37,283
1693230120,1917.05,258
1693230180,1917.47,245
1693230240,1917.69,248
1693230300,1918.16,309
1693230360,1918.17,238
1693230420,1917.82,303
1693230480,1916.87,259
1693230540,1916.72,206
1693230600,1916.55,210
1693230660,1917.57,255
1693230720,1917.80,212
1693230780,1917.49,189
1693230840,1917.56,204
1693230900,1917.52,174
1693230960,1917.30,205
1693231020,1918.03,190
1693231080,1918.31,213
1693231140,1918.14,178
1693231200,1918.14,210
1693231260,1917.93,144
1693231320,1918.01,186
1693231380,1917.59,200
1693231440,1918.53,218
1693231500,1918.68,218
1693231560,1918.35,233
1693231620,1918.58,251
1693231680,1918.97,202
1693231740,1918.81,216
1693231800,1919.10,178
1693231860,1918.72,212
1693231920,1918.51,257
1693231980,1918.41,162
1693232040,1918.72,184
1693232100,1918.60,195
1693232160,1918.00,186
1693232220,1918.00,216
1693232280,1918.06,220
1693232340,1917.86,168
1693232400,1918.14,173
1693232460,1918.07,164
1693232520,1917.95,140
1693232580,1918.89,226
1693232640,1919.32,192
1693232700,1919.51,210
1693232760,1919.46,202
1693232820,1919.83,190
1693232880,1919.62,212
1693232940,1919.35,166
1693233000,1918.92,147
1693233060,1918.80,158
1693233120,1918.70,158
1693233180,1918.68,182
1693233240,1919.05,112
1693233300,1918.88,126
1693233360,1918.87,144
1693233420,1918.88,182
1693233480,1919.01,116
1693233540,1918.99,142
1693233600,1919.35,158
1693233660,1919.36,150
1693233720,1919.26,206
1693233780,1918.98,132
1693233840,1918.77,167
1693233900,1918.80,149
1693233960,1918.68,151
1693234020,1919.20,176
1693234080,1919.17,144
1693234140,1919.49,151
1693234200,1919.35,168
1693234260,1919.21,138
1693234320,1919.32,88
1693234380,1919.38,130
1693234440,1918.88,162
1693234500,1919.22,191
1693234560,1919.43,157
1693234620,1918.89,165
1693234680,1919.03,107
1693234740,1918.75,160
1693234800,1919.10,180
1693234860,1919.06,150
1693234920,1918.52,141
1693234980,1918.41,158
1693235040,1918.66,138
1693235100,1918.72,171
1693235160,1918.41,159
1693235220,1918.47,137
1693235280,1918.57,164
1693235340,1918.63,134
1693235400,1918.84,138
1693235460,1919.06,124
1693235520,1918.91,128
1693235580,1918.86,191
1693235640,1919.30,162
1693235700,1919.76,176
1693235760,1919.90,188
1693235820,1920.05,164
1693235880,1919.96,171
1693235940,1920.29,135
1693236000,1920.75,170
1693236060,1920.53,139
1693236120,1920.52,128
1693236180,1920.65,106
1693236240,1920.64,95
1693236300,1920.67,157
1693236360,1920.97,184
1693236420,1920.75,135
1693236480,1920.75,150
1693236540,1920.73,100
1693236600,1921.21,166
1693236660,1921.52,137
1693236720,1922.00,208
1693236780,1921.96,170
1693236840,1922.36,160
1693236900,1923.07,222
1693236960,1922.78,228
1693237020,1924.56,230
1693237080,1924.13,300
1693237140,1923.56,211
1693237200,1924.26,204
1693237260,1924.50,214
1693237320,1924.51,216
1693237380,1924.73,175
1693237440,1925.03,195
1693237500,1925.44,177
1693237560,1925.54,216
1693237620,1925.36,158
1693237680,1925.40,194
1693237740,1925.06,184
1693237800,1924.99,177
1693237860,1925.86,234
1693237920,1925.28,172
1693237980,1925.12,165
1693238040,1925.00,190
1693238100,1925.30,192
1693238160,1925.07,188
1693238220,1925.04,112
1693238280,1924.79,176
1693238340,1924.79,94
1693238400,1924.84,168
1693238460,1924.56,140
1693238520,1924.68,114
1693238580,1924.68,156
1693238640,1924.96,127
1693238700,1924.66,150
1693238760,1924.64,96
1693238820,1924.96,149
1693238880,1924.84,130
1693238940,1924.60,113
1693239000,1924.70,98
1693239060,1924.79,155
1693239120,1924.96,129
1693239180,1924.95,121
1693239240,1925.03,117
1693239300,1925.06,95
1693239360,1924.80,146
1693239420,1924.36,126
1693239480,1924.44,100
1693239540,1923.55,146
1693239600,1923.52,118
1693239660,1923.30,100
1693239720,1923.32,158
1693239780,1923.39,105
1693239840,1923.70,87
1693239900,1923.76,121
1693239960,1924.10,112
1693240020,1923.90,96
1693240080,1923.53,118
1693240140,1923.16,68
1693240200,1922.50,163
1693240260,1921.98,130
1693240320,1921.54,143
1693240380,1921.91,148
1693240440,1922.06,104
1693240500,1922.19,97
1693240560,1922.26,111
1693240620,1922.34,109
1693240680,1922.89,93
1693240740,1922.79,107
1693240800,1922.66,107
1693240860,1922.63,124
1693240920,1922.42,89
1693240980,1923.02,107
1693241040,1922.82,92
1693241100,1922.63,74
1693241160,1922.00,87
1693241220,1921.99,103
1693241280,1921.92,116
1693241340,1921.95,78
1693241400,1922.44,102
1693241460,1922.56,58
1693241520,1922.53,117
1693241580,1922.33,74
1693241640,1922.00,75
1693241700,1921.50,113
1693241760,1921.15,143
1693241820,1920.60,146
1693241880,1920.44,124
1693241940,1920.69,136
1693242000,1920.34,136
1693242060,1920.10,156
1693242120,1919.58,176
1693242180,1919.41,108
1693242240,1918.89,198
1693242300,1918.75,176
1693242360,1917.83,188
1693242420,1917.74,210
1693242480,1917.72,182
1693242540,1917.99,179
1693242600,1918.28,168
1693242660,1917.80,122
1693242720,1917.50,160
1693242780,1917.27,176
1693242840,1917.89,160
1693242900,1917.76,146
1693242960,1917.82,124
1693243020,1917.74,94
1693243080,1917.66,100
1693243140,1917.44,126
1693243200,1917.24,175
1693243260,1917.16,107
1693243320,1918.10,130
1693243380,1918.05,160
1693243440,1918.11,109
1693243500,1918.15,90
1693243560,1918.01,74
1693243620,1918.40,148
1693243680,1918.61,117
1693243740,1919.04,202
1693243800,1919.15,135
1693243860,1919.49,136
1693243920,1919.61,102
1693243980,1919.52,128
1693244040,1919.58,94
1693244100,1919.63,82
1693244160,1919.76,96
1693244220,1919.87,74
1693244280,1919.64,68
1693244340,1919.51,105
1693244400,1919.48,85
1693244460,1919.34,75
1693244520,1919.40,62
1693244580,1919.61,75
1693244640,1919.75,68
1693244700,1919.88,91
1693244760,1919.76,74
1693244820,1919.61,75
1693244880,1919.64,76
1693244940,1919.61,46
1693245000,1919.77,86
1693245060,1920.44,84
1693245120,1920.20,83
1693245180,1920.41,69
1693245240,1920.67,73
1693245300,1920.76,122
1693245360,1920.50,94
1693245420,1920.50,111
1693245480,1920.18,118
1693245540,1920.30,116
1693245600,1920.35,70
1693245660,1920.44,83
1693245720,1920.30,64
1693245780,1920.38,57
1693245840,1920.46,62
1693245900,1920.22,67
1693245960,1919.52,128
1693246020,1919.56,88
1693246080,1919.58,72
1693246140,1919.67,74
1693246200,1919.88,84
1693246260,1920.02,53
1693246320,1919.72,44
1693246380,1919.70,63
1693246440,1919.73,62
1693246500,1919.77,62
1693246560,1919.92,89
1693246620,1919.72,53
1693246680,1919.63,42
1693246740,1919.74,79
1693246800,1919.94,63
1693246860,1919.88,74
1693246920,1919.99,41
1693246980,1919.89,35
1693247040,1919.92,45
1693247100,1919.89,105
1693247160,1919.80,78
1693247220,1919.56,76
1693247280,1919.72,43
1693247340,1919.63,50
1693247400,1919.79,66
1693247460,1919.71,52
1693247520,1919.76,66
1693247580,1919.56,72
1693247640,1919.56,42
1693247700,1919.62,68
1693247760,1919.63,30
1693247820,1919.64,46
1693247880,1919.72,37
1693247940,1919.76,34
1693248000,1919.75,67
1693248060,1919.84,73
1693248120,1919.72,87
1693248180,1919.53,78
1693248240,1919.56,58
1693248300,1919.62,48
1693248360,1919.55,74
1693248420,1919.46,78
1693248480,1919.46,47
1693248540,1919.61,44
1693248600,1919.56,48
1693248660,1919.48,48
1693248720,1919.51,34
1693248780,1919.50,24
1693248840,1919.53,76
1693248900,1919.72,56
1693248960,1919.60,46
1693249020,1919.66,62
1693249080,1919.90,67
1693249140,1919.59,95
1693249200,1919.78,114
1693249260,1919.75,68
1693249320,1919.95,41
1693249380,1919.94,8
1693249440,1919.83,12
1693249500,1919.91,28
1693249560,1919.92,24
1693249620,1919.91,45
1693249680,1920.11,60
1693249740,1920.33,87
1693249800,1920.17,88
1693249860,1919.91,80
1693249920,1919.90,36
1693249980,1919.90,37
1693250040,1919.90,37
1693250100,1919.97,26
1693250160,1919.94,74
1693250220,1920.11,40
1693250280,1920.18,76
1693250340,1920.01,102
1693250400,1920.10,50
1693250460,1920.14,58
1693250520,1920.27,82
1693250580,1920.34,81
1693250640,1920.40,74
1693250700,1920.36,56
1693250760,1920.39,67
1693250820,1920.45,67
1693250880,1920.62,56
1693250940,1920.49,54
1693251000,1920.53,80
1693251060,1920.52,57
1693251120,1920.49,52
1693251180,1920.05,54
1693251240,1920.04,58
1693251300,1920.01,108
1693251360,1920.15,81
1693251420,1920.07,63
1693251480,1920.05,56
1693251540,1920.17,59
1693251600,1920.10,49
1693251660,1920.14,38
1693251720,1920.11,24
1693251780,1919.92,78
1693251840,1920.12,75
1693251900,1920.15,60
1693251960,1920.05,69
1693252020,1919.91,74
1693252080,1919.78,34
1693252140,1919.56,84
1693252200,1919.67,74
1693252260,1919.59,83
1693252320,1919.70,83
1693252380,1919.69,66
1693252440,1919.57,67
1693252500,1919.63,81
1693252560,1919.71,83
1693252620,1919.66,43
1693252680,1920.00,62
1693252740,1919.71,128
1693252800,1920.06,66
1693252860,1919.97,65
1693252920,1919.89,36
1693252980,1919.91,54
1693253040,1919.92,32
1693253100,1920.12,66
1693253160,1920.13,26
1693253220,1920.16,41
1693253280,1920.22,44
1693253340,1920.17,38
1693253400,1920.14,33
1693253460,1920.15,32
1693253520,1920.07,22
1693253580,1919.98,14
1693253640,1919.99,32
1693253700,1920.01,34
1693253760,1920.08,19
1693253820,1920.11,32
1693253880,1920.12,26
1693253940,1920.15,16
1693254000,1920.29,8
1693254060,1920.36,16
1693254120,1920.23,28
1693254180,1920.20,28
1693254240,1920.18,25
1693254300,1920.08,29
1693254360,1920.20,24
1693254420,1919.76,45
1693254480,1919.76,30
1693254540,1919.72,36
1693254600,1919.64,40
1693254660,1919.78,19
1693254720,1919.78,22
1693254780,1919.74,24
1693254840,1919.82,37
1693254900,1919.82,24
1693254960,1919.97,24
1693255020,1919.97,16
1693255080,1919.88,23
1693255140,1919.93,14
1693255200,1919.89,6
1693255260,1919.90,29
1693255320,1919.98,18
1693255380,1919.98,23
1693255440,1920.00,20
1693255500,1919.99,14
1693255560,1919.97,31
1693255620,1920.03,23
1693255680,1919.95,16
1693255740,1919.97,11
1693255800,1919.93,26
1693255860,1919.94,20
1693255920,1920.02,13
1693255980,1920.06,36
1693256040,1920.07,20
1693256100,1920.09,35
1693256160,1920.07,7
1693260120,1920.08,17
1693260180,1920.27,22
1693260240,1920.27,4
1693260300,1920.25,12
1693260360,1920.19,25
1693260420,1920.39,28
1693260480,1920.43,18
1693260540,1920.57,10
1693260600,1920.46,16
1693260660,1920.56,14
1693260720,1920.55,14
1693260780,1920.56,17
1693260840,1920.37,30
1693260900,1920.46,15
1693260960,1920.55,10
1693261020,1920.65,6
1693261080,1920.62,2
1693261140,1920.49,8
1693261200,1920.57,25
1693261260,1920.49,22
1693261320,1920.66,15
1693261380,1920.74,24
1693261440,1920.78,10
1693261500,1920.73,12
1693261560,1920.71,6
1693261620,1920.78,12
1693261680,1920.79,1
1693261740,1920.80,6
1693261800,1920.69,10
1693261920,1920.71,6
1693261980,1920.81,16
1693262040,1920.81,4
1693262100,1920.82,10
1693262160,1920.92,9
1693262220,1920.91,2
1693262280,1920.91,4
1693262340,1920.84,17
1693262400,1920.86,8
1693262460,1920.76,16
1693262520,1920.73,8
1693262580,1920.67,12
1693262640,1920.74,14
1693262700,1920.76,12
1693262760,1920.67,10
1693262820,1920.68,2
1693262880,1920.68,8
1693262940,1920.75,12
1693263000,1920.76,2
1693263060,1920.76,4
1693263120,1920.81,14
1693263180,1920.80,6
1693263240,1920.80,14
1693263300,1920.76,10
1693263360,1920.86,8
1693263420,1920.76,21
1693263480,1920.82,12
1693263540,1920.82,8
1693263600,1920.74,12
1693263660,1920.94,34
1693263720,1921.05,16
1693263780,1920.94,18
1693263840,1920.94,8
1693263900,1921.03,46
1693263960,1921.04,2
1693264020,1920.94,14
1693264080,1920.93,14
1693264140,1920.83,6
1693264200,1920.92,6
1693264260,1920.91,14
1693264320,1920.93,4
1693264380,1921.06,7
1693264440,1921.11,14
1693264500,1921.06,25
1693264560,1921.05,10
1693264680,1921.04,10
1693264740,1921.03,10
1693264800,1921.62,18
1693264860,1921.20,48
1693264920,1921.24,27
1693264980,1921.24,4
1693265040,1921.25,6
1693265100,1921.36,28
1693265160,1921.40,14
1693265220,1921.43,16
1693265280,1921.41,12
1693265340,1921.20,29
1693265400,1921.29,20
1693265460,1921.12,12
1693265520,1920.97,15
1693265580,1921.02,12
1693265640,1920.97,36
1693265700,1921.03,9
1693265760,1921.01,32
1693265820,1921.08,29
1693265880,1920.98,22
1693265940,1921.06,20
1693266000,1921.10,24
1693266060,1921.04,42
1693266120,1921.07,26
1693266180,1921.01,24
1693266240,1920.93,48
1693266300,1920.99,6
1693266360,1921.00,6
1693266420,1921.01,2
1693266480,1921.21,32
1693266540,1921.26,53
1693266600,1921.41,19
1693266660,1921.40,24
1693266720,1921.24,14
1693266780,1921.31,26
1693266840,1921.34,24
1693266900,1921.40,24
1693266960,1921.33,26
1693267020,1921.35,12
1693267080,1921.15,32
1693267140,1921.28,24
1693267200,1921.22,72
1693267260,1921.38,57
1693267320,1921.45,53
1693267380,1921.34,37
1693267440,1921.33,32
1693267500,1921.29,66
1693267560,1921.22,24
1693267620,1921.39,47
1693267680,1921.49,43
1693267740,1921.41,44
1693267800,1921.72,42
1693267860,1921.88,69
1693267920,1922.02,32
1693267980,1921.93,42
1693268040,1922.02,41
1693268100,1921.66,58
1693268160,1921.70,44
1693268220,1921.69,40
1693268280,1921.61,47
1693268340,1921.70,50
1693268400,1921.62,24
1693268460,1921.73,14
1693268520,1921.70,24
1693268580,1921.80,34
1693268640,1921.65,28
1693268700,1921.32,52
1693268760,1921.30,62
1693268820,1921.19,27
1693268880,1921.18,40
1693268940,1921.40,62
1693269000,1921.66,58
1693269060,1921.66,39
1693269120,1921.40,34
1693269180,1921.41,54
1693269240,1921.60,54
1693269300,1921.74,50
1693269360,1921.75,60
1693269420,1921.68,40
1693269480,1921.80,24
1693269540,1921.71,30
1693269600,1921.79,50
1693269660,1921.85,37
1693269720,1921.80,40
1693269780,1921.70,30
1693269840,1921.80,22
1693269900,1921.84,61
1693269960,1921.92,32
1693270020,1921.66,34
1693270080,1921.76,32
1693270140,1921.76,16
1693270200,1921.65,18
1693270260,1921.64,14
1693270320,1921.66,47
1693270380,1921.58,59
1693270440,1921.37,91
1693270500,1921.54,101
1693270560,1921.57,49
1693270620,1921.59,80
1693270680,1921.63,49
1693270740,1921.67,44
1693270800,1921.68,121
1693270860,1921.57,78
1693270920,1921.44,65
1693270980,1922.03,63
1693271040,1922.14,83
1693271100,1921.82,120
1693271160,1921.78,78
1693271220,1921.78,66
1693271280,1921.84,69
1693271340,1921.53,46
1693271400,1921.71,72
1693271460,1921.68,32
1693271520,1921.62,78
1693271580,1921.73,72
1693271640,1921.59,46
1693271700,1921.64,44
1693271760,1921.68,69
1693271820,1921.91,62
1693271880,1922.10,64
1693271940,1922.19,56
1693272000,1922.25,66
1693272060,1922.18,72
1693272120,1922.38,64
1693272180,1922.16,77
1693272240,1922.26,94
1693272300,1922.30,94
1693272360,1922.34,96
1693272420,1922.34,44
1693272480,1922.43,66
1693272540,1922.29,58
1693272600,1922.27,100
1693272660,1922.34,82
1693272720,1922.16,48
1693272780,1922.32,58
1693272840,1922.50,74
1693272900,1922.72,60
1693272960,1922.78,68
1693273020,1922.74,136
1693273080,1922.43,104
1693273140,1922.31,84
1693273200,1922.33,74
1693273260,1922.73,93
1693273320,1922.65,78
1693273380,1922.85,102
1693273440,1922.86,100
1693273500,1923.04,87
1693273560,1922.89,78
1693273620,1922.66,82
1693273680,1922.45,81
1693273740,1922.49,99
1693273800,1922.60,38
1693273860,1922.57,70
1693273920,1922.51,94
1693273980,1922.41,86
1693274040,1922.41,88
1693274100,1922.31,79
1693274160,1922.34,68
1693274220,1922.13,46
1693274280,1921.95,68
1693274340,1922.09,84
1693274400,1921.83,60
1693274460,1922.03,42
1693274520,1922.15,80
1693274580,1922.07,65
1693274640,1922.00,69
1693274700,1922.18,72
1693274760,1922.42,108
1693274820,1922.56,83
1693274880,1922.17,67
1693274940,1922.23,57
1693275000,1922.43,66
1693275060,1922.37,48
1693275120,1922.35,48
1693275180,1921.96,68
1693275240,1922.07,74
1693275300,1921.87,56
1693275360,1921.87,74
1693275420,1921.96,62
1693275480,1921.93,57
1693275540,1921.76,42
1693275600,1921.85,42
1693275660,1921.94,61
1693275720,1921.89,34
1693275780,1921.75,42
1693275840,1921.81,27
1693275900,1921.76,26
1693275960,1921.64,40
1693276020,1921.58,58
1693276080,1921.70,56
1693276140,1921.70,40
1693276200,1921.71,106
1693276260,1921.82,60
1693276320,1921.80,52
1693276380,1922.05,78
1693276440,1921.98,52
1693276500,1922.17,54
1693276560,1922.28,61
1693276620,1922.16,53
1693276680,1922.19,62
1693276740,1922.40,48
1693276800,1922.28,56
1693276860,1922.36,36
1693276920,1922.59,66
1693276980,1922.43,56
1693277040,1922.58,40
1693277100,1922.43,54
1693277160,1922.37,67
1693277220,1922.38,50
1693277280,1922.61,90
1693277340,1922.89,93
1693277400,1922.59,79
1693277460,1922.68,28
1693277520,1922.82,64
1693277580,1922.98,66
1693277640,1923.16,87
1693277700,1923.30,69
1693277760,1923.41,86
1693277820,1923.50,72
1693277880,1923.86,62
1693277940,1923.81,63
1693278000,1923.70,80
1693278060,1923.75,68
1693278120,1923.92,78
1693278180,1923.86,112
1693278240,1924.18,88
1693278300,1924.70,138
1693278360,1924.28,220
1693278420,1924.20,168
1693278480,1924.12,138
1693278540,1924.16,84
1693278600,1924.20,84
1693278660,1924.29,16
1693278720,1924.71,54
1693278780,1924.78,66
1693278840,1924.80,82
1693278900,1924.84,86
1693278960,1924.90,134
1693279020,1925.05,88
1693279080,1924.92,74
1693279140,1924.91,52
1693279200,1925.01,79
1693279260,1925.09,83
1693279320,1925.21,66
1693279380,1925.19,48
1693279440,1925.18,72
1693279500,1925.34,71
1693279560,1925.30,61
1693279620,1925.51,69
1693279680,1925.53,67
1693279740,1925.44,79
1693279800,1925.47,62
1693279860,1925.55,69
1693279920,1925.53,42
1693279980,1925.55,47
1693280040,1925.28,40
1693280100,1925.42,76
1693280160,1925.43,51
1693280220,1925.70,43
1693280280,1925.58,84
1693280340,1925.60,47
1693280400,1925.62,34
1693280460,1925.74,47
1693280520,1925.74,28
1693280580,1925.49,64
1693280640,1925.62,68
1693280700,1925.40,50
1693280760,1925.41,32
1693280820,1925.41,34
1693280880,1925.32,44
1693280940,1925.40,46
1693281000,1925.33,30
1693281060,1925.24,42
1693281120,1925.22,29
1693281180,1925.11,57
1693281240,1925.19,46
1693281300,1925.34,32
1693281360,1925.35,33
1693281420,1925.43,40
1693281480,1925.47,24
1693281540,1925.42,34
1693281600,1925.44,34
1693281660,1925.50,55
1693281720,1925.44,27
1693281780,1925.59,38
1693281840,1925.42,43
1693281900,1925.41,32
1693281960,1925.14,64
1693282020,1925.21,62
1693282080,1925.23,62
1693282140,1925.21,30
1693282200,1925.14,43
1693282260,1925.32,47
1693282320,1925.32,34
1693282380,1924.94,48
1693282440,1924.92,42
1693282500,1924.91,28
1693282560,1924.94,57
1693282620,1924.84,51
1693282680,1924.67,59
1693282740,1924.48,54
1693282800,1924.48,87
1693282860,1924.20,64
1693282920,1924.18,36
1693282980,1924.17,55
1693283040,1924.20,114
1693283100,1925.08,156
1693283160,1924.99,52
1693283220,1925.16,48
1693283280,1925.21,28
1693283340,1924.84,68
1693283400,1924.81,34
1693283460,1924.65,44
1693283520,1924.63,30
1693283580,1924.66,20
1693283640,1924.65,52
1693283700,1924.53,38
1693283760,1924.50,28
1693283820,1924.51,18
1693283880,1924.70,32
1693283940,1924.50,32
1693284000,1924.37,35
1693284060,1924.51,64
1693284120,1924.39,68
1693284180,1924.30,47
1693284240,1924.37,30
1693284300,1924.34,48
1693284360,1924.16,32
1693284420,1924.07,64
1693284480,1924.31,54
1693284540,1924.39,38
1693284600,1924.48,32
1693284660,1924.49,32
1693284720,1924.26,22
1693284780,1924.19,35
1693284840,1924.08,28
1693284900,1924.19,37
1693284960,1924.00,37
1693285020,1924.03,45
1693285080,1924.02,42
1693285140,1923.90,54
1693285200,1924.42,94
1693285260,1924.27,73
1693285320,1924.03,62
1693285380,1923.90,77
1693285440,1923.96,57
1693285500,1923.72,76
1693285560,1923.56,65
1693285620,1923.57,83
1693285680,1923.95,69
1693285740,1923.84,45
1693285800,1923.80,61
1693285860,1923.83,42
1693285920,1923.78,36
1693285980,1923.61,32
1693286040,1923.58,31
1693286100,1923.55,63
1693286160,1923.41,76
1693286220,1923.44,38
1693286280,1923.43,29
1693286340,1923.54,44
1693286400,1923.34,53
1693286460,1923.56,46
1693286520,1923.72,40
1693286580,1923.82,32
1693286640,1923.70,44
1693286700,1923.57,34
1693286760,1923.64,40
1693286820,1923.80,36
1693286880,1923.70,44
1693286940,1923.59,59
1693287000,1923.87,126
1693287060,1923.76,106
1693287120,1923.89,73
1693287180,1924.14,50
1693287240,1924.30,58
1693287300,1924.77,86
1693287360,1924.57,57
1693287420,1924.92,67
1693287480,1924.92,62
1693287540,1925.15,82
1693287600,1925.29,76
1693287660,1925.37,94
1693287720,1925.37,78
1693287780,1925.10,100
1693287840,1925.14,92
1693287900,1925.42,84
1693287960,1925.32,104
1693288020,1925.46,70
1693288080,1925.56,47
1693288140,1925.42,54
1693288200,1925.34,72
1693288260,1925.30,66
1693288320,1925.26,64
1693288380,1925.13,68
1693288440,1924.91,64
1693288500,1925.06,81
1693288560,1925.06,81
1693288620,1924.80,83
1693288680,1924.60,69
1693288740,1924.44,64
1693288800,1924.79,131
1693288860,1924.65,108
1693288920,1925.01,80
1693288980,1925.15,56
1693289040,1924.87,96
1693289100,1924.88,82
1693289160,1924.96,70
1693289220,1925.07,88
1693289280,1925.05,47
1693289340,1925.06,77
1693289400,1924.88,62
1693289460,1924.82,92
1693289520,1924.71,56
1693289580,1924.81,64
1693289640,1924.71,102
1693289700,1924.54,91
1693289760,1924.72,66
1693289820,1924.89,86
1693289880,1924.80,70
1693289940,1924.27,73
1693290000,1923.99,105
1693290060,1923.82,75
1693290120,1924.10,84
1693290180,1924.13,67
1693290240,1923.88,75
1693290300,1923.81,92
1693290360,1923.70,82
1693290420,1923.88,100
1693290480,1923.76,38
1693290540,1923.96,90
1693290600,1923.95,39
1693290660,1924.14,140
1693290720,1923.74,98
1693290780,1923.58,91
1693290840,1923.64,57
1693290900,1923.84,66
1693290960,1923.94,74
1693291020,1924.15,76
1693291080,1923.90,56
1693291140,1923.81,68
1693291200,1923.59,56
1693291260,1923.77,96
1693291320,1923.76,82
1693291380,1923.59,72
1693291440,1923.54,86
1693291500,1923.38,89
1693291560,1923.07,100
1693291620,1923.36,75
1693291680,1923.42,58
1693291740,1923.34,46
1693291800,1923.30,72
1693291860,1923.32,77
1693291920,1923.40,94
1693291980,1923.36,106
1693292040,1923.16,115
1693292100,1923.10,79
1693292160,1922.96,83
1693292220,1923.03,91
1693292280,1923.10,50
1693292340,1922.92,111
1693292400,1922.84,130
1693292460,1922.97,119
1693292520,1922.42,95
1693292580,1922.67,130
1693292640,1922.66,86
1693292700,1922.69,94
1693292760,1922.56,56
1693292820,1922.38,88
1693292880,1922.17,102
1693292940,1922.17,68
1693293000,1922.10,104
1693293060,1922.04,112
1693293120,1921.67,121
1693293180,1922.08,116
1693293240,1922.17,87
1693293300,1922.48,148
1693293360,1922.78,114
1693293420,1923.08,110
1693293480,1922.90,74
1693293540,1922.89,44
1693293600,1923.10,87
1693293660,1923.10,69
1693293720,1923.20,81
1693293780,1923.16,96
1693293840,1923.11,60
1693293900,1923.08,86
1693293960,1922.81,46
1693294020,1923.38,78
1693294080,1923.46,86
1693294140,1923.29,89
1693294200,1923.94,112
1693294260,1924.00,114
1693294320,1924.33,102
1693294380,1924.32,118
1693294440,1924.30,170
1693294500,1924.09,106
1693294560,1924.14,118
1693294620,1924.37,81
1693294680,1924.10,85
1693294740,1923.97,84
1693294800,1924.17,88
1693294860,1924.03,97
1693294920,1924.48,48
1693294980,1924.41,101
1693295040,1924.33,42
1693295100,1924.23,62
1693295160,1924.11,81
1693295220,1924.72,111
1693295280,1924.63,148
1693295340,1924.25,104
1693295400,1924.20,88
1693295460,1924.20,85
1693295520,1923.92,82
1693295580,1924.03,97
1693295640,1923.69,97
1693295700,1923.65,135
1693295760,1923.43,138
1693295820,1923.41,104
1693295880,1923.28,103
1693295940,1923.26,116
1693296000,1923.41,145
1693296060,1923.22,131
1693296120,1923.42,102
1693296180,1923.36,76
1693296240,1923.41,94
1693296300,1923.37,88
1693296360,1923.26,104
1693296420,1923.04,111
1693296480,1923.10,94
1693296540,1923.11,92
1693296600,1922.88,103
1693296660,1922.46,79
1693296720,1922.39,98
1693296780,1922.79,124
1693296840,1923.08,128
1693296900,1922.95,120
1693296960,1923.03,86
1693297020,1923.21,83
1693297080,1923.27,84
1693297140,1923.25,92
1693297200,1923.20,79
1693297260,1923.38,78
1693297320,1923.38,56
1693297380,1923.38,36
1693297440,1923.36,36
1693297500,1923.36,40
1693297560,1923.17,56
1693297620,1922.96,69
1693297680,1922.79,86
1693297740,1922.71,78
1693297800,1922.78,86
1693297860,1922.74,76
1693297920,1922.77,87
1693297980,1922.99,70
1693298040,1922.87,76
1693298100,1923.01,70
1693298160,1923.08,53
1693298220,1923.00,95
1693298280,1922.98,98
1693298340,1923.01,94
1693298400,1923.28,86
1693298460,1923.38,98
1693298520,1923.39,76
1693298580,1923.28,78
1693298640,1923.18,46
1693298700,1923.52,107
1693298760,1923.23,65
1693298820,1923.02,62
1693298880,1923.32,56
1693298940,1923.42,64
1693299000,1923.29,81
1693299060,1923.23,90
1693299120,1923.22,74
1693299180,1923.33,84
1693299240,1923.61,93
1693299300,1923.67,82
1693299360,1923.74,170
1693299420,1923.24,118
1693299480,1923.02,110
1693299540,1922.91,77
1693299600,1922.81,123
1693299660,1923.32,85
1693299720,1923.28,115
1693299780,1923.22,60
1693299840,1923.54,82
1693299900,1923.30,87
1693299960,1923.09,78
1693300020,1923.20,73
1693300080,1922.98,68
1693300140,1923.29,56
1693300200,1923.16,41
1693300260,1923.28,56
1693300320,1923.28,58
1693300380,1923.16,57
1693300440,1923.33,79
1693300500,1923.17,48
1693300560,1923.11,61
1693300620,1923.09,77
1693300680,1923.15,77
1693300740,1922.91,63
1693300800,1922.94,70
1693300860,1922.72,87
1693300920,1922.84,71
1693300980,1922.66,101
1693301040,1922.73,78
1693301100,1923.12,81
1693301160,1922.95,77
1693301220,1922.92,109
1693301280,1922.65,84
1693301340,1922.70,83
1693301400,1923.40,142
1693301460,1922.95,87
1693301520,1922.92,109
1693301580,1922.91,98
1693301640,1922.96,96
1693301700,1923.05,69
1693301760,1922.96,68
1693301820,1923.11,44
1693301880,1923.10,69
1693301940,1923.20,59
1693302000,1923.00,66
1693302060,1923.10,47
1693302120,1923.18,58
1693302180,1923.21,78
1693302240,1923.40,75
1693302300,1923.39,54
1693302360,1923.40,66
1693302420,1923.48,62
1693302480,1923.60,102
1693302540,1923.81,50
1693302600,1923.74,93
1693302660,1923.89,78
1693302720,1923.97,81
1693302780,1924.02,70
1693302840,1924.38,151
1693302900,1924.18,57
1693302960,1924.17,72
1693303020,1924.22,74
1693303080,1924.23,90
1693303140,1924.37,85
1693303200,1924.24,122
1693303260,1924.17,80
1693303320,1924.17,60
1693303380,1924.14,54
1693303440,1923.94,56
1693303500,1923.85,20
1693303560,1923.54,26
1693303620,1923.53,68
1693303680,1923.34,68
1693303740,1923.34,51
1693303800,1923.64,38
1693303860,1923.66,55
1693303920,1923.73,54
1693303980,1923.11,33
1693304040,1923.10,33
1693304100,1923.08,57
1693304160,1922.70,66
1693304220,1922.33,40
1693304280,1922.43,74
1693304340,1922.79,63
1693304400,1922.97,70
1693304460,1922.81,55
1693304520,1922.80,94
1693304580,1922.64,90
1693304640,1922.34,71
1693304700,1922.16,79
1693304760,1921.95,117
1693304820,1921.68,202
1693304880,1921.50,120
1693304940,1921.14,118
1693305000,1921.32,122
1693305060,1921.68,136
1693305120,1921.42,114
1693305180,1921.72,105
1693305240,1921.64,87
1693305300,1921.48,100
1693305360,1921.48,81
1693305420,1921.65,81
1693305480,1921.44,79
1693305540,1921.51,89
1693305600,1921.70,94
1693305660,1921.58,78
1693305720,1921.39,77
1693305780,1921.34,93
1693305840,1921.26,89
1693305900,1921.35,80
1693305960,1921.41,65
1693306020,1921.11,120
1693306080,1921.74,130
1693306140,1921.45,58
1693306200,1921.14,76
1693306260,1920.94,114
1693306320,1921.10,130
1693306380,1921.08,92
1693306440,1920.91,74
1693306500,1920.82,66
1693306560,1920.61,66
1693306620,1920.44,99
1693306680,1920.31,113
1693306740,1920.33,133
1693306800,1920.28,175
1693306860,1920.10,140
1693306920,1919.58,112
1693306980,1919.55,138
1693307040,1919.66,125
1693307100,1919.59,144
1693307160,1919.48,126
1693307220,1919.69,115
1693307280,1919.85,106
1693307340,1919.77,96
1693307400,1920.02,101
1693307460,1919.91,100
1693307520,1919.61,81
1693307580,1919.82,102
1693307640,1919.83,100
1693307700,1919.87,103
1693307760,1919.71,67
1693307820,1919.92,70
1693307880,1919.70,63
1693307940,1919.40,98
1693308000,1919.34,147
1693308060,1919.28,48
1693308120,1919.17,56
1693308180,1919.08,106
1693308240,1919.09,97
1693308300,1918.84,188
1693308360,1918.69,122
1693308420,1918.42,128
1693308480,1918.58,162
1693308540,1918.70,85
1693308600,1918.84,132
1693308660,1918.62,144
1693308720,1918.73,100
1693308780,1918.72,101
1693308840,1918.64,102
1693308900,1918.69,110
1693308960,1918.42,120
1693309020,1918.29,118
1693309080,1918.41,120
1693309140,1918.20,92
1693309200,1918.32,74
1693309260,1918.41,99
1693309320,1918.20,80
1693309380,1918.29,93
1693309440,1918.31,81
1693309500,1918.22,76
1693309560,1918.13,70
1693309620,1918.10,100
1693309680,1917.73,103
1693309740,1917.79,74
1693309800,1917.86,64
1693309860,1917.98,87
1693309920,1918.06,102
1693309980,1917.93,83
1693310040,1917.64,138
1693310100,1917.36,140
1693310160,1917.18,154
1693310220,1916.96,154
1693310280,1916.96,182
1693310340,1917.22,118
1693310400,1916.89,157
1693310460,1916.89,180
1693310520,1916.54,153
1693310580,1917.08,204
1693310640,1917.05,164
1693310700,1917.11,135
1693310760,1916.99,143
1693310820,1916.78,146
1693310880,1916.77,106
1693310940,1916.79,125
1693311000,1916.70,127
1693311060,1916.38,143
1693311120,1916.14,163
1693311180,1916.21,149
1693311240,1916.37,129
1693311300,1915.87,154
1693311360,1915.64,171
1693311420,1915.66,159
1693311480,1915.62,145
1693311540,1915.58,172
1693311600,1915.51,194
1693311660,1915.42,188
1693311720,1915.11,217
1693311780,1915.25,178
1693311840,1915.45,164
1693311900,1915.34,194
1693311960,1915.04,197
1693312020,1915.02,210
1693312080,1914.97,195
1693312140,1915.30,213
1693312200,1916.30,247
1693312260,1915.79,210
1693312320,1915.78,184
1693312380,1916.23,234
1693312440,1916.45,198
1693312500,1915.89,212
1693312560,1915.63,144
1693312620,1915.98,196
1693312680,1915.69,180
1693312740,1915.48,189
1693312800,1914.82,225
1693312860,1915.33,235
1693312920,1915.75,203
1693312980,1915.40,186
1693313040,1915.17,138
1693313100,1916.03,196
1693313160,1915.98,224
1693313220,1915.79,154
1693313280,1915.98,158
1693313340,1915.75,154
1693313400,1916.72,231
1693313460,1916.72,237
1693313520,1916.52,205
1693313580,1916.73,190
1693313640,1917.08,201
1693313700,1916.79,199
1693313760,1916.51,148
1693313820,1917.09,207
1693313880,1916.94,146
1693313940,1917.06,192
1693314000,1917.06,270
1693314060,1917.76,235
1693314120,1917.48,204
1693314180,1917.72,186
1693314240,1917.63,180
1693314300,1917.36,202
1693314360,1917.20,150
1693314420,1918.03,149
1693314480,1918.02,128
1693314540,1917.59,179
1693314600,1916.91,214
1693314660,1917.11,178
1693314720,1917.47,170
1693314780,1917.42,178
1693314840,1917.71,166
1693314900,1917.60,178
1693314960,1917.19,164
1693315020,1917.79,146
1693315080,1918.42,166
1693315140,1918.66,150
1693315200,1918.80,162
1693315260,1919.00,173
1693315320,1918.58,123
1693315380,1918.77,128
1693315440,1918.73,88
1693315500,1918.69,198
1693315560,1918.56,138
1693315620,1918.95,184
1693315680,1918.76,152
1693315740,1918.75,120
1693315800,1918.61,210
1693315860,1918.58,279
1693315920,1918.19,269
1693315980,1918.06,244
1693316040,1917.85,224
1693316100,1918.77,257
1693316160,1919.10,252
1693316220,1919.23,259
1693316280,1918.18,233
1693316340,1918.44,217
1693316400,1918.82,299
1693316460,1919.47,284
1693316520,1919.74,318
1693316580,1919.38,254
1693316640,1919.50,242
1693316700,1920.24,263
1693316760,1920.04,295
1693316820,1920.29,190
1693316880,1920.64,230
1693316940,1920.99,243
1693317000,1921.23,223
1693317060,1921.10,232
1693317120,1921.30,242
1693317180,1921.42,233
1693317240,1921.43,202
1693317300,1921.79,201
1693317360,1921.24,231
1693317420,1921.02,208
1693317480,1920.89,188
1693317540,1921.01,168
1693317600,1924.60,381
1693317660,1925.60,436
1693317720,1927.94,440
1693317780,1928.46,348
1693317840,1929.44,416
1693317900,1930.82,436
1693317960,1931.40,418
1693318020,1931.56,412
1693318080,1931.88,376
1693318140,1931.79,396
1693318200,1931.08,366
1693318260,1931.28,386
1693318320,1930.57,356
1693318380,1930.02,346
1693318440,1930.52,360
1693318500,1930.52,350
1693318560,1931.36,367
1693318620,1932.28,352
1693318680,1933.00,331
1693318740,1933.28,363
1693318800,1933.54,360
1693318860,1933.27,300
1693318920,1934.06,310
1693318980,1932.57,326
1693319040,1931.57,318
1693319100,1932.75,332
1693319160,1933.87,332
1693319220,1934.03,324
1693319280,1933.58,310
1693319340,1934.04,292
1693319400,1933.46,350
1693319460,1933.57,314
1693319520,1934.10,314
1693319580,1934.50,274
1693319640,1933.97,281
1693319700,1933.22,311
1693319760,1932.41,306
1693319820,1932.06,339
1693319880,1932.05,334
1693319940,1932.60,282
1693320000,1932.54,298
1693320060,1931.70,284
1693320120,1931.64,243
1693320180,1932.28,272
1693320240,1931.78,282
1693320300,1932.14,302
1693320360,1931.92,269
1693320420,1931.80,274
1693320480,1932.38,304
1693320540,1932.95,268
1693320600,1933.53,274
1693320660,1933.65,258
1693320720,1933.26,216
1693320780,1933.53,262
1693320840,1933.50,236
1693320900,1933.66,289
1693320960,1933.72,235
1693321020,1934.02,255
1693321080,1934.28,261
1693321140,1934.17,261
1693321200,1934.79,252
1693321260,1934.05,224
1693321320,1933.40,276
1693321380,1933.21,200
1693321440,1932.78,234
1693321500,1934.00,213
1693321560,1933.82,225
1693321620,1933.95,234
1693321680,1933.81,212
1693321740,1933.98,205
1693321800,1933.91,218
1693321860,1933.71,188
1693321920,1933.84,213
1693321980,1934.26,228
1693322040,1935.29,251
1693322100,1934.82,232
1693322160,1934.50,203
1693322220,1934.70,213
1693322280,1935.16,216
1693322340,1935.44,228
1693322400,1935.34,195
1693322460,1935.58,183
1693322520,1935.58,189
1693322580,1935.55,216
1693322640,1935.72,191
1693322700,1935.81,215
1693322760,1935.88,209
1693322820,1936.30,178
1693322880,1936.08,208
1693322940,1935.60,255
1693323000,1935.56,238
1693323060,1936.13,194
1693323120,1936.23,201
1693323180,1936.08,185
1693323240,1936.40,220
1693323300,1936.20,211
1693323360,1935.83,201
1693323420,1935.81,173
1693323480,1936.00,191
1693323540,1936.23,134
1693323600,1936.52,132
1693323660,1936.70,178
1693323720,1936.60,127
1693323780,1936.89,191
1693323840,1936.70,135
1693323900,1936.60,195
1693323960,1936.60,128
1693324020,1937.11,139
1693324080,1936.91,168
1693324140,1936.79,124
1693324200,1936.74,191
1693324260,1936.86,172
1693324320,1937.20,158
1693324380,1937.62,193
1693324440,1937.00,129
1693324500,1936.44,160
1693324560,1936.40,153
1693324620,1936.44,167
1693324680,1936.67,162
1693324740,1936.69,164
1693324800,1936.94,204
1693324860,1936.98,163
1693324920,1937.26,184
1693324980,1937.24,173
1693325040,1937.16,146
1693325100,1937.18,146
1693325160,1936.88,113
1693325220,1937.40,159
1693325280,1937.61,182
1693325340,1937.32,147
1693325400,1936.98,149
1693325460,1936.61,154
1693325520,1936.42,157
1693325580,1936.24,146
1693325640,1935.78,143
1693325700,1935.05,218
1693325760,1934.66,170
1693325820,1934.35,152
1693325880,1934.34,154
1693325940,1934.16,126
1693326000,1934.25,162
1693326060,1934.58,109
1693326120,1934.75,115
1693326180,1934.66,106
1693326240,1934.74,110
1693326300,1935.13,130
1693326360,1934.94,138
1693326420,1934.85,138
1693326480,1934.48,124
1693326540,1934.98,108
1693326600,1935.20,110
1693326660,1935.38,120
1693326720,1935.14,105
1693326780,1934.42,106
1693326840,1934.43,99
1693326900,1934.15,63
1693326960,1934.43,122
1693327020,1935.04,118
1693327080,1934.55,97
1693327140,1934.82,81
1693327200,1934.55,84
1693327260,1934.46,68
1693327320,1934.66,113
1693327380,1934.52,111
1693327440,1934.64,114
1693327500,1934.72,91
1693327560,1934.97,114
1693327620,1934.90,134
1693327680,1935.15,115
1693327740,1935.18,129
1693327800,1935.61,117
1693327860,1935.62,124
1693327920,1935.71,106
1693327980,1935.87,143
1693328040,1935.97,92
1693328100,1935.96,106
1693328160,1936.09,74
1693328220,1936.14,111
1693328280,1936.39,107
1693328340,1936.27,136
1693328400,1935.97,108
1693328460,1936.88,165
1693328520,1936.36,208
1693328580,1936.10,186
1693328640,1936.27,170
1693328700,1936.62,144
1693328760,1936.50,142
1693328820,1936.67,126
1693328880,1936.39,126
1693328940,1937.20,142
1693329000,1936.80,174
1693329060,1936.90,168
1693329120,1936.69,129
1693329180,1937.16,162
1693329240,1937.30,138
1693329300,1937.39,154
1693329360,1937.74,144
1693329420,1937.74,162
1693329480,1937.80,168
1693329540,1937.90,156
1693329600,1937.90,177
1693329660,1937.78,132
1693329720,1937.76,162
1693329780,1937.13,140
1693329840,1937.28,168
1693329900,1936.97,130
1693329960,1936.66,117
1693330020,1936.26,121
1693330080,1936.74,153
1693330140,1936.82,238
1693330200,1936.34,167
1693330260,1936.80,129
1693330320,1937.12,88
1693330380,1937.23,108
1693330440,1937.38,112
1693330500,1937.10,125
1693330560,1936.82,83
1693330620,1936.83,113
1693330680,1937.26,122
1693330740,1937.05,102
1693330800,1936.93,106
1693330860,1936.98,96
1693330920,1937.09,109
1693330980,1937.17,83
1693331040,1937.09,78
1693331100,1937.13,81
1693331160,1937.39,108
1693331220,1937.36,86
1693331280,1937.36,105
1693331340,1937.38,76
1693331400,1937.25,88
1693331460,1937.06,56
1693331520,1936.86,36
1693331580,1937.18,72
1693331640,1936.98,97
1693331700,1937.00,116
1693331760,1936.74,100
1693331820,1936.81,111
1693331880,1936.98,68
1693331940,1937.20,80
1693332000,1937.04,122
1693332060,1937.11,103
1693332120,1937.03,81
1693332180,1936.81,64
1693332240,1936.69,106
1693332300,1936.58,100
1693332360,1936.42,65
1693332420,1936.43,80
1693332480,1936.45,56
1693332540,1936.44,83
1693332600,1936.49,82
1693332660,1936.76,67
1693332720,1936.56,85
1693332780,1936.49,73
1693332840,1936.38,58
1693332900,1936.18,87
1693332960,1936.27,72
1693333020,1936.08,94
1693333080,1936.20,75
1693333140,1936.18,59
1693333200,1936.09,68
1693333260,1936.01,71
1693333320,1935.99,80
1693333380,1936.09,54
1693333440,1935.99,63
1693333500,1935.80,72
1693333560,1935.61,78
1693333620,1935.39,100
1693333680,1935.32,94
1693333740,1935.27,60
1693333800,1935.18,22
1693333860,1935.26,51
1693333920,1935.28,20
1693333980,1935.27,34
1693334040,1935.44,54
1693334100,1935.48,48
1693334160,1935.52,48
1693334220,1935.69,65
1693334280,1935.67,72
1693334340,1935.70,83
1693334400,1936.16,91
1693334460,1936.28,64
1693334520,1936.86,75
1693334580,1936.72,67
1693334640,1936.58,76
1693334700,1936.52,82
1693334760,1936.88,88
1693334820,1936.85,86
1693334880,1937.07,104
1693334940,1937.12,90
1693335000,1937.20,75
1693335060,1936.90,71
1693335120,1936.90,60
1693335180,1936.78,69
1693335240,1936.78,84
1693335300,1936.79,83
1693335360,1937.06,64
1693335420,1937.00,54
1693335480,1936.80,75
1693335540,1937.05,84
1693335600,1936.62,96
1693335660,1936.71,70
1693335720,1936.61,57
1693335780,1936.82,106
1693335840,1936.94,61
1693335900,1937.05,64
1693335960,1936.94,83
1693336020,1937.01,64
1693336080,1937.10,42
1693336140,1936.73,58
1693336200,1937.32,64
1693336260,1937.39,105
1693336320,1937.68,77
1693336380,1937.63,79
1693336440,1937.87,94
1693336500,1937.77,70
1693336560,1937.76,65
1693336620,1937.69,46
1693336680,1937.76,62
1693336740,1937.71,108
1693336800,1937.72,78
1693336860,1937.74,73
1693336920,1937.74,45
1693336980,1937.87,75
1693337040,1937.89,58
1693337100,1937.92,64
1693337160,1937.88,40
1693337220,1937.91,36
1693337280,1937.88,73
1693337340,1937.84,59
1693337400,1937.73,36
1693337460,1937.65,60
1693337520,1937.61,78
1693337580,1937.55,47
1693337640,1937.74,61
1693337700,1937.66,53
1693337760,1937.74,75
1693337820,1937.78,72
1693337880,1937.90,26
1693337940,1937.84,36
1693338000,1937.69,59
1693338060,1937.80,50
1693338120,1937.77,65
1693338180,1937.68,47
1693338240,1937.86,93
1693338300,1937.92,84
1693338360,1937.87,66
1693338420,1937.85,98
1693338480,1937.91,71
1693338540,1938.03,60
1693338600,1937.82,71
1693338660,1937.78,78
1693338720,1937.78,45
1693338780,1937.81,50
1693338840,1937.88,90
1693338900,1938.02,102
1693338960,1937.99,69
1693339020,1938.02,76
1693339080,1937.90,70
1693339140,1938.02,156
1693339200,1937.93,105
1693339260,1937.77,70
1693339320,1937.71,52
1693339380,1937.76,72
1693339440,1937.57,68
1693339500,1937.59,60
1693339560,1937.48,69
1693339620,1937.42,34
1693339680,1937.36,38
1693339740,1937.30,38
1693339800,1937.36,47
1693339860,1937.46,36
1693339920,1937.46,56
1693339980,1937.47,27
1693340040,1937.46,24
1693340100,1937.45,32
1693340160,1937.37,34
1693340220,1937.52,22
1693340280,1937.41,26
1693340340,1937.36,33
1693340400,1937.34,18
1693340460,1937.36,18
1693340520,1937.36,21
1693340580,1937.52,31
1693340640,1937.65,32
1693340700,1937.63,37
1693340760,1937.74,40
1693340820,1937.74,16
1693340880,1937.70,32
1693340940,1937.70,35
1693341000,1937.74,25
1693341060,1937.65,26
1693341120,1937.64,9
1693341180,1937.58,20
1693341240,1937.59,24
1693341300,1937.60,34
1693341360,1937.58,22
1693341420,1937.56,37
1693341480,1937.56,20
1693341540,1937.55,20
1693341600,1937.51,12
1693341660,1937.55,36
1693341720,1937.62,25
1693341780,1937.62,42
1693341840,1937.62,50
1693341900,1937.68,50
1693341960,1937.71,52
1693342020,1937.72,36
1693342080,1937.79,56
1693342140,1937.84,58
1693342200,1937.44,51
1693342260,1937.58,12
1693342320,1937.59,53
1693342380,1937.56,44
1693342440,1937.56,57
1693342500,1937.65,60
1693342560,1937.40,42
1693346520,1937.14,70
1693346580,1937.00,61
1693346640,1937.02,48
1693346700,1937.02,45
1693346760,1937.04,26
1693346820,1937.06,33
1693346880,1937.22,38
1693346940,1937.06,54
1693347000,1936.89,63
1693347060,1936.74,52
1693347120,1936.82,49
1693347180,1936.97,52
1693347240,1936.87,43
1693347300,1936.61,48
1693347360,1936.74,18
1693347420,1936.94,32
1693347480,1936.91,16
1693347540,1937.11,21
1693347600,1937.09,39
1693347660,1937.01,28
1693347720,1936.96,16
1693347780,1936.96,19
1693347840,1936.96,16
1693347900,1936.92,8
1693347960,1936.92,12
1693348020,1936.99,17
1693348080,1936.89,24
1693348140,1937.06,23
1693348200,1937.04,38
1693348260,1937.13,23
1693348320,1937.07,29
1693348380,1937.07,21
1693348440,1937.04,30
1693348500,1937.04,4
1693348560,1937.16,27
1693348620,1937.19,39
1693348680,1937.24,10
1693348740,1937.06,19
1693348800,1937.19,32
1693348860,1937.20,8
1693348920,1937.05,22
1693348980,1937.04,22
1693349040,1937.02,27
1693349100,1937.05,14
1693349160,1937.14,34
1693349220,1937.11,28
1693349280,1937.04,32
1693349340,1937.08,41
1693349400,1937.14,44
1693349460,1937.17,27
1693349520,1937.06,46
1693349580,1937.19,41
1693349640,1937.15,18
1693349700,1937.16,2
1693349760,1937.11,21
1693349820,1937.15,14
1693349880,1937.20,2
1693350000,1937.42,76
1693350060,1937.45,18
1693350120,1937.44,17
1693350180,1937.20,32
1693350240,1937.28,24
1693350300,1937.21,22
1693350360,1937.10,13
1693350420,1936.94,37
1693350480,1937.18,31
1693350540,1937.02,59
1693350600,1937.22,30
1693350660,1937.32,32
1693350720,1937.28,24
1693350780,1937.27,22
1693350840,1937.08,40
1693350900,1936.76,58
1693350960,1936.69,22
1693351020,1936.68,23
1693351080,1936.56,37
1693351140,1936.60,44
1693351200,1936.48,32
1693351260,1936.32,52
1693351320,1936.26,59
1693351380,1936.25,28
1693351440,1936.41,81
1693351500,1936.20,58
1693351560,1936.36,44
1693351620,1936.34,38
1693351680,1936.35,14
1693351740,1936.24,26
1693351800,1936.42,43
1693351860,1936.55,29
1693351920,1936.56,30
1693351980,1936.58,26
1693352040,1936.58,15
1693352100,1936.52,24
1693352160,1936.47,29
1693352220,1936.44,32
1693352280,1936.50,36
1693352340,1936.52,43
1693352400,1936.55,36
1693352460,1936.58,26
1693352520,1936.53,35
1693352580,1936.42,47
1693352640,1936.39,41
1693352700,1936.39,36
1693352760,1936.34,39
1693352820,1936.30,28
1693352880,1936.39,25
1693352940,1936.39,24
1693353000,1936.38,20
1693353060,1936.38,28
1693353120,1936.42,22
1693353180,1936.41,28
1693353240,1936.40,22
1693353300,1936.38,24
1693353360,1936.30,30
1693353420,1936.22,33
1693353480,1936.17,46
1693353540,1936.23,40
1693353600,1936.24,122
1693353660,1936.27,71
1693353720,1936.22,103
1693353780,1936.46,69
1693353840,1936.40,83
1693353900,1936.16,68
1693353960,1936.04,76
1693354020,1936.18,24
1693354080,1936.29,53
1693354140,1936.28,61
1693354200,1936.30,31
1693354260,1936.48,40
1693354320,1936.52,48
1693354380,1936.50,52
1693354440,1936.49,51
1693354500,1936.59,55
1693354560,1936.59,42
1693354620,1936.53,40
1693354680,1936.63,38
1693354740,1936.60,38
1693354800,1936.83,44
1693354860,1936.78,54
1693354920,1937.20,70
1693354980,1936.60,95
1693355040,1936.37,54
1693355100,1936.30,58
1693355160,1936.32,44
1693355220,1936.36,51
1693355280,1936.26,39
1693355340,1936.22,51
1693355400,1936.34,57
1693355460,1936.30,67
1693355520,1936.44,74
1693355580,1936.57,56
1693355640,1936.53,71
1693355700,1936.58,54
1693355760,1936.27,37
1693355820,1936.38,34
1693355880,1936.33,29
1693355940,1936.06,51
1693356000,1936.11,45
1693356060,1936.08,46
1693356120,1936.15,43
1693356180,1936.17,23
1693356240,1936.15,45
1693356300,1936.08,56
1693356360,1936.17,57
1693356420,1936.22,58
1693356480,1936.37,36
1693356540,1936.31,51
1693356600,1936.24,58
1693356660,1936.33,46
1693356720,1936.26,53
1693356780,1936.30,76
1693356840,1936.20,109
1693356900,1936.54,78
1693356960,1936.76,84
1693357020,1936.72,67
1693357080,1936.68,37
1693357140,1936.80,69
1693357200,1936.80,109
1693357260,1936.79,113
1693357320,1936.79,109
1693357380,1936.31,92
1693357440,1936.26,74
1693357500,1936.29,74
1693357560,1936.02,99
1693357620,1936.02,76
1693357680,1936.14,72
1693357740,1935.89,101
1693357800,1935.85,106
1693357860,1936.27,93
1693357920,1936.36,123
1693357980,1936.26,105
1693358040,1936.55,130
1693358100,1936.40,132
1693358160,1936.28,128
1693358220,1936.48,106
1693358280,1936.52,113
1693358340,1936.49,107
1693358400,1936.76,158
1693358460,1936.74,92
1693358520,1936.08,124
1693358580,1936.13,111
1693358640,1936.57,112
1693358700,1936.71,114
1693358760,1936.81,131
1693358820,1936.70,69
1693358880,1936.94,104
1693358940,1936.66,98
1693359000,1936.68,232
1693359060,1936.58,167
1693359120,1936.24,149
1693359180,1936.21,99
1693359240,1935.93,116
1693359300,1935.94,107
1693359360,1936.12,122
1693359420,1936.16,121
1693359480,1935.92,114
1693359540,1935.84,82
1693359600,1935.98,75
1693359660,1935.70,86
1693359720,1935.66,90
1693359780,1935.84,74
1693359840,1935.84,78
1693359900,1935.80,76
1693359960,1936.00,92
1693360020,1935.91,86
1693360080,1936.18,54
1693360140,1935.99,97
1693360200,1936.38,101
1693360260,1936.49,97
1693360320,1936.75,117
1693360380,1936.79,91
1693360440,1936.73,80
1693360500,1936.42,83
1693360560,1936.47,63
1693360620,1936.26,116
1693360680,1936.13,100
1693360740,1936.17,92
1693360800,1936.25,78
1693360860,1936.42,108
1693360920,1936.53,91
1693360980,1936.70,94
1693361040,1936.58,103
1693361100,1936.52,109
1693361160,1936.71,147
1693361220,1936.74,74
1693361280,1936.43,130
1693361340,1936.40,74
1693361400,1936.41,93
1693361460,1936.27,119
1693361520,1936.68,96
1693361580,1936.66,120
1693361640,1936.63,112
1693361700,1936.62,104
1693361760,1936.60,37
1693361820,1936.56,45
1693361880,1936.51,48
1693361940,1936.46,70
1693362000,1936.88,88
1693362060,1936.87,70
1693362120,1937.04,90
1693362180,1937.08,79
1693362240,1937.20,89
1693362300,1937.08,90
1693362360,1937.39,128
1693362420,1937.16,202
1693362480,1937.27,68
1693362540,1937.04,62
1693362600,1937.06,93
1693362660,1937.07,78
1693362720,1937.15,81
1693362780,1937.14,83
1693362840,1937.18,96
1693362900,1937.16,85
1693362960,1937.16,73
1693363020,1936.80,82
1693363080,1936.74,97
1693363140,1936.69,116
1693363200,1936.57,90
1693363260,1936.36,91
1693363320,1936.33,93
1693363380,1936.40,62
1693363440,1936.63,75
1693363500,1936.62,69
1693363560,1936.60,65
1693363620,1936.29,82
1693363680,1936.61,72
1693363740,1936.24,78
1693363800,1936.30,66
1693363860,1936.41,100
1693363920,1936.32,101
1693363980,1936.49,61
1693364040,1936.50,61
1693364100,1936.78,63
1693364160,1936.74,86
1693364220,1936.89,67
1693364280,1936.86,91
1693364340,1936.79,85
1693364400,1936.83,73
1693364460,1936.84,68
1693364520,1936.64,72
1693364580,1936.48,70
1693364640,1936.41,105
1693364700,1936.50,106
1693364760,1936.50,74
1693364820,1936.47,76
1693364880,1936.42,71
1693364940,1936.43,60
1693365000,1936.53,38
1693365060,1936.49,52
1693365120,1936.33,42
1693365180,1936.33,32
1693365240,1936.34,38
1693365300,1936.34,48
1693365360,1936.36,34
1693365420,1936.46,51
1693365480,1936.05,60
1693365540,1936.22,80
1693365600,1936.37,70
1693365660,1936.46,30
1693365720,1936.56,32
1693365780,1936.64,58
1693365840,1936.47,46
1693365900,1936.54,34
1693365960,1936.28,46
1693366020,1936.30,44
1693366080,1936.54,44
1693366140,1936.62,54
1693366200,1936.55,37
1693366260,1936.59,34
1693366320,1936.64,58
1693366380,1936.58,44
1693366440,1936.69,40
1693366500,1936.72,36
1693366560,1936.52,77
1693366620,1936.59,24
1693366680,1936.67,22
1693366740,1936.78,47
1693366800,1936.89,45
1693366860,1936.67,37
1693366920,1936.68,34
1693366980,1936.71,34
1693367040,1936.81,35
1693367100,1936.72,22
1693367160,1936.81,16
1693367220,1936.82,27
1693367280,1936.75,20
1693367340,1936.70,36
1693367400,1936.84,43
1693367460,1936.85,6
1693367520,1936.72,25
1693367580,1936.82,28
1693367640,1936.86,18
1693367700,1936.94,22
1693367760,1936.97,30
1693367820,1936.93,16
1693367880,1936.81,27
1693367940,1936.82,36
1693368000,1936.85,36
1693368060,1936.82,30
1693368120,1936.75,19
1693368180,1936.97,31
1693368240,1936.96,26
1693368300,1937.05,34
1693368360,1937.00,28
1693368420,1936.93,46
1693368480,1936.92,47
1693368540,1936.78,44
1693368600,1936.76,23
1693368660,1936.68,30
1693368720,1936.79,65
1693368780,1936.70,40
1693368840,1936.60,39
1693368900,1936.60,28
1693368960,1936.88,71
1693369020,1936.70,60
1693369080,1936.63,24
1693369140,1936.63,18
1693369200,1936.30,44
1693369260,1936.17,16
1693369320,1936.30,30
1693369380,1936.30,51
1693369440,1936.32,38
1693369500,1936.32,37
1693369560,1936.38,18
1693369620,1936.44,46
1693369680,1936.45,16
1693369740,1936.39,16
1693369800,1936.52,63
1693369860,1936.20,88
1693369920,1936.17,128
1693369980,1936.38,168
1693370040,1936.31,40
1693370100,1936.33,30
1693370160,1936.10,37
1693370220,1936.60,70
1693370280,1936.49,44
1693370340,1936.35,39
1693370400,1936.33,33
1693370460,1936.28,50
1693370520,1936.32,36
1693370580,1936.41,34
1693370640,1936.32,38
1693370700,1936.36,60
1693370760,1936.32,24
1693370820,1936.32,18
1693370880,1936.12,37
1693370940,1936.13,43
1693371000,1936.24,41
1693371060,1936.14,43
1693371120,1936.15,38
1693371180,1936.15,34
1693371240,1936.15,16
1693371300,1936.07,52
1693371360,1936.04,51
1693371420,1936.21,66
1693371480,1936.05,47
1693371540,1936.12,40
1693371600,1936.41,50
1693371660,1936.54,52
1693371720,1936.67,50
1693371780,1936.49,40
1693371840,1936.50,36
1693371900,1936.59,34
1693371960,1936.50,60
1693372020,1936.36,45
1693372080,1936.30,70
1693372140,1936.44,64
1693372200,1936.60,42
1693372260,1936.42,49
1693372320,1936.63,36
1693372380,1936.70,47
1693372440,1936.75,68
1693372500,1936.63,60
1693372560,1936.86,34
1693372620,1936.84,21
1693372680,1936.57,62
1693372740,1936.57,41
1693372800,1936.41,60
1693372860,1936.35,38
1693372920,1936.14,60
1693372980,1936.31,60
1693373040,1936.29,42
1693373100,1936.36,33
1693373160,1936.51,54
1693373220,1936.61,36
1693373280,1936.66,53
1693373340,1936.63,72
1693373400,1936.42,152
1693373460,1936.28,170
1693373520,1935.96,128
1693373580,1935.80,93
1693373640,1935.98,95
1693373700,1936.11,94
1693373760,1936.21,85
1693373820,1936.24,50
1693373880,1936.60,113
1693373940,1936.69,81
1693374000,1936.37,87
1693374060,1936.60,77
1693374120,1936.36,92
1693374180,1936.37,86
1693374240,1936.36,72
1693374300,1936.46,95
1693374360,1936.54,76
1693374420,1936.44,95
1693374480,1936.08,98
1693374540,1935.76,99
1693374600,1935.68,106
1693374660,1935.70,62
1693374720,1935.43,93
1693374780,1935.38,85
1693374840,1935.59,58
1693374900,1935.51,68
1693374960,1935.36,93
1693375020,1935.34,112
1693375080,1935.39,108
1693375140,1935.39,99
1693375200,1935.66,156
1693375260,1935.68,132
1693375320,1935.93,107
1693375380,1936.06,75
1693375440,1936.20,87
1693375500,1936.32,66
1693375560,1936.20,118
1693375620,1936.40,128
1693375680,1936.45,153
1693375740,1936.36,115
1693375800,1936.06,131
1693375860,1935.88,81
1693375920,1935.60,78
1693375980,1935.84,63
1693376040,1935.51,107
1693376100,1935.30,158
1693376160,1935.53,77
1693376220,1935.89,95
1693376280,1936.11,105
1693376340,1935.77,109
1693376400,1935.69,146
1693376460,1935.69,134
1693376520,1936.05,97
1693376580,1936.39,85
1693376640,1936.62,142
1693376700,1936.66,144
1693376760,1936.29,88
1693376820,1936.18,100
1693376880,1936.77,126
1693376940,1936.48,104
1693377000,1936.64,133
1693377060,1936.21,132
1693377120,1936.28,67
1693377180,1935.97,111
1693377240,1936.30,93
1693377300,1936.33,81
1693377360,1936.46,114
1693377420,1936.53,106
1693377480,1936.68,122
1693377540,1936.61,84
1693377600,1936.46,43
1693377660,1936.50,68
1693377720,1936.40,105
1693377780,1936.35,82
1693377840,1936.56,78
1693377900,1936.38,90
1693377960,1936.36,100
1693378020,1936.13,121
1693378080,1936.20,81
1693378140,1936.15,93
1693378200,1935.79,98
1693378260,1935.97,78
1693378320,1935.89,36
1693378380,1935.97,56
1693378440,1935.80,120
1693378500,1935.60,102
1693378560,1935.67,94
1693378620,1935.75,93
1693378680,1935.81,78
1693378740,1936.12,118
1693378800,1935.63,168
1693378860,1935.85,138
1693378920,1936.27,151
1693378980,1936.10,126
1693379040,1936.51,90
1693379100,1936.35,141
1693379160,1936.33,128
1693379220,1936.25,101
1693379280,1936.05,89
1693379340,1935.76,114
1693379400,1935.86,93
1693379460,1935.77,82
1693379520,1935.70,67
1693379580,1936.03,101
1693379640,1936.15,114
1693379700,1935.70,143
1693379760,1935.82,121
1693379820,1935.71,132
1693379880,1935.93,80
1693379940,1935.70,74
1693380000,1935.49,131
1693380060,1935.40,124
1693380120,1935.51,108
1693380180,1935.42,104
1693380240,1935.18,138
1693380300,1935.16,108
1693380360,1935.17,99
1693380420,1935.20,69
1693380480,1935.33,95
1693380540,1935.32,120
1693380600,1935.55,113
1693380660,1935.25,58
1693380720,1935.23,108
1693380780,1935.04,108
1693380840,1935.09,95
1693380900,1935.28,102
1693380960,1935.47,109
1693381020,1935.72,83
1693381080,1935.55,72
1693381140,1935.63,74
1693381200,1935.64,74
1693381260,1935.81,85
1693381320,1935.96,106
1693381380,1935.61,79
1693381440,1935.61,59
1693381500,1935.70,112
1693381560,1935.62,53
1693381620,1935.79,81
1693381680,1935.64,72
1693381740,1935.39,77
1693381800,1935.58,49
1693381860,1935.85,87
1693381920,1936.08,78
1693381980,1936.30,94
1693382040,1935.90,108
1693382100,1935.89,82
1693382160,1936.05,79
1693382220,1935.98,72
1693382280,1936.07,78
1693382340,1936.50,99
1693382400,1936.34,250
1693382460,1936.51,184
1693382520,1936.54,136
1693382580,1936.22,173
1693382640,1936.28,118
1693382700,1935.85,165
1693382760,1936.02,148
1693382820,1935.87,124
1693382880,1935.92,105
1693382940,1935.91,101
1693383000,1935.83,92
1693383060,1935.53,141
1693383120,1935.75,129
1693383180,1935.99,104
1693383240,1936.03,100
1693383300,1935.58,105
1693383360,1935.88,144
1693383420,1936.09,109
1693383480,1936.14,65
1693383540,1936.16,113
1693383600,1936.07,88
1693383660,1936.11,93
1693383720,1936.25,67
1693383780,1936.28,81
1693383840,1936.19,111
1693383900,1936.56,96
1693383960,1936.54,90
1693384020,1936.42,65
1693384080,1936.09,100
1693384140,1936.00,149
1693384200,1935.92,105
1693384260,1935.94,100
1693384320,1936.42,134
1693384380,1936.40,94
1693384440,1936.22,61
1693384500,1935.96,105
1693384560,1936.15,84
1693384620,1936.24,77
1693384680,1936.65,102
1693384740,1936.14,72
1693384800,1936.02,51
1693384860,1936.19,57
1693384920,1936.08,85
1693384980,1936.00,88
1693385040,1936.23,69
1693385100,1936.50,80
1693385160,1936.79,84
1693385220,1936.48,89
1693385280,1936.54,82
1693385340,1936.46,97
1693385400,1936.40,92
1693385460,1936.02,95
1693385520,1936.11,92
1693385580,1936.10,84
1693385640,1936.22,87
1693385700,1936.57,95
1693385760,1936.50,74
1693385820,1936.52,96
1693385880,1936.52,78
1693385940,1936.59,112
1693386000,1936.53,82
1693386060,1936.47,94
1693386120,1936.07,127
1693386180,1936.22,89
1693386240,1936.47,104
1693386300,1936.38,113
1693386360,1936.64,127
1693386420,1936.78,107
1693386480,1936.47,90
1693386540,1936.48,50
1693386600,1936.16,55
1693386660,1935.97,52
1693386720,1936.61,66
1693386780,1936.69,66
1693386840,1936.60,74
1693386900,1936.77,85
1693386960,1936.84,116
1693387020,1936.98,65
1693387080,1937.10,82
1693387140,1937.04,76
1693387200,1937.11,68
1693387260,1937.50,112
1693387320,1937.30,106
1693387380,1937.34,73
1693387440,1937.62,80
1693387500,1937.76,115
1693387560,1937.90,112
1693387620,1938.18,184
1693387680,1938.38,140
1693387740,1938.46,138
1693387800,1938.20,124
1693387860,1938.26,93
1693387920,1938.16,109
1693387980,1937.95,98
1693388040,1937.68,75
1693388100,1937.85,54
1693388160,1938.02,106
1693388220,1938.21,114
1693388280,1938.00,92
1693388340,1937.84,57
1693388400,1937.94,68
1693388460,1938.03,83
1693388520,1938.14,24
1693388580,1937.85,51
1693388640,1937.68,76
1693388700,1937.66,79
1693388760,1937.81,74
1693388820,1937.84,7
1693388880,1937.84,8
1693388940,1937.94,47
1693389000,1937.93,87
1693389060,1937.70,68
1693389120,1938.03,115
1693389180,1938.20,130
1693389240,1938.41,64
1693389300,1938.58,109
1693389360,1938.47,96
1693389420,1938.37,88
1693389480,1938.12,121
1693389540,1938.10,108
1693389600,1938.06,121
1693389660,1937.90,70
1693389720,1938.16,91
1693389780,1938.22,69
1693389840,1937.78,44
1693389900,1937.69,81
1693389960,1937.86,49
1693390020,1937.86,26
1693390080,1937.87,22
1693390140,1937.51,46
1693390200,1937.44,45
1693390260,1937.46,69
1693390320,1937.26,66
1693390380,1937.36,52
1693390440,1937.44,90
1693390500,1937.41,61
1693390560,1937.22,74
1693390620,1937.08,79
1693390680,1937.22,55
1693390740,1937.26,81
1693390800,1937.00,56
1693390860,1936.94,115
1693390920,1937.00,65
1693390980,1936.81,88
1693391040,1936.93,67
1693391100,1936.89,51
1693391160,1936.79,95
1693391220,1937.18,120
1693391280,1936.96,69
1693391340,1936.82,76
1693391400,1936.81,93
1693391460,1936.88,79
1693391520,1936.94,61
1693391580,1936.95,44
1693391640,1936.94,32
1693391700,1936.82,59
1693391760,1937.01,85
1693391820,1937.03,42
1693391880,1937.04,72
1693391940,1937.04,72
1693392000,1936.98,53
1693392060,1937.00,56
1693392120,1937.24,84
1693392180,1937.42,87
1693392240,1937.47,60
1693392300,1937.36,82
1693392360,1937.18,82
1693392420,1937.38,80
1693392480,1937.36,66
1693392540,1937.51,73
1693392600,1937.51,78
1693392660,1937.63,81
1693392720,1937.75,79
1693392780,1937.68,82
1693392840,1937.68,67
1693392900,1937.72,74
1693392960,1937.77,106
1693393020,1937.79,64
1693393080,1937.84,85
1693393140,1937.92,45
1693393200,1937.96,70
1693393260,1937.52,82
1693393320,1937.55,82
1693393380,1937.55,127
1693393440,1937.30,116
1693393500,1937.40,77
1693393560,1937.70,80
1693393620,1937.65,64
1693393680,1937.35,79
1693393740,1937.38,86
1693393800,1937.62,67
1693393860,1938.24,129
1693393920,1938.25,92
1693393980,1937.94,90
1693394040,1937.94,83
1693394100,1938.16,91
1693394160,1938.32,82
1693394220,1937.88,96
1693394280,1937.58,107
1693394340,1937.78,95
1693394400,1937.88,64
1693394460,1937.68,109
1693394520,1938.02,121
1693394580,1938.15,86
1693394640,1938.27,82
1693394700,1938.26,83
1693394760,1938.38,51
1693394820,1938.37,46
1693394880,1938.65,77
1693394940,1938.68,93
1693395000,1938.29,102
1693395060,1938.30,71
1693395120,1938.09,88
1693395180,1938.20,70
1693395240,1938.23,88
1693395300,1938.43,89
1693395360,1938.42,69
1693395420,1938.63,78
1693395480,1938.71,32
1693395540,1938.91,101
1693395600,1939.05,91
1693395660,1939.09,143
1693395720,1938.97,81
1693395780,1938.85,97
1693395840,1938.86,94
1693395900,1938.84,110
1693395960,1938.94,91
1693396020,1938.84,66
1693396080,1938.71,117
1693396140,1938.81,102
1693396200,1939.02,120
1693396260,1939.20,117
1693396320,1939.33,159
1693396380,1939.35,158
1693396440,1939.31,96
1693396500,1938.97,107
1693396560,1939.16,107
1693396620,1939.05,102
1693396680,1939.24,104
1693396740,1939.11,118
1693396800,1939.10,200
1693396860,1939.17,200
1693396920,1939.49,140
1693396980,1939.60,194
1693397040,1939.94,190
1693397100,1939.68,161
1693397160,1939.96,158
1693397220,1940.06,187
1693397280,1939.77,186
1693397340,1939.66,157
1693397400,1939.98,191
1693397460,1939.90,177
1693397520,1940.01,132
1693397580,1939.55,135
1693397640,1938.71,199
1693397700,1942.05,405
1693397760,1941.64,372
1693397820,1940.49,381
1693397880,1940.60,273
1693397940,1939.75,292
1693398000,1940.03,341
1693398060,1939.87,353
1693398120,1939.68,357
1693398180,1940.45,292
1693398240,1940.17,298
1693398300,1940.47,293
1693398360,1941.19,289
1693398420,1941.93,218
1693398480,1941.32,183
1693398540,1940.57,223
1693398600,1944.91,409
1693398660,1944.23,386
1693398720,1944.95,393
1693398780,1944.07,353
1693398840,1944.44,333
1693398900,1943.35,346
1693398960,1943.53,377
1693399020,1943.21,316
1693399080,1943.35,311
1693399140,1943.22,315
1693399200,1944.04,340
1693399260,1943.34,339
1693399320,1943.85,314
1693399380,1944.49,315
1693399440,1944.20,281
1693399500,1944.47,300
1693399560,1944.32,271
1693399620,1944.23,246
1693399680,1943.01,249
1693399740,1944.45,271
1693399800,1945.31,290
1693399860,1945.12,278
1693399920,1944.68,275
1693399980,1945.02,230
1693400040,1945.39,243
1693400100,1945.43,310
1693400160,1945.01,250
1693400220,1945.13,232
1693400280,1945.08,262
1693400340,1945.19,215
1693400400,1944.18,322
1693400460,1943.64,288
1693400520,1943.82,283
1693400580,1943.90,290
1693400640,1944.35,224
1693400700,1944.85,271
1693400760,1943.91,276
1693400820,1943.48,292
1693400880,1943.47,285
1693400940,1943.28,247
1693401000,1943.40,273
1693401060,1944.28,235
1693401120,1944.29,214
1693401180,1944.58,287
1693401240,1944.36,230
1693401300,1944.22,245
1693401360,1944.55,230
1693401420,1943.90,295
1693401480,1944.00,247
1693401540,1944.35,296
1693401600,1944.38,261
1693401660,1944.96,243
1693401720,1945.12,246
1693401780,1945.18,212
1693401840,1945.00,243
1693401900,1945.49,265
1693401960,1945.79,232
1693402020,1945.57,227
1693402080,1946.00,237
1693402140,1945.98,208
1693402200,1946.46,355
1693402260,1946.01,324
1693402320,1945.14,303
1693402380,1946.04,313
1693402440,1946.34,325
1693402500,1946.56,345
1693402560,1945.70,344
1693402620,1945.62,326
1693402680,1945.57,309
1693402740,1944.76,326
1693402800,1944.44,301
1693402860,1944.11,292
1693402920,1944.16,338
1693402980,1943.94,325
1693403040,1944.35,291
1693403100,1945.68,324
1693403160,1946.49,324
1693403220,1946.34,271
1693403280,1947.12,327
1693403340,1946.92,307
1693403400,1947.02,306
1693403460,1947.54,329
1693403520,1947.34,282
1693403580,1947.17,283
1693403640,1947.58,256
1693403700,1947.08,282
1693403760,1947.79,301
1693403820,1948.41,289
1693403880,1948.26,273
1693403940,1947.42,222
1693404000,1947.20,306
1693404060,1947.14,312
1693404120,1947.02,288
1693404180,1945.70,292
1693404240,1945.58,324
1693404300,1946.16,333
1693404360,1947.29,266
1693404420,1945.93,230
1693404480,1946.38,252
1693404540,1945.63,237
1693404600,1946.87,239
1693404660,1947.13,303
1693404720,1948.62,257
1693404780,1947.65,272
1693404840,1948.06,291
1693404900,1948.00,237
1693404960,1948.33,266
1693405020,1948.53,216
1693405080,1948.49,295
1693405140,1948.16,268
1693405200,1948.17,258
1693405260,1947.75,232
1693405320,1946.87,234
1693405380,1946.16,274
1693405440,1946.86,274
1693405500,1945.97,254
1693405560,1946.36,268
1693405620,1947.28,240
1693405680,1947.26,247
1693405740,1947.10,254
1693405800,1947.32,214
1693405860,1947.58,227
1693405920,1947.00,243
1693405980,1947.18,188
1693406040,1946.70,217
1693406100,1946.26,246
1693406160,1945.67,256
1693406220,1945.88,222
1693406280,1945.42,256
1693406340,1945.81,256
1693406400,1946.16,224
1693406460,1946.81,218
1693406520,1947.10,233
1693406580,1946.19,230
1693406640,1946.66,247
1693406700,1946.76,249
1693406760,1946.75,214
1693406820,1946.65,188
1693406880,1946.46,204
1693406940,1947.00,186
1693407000,1946.53,202
1693407060,1946.16,199
1693407120,1946.20,247
1693407180,1946.44,230
1693407240,1946.37,249
1693407300,1946.11,252
1693407360,1946.60,216
1693407420,1946.71,244
1693407480,1946.63,229
1693407540,1946.64,215
1693407600,1946.37,244
1693407660,1946.16,243
1693407720,1945.76,219
1693407780,1945.84,243
1693407840,1945.62,209
1693407900,1945.95,223
1693407960,1946.28,195
1693408020,1946.28,210
1693408080,1945.73,188
1693408140,1945.16,203
1693408200,1945.12,241
1693408260,1945.00,187
1693408320,1945.17,215
1693408380,1945.41,238
1693408440,1945.49,161
1693408500,1945.50,202
1693408560,1945.86,198
1693408620,1945.75,198
1693408680,1946.08,177
1693408740,1946.41,199
1693408800,1946.55,123
1693408860,1946.13,166
1693408920,1945.84,157
1693408980,1945.77,157
1693409040,1945.66,125
1693409100,1945.62,158
1693409160,1945.29,191
1693409220,1944.96,173
1693409280,1944.99,181
1693409340,1945.03,186
1693409400,1945.10,181
1693409460,1945.27,174
1693409520,1945.02,190
1693409580,1945.16,146
1693409640,1945.21,134
1693409700,1945.10,166
1693409760,1944.18,228
1693409820,1944.87,193
1693409880,1945.20,175
1693409940,1944.56,193
1693410000,1945.22,203
1693410060,1945.18,146
1693410120,1945.15,173
1693410180,1945.26,136
1693410240,1944.92,167
1693410300,1944.66,174
1693410360,1944.59,149
1693410420,1944.78,164
1693410480,1944.86,165
1693410540,1944.95,136
1693410600,1944.90,161
1693410660,1944.75,172
1693410720,1945.05,137
1693410780,1945.08,139
1693410840,1944.91,170
1693410900,1945.04,143
1693410960,1944.96,110
1693411020,1944.96,120
1693411080,1945.00,144
1693411140,1944.96,155
1693411200,1944.75,171
1693411260,1944.60,158
1693411320,1944.14,135
1693411380,1943.62,199
1693411440,1944.18,160
1693411500,1944.17,177
1693411560,1944.11,162
1693411620,1943.89,167
1693411680,1943.71,189
1693411740,1944.10,138
1693411800,1944.13,140
1693411860,1944.16,109
1693411920,1944.18,144
1693411980,1944.11,154
1693412040,1944.18,160
1693412100,1943.92,139
1693412160,1944.32,174
1693412220,1944.51,150
1693412280,1944.20,121
1693412340,1944.11,102
1693412400,1943.76,118
1693412460,1943.54,96
1693412520,1943.43,126
1693412580,1943.30,136
1693412640,1943.65,176
1693412700,1943.90,165
1693412760,1944.20,119
1693412820,1944.16,181
1693412880,1944.05,102
1693412940,1943.94,131
1693413000,1944.12,146
1693413060,1943.88,86
1693413120,1944.25,103
1693413180,1944.34,131
1693413240,1944.22,113
1693413300,1944.15,113
1693413360,1944.03,135
1693413420,1944.20,160
1693413480,1944.12,140
1693413540,1943.93,87
1693413600,1944.28,146
1693413660,1944.30,104
1693413720,1944.28,134
1693413780,1944.20,104
1693413840,1944.10,152
1693413900,1943.99,111
1693413960,1944.04,154
1693414020,1944.07,109
1693414080,1944.44,133
1693414140,1944.42,118
1693414200,1944.50,146
1693414260,1944.54,106
1693414320,1944.60,112
1693414380,1944.37,141
1693414440,1944.62,90
1693414500,1944.76,125
1693414560,1944.73,125
1693414620,1945.00,111
1693414680,1944.98,104
1693414740,1944.92,128
1693414800,1944.91,123
1693414860,1945.17,115
1693414920,1945.34,114
1693414980,1945.23,126
1693415040,1945.04,91
1693415100,1945.12,120
1693415160,1944.96,86
1693415220,1945.18,126
1693415280,1945.13,116
1693415340,1945.29,88
1693415400,1945.43,99
1693415460,1945.38,86
1693415520,1945.40,40
1693415580,1945.47,56
1693415640,1945.40,89
1693415700,1945.22,130
1693415760,1945.19,114
1693415820,1945.25,57
1693415880,1945.56,114
1693415940,1945.57,103
1693416000,1945.32,99
1693416060,1945.09,110
1693416120,1945.28,63
1693416180,1945.41,79
1693416240,1945.42,103
1693416300,1945.21,91
1693416360,1945.29,79
1693416420,1945.29,113
1693416480,1944.98,101
1693416540,1944.84,212
1693416600,1944.88,117
1693416660,1944.86,72
1693416720,1944.87,86
1693416780,1944.85,64
1693416840,1944.88,60
1693416900,1944.78,117
1693416960,1944.68,99
1693417020,1944.77,93
1693417080,1944.46,135
1693417140,1944.64,120
1693417200,1944.86,104
1693417260,1945.14,112
1693417320,1944.92,102
1693417380,1944.94,66
1693417440,1944.74,78
1693417500,1944.55,99
1693417560,1944.56,72
1693417620,1944.45,90
1693417680,1944.48,90
1693417740,1944.33,83
1693417800,1944.24,91
1693417860,1944.15,95
1693417920,1944.00,103
1693417980,1943.94,77
1693418040,1943.86,102
1693418100,1943.54,123
1693418160,1943.80,115
1693418220,1943.73,101
1693418280,1943.64,100
1693418340,1943.72,110
1693418400,1943.87,117
1693418460,1943.92,107
1693418520,1944.13,103
1693418580,1944.26,118
1693418640,1944.40,74
1693418700,1944.18,69
1693418760,1944.12,72
1693418820,1943.91,93
1693418880,1944.07,68
1693418940,1944.18,59
1693419000,1943.80,79
1693419060,1944.24,128
1693419120,1944.30,74
1693419180,1944.22,68
1693419240,1944.26,88
1693419300,1944.25,81
1693419360,1944.32,87
1693419420,1944.40,58
1693419480,1944.22,88
1693419540,1944.23,88
1693419600,1944.15,64
1693419660,1944.15,51
1693419720,1943.93,76
1693419780,1943.84,47
1693419840,1943.70,65
1693419900,1943.58,77
1693419960,1944.02,77
1693420020,1943.71,80
1693420080,1943.66,81
1693420140,1943.62,21
1693420200,1943.68,52
1693420260,1943.79,54
1693420320,1943.69,49
1693420380,1943.45,87
1693420440,1943.16,110
1693420500,1943.17,91
1693420560,1943.06,54
1693420620,1943.47,72
1693420680,1943.55,63
1693420740,1943.61,61
1693420800,1943.48,84
1693420860,1943.47,67
1693420920,1943.40,80
1693420980,1943.45,49
1693421040,1943.41,30
1693421100,1943.39,76
1693421160,1943.46,61
1693421220,1943.72,78
1693421280,1943.46,74
1693421340,1943.58,50
1693421400,1943.72,70
1693421460,1943.68,72
1693421520,1943.77,54
1693421580,1943.70,54
1693421640,1943.97,83
1693421700,1943.86,115
1693421760,1943.66,84
1693421820,1943.77,73
1693421880,1943.84,92
1693421940,1943.88,120
1693422000,1943.80,113
1693422060,1943.72,93
1693422120,1943.64,82
1693422180,1943.30,112
1693422240,1943.48,65
1693422300,1943.33,48
1693422360,1943.56,73
1693422420,1943.60,63
1693422480,1943.44,57
1693422540,1943.49,68
1693422600,1943.60,43
1693422660,1943.66,62
1693422720,1943.70,53
1693422780,1943.57,72
1693422840,1943.55,28
1693422900,1943.65,40
1693422960,1943.55,46
1693423020,1943.58,31
1693423080,1943.64,51
1693423140,1943.92,54
1693423200,1943.91,81
1693423260,1943.78,52
1693423320,1943.72,29
1693423380,1943.58,49
1693423440,1943.58,42
1693423500,1943.60,67
1693423560,1943.55,60
1693423620,1943.62,58
1693423680,1943.69,48
1693423740,1943.48,54
1693423800,1943.72,64
1693423860,1943.69,57
1693423920,1943.64,24
1693423980,1943.34,55
1693424040,1943.42,43
1693424100,1943.37,79
1693424160,1943.30,60
1693424220,1943.12,71
1693424280,1943.20,56
1693424340,1943.43,44
1693424400,1943.48,54
1693424460,1943.57,84
1693424520,1943.55,57
1693424580,1943.32,41
1693424640,1943.16,66
1693424700,1943.22,64
1693424760,1943.32,69
1693424820,1943.36,17
1693424880,1943.27,75
1693424940,1943.26,47
1693425000,1943.37,57
1693425060,1943.45,80
1693425120,1943.36,39
1693425180,1943.25,37
1693425240,1943.41,85
1693425300,1943.44,76
1693425360,1943.39,60
1693425420,1943.28,67
1693425480,1943.37,99
1693425540,1943.43,139
1693425600,1943.50,94
1693425660,1943.52,40
1693425720,1943.56,24
1693425780,1943.46,39
1693425840,1943.42,30
1693425900,1943.48,47
1693425960,1943.48,20
1693426020,1943.47,24
1693426080,1943.49,35
1693426140,1943.57,38
1693426200,1943.44,38
1693426260,1943.50,15
1693426320,1943.45,47
1693426380,1943.55,48
1693426440,1943.65,41
1693426500,1943.44,39
1693426560,1943.27,29
1693426620,1943.36,52
1693426680,1943.37,18
1693426740,1943.31,44
1693426800,1943.25,10
1693426860,1943.01,88
1693426920,1943.50,78
1693426980,1943.40,26
1693427040,1943.30,34
1693427100,1943.40,29
1693427160,1943.41,10
1693427220,1943.39,16
1693427280,1943.31,37
1693427340,1943.20,31
1693427400,1943.28,35
1693427460,1943.29,34
1693427520,1943.30,14
1693427580,1943.26,33
1693427640,1942.94,47
1693427700,1943.08,28
1693427760,1943.14,30
1693427820,1942.24,211
1693427880,1943.08,84
1693427940,1943.08,40
1693428000,1943.08,51
1693428060,1943.08,27
1693428120,1943.10,44
1693428180,1943.06,46
1693428240,1943.05,35
1693428300,1943.03,45
1693428360,1943.01,38
1693428420,1942.92,59
1693428480,1942.88,20
1693428540,1942.82,48
1693428600,1942.81,41
1693428660,1943.18,70
1693428720,1942.98,46
1693428780,1942.44,56
1693428840,1942.44,54
1693428900,1942.51,70
1693428960,1942.56,67
1693432920,1943.39,53
1693432980,1943.55,34
1693433040,1943.91,33
1693433100,1943.73,78
1693433160,1943.71,47
1693433220,1944.02,37
1693433280,1944.01,40
1693433340,1944.33,33
1693433400,1944.33,23
1693433460,1944.29,68
1693433520,1944.47,56
1693433580,1944.59,63
1693433640,1944.42,33
1693433700,1944.41,23
1693433760,1944.40,65
1693433820,1944.53,43
1693433880,1944.24,39
1693433940,1944.50,67
1693434000,1944.53,58
1693434060,1944.63,69
1693434120,1944.74,39
1693434180,1944.80,37
1693434240,1944.72,33
1693434300,1944.74,51
1693434360,1944.87,54
1693434420,1944.90,41
1693434480,1944.93,39
1693434540,1944.89,31
1693434600,1944.86,48
1693434660,1944.64,50
1693434720,1944.84,58
1693434780,1944.95,16
1693434840,1945.08,34
1693434900,1944.98,23
1693434960,1945.03,26
1693435020,1944.90,59
1693435080,1945.08,74
1693435140,1945.38,122
1693435200,1945.32,44
1693435260,1945.20,52
1693435320,1945.36,23
1693435380,1945.00,45
1693435440,1944.94,24
1693435500,1944.89,20
1693435560,1944.64,38
1693435620,1944.66,27
1693435680,1944.63,33
1693435740,1944.65,49
1693435800,1944.66,16
1693435860,1944.68,31
1693435920,1944.65,13
1693435980,1944.61,37
1693436040,1944.62,26
1693436100,1944.67,24
1693436160,1944.74,36
1693436220,1944.70,42
1693436280,1944.52,24
1693436340,1944.61,46
1693436400,1944.20,92
1693436460,1944.22,110
1693436520,1944.12,42
1693436580,1944.22,77
1693436640,1944.23,4
1693436700,1944.51,51
1693436760,1944.32,22
1693436820,1944.58,43
1693436880,1944.36,14
1693436940,1944.49,21
1693437000,1944.44,31
1693437060,1944.19,26
1693437120,1944.18,45
1693437180,1944.14,36
1693437240,1944.09,47
1693437300,1943.90,30
1693437360,1943.91,66
1693437420,1943.88,37
1693437480,1943.84,47
1693437540,1943.78,55
1693437600,1943.84,31
1693437660,1944.02,37
1693437720,1944.26,40
1693437780,1944.24,31
1693437840,1944.25,21
1693437900,1944.31,26
1693437960,1944.22,23
1693438020,1944.10,22
1693438080,1944.24,17
1693438140,1944.27,18
1693438200,1944.14,36
1693438260,1944.26,28
1693438320,1944.16,15
1693438380,1944.48,32
1693438440,1944.42,20
1693438500,1944.47,20
1693438560,1944.49,28
1693438620,1944.49,4
1693438680,1944.38,16
1693438740,1944.49,6
1693438800,1944.38,20
1693438860,1944.41,20
1693438920,1944.54,38
1693438980,1944.61,21
1693439040,1944.44,39
1693439100,1944.32,79
1693439160,1944.64,44
1693439220,1944.64,114
1693439280,1944.36,26
1693439340,1944.24,28
1693439400,1944.23,10
1693439460,1944.30,18
1693439520,1944.28,20
1693439580,1944.29,14
1693439640,1944.19,28
1693439700,1944.18,15
1693439760,1944.24,13
1693439820,1944.21,8
1693439880,1944.23,16
1693439940,1944.28,17
1693440000,1944.35,46
1693440060,1944.48,62
1693440120,1944.42,41
1693440180,1944.46,60
1693440240,1944.52,24
1693440300,1944.67,58
1693440360,1944.68,26
1693440420,1944.66,67
1693440480,1944.65,61
1693440540,1944.90,44
1693440600,1944.85,56
1693440660,1944.88,57
1693440720,1944.96,49
1693440780,1944.97,38
1693440840,1944.97,30
1693440900,1945.03,50
1693440960,1945.16,57
1693441020,1945.24,65
1693441080,1945.17,61
1693441140,1945.08,39
1693441200,1945.10,39
1693441260,1945.14,48
1693441320,1945.35,26
1693441380,1945.19,61
1693441440,1944.87,53
1693441500,1944.93,30
1693441560,1945.06,32
1693441620,1945.24,47
1693441680,1945.27,19
1693441740,1945.04,63
1693441800,1945.30,62
1693441860,1945.33,47
1693441920,1945.33,45
1693441980,1945.35,36
1693442040,1945.13,46
1693442100,1945.29,38
1693442160,1945.12,48
1693442220,1945.10,20
1693442280,1945.20,28
1693442340,1945.35,46
1693442400,1945.41,32
1693442460,1945.51,18
1693442520,1945.51,33
1693442580,1945.48,34
1693442640,1945.18,62
1693442700,1945.21,55
1693442760,1945.25,61
1693442820,1945.20,28
1693442880,1945.24,45
1693442940,1945.15,26
1693443000,1944.78,55
1693443060,1944.91,63
1693443120,1945.20,53
1693443180,1945.02,63
1693443240,1945.34,112
1693443300,1945.38,67
1693443360,1945.36,51
1693443420,1945.30,39
1693443480,1945.31,37
1693443540,1945.42,49
1693443600,1945.61,155
1693443660,1946.12,116
1693443720,1946.24,86
1693443780,1946.32,85
1693443840,1946.26,66
1693443900,1946.17,85
1693443960,1946.14,59
1693444020,1946.52,117
1693444080,1946.44,78
1693444140,1946.63,45
1693444200,1946.59,95
1693444260,1946.60,65
1693444320,1946.40,70
1693444380,1946.54,58
1693444440,1946.41,59
1693444500,1946.30,82
1693444560,1946.44,68
1693444620,1946.62,109
1693444680,1946.77,84
1693444740,1946.88,66
1693444800,1946.60,81
1693444860,1946.86,85
1693444920,1946.94,91
1693444980,1946.75,113
1693445040,1946.53,78
1693445100,1946.62,76
1693445160,1946.38,65
1693445220,1946.52,79
1693445280,1946.72,60
1693445340,1946.57,52
1693445400,1947.08,188
1693445460,1947.14,182
1693445520,1947.19,143
1693445580,1947.25,146
1693445640,1947.27,131
1693445700,1947.03,144
1693445760,1947.14,169
1693445820,1947.06,112
1693445880,1946.91,115
1693445940,1946.72,68
1693446000,1946.96,127
1693446060,1946.88,113
1693446120,1947.05,95
1693446180,1946.97,116
1693446240,1947.17,84
1693446300,1947.44,112
1693446360,1947.58,115
1693446420,1947.57,65
1693446480,1947.69,72
1693446540,1947.53,78
1693446600,1947.33,83
1693446660,1947.40,61
1693446720,1947.42,82
1693446780,1947.44,74
1693446840,1947.44,70
1693446900,1947.36,104
1693446960,1947.14,108
1693447020,1947.24,77
1693447080,1947.23,86
1693447140,1947.25,108
1693447200,1947.43,132
1693447260,1947.46,88
1693447320,1947.50,48
1693447380,1947.22,98
1693447440,1947.21,73
1693447500,1947.20,52
1693447560,1947.00,64
1693447620,1947.13,77
1693447680,1946.98,56
1693447740,1946.91,105
1693447800,1947.16,62
1693447860,1947.16,107
1693447920,1947.27,67
1693447980,1947.25,81
1693448040,1947.15,53
1693448100,1947.18,52
1693448160,1947.32,76
1693448220,1947.57,54
1693448280,1947.66,58
1693448340,1947.59,69
1693448400,1947.63,32
1693448460,1947.74,51
1693448520,1947.72,55
1693448580,1947.38,52
1693448640,1947.43,17
1693448700,1947.16,54
1693448760,1947.08,55
1693448820,1947.02,82
1693448880,1946.97,51
1693448940,1946.88,66
1693449000,1946.70,95
1693449060,1946.79,75
1693449120,1946.68,56
1693449180,1946.40,81
1693449240,1946.35,53
1693449300,1946.40,143
1693449360,1946.73,88
1693449420,1946.79,122
1693449480,1946.89,46
1693449540,1946.84,24
1693449600,1946.87,8
1693449660,1946.52,84
1693449720,1947.08,90
1693449780,1946.80,81
1693449840,1946.62,60
1693449900,1946.47,107
1693449960,1946.47,65
1693450020,1946.24,51
1693450080,1946.33,46
1693450140,1946.38,94
1693450200,1946.12,91
1693450260,1945.72,145
1693450320,1946.16,70
1693450380,1946.20,50
1693450440,1946.05,34
1693450500,1946.26,45
1693450560,1946.39,41
1693450620,1946.43,60
1693450680,1946.43,54
1693450740,1946.17,97
1693450800,1946.00,82
1693450860,1945.66,85
1693450920,1946.09,94
1693450980,1945.98,30
1693451040,1945.84,96
1693451100,1945.64,82
1693451160,1945.64,54
1693451220,1945.55,87
1693451280,1945.59,50
1693451340,1945.55,49
1693451400,1945.73,51
1693451460,1945.75,37
1693451520,1945.73,60
1693451580,1945.59,43
1693451640,1945.54,44
1693451700,1945.45,22
1693451760,1945.42,77
1693451820,1945.56,45
1693451880,1945.58,45
1693451940,1945.52,59
1693452000,1945.48,37
1693452060,1945.31,45
1693452120,1945.29,44
1693452180,1945.37,84
1693452240,1945.42,90
1693452300,1945.46,80
1693452360,1945.49,40
1693452420,1945.52,39
1693452480,1945.58,57
1693452540,1945.68,28
1693452600,1945.52,51
1693452660,1945.58,47
1693452720,1945.47,37
1693452780,1945.60,45
1693452840,1945.59,39
1693452900,1944.96,114
1693452960,1945.32,118
1693453020,1945.49,44
1693453080,1945.54,41
1693453140,1945.43,29
1693453200,1945.29,18
1693453260,1945.23,14
1693453320,1945.12,38
1693453380,1944.87,43
1693453440,1944.94,65
1693453500,1945.08,46
1693453560,1944.98,84
1693453620,1945.28,54
1693453680,1945.12,54
1693453740,1945.19,42
1693453800,1945.22,39
1693453860,1945.48,46
1693453920,1945.44,37
1693453980,1945.45,48
1693454040,1945.38,56
1693454100,1945.46,48
1693454160,1945.26,41
1693454220,1945.18,44
1693454280,1945.28,18
1693454340,1945.17,51
1693454400,1945.22,67
1693454460,1944.94,50
1693454520,1945.17,38
1693454580,1945.23,38
1693454640,1945.46,41
1693454700,1945.37,24
1693454760,1945.52,36
1693454820,1945.66,48
1693454880,1945.70,24
1693454940,1945.69,23
1693455000,1945.91,36
1693455060,1945.89,21
1693455120,1945.88,12
1693455180,1945.89,20
1693455240,1945.88,22
1693455300,1945.88,18
1693455360,1945.92,10
1693455420,1946.01,30
1693455480,1945.93,48
1693455540,1945.91,41
1693455600,1945.62,42
1693455660,1945.56,42
1693455720,1945.61,16
1693455780,1945.44,48
1693455840,1945.45,29
1693455900,1945.37,37
1693455960,1945.50,34
1693456020,1945.44,27
1693456080,1945.43,18
1693456140,1945.39,23
1693456200,1945.28,30
1693456260,1945.44,35
1693456320,1945.35,48
1693456380,1945.44,23
1693456440,1945.42,24
1693456500,1945.32,34
1693456560,1945.39,35
1693456620,1945.46,33
1693456680,1945.51,47
1693456740,1945.66,57
1693456800,1945.76,43
1693456860,1945.75,28
1693456920,1945.80,29
1693456980,1945.77,29
1693457040,1945.65,53
1693457100,1945.74,30
1693457160,1945.73,20
1693457220,1945.76,25
1693457280,1945.79,35
1693457340,1945.83,31
1693457400,1945.66,47
1693457460,1945.58,56
1693457520,1945.49,44
1693457580,1945.61,30
1693457640,1945.62,30
1693457700,1945.65,51
1693457760,1945.79,37
1693457820,1945.72,29
1693457880,1945.58,43
1693457940,1945.78,49
1693458000,1945.74,41
1693458060,1945.92,39
1693458120,1945.80,103
1693458180,1945.71,60
1693458240,1945.45,51
1693458300,1945.50,74
1693458360,1945.51,44
1693458420,1945.34,46
1693458480,1945.33,64
1693458540,1945.27,42
1693458600,1945.18,67
1693458660,1945.13,41
1693458720,1944.94,52
1693458780,1944.84,45
1693458840,1944.96,68
1693458900,1945.05,38
1693458960,1945.12,24
1693459020,1944.81,43
1693459080,1944.96,46
1693459140,1945.20,48
1693459200,1945.35,56
1693459260,1945.52,70
1693459320,1945.04,92
1693459380,1945.21,44
1693459440,1945.30,51
1693459500,1945.24,38
1693459560,1945.37,31
1693459620,1945.24,54
1693459680,1945.17,55
1693459740,1945.04,24
1693459800,1944.76,102
1693459860,1944.70,57
1693459920,1944.98,88
1693459980,1945.08,69
1693460040,1945.18,87
1693460100,1945.01,89
1693460160,1945.03,68
1693460220,1945.09,98
1693460280,1945.04,75
1693460340,1945.07,109
1693460400,1945.36,76
1693460460,1945.03,77
1693460520,1945.22,88
1693460580,1944.89,82
1693460640,1944.92,83
1693460700,1944.91,99
1693460760,1944.94,99
1693460820,1944.98,76
1693460880,1945.09,81
1693460940,1944.83,94
1693461000,1944.89,55
1693461060,1944.67,52
1693461120,1944.86,74
1693461180,1945.02,77
1693461240,1944.93,63
1693461300,1944.79,63
1693461360,1944.55,67
1693461420,1944.74,78
1693461480,1944.92,86
1693461540,1945.42,133
1693461600,1945.41,150
1693461660,1945.73,100
1693461720,1945.31,127
1693461780,1945.24,96
1693461840,1944.94,104
1693461900,1945.01,72
1693461960,1945.02,68
1693462020,1944.92,109
1693462080,1944.98,112
1693462140,1944.91,88
1693462200,1945.03,86
1693462260,1945.21,115
1693462320,1945.23,133
1693462380,1945.15,115
1693462440,1944.79,116
1693462500,1944.70,119
1693462560,1944.78,61
1693462620,1944.77,96
1693462680,1944.97,67
1693462740,1944.97,66
1693462800,1944.88,67
1693462860,1944.59,99
1693462920,1944.67,47
1693462980,1944.67,66
1693463040,1944.44,64
1693463100,1944.69,69
1693463160,1944.78,66
1693463220,1945.05,66
1693463280,1944.57,64
1693463340,1944.65,62
1693463400,1944.46,67
1693463460,1944.46,56
1693463520,1944.29,90
1693463580,1944.38,64
1693463640,1944.57,57
1693463700,1944.35,76
1693463760,1944.31,92
1693463820,1944.15,55
1693463880,1944.39,54
1693463940,1944.43,65
1693464000,1943.96,96
1693464060,1943.43,145
1693464120,1943.63,114
1693464180,1943.68,112
1693464240,1943.74,88
1693464300,1943.82,242
1693464360,1943.95,154
1693464420,1943.84,117
1693464480,1943.67,82
1693464540,1943.47,107
1693464600,1943.52,60
1693464660,1943.58,86
1693464720,1943.43,78
1693464780,1943.42,72
1693464840,1943.39,103
1693464900,1943.37,78
1693464960,1943.51,71
1693465020,1943.55,90
1693465080,1943.71,73
1693465140,1943.81,102
1693465200,1944.34,85
1693465260,1945.04,144
1693465320,1944.86,151
1693465380,1945.11,146
1693465440,1945.02,129
1693465500,1944.78,99
1693465560,1944.73,106
1693465620,1945.10,118
1693465680,1945.25,176
1693465740,1944.96,130
1693465800,1944.94,129
1693465860,1945.06,109
1693465920,1945.45,97
1693465980,1945.34,109
1693466040,1945.38,59
1693466100,1945.49,101
1693466160,1945.30,109
1693466220,1945.72,130
1693466280,1945.88,98
1693466340,1945.74,95
1693466400,1945.66,135
1693466460,1945.63,108
1693466520,1945.26,79
1693466580,1945.18,122
1693466640,1945.10,58
1693466700,1945.07,110
1693466760,1945.00,112
1693466820,1945.30,104
1693466880,1945.41,61
1693466940,1945.72,81
1693467000,1945.94,123
1693467060,1946.12,123
1693467120,1945.99,130
1693467180,1946.13,96
1693467240,1946.20,128
1693467300,1946.13,105
1693467360,1946.08,68
1693467420,1945.82,113
1693467480,1945.86,129
1693467540,1945.69,80
1693467600,1946.04,143
1693467660,1945.63,103
1693467720,1945.86,123
1693467780,1945.23,131
1693467840,1945.17,79
1693467900,1944.82,96
1693467960,1945.06,71
1693468020,1945.12,80
1693468080,1945.40,70
1693468140,1945.08,112
1693468200,1944.90,74
1693468260,1945.09,56
1693468320,1945.40,86
1693468380,1945.12,96
1693468440,1945.22,75
1693468500,1945.12,87
1693468560,1945.32,48
1693468620,1945.21,78
1693468680,1945.09,90
1693468740,1945.06,99
1693468800,1944.99,125
1693468860,1945.08,87
1693468920,1945.17,88
1693468980,1945.20,48
1693469040,1945.32,98
1693469100,1945.23,120
1693469160,1945.13,56
1693469220,1945.13,93
1693469280,1945.49,103
1693469340,1945.33,83
1693469400,1945.35,82
1693469460,1945.49,78
1693469520,1945.39,66
1693469580,1945.11,58
1693469640,1945.27,97
1693469700,1944.94,71
1693469760,1944.62,94
1693469820,1944.56,81
1693469880,1944.82,94
1693469940,1944.84,96
1693470000,1944.60,116
1693470060,1944.63,67
1693470120,1944.54,76
1693470180,1944.53,87
1693470240,1944.49,45
1693470300,1944.46,77
1693470360,1944.50,75
1693470420,1944.65,89
1693470480,1944.83,116
1693470540,1944.76,80
1693470600,1944.46,83
1693470660,1944.77,58
1693470720,1945.09,76
1693470780,1945.05,103
1693470840,1945.14,88
1693470900,1945.33,56
1693470960,1945.22,76
1693471020,1944.86,92
1693471080,1945.01,88
1693471140,1944.85,99
1693471200,1945.07,93
1693471260,1945.38,72
1693471320,1944.99,82
1693471380,1944.90,114
1693471440,1945.10,110
1693471500,1944.76,95
1693471560,1944.84,51
1693471620,1945.00,92
1693471680,1944.78,81
1693471740,1944.77,65
1693471800,1944.56,45
1693471860,1944.58,59
1693471920,1944.64,65
1693471980,1944.51,55
1693472040,1944.45,102
1693472100,1944.59,95
1693472160,1944.56,73
1693472220,1944.49,86
1693472280,1944.54,90
1693472340,1944.45,103
1693472400,1944.62,195
1693472460,1944.56,137
1693472520,1944.63,105
1693472580,1944.19,153
1693472640,1944.32,125
1693472700,1944.30,131
1693472760,1944.73,116
1693472820,1944.80,82
1693472880,1944.69,96
1693472940,1944.63,87
1693473000,1944.63,101
1693473060,1944.58,103
1693473120,1944.61,104
1693473180,1944.67,99
1693473240,1944.38,88
1693473300,1944.22,106
1693473360,1944.38,68
1693473420,1944.53,125
1693473480,1944.41,105
1693473540,1944.10,98
1693473600,1943.98,96
1693473660,1943.79,109
1693473720,1943.93,106
1693473780,1943.83,96
1693473840,1944.12,93
1693473900,1943.97,65
1693473960,1943.79,50
1693474020,1943.79,69
1693474080,1944.19,81
1693474140,1944.04,88
1693474200,1944.15,84
1693474260,1943.93,85
1693474320,1944.03,78
1693474380,1943.98,90
1693474440,1943.88,81
1693474500,1944.21,55
1693474560,1944.19,100
1693474620,1944.15,89
1693474680,1944.08,90
1693474740,1944.07,67
1693474800,1944.52,71
1693474860,1944.77,75
1693474920,1944.82,64
1693474980,1944.86,61
1693475040,1944.82,71
1693475100,1944.74,45
1693475160,1944.83,126
1693475220,1944.94,94
1693475280,1944.77,89
1693475340,1944.69,77
1693475400,1944.60,88
1693475460,1944.61,72
1693475520,1944.59,87
1693475580,1944.53,68
1693475640,1944.49,88
1693475700,1944.43,66
1693475760,1944.46,102
1693475820,1944.74,124
1693475880,1944.81,86
1693475940,1944.81,87
1693476000,1944.83,110
1693476060,1945.10,78
1693476120,1944.95,75
1693476180,1945.04,78
1693476240,1944.89,88
1693476300,1944.61,76
1693476360,1944.71,86
1693476420,1944.85,73
1693476480,1944.92,110
1693476540,1944.68,94
1693476600,1944.56,63
1693476660,1944.72,95
1693476720,1944.90,63
1693476780,1944.83,61
1693476840,1944.49,87
1693476900,1944.39,56
1693476960,1944.31,75
1693477020,1944.20,65
1693477080,1944.35,92
1693477140,1944.37,36
1693477200,1944.14,67
1693477260,1944.06,56
1693477320,1944.22,79
1693477380,1944.46,60
1693477440,1944.54,66
1693477500,1944.54,60
1693477560,1944.78,44
1693477620,1944.93,62
1693477680,1945.18,56
1693477740,1944.92,85
1693477800,1945.14,56
1693477860,1945.09,54
1693477920,1945.21,46
1693477980,1944.96,85
1693478040,1945.08,76
1693478100,1945.18,57
1693478160,1944.96,55
1693478220,1944.98,67
1693478280,1945.06,66
1693478340,1945.10,55
1693478400,1944.84,67
1693478460,1944.88,34
1693478520,1944.77,47
1693478580,1944.68,61
1693478640,1944.73,73
1693478700,1944.58,53
1693478760,1944.42,64
1693478820,1944.54,41
1693478880,1944.56,22
1693478940,1944.64,58
1693479000,1944.65,62
1693479060,1944.63,81
1693479120,1944.74,98
1693479180,1944.68,42
1693479240,1944.58,39
1693479300,1944.61,44
1693479360,1944.57,52
1693479420,1944.42,62
1693479480,1944.33,78
1693479540,1944.31,66
1693479600,1944.21,95
1693479660,1943.86,79
1693479720,1943.94,110
1693479780,1944.16,104
1693479840,1944.29,62
1693479900,1944.18,80
1693479960,1944.21,65
1693480020,1944.44,115
1693480080,1944.48,84
1693480140,1944.59,109
1693480200,1944.48,64
1693480260,1944.52,48
1693480320,1944.42,87
1693480380,1944.34,64
1693480440,1944.38,71
1693480500,1944.42,90
1693480560,1944.56,60
1693480620,1944.72,75
1693480680,1944.74,84
1693480740,1944.85,43
1693480800,1944.66,55
1693480860,1944.82,56
1693480920,1944.70,81
1693480980,1944.94,92
1693481040,1944.79,92
1693481100,1944.74,92
1693481160,1944.67,67
1693481220,1944.74,63
1693481280,1944.73,21
1693481340,1944.30,65
1693481400,1944.60,86
1693481460,1944.66,96
1693481520,1944.39,78
1693481580,1944.52,101
1693481640,1944.43,140
1693481700,1944.14,96
1693481760,1944.10,107
1693481820,1944.27,100
1693481880,1944.47,111
1693481940,1944.58,110
1693482000,1944.51,79
1693482060,1944.49,96
1693482120,1944.49,102
1693482180,1944.69,95
1693482240,1944.84,101
1693482300,1944.90,104
1693482360,1945.02,80
1693482420,1944.98,99
1693482480,1944.99,98
1693482540,1944.89,74
1693482600,1944.88,106
1693482660,1945.03,94
1693482720,1945.09,64
1693482780,1945.22,80
1693482840,1945.24,95
1693482900,1945.61,115
1693482960,1945.87,119
1693483020,1945.64,108
1693483080,1945.61,91
1693483140,1945.70,124
1693483200,1945.84,143
1693483260,1945.84,173
1693483320,1945.58,99
1693483380,1945.68,110
1693483440,1945.39,130
1693483500,1945.36,101
1693483560,1945.38,104
1693483620,1945.22,90
1693483680,1945.15,110
1693483740,1945.00,134
1693483800,1945.57,170
1693483860,1945.89,147
1693483920,1946.54,132
1693483980,1946.71,145
1693484040,1947.12,177
1693484100,1947.07,114
1693484160,1947.00,156
1693484220,1947.05,162
1693484280,1947.04,140
1693484340,1947.41,156
1693484400,1946.84,256
1693484460,1946.79,196
1693484520,1946.67,194
1693484580,1946.87,204
1693484640,1946.65,239
1693484700,1946.18,227
1693484760,1946.30,220
1693484820,1946.46,152
1693484880,1946.61,152
1693484940,1946.43,173
1693485000,1944.97,416
1693485060,1947.44,364
1693485120,1946.62,400
1693485180,1945.94,398
1693485240,1946.09,344
1693485300,1945.44,306
1693485360,1945.15,321
1693485420,1944.19,299
1693485480,1943.79,320
1693485540,1943.74,296
1693485600,1944.40,256
1693485660,1945.41,306
1693485720,1944.76,259
1693485780,1944.28,222
1693485840,1944.23,218
1693485900,1943.79,228
1693485960,1943.54,258
1693486020,1944.13,275
1693486080,1943.80,218
1693486140,1944.33,243
1693486200,1945.31,254
1693486260,1945.17,225
1693486320,1944.99,224
1693486380,1945.23,205
1693486440,1945.52,213
1693486500,1945.45,237
1693486560,1945.57,198
1693486620,1945.56,186
1693486680,1945.21,223
1693486740,1945.77,233
1693486800,1946.08,288
1693486860,1946.02,220
1693486920,1946.06,193
1693486980,1945.33,205
1693487040,1944.87,247
1693487100,1943.85,251
1693487160,1944.56,254
1693487220,1944.83,238
1693487280,1944.40,182
1693487340,1943.66,189
1693487400,1943.20,214
1693487460,1942.81,193
1693487520,1942.45,190
1693487580,1943.17,216
1693487640,1943.32,206
1693487700,1943.87,218
1693487760,1943.59,206
1693487820,1943.61,189
1693487880,1943.56,174
1693487940,1944.21,181
1693488000,1944.56,199
1693488060,1944.43,199
1693488120,1944.35,200
1693488180,1944.25,167
1693488240,1944.55,188
1693488300,1943.94,162
1693488360,1943.61,166
1693488420,1943.81,132
1693488480,1943.99,161
1693488540,1943.57,210
1693488600,1943.63,269
1693488660,1942.99,235
1693488720,1943.57,280
1693488780,1943.84,225
1693488840,1943.49,269
1693488900,1941.67,314
1693488960,1942.49,318
1693489020,1942.76,261
1693489080,1943.08,232
1693489140,1942.87,225
1693489200,1943.10,244
1693489260,1943.88,204
1693489320,1942.43,392
1693489380,1941.89,291
1693489440,1942.37,270
1693489500,1943.93,382
1693489560,1943.87,254
1693489620,1942.33,354
1693489680,1943.49,312
1693489740,1942.44,327
1693489800,1942.85,294
1693489860,1942.83,275
1693489920,1943.00,271
1693489980,1943.47,306
1693490040,1943.61,303
1693490100,1943.61,266
1693490160,1943.21,288
1693490220,1943.81,284
1693490280,1943.81,261
1693490340,1943.70,249
1693490400,1943.21,285
1693490460,1944.27,274
1693490520,1943.99,264
1693490580,1944.29,253
1693490640,1944.66,227
1693490700,1944.31,245
1693490760,1944.21,266
1693490820,1944.76,229
1693490880,1944.94,249
1693490940,1944.70,221
1693491000,1944.35,240
1693491060,1943.76,216
1693491120,1943.26,252
1693491180,1943.16,192
1693491240,1942.89,233
1693491300,1943.08,176
1693491360,1943.11,213
1693491420,1942.80,245
1693491480,1942.99,220
1693491540,1942.53,220
1693491600,1943.13,210
1693491660,1943.99,218
1693491720,1943.89,227
1693491780,1943.48,214
1693491840,1943.63,187
1693491900,1943.21,182
1693491960,1943.26,197
1693492020,1943.40,217
1693492080,1943.63,172
1693492140,1943.81,175
1693492200,1943.43,232
1693492260,1943.35,185
1693492320,1942.82,192
1693492380,1942.45,197
1693492440,1942.37,220
1693492500,1943.31,231
1693492560,1942.99,232
1693492620,1943.05,201
1693492680,1943.18,208
1693492740,1942.94,191
1693492800,1943.07,172
1693492860,1942.58,141
1693492920,1942.09,177
1693492980,1941.87,179
1693493040,1941.71,173
1693493100,1941.95,207
1693493160,1942.29,293
1693493220,1943.19,205
1693493280,1942.77,270
1693493340,1942.37,247
1693493400,1942.52,246
1693493460,1942.68,261
1693493520,1942.20,229
1693493580,1941.75,213
1693493640,1941.37,243
1693493700,1941.61,260
1693493760,1941.99,255
1693493820,1942.24,231
1693493880,1943.03,252
1693493940,1942.97,246
1693494000,1943.23,202
1693494060,1943.65,257
1693494120,1943.22,215
1693494180,1943.05,208
1693494240,1943.03,233
1693494300,1942.81,234
1693494360,1942.46,195
1693494420,1942.22,176
1693494480,1942.75,218
1693494540,1943.06,180
1693494600,1942.95,226
1693494660,1942.69,190
1693494720,1942.83,159
1693494780,1942.17,214
1693494840,1942.50,201
1693494900,1942.49,167
1693494960,1942.31,123
1693495020,1942.00,166
1693495080,1942.72,156
1693495140,1942.52,124
1693495200,1942.42,126
1693495260,1942.23,124
1693495320,1942.15,152
1693495380,1942.15,122
1693495440,1942.93,191
1693495500,1942.76,162
1693495560,1942.88,172
1693495620,1942.69,153
1693495680,1942.68,195
1693495740,1942.21,152
1693495800,1942.05,187
1693495860,1941.37,220
1693495920,1941.15,145
1693495980,1941.14,213
1693496040,1941.04,202
1693496100,1940.76,206
1693496160,1940.49,210
1693496220,1940.21,180
1693496280,1940.25,216
1693496340,1940.47,175
1693496400,1940.25,158
1693496460,1940.25,127
1693496520,1939.99,214
1693496580,1940.10,154
1693496640,1940.10,160
1693496700,1939.93,156
1693496760,1939.24,158
1693496820,1939.51,177
1693496880,1939.30,180
1693496940,1939.81,193
1693497000,1940.28,156
1693497060,1940.08,172
1693497120,1940.38,167
1693497180,1940.59,180
1693497240,1940.83,164
1693497300,1940.37,182
1693497360,1940.36,171
1693497420,1940.21,150
1693497480,1940.33,137
1693497540,1940.66,153
1693497600,1940.57,181
1693497660,1941.19,134
1693497720,1941.18,158
1693497780,1941.40,155
1693497840,1941.37,193
1693497900,1941.24,121
1693497960,1941.29,157
1693498020,1941.52,158
1693498080,1941.66,135
1693498140,1941.97,163
1693498200,1941.99,154
1693498260,1942.05,80
1693498320,1941.80,143
1693498380,1941.92,92
1693498440,1941.76,135
1693498500,1941.80,125
1693498560,1941.80,134
1693498620,1941.74,125
1693498680,1941.37,143
1693498740,1941.37,79
1693498800,1941.33,140
1693498860,1941.42,119
1693498920,1941.51,104
1693498980,1941.60,121
1693499040,1941.91,92
1693499100,1941.88,94
1693499160,1941.90,93
1693499220,1941.90,84
1693499280,1941.90,99
1693499340,1942.09,73
1693499400,1942.18,98
1693499460,1942.08,62
1693499520,1942.17,67
1693499580,1942.18,24
1693499640,1942.27,78
1693499700,1942.31,98
1693499760,1941.80,143
1693499820,1941.80,101
1693499880,1942.10,98
1693499940,1941.81,81
1693500000,1942.05,130
1693500060,1942.17,77
1693500120,1942.06,63
1693500180,1941.83,87
1693500240,1942.16,114
1693500300,1942.10,112
1693500360,1941.82,121
1693500420,1941.39,109
1693500480,1941.61,84
1693500540,1941.53,117
1693500600,1941.68,128
1693500660,1941.42,110
1693500720,1941.65,97
1693500780,1941.78,89
1693500840,1941.80,78
1693500900,1941.84,107
1693500960,1941.95,118
1693501020,1941.70,84
1693501080,1941.62,116
1693501140,1941.71,121
1693501200,1941.45,123
1693501260,1941.25,111
1693501320,1941.34,109
1693501380,1941.43,71
1693501440,1941.65,91
1693501500,1941.26,114
1693501560,1941.05,104
1693501620,1941.20,131
1693501680,1941.21,94
1693501740,1941.29,90
1693501800,1941.27,88
1693501860,1940.74,111
1693501920,1940.69,93
1693501980,1940.58,107
1693502040,1940.89,117
1693502100,1940.72,51
1693502160,1940.73,56
1693502220,1940.51,90
1693502280,1940.64,82
1693502340,1940.49,62
1693502400,1940.43,131
1693502460,1940.44,95
1693502520,1940.45,129
1693502580,1940.46,134
1693502640,1940.37,118
1693502700,1940.35,114
1693502760,1940.41,101
1693502820,1939.91,124
1693502880,1939.63,163
1693502940,1939.58,224
1693503000,1940.07,130
1693503060,1939.96,63
1693503120,1940.07,97
1693503180,1940.33,85
1693503240,1940.35,81
1693503300,1940.60,105
1693503360,1940.58,81
1693503420,1940.57,81
1693503480,1940.51,82
1693503540,1940.38,79
1693503600,1939.60,107
1693503660,1939.78,71
1693503720,1939.85,77
1693503780,1940.15,92
1693503840,1940.18,72
1693503900,1940.18,99
1693503960,1940.31,54
1693504020,1940.33,58
1693504080,1940.39,68
1693504140,1940.38,39
1693504200,1940.49,51
1693504260,1940.48,79
1693504320,1940.57,62
1693504380,1940.46,91
1693504440,1940.35,37
1693504500,1940.35,66
1693504560,1940.31,50
1693504620,1940.46,67
1693504680,1940.45,53
1693504740,1940.48,59
1693504800,1940.51,71
1693504860,1940.36,109
1693504920,1940.55,93
1693504980,1940.84,54
1693505040,1940.85,33
1693505100,1941.01,66
1693505160,1941.13,28
1693505220,1941.27,45
1693505280,1941.32,48
1693505340,1941.25,31
1693505400,1941.22,61
1693505460,1941.24,59
1693505520,1941.45,76
1693505580,1941.48,33
1693505640,1941.42,40
1693505700,1941.52,33
1693505760,1941.63,85
1693505820,1941.53,50
1693505880,1941.53,52
1693505940,1941.71,43
1693506000,1941.75,42
1693506060,1941.91,61
1693506120,1941.93,57
1693506180,1941.99,37
1693506240,1941.90,73
1693506300,1942.07,70
1693506360,1941.96,72
1693506420,1941.81,66
1693506480,1941.85,88
1693506540,1941.78,74
1693506600,1941.88,86
1693506660,1941.68,75
1693506720,1941.62,86
1693506780,1941.74,95
1693506840,1941.78,58
1693506900,1941.40,55
1693506960,1941.25,83
1693507020,1941.25,79
1693507080,1941.37,64
1693507140,1941.51,82
1693507200,1941.37,74
1693507260,1941.41,65
1693507320,1941.46,42
1693507380,1941.46,49
1693507440,1941.36,77
1693507500,1941.37,67
1693507560,1941.41,35
1693507620,1941.54,55
1693507680,1941.38,58
1693507740,1941.26,51
1693507800,1941.41,51
1693507860,1941.37,54
1693507920,1941.48,54
1693507980,1941.49,37
1693508040,1941.49,37
1693508100,1941.48,33
1693508160,1941.16,86
1693508220,1941.28,71
1693508280,1941.29,73
1693508340,1941.37,125
1693508400,1941.07,85
1693508460,1941.37,78
1693508520,1941.24,82
1693508580,1941.23,85
1693508640,1941.35,51
1693508700,1941.46,44
1693508760,1941.44,73
1693508820,1941.49,94
1693508880,1941.41,65
1693508940,1941.51,66
1693509000,1941.57,68
1693509060,1941.61,47
1693509120,1941.46,43
1693509180,1941.38,45
1693509240,1941.40,30
1693509300,1941.38,58
1693509360,1941.33,64
1693509420,1941.27,53
1693509480,1941.27,30
1693509540,1941.04,47
1693509600,1941.12,78
1693509660,1941.03,81
1693509720,1941.06,71
1693509780,1940.94,85
1693509840,1941.09,52
1693509900,1941.11,57
1693509960,1941.00,62
1693510020,1941.07,70
1693510080,1940.99,72
1693510140,1940.94,112
1693510200,1940.92,80
1693510260,1940.94,50
1693510320,1940.79,76
1693510380,1940.84,51
1693510440,1940.95,65
1693510500,1941.09,48
1693510560,1941.22,55
1693510620,1941.31,54
1693510680,1941.36,66
1693510740,1941.28,60
1693510800,1941.21,58
1693510860,1941.22,83
1693510920,1941.11,99
1693510980,1941.04,84
1693511040,1941.15,59
1693511100,1940.97,82
1693511160,1940.94,51
1693511220,1940.87,65
1693511280,1940.83,37
1693511340,1940.58,58
1693511400,1940.45,91
1693511460,1940.29,98
1693511520,1940.30,87
1693511580,1940.53,85
1693511640,1940.53,91
1693511700,1940.43,107
1693511760,1940.47,58
1693511820,1940.12,125
1693511880,1940.10,160
1693511940,1940.06,196
1693512000,1940.05,139
1693512060,1940.35,96
1693512120,1940.50,28
1693512180,1940.48,40
1693512240,1940.57,57
1693512300,1940.07,35
1693512360,1940.32,52
1693512420,1940.28,29
1693512480,1940.34,25
1693512540,1940.27,31
1693512600,1940.03,27
1693512660,1939.98,29
1693512720,1940.06,49
1693512780,1940.07,28
1693512840,1940.17,32
1693512900,1939.97,28
1693512960,1940.01,12
1693513020,1940.00,27
1693513080,1939.97,41
1693513140,1939.86,51
1693513200,1939.96,32
1693513260,1940.03,25
1693513320,1940.02,26
1693513380,1940.04,22
1693513440,1940.04,29
1693513500,1940.03,12
1693513560,1939.69,49
1693513620,1939.79,46
1693513680,1939.83,35
1693513740,1939.75,37
1693513800,1939.85,13
1693513860,1939.71,37
1693513920,1939.49,37
1693513980,1939.54,27
1693514040,1939.55,23
1693514100,1939.56,56
1693514160,1939.60,45
1693514220,1939.60,40
1693514280,1939.52,24
1693514340,1939.69,28
1693514400,1939.69,31
1693514460,1939.69,28
1693514520,1939.74,38
1693514580,1939.76,29
1693514640,1939.77,45
1693514700,1939.73,58
1693514760,1939.65,50
1693514820,1939.63,42
1693514880,1939.71,42
1693514940,1939.85,14
1693515000,1939.86,25
1693515060,1939.93,16
1693515120,1939.89,20
1693515180,1939.91,30
1693515240,1939.98,44
1693515300,1939.82,43
1693515360,1939.75,19
1693519320,1940.10,18
1693519380,1940.13,29
1693519440,1940.10,21
1693519500,1940.00,16
1693519560,1939.98,45
1693519620,1940.00,8
1693519680,1940.01,12
1693519740,1940.11,39
1693519800,1940.15,40
1693519860,1940.14,27
1693519920,1940.17,34
1693519980,1940.18,45
1693520040,1940.07,14
1693520100,1940.19,36
1693520160,1940.14,18
1693520220,1940.09,29
1693520280,1940.12,16
1693520340,1940.12,16
1693520400,1940.12,41
1693520460,1940.08,14
1693520520,1940.05,15
1693520580,1940.15,14
1693520640,1940.13,12
1693520700,1940.13,24
1693520760,1940.17,2
1693520820,1940.14,12
1693520880,1940.14,18
1693520940,1940.10,33
1693521000,1940.12,16
1693521060,1940.02,41
1693521120,1939.93,16
1693521180,1939.99,6
1693521240,1939.97,21
1693521300,1939.84,49
1693521360,1939.94,24
1693521420,1939.85,21
1693521480,1939.87,35
1693521540,1939.75,17
1693521600,1939.84,9
1693521660,1939.82,14
1693521720,1940.04,11
1693521780,1939.96,27
1693521840,1940.00,43
1693521900,1940.02,13
1693521960,1940.02,11
1693522020,1940.08,22
1693522080,1939.99,27
1693522140,1939.86,9
1693522200,1939.87,26
1693522260,1939.91,11
1693522320,1939.92,7
1693522380,1939.93,2
1693522440,1939.85,5
1693522500,1939.99,24
1693522560,1939.98,9
1693522620,1939.99,23
1693522680,1940.08,13
1693522740,1940.07,20
1693522800,1939.51,92
1693522860,1939.31,118
1693522920,1939.16,100
1693522980,1939.70,40
1693523040,1939.68,30
1693523100,1939.68,22
1693523160,1939.51,37
1693523220,1939.54,47
1693523280,1939.55,16
1693523340,1939.77,43
1693523400,1939.68,26
1693523460,1939.84,14
1693523520,1939.86,9
1693523580,1939.73,10
1693523640,1939.84,27
1693523700,1939.78,28
1693523760,1939.79,10
1693523820,1939.83,19
1693523880,1939.77,8
1693523940,1939.81,8
1693524000,1939.78,13
1693524060,1939.76,9
1693524120,1939.73,23
1693524180,1939.74,19
1693524240,1939.74,5
1693524300,1939.71,17
1693524360,1939.78,26
1693524420,1939.79,9
1693524480,1939.83,13
1693524540,1939.85,3
1693524600,1939.86,5
1693524660,1939.69,40
1693524720,1939.70,21
1693524780,1939.74,10
1693524900,1939.79,14
1693524960,1939.65,21
1693525020,1939.78,31
1693525080,1939.86,19
1693525140,1939.80,40
1693525200,1939.95,22
1693525260,1939.98,22
1693525320,1939.93,38
1693525380,1939.94,36
1693525440,1939.94,31
1693525500,1939.96,24
1693525560,1940.01,9
1693525620,1939.91,12
1693525680,1939.79,24
1693525740,1939.72,21
1693525800,1939.78,6
1693525860,1939.88,41
1693525920,1939.89,8
1693525980,1940.01,20
1693526040,1940.07,9
1693526100,1940.07,49
1693526160,1940.03,32
1693526220,1940.08,14
1693526280,1940.09,22
1693526340,1939.92,20
